Unnamed: 0,name,label,onset,offset,recording_duration,whistle_type,whistle_name,path
8216,Exp_24_Nov_2019_1245pm,NSW_9,2830.25443551478,2832.00846299648,3000.0,77,Whistle15056,/lustre/fsn1/projects/rech/vzf/uqe97pu/raw_data/all_categories/NSW_9Exp_24_Nov_2019_1245pm2830.25443551478_2832.00846299648.wav
7934,Exp_08_Dec_2019_1045am,NSW_9,2395.50725911291,2396.74726287049,3300.0,72,Whistle14466,/lustre/fsn1/projects/rech/vzf/uqe97pu/raw_data/all_categories/NSW_9Exp_08_Dec_2019_1045am2395.50725911291_2396.74726287049.wav
7915,Exp_22_Nov_2019_1245pm,NSW_9,2738.77260770169,2739.29760916003,3600.0,71,Whistle15438,/lustre/fsn1/projects/rech/vzf/uqe97pu/raw_data/all_categories/NSW_9Exp_22_Nov_2019_1245pm2738.77260770169_2739.29760916003.wav
7687,Exp_09_Jan_2020_1145am,NSW_9,64.4287645192398,65.1833799038552,3300.0,71,Whistle14273,/lustre/fsn1/projects/rech/vzf/uqe97pu/raw_data/all_categories/NSW_9Exp_09_Jan_2020_1145am64.4287645192398_65.1833799038552.wav
7974,Exp_02_Mar_2020_1545pm,NSW_9,297.26099086997,298.550995169984,3000.0,74,Whistle14173,/lustre/fsn1/projects/rech/vzf/uqe97pu/raw_data/all_categories/NSW_9Exp_02_Mar_2020_1545pm297.26099086997_298.550995169984.wav
7702,Exp_04_Jan_2020_1345pm,NSW_9,791.146318088122,791.488906332735,3300.0,71,Whistle14314,/lustre/fsn1/projects/rech/vzf/uqe97pu/raw_data/all_categories/NSW_9Exp_04_Jan_2020_1345pm791.146318088122_791.488906332735.wav
8269,Exp_11_Jan_2020_1145am,NSW_9,388.561177458113,389.796181200549,3300.0,82,Whistle14507,/lustre/fsn1/projects/rech/vzf/uqe97pu/raw_data/all_categories/NSW_9Exp_11_Jan_2020_1145am388.561177458113_389.796181200549.wav
8004,Exp_02_Mar_2020_1145am,NSW_9,142.923853291632,143.61330134358,3000.0,74,Whistle14288,/lustre/fsn1/projects/rech/vzf/uqe97pu/raw_data/all_categories/NSW_9Exp_02_Mar_2020_1145am142.923853291632_143.61330134358.wav
7696,Exp_02_Mar_2020_1545pm,NSW_9,385.534609081279,386.122904855927,3000.0,71,Whistle14299,/lustre/fsn1/projects/rech/vzf/uqe97pu/raw_data/all_categories/NSW_9Exp_02_Mar_2020_1545pm385.534609081279_386.122904855927.wav
7845,Exp_11_Mar_2020_0945am,NSW_9,595.21072116153,596.116622800874,3000.0,71,Whistle14931,/lustre/fsn1/projects/rech/vzf/uqe97pu/raw_data/all_categories/NSW_9Exp_11_Mar_2020_0945am595.21072116153_596.116622800874.wav
8226,Exp_02_Jan_2020_1345pm,NSW_9,2573.74280103879,2574.7927531919,3300.0,78,Whistle14447,/lustre/fsn1/projects/rech/vzf/uqe97pu/raw_data/all_categories/NSW_9Exp_02_Jan_2020_1345pm2573.74280103879_2574.7927531919.wav
7759,Exp_09_Jan_2020_1145am,NSW_9,406.331231306762,407.571235064349,3300.0,71,Whistle14437,/lustre/fsn1/projects/rech/vzf/uqe97pu/raw_data/all_categories/NSW_9Exp_09_Jan_2020_1145am406.331231306762_407.571235064349.wav
7872,Exp_15_Feb_2020_0945am,NSW_9,104.971828435558,106.026359012067,3300.0,71,Whistle15088,/lustre/fsn1/projects/rech/vzf/uqe97pu/raw_data/all_categories/NSW_9Exp_15_Feb_2020_0945am104.971828435558_106.026359012067.wav
7760,Exp_09_Dec_2019_1145am,NSW_9,741.252248037115,742.354070467022,3300.0,71,Whistle14462,/lustre/fsn1/projects/rech/vzf/uqe97pu/raw_data/all_categories/NSW_9Exp_09_Dec_2019_1145am741.252248037115_742.354070467022.wav
7935,Exp_05_Feb_2020_0945am,NSW_9,613.066859596544,614.886832048335,3300.0,72,Whistle14493,/lustre/fsn1/projects/rech/vzf/uqe97pu/raw_data/all_categories/NSW_9Exp_05_Feb_2020_0945am613.066859596544_614.886832048335.wav
7923,Exp_08_Dec_2019_1045am,NSW_9,2401.54727741599,2402.57228052206,3300.0,72,Whistle14242,/lustre/fsn1/projects/rech/vzf/uqe97pu/raw_data/all_categories/NSW_9Exp_08_Dec_2019_1045am2401.54727741599_2402.57228052206.wav
8127,Exp_17_Dec_2019_1245pm,NSW_9,2866.90868760208,2868.18369146573,3300.0,75,Whistle14524,/lustre/fsn1/projects/rech/vzf/uqe97pu/raw_data/all_categories/NSW_9Exp_17_Dec_2019_1245pm2866.90868760208_2868.18369146573.wav
7953,Exp_16_Jan_2020_1245pm,NSW_9,1936.77409770322,1937.60065591171,3300.0,72,Whistle15454,/lustre/fsn1/projects/rech/vzf/uqe97pu/raw_data/all_categories/NSW_9Exp_16_Jan_2020_1245pm1936.77409770322_1937.60065591171.wav
7873,Exp_16_Jan_2020_1145am,NSW_9,237.896064493897,238.669947627818,3300.0,71,Whistle15090,/lustre/fsn1/projects/rech/vzf/uqe97pu/raw_data/all_categories/NSW_9Exp_16_Jan_2020_1145am237.896064493897_238.669947627818.wav
7679,Exp_08_Jan_2020_1345pm,NSW_9,470.606426080079,471.491428761905,3300.0,71,Whistle14258,/lustre/fsn1/projects/rech/vzf/uqe97pu/raw_data/all_categories/NSW_9Exp_08_Jan_2020_1345pm470.606426080079_471.491428761905.wav
7871,Exp_11_Jan_2020_0945am,NSW_9,510.996548474389,512.511553065312,3300.0,71,Whistle15067,/lustre/fsn1/projects/rech/vzf/uqe97pu/raw_data/all_categories/NSW_9Exp_11_Jan_2020_0945am510.996548474389_512.511553065312.wav
7733,Exp_08_Jan_2020_1245pm,NSW_9,3156.97275129522,3157.67188819999,3300.0,71,Whistle14384,/lustre/fsn1/projects/rech/vzf/uqe97pu/raw_data/all_categories/NSW_9Exp_08_Jan_2020_1245pm3156.97275129522_3157.67188819999.wav
7859,Exp_16_Nov_2019_0545am,NSW_9,3359.1793310537,3359.7193325537,3600.0,71,Whistle14996,/lustre/fsn1/projects/rech/vzf/uqe97pu/raw_data/all_categories/NSW_9Exp_16_Nov_2019_0545am3359.1793310537_3359.7193325537.wav
8120,Exp_02_Mar_2020_1145am,NSW_9,342.675603827854,343.143633143815,3000.0,75,Whistle14283,/lustre/fsn1/projects/rech/vzf/uqe97pu/raw_data/all_categories/NSW_9Exp_02_Mar_2020_1145am342.675603827854_343.143633143815.wav
8055,Exp_11_Mar_2020_1145am,NSW_9,29.7308084836672,30.5122668170005,3000.0,74,Whistle14543,/lustre/fsn1/projects/rech/vzf/uqe97pu/raw_data/all_categories/NSW_9Exp_11_Mar_2020_1145am29.7308084836672_30.5122668170005.wav
8246,Exp_23_Nov_2019_1345pm,NSW_9,73.4961488775197,74.6286739611317,3000.0,79,Whistle14648,/lustre/fsn1/projects/rech/vzf/uqe97pu/raw_data/all_categories/NSW_9Exp_23_Nov_2019_1345pm73.4961488775197_74.6286739611317.wav
7725,Exp_07_Mar_2020_0945am,NSW_9,397.469383505658,397.978557059377,3000.0,71,Whistle14362,/lustre/fsn1/projects/rech/vzf/uqe97pu/raw_data/all_categories/NSW_9Exp_07_Mar_2020_0945am397.469383505658_397.978557059377.wav
7895,Exp_11_Dec_2019_1145am,NSW_9,173.905526986445,174.445528622814,3300.0,71,Whistle15312,/lustre/fsn1/projects/rech/vzf/uqe97pu/raw_data/all_categories/NSW_9Exp_11_Dec_2019_1145am173.905526986445_174.445528622814.wav
8198,Exp_19_Nov_2019_1345pm,NSW_9,247.678441866275,248.469284377118,3600.0,76,Whistle15124,/lustre/fsn1/projects/rech/vzf/uqe97pu/raw_data/all_categories/NSW_9Exp_19_Nov_2019_1345pm247.678441866275_248.469284377118.wav
8165,Exp_08_Feb_2020_1345pm,NSW_9,317.103920595678,317.884192704521,3300.0,76,Whistle14380,/lustre/fsn1/projects/rech/vzf/uqe97pu/raw_data/all_categories/NSW_9Exp_08_Feb_2020_1345pm317.103920595678_317.884192704521.wav
7978,Exp_03_Jan_2020_1045am,NSW_9,3177.12962766554,3177.89462998373,3300.0,74,Whistle14187,/lustre/fsn1/projects/rech/vzf/uqe97pu/raw_data/all_categories/NSW_9Exp_03_Jan_2020_1045am3177.12962766554_3177.89462998373.wav
7714,Exp_06_Jan_2020_0945am,NSW_9,813.766128161122,814.385459147038,3300.0,71,Whistle14345,/lustre/fsn1/projects/rech/vzf/uqe97pu/raw_data/all_categories/NSW_9Exp_06_Jan_2020_0945am813.766128161122_814.385459147038.wav
8135,Exp_23_Nov_2019_1345pm,NSW_9,74.1522718108785,74.8983875133578,3000.0,75,Whistle15055,/lustre/fsn1/projects/rech/vzf/uqe97pu/raw_data/all_categories/NSW_9Exp_23_Nov_2019_1345pm74.1522718108785_74.8983875133578.wav
7806,Exp_14_Dec_2019_0945am,NSW_9,460.818382101439,461.54446437992,3300.0,71,Whistle14734,/lustre/fsn1/projects/rech/vzf/uqe97pu/raw_data/all_categories/NSW_9Exp_14_Dec_2019_0945am460.818382101439_461.54446437992.wav
7742,Exp_02_Feb_2020_1245pm,NSW_9,3217.23285736894,3217.95756815326,3300.0,71,Whistle14402,/lustre/fsn1/projects/rech/vzf/uqe97pu/raw_data/all_categories/NSW_9Exp_02_Feb_2020_1245pm3217.23285736894_3217.95756815326.wav
7693,Exp_02_Mar_2020_1145am,NSW_9,340.016133387111,340.641135470452,3000.0,71,Whistle14286,/lustre/fsn1/projects/rech/vzf/uqe97pu/raw_data/all_categories/NSW_9Exp_02_Mar_2020_1145am340.016133387111_340.641135470452.wav
7634,Exp_03_Jan_2020_1045am,NSW_9,3079.3425578747,3080.03133591074,3300.0,71,Whistle14183,/lustre/fsn1/projects/rech/vzf/uqe97pu/raw_data/all_categories/NSW_9Exp_03_Jan_2020_1045am3079.3425578747_3080.03133591074.wav
7756,Exp_08_Feb_2020_1345pm,NSW_9,302.181473394615,303.525207973863,3300.0,71,Whistle14431,/lustre/fsn1/projects/rech/vzf/uqe97pu/raw_data/all_categories/NSW_9Exp_08_Feb_2020_1345pm302.181473394615_303.525207973863.wav
7732,Exp_08_Feb_2020_1345pm,NSW_9,190.658773397068,191.151473121586,3300.0,71,Whistle14383,/lustre/fsn1/projects/rech/vzf/uqe97pu/raw_data/all_categories/NSW_9Exp_08_Feb_2020_1345pm190.658773397068_191.151473121586.wav
8101,Exp_15_Jan_2020_0945am,NSW_9,124.122610026601,125.094242329007,3300.0,74,Whistle15390,/lustre/fsn1/projects/rech/vzf/uqe97pu/raw_data/all_categories/NSW_9Exp_15_Jan_2020_0945am124.122610026601_125.094242329007.wav
7655,Exp_06_Feb_2020_1145am,NSW_9,209.61113293532,210.205607288224,3300.0,71,Whistle14218,/lustre/fsn1/projects/rech/vzf/uqe97pu/raw_data/all_categories/NSW_9Exp_06_Feb_2020_1145am209.61113293532_210.205607288224.wav
8014,Exp_05_Feb_2020_1345pm,NSW_9,415.304868899997,416.19122269061,3300.0,74,Whistle14327,/lustre/fsn1/projects/rech/vzf/uqe97pu/raw_data/all_categories/NSW_9Exp_05_Feb_2020_1345pm415.304868899997_416.19122269061.wav
7700,Exp_04_Jan_2020_1345pm,NSW_9,566.330808490199,566.597557665116,3300.0,71,Whistle14311,/lustre/fsn1/projects/rech/vzf/uqe97pu/raw_data/all_categories/NSW_9Exp_04_Jan_2020_1345pm566.330808490199_566.597557665116.wav
8012,Exp_01_Feb_2020_1345pm,NSW_9,239.588810107263,240.091804119239,3300.0,74,Whistle14321,/lustre/fsn1/projects/rech/vzf/uqe97pu/raw_data/all_categories/NSW_9Exp_01_Feb_2020_1345pm239.588810107263_240.091804119239.wav
7782,Exp_16_Jan_2020_1145am,NSW_9,236.701993849623,237.275683170012,3300.0,71,Whistle14626,/lustre/fsn1/projects/rech/vzf/uqe97pu/raw_data/all_categories/NSW_9Exp_16_Jan_2020_1145am236.701993849623_237.275683170012.wav
8048,Exp_05_Feb_2020_0945am,NSW_9,424.286287534205,425.630099415393,3300.0,74,Whistle14459,/lustre/fsn1/projects/rech/vzf/uqe97pu/raw_data/all_categories/NSW_9Exp_05_Feb_2020_0945am424.286287534205_425.630099415393.wav
7899,Exp_17_Dec_2019_1245pm,NSW_9,2853.9132391121,2854.89097584902,3300.0,71,Whistle15323,/lustre/fsn1/projects/rech/vzf/uqe97pu/raw_data/all_categories/NSW_9Exp_17_Dec_2019_1245pm2853.9132391121_2854.89097584902.wav
8251,Exp_11_Mar_2020_1145am,NSW_9,42.9721453171441,44.5751286244358,3000.0,79,Whistle15073,/lustre/fsn1/projects/rech/vzf/uqe97pu/raw_data/all_categories/NSW_9Exp_11_Mar_2020_1145am42.9721453171441_44.5751286244358.wav
7823,Exp_17_Feb_2020_1345pm,NSW_9,70.0978545653543,70.908239180739,3300.0,71,Whistle14832,/lustre/fsn1/projects/rech/vzf/uqe97pu/raw_data/all_categories/NSW_9Exp_17_Feb_2020_1345pm70.0978545653543_70.908239180739.wav
7979,Exp_03_Jan_2020_1045am,NSW_9,3178.19963272616,3179.33458847837,3300.0,74,Whistle14188,/lustre/fsn1/projects/rech/vzf/uqe97pu/raw_data/all_categories/NSW_9Exp_03_Jan_2020_1045am3178.19963272616_3179.33458847837.wav
8182,Exp_08_Feb_2020_1345pm,NSW_9,316.42095885139,317.660962608978,3300.0,76,Whistle14488,/lustre/fsn1/projects/rech/vzf/uqe97pu/raw_data/all_categories/NSW_9Exp_08_Feb_2020_1345pm316.42095885139_317.660962608978.wav
7844,Exp_11_Mar_2020_1145am,NSW_9,40.5710078100872,41.5700903788945,3000.0,71,Whistle14946,/lustre/fsn1/projects/rech/vzf/uqe97pu/raw_data/all_categories/NSW_9Exp_11_Mar_2020_1145am40.5710078100872_41.5700903788945.wav
7678,Exp_08_Jan_2020_1245pm,NSW_9,3170.07314426808,3170.86776415112,3300.0,71,Whistle14256,/lustre/fsn1/projects/rech/vzf/uqe97pu/raw_data/all_categories/NSW_9Exp_08_Jan_2020_1245pm3170.07314426808_3170.86776415112.wav
8265,Exp_15_Feb_2020_1345pm,NSW_9,353.266071109306,354.226018753285,3300.0,81,Whistle14757,/lustre/fsn1/projects/rech/vzf/uqe97pu/raw_data/all_categories/NSW_9Exp_15_Feb_2020_1345pm353.266071109306_354.226018753285.wav
7881,Exp_21_Nov_2019_0945am,NSW_9,130.702456415441,132.18034666343,3600.0,71,Whistle15132,/lustre/fsn1/projects/rech/vzf/uqe97pu/raw_data/all_categories/NSW_9Exp_21_Nov_2019_0945am130.702456415441_132.18034666343.wav
8164,Exp_08_Feb_2020_1345pm,NSW_9,336.271019003088,337.031021306125,3300.0,76,Whistle14377,/lustre/fsn1/projects/rech/vzf/uqe97pu/raw_data/all_categories/NSW_9Exp_08_Feb_2020_1345pm336.271019003088_337.031021306125.wav
8077,Exp_11_Mar_2020_0945am,NSW_9,596.373286868909,597.465900903997,3000.0,74,Whistle14932,/lustre/fsn1/projects/rech/vzf/uqe97pu/raw_data/all_categories/NSW_9Exp_11_Mar_2020_0945am596.373286868909_597.465900903997.wav
8277,Exp_11_Mar_2020_1145am,NSW_9,55.7901859672866,56.2301874339581,3000.0,83,Whistle14693,/lustre/fsn1/projects/rech/vzf/uqe97pu/raw_data/all_categories/NSW_9Exp_11_Mar_2020_1145am55.7901859672866_56.2301874339581.wav
7626,Exp_02_Mar_2020_1145am,NSW_9,248.73582911943,249.565831886106,3000.0,71,Whistle14169,/lustre/fsn1/projects/rech/vzf/uqe97pu/raw_data/all_categories/NSW_9Exp_02_Mar_2020_1145am248.73582911943_249.565831886106.wav
8149,Exp_02_Mar_2020_1145am,NSW_9,341.35018673679,341.758466089016,3000.0,76,Whistle14287,/lustre/fsn1/projects/rech/vzf/uqe97pu/raw_data/all_categories/NSW_9Exp_02_Mar_2020_1145am341.35018673679_341.758466089016.wav
7998,Exp_09_Dec_2019_1245pm,NSW_9,2710.96321504005,2711.65821714611,3300.0,74,Whistle14266,/lustre/fsn1/projects/rech/vzf/uqe97pu/raw_data/all_categories/NSW_9Exp_09_Dec_2019_1245pm2710.96321504005_2711.65821714611.wav
7926,Exp_05_Jan_2020_1345pm,NSW_9,526.066595959382,527.171550504836,3300.0,72,Whistle14414,/lustre/fsn1/projects/rech/vzf/uqe97pu/raw_data/all_categories/NSW_9Exp_05_Jan_2020_1345pm526.066595959382_527.171550504836.wav
7832,Exp_21_Nov_2019_0945am,NSW_9,185.760566849902,186.583676302639,3600.0,71,Whistle14875,/lustre/fsn1/projects/rech/vzf/uqe97pu/raw_data/all_categories/NSW_9Exp_21_Nov_2019_0945am185.760566849902_186.583676302639.wav
7705,Exp_01_Feb_2020_1345pm,NSW_9,149.380475635453,149.925407142302,3300.0,71,Whistle14320,/lustre/fsn1/projects/rech/vzf/uqe97pu/raw_data/all_categories/NSW_9Exp_01_Feb_2020_1345pm149.380475635453_149.925407142302.wav
8239,Exp_21_Nov_2019_0945am,NSW_9,189.980527723688,191.255531265365,3600.0,78,Whistle15306,/lustre/fsn1/projects/rech/vzf/uqe97pu/raw_data/all_categories/NSW_9Exp_21_Nov_2019_0945am189.980527723688_191.255531265365.wav
7945,Exp_17_Jan_2020_1345pm,NSW_9,338.156025927351,339.290981679564,3300.0,72,Whistle14840,/lustre/fsn1/projects/rech/vzf/uqe97pu/raw_data/all_categories/NSW_9Exp_17_Jan_2020_1345pm338.156025927351_339.290981679564.wav
7684,Exp_09_Dec_2019_1245pm,NSW_9,2740.78330540396,2741.74330831306,3300.0,71,Whistle14267,/lustre/fsn1/projects/rech/vzf/uqe97pu/raw_data/all_categories/NSW_9Exp_09_Dec_2019_1245pm2740.78330540396_2741.74330831306.wav
7755,Exp_08_Feb_2020_1345pm,NSW_9,124.240376485989,125.55538047085,3300.0,71,Whistle14429,/lustre/fsn1/projects/rech/vzf/uqe97pu/raw_data/all_categories/NSW_9Exp_08_Feb_2020_1345pm124.240376485989_125.55538047085.wav
7654,Exp_06_Feb_2020_1145am,NSW_9,152.755462895342,153.635465562017,3300.0,71,Whistle14217,/lustre/fsn1/projects/rech/vzf/uqe97pu/raw_data/all_categories/NSW_9Exp_06_Feb_2020_1145am152.755462895342_153.635465562017.wav
8280,Exp_28_Nov_2019_1245pm,NSW_9,2202.92734309114,2203.62734542448,3000.0,83,Whistle15279,/lustre/fsn1/projects/rech/vzf/uqe97pu/raw_data/all_categories/NSW_9Exp_28_Nov_2019_1245pm2202.92734309114_2203.62734542448.wav
8076,Exp_11_Dec_2019_1145am,NSW_9,175.09333385767,175.800341149336,3300.0,74,Whistle14924,/lustre/fsn1/projects/rech/vzf/uqe97pu/raw_data/all_categories/NSW_9Exp_11_Dec_2019_1145am175.09333385767_175.800341149336.wav
7668,Exp_08_Dec_2019_1045am,NSW_9,1698.59789940008,1699.20659970589,3300.0,71,Whistle14240,/lustre/fsn1/projects/rech/vzf/uqe97pu/raw_data/all_categories/NSW_9Exp_08_Dec_2019_1045am1698.59789940008_1699.20659970589.wav
7816,Exp_16_Nov_2019_1345pm,NSW_9,239.373444952405,240.129236458197,3600.0,71,Whistle14796,/lustre/fsn1/projects/rech/vzf/uqe97pu/raw_data/all_categories/NSW_9Exp_16_Nov_2019_1345pm239.373444952405_240.129236458197.wav
7951,Exp_24_Nov_2019_1245pm,NSW_9,2824.47119782499,2825.97439813892,3000.0,72,Whistle15153,/lustre/fsn1/projects/rech/vzf/uqe97pu/raw_data/all_categories/NSW_9Exp_24_Nov_2019_1245pm2824.47119782499_2825.97439813892.wav
8150,Exp_02_Mar_2020_1145am,NSW_9,144.142095542323,145.093076554981,3000.0,76,Whistle14289,/lustre/fsn1/projects/rech/vzf/uqe97pu/raw_data/all_categories/NSW_9Exp_02_Mar_2020_1145am144.142095542323_145.093076554981.wav
8069,Exp_20_Nov_2019_0845am,NSW_9,3402.24179222665,3403.08341921078,3600.0,74,Whistle14853,/lustre/fsn1/projects/rech/vzf/uqe97pu/raw_data/all_categories/NSW_9Exp_20_Nov_2019_0845am3402.24179222665_3403.08341921078.wav
7986,Exp_05_Jan_2020_1345pm,NSW_9,521.561580489638,522.066582019945,3300.0,74,Whistle14211,/lustre/fsn1/projects/rech/vzf/uqe97pu/raw_data/all_categories/NSW_9Exp_05_Jan_2020_1345pm521.561580489638_522.066582019945.wav
7769,Exp_20_Nov_2019_1145am,NSW_9,468.268753778247,469.185621702775,3600.0,71,Whistle14604,/lustre/fsn1/projects/rech/vzf/uqe97pu/raw_data/all_categories/NSW_9Exp_20_Nov_2019_1145am468.268753778247_469.185621702775.wav
8194,Exp_12_Feb_2020_1145am,NSW_9,125.452880440547,126.198946014317,3300.0,76,Whistle14958,/lustre/fsn1/projects/rech/vzf/uqe97pu/raw_data/all_categories/NSW_9Exp_12_Feb_2020_1145am125.452880440547_126.198946014317.wav
7757,Exp_08_Jan_2020_1245pm,NSW_9,3168.09070455986,3169.14649570999,3300.0,71,Whistle14433,/lustre/fsn1/projects/rech/vzf/uqe97pu/raw_data/all_categories/NSW_9Exp_08_Jan_2020_1245pm3168.09070455986_3169.14649570999.wav
7689,Exp_09_Jan_2020_1145am,NSW_9,407.070324624951,407.851195837072,3300.0,71,Whistle14275,/lustre/fsn1/projects/rech/vzf/uqe97pu/raw_data/all_categories/NSW_9Exp_09_Jan_2020_1145am407.070324624951_407.851195837072.wav
7981,Exp_01_Feb_2020_1345pm,NSW_9,145.089189834666,145.904814834666,3300.0,74,Whistle14199,/lustre/fsn1/projects/rech/vzf/uqe97pu/raw_data/all_categories/NSW_9Exp_01_Feb_2020_1345pm145.089189834666_145.904814834666.wav
7673,Exp_08_Feb_2020_1345pm,NSW_9,331.256003806072,332.281006912142,3300.0,71,Whistle14249,/lustre/fsn1/projects/rech/vzf/uqe97pu/raw_data/all_categories/NSW_9Exp_08_Feb_2020_1345pm331.256003806072_332.281006912142.wav
7977,Exp_03_Feb_2020_1345pm,NSW_9,869.492634826166,870.042636492838,3300.0,74,Whistle14181,/lustre/fsn1/projects/rech/vzf/uqe97pu/raw_data/all_categories/NSW_9Exp_03_Feb_2020_1345pm869.492634826166_870.042636492838.wav
8163,Exp_08_Dec_2019_1045am,NSW_9,2735.37688414281,2736.13656393512,3300.0,76,Whistle14376,/lustre/fsn1/projects/rech/vzf/uqe97pu/raw_data/all_categories/NSW_9Exp_08_Dec_2019_1045am2735.37688414281_2736.13656393512.wav
7663,Exp_07_Dec_2019_1145am,NSW_9,308.450934699802,309.175936896778,3300.0,71,Whistle14233,/lustre/fsn1/projects/rech/vzf/uqe97pu/raw_data/all_categories/NSW_9Exp_07_Dec_2019_1145am308.450934699802_309.175936896778.wav
8206,Exp_15_Feb_2020_1345pm,NSW_9,1763.33867695559,1764.02029460265,3300.0,76,Whistle15389,/lustre/fsn1/projects/rech/vzf/uqe97pu/raw_data/all_categories/NSW_9Exp_15_Feb_2020_1345pm1763.33867695559_1764.02029460265.wav
7839,Exp_23_Nov_2019_1145am,NSW_9,336.884107483201,337.453487328162,3000.0,71,Whistle14905,/lustre/fsn1/projects/rech/vzf/uqe97pu/raw_data/all_categories/NSW_9Exp_23_Nov_2019_1145am336.884107483201_337.453487328162.wav
7630,Exp_02_Mar_2020_1545pm,NSW_9,145.200484001613,146.225487418291,3000.0,71,Whistle14176,/lustre/fsn1/projects/rech/vzf/uqe97pu/raw_data/all_categories/NSW_9Exp_02_Mar_2020_1545pm145.200484001613_146.225487418291.wav
8256,Exp_11_Mar_2020_1145am,NSW_9,140.702409829965,141.495428378009,3000.0,80,Whistle14685,/lustre/fsn1/projects/rech/vzf/uqe97pu/raw_data/all_categories/NSW_9Exp_11_Mar_2020_1145am140.702409829965_141.495428378009.wav
8201,Exp_14_Dec_2019_0945am,NSW_9,456.621265993498,457.056324817027,3300.0,76,Whistle15171,/lustre/fsn1/projects/rech/vzf/uqe97pu/raw_data/all_categories/NSW_9Exp_14_Dec_2019_0945am456.621265993498_457.056324817027.wav
7798,Exp_12_Feb_2020_1145am,NSW_9,205.002863017558,205.905578534799,3300.0,71,Whistle14710,/lustre/fsn1/projects/rech/vzf/uqe97pu/raw_data/all_categories/NSW_9Exp_12_Feb_2020_1145am205.002863017558_205.905578534799.wav
8154,Exp_04_Mar_2020_1345pm,NSW_9,158.940531801773,159.394150024664,3000.0,76,Whistle14319,/lustre/fsn1/projects/rech/vzf/uqe97pu/raw_data/all_categories/NSW_9Exp_04_Mar_2020_1345pm158.940531801773_159.394150024664.wav
8240,Exp_11_Jan_2020_1345pm,NSW_9,1115.80338122237,1116.25838260116,3300.0,78,Whistle15258,/lustre/fsn1/projects/rech/vzf/uqe97pu/raw_data/all_categories/NSW_9Exp_11_Jan_2020_1345pm1115.80338122237_1116.25838260116.wav
8138,Exp_28_Nov_2019_1345pm,NSW_9,238.740795802653,240.015800052667,3000.0,75,Whistle15248,/lustre/fsn1/projects/rech/vzf/uqe97pu/raw_data/all_categories/NSW_9Exp_28_Nov_2019_1345pm238.740795802653_240.015800052667.wav
7800,Exp_13_Dec_2019_1245pm,NSW_9,3218.44475286289,3219.67475659017,3300.0,71,Whistle14714,/lustre/fsn1/projects/rech/vzf/uqe97pu/raw_data/all_categories/NSW_9Exp_13_Dec_2019_1245pm3218.44475286289_3219.67475659017.wav
8213,Exp_08_Dec_2019_1045am,NSW_9,2615.48916652678,2617.08289930914,3300.0,77,Whistle14468,/lustre/fsn1/projects/rech/vzf/uqe97pu/raw_data/all_categories/NSW_9Exp_08_Dec_2019_1045am2615.48916652678_2617.08289930914.wav
7710,Exp_05_Jan_2020_1545pm,NSW_9,703.012130339789,703.807132748887,3300.0,71,Whistle14333,/lustre/fsn1/projects/rech/vzf/uqe97pu/raw_data/all_categories/NSW_9Exp_05_Jan_2020_1545pm703.012130339789_703.807132748887.wav
7789,Exp_11_Mar_2020_0945am,NSW_9,593.824656794389,594.661097605113,3000.0,71,Whistle14665,/lustre/fsn1/projects/rech/vzf/uqe97pu/raw_data/all_categories/NSW_9Exp_11_Mar_2020_0945am593.824656794389_594.661097605113.wav
7898,Exp_13_Dec_2019_1145am,NSW_9,536.000451983391,536.459806050376,3300.0,71,Whistle15343,/lustre/fsn1/projects/rech/vzf/uqe97pu/raw_data/all_categories/NSW_9Exp_13_Dec_2019_1145am536.000451983391_536.459806050376.wav
7910,Exp_16_Nov_2019_1045am,NSW_9,3240.04157540084,3241.05329780886,3600.0,71,Whistle15415,/lustre/fsn1/projects/rech/vzf/uqe97pu/raw_data/all_categories/NSW_9Exp_16_Nov_2019_1045am3240.04157540084_3241.05329780886.wav
8235,Exp_15_Dec_2019_0845am,NSW_9,181.675550531971,182.345552562281,3300.0,78,Whistle15310,/lustre/fsn1/projects/rech/vzf/uqe97pu/raw_data/all_categories/NSW_9Exp_15_Dec_2019_0845am181.675550531971_182.345552562281.wav
8278,Exp_28_Nov_2019_0945am,NSW_9,477.575998604909,477.989884860833,3000.0,83,Whistle15061,/lustre/fsn1/projects/rech/vzf/uqe97pu/raw_data/all_categories/NSW_9Exp_28_Nov_2019_0945am477.575998604909_477.989884860833.wav
7779,Exp_21_Nov_2019_1345pm,NSW_9,17.8928553744474,18.5790092206013,3600.0,71,Whistle14611,/lustre/fsn1/projects/rech/vzf/uqe97pu/raw_data/all_categories/NSW_9Exp_21_Nov_2019_1345pm17.8928553744474_18.5790092206013.wav
7665,Exp_07_Mar_2020_0945am,NSW_9,390.920615434793,391.5596133056,3000.0,71,Whistle14236,/lustre/fsn1/projects/rech/vzf/uqe97pu/raw_data/all_categories/NSW_9Exp_07_Mar_2020_0945am390.920615434793_391.5596133056.wav
7744,Exp_02_Mar_2020_1545pm,NSW_9,370.136233787446,371.451238170794,3000.0,71,Whistle14406,/lustre/fsn1/projects/rech/vzf/uqe97pu/raw_data/all_categories/NSW_9Exp_02_Mar_2020_1545pm370.136233787446_371.451238170794.wav
7837,Exp_22_Nov_2019_1245pm,NSW_9,3487.56159067427,3488.293663845,3600.0,71,Whistle14894,/lustre/fsn1/projects/rech/vzf/uqe97pu/raw_data/all_categories/NSW_9Exp_22_Nov_2019_1245pm3487.56159067427_3488.293663845.wav
7680,Exp_08_Jan_2020_1345pm,NSW_9,131.87869284045,132.829402810238,3300.0,71,Whistle14259,/lustre/fsn1/projects/rech/vzf/uqe97pu/raw_data/all_categories/NSW_9Exp_08_Jan_2020_1345pm131.87869284045_132.829402810238.wav
7914,Exp_22_Nov_2019_1145am,NSW_9,312.615868377412,313.040869557971,3600.0,71,Whistle15436,/lustre/fsn1/projects/rech/vzf/uqe97pu/raw_data/all_categories/NSW_9Exp_22_Nov_2019_1145am312.615868377412_313.040869557971.wav
7920,Exp_17_Feb_2020_1345pm,NSW_9,198.690744783209,199.115544783209,3300.0,71,Whistle15472,/lustre/fsn1/projects/rech/vzf/uqe97pu/raw_data/all_categories/NSW_9Exp_17_Feb_2020_1345pm198.690744783209_199.115544783209.wav
7901,Exp_14_Feb_2020_1145am,NSW_9,350.696062715342,351.931066457777,3300.0,71,Whistle15349,/lustre/fsn1/projects/rech/vzf/uqe97pu/raw_data/all_categories/NSW_9Exp_14_Feb_2020_1145am350.696062715342_351.931066457777.wav
8023,Exp_07_Mar_2020_0945am,NSW_9,394.895596000335,395.531271676011,3000.0,74,Whistle14361,/lustre/fsn1/projects/rech/vzf/uqe97pu/raw_data/all_categories/NSW_9Exp_07_Mar_2020_0945am394.895596000335_395.531271676011.wav
7916,Exp_22_Nov_2019_1245pm,NSW_9,3291.91109362275,3292.61225047194,3600.0,71,Whistle15440,/lustre/fsn1/projects/rech/vzf/uqe97pu/raw_data/all_categories/NSW_9Exp_22_Nov_2019_1245pm3291.91109362275_3292.61225047194.wav
8212,Exp_01_Jan_2020_1245pm,NSW_9,2906.19880848124,2907.35268445023,3300.0,77,Whistle14444,/lustre/fsn1/projects/rech/vzf/uqe97pu/raw_data/all_categories/NSW_9Exp_01_Jan_2020_1245pm2906.19880848124_2907.35268445023.wav
7648,Exp_05_Feb_2020_1345pm,NSW_9,117.090354819257,118.115357925327,3300.0,71,Whistle14205,/lustre/fsn1/projects/rech/vzf/uqe97pu/raw_data/all_categories/NSW_9Exp_05_Feb_2020_1345pm117.090354819257_118.115357925327.wav
7902,Exp_14_Feb_2020_1145am,NSW_9,359.5121049203,360.090365789866,3300.0,71,Whistle15354,/lustre/fsn1/projects/rech/vzf/uqe97pu/raw_data/all_categories/NSW_9Exp_14_Feb_2020_1145am359.5121049203_360.090365789866.wav
7805,Exp_14_Dec_2019_0945am,NSW_9,455.00817320034,456.086341139271,3300.0,71,Whistle14732,/lustre/fsn1/projects/rech/vzf/uqe97pu/raw_data/all_categories/NSW_9Exp_14_Dec_2019_0945am455.00817320034_456.086341139271.wav
8057,Exp_11_Mar_2020_1145am,NSW_9,51.5682717491125,52.1601138543756,3000.0,74,Whistle14580,/lustre/fsn1/projects/rech/vzf/uqe97pu/raw_data/all_categories/NSW_9Exp_11_Mar_2020_1145am51.5682717491125_52.1601138543756.wav
8245,Exp_07_Mar_2020_0945am,NSW_9,392.205007288058,392.945391903443,3000.0,79,Whistle14360,/lustre/fsn1/projects/rech/vzf/uqe97pu/raw_data/all_categories/NSW_9Exp_07_Mar_2020_0945am392.205007288058_392.945391903443.wav
7842,Exp_14_Dec_2019_0945am,NSW_9,464.939404815164,465.599932241324,3300.0,71,Whistle14965,/lustre/fsn1/projects/rech/vzf/uqe97pu/raw_data/all_categories/NSW_9Exp_14_Dec_2019_0945am464.939404815164_465.599932241324.wav
7734,Exp_08_Jan_2020_1245pm,NSW_9,1836.98840730176,1837.52635803064,3300.0,71,Whistle14387,/lustre/fsn1/projects/rech/vzf/uqe97pu/raw_data/all_categories/NSW_9Exp_08_Jan_2020_1245pm1836.98840730176_1837.52635803064.wav
8270,Exp_16_Jan_2020_1045am,NSW_9,3297.07999115149,3298.2249946212,3300.0,82,Whistle14988,/lustre/fsn1/projects/rech/vzf/uqe97pu/raw_data/all_categories/NSW_9Exp_16_Jan_2020_1045am3297.07999115149_3298.2249946212.wav
7706,Exp_01_Feb_2020_1345pm,NSW_9,261.304289733223,261.756849214757,3300.0,71,Whistle14322,/lustre/fsn1/projects/rech/vzf/uqe97pu/raw_data/all_categories/NSW_9Exp_01_Feb_2020_1345pm261.304289733223_261.756849214757.wav
8118,Exp_09_Feb_2020_1345pm,NSW_9,485.476471140822,486.501474246892,3300.0,75,Whistle14270,/lustre/fsn1/projects/rech/vzf/uqe97pu/raw_data/all_categories/NSW_9Exp_09_Feb_2020_1345pm485.476471140822_486.501474246892.wav
8142,Exp_22_Nov_2019_1245pm,NSW_9,3387.20440945669,3387.68192945669,3600.0,75,Whistle15372,/lustre/fsn1/projects/rech/vzf/uqe97pu/raw_data/all_categories/NSW_9Exp_22_Nov_2019_1245pm3387.20440945669_3387.68192945669.wav
7701,Exp_04_Jan_2020_1345pm,NSW_9,730.176585294523,730.625188533389,3300.0,71,Whistle14313,/lustre/fsn1/projects/rech/vzf/uqe97pu/raw_data/all_categories/NSW_9Exp_04_Jan_2020_1345pm730.176585294523_730.625188533389.wav
8152,Exp_02_Mar_2020_1545pm,NSW_9,387.079985326293,387.602853324456,3000.0,76,Whistle14300,/lustre/fsn1/projects/rech/vzf/uqe97pu/raw_data/all_categories/NSW_9Exp_02_Mar_2020_1545pm387.079985326293_387.602853324456.wav
7694,Exp_02_Mar_2020_1345pm,NSW_9,24.0728052979246,25.0437135866606,3000.0,71,Whistle14292,/lustre/fsn1/projects/rech/vzf/uqe97pu/raw_data/all_categories/NSW_9Exp_02_Mar_2020_1345pm24.0728052979246_25.0437135866606.wav
8029,Exp_08_Dec_2019_1045am,NSW_9,2404.05228500692,2404.64728680996,3300.0,74,Whistle14373,/lustre/fsn1/projects/rech/vzf/uqe97pu/raw_data/all_categories/NSW_9Exp_08_Dec_2019_1045am2404.05228500692_2404.64728680996.wav
8005,Exp_02_Mar_2020_1545pm,NSW_9,372.125451649537,372.583592849249,3000.0,74,Whistle14294,/lustre/fsn1/projects/rech/vzf/uqe97pu/raw_data/all_categories/NSW_9Exp_02_Mar_2020_1545pm372.125451649537_372.583592849249.wav
8166,Exp_08_Jan_2020_1245pm,NSW_9,3149.80609391048,3150.5959545916,3300.0,76,Whistle14385,/lustre/fsn1/projects/rech/vzf/uqe97pu/raw_data/all_categories/NSW_9Exp_08_Jan_2020_1245pm3149.80609391048_3150.5959545916.wav
7642,Exp_01_Feb_2020_1345pm,NSW_9,235.330713123373,236.255715926412,3300.0,71,Whistle14194,/lustre/fsn1/projects/rech/vzf/uqe97pu/raw_data/all_categories/NSW_9Exp_01_Feb_2020_1345pm235.330713123373_236.255715926412.wav
7851,Exp_15_Feb_2020_0945am,NSW_9,107.818905791328,108.51903494262,3300.0,71,Whistle14973,/lustre/fsn1/projects/rech/vzf/uqe97pu/raw_data/all_categories/NSW_9Exp_15_Feb_2020_0945am107.818905791328_108.51903494262.wav
8221,Exp_03_Jan_2020_1045am,NSW_9,3153.70955669563,3154.22955827139,3300.0,78,Whistle14448,/lustre/fsn1/projects/rech/vzf/uqe97pu/raw_data/all_categories/NSW_9Exp_03_Jan_2020_1045am3153.70955669563_3154.22955827139.wav
7988,Exp_06_Feb_2020_1145am,NSW_9,364.350076857157,365.049425131896,3300.0,74,Whistle14219,/lustre/fsn1/projects/rech/vzf/uqe97pu/raw_data/all_categories/NSW_9Exp_06_Feb_2020_1145am364.350076857157_365.049425131896.wav
7685,Exp_09_Dec_2019_1245pm,NSW_9,3066.99944178237,3067.65425659719,3300.0,71,Whistle14268,/lustre/fsn1/projects/rech/vzf/uqe97pu/raw_data/all_categories/NSW_9Exp_09_Dec_2019_1245pm3066.99944178237_3067.65425659719.wav
8203,Exp_17_Dec_2019_1245pm,NSW_9,3014.69682406336,3015.37908212788,3300.0,76,Whistle15187,/lustre/fsn1/projects/rech/vzf/uqe97pu/raw_data/all_categories/NSW_9Exp_17_Dec_2019_1245pm3014.69682406336_3015.37908212788.wav
7968,Exp_15_Feb_2020_1345pm,NSW_9,376.917848141941,377.855057444266,3300.0,73,Whistle14758,/lustre/fsn1/projects/rech/vzf/uqe97pu/raw_data/all_categories/NSW_9Exp_15_Feb_2020_1345pm376.917848141941_377.855057444266.wav
7653,Exp_06_Feb_2020_1145am,NSW_9,150.043457589533,150.727204146006,3300.0,71,Whistle14215,/lustre/fsn1/projects/rech/vzf/uqe97pu/raw_data/all_categories/NSW_9Exp_06_Feb_2020_1145am150.043457589533_150.727204146006.wav
7889,Exp_14_Feb_2020_1145am,NSW_9,579.051755914412,580.361717600236,3300.0,71,Whistle15348,/lustre/fsn1/projects/rech/vzf/uqe97pu/raw_data/all_categories/NSW_9Exp_14_Feb_2020_1145am579.051755914412_580.361717600236.wav
7772,Exp_13_Dec_2019_1345pm,NSW_9,459.075303881026,459.68004696403,3300.0,71,Whistle14556,/lustre/fsn1/projects/rech/vzf/uqe97pu/raw_data/all_categories/NSW_9Exp_13_Dec_2019_1345pm459.075303881026_459.68004696403.wav
7833,Exp_17_Feb_2020_1245pm,NSW_9,3159.77155758676,3160.6393053345,3300.0,71,Whistle14825,/lustre/fsn1/projects/rech/vzf/uqe97pu/raw_data/all_categories/NSW_9Exp_17_Feb_2020_1245pm3159.77155758676_3160.6393053345.wav
7958,Exp_05_Dec_2019_1145am,NSW_9,336.96648350352,338.223377729875,3000.0,73,Whistle14454,/lustre/fsn1/projects/rech/vzf/uqe97pu/raw_data/all_categories/NSW_9Exp_05_Dec_2019_1145am336.96648350352_338.223377729875.wav
8167,Exp_08_Jan_2020_1245pm,NSW_9,3166.89681591366,3167.51601386588,3300.0,76,Whistle14386,/lustre/fsn1/projects/rech/vzf/uqe97pu/raw_data/all_categories/NSW_9Exp_08_Jan_2020_1245pm3166.89681591366_3167.51601386588.wav
8139,Exp_22_Nov_2019_1245pm,NSW_9,3293.45414848375,3293.9241497893,3600.0,75,Whistle15249,/lustre/fsn1/projects/rech/vzf/uqe97pu/raw_data/all_categories/NSW_9Exp_22_Nov_2019_1245pm3293.45414848375_3293.9241497893.wav
7960,Exp_08_Dec_2019_1045am,NSW_9,2627.19450314706,2628.26620126026,3300.0,73,Whistle14469,/lustre/fsn1/projects/rech/vzf/uqe97pu/raw_data/all_categories/NSW_9Exp_08_Dec_2019_1045am2627.19450314706_2628.26620126026.wav
8071,Exp_21_Nov_2019_1145am,NSW_9,1127.04669553184,1127.5210473837,3600.0,74,Whistle14877,/lustre/fsn1/projects/rech/vzf/uqe97pu/raw_data/all_categories/NSW_9Exp_21_Nov_2019_1145am1127.04669553184_1127.5210473837.wav
7924,Exp_03_Jan_2020_1045am,NSW_9,3089.60051752854,3090.46588136551,3300.0,72,Whistle14303,/lustre/fsn1/projects/rech/vzf/uqe97pu/raw_data/all_categories/NSW_9Exp_03_Jan_2020_1045am3089.60051752854_3090.46588136551.wav
7955,Exp_02_Mar_2020_1145am,NSW_9,249.930835102784,251.179129417165,3000.0,73,Whistle14170,/lustre/fsn1/projects/rech/vzf/uqe97pu/raw_data/all_categories/NSW_9Exp_02_Mar_2020_1145am249.930835102784_251.179129417165.wav
7957,Exp_02_Mar_2020_1545pm,NSW_9,295.060985536618,296.085936517011,3000.0,73,Whistle14445,/lustre/fsn1/projects/rech/vzf/uqe97pu/raw_data/all_categories/NSW_9Exp_02_Mar_2020_1545pm295.060985536618_296.085936517011.wav
8093,Exp_20_Nov_2019_0845am,NSW_9,3399.98169238134,3401.35315300486,3600.0,74,Whistle15126,/lustre/fsn1/projects/rech/vzf/uqe97pu/raw_data/all_categories/NSW_9Exp_20_Nov_2019_0845am3399.98169238134_3401.35315300486.wav
8241,Exp_11_Mar_2020_1145am,NSW_9,30.3201010670036,31.3451044836816,3000.0,78,Whistle15322,/lustre/fsn1/projects/rech/vzf/uqe97pu/raw_data/all_categories/NSW_9Exp_11_Mar_2020_1145am30.3201010670036_31.3451044836816.wav
8110,Exp_02_Mar_2020_1545pm,NSW_9,403.616345387818,404.641348804496,3000.0,75,Whistle14179,/lustre/fsn1/projects/rech/vzf/uqe97pu/raw_data/all_categories/NSW_9Exp_02_Mar_2020_1545pm403.616345387818_404.641348804496.wav
8017,Exp_05_Jan_2020_1545pm,NSW_9,519.105464086966,519.468382103161,3300.0,74,Whistle14334,/lustre/fsn1/projects/rech/vzf/uqe97pu/raw_data/all_categories/NSW_9Exp_05_Jan_2020_1545pm519.105464086966_519.468382103161.wav
8236,Exp_16_Nov_2019_1045am,NSW_9,2935.67815466154,2936.37815660599,3600.0,78,Whistle15405,/lustre/fsn1/projects/rech/vzf/uqe97pu/raw_data/all_categories/NSW_9Exp_16_Nov_2019_1045am2935.67815466154_2936.37815660599.wav
8068,Exp_17_Jan_2020_1345pm,NSW_9,339.697212018273,340.48934838191,3300.0,74,Whistle14839,/lustre/fsn1/projects/rech/vzf/uqe97pu/raw_data/all_categories/NSW_9Exp_17_Jan_2020_1345pm339.697212018273_340.48934838191.wav
7994,Exp_01_Jan_2020_1345pm,NSW_9,1111.44292494547,1112.17334102912,3300.0,74,Whistle14235,/lustre/fsn1/projects/rech/vzf/uqe97pu/raw_data/all_categories/NSW_9Exp_01_Jan_2020_1345pm1111.44292494547_1112.17334102912.wav
7728,Exp_08_Dec_2019_1045am,NSW_9,2124.539110514,2125.10219591345,3300.0,71,Whistle14370,/lustre/fsn1/projects/rech/vzf/uqe97pu/raw_data/all_categories/NSW_9Exp_08_Dec_2019_1045am2124.539110514_2125.10219591345.wav
7738,Exp_09_Dec_2019_1245pm,NSW_9,2676.10738990677,2676.8830725636,3300.0,71,Whistle14394,/lustre/fsn1/projects/rech/vzf/uqe97pu/raw_data/all_categories/NSW_9Exp_09_Dec_2019_1245pm2676.10738990677_2676.8830725636.wav
7787,Exp_11_Dec_2019_1145am,NSW_9,263.153380604005,263.742697947178,3300.0,71,Whistle14655,/lustre/fsn1/projects/rech/vzf/uqe97pu/raw_data/all_categories/NSW_9Exp_11_Dec_2019_1145am263.153380604005_263.742697947178.wav
8056,Exp_11_Mar_2020_1145am,NSW_9,175.965587885293,176.972210401849,3000.0,74,Whistle14549,/lustre/fsn1/projects/rech/vzf/uqe97pu/raw_data/all_categories/NSW_9Exp_11_Mar_2020_1145am175.965587885293_176.972210401849.wav
7858,Exp_16_Jan_2020_1145am,NSW_9,250.597579941697,251.534632735257,3300.0,71,Whistle14992,/lustre/fsn1/projects/rech/vzf/uqe97pu/raw_data/all_categories/NSW_9Exp_16_Jan_2020_1145am250.597579941697_251.534632735257.wav
7631,Exp_02_Mar_2020_1545pm,NSW_9,297.945993153311,298.520995069984,3000.0,71,Whistle14177,/lustre/fsn1/projects/rech/vzf/uqe97pu/raw_data/all_categories/NSW_9Exp_02_Mar_2020_1545pm297.945993153311_298.520995069984.wav
7713,Exp_06_Jan_2020_0845am,NSW_9,254.871114515053,255.835757027131,3300.0,71,Whistle14340,/lustre/fsn1/projects/rech/vzf/uqe97pu/raw_data/all_categories/NSW_9Exp_06_Jan_2020_0845am254.871114515053_255.835757027131.wav
8109,Exp_17_Feb_2020_1245pm,NSW_9,3155.13281206166,3155.73395247188,3300.0,74,Whistle15113,/lustre/fsn1/projects/rech/vzf/uqe97pu/raw_data/all_categories/NSW_9Exp_17_Feb_2020_1245pm3155.13281206166_3155.73395247188.wav
8156,Exp_05_Jan_2020_1145am,NSW_9,2683.70313425192,2684.81009627724,3300.0,76,Whistle14329,/lustre/fsn1/projects/rech/vzf/uqe97pu/raw_data/all_categories/NSW_9Exp_05_Jan_2020_1145am2683.70313425192_2684.81009627724.wav
8147,Exp_03_Jan_2020_1045am,NSW_9,3149.86260357714,3150.43731432094,3300.0,76,Whistle14185,/lustre/fsn1/projects/rech/vzf/uqe97pu/raw_data/all_categories/NSW_9Exp_03_Jan_2020_1045am3149.86260357714_3150.43731432094.wav
7964,Exp_22_Nov_2019_1245pm,NSW_9,2634.15422235168,2635.04688468934,3600.0,73,Whistle14615,/lustre/fsn1/projects/rech/vzf/uqe97pu/raw_data/all_categories/NSW_9Exp_22_Nov_2019_1245pm2634.15422235168_2635.04688468934.wav
7956,Exp_09_Dec_2019_1145am,NSW_9,645.938447537615,646.72274953486,3300.0,73,Whistle14434,/lustre/fsn1/projects/rech/vzf/uqe97pu/raw_data/all_categories/NSW_9Exp_09_Dec_2019_1145am645.938447537615_646.72274953486.wav
7828,Exp_11_Mar_2020_1145am,NSW_9,169.846824813367,171.082255276944,3000.0,71,Whistle14940,/lustre/fsn1/projects/rech/vzf/uqe97pu/raw_data/all_categories/NSW_9Exp_11_Mar_2020_1145am169.846824813367_171.082255276944.wav
7764,Exp_07_Mar_2020_1145am,NSW_9,255.525851752839,257.260857536192,3000.0,71,Whistle14495,/lustre/fsn1/projects/rech/vzf/uqe97pu/raw_data/all_categories/NSW_9Exp_07_Mar_2020_1145am255.525851752839_257.260857536192.wav
7980,Exp_05_Dec_2019_1145am,NSW_9,370.586235287451,371.246237487458,3000.0,74,Whistle14198,/lustre/fsn1/projects/rech/vzf/uqe97pu/raw_data/all_categories/NSW_9Exp_05_Dec_2019_1145am370.586235287451_371.246237487458.wav
7667,Exp_07_Mar_2020_1545pm,NSW_9,840.27060605405,841.247764725636,3000.0,71,Whistle14239,/lustre/fsn1/projects/rech/vzf/uqe97pu/raw_data/all_categories/NSW_9Exp_07_Mar_2020_1545pm840.27060605405_841.247764725636.wav
7666,Exp_07_Mar_2020_0945am,NSW_9,59.5691441798296,60.2141441798296,3000.0,71,Whistle14237,/lustre/fsn1/projects/rech/vzf/uqe97pu/raw_data/all_categories/NSW_9Exp_07_Mar_2020_0945am59.5691441798296_60.2141441798296.wav
7697,Exp_02_Mar_2020_1545pm,NSW_9,402.880339364894,403.333972177394,3000.0,71,Whistle14302,/lustre/fsn1/projects/rech/vzf/uqe97pu/raw_data/all_categories/NSW_9Exp_02_Mar_2020_1545pm402.880339364894_403.333972177394.wav
7791,Exp_11_Mar_2020_1145am,NSW_9,141.998428900498,142.809947119122,3000.0,71,Whistle14674,/lustre/fsn1/projects/rech/vzf/uqe97pu/raw_data/all_categories/NSW_9Exp_11_Mar_2020_1145am141.998428900498_142.809947119122.wav
8172,Exp_08_Feb_2020_1345pm,NSW_9,191.360579880545,192.600583638132,3300.0,76,Whistle14430,/lustre/fsn1/projects/rech/vzf/uqe97pu/raw_data/all_categories/NSW_9Exp_08_Feb_2020_1345pm191.360579880545_192.600583638132.wav
8196,Exp_17_Dec_2019_1245pm,NSW_9,3015.64630187366,3017.11903274437,3300.0,76,Whistle15100,/lustre/fsn1/projects/rech/vzf/uqe97pu/raw_data/all_categories/NSW_9Exp_17_Dec_2019_1245pm3015.64630187366_3017.11903274437.wav
7690,Exp_01_Mar_2020_1145am,NSW_9,498.91121689364,499.521618679354,3000.0,71,Whistle14278,/lustre/fsn1/projects/rech/vzf/uqe97pu/raw_data/all_categories/NSW_9Exp_01_Mar_2020_1145am498.91121689364_499.521618679354.wav
7635,Exp_03_Jan_2020_1045am,NSW_9,3080.55433501314,3081.57933811921,3300.0,71,Whistle14184,/lustre/fsn1/projects/rech/vzf/uqe97pu/raw_data/all_categories/NSW_9Exp_03_Jan_2020_1045am3080.55433501314_3081.57933811921.wav
7834,Exp_21_Nov_2019_1345pm,NSW_9,146.328774561228,146.959621767225,3600.0,71,Whistle14884,/lustre/fsn1/projects/rech/vzf/uqe97pu/raw_data/all_categories/NSW_9Exp_21_Nov_2019_1345pm146.328774561228_146.959621767225.wav
8158,Exp_06_Jan_2020_0845am,NSW_9,253.182248676528,253.986717950271,3300.0,76,Whistle14341,/lustre/fsn1/projects/rech/vzf/uqe97pu/raw_data/all_categories/NSW_9Exp_06_Jan_2020_0845am253.182248676528_253.986717950271.wav
7985,Exp_05_Jan_2020_1345pm,NSW_9,437.511325791896,438.536328897966,3300.0,74,Whistle14209,/lustre/fsn1/projects/rech/vzf/uqe97pu/raw_data/all_categories/NSW_9Exp_05_Jan_2020_1345pm437.511325791896_438.536328897966.wav
7950,Exp_15_Feb_2020_1345pm,NSW_9,351.273094517807,352.649961685727,3300.0,72,Whistle15089,/lustre/fsn1/projects/rech/vzf/uqe97pu/raw_data/all_categories/NSW_9Exp_15_Feb_2020_1345pm351.273094517807_352.649961685727.wav
7835,Exp_22_Nov_2019_1145am,NSW_9,152.778050025471,153.528802921224,3600.0,71,Whistle14888,/lustre/fsn1/projects/rech/vzf/uqe97pu/raw_data/all_categories/NSW_9Exp_22_Nov_2019_1145am152.778050025471_153.528802921224.wav
8117,Exp_08_Jan_2020_1345pm,NSW_9,2567.12277915994,2568.14778226601,3300.0,75,Whistle14260,/lustre/fsn1/projects/rech/vzf/uqe97pu/raw_data/all_categories/NSW_9Exp_08_Jan_2020_1345pm2567.12277915994_2568.14778226601.wav
8222,Exp_04_Jan_2020_1345pm,NSW_9,549.824773726285,550.358996833855,3300.0,78,Whistle14449,/lustre/fsn1/projects/rech/vzf/uqe97pu/raw_data/all_categories/NSW_9Exp_04_Jan_2020_1345pm549.824773726285_550.358996833855.wav
7801,Exp_13_Dec_2019_1345pm,NSW_9,245.943631590211,246.674525899155,3300.0,71,Whistle14718,/lustre/fsn1/projects/rech/vzf/uqe97pu/raw_data/all_categories/NSW_9Exp_13_Dec_2019_1345pm245.943631590211_246.674525899155.wav
8032,Exp_08_Feb_2020_1345pm,NSW_9,337.676023260676,338.506025775836,3300.0,74,Whistle14378,/lustre/fsn1/projects/rech/vzf/uqe97pu/raw_data/all_categories/NSW_9Exp_08_Feb_2020_1345pm337.676023260676_338.506025775836.wav
8022,Exp_07_Jan_2020_1345pm,NSW_9,708.075526014922,708.549877866774,3300.0,74,Whistle14358,/lustre/fsn1/projects/rech/vzf/uqe97pu/raw_data/all_categories/NSW_9Exp_07_Jan_2020_1345pm708.075526014922_708.549877866774.wav
7707,Exp_01_Feb_2020_1345pm,NSW_9,263.019670408519,263.744740831054,3300.0,71,Whistle14323,/lustre/fsn1/projects/rech/vzf/uqe97pu/raw_data/all_categories/NSW_9Exp_01_Feb_2020_1345pm263.019670408519_263.744740831054.wav
8160,Exp_07_Mar_2020_0945am,NSW_9,393.546311821039,394.161313871046,3000.0,76,Whistle14359,/lustre/fsn1/projects/rech/vzf/uqe97pu/raw_data/all_categories/NSW_9Exp_07_Mar_2020_0945am393.546311821039_394.161313871046.wav
8088,Exp_24_Nov_2019_1245pm,NSW_9,2823.82674511385,2824.57763444192,3000.0,74,Whistle15057,/lustre/fsn1/projects/rech/vzf/uqe97pu/raw_data/all_categories/NSW_9Exp_24_Nov_2019_1245pm2823.82674511385_2824.57763444192.wav
8036,Exp_02_Mar_2020_1145am,NSW_9,20.3450678168927,21.3700712335708,3000.0,74,Whistle14404,/lustre/fsn1/projects/rech/vzf/uqe97pu/raw_data/all_categories/NSW_9Exp_02_Mar_2020_1145am20.3450678168927_21.3700712335708.wav
7703,Exp_04_Jan_2020_1345pm,NSW_9,831.757565628441,832.040088150963,3300.0,71,Whistle14315,/lustre/fsn1/projects/rech/vzf/uqe97pu/raw_data/all_categories/NSW_9Exp_04_Jan_2020_1345pm831.757565628441_832.040088150963.wav
7647,Exp_05_Feb_2020_0945am,NSW_9,622.39688605117,623.42188915724,3300.0,71,Whistle14201,/lustre/fsn1/projects/rech/vzf/uqe97pu/raw_data/all_categories/NSW_9Exp_05_Feb_2020_0945am622.39688605117_623.42188915724.wav
8234,Exp_16_Nov_2019_1345pm,NSW_9,45.6551268197967,46.3551287642466,3600.0,78,Whistle15304,/lustre/fsn1/projects/rech/vzf/uqe97pu/raw_data/all_categories/NSW_9Exp_16_Nov_2019_1345pm45.6551268197967_46.3551287642466.wav
8035,Exp_02_Feb_2020_1245pm,NSW_9,3215.58830873445,3216.22750015359,3300.0,74,Whistle14401,/lustre/fsn1/projects/rech/vzf/uqe97pu/raw_data/all_categories/NSW_9Exp_02_Feb_2020_1245pm3215.58830873445_3216.22750015359.wav
8001,Exp_01_Mar_2020_1145am,NSW_9,471.900707259889,472.491534218844,3000.0,74,Whistle14277,/lustre/fsn1/projects/rech/vzf/uqe97pu/raw_data/all_categories/NSW_9Exp_01_Mar_2020_1145am471.900707259889_472.491534218844.wav
8219,Exp_09_Dec_2019_1145am,NSW_9,654.021981884794,655.046984990864,3300.0,78,Whistle14265,/lustre/fsn1/projects/rech/vzf/uqe97pu/raw_data/all_categories/NSW_9Exp_09_Dec_2019_1145am654.021981884794_655.046984990864.wav
7874,Exp_16_Jan_2020_1145am,NSW_9,249.128454911378,250.130088244712,3300.0,71,Whistle15091,/lustre/fsn1/projects/rech/vzf/uqe97pu/raw_data/all_categories/NSW_9Exp_16_Jan_2020_1145am249.128454911378_250.130088244712.wav
7913,Exp_16_Nov_2019_1345pm,NSW_9,277.238969914811,277.72840375233,3600.0,71,Whistle15402,/lustre/fsn1/projects/rech/vzf/uqe97pu/raw_data/all_categories/NSW_9Exp_16_Nov_2019_1345pm277.238969914811_277.72840375233.wav
7888,Exp_17_Feb_2020_1245pm,NSW_9,2969.67873886621,2970.13394117835,3300.0,71,Whistle15193,/lustre/fsn1/projects/rech/vzf/uqe97pu/raw_data/all_categories/NSW_9Exp_17_Feb_2020_1245pm2969.67873886621_2970.13394117835.wav
7761,Exp_04_Mar_2020_1145am,NSW_9,230.312504321345,231.650748193894,3000.0,71,Whistle14463,/lustre/fsn1/projects/rech/vzf/uqe97pu/raw_data/all_categories/NSW_9Exp_04_Mar_2020_1145am230.312504321345_231.650748193894.wav
7976,Exp_02_Mar_2020_1545pm,NSW_9,390.389288405111,391.226270460433,3000.0,74,Whistle14178,/lustre/fsn1/projects/rech/vzf/uqe97pu/raw_data/all_categories/NSW_9Exp_02_Mar_2020_1545pm390.389288405111_391.226270460433.wav
8187,Exp_11_Jan_2020_0945am,NSW_9,509.938363777411,510.733316755467,3300.0,76,Whistle14662,/lustre/fsn1/projects/rech/vzf/uqe97pu/raw_data/all_categories/NSW_9Exp_11_Jan_2020_0945am509.938363777411_510.733316755467.wav
7836,Exp_22_Nov_2019_1545pm,NSW_9,11.2505283731153,12.4629060808115,3000.0,71,Whistle14902,/lustre/fsn1/projects/rech/vzf/uqe97pu/raw_data/all_categories/NSW_9Exp_22_Nov_2019_1545pm11.2505283731153_12.4629060808115.wav
7944,Exp_13_Feb_2020_1345pm,NSW_9,411.186247231052,411.987339185075,3300.0,72,Whistle14727,/lustre/fsn1/projects/rech/vzf/uqe97pu/raw_data/all_categories/NSW_9Exp_13_Feb_2020_1345pm411.186247231052_411.987339185075.wav
7633,Exp_03_Jan_2020_1045am,NSW_9,3083.22695608219,3084.17644539335,3300.0,71,Whistle14182,/lustre/fsn1/projects/rech/vzf/uqe97pu/raw_data/all_categories/NSW_9Exp_03_Jan_2020_1045am3083.22695608219_3084.17644539335.wav
7646,Exp_05_Feb_2020_0945am,NSW_9,448.541570605058,449.051312389096,3300.0,71,Whistle14200,/lustre/fsn1/projects/rech/vzf/uqe97pu/raw_data/all_categories/NSW_9Exp_05_Feb_2020_0945am448.541570605058_449.051312389096.wav
8058,Exp_24_Nov_2019_1245pm,NSW_9,2831.40256004125,2832.00385633755,3000.0,74,Whistle14618,/lustre/fsn1/projects/rech/vzf/uqe97pu/raw_data/all_categories/NSW_9Exp_24_Nov_2019_1245pm2831.40256004125_2832.00385633755.wav
7991,Exp_06_Jan_2020_0945am,NSW_9,767.750578983656,768.69629326937,3300.0,74,Whistle14226,/lustre/fsn1/projects/rech/vzf/uqe97pu/raw_data/all_categories/NSW_9Exp_06_Jan_2020_0945am767.750578983656_768.69629326937.wav
8267,Exp_17_Jan_2020_0945am,NSW_9,1.94500589395725,2.86500868184449,3300.0,81,Whistle15473,/lustre/fsn1/projects/rech/vzf/uqe97pu/raw_data/all_categories/NSW_9Exp_17_Jan_2020_0945am1.94500589395725_2.86500868184449.wav
7929,Exp_07_Mar_2020_1145am,NSW_9,360.766204554015,361.752871220682,3000.0,72,Whistle14427,/lustre/fsn1/projects/rech/vzf/uqe97pu/raw_data/all_categories/NSW_9Exp_07_Mar_2020_1145am360.766204554015_361.752871220682.wav
7708,Exp_05_Dec_2019_0945am,NSW_9,45.2679882791557,46.3188590656725,3000.0,71,Whistle14325,/lustre/fsn1/projects/rech/vzf/uqe97pu/raw_data/all_categories/NSW_9Exp_05_Dec_2019_0945am45.2679882791557_46.3188590656725.wav
8133,Exp_13_Dec_2019_1345pm,NSW_9,457.76638717087,458.131388276934,3300.0,75,Whistle14964,/lustre/fsn1/projects/rech/vzf/uqe97pu/raw_data/all_categories/NSW_9Exp_13_Dec_2019_1345pm457.76638717087_458.131388276934.wav
8074,Exp_15_Jan_2020_1045am,NSW_9,3106.05101422474,3106.90202845961,3300.0,74,Whistle14763,/lustre/fsn1/projects/rech/vzf/uqe97pu/raw_data/all_categories/NSW_9Exp_15_Jan_2020_1045am3106.05101422474_3106.90202845961.wav
7827,Exp_22_Nov_2019_1145am,NSW_9,159.865445181792,161.069929308776,3600.0,71,Whistle14890,/lustre/fsn1/projects/rech/vzf/uqe97pu/raw_data/all_categories/NSW_9Exp_22_Nov_2019_1145am159.865445181792_161.069929308776.wav
7820,Exp_20_Nov_2019_1145am,NSW_9,162.940453723483,164.029059301172,3600.0,71,Whistle14861,/lustre/fsn1/projects/rech/vzf/uqe97pu/raw_data/all_categories/NSW_9Exp_20_Nov_2019_1145am162.940453723483_164.029059301172.wav
8081,Exp_17_Dec_2019_1245pm,NSW_9,2859.02097404665,2859.87720763945,3300.0,74,Whistle15006,/lustre/fsn1/projects/rech/vzf/uqe97pu/raw_data/all_categories/NSW_9Exp_17_Dec_2019_1245pm2859.02097404665_2859.87720763945.wav
7717,Exp_06_Jan_2020_0945am,NSW_9,676.385988884998,677.130473733483,3300.0,71,Whistle14348,/lustre/fsn1/projects/rech/vzf/uqe97pu/raw_data/all_categories/NSW_9Exp_06_Jan_2020_0945am676.385988884998_677.130473733483.wav
7905,Exp_22_Nov_2019_1545pm,NSW_9,10.1666432957675,10.8575998175066,3000.0,71,Whistle15374,/lustre/fsn1/projects/rech/vzf/uqe97pu/raw_data/all_categories/NSW_9Exp_22_Nov_2019_1545pm10.1666432957675_10.8575998175066.wav
7868,Exp_24_Nov_2019_1245pm,NSW_9,2825.17619472423,2825.99793026142,3000.0,71,Whistle15058,/lustre/fsn1/projects/rech/vzf/uqe97pu/raw_data/all_categories/NSW_9Exp_24_Nov_2019_1245pm2825.17619472423_2825.99793026142.wav
8102,Exp_15_Jan_2020_0945am,NSW_9,260.282738397358,261.054221448206,3300.0,74,Whistle15392,/lustre/fsn1/projects/rech/vzf/uqe97pu/raw_data/all_categories/NSW_9Exp_15_Jan_2020_0945am260.282738397358_261.054221448206.wav
8237,Exp_16_Nov_2019_1045am,NSW_9,3294.43915121986,3295.13915316431,3600.0,78,Whistle15414,/lustre/fsn1/projects/rech/vzf/uqe97pu/raw_data/all_categories/NSW_9Exp_16_Nov_2019_1045am3294.43915121986_3295.13915316431.wav
7652,Exp_06_Dec_2019_1345pm,NSW_9,430.003074654782,430.804434654782,3000.0,71,Whistle14214,/lustre/fsn1/projects/rech/vzf/uqe97pu/raw_data/all_categories/NSW_9Exp_06_Dec_2019_1345pm430.003074654782_430.804434654782.wav
7808,Exp_21_Nov_2019_0945am,NSW_9,295.935823155064,297.225794620693,3600.0,71,Whistle14646,/lustre/fsn1/projects/rech/vzf/uqe97pu/raw_data/all_categories/NSW_9Exp_21_Nov_2019_0945am295.935823155064_297.225794620693.wav
8153,Exp_02_Mar_2020_1545pm,NSW_9,391.759097152029,392.413416088906,3000.0,76,Whistle14301,/lustre/fsn1/projects/rech/vzf/uqe97pu/raw_data/all_categories/NSW_9Exp_02_Mar_2020_1545pm391.759097152029_392.413416088906.wav
7883,Exp_21_Nov_2019_1345pm,NSW_9,189.983594543133,190.578838987577,3600.0,71,Whistle15139,/lustre/fsn1/projects/rech/vzf/uqe97pu/raw_data/all_categories/NSW_9Exp_21_Nov_2019_1345pm189.983594543133_190.578838987577.wav
7802,Exp_13_Dec_2019_1345pm,NSW_9,240.653957069012,241.350412384432,3300.0,71,Whistle14723,/lustre/fsn1/projects/rech/vzf/uqe97pu/raw_data/all_categories/NSW_9Exp_13_Dec_2019_1345pm240.653957069012_241.350412384432.wav
8211,Exp_09_Dec_2019_1145am,NSW_9,647.475145431554,648.405700987109,3300.0,77,Whistle14263,/lustre/fsn1/projects/rech/vzf/uqe97pu/raw_data/all_categories/NSW_9Exp_09_Dec_2019_1145am647.475145431554_648.405700987109.wav
7777,Exp_17_Jan_2020_1345pm,NSW_9,182.263487191555,182.953994930845,3300.0,71,Whistle14598,/lustre/fsn1/projects/rech/vzf/uqe97pu/raw_data/all_categories/NSW_9Exp_17_Jan_2020_1345pm182.263487191555_182.953994930845.wav
7699,Exp_04_Jan_2020_1045am,NSW_9,479.274773702955,480.171415494,3300.0,71,Whistle14310,/lustre/fsn1/projects/rech/vzf/uqe97pu/raw_data/all_categories/NSW_9Exp_04_Jan_2020_1045am479.274773702955_480.171415494.wav
7993,Exp_06_Jan_2020_1345pm,NSW_9,228.554995039802,229.240266357631,3300.0,74,Whistle14229,/lustre/fsn1/projects/rech/vzf/uqe97pu/raw_data/all_categories/NSW_9Exp_06_Jan_2020_1345pm228.554995039802_229.240266357631.wav
7716,Exp_06_Jan_2020_0945am,NSW_9,840.072545674381,840.872548098631,3300.0,71,Whistle14347,/lustre/fsn1/projects/rech/vzf/uqe97pu/raw_data/all_categories/NSW_9Exp_06_Jan_2020_0945am840.072545674381_840.872548098631.wav
8006,Exp_02_Mar_2020_1545pm,NSW_9,266.424373001445,266.912312395385,3000.0,74,Whistle14296,/lustre/fsn1/projects/rech/vzf/uqe97pu/raw_data/all_categories/NSW_9Exp_02_Mar_2020_1545pm266.424373001445_266.912312395385.wav
7692,Exp_02_Mar_2020_1145am,NSW_9,229.254782710802,229.888707944447,3000.0,71,Whistle14285,/lustre/fsn1/projects/rech/vzf/uqe97pu/raw_data/all_categories/NSW_9Exp_02_Mar_2020_1145am229.254782710802_229.888707944447.wav
7952,Exp_17_Dec_2019_1245pm,NSW_9,2927.35518739211,2928.18381897106,3300.0,72,Whistle15186,/lustre/fsn1/projects/rech/vzf/uqe97pu/raw_data/all_categories/NSW_9Exp_17_Dec_2019_1245pm2927.35518739211_2928.18381897106.wav
7970,Exp_20_Nov_2019_1145am,NSW_9,466.551616975825,467.589856975825,3600.0,73,Whistle14859,/lustre/fsn1/projects/rech/vzf/uqe97pu/raw_data/all_categories/NSW_9Exp_20_Nov_2019_1145am466.551616975825_467.589856975825.wav
8146,Exp_17_Jan_2020_0945am,NSW_9,5.23001584853287,6.13501859096543,3300.0,75,Whistle15447,/lustre/fsn1/projects/rech/vzf/uqe97pu/raw_data/all_categories/NSW_9Exp_17_Jan_2020_0945am5.23001584853287_6.13501859096543.wav
7812,Exp_16_Dec_2019_1145am,NSW_9,401.52289097719,402.29429265083,3300.0,71,Whistle14768,/lustre/fsn1/projects/rech/vzf/uqe97pu/raw_data/all_categories/NSW_9Exp_16_Dec_2019_1145am401.52289097719_402.29429265083.wav
7639,Exp_01_Feb_2020_1345pm,NSW_9,238.935724047649,240.250728032509,3300.0,71,Whistle14191,/lustre/fsn1/projects/rech/vzf/uqe97pu/raw_data/all_categories/NSW_9Exp_01_Feb_2020_1345pm238.935724047649_240.250728032509.wav
7880,Exp_22_Nov_2019_1145am,NSW_9,154.15311032686,154.913895767473,3600.0,71,Whistle15047,/lustre/fsn1/projects/rech/vzf/uqe97pu/raw_data/all_categories/NSW_9Exp_22_Nov_2019_1145am154.15311032686_154.913895767473.wav
8066,Exp_17_Feb_2020_0945am,NSW_9,1151.80361432808,1152.19749492509,3300.0,74,Whistle14823,/lustre/fsn1/projects/rech/vzf/uqe97pu/raw_data/all_categories/NSW_9Exp_17_Feb_2020_0945am1151.80361432808_1152.19749492509.wav
7860,Exp_16_Nov_2019_1345pm,NSW_9,317.543568216753,318.284642596918,3600.0,71,Whistle15000,/lustre/fsn1/projects/rech/vzf/uqe97pu/raw_data/all_categories/NSW_9Exp_16_Nov_2019_1345pm317.543568216753_318.284642596918.wav
7855,Exp_16_Dec_2019_1145am,NSW_9,403.086221473398,403.646223170373,3300.0,71,Whistle14984,/lustre/fsn1/projects/rech/vzf/uqe97pu/raw_data/all_categories/NSW_9Exp_16_Dec_2019_1145am403.086221473398_403.646223170373.wav
7712,Exp_06_Dec_2019_1345pm,NSW_9,520.974255119621,521.845389871394,3000.0,71,Whistle14339,/lustre/fsn1/projects/rech/vzf/uqe97pu/raw_data/all_categories/NSW_9Exp_06_Dec_2019_1345pm520.974255119621_521.845389871394.wav
8177,Exp_05_Feb_2020_1345pm,NSW_9,429.121302185764,430.16126424293,3300.0,76,Whistle14479,/lustre/fsn1/projects/rech/vzf/uqe97pu/raw_data/all_categories/NSW_9Exp_05_Feb_2020_1345pm429.121302185764_430.16126424293.wav
7741,Exp_01_Mar_2020_1145am,NSW_9,528.843799437444,529.746719791426,3000.0,71,Whistle14400,/lustre/fsn1/projects/rech/vzf/uqe97pu/raw_data/all_categories/NSW_9Exp_01_Mar_2020_1145am528.843799437444_529.746719791426.wav
8097,Exp_12_Feb_2020_1145am,NSW_9,275.6484175152,276.419688007003,3300.0,74,Whistle15334,/lustre/fsn1/projects/rech/vzf/uqe97pu/raw_data/all_categories/NSW_9Exp_12_Feb_2020_1145am275.6484175152_276.419688007003.wav
8125,Exp_15_Dec_2019_1245pm,NSW_9,2462.48246206807,2463.25746441656,3300.0,75,Whistle14515,/lustre/fsn1/projects/rech/vzf/uqe97pu/raw_data/all_categories/NSW_9Exp_15_Dec_2019_1245pm2462.48246206807_2463.25746441656.wav
7657,Exp_06_Jan_2020_0845am,NSW_9,84.135254955318,85.1602580613881,3300.0,71,Whistle14223,/lustre/fsn1/projects/rech/vzf/uqe97pu/raw_data/all_categories/NSW_9Exp_06_Jan_2020_0845am84.135254955318_85.1602580613881.wav
7862,Exp_20_Nov_2019_1145am,NSW_9,161.63705998814,162.553876467541,3600.0,71,Whistle15034,/lustre/fsn1/projects/rech/vzf/uqe97pu/raw_data/all_categories/NSW_9Exp_20_Nov_2019_1145am161.63705998814_162.553876467541.wav
7624,Exp_02_Jan_2020_1245pm,NSW_9,3270.8399116361,3272.15491562096,3300.0,71,Whistle14166,/lustre/fsn1/projects/rech/vzf/uqe97pu/raw_data/all_categories/NSW_9Exp_02_Jan_2020_1245pm3270.8399116361_3272.15491562096.wav
8274,Exp_22_Nov_2019_1245pm,NSW_9,2522.76200767224,2523.38700940836,3600.0,82,Whistle15437,/lustre/fsn1/projects/rech/vzf/uqe97pu/raw_data/all_categories/NSW_9Exp_22_Nov_2019_1245pm2522.76200767224_2523.38700940836.wav
7884,Exp_15_Feb_2020_1045am,NSW_9,2566.36625302,2566.97772360824,3300.0,71,Whistle15177,/lustre/fsn1/projects/rech/vzf/uqe97pu/raw_data/all_categories/NSW_9Exp_15_Feb_2020_1045am2566.36625302_2566.97772360824.wav
8049,Exp_06_Dec_2019_1345pm,NSW_9,345.911155037183,346.834146303559,3000.0,74,Whistle14460,/lustre/fsn1/projects/rech/vzf/uqe97pu/raw_data/all_categories/NSW_9Exp_06_Dec_2019_1345pm345.911155037183_346.834146303559.wav
7936,Exp_08_Feb_2020_1345pm,NSW_9,330.101000306061,331.836005563653,3300.0,72,Whistle14497,/lustre/fsn1/projects/rech/vzf/uqe97pu/raw_data/all_categories/NSW_9Exp_08_Feb_2020_1345pm330.101000306061_331.836005563653.wav
7740,Exp_09_Jan_2020_1145am,NSW_9,408.595615574364,408.933143876251,3300.0,71,Whistle14399,/lustre/fsn1/projects/rech/vzf/uqe97pu/raw_data/all_categories/NSW_9Exp_09_Jan_2020_1145am408.595615574364_408.933143876251.wav
7852,Exp_15_Feb_2020_1345pm,NSW_9,350.53106221534,351.276064472923,3300.0,71,Whistle14975,/lustre/fsn1/projects/rech/vzf/uqe97pu/raw_data/all_categories/NSW_9Exp_15_Feb_2020_1345pm350.53106221534_351.276064472923.wav
7908,Exp_22_Nov_2019_1145am,NSW_9,305.432303742258,305.994031014985,3600.0,71,Whistle15394,/lustre/fsn1/projects/rech/vzf/uqe97pu/raw_data/all_categories/NSW_9Exp_22_Nov_2019_1145am305.432303742258_305.994031014985.wav
8200,Exp_12_Feb_2020_1145am,NSW_9,206.55920901081,207.160572647174,3300.0,76,Whistle15168,/lustre/fsn1/projects/rech/vzf/uqe97pu/raw_data/all_categories/NSW_9Exp_12_Feb_2020_1145am206.55920901081_207.160572647174.wav
8020,Exp_06_Jan_2020_0945am,NSW_9,677.774725177315,678.403607164893,3300.0,74,Whistle14349,/lustre/fsn1/projects/rech/vzf/uqe97pu/raw_data/all_categories/NSW_9Exp_06_Jan_2020_0945am677.774725177315_678.403607164893.wav
7768,Exp_11_Mar_2020_1145am,NSW_9,171.419367086938,172.180530352244,3000.0,71,Whistle14579,/lustre/fsn1/projects/rech/vzf/uqe97pu/raw_data/all_categories/NSW_9Exp_11_Mar_2020_1145am171.419367086938_172.180530352244.wav
7973,Exp_17_Dec_2019_1245pm,NSW_9,2867.3536901627,2868.30219695003,3300.0,73,Whistle14811,/lustre/fsn1/projects/rech/vzf/uqe97pu/raw_data/all_categories/NSW_9Exp_17_Dec_2019_1245pm2867.3536901627_2868.30219695003.wav
7965,Exp_17_Dec_2019_1245pm,NSW_9,2866.23003999569,2866.99163388215,3300.0,73,Whistle14636,/lustre/fsn1/projects/rech/vzf/uqe97pu/raw_data/all_categories/NSW_9Exp_17_Dec_2019_1245pm2866.23003999569_2866.99163388215.wav
8217,Exp_24_Nov_2019_1245pm,NSW_9,2828.3025570049,2829.59940050622,3000.0,77,Whistle15150,/lustre/fsn1/projects/rech/vzf/uqe97pu/raw_data/all_categories/NSW_9Exp_24_Nov_2019_1245pm2828.3025570049_2829.59940050622.wav
8070,Exp_20_Nov_2019_0845am,NSW_9,3399.0961347367,3399.96275012131,3600.0,74,Whistle14854,/lustre/fsn1/projects/rech/vzf/uqe97pu/raw_data/all_categories/NSW_9Exp_20_Nov_2019_0845am3399.0961347367_3399.96275012131.wav
7892,Exp_11_Mar_2020_1145am,NSW_9,62.4202080673602,63.4452114840383,3000.0,71,Whistle15219,/lustre/fsn1/projects/rech/vzf/uqe97pu/raw_data/all_categories/NSW_9Exp_11_Mar_2020_1145am62.4202080673602_63.4452114840383.wav
8041,Exp_01_Jan_2020_1245pm,NSW_9,2900.28379055694,2901.27025920381,3300.0,74,Whistle14422,/lustre/fsn1/projects/rech/vzf/uqe97pu/raw_data/all_categories/NSW_9Exp_01_Jan_2020_1245pm2900.28379055694_2901.27025920381.wav
7670,Exp_08_Feb_2020_1345pm,NSW_9,328.740996184837,330.466001412125,3300.0,71,Whistle14244,/lustre/fsn1/projects/rech/vzf/uqe97pu/raw_data/all_categories/NSW_9Exp_08_Feb_2020_1345pm328.740996184837_330.466001412125.wav
7885,Exp_15_Feb_2020_1345pm,NSW_9,109.574736884123,110.019974979361,3300.0,71,Whistle15178,/lustre/fsn1/projects/rech/vzf/uqe97pu/raw_data/all_categories/NSW_9Exp_15_Feb_2020_1345pm109.574736884123_110.019974979361.wav
7819,Exp_16_Nov_2019_1345pm,NSW_9,273.554791318501,274.125707548868,3600.0,71,Whistle14800,/lustre/fsn1/projects/rech/vzf/uqe97pu/raw_data/all_categories/NSW_9Exp_16_Nov_2019_1345pm273.554791318501_274.125707548868.wav
8281,Exp_22_Nov_2019_1245pm,NSW_9,3272.92409201137,3273.40173428779,3600.0,83,Whistle15370,/lustre/fsn1/projects/rech/vzf/uqe97pu/raw_data/all_categories/NSW_9Exp_22_Nov_2019_1245pm3272.92409201137_3273.40173428779.wav
8171,Exp_09_Jan_2020_1145am,NSW_9,65.9188387508293,66.5676553188766,3300.0,76,Whistle14397,/lustre/fsn1/projects/rech/vzf/uqe97pu/raw_data/all_categories/NSW_9Exp_09_Jan_2020_1145am65.9188387508293_66.5676553188766.wav
7731,Exp_08_Feb_2020_1345pm,NSW_9,411.844152779061,412.921215485331,3300.0,71,Whistle14382,/lustre/fsn1/projects/rech/vzf/uqe97pu/raw_data/all_categories/NSW_9Exp_08_Feb_2020_1345pm411.844152779061_412.921215485331.wav
8046,Exp_06_Jan_2020_0945am,NSW_9,841.10255061379,842.307508947123,3300.0,74,Whistle14441,/lustre/fsn1/projects/rech/vzf/uqe97pu/raw_data/all_categories/NSW_9Exp_06_Jan_2020_0945am841.10255061379_842.307508947123.wav
8124,Exp_13_Dec_2019_1345pm,NSW_9,239.925727047658,241.200730911306,3300.0,75,Whistle14514,/lustre/fsn1/projects/rech/vzf/uqe97pu/raw_data/all_categories/NSW_9Exp_13_Dec_2019_1345pm239.925727047658_241.200730911306.wav
8045,Exp_08_Jan_2020_1245pm,NSW_9,3159.98957572599,3161.22957948357,3300.0,74,Whistle14432,/lustre/fsn1/projects/rech/vzf/uqe97pu/raw_data/all_categories/NSW_9Exp_08_Jan_2020_1245pm3159.98957572599_3161.22957948357.wav
8112,Exp_05_Feb_2020_1345pm,NSW_9,114.5053469859,115.015348531359,3300.0,75,Whistle14204,/lustre/fsn1/projects/rech/vzf/uqe97pu/raw_data/all_categories/NSW_9Exp_05_Feb_2020_1345pm114.5053469859_115.015348531359.wav
7943,Exp_12_Dec_2019_1145am,NSW_9,22.3300688789966,23.2220100554672,3300.0,72,Whistle14704,/lustre/fsn1/projects/rech/vzf/uqe97pu/raw_data/all_categories/NSW_9Exp_12_Dec_2019_1145am22.3300688789966_23.2220100554672.wav
8210,Exp_21_Nov_2019_1345pm,NSW_9,16.6186512475649,16.9262692733159,3600.0,76,Whistle15480,/lustre/fsn1/projects/rech/vzf/uqe97pu/raw_data/all_categories/NSW_9Exp_21_Nov_2019_1345pm16.6186512475649_16.9262692733159.wav
7928,Exp_06_Jan_2020_0845am,NSW_9,215.772463153499,216.939954820166,3300.0,72,Whistle14417,/lustre/fsn1/projects/rech/vzf/uqe97pu/raw_data/all_categories/NSW_9Exp_06_Jan_2020_0845am215.772463153499_216.939954820166.wav
8218,Exp_15_Dec_2019_1545pm,NSW_9,934.807833963133,935.884466251575,3300.0,77,Whistle15383,/lustre/fsn1/projects/rech/vzf/uqe97pu/raw_data/all_categories/NSW_9Exp_15_Dec_2019_1545pm934.807833963133_935.884466251575.wav
7942,Exp_17_Dec_2019_1245pm,NSW_9,2862.53582783896,2863.81321925127,3300.0,72,Whistle14632,/lustre/fsn1/projects/rech/vzf/uqe97pu/raw_data/all_categories/NSW_9Exp_17_Dec_2019_1245pm2862.53582783896_2863.81321925127.wav
7773,Exp_17_Dec_2019_1245pm,NSW_9,3026.64533412881,3027.52412200759,3300.0,71,Whistle14567,/lustre/fsn1/projects/rech/vzf/uqe97pu/raw_data/all_categories/NSW_9Exp_17_Dec_2019_1245pm3026.64533412881_3027.52412200759.wav
7748,Exp_05_Feb_2020_1345pm,NSW_9,115.005348501056,116.030351607126,3300.0,71,Whistle14412,/lustre/fsn1/projects/rech/vzf/uqe97pu/raw_data/all_categories/NSW_9Exp_05_Feb_2020_1345pm115.005348501056_116.030351607126.wav
8145,Exp_16_Nov_2019_1345pm,NSW_9,242.030672307423,242.355673210203,3600.0,75,Whistle15420,/lustre/fsn1/projects/rech/vzf/uqe97pu/raw_data/all_categories/NSW_9Exp_16_Nov_2019_1345pm242.030672307423_242.355673210203.wav
8191,Exp_21_Nov_2019_0945am,NSW_9,130.078559714904,130.743903844458,3600.0,76,Whistle14869,/lustre/fsn1/projects/rech/vzf/uqe97pu/raw_data/all_categories/NSW_9Exp_21_Nov_2019_0945am130.078559714904_130.743903844458.wav
7809,Exp_15_Feb_2020_1345pm,NSW_9,388.94996708013,389.656134481011,3300.0,71,Whistle14756,/lustre/fsn1/projects/rech/vzf/uqe97pu/raw_data/all_categories/NSW_9Exp_15_Feb_2020_1345pm388.94996708013_389.656134481011.wav
8263,Exp_02_Jan_2020_1045am,NSW_9,3122.79462171405,3123.42296396004,3300.0,81,Whistle14450,/lustre/fsn1/projects/rech/vzf/uqe97pu/raw_data/all_categories/NSW_9Exp_02_Jan_2020_1045am3122.79462171405_3123.42296396004.wav
7984,Exp_05_Jan_2020_1345pm,NSW_9,472.341431337671,472.881432974039,3300.0,74,Whistle14208,/lustre/fsn1/projects/rech/vzf/uqe97pu/raw_data/all_categories/NSW_9Exp_05_Jan_2020_1345pm472.341431337671_472.881432974039.wav
8272,Exp_15_Dec_2019_1545pm,NSW_9,973.482510327287,973.800971865749,3300.0,82,Whistle15382,/lustre/fsn1/projects/rech/vzf/uqe97pu/raw_data/all_categories/NSW_9Exp_15_Dec_2019_1545pm973.482510327287_973.800971865749.wav
8244,Exp_05_Feb_2020_0945am,NSW_9,495.818856082095,496.598654843705,3300.0,79,Whistle14326,/lustre/fsn1/projects/rech/vzf/uqe97pu/raw_data/all_categories/NSW_9Exp_05_Feb_2020_0945am495.818856082095_496.598654843705.wav
8230,Exp_16_Nov_2019_1345pm,NSW_9,116.380323278676,117.080325223126,3600.0,78,Whistle15282,/lustre/fsn1/projects/rech/vzf/uqe97pu/raw_data/all_categories/NSW_9Exp_16_Nov_2019_1345pm116.380323278676_117.080325223126.wav
7766,Exp_09_Feb_2020_1345pm,NSW_9,486.141473155979,487.876478413571,3300.0,71,Whistle14499,/lustre/fsn1/projects/rech/vzf/uqe97pu/raw_data/all_categories/NSW_9Exp_09_Feb_2020_1345pm486.141473155979_487.876478413571.wav
7765,Exp_08_Feb_2020_1345pm,NSW_9,336.771020518244,338.506025775836,3300.0,71,Whistle14498,/lustre/fsn1/projects/rech/vzf/uqe97pu/raw_data/all_categories/NSW_9Exp_08_Feb_2020_1345pm336.771020518244_338.506025775836.wav
8050,Exp_07_Dec_2019_1145am,NSW_9,296.869190586036,297.513280042905,3300.0,74,Whistle14461,/lustre/fsn1/projects/rech/vzf/uqe97pu/raw_data/all_categories/NSW_9Exp_07_Dec_2019_1145am296.869190586036_297.513280042905.wav
7643,Exp_01_Feb_2020_1345pm,NSW_9,236.895717865812,237.920720971882,3300.0,71,Whistle14195,/lustre/fsn1/projects/rech/vzf/uqe97pu/raw_data/all_categories/NSW_9Exp_01_Feb_2020_1345pm236.895717865812_237.920720971882.wav
7796,Exp_11_Mar_2020_1145am,NSW_9,42.2427591156213,43.0385045701668,3000.0,71,Whistle14690,/lustre/fsn1/projects/rech/vzf/uqe97pu/raw_data/all_categories/NSW_9Exp_11_Mar_2020_1145am42.2427591156213_43.0385045701668.wav
8157,Exp_05_Mar_2020_1345pm,NSW_9,403.233347154484,404.134127362817,3000.0,76,Whistle14336,/lustre/fsn1/projects/rech/vzf/uqe97pu/raw_data/all_categories/NSW_9Exp_05_Mar_2020_1345pm403.233347154484_404.134127362817.wav
7636,Exp_03_Jan_2020_1045am,NSW_9,3157.19956727142,3157.61956854415,3300.0,71,Whistle14186,/lustre/fsn1/projects/rech/vzf/uqe97pu/raw_data/all_categories/NSW_9Exp_03_Jan_2020_1045am3157.19956727142_3157.61956854415.wav
7649,Exp_05_Jan_2020_1345pm,NSW_9,474.126436746778,475.441440731639,3300.0,71,Whistle14206,/lustre/fsn1/projects/rech/vzf/uqe97pu/raw_data/all_categories/NSW_9Exp_05_Jan_2020_1345pm474.126436746778_475.441440731639.wav
8089,Exp_28_Nov_2019_1245pm,NSW_9,2239.97193626307,2240.67143933076,3000.0,74,Whistle15062,/lustre/fsn1/projects/rech/vzf/uqe97pu/raw_data/all_categories/NSW_9Exp_28_Nov_2019_1245pm2239.97193626307_2240.67143933076.wav
7793,Exp_11_Mar_2020_1145am,NSW_9,57.1369752996687,57.9637802789218,3000.0,71,Whistle14680,/lustre/fsn1/projects/rech/vzf/uqe97pu/raw_data/all_categories/NSW_9Exp_11_Mar_2020_1145am57.1369752996687_57.9637802789218.wav
8052,Exp_08_Jan_2020_1345pm,NSW_9,599.966818081267,601.701823338859,3300.0,74,Whistle14473,/lustre/fsn1/projects/rech/vzf/uqe97pu/raw_data/all_categories/NSW_9Exp_08_Jan_2020_1345pm599.966818081267_601.701823338859.wav
8229,Exp_12_Dec_2019_1045am,NSW_9,3130.37448598329,3130.5694865742,3300.0,78,Whistle15269,/lustre/fsn1/projects/rech/vzf/uqe97pu/raw_data/all_categories/NSW_9Exp_12_Dec_2019_1045am3130.37448598329_3130.5694865742.wav
7869,Exp_28_Nov_2019_0945am,NSW_9,359.93620112067,360.84015112067,3000.0,71,Whistle15060,/lustre/fsn1/projects/rech/vzf/uqe97pu/raw_data/all_categories/NSW_9Exp_28_Nov_2019_0945am359.93620112067_360.84015112067.wav
7922,Exp_02_Mar_2020_1145am,NSW_9,230.421817940797,231.488987563545,3000.0,72,Whistle14168,/lustre/fsn1/projects/rech/vzf/uqe97pu/raw_data/all_categories/NSW_9Exp_02_Mar_2020_1145am230.421817940797_231.488987563545.wav
8232,Exp_15_Jan_2020_1045am,NSW_9,3188.94466346868,3190.03966678687,3300.0,78,Whistle15293,/lustre/fsn1/projects/rech/vzf/uqe97pu/raw_data/all_categories/NSW_9Exp_15_Jan_2020_1045am3188.94466346868_3190.03966678687.wav
7896,Exp_11_Mar_2020_1145am,NSW_9,37.4651262170874,38.4450749350361,3000.0,71,Whistle15318,/lustre/fsn1/projects/rech/vzf/uqe97pu/raw_data/all_categories/NSW_9Exp_11_Mar_2020_1145am37.4651262170874_38.4450749350361.wav
7778,Exp_20_Nov_2019_1145am,NSW_9,296.798624474512,297.629624474512,3600.0,71,Whistle14603,/lustre/fsn1/projects/rech/vzf/uqe97pu/raw_data/all_categories/NSW_9Exp_20_Nov_2019_1145am296.798624474512_297.629624474512.wav
7750,Exp_06_Jan_2020_0945am,NSW_9,934.21457538418,935.055068805232,3300.0,71,Whistle14418,/lustre/fsn1/projects/rech/vzf/uqe97pu/raw_data/all_categories/NSW_9Exp_06_Jan_2020_0945am934.21457538418_935.055068805232.wav
8054,Exp_09_Feb_2020_1345pm,NSW_9,1065.05322925221,1066.49110804009,3300.0,74,Whistle14500,/lustre/fsn1/projects/rech/vzf/uqe97pu/raw_data/all_categories/NSW_9Exp_09_Feb_2020_1345pm1065.05322925221_1066.49110804009.wav
7911,Exp_16_Nov_2019_1345pm,NSW_9,272.310756418768,272.805757793772,3600.0,71,Whistle15424,/lustre/fsn1/projects/rech/vzf/uqe97pu/raw_data/all_categories/NSW_9Exp_16_Nov_2019_1345pm272.310756418768_272.805757793772.wav
7737,Exp_09_Dec_2019_1245pm,NSW_9,3062.95428167964,3063.49928333116,3300.0,71,Whistle14393,/lustre/fsn1/projects/rech/vzf/uqe97pu/raw_data/all_categories/NSW_9Exp_09_Dec_2019_1245pm3062.95428167964_3063.49928333116.wav
7959,Exp_07_Mar_2020_1145am,NSW_9,329.786101287004,330.984308183556,3000.0,73,Whistle14465,/lustre/fsn1/projects/rech/vzf/uqe97pu/raw_data/all_categories/NSW_9Exp_07_Mar_2020_1145am329.786101287004_330.984308183556.wav
7797,Exp_12_Dec_2019_1145am,NSW_9,27.0388138023147,27.5179848092592,3300.0,71,Whistle14705,/lustre/fsn1/projects/rech/vzf/uqe97pu/raw_data/all_categories/NSW_9Exp_12_Dec_2019_1145am27.0388138023147_27.5179848092592.wav
7681,Exp_09_Dec_2019_1145am,NSW_9,658.766996263625,659.311997915145,3300.0,71,Whistle14261,/lustre/fsn1/projects/rech/vzf/uqe97pu/raw_data/all_categories/NSW_9Exp_09_Dec_2019_1145am658.766996263625_659.311997915145.wav
8168,Exp_08_Jan_2020_1345pm,NSW_9,473.319804750611,473.857785252004,3300.0,76,Whistle14390,/lustre/fsn1/projects/rech/vzf/uqe97pu/raw_data/all_categories/NSW_9Exp_08_Jan_2020_1345pm473.319804750611_473.857785252004.wav
7846,Exp_13_Dec_2019_0945am,NSW_9,311.348264473487,312.324885633897,3300.0,71,Whistle14962,/lustre/fsn1/projects/rech/vzf/uqe97pu/raw_data/all_categories/NSW_9Exp_13_Dec_2019_0945am311.348264473487_312.324885633897.wav
7904,Exp_17_Jan_2020_1345pm,NSW_9,336.911022154613,337.903657813527,3300.0,71,Whistle15363,/lustre/fsn1/projects/rech/vzf/uqe97pu/raw_data/all_categories/NSW_9Exp_17_Jan_2020_1345pm336.911022154613_337.903657813527.wav
7641,Exp_01_Feb_2020_1345pm,NSW_9,227.175688411177,228.200691517247,3300.0,71,Whistle14193,/lustre/fsn1/projects/rech/vzf/uqe97pu/raw_data/all_categories/NSW_9Exp_01_Feb_2020_1345pm227.175688411177_228.200691517247.wav
8262,Exp_28_Nov_2019_1245pm,NSW_9,2202.2273407578,2203.26234420781,3000.0,80,Whistle15280,/lustre/fsn1/projects/rech/vzf/uqe97pu/raw_data/all_categories/NSW_9Exp_28_Nov_2019_1245pm2202.2273407578_2203.26234420781.wav
7946,Exp_22_Nov_2019_1145am,NSW_9,158.560847921958,159.553856052039,3600.0,72,Whistle14891,/lustre/fsn1/projects/rech/vzf/uqe97pu/raw_data/all_categories/NSW_9Exp_22_Nov_2019_1145am158.560847921958_159.553856052039.wav
7879,Exp_17_Jan_2020_0945am,NSW_9,92.3431803059323,92.9387000683934,3300.0,71,Whistle15118,/lustre/fsn1/projects/rech/vzf/uqe97pu/raw_data/all_categories/NSW_9Exp_17_Jan_2020_0945am92.3431803059323_92.9387000683934.wav
7999,Exp_09_Feb_2020_1345pm,NSW_9,743.262252309855,744.287255415925,3300.0,74,Whistle14271,/lustre/fsn1/projects/rech/vzf/uqe97pu/raw_data/all_categories/NSW_9Exp_09_Feb_2020_1345pm743.262252309855_744.287255415925.wav
8254,Exp_02_Mar_2020_1545pm,NSW_9,371.36623788746,372.64624215414,3000.0,80,Whistle14442,/lustre/fsn1/projects/rech/vzf/uqe97pu/raw_data/all_categories/NSW_9Exp_02_Mar_2020_1545pm371.36623788746_372.64624215414.wav
7814,Exp_16_Feb_2020_1245pm,NSW_9,2470.66045309408,2471.29579207713,3300.0,71,Whistle14777,/lustre/fsn1/projects/rech/vzf/uqe97pu/raw_data/all_categories/NSW_9Exp_16_Feb_2020_1245pm2470.66045309408_2471.29579207713.wav
8075,Exp_28_Nov_2019_1345pm,NSW_9,239.478514053236,240.129074398064,3000.0,74,Whistle14922,/lustre/fsn1/projects/rech/vzf/uqe97pu/raw_data/all_categories/NSW_9Exp_28_Nov_2019_1345pm239.478514053236_240.129074398064.wav
8202,Exp_16_Feb_2020_1245pm,NSW_9,2482.84260834432,2483.27746710138,3300.0,76,Whistle15180,/lustre/fsn1/projects/rech/vzf/uqe97pu/raw_data/all_categories/NSW_9Exp_16_Feb_2020_1245pm2482.84260834432_2483.27746710138.wav
7962,Exp_07_Mar_2020_1145am,NSW_9,362.236209454031,363.556181808277,3000.0,73,Whistle14485,/lustre/fsn1/projects/rech/vzf/uqe97pu/raw_data/all_categories/NSW_9Exp_07_Mar_2020_1145am362.236209454031_363.556181808277.wav
7718,Exp_06_Jan_2020_1345pm,NSW_9,436.295254910121,436.818973064883,3300.0,71,Whistle14350,/lustre/fsn1/projects/rech/vzf/uqe97pu/raw_data/all_categories/NSW_9Exp_06_Jan_2020_1345pm436.295254910121_436.818973064883.wav
7804,Exp_14_Dec_2019_0945am,NSW_9,453.668664268584,454.439600678468,3300.0,71,Whistle14728,/lustre/fsn1/projects/rech/vzf/uqe97pu/raw_data/all_categories/NSW_9Exp_14_Dec_2019_0945am453.668664268584_454.439600678468.wav
7925,Exp_04_Feb_2020_1145am,NSW_9,570.766731414338,572.125039106645,3300.0,72,Whistle14408,/lustre/fsn1/projects/rech/vzf/uqe97pu/raw_data/all_categories/NSW_9Exp_04_Feb_2020_1145am570.766731414338_572.125039106645.wav
8080,Exp_16_Nov_2019_1045am,NSW_9,3214.94070720107,3215.41889512053,3600.0,74,Whistle14998,/lustre/fsn1/projects/rech/vzf/uqe97pu/raw_data/all_categories/NSW_9Exp_16_Nov_2019_1045am3214.94070720107_3215.41889512053.wav
8031,Exp_08_Dec_2019_1045am,NSW_9,2696.2618530784,2696.9162449703,3300.0,74,Whistle14375,/lustre/fsn1/projects/rech/vzf/uqe97pu/raw_data/all_categories/NSW_9Exp_08_Dec_2019_1045am2696.2618530784_2696.9162449703.wav
8028,Exp_08_Dec_2019_1045am,NSW_9,2174.22078965089,2174.75377867671,3300.0,74,Whistle14371,/lustre/fsn1/projects/rech/vzf/uqe97pu/raw_data/all_categories/NSW_9Exp_08_Dec_2019_1045am2174.22078965089_2174.75377867671.wav
8114,Exp_07_Mar_2020_1145am,NSW_9,254.790849302831,255.815852719509,3000.0,75,Whistle14238,/lustre/fsn1/projects/rech/vzf/uqe97pu/raw_data/all_categories/NSW_9Exp_07_Mar_2020_1145am254.790849302831_255.815852719509.wav
7629,Exp_02_Mar_2020_1545pm,NSW_9,374.631248770829,375.131250437501,3000.0,71,Whistle14175,/lustre/fsn1/projects/rech/vzf/uqe97pu/raw_data/all_categories/NSW_9Exp_02_Mar_2020_1545pm374.631248770829_375.131250437501.wav
7669,Exp_08_Dec_2019_1045am,NSW_9,2435.11697990087,2435.86151977817,3300.0,71,Whistle14243,/lustre/fsn1/projects/rech/vzf/uqe97pu/raw_data/all_categories/NSW_9Exp_08_Dec_2019_1045am2435.11697990087_2435.86151977817.wav
7987,Exp_05_Jan_2020_1545pm,NSW_9,701.667126264019,702.692129370089,3300.0,74,Whistle14212,/lustre/fsn1/projects/rech/vzf/uqe97pu/raw_data/all_categories/NSW_9Exp_05_Jan_2020_1545pm701.667126264019_702.692129370089.wav
8104,Exp_16_Jan_2020_1145am,NSW_9,418.181267215961,419.006269715969,3300.0,74,Whistle15408,/lustre/fsn1/projects/rech/vzf/uqe97pu/raw_data/all_categories/NSW_9Exp_16_Jan_2020_1145am418.181267215961_419.006269715969.wav
8094,Exp_22_Nov_2019_1245pm,NSW_9,2613.61711951381,2614.16721297175,3600.0,74,Whistle15207,/lustre/fsn1/projects/rech/vzf/uqe97pu/raw_data/all_categories/NSW_9Exp_22_Nov_2019_1245pm2613.61711951381_2614.16721297175.wav
7640,Exp_01_Feb_2020_1345pm,NSW_9,146.559436948066,147.254491893121,3300.0,71,Whistle14192,/lustre/fsn1/projects/rech/vzf/uqe97pu/raw_data/all_categories/NSW_9Exp_01_Feb_2020_1345pm146.559436948066_147.254491893121.wav
7672,Exp_08_Feb_2020_1345pm,NSW_9,329.510998518177,330.536001624247,3300.0,71,Whistle14248,/lustre/fsn1/projects/rech/vzf/uqe97pu/raw_data/all_categories/NSW_9Exp_08_Feb_2020_1345pm329.510998518177_330.536001624247.wav
8260,Exp_11_Mar_2020_1145am,NSW_9,61.1702039006797,61.8702062340208,3000.0,80,Whistle15265,/lustre/fsn1/projects/rech/vzf/uqe97pu/raw_data/all_categories/NSW_9Exp_11_Mar_2020_1145am61.1702039006797_61.8702062340208.wav
8225,Exp_11_Mar_2020_1145am,NSW_9,59.7051990173301,60.2952009840033,3000.0,78,Whistle14512,/lustre/fsn1/projects/rech/vzf/uqe97pu/raw_data/all_categories/NSW_9Exp_11_Mar_2020_1145am59.7051990173301_60.2952009840033.wav
7627,Exp_02_Mar_2020_1145am,NSW_9,326.9760899203,328.001093336978,3000.0,71,Whistle14171,/lustre/fsn1/projects/rech/vzf/uqe97pu/raw_data/all_categories/NSW_9Exp_02_Mar_2020_1145am326.9760899203_328.001093336978.wav
8087,Exp_23_Nov_2019_1245pm,NSW_9,2896.31704406641,2897.07826453108,3000.0,74,Whistle15054,/lustre/fsn1/projects/rech/vzf/uqe97pu/raw_data/all_categories/NSW_9Exp_23_Nov_2019_1245pm2896.31704406641_2897.07826453108.wav
8228,Exp_12_Dec_2019_1045am,NSW_9,1568.12975190834,1568.32475249925,3300.0,78,Whistle15268,/lustre/fsn1/projects/rech/vzf/uqe97pu/raw_data/all_categories/NSW_9Exp_12_Dec_2019_1045am1568.12975190834_1568.32475249925.wav
7940,Exp_16_Nov_2019_1045am,NSW_9,3213.71015732604,3215.06889519012,3600.0,72,Whistle14629,/lustre/fsn1/projects/rech/vzf/uqe97pu/raw_data/all_categories/NSW_9Exp_16_Nov_2019_1045am3213.71015732604_3215.06889519012.wav
7907,Exp_15_Dec_2019_0845am,NSW_9,203.964780635844,204.575570109528,3300.0,71,Whistle15380,/lustre/fsn1/projects/rech/vzf/uqe97pu/raw_data/all_categories/NSW_9Exp_15_Dec_2019_0845am203.964780635844_204.575570109528.wav
8072,Exp_22_Nov_2019_1245pm,NSW_9,3184.08146203151,3184.55009484401,3600.0,74,Whistle14896,/lustre/fsn1/projects/rech/vzf/uqe97pu/raw_data/all_categories/NSW_9Exp_22_Nov_2019_1245pm3184.08146203151_3184.55009484401.wav
7909,Exp_15_Feb_2020_1345pm,NSW_9,110.497923592891,111.364022883671,3300.0,71,Whistle15385,/lustre/fsn1/projects/rech/vzf/uqe97pu/raw_data/all_categories/NSW_9Exp_15_Feb_2020_1345pm110.497923592891_111.364022883671.wav
8268,Exp_02_Jan_2020_1345pm,NSW_9,83.5705723701808,84.5115088781173,3300.0,82,Whistle14474,/lustre/fsn1/projects/rech/vzf/uqe97pu/raw_data/all_categories/NSW_9Exp_02_Jan_2020_1345pm83.5705723701808_84.5115088781173.wav
7849,Exp_14_Feb_2020_1145am,NSW_9,351.566065351713,352.111067003233,3300.0,71,Whistle14970,/lustre/fsn1/projects/rech/vzf/uqe97pu/raw_data/all_categories/NSW_9Exp_14_Feb_2020_1145am351.566065351713_352.111067003233.wav
7650,Exp_05_Jan_2020_1345pm,NSW_9,477.045050640393,477.720244438843,3300.0,71,Whistle14210,/lustre/fsn1/projects/rech/vzf/uqe97pu/raw_data/all_categories/NSW_9Exp_05_Jan_2020_1345pm477.045050640393_477.720244438843.wav
8141,Exp_21_Nov_2019_0945am,NSW_9,190.53052925147,191.805532793147,3600.0,75,Whistle15309,/lustre/fsn1/projects/rech/vzf/uqe97pu/raw_data/all_categories/NSW_9Exp_21_Nov_2019_0945am190.53052925147_191.805532793147.wav
7887,Exp_17_Dec_2019_1245pm,NSW_9,2893.29871125588,2893.74871125588,3300.0,71,Whistle15185,/lustre/fsn1/projects/rech/vzf/uqe97pu/raw_data/all_categories/NSW_9Exp_17_Dec_2019_1245pm2893.29871125588_2893.74871125588.wav
7674,Exp_08_Feb_2020_1345pm,NSW_9,334.971015063682,335.996018169752,3300.0,71,Whistle14250,/lustre/fsn1/projects/rech/vzf/uqe97pu/raw_data/all_categories/NSW_9Exp_08_Feb_2020_1345pm334.971015063682_335.996018169752.wav
7853,Exp_15_Feb_2020_1345pm,NSW_9,375.456137745872,376.31614035194,3300.0,71,Whistle14976,/lustre/fsn1/projects/rech/vzf/uqe97pu/raw_data/all_categories/NSW_9Exp_15_Feb_2020_1345pm375.456137745872_376.31614035194.wav
7661,Exp_01_Jan_2020_1045am,NSW_9,3149.16237728393,3150.03804503637,3300.0,71,Whistle14231,/lustre/fsn1/projects/rech/vzf/uqe97pu/raw_data/all_categories/NSW_9Exp_01_Jan_2020_1045am3149.16237728393_3150.03804503637.wav
7781,Exp_26_Nov_2019_1145am,NSW_9,252.73034966594,253.755824531892,3000.0,71,Whistle14619,/lustre/fsn1/projects/rech/vzf/uqe97pu/raw_data/all_categories/NSW_9Exp_26_Nov_2019_1145am252.73034966594_253.755824531892.wav
7861,Exp_17_Dec_2019_1245pm,NSW_9,2925.78528481475,2926.83788481475,3300.0,71,Whistle15009,/lustre/fsn1/projects/rech/vzf/uqe97pu/raw_data/all_categories/NSW_9Exp_17_Dec_2019_1245pm2925.78528481475_2926.83788481475.wav
8255,Exp_11_Dec_2019_1145am,NSW_9,263.881791768121,265.285178873977,3300.0,80,Whistle14652,/lustre/fsn1/projects/rech/vzf/uqe97pu/raw_data/all_categories/NSW_9Exp_11_Dec_2019_1145am263.881791768121_265.285178873977.wav
7799,Exp_12_Feb_2020_1145am,NSW_9,207.882126640661,208.703543963495,3300.0,71,Whistle14712,/lustre/fsn1/projects/rech/vzf/uqe97pu/raw_data/all_categories/NSW_9Exp_12_Feb_2020_1145am207.882126640661_208.703543963495.wav
8178,Exp_06_Feb_2020_1345pm,NSW_9,169.610515789442,171.020480202253,3300.0,76,Whistle14480,/lustre/fsn1/projects/rech/vzf/uqe97pu/raw_data/all_categories/NSW_9Exp_06_Feb_2020_1345pm169.610515789442_171.020480202253.wav
8053,Exp_07_Mar_2020_1145am,NSW_9,360.236200787336,361.961206537355,3000.0,74,Whistle14496,/lustre/fsn1/projects/rech/vzf/uqe97pu/raw_data/all_categories/NSW_9Exp_07_Mar_2020_1145am360.236200787336_361.961206537355.wav
7818,Exp_16_Nov_2019_1345pm,NSW_9,275.989145705897,276.523985888545,3600.0,71,Whistle14799,/lustre/fsn1/projects/rech/vzf/uqe97pu/raw_data/all_categories/NSW_9Exp_16_Nov_2019_1345pm275.989145705897_276.523985888545.wav
8180,Exp_07_Dec_2019_1245pm,NSW_9,2827.97357143506,2829.21034829457,3300.0,76,Whistle14482,/lustre/fsn1/projects/rech/vzf/uqe97pu/raw_data/all_categories/NSW_9Exp_07_Dec_2019_1245pm2827.97357143506_2829.21034829457.wav
8215,Exp_08_Dec_2019_1045am,NSW_9,1685.83511040943,1687.42007876386,3300.0,77,Whistle14487,/lustre/fsn1/projects/rech/vzf/uqe97pu/raw_data/all_categories/NSW_9Exp_08_Dec_2019_1045am1685.83511040943_1687.42007876386.wav
8259,Exp_17_Feb_2020_1245pm,NSW_9,2942.92891917854,2943.90216704179,3300.0,80,Whistle15013,/lustre/fsn1/projects/rech/vzf/uqe97pu/raw_data/all_categories/NSW_9Exp_17_Feb_2020_1245pm2942.92891917854_2943.90216704179.wav
8247,Exp_11_Jan_2020_0945am,NSW_9,511.396550898639,512.590106855318,3300.0,79,Whistle14658,/lustre/fsn1/projects/rech/vzf/uqe97pu/raw_data/all_categories/NSW_9Exp_11_Jan_2020_0945am511.396550898639_512.590106855318.wav
7691,Exp_02_Feb_2020_1545pm,NSW_9,32.0038844363155,32.7236352668802,3300.0,71,Whistle14279,/lustre/fsn1/projects/rech/vzf/uqe97pu/raw_data/all_categories/NSW_9Exp_02_Feb_2020_1545pm32.0038844363155_32.7236352668802.wav
8019,Exp_06_Dec_2019_1345pm,NSW_9,345.325277614556,345.909589882214,3000.0,74,Whistle14337,/lustre/fsn1/projects/rech/vzf/uqe97pu/raw_data/all_categories/NSW_9Exp_06_Dec_2019_1345pm345.325277614556_345.909589882214.wav
7792,Exp_11_Mar_2020_1145am,NSW_9,43.4401461338204,44.5335569865336,3000.0,71,Whistle14676,/lustre/fsn1/projects/rech/vzf/uqe97pu/raw_data/all_categories/NSW_9Exp_11_Mar_2020_1145am43.4401461338204_44.5335569865336.wav
8257,Exp_15_Jan_2020_0945am,NSW_9,46.3618720870058,47.3200971952309,3300.0,80,Whistle14762,/lustre/fsn1/projects/rech/vzf/uqe97pu/raw_data/all_categories/NSW_9Exp_15_Jan_2020_0945am46.3618720870058_47.3200971952309.wav
7786,Exp_11_Dec_2019_1145am,NSW_9,273.19858833502,273.804018199274,3300.0,71,Whistle14653,/lustre/fsn1/projects/rech/vzf/uqe97pu/raw_data/all_categories/NSW_9Exp_11_Dec_2019_1145am273.19858833502_273.804018199274.wav
7933,Exp_04_Feb_2020_1145am,NSW_9,532.3716150655,533.855645869527,3300.0,72,Whistle14453,/lustre/fsn1/projects/rech/vzf/uqe97pu/raw_data/all_categories/NSW_9Exp_04_Feb_2020_1145am532.3716150655_533.855645869527.wav
7817,Exp_16_Nov_2019_1345pm,NSW_9,243.234613568863,243.723905604261,3600.0,71,Whistle14797,/lustre/fsn1/projects/rech/vzf/uqe97pu/raw_data/all_categories/NSW_9Exp_16_Nov_2019_1345pm243.234613568863_243.723905604261.wav
8227,Exp_28_Nov_2019_0945am,NSW_9,297.90099300331,298.54099513665,3000.0,78,Whistle15252,/lustre/fsn1/projects/rech/vzf/uqe97pu/raw_data/all_categories/NSW_9Exp_28_Nov_2019_0945am297.90099300331_298.54099513665.wav
7989,Exp_06_Feb_2020_1345pm,NSW_9,202.375613259434,202.960615032167,3300.0,74,Whistle14220,/lustre/fsn1/projects/rech/vzf/uqe97pu/raw_data/all_categories/NSW_9Exp_06_Feb_2020_1345pm202.375613259434_202.960615032167.wav
8007,Exp_02_Mar_2020_1545pm,NSW_9,299.043849566001,299.648074918114,3000.0,74,Whistle14298,/lustre/fsn1/projects/rech/vzf/uqe97pu/raw_data/all_categories/NSW_9Exp_02_Mar_2020_1545pm299.043849566001_299.648074918114.wav
8067,Exp_17_Feb_2020_1345pm,NSW_9,171.87842002153,172.665486198,3300.0,74,Whistle14829,/lustre/fsn1/projects/rech/vzf/uqe97pu/raw_data/all_categories/NSW_9Exp_17_Feb_2020_1345pm171.87842002153_172.665486198.wav
7776,Exp_17_Dec_2019_1245pm,NSW_9,2891.88103411501,2892.54311519609,3300.0,71,Whistle14596,/lustre/fsn1/projects/rech/vzf/uqe97pu/raw_data/all_categories/NSW_9Exp_17_Dec_2019_1245pm2891.88103411501_2892.54311519609.wav
8027,Exp_08_Dec_2019_1045am,NSW_9,2105.08608942889,2105.49421684202,3300.0,74,Whistle14369,/lustre/fsn1/projects/rech/vzf/uqe97pu/raw_data/all_categories/NSW_9Exp_08_Dec_2019_1045am2105.08608942889_2105.49421684202.wav
8273,Exp_16_Jan_2020_1245pm,NSW_9,3182.17850831786,3182.62724781366,3300.0,82,Whistle15412,/lustre/fsn1/projects/rech/vzf/uqe97pu/raw_data/all_categories/NSW_9Exp_16_Jan_2020_1245pm3182.17850831786_3182.62724781366.wav
7850,Exp_14_Feb_2020_1145am,NSW_9,353.797753493159,354.46268399689,3300.0,71,Whistle14971,/lustre/fsn1/projects/rech/vzf/uqe97pu/raw_data/all_categories/NSW_9Exp_14_Feb_2020_1145am353.797753493159_354.46268399689.wav
8033,Exp_08_Jan_2020_1345pm,NSW_9,367.738918693175,368.297031175668,3300.0,74,Whistle14388,/lustre/fsn1/projects/rech/vzf/uqe97pu/raw_data/all_categories/NSW_9Exp_08_Jan_2020_1345pm367.738918693175_368.297031175668.wav
8151,Exp_02_Mar_2020_1545pm,NSW_9,391.141303804346,392.381307937693,3000.0,76,Whistle14295,/lustre/fsn1/projects/rech/vzf/uqe97pu/raw_data/all_categories/NSW_9Exp_02_Mar_2020_1545pm391.141303804346_392.381307937693.wav
7727,Exp_07_Mar_2020_1145am,NSW_9,256.539384830077,257.348824711849,3000.0,71,Whistle14366,/lustre/fsn1/projects/rech/vzf/uqe97pu/raw_data/all_categories/NSW_9Exp_07_Mar_2020_1145am256.539384830077_257.348824711849.wav
8107,Exp_16_Nov_2019_1345pm,NSW_9,282.558785029958,283.14887198648,3600.0,74,Whistle15427,/lustre/fsn1/projects/rech/vzf/uqe97pu/raw_data/all_categories/NSW_9Exp_16_Nov_2019_1345pm282.558785029958_283.14887198648.wav
7698,Exp_04_Feb_2020_1145am,NSW_9,531.429680099691,532.224894621143,3300.0,71,Whistle14305,/lustre/fsn1/projects/rech/vzf/uqe97pu/raw_data/all_categories/NSW_9Exp_04_Feb_2020_1145am531.429680099691_532.224894621143.wav
7739,Exp_09_Dec_2019_1245pm,NSW_9,2742.21661250644,2743.10770131658,3300.0,71,Whistle14396,/lustre/fsn1/projects/rech/vzf/uqe97pu/raw_data/all_categories/NSW_9Exp_09_Dec_2019_1245pm2742.21661250644_2743.10770131658.wav
8258,Exp_15_Jan_2020_1045am,NSW_9,3091.16700948513,3091.64693176492,3300.0,80,Whistle14764,/lustre/fsn1/projects/rech/vzf/uqe97pu/raw_data/all_categories/NSW_9Exp_15_Jan_2020_1045am3091.16700948513_3091.64693176492.wav
7743,Exp_02_Mar_2020_1145am,NSW_9,158.985529951767,160.300534335114,3000.0,71,Whistle14403,/lustre/fsn1/projects/rech/vzf/uqe97pu/raw_data/all_categories/NSW_9Exp_02_Mar_2020_1145am158.985529951767_160.300534335114.wav
8103,Exp_15_Jan_2020_1245pm,NSW_9,3097.16831212395,3097.72912364228,3300.0,74,Whistle15398,/lustre/fsn1/projects/rech/vzf/uqe97pu/raw_data/all_categories/NSW_9Exp_15_Jan_2020_1245pm3097.16831212395_3097.72912364228.wav
8130,Exp_16_Nov_2019_1045am,NSW_9,3241.83606317564,3242.83321119008,3600.0,75,Whistle14792,/lustre/fsn1/projects/rech/vzf/uqe97pu/raw_data/all_categories/NSW_9Exp_16_Nov_2019_1045am3241.83606317564_3242.83321119008.wav
8243,Exp_04_Jan_2020_0945am,NSW_9,865.745794830568,866.587583448454,3300.0,79,Whistle14308,/lustre/fsn1/projects/rech/vzf/uqe97pu/raw_data/all_categories/NSW_9Exp_04_Jan_2020_0945am865.745794830568_866.587583448454.wav
7831,Exp_21_Nov_2019_0945am,NSW_9,192.7335809977,193.374353724972,3600.0,71,Whistle14868,/lustre/fsn1/projects/rech/vzf/uqe97pu/raw_data/all_categories/NSW_9Exp_21_Nov_2019_0945am192.7335809977_193.374353724972.wav
8137,Exp_17_Jan_2020_1345pm,NSW_9,181.550550153182,182.82555401683,3300.0,75,Whistle15236,/lustre/fsn1/projects/rech/vzf/uqe97pu/raw_data/all_categories/NSW_9Exp_17_Jan_2020_1345pm181.550550153182_182.82555401683.wav
8060,Exp_21_Nov_2019_0945am,NSW_9,144.257864408118,145.560371654495,3600.0,74,Whistle14645,/lustre/fsn1/projects/rech/vzf/uqe97pu/raw_data/all_categories/NSW_9Exp_21_Nov_2019_0945am144.257864408118_145.560371654495.wav
8044,Exp_07_Mar_2020_0945am,NSW_9,70.6402354674515,71.2002373341244,3000.0,74,Whistle14425,/lustre/fsn1/projects/rech/vzf/uqe97pu/raw_data/all_categories/NSW_9Exp_07_Mar_2020_0945am70.6402354674515_71.2002373341244.wav
8123,Exp_13_Dec_2019_1345pm,NSW_9,457.006384867833,458.131388276934,3300.0,75,Whistle14513,/lustre/fsn1/projects/rech/vzf/uqe97pu/raw_data/all_categories/NSW_9Exp_13_Dec_2019_1345pm457.006384867833_458.131388276934.wav
7632,Exp_02_Mar_2020_1545pm,NSW_9,407.825053738714,408.282951827886,3000.0,71,Whistle14180,/lustre/fsn1/projects/rech/vzf/uqe97pu/raw_data/all_categories/NSW_9Exp_02_Mar_2020_1545pm407.825053738714_408.282951827886.wav
8092,Exp_12_Feb_2020_1145am,NSW_9,205.812691097822,207.230362123637,3300.0,74,Whistle15080,/lustre/fsn1/projects/rech/vzf/uqe97pu/raw_data/all_categories/NSW_9Exp_12_Feb_2020_1145am205.812691097822_207.230362123637.wav
7660,Exp_06_Jan_2020_1345pm,NSW_9,392.720398670274,393.416148670274,3300.0,71,Whistle14230,/lustre/fsn1/projects/rech/vzf/uqe97pu/raw_data/all_categories/NSW_9Exp_06_Jan_2020_1345pm392.720398670274_393.416148670274.wav
7763,Exp_05_Feb_2020_0945am,NSW_9,379.933055128057,380.851108225402,3300.0,71,Whistle14478,/lustre/fsn1/projects/rech/vzf/uqe97pu/raw_data/all_categories/NSW_9Exp_05_Feb_2020_0945am379.933055128057_380.851108225402.wav
7877,Exp_17_Dec_2019_1245pm,NSW_9,2855.26862482877,2856.24362482878,3300.0,71,Whistle15098,/lustre/fsn1/projects/rech/vzf/uqe97pu/raw_data/all_categories/NSW_9Exp_17_Dec_2019_1245pm2855.26862482877_2856.24362482878.wav
7927,Exp_06_Dec_2019_1345pm,NSW_9,516.61672205574,517.681725605752,3000.0,72,Whistle14416,/lustre/fsn1/projects/rech/vzf/uqe97pu/raw_data/all_categories/NSW_9Exp_06_Dec_2019_1345pm516.61672205574_517.681725605752.wav
8249,Exp_17_Dec_2019_1245pm,NSW_9,2902.00879517817,2903.04767448851,3300.0,79,Whistle14812,/lustre/fsn1/projects/rech/vzf/uqe97pu/raw_data/all_categories/NSW_9Exp_17_Dec_2019_1245pm2902.00879517817_2903.04767448851.wav
8106,Exp_16_Nov_2019_1345pm,NSW_9,16.6023443312187,17.6689281821504,3600.0,74,Whistle15423,/lustre/fsn1/projects/rech/vzf/uqe97pu/raw_data/all_categories/NSW_9Exp_16_Nov_2019_1345pm16.6023443312187_17.6689281821504.wav
7992,Exp_06_Jan_2020_1345pm,NSW_9,229.964568611525,230.810428367623,3300.0,74,Whistle14227,/lustre/fsn1/projects/rech/vzf/uqe97pu/raw_data/all_categories/NSW_9Exp_06_Jan_2020_1345pm229.964568611525_230.810428367623.wav
7683,Exp_09_Dec_2019_1145am,NSW_9,652.701977884781,653.726980990851,3300.0,71,Whistle14264,/lustre/fsn1/projects/rech/vzf/uqe97pu/raw_data/all_categories/NSW_9Exp_09_Dec_2019_1145am652.701977884781_653.726980990851.wav
7735,Exp_08_Jan_2020_1345pm,NSW_9,472.19710306494,472.791393974031,3300.0,71,Whistle14389,/lustre/fsn1/projects/rech/vzf/uqe97pu/raw_data/all_categories/NSW_9Exp_08_Jan_2020_1345pm472.19710306494_472.791393974031.wav
8061,Exp_27_Nov_2019_1145am,NSW_9,198.141100761444,198.990631592543,3000.0,74,Whistle14650,/lustre/fsn1/projects/rech/vzf/uqe97pu/raw_data/all_categories/NSW_9Exp_27_Nov_2019_1145am198.141100761444_198.990631592543.wav
8073,Exp_23_Nov_2019_1145am,NSW_9,490.495036204012,491.146584427363,3000.0,74,Whistle14907,/lustre/fsn1/projects/rech/vzf/uqe97pu/raw_data/all_categories/NSW_9Exp_23_Nov_2019_1145am490.495036204012_491.146584427363.wav
8064,Exp_16_Jan_2020_1145am,NSW_9,223.764068635752,224.535635159357,3300.0,74,Whistle14784,/lustre/fsn1/projects/rech/vzf/uqe97pu/raw_data/all_categories/NSW_9Exp_16_Jan_2020_1145am223.764068635752_224.535635159357.wav
7886,Exp_16_Jan_2020_1145am,NSW_9,380.119450554023,380.761099768682,3300.0,71,Whistle15181,/lustre/fsn1/projects/rech/vzf/uqe97pu/raw_data/all_categories/NSW_9Exp_16_Jan_2020_1145am380.119450554023_380.761099768682.wav
8174,Exp_02_Jan_2020_1345pm,NSW_9,2551.53428291469,2552.51647848665,3300.0,76,Whistle14475,/lustre/fsn1/projects/rech/vzf/uqe97pu/raw_data/all_categories/NSW_9Exp_02_Jan_2020_1345pm2551.53428291469_2552.51647848665.wav
7921,Exp_19_Nov_2019_1345pm,NSW_9,337.447009426153,338.433009553574,3600.0,71,Whistle15475,/lustre/fsn1/projects/rech/vzf/uqe97pu/raw_data/all_categories/NSW_9Exp_19_Nov_2019_1345pm337.447009426153_338.433009553574.wav
8038,Exp_02_Mar_2020_1545pm,NSW_9,386.331287770959,387.571291904306,3000.0,74,Whistle14407,/lustre/fsn1/projects/rech/vzf/uqe97pu/raw_data/all_categories/NSW_9Exp_02_Mar_2020_1545pm386.331287770959_387.571291904306.wav
7774,Exp_15_Jan_2020_1045am,NSW_9,3092.49278718816,3093.15932184163,3300.0,71,Whistle14588,/lustre/fsn1/projects/rech/vzf/uqe97pu/raw_data/all_categories/NSW_9Exp_15_Jan_2020_1045am3092.49278718816_3093.15932184163.wav
7890,Exp_22_Nov_2019_1245pm,NSW_9,3472.77464659624,3473.45464848513,3600.0,71,Whistle15442,/lustre/fsn1/projects/rech/vzf/uqe97pu/raw_data/all_categories/NSW_9Exp_22_Nov_2019_1245pm3472.77464659624_3473.45464848513.wav
8193,Exp_24_Nov_2019_1245pm,NSW_9,2804.55652284421,2805.32757027504,3000.0,76,Whistle14912,/lustre/fsn1/projects/rech/vzf/uqe97pu/raw_data/all_categories/NSW_9Exp_24_Nov_2019_1245pm2804.55652284421_2805.32757027504.wav
7983,Exp_05_Jan_2020_1345pm,NSW_9,523.17158536844,524.486589353301,3300.0,74,Whistle14207,/lustre/fsn1/projects/rech/vzf/uqe97pu/raw_data/all_categories/NSW_9Exp_05_Jan_2020_1345pm523.17158536844_524.486589353301.wav
8205,Exp_24_Nov_2019_1245pm,NSW_9,2803.14081861807,2804.0328704109,3000.0,76,Whistle15377,/lustre/fsn1/projects/rech/vzf/uqe97pu/raw_data/all_categories/NSW_9Exp_24_Nov_2019_1245pm2803.14081861807_2804.0328704109.wav
7662,Exp_07_Dec_2019_0845am,NSW_9,251.439549392876,252.375728794869,3300.0,71,Whistle14232,/lustre/fsn1/projects/rech/vzf/uqe97pu/raw_data/all_categories/NSW_9Exp_07_Dec_2019_0845am251.439549392876_252.375728794869.wav
7751,Exp_06_Jan_2020_0945am,NSW_9,935.83032812139,936.655850006912,3300.0,71,Whistle14419,/lustre/fsn1/projects/rech/vzf/uqe97pu/raw_data/all_categories/NSW_9Exp_06_Jan_2020_0945am935.83032812139_936.655850006912.wav
8047,Exp_03_Jan_2020_1045am,NSW_9,2799.96848657117,2800.90101473005,3300.0,74,Whistle14458,/lustre/fsn1/projects/rech/vzf/uqe97pu/raw_data/all_categories/NSW_9Exp_03_Jan_2020_1045am2799.96848657117_2800.90101473005.wav
8040,Exp_07_Dec_2019_1245pm,NSW_9,2512.0676123261,2513.09261543217,3300.0,74,Whistle14421,/lustre/fsn1/projects/rech/vzf/uqe97pu/raw_data/all_categories/NSW_9Exp_07_Dec_2019_1245pm2512.0676123261_2513.09261543217.wav
7931,Exp_06_Jan_2020_0845am,NSW_9,213.880649941363,215.348694018498,3300.0,72,Whistle14440,/lustre/fsn1/projects/rech/vzf/uqe97pu/raw_data/all_categories/NSW_9Exp_06_Jan_2020_0845am213.880649941363_215.348694018498.wav
7822,Exp_17_Feb_2020_1345pm,NSW_9,201.433428850335,202.03888339579,3300.0,71,Whistle14831,/lustre/fsn1/projects/rech/vzf/uqe97pu/raw_data/all_categories/NSW_9Exp_17_Feb_2020_1345pm201.433428850335_202.03888339579.wav
7975,Exp_02_Mar_2020_1545pm,NSW_9,400.691335637785,402.006340021133,3000.0,74,Whistle14174,/lustre/fsn1/projects/rech/vzf/uqe97pu/raw_data/all_categories/NSW_9Exp_02_Mar_2020_1545pm400.691335637785_402.006340021133.wav
8119,Exp_09_Jan_2020_1145am,NSW_9,416.531262215946,417.271264458377,3300.0,75,Whistle14276,/lustre/fsn1/projects/rech/vzf/uqe97pu/raw_data/all_categories/NSW_9Exp_09_Jan_2020_1145am416.531262215946_417.271264458377.wav
7770,Exp_12_Dec_2019_1145am,NSW_9,25.6994419221661,26.3398232780983,3300.0,71,Whistle14551,/lustre/fsn1/projects/rech/vzf/uqe97pu/raw_data/all_categories/NSW_9Exp_12_Dec_2019_1145am25.6994419221661_26.3398232780983.wav
8233,Exp_16_Jan_2020_1145am,NSW_9,416.251261367459,416.946263473526,3300.0,78,Whistle15294,/lustre/fsn1/projects/rech/vzf/uqe97pu/raw_data/all_categories/NSW_9Exp_16_Jan_2020_1145am416.251261367459_416.946263473526.wav
8252,Exp_17_Dec_2019_1245pm,NSW_9,3016.38637725401,3017.11749539747,3300.0,79,Whistle15105,/lustre/fsn1/projects/rech/vzf/uqe97pu/raw_data/all_categories/NSW_9Exp_17_Dec_2019_1245pm3016.38637725401_3017.11749539747.wav
8043,Exp_07_Mar_2020_0945am,NSW_9,391.416304721016,392.656308854363,3000.0,74,Whistle14424,/lustre/fsn1/projects/rech/vzf/uqe97pu/raw_data/all_categories/NSW_9Exp_07_Mar_2020_0945am391.416304721016_392.656308854363.wav
8207,Exp_16_Jan_2020_1245pm,NSW_9,1984.27683738097,1985.00248443979,3300.0,76,Whistle15455,/lustre/fsn1/projects/rech/vzf/uqe97pu/raw_data/all_categories/NSW_9Exp_16_Jan_2020_1245pm1984.27683738097_1985.00248443979.wav
7771,Exp_12_Feb_2020_1145am,NSW_9,126.857438313909,127.553341892969,3300.0,71,Whistle14555,/lustre/fsn1/projects/rech/vzf/uqe97pu/raw_data/all_categories/NSW_9Exp_12_Feb_2020_1145am126.857438313909_127.553341892969.wav
8140,Exp_17_Jan_2020_1345pm,NSW_9,339.146027715235,340.361031397065,3300.0,75,Whistle15307,/lustre/fsn1/projects/rech/vzf/uqe97pu/raw_data/all_categories/NSW_9Exp_17_Jan_2020_1345pm339.146027715235_340.361031397065.wav
7972,Exp_17_Dec_2019_1245pm,NSW_9,2924.3838629814,2925.54800292705,3300.0,73,Whistle14565,/lustre/fsn1/projects/rech/vzf/uqe97pu/raw_data/all_categories/NSW_9Exp_17_Dec_2019_1245pm2924.3838629814_2925.54800292705.wav
7949,Exp_21_Nov_2019_1345pm,NSW_9,423.816178378273,424.909755453372,3600.0,72,Whistle15044,/lustre/fsn1/projects/rech/vzf/uqe97pu/raw_data/all_categories/NSW_9Exp_21_Nov_2019_1345pm423.816178378273_424.909755453372.wav
8161,Exp_07_Mar_2020_1145am,NSW_9,253.074217094661,253.739004685241,3000.0,76,Whistle14365,/lustre/fsn1/projects/rech/vzf/uqe97pu/raw_data/all_categories/NSW_9Exp_07_Mar_2020_1145am253.074217094661_253.739004685241.wav
7747,Exp_05_Feb_2020_0945am,NSW_9,388.28347148163,389.199797508829,3300.0,71,Whistle14411,/lustre/fsn1/projects/rech/vzf/uqe97pu/raw_data/all_categories/NSW_9Exp_05_Feb_2020_0945am388.28347148163_389.199797508829.wav
8214,Exp_08_Dec_2019_1045am,NSW_9,2362.03215949139,2363.20644235992,3300.0,77,Whistle14486,/lustre/fsn1/projects/rech/vzf/uqe97pu/raw_data/all_categories/NSW_9Exp_08_Dec_2019_1045am2362.03215949139_2363.20644235992.wav
7720,Exp_06_Jan_2020_1345pm,NSW_9,321.219826156247,321.717737920953,3300.0,71,Whistle14352,/lustre/fsn1/projects/rech/vzf/uqe97pu/raw_data/all_categories/NSW_9Exp_06_Jan_2020_1345pm321.219826156247_321.717737920953.wav
7767,Exp_11_Mar_2020_1145am,NSW_9,149.525499751666,150.634035765878,3000.0,71,Whistle14538,/lustre/fsn1/projects/rech/vzf/uqe97pu/raw_data/all_categories/NSW_9Exp_11_Mar_2020_1145am149.525499751666_150.634035765878.wav
7863,Exp_20_Nov_2019_1145am,NSW_9,320.31588976636,320.905891405254,3600.0,71,Whistle15035,/lustre/fsn1/projects/rech/vzf/uqe97pu/raw_data/all_categories/NSW_9Exp_20_Nov_2019_1145am320.31588976636_320.905891405254.wav
8018,Exp_05_Mar_2020_1345pm,NSW_9,405.08920789736,405.813679947049,3000.0,74,Whistle14335,/lustre/fsn1/projects/rech/vzf/uqe97pu/raw_data/all_categories/NSW_9Exp_05_Mar_2020_1345pm405.08920789736_405.813679947049.wav
8091,Exp_11_Mar_2020_0945am,NSW_9,434.847729341268,435.522923139718,3000.0,74,Whistle15071,/lustre/fsn1/projects/rech/vzf/uqe97pu/raw_data/all_categories/NSW_9Exp_11_Mar_2020_0945am434.847729341268_435.522923139718.wav
7721,Exp_07_Dec_2019_0845am,NSW_9,62.9134964220653,63.3508931162802,3300.0,71,Whistle14354,/lustre/fsn1/projects/rech/vzf/uqe97pu/raw_data/all_categories/NSW_9Exp_07_Dec_2019_0845am62.9134964220653_63.3508931162802.wav
7995,Exp_08_Dec_2019_1045am,NSW_9,2297.84636479277,2298.57192463834,3300.0,74,Whistle14241,/lustre/fsn1/projects/rech/vzf/uqe97pu/raw_data/all_categories/NSW_9Exp_08_Dec_2019_1045am2297.84636479277_2298.57192463834.wav
7948,Exp_16_Dec_2019_1145am,NSW_9,399.756212594584,400.774260403349,3300.0,72,Whistle14985,/lustre/fsn1/projects/rech/vzf/uqe97pu/raw_data/all_categories/NSW_9Exp_16_Dec_2019_1145am399.756212594584_400.774260403349.wav
7903,Exp_17_Jan_2020_0945am,NSW_9,93.7939315445341,94.3352256621811,3300.0,71,Whistle15359,/lustre/fsn1/projects/rech/vzf/uqe97pu/raw_data/all_categories/NSW_9Exp_17_Jan_2020_0945am93.7939315445341_94.3352256621811.wav
7917,Exp_11_Jan_2020_0945am,NSW_9,627.656901990612,628.681905096682,3300.0,71,Whistle15216,/lustre/fsn1/projects/rech/vzf/uqe97pu/raw_data/all_categories/NSW_9Exp_11_Jan_2020_0945am627.656901990612_628.681905096682.wav
7878,Exp_17_Dec_2019_1245pm,NSW_9,2852.09183452058,2852.98232010495,3300.0,71,Whistle15108,/lustre/fsn1/projects/rech/vzf/uqe97pu/raw_data/all_categories/NSW_9Exp_17_Dec_2019_1245pm2852.09183452058_2852.98232010495.wav
8024,Exp_07_Mar_2020_0945am,NSW_9,54.6130473143818,55.1057470388997,3000.0,74,Whistle14363,/lustre/fsn1/projects/rech/vzf/uqe97pu/raw_data/all_categories/NSW_9Exp_07_Mar_2020_0945am54.6130473143818_55.1057470388997.wav
7746,Exp_04_Jan_2020_1345pm,NSW_9,567.25172076279,568.197651362159,3300.0,71,Whistle14410,/lustre/fsn1/projects/rech/vzf/uqe97pu/raw_data/all_categories/NSW_9Exp_04_Jan_2020_1345pm567.25172076279_568.197651362159.wav
7807,Exp_17_Jan_2020_1345pm,NSW_9,341.364159275861,342.355999553639,3300.0,71,Whistle14640,/lustre/fsn1/projects/rech/vzf/uqe97pu/raw_data/all_categories/NSW_9Exp_17_Jan_2020_1345pm341.364159275861_342.355999553639.wav
7826,Exp_20_Nov_2019_0845am,NSW_9,3400.63231282011,3401.44441271915,3600.0,71,Whistle14852,/lustre/fsn1/projects/rech/vzf/uqe97pu/raw_data/all_categories/NSW_9Exp_20_Nov_2019_0845am3400.63231282011_3401.44441271915.wav
8062,Exp_13_Dec_2019_1345pm,NSW_9,445.429418893221,445.939762808565,3300.0,74,Whistle14720,/lustre/fsn1/projects/rech/vzf/uqe97pu/raw_data/all_categories/NSW_9Exp_13_Dec_2019_1345pm445.429418893221_445.939762808565.wav
7947,Exp_15_Jan_2020_1245pm,NSW_9,3082.60934245255,3084.1434837013,3300.0,72,Whistle14979,/lustre/fsn1/projects/rech/vzf/uqe97pu/raw_data/all_categories/NSW_9Exp_15_Jan_2020_1245pm3082.60934245255_3084.1434837013.wav
7870,Exp_11_Dec_2019_1145am,NSW_9,264.638809277246,265.364741376012,3300.0,71,Whistle15065,/lustre/fsn1/projects/rech/vzf/uqe97pu/raw_data/all_categories/NSW_9Exp_11_Dec_2019_1145am264.638809277246_265.364741376012.wav
8039,Exp_05_Jan_2020_1545pm,NSW_9,702.317128233722,703.632132218583,3300.0,74,Whistle14415,/lustre/fsn1/projects/rech/vzf/uqe97pu/raw_data/all_categories/NSW_9Exp_05_Jan_2020_1545pm702.317128233722_703.632132218583.wav
7821,Exp_17_Feb_2020_1345pm,NSW_9,68.612265810908,69.4639526109738,3300.0,71,Whistle14828,/lustre/fsn1/projects/rech/vzf/uqe97pu/raw_data/all_categories/NSW_9Exp_17_Feb_2020_1345pm68.612265810908_69.4639526109738.wav
8169,Exp_09_Dec_2019_1145am,NSW_9,644.549059223624,645.31879606573,3300.0,76,Whistle14392,/lustre/fsn1/projects/rech/vzf/uqe97pu/raw_data/all_categories/NSW_9Exp_09_Dec_2019_1145am644.549059223624_645.31879606573.wav
8173,Exp_08_Feb_2020_1045am,NSW_9,3223.5523697827,3224.43196774311,3300.0,76,Whistle14470,/lustre/fsn1/projects/rech/vzf/uqe97pu/raw_data/all_categories/NSW_9Exp_08_Feb_2020_1045am3223.5523697827_3224.43196774311.wav
8131,Exp_28_Nov_2019_0945am,NSW_9,1064.70354901183,1065.72355241184,3000.0,75,Whistle14919,/lustre/fsn1/projects/rech/vzf/uqe97pu/raw_data/all_categories/NSW_9Exp_28_Nov_2019_0945am1064.70354901183_1065.72355241184.wav
8204,Exp_11_Mar_2020_1145am,NSW_9,462.461780031162,463.000444414723,3000.0,76,Whistle15320,/lustre/fsn1/projects/rech/vzf/uqe97pu/raw_data/all_categories/NSW_9Exp_11_Mar_2020_1145am462.461780031162_463.000444414723.wav
8105,Exp_16_Nov_2019_1045am,NSW_9,3214.41609980355,3214.87966569502,3600.0,74,Whistle15413,/lustre/fsn1/projects/rech/vzf/uqe97pu/raw_data/all_categories/NSW_9Exp_16_Nov_2019_1045am3214.41609980355_3214.87966569502.wav
7749,Exp_05_Jan_2020_1345pm,NSW_9,449.426361898066,450.741365882927,3300.0,71,Whistle14413,/lustre/fsn1/projects/rech/vzf/uqe97pu/raw_data/all_categories/NSW_9Exp_05_Jan_2020_1345pm449.426361898066_450.741365882927.wav
8026,Exp_07_Mar_2020_1545pm,NSW_9,841.650501984118,842.817774711391,3000.0,74,Whistle14368,/lustre/fsn1/projects/rech/vzf/uqe97pu/raw_data/all_categories/NSW_9Exp_07_Mar_2020_1545pm841.650501984118_842.817774711391.wav
8143,Exp_15_Jan_2020_1045am,NSW_9,3111.70942942251,3112.34443134676,3300.0,75,Whistle15395,/lustre/fsn1/projects/rech/vzf/uqe97pu/raw_data/all_categories/NSW_9Exp_15_Jan_2020_1045am3111.70942942251_3112.34443134676.wav
8250,Exp_17_Feb_2020_1145am,NSW_9,152.933041536759,153.689708203426,3300.0,79,Whistle15010,/lustre/fsn1/projects/rech/vzf/uqe97pu/raw_data/all_categories/NSW_9Exp_17_Feb_2020_1145am152.933041536759_153.689708203426.wav
7847,Exp_13_Dec_2019_1345pm,NSW_9,416.899673551168,417.449696592643,3300.0,71,Whistle14963,/lustre/fsn1/projects/rech/vzf/uqe97pu/raw_data/all_categories/NSW_9Exp_13_Dec_2019_1345pm416.899673551168_417.449696592643.wav
7966,Exp_17_Feb_2020_1245pm,NSW_9,3156.01549323064,3157.31851180649,3300.0,73,Whistle14638,/lustre/fsn1/projects/rech/vzf/uqe97pu/raw_data/all_categories/NSW_9Exp_17_Feb_2020_1245pm3156.01549323064_3157.31851180649.wav
7677,Exp_08_Jan_2020_1245pm,NSW_9,3159.40457395325,3160.13957618053,3300.0,71,Whistle14255,/lustre/fsn1/projects/rech/vzf/uqe97pu/raw_data/all_categories/NSW_9Exp_08_Jan_2020_1245pm3159.40457395325_3160.13957618053.wav
7843,Exp_11_Mar_2020_0945am,NSW_9,601.590485173351,602.406965173351,3000.0,71,Whistle14936,/lustre/fsn1/projects/rech/vzf/uqe97pu/raw_data/all_categories/NSW_9Exp_11_Mar_2020_0945am601.590485173351_602.406965173351.wav
7753,Exp_07_Mar_2020_0945am,NSW_9,71.5202384007947,72.5452418174727,3000.0,71,Whistle14426,/lustre/fsn1/projects/rech/vzf/uqe97pu/raw_data/all_categories/NSW_9Exp_07_Mar_2020_0945am71.5202384007947_72.5452418174727.wav
8220,Exp_04_Jan_2020_1345pm,NSW_9,547.656957671099,548.537733248657,3300.0,78,Whistle14439,/lustre/fsn1/projects/rech/vzf/uqe97pu/raw_data/all_categories/NSW_9Exp_04_Jan_2020_1345pm547.656957671099_548.537733248657.wav
8111,Exp_05_Feb_2020_0945am,NSW_9,623.701890005727,624.726893111797,3300.0,75,Whistle14202,/lustre/fsn1/projects/rech/vzf/uqe97pu/raw_data/all_categories/NSW_9Exp_05_Feb_2020_0945am623.701890005727_624.726893111797.wav
7810,Exp_15_Jan_2020_0945am,NSW_9,47.7724852493576,48.5289855199204,3300.0,71,Whistle14761,/lustre/fsn1/projects/rech/vzf/uqe97pu/raw_data/all_categories/NSW_9Exp_15_Jan_2020_0945am47.7724852493576_48.5289855199204.wav
8223,Exp_08_Dec_2019_1045am,NSW_9,2286.99477572683,2287.19671067887,3300.0,78,Whistle14451,/lustre/fsn1/projects/rech/vzf/uqe97pu/raw_data/all_categories/NSW_9Exp_08_Dec_2019_1045am2286.99477572683_2287.19671067887.wav
8063,Exp_15_Feb_2020_0945am,NSW_9,106.48915542423,106.902852965522,3300.0,74,Whistle14745,/lustre/fsn1/projects/rech/vzf/uqe97pu/raw_data/all_categories/NSW_9Exp_15_Feb_2020_0945am106.48915542423_106.902852965522.wav
8253,Exp_22_Nov_2019_1245pm,NSW_9,2614.18963348783,2615.43631812394,3600.0,79,Whistle15141,/lustre/fsn1/projects/rech/vzf/uqe97pu/raw_data/all_categories/NSW_9Exp_22_Nov_2019_1245pm2614.18963348783_2615.43631812394.wav
7724,Exp_07_Dec_2019_1245pm,NSW_9,2509.93760587153,2510.81760853821,3300.0,71,Whistle14357,/lustre/fsn1/projects/rech/vzf/uqe97pu/raw_data/all_categories/NSW_9Exp_07_Dec_2019_1245pm2509.93760587153_2510.81760853821.wav
8121,Exp_04_Feb_2020_1145am,NSW_9,175.540531941006,176.565535047076,3300.0,75,Whistle14306,/lustre/fsn1/projects/rech/vzf/uqe97pu/raw_data/all_categories/NSW_9Exp_04_Feb_2020_1145am175.540531941006_176.565535047076.wav
8010,Exp_04_Jan_2020_0945am,NSW_9,868.606686637789,869.151551502654,3300.0,74,Whistle14309,/lustre/fsn1/projects/rech/vzf/uqe97pu/raw_data/all_categories/NSW_9Exp_04_Jan_2020_0945am868.606686637789_869.151551502654.wav
8261,Exp_17_Dec_2019_1245pm,NSW_9,2926.29386755717,2926.99386967839,3300.0,80,Whistle15272,/lustre/fsn1/projects/rech/vzf/uqe97pu/raw_data/all_categories/NSW_9Exp_17_Dec_2019_1245pm2926.29386755717_2926.99386967839.wav
7918,Exp_23_Nov_2019_1245pm,NSW_9,2337.39615592862,2338.10269798469,3000.0,71,Whistle15445,/lustre/fsn1/projects/rech/vzf/uqe97pu/raw_data/all_categories/NSW_9Exp_23_Nov_2019_1245pm2337.39615592862_2338.10269798469.wav
7891,Exp_11_Mar_2020_1145am,NSW_9,58.2751942506475,59.2701975673252,3000.0,71,Whistle15217,/lustre/fsn1/projects/rech/vzf/uqe97pu/raw_data/all_categories/NSW_9Exp_11_Mar_2020_1145am58.2751942506475_59.2701975673252.wav
7675,Exp_08_Feb_2020_1345pm,NSW_9,124.905378501147,125.700380910245,3300.0,71,Whistle14251,/lustre/fsn1/projects/rech/vzf/uqe97pu/raw_data/all_categories/NSW_9Exp_08_Feb_2020_1345pm124.905378501147_125.700380910245.wav
8065,Exp_17_Dec_2019_1245pm,NSW_9,2863.23716782984,2863.8070385195,3300.0,74,Whistle14804,/lustre/fsn1/projects/rech/vzf/uqe97pu/raw_data/all_categories/NSW_9Exp_17_Dec_2019_1245pm2863.23716782984_2863.8070385195.wav
8136,Exp_16_Nov_2019_1345pm,NSW_9,275.245764571568,276.520768113245,3600.0,75,Whistle15228,/lustre/fsn1/projects/rech/vzf/uqe97pu/raw_data/all_categories/NSW_9Exp_16_Nov_2019_1345pm275.245764571568_276.520768113245.wav
7736,Exp_09_Dec_2019_1145am,NSW_9,743.261484796076,743.800079140316,3300.0,71,Whistle14391,/lustre/fsn1/projects/rech/vzf/uqe97pu/raw_data/all_categories/NSW_9Exp_09_Dec_2019_1145am743.261484796076_743.800079140316.wav
7803,Exp_13_Dec_2019_1345pm,NSW_9,456.435209731774,456.985770956263,3300.0,71,Whistle14726,/lustre/fsn1/projects/rech/vzf/uqe97pu/raw_data/all_categories/NSW_9Exp_13_Dec_2019_1345pm456.435209731774_456.985770956263.wav
7856,Exp_16_Dec_2019_1345pm,NSW_9,1151.65348985906,1152.23849163179,3300.0,71,Whistle14987,/lustre/fsn1/projects/rech/vzf/uqe97pu/raw_data/all_categories/NSW_9Exp_16_Dec_2019_1345pm1151.65348985906_1152.23849163179.wav
4481,Exp_07_Mar_2020_1145am,SW_Luna,2659.60516132873,2660.75646986867,3000.0,40,Whistle6716,/lustre/fsn1/projects/rech/vzf/uqe97pu/raw_data/all_categories/SW_LunaExp_07_Mar_2020_1145am2659.60516132873_2660.75646986867.wav
4207,Exp_05_Feb_2020_1345pm,SW_Luna,202.947163315058,203.904004966737,3300.0,40,Whistle6358,/lustre/fsn1/projects/rech/vzf/uqe97pu/raw_data/all_categories/SW_LunaExp_05_Feb_2020_1345pm202.947163315058_203.904004966737.wav
5194,Exp_22_Nov_2019_1545pm,SW_Luna,296.967806845606,298.190291557145,3000.0,41,Whistle11790,/lustre/fsn1/projects/rech/vzf/uqe97pu/raw_data/all_categories/SW_LunaExp_22_Nov_2019_1545pm296.967806845606_298.190291557145.wav
5949,Exp_27_Nov_2019_1145am,SW_Luna,92.8503095010317,93.5903119677066,3000.0,43,Whistle12545,/lustre/fsn1/projects/rech/vzf/uqe97pu/raw_data/all_categories/SW_LunaExp_27_Nov_2019_1145am92.8503095010317_93.5903119677066.wav
4290,Exp_05_Jan_2020_1545pm,SW_Luna,391.406976812633,392.465699582343,3300.0,40,Whistle6459,/lustre/fsn1/projects/rech/vzf/uqe97pu/raw_data/all_categories/SW_LunaExp_05_Jan_2020_1545pm391.406976812633_392.465699582343.wav
5521,Exp_12_Dec_2019_1045am,SW_Luna,963.557304853768,963.90599469334,3300.0,41,Whistle7883,/lustre/fsn1/projects/rech/vzf/uqe97pu/raw_data/all_categories/SW_LunaExp_12_Dec_2019_1045am963.557304853768_963.90599469334.wav
3832,Exp_16_Jan_2020_1345pm,SW_Luna,176.399908054581,177.248658054581,3300.0,40,Whistle11094,/lustre/fsn1/projects/rech/vzf/uqe97pu/raw_data/all_categories/SW_LunaExp_16_Jan_2020_1345pm176.399908054581_177.248658054581.wav
5050,Exp_16_Jan_2020_1245pm,SW_Luna,3276.92993130282,3278.07488744317,3300.0,40,Whistle9701,/lustre/fsn1/projects/rech/vzf/uqe97pu/raw_data/all_categories/SW_LunaExp_16_Jan_2020_1245pm3276.92993130282_3278.07488744317.wav
6029,Exp_08_Dec_2019_1045am,SW_Luna,979.89718216803,980.219701853069,3300.0,43,Whistle7247,/lustre/fsn1/projects/rech/vzf/uqe97pu/raw_data/all_categories/SW_LunaExp_08_Dec_2019_1045am979.89718216803_980.219701853069.wav
5839,Exp_25_Nov_2019_0945am,SW_Luna,1318.01833669735,1318.99436154207,3000.0,42,Whistle8355,/lustre/fsn1/projects/rech/vzf/uqe97pu/raw_data/all_categories/SW_LunaExp_25_Nov_2019_0945am1318.01833669735_1318.99436154207.wav
6018,Exp_01_Jan_2020_1045am,SW_Luna,1820.0222339073,1820.90391329661,3300.0,43,Whistle7168,/lustre/fsn1/projects/rech/vzf/uqe97pu/raw_data/all_categories/SW_LunaExp_01_Jan_2020_1045am1820.0222339073_1820.90391329661.wav
4305,Exp_05_Jan_2020_1545pm,SW_Luna,526.794307045168,527.831560566295,3300.0,40,Whistle6476,/lustre/fsn1/projects/rech/vzf/uqe97pu/raw_data/all_categories/SW_LunaExp_05_Jan_2020_1545pm526.794307045168_527.831560566295.wav
4984,Exp_13_Dec_2019_0945am,SW_Luna,2351.68370082301,2352.49050933365,3300.0,40,Whistle9274,/lustre/fsn1/projects/rech/vzf/uqe97pu/raw_data/all_categories/SW_LunaExp_13_Dec_2019_0945am2351.68370082301_2352.49050933365.wav
5640,Exp_14_Feb_2020_1345pm,SW_Luna,3174.5519023838,3175.22746254977,3300.0,42,Whistle10531,/lustre/fsn1/projects/rech/vzf/uqe97pu/raw_data/all_categories/SW_LunaExp_14_Feb_2020_1345pm3174.5519023838_3175.22746254977.wav
6444,Exp_04_Jan_2020_1345pm,SW_Luna,2263.86594278271,2264.83183848823,3300.0,50,Whistle7439,/lustre/fsn1/projects/rech/vzf/uqe97pu/raw_data/all_categories/SW_LunaExp_04_Jan_2020_1345pm2263.86594278271_2264.83183848823.wav
4677,Exp_08_Dec_2019_1045am,SW_Luna,1962.19100569876,1962.84091575104,3300.0,40,Whistle7246,/lustre/fsn1/projects/rech/vzf/uqe97pu/raw_data/all_categories/SW_LunaExp_08_Dec_2019_1045am1962.19100569876_1962.84091575104.wav
4394,Exp_07_Dec_2019_1145am,SW_Luna,400.111214276407,401.11389767409,3300.0,40,Whistle6589,/lustre/fsn1/projects/rech/vzf/uqe97pu/raw_data/all_categories/SW_LunaExp_07_Dec_2019_1145am400.111214276407_401.11389767409.wav
5803,Exp_07_Dec_2019_1245pm,SW_Luna,2103.20448981353,2103.94632702284,3300.0,42,Whistle7500,/lustre/fsn1/projects/rech/vzf/uqe97pu/raw_data/all_categories/SW_LunaExp_07_Dec_2019_1245pm2103.20448981353_2103.94632702284.wav
4035,Exp_01_Feb_2020_1045am,SW_Luna,3207.54158124374,3208.2829448801,3300.0,40,Whistle6150,/lustre/fsn1/projects/rech/vzf/uqe97pu/raw_data/all_categories/SW_LunaExp_01_Feb_2020_1045am3207.54158124374_3208.2829448801.wav
4002,Exp_15_Jan_2020_1045am,SW_Luna,3177.93463010494,3178.94963318071,3300.0,40,Whistle12441,/lustre/fsn1/projects/rech/vzf/uqe97pu/raw_data/all_categories/SW_LunaExp_15_Jan_2020_1045am3177.93463010494_3178.94963318071.wav
5126,Exp_17_Dec_2019_0945am,SW_Luna,1340.61029780273,1341.07333410636,3300.0,41,Whistle10432,/lustre/fsn1/projects/rech/vzf/uqe97pu/raw_data/all_categories/SW_LunaExp_17_Dec_2019_0945am1340.61029780273_1341.07333410636.wav
5329,Exp_05_Jan_2020_1045am,SW_Luna,1498.25759028051,1498.75702974239,3300.0,41,Whistle7092,/lustre/fsn1/projects/rech/vzf/uqe97pu/raw_data/all_categories/SW_LunaExp_05_Jan_2020_1045am1498.25759028051_1498.75702974239.wav
6172,Exp_11_Mar_2020_0945am,SW_Luna,429.162445329656,429.969818601546,3000.0,43,Whistle9630,/lustre/fsn1/projects/rech/vzf/uqe97pu/raw_data/all_categories/SW_LunaExp_11_Mar_2020_0945am429.162445329656_429.969818601546.wav
4202,Exp_05_Feb_2020_1345pm,SW_Luna,129.232047836843,129.765299370586,3300.0,40,Whistle6351,/lustre/fsn1/projects/rech/vzf/uqe97pu/raw_data/all_categories/SW_LunaExp_05_Feb_2020_1345pm129.232047836843_129.765299370586.wav
5473,Exp_09_Jan_2020_1145am,SW_Luna,255.670650092058,256.190723983684,3300.0,41,Whistle7311,/lustre/fsn1/projects/rech/vzf/uqe97pu/raw_data/all_categories/SW_LunaExp_09_Jan_2020_1145am255.670650092058_256.190723983684.wav
6540,Exp_09_Feb_2020_1545pm,SW_Luna,2970.95228829181,2971.63709394552,3300.0,52,Whistle7779,/lustre/fsn1/projects/rech/vzf/uqe97pu/raw_data/all_categories/SW_LunaExp_09_Feb_2020_1545pm2970.95228829181_2971.63709394552.wav
4172,Exp_01_Feb_2020_1145am,SW_Luna,2255.54923496011,2256.21677781725,3300.0,40,Whistle6312,/lustre/fsn1/projects/rech/vzf/uqe97pu/raw_data/all_categories/SW_LunaExp_01_Feb_2020_1145am2255.54923496011_2256.21677781725.wav
5485,Exp_01_Mar_2020_1745pm,SW_Luna,2330.75062172775,2331.3147698759,3000.0,41,Whistle7332,/lustre/fsn1/projects/rech/vzf/uqe97pu/raw_data/all_categories/SW_LunaExp_01_Mar_2020_1745pm2330.75062172775_2331.3147698759.wav
4424,Exp_07_Jan_2020_0945am,SW_Luna,2286.03951308531,2286.6788328132,3300.0,40,Whistle6637,/lustre/fsn1/projects/rech/vzf/uqe97pu/raw_data/all_categories/SW_LunaExp_07_Jan_2020_0945am2286.03951308531_2286.6788328132.wav
3868,Exp_15_Feb_2020_1345pm,SW_Luna,1811.61724498738,1812.89017602186,3300.0,40,Whistle11598,/lustre/fsn1/projects/rech/vzf/uqe97pu/raw_data/all_categories/SW_LunaExp_15_Feb_2020_1345pm1811.61724498738_1812.89017602186.wav
5494,Exp_02_Mar_2020_1545pm,SW_Luna,41.6166401577988,41.929852593032,3000.0,41,Whistle7537,/lustre/fsn1/projects/rech/vzf/uqe97pu/raw_data/all_categories/SW_LunaExp_02_Mar_2020_1545pm41.6166401577988_41.929852593032.wav
4686,Exp_01_Feb_2020_1345pm,SW_Luna,1842.7121835594,1843.68509339546,3300.0,40,Whistle7388,/lustre/fsn1/projects/rech/vzf/uqe97pu/raw_data/all_categories/SW_LunaExp_01_Feb_2020_1345pm1842.7121835594_1843.68509339546.wav
4596,Exp_09_Jan_2020_1145am,SW_Luna,141.060427455841,141.965382259082,3300.0,40,Whistle6870,/lustre/fsn1/projects/rech/vzf/uqe97pu/raw_data/all_categories/SW_LunaExp_09_Jan_2020_1145am141.060427455841_141.965382259082.wav
5127,Exp_17_Dec_2019_1145am,SW_Luna,1937.74674596986,1938.34544547168,3300.0,41,Whistle10440,/lustre/fsn1/projects/rech/vzf/uqe97pu/raw_data/all_categories/SW_LunaExp_17_Dec_2019_1145am1937.74674596986_1938.34544547168.wav
6334,Exp_06_Jan_2020_1345pm,SW_Luna,3259.83304564089,3260.69335619989,3300.0,47,Whistle7772,/lustre/fsn1/projects/rech/vzf/uqe97pu/raw_data/all_categories/SW_LunaExp_06_Jan_2020_1345pm3259.83304564089_3260.69335619989.wav
5469,Exp_09_Feb_2020_1545pm,SW_Luna,2911.12801722053,2911.46044621869,3300.0,41,Whistle7301,/lustre/fsn1/projects/rech/vzf/uqe97pu/raw_data/all_categories/SW_LunaExp_09_Feb_2020_1545pm2911.12801722053_2911.46044621869.wav
4442,Exp_07_Jan_2020_1045am,SW_Luna,2717.09236537757,2717.79119457867,3300.0,40,Whistle6661,/lustre/fsn1/projects/rech/vzf/uqe97pu/raw_data/all_categories/SW_LunaExp_07_Jan_2020_1045am2717.09236537757_2717.79119457867.wav
4723,Exp_04_Jan_2020_0945am,SW_Luna,1049.283179646,1050.44200108597,3300.0,40,Whistle7688,/lustre/fsn1/projects/rech/vzf/uqe97pu/raw_data/all_categories/SW_LunaExp_04_Jan_2020_0945am1049.283179646_1050.44200108597.wav
6362,Exp_01_Mar_2020_1745pm,SW_Luna,1840.25113617045,1841.35856860289,3000.0,48,Whistle7368,/lustre/fsn1/projects/rech/vzf/uqe97pu/raw_data/all_categories/SW_LunaExp_01_Mar_2020_1745pm1840.25113617045_1841.35856860289.wav
4840,Exp_13_Dec_2019_0945am,SW_Luna,2357.40903835583,2358.71711288999,3300.0,40,Whistle8483,/lustre/fsn1/projects/rech/vzf/uqe97pu/raw_data/all_categories/SW_LunaExp_13_Dec_2019_0945am2357.40903835583_2358.71711288999.wav
5260,Exp_02_Mar_2020_1345pm,SW_Luna,1874.70451538076,1875.2028487141,3000.0,41,Whistle6987,/lustre/fsn1/projects/rech/vzf/uqe97pu/raw_data/all_categories/SW_LunaExp_02_Mar_2020_1345pm1874.70451538076_1875.2028487141.wav
5152,Exp_26_Nov_2019_1545pm,SW_Luna,442.947036511103,443.614498889744,3000.0,41,Whistle10819,/lustre/fsn1/projects/rech/vzf/uqe97pu/raw_data/all_categories/SW_LunaExp_26_Nov_2019_1545pm442.947036511103_443.614498889744.wav
6190,Exp_02_Jan_2020_1345pm,SW_Luna,2505.86759535635,2507.16755674631,3300.0,44,Whistle7704,/lustre/fsn1/projects/rech/vzf/uqe97pu/raw_data/all_categories/SW_LunaExp_02_Jan_2020_1345pm2505.86759535635_2507.16755674631.wav
5000,Exp_11_Jan_2020_1145am,SW_Luna,395.71724180801,396.800542966311,3300.0,40,Whistle9383,/lustre/fsn1/projects/rech/vzf/uqe97pu/raw_data/all_categories/SW_LunaExp_11_Jan_2020_1145am395.71724180801_396.800542966311.wav
5627,Exp_16_Jan_2020_1345pm,SW_Luna,29.8758699888457,30.4628160966302,3300.0,42,Whistle10328,/lustre/fsn1/projects/rech/vzf/uqe97pu/raw_data/all_categories/SW_LunaExp_16_Jan_2020_1345pm29.8758699888457_30.4628160966302.wav
5304,Exp_04_Jan_2020_1345pm,SW_Luna,1394.63713293511,1395.46918421716,3300.0,41,Whistle7058,/lustre/fsn1/projects/rech/vzf/uqe97pu/raw_data/all_categories/SW_LunaExp_04_Jan_2020_1345pm1394.63713293511_1395.46918421716.wav
5903,Exp_13_Dec_2019_1245pm,SW_Luna,2871.25637697974,2872.44866928744,3300.0,42,Whistle9314,/lustre/fsn1/projects/rech/vzf/uqe97pu/raw_data/all_categories/SW_LunaExp_13_Dec_2019_1245pm2871.25637697974_2872.44866928744.wav
6420,Exp_16_Dec_2019_1345pm,SW_Luna,1191.05070105979,1191.82855820265,3300.0,50,Whistle11371,/lustre/fsn1/projects/rech/vzf/uqe97pu/raw_data/all_categories/SW_LunaExp_16_Dec_2019_1345pm1191.05070105979_1191.82855820265.wav
5248,Exp_02_Jan_2020_1345pm,SW_Luna,137.363916692404,138.174551926962,3300.0,41,Whistle6969,/lustre/fsn1/projects/rech/vzf/uqe97pu/raw_data/all_categories/SW_LunaExp_02_Jan_2020_1345pm137.363916692404_138.174551926962.wav
6577,Exp_12_Dec_2019_1045am,SW_Luna,3085.9109936196,3087.26433046815,3300.0,53,Whistle8899,/lustre/fsn1/projects/rech/vzf/uqe97pu/raw_data/all_categories/SW_LunaExp_12_Dec_2019_1045am3085.9109936196_3087.26433046815.wav
4175,Exp_04_Jan_2020_1545pm,SW_Luna,1145.39589613556,1146.1806863963,3300.0,40,Whistle6316,/lustre/fsn1/projects/rech/vzf/uqe97pu/raw_data/all_categories/SW_LunaExp_04_Jan_2020_1545pm1145.39589613556_1146.1806863963.wav
4087,Exp_03_Feb_2020_1545pm,SW_Luna,896.757717447629,897.777668186545,3300.0,40,Whistle6211,/lustre/fsn1/projects/rech/vzf/uqe97pu/raw_data/all_categories/SW_LunaExp_03_Feb_2020_1545pm896.757717447629_897.777668186545.wav
5551,Exp_12_Dec_2019_1045am,SW_Luna,1969.02857359803,1969.72591402356,3300.0,41,Whistle8404,/lustre/fsn1/projects/rech/vzf/uqe97pu/raw_data/all_categories/SW_LunaExp_12_Dec_2019_1045am1969.02857359803_1969.72591402356.wav
4982,Exp_12_Dec_2019_1245pm,SW_Luna,3098.76576206658,3099.7679461821,3300.0,40,Whistle9255,/lustre/fsn1/projects/rech/vzf/uqe97pu/raw_data/all_categories/SW_LunaExp_12_Dec_2019_1245pm3098.76576206658_3099.7679461821.wav
3888,Exp_28_Nov_2019_0945am,SW_Luna,244.883976037355,245.805779011333,3000.0,40,Whistle11731,/lustre/fsn1/projects/rech/vzf/uqe97pu/raw_data/all_categories/SW_LunaExp_28_Nov_2019_0945am244.883976037355_245.805779011333.wav
3797,Exp_25_Nov_2019_0945am,SW_Luna,1296.74619811441,1297.59369811441,3000.0,40,Whistle10795,/lustre/fsn1/projects/rech/vzf/uqe97pu/raw_data/all_categories/SW_LunaExp_25_Nov_2019_0945am1296.74619811441_1297.59369811441.wav
6136,Exp_05_Jan_2020_1145am,SW_Luna,1065.80323091888,1067.43190304455,3300.0,43,Whistle7683,/lustre/fsn1/projects/rech/vzf/uqe97pu/raw_data/all_categories/SW_LunaExp_05_Jan_2020_1145am1065.80323091888_1067.43190304455.wav
3680,Exp_17_Jan_2020_1345pm,SW_Luna,373.658923219834,374.535071629728,3300.0,40,Whistle10162,/lustre/fsn1/projects/rech/vzf/uqe97pu/raw_data/all_categories/SW_LunaExp_17_Jan_2020_1345pm373.658923219834_374.535071629728.wav
3727,Exp_12_Dec_2019_1045am,SW_Luna,3227.33634917476,3228.24810994124,3300.0,40,Whistle10459,/lustre/fsn1/projects/rech/vzf/uqe97pu/raw_data/all_categories/SW_LunaExp_12_Dec_2019_1045am3227.33634917476_3228.24810994124.wav
3741,Exp_11_Jan_2020_1345pm,SW_Luna,1114.87571875616,1116.12335747411,3300.0,40,Whistle10564,/lustre/fsn1/projects/rech/vzf/uqe97pu/raw_data/all_categories/SW_LunaExp_11_Jan_2020_1345pm1114.87571875616_1116.12335747411.wav
4719,Exp_08_Feb_2020_1045am,SW_Luna,3244.22245117566,3245.32480782415,3300.0,40,Whistle7650,/lustre/fsn1/projects/rech/vzf/uqe97pu/raw_data/all_categories/SW_LunaExp_08_Feb_2020_1045am3244.22245117566_3245.32480782415.wav
4438,Exp_07_Jan_2020_1045am,SW_Luna,1886.46384444258,1887.3291205162,3300.0,40,Whistle6656,/lustre/fsn1/projects/rech/vzf/uqe97pu/raw_data/all_categories/SW_LunaExp_07_Jan_2020_1045am1886.46384444258_1887.3291205162.wav
6297,Exp_05_Jan_2020_1045am,SW_Luna,406.631234034042,407.679793704824,3300.0,46,Whistle7591,/lustre/fsn1/projects/rech/vzf/uqe97pu/raw_data/all_categories/SW_LunaExp_05_Jan_2020_1045am406.631234034042_407.679793704824.wav
4303,Exp_05_Jan_2020_1545pm,SW_Luna,591.553460323617,592.293460323617,3300.0,40,Whistle6474,/lustre/fsn1/projects/rech/vzf/uqe97pu/raw_data/all_categories/SW_LunaExp_05_Jan_2020_1545pm591.553460323617_592.293460323617.wav
5142,Exp_17_Dec_2019_0845am,SW_Luna,881.364904320834,882.112088786853,3300.0,41,Whistle10679,/lustre/fsn1/projects/rech/vzf/uqe97pu/raw_data/all_categories/SW_LunaExp_17_Dec_2019_0845am881.364904320834_882.112088786853.wav
5122,Exp_22_Nov_2019_1345pm,SW_Luna,1265.05569015865,1265.41366086994,3600.0,41,Whistle10254,/lustre/fsn1/projects/rech/vzf/uqe97pu/raw_data/all_categories/SW_LunaExp_22_Nov_2019_1345pm1265.05569015865_1265.41366086994.wav
4382,Exp_07_Dec_2019_0945am,SW_Luna,2262.93299270807,2264.030484117,3300.0,40,Whistle6575,/lustre/fsn1/projects/rech/vzf/uqe97pu/raw_data/all_categories/SW_LunaExp_07_Dec_2019_0945am2262.93299270807_2264.030484117.wav
5463,Exp_09_Dec_2019_1145am,SW_Luna,2028.77044352055,2029.11283788675,3300.0,41,Whistle7288,/lustre/fsn1/projects/rech/vzf/uqe97pu/raw_data/all_categories/SW_LunaExp_09_Dec_2019_1145am2028.77044352055_2029.11283788675.wav
4384,Exp_01_Feb_2020_0945am,SW_Luna,827.914236535402,828.79553149943,3300.0,40,Whistle6578,/lustre/fsn1/projects/rech/vzf/uqe97pu/raw_data/all_categories/SW_LunaExp_01_Feb_2020_0945am827.914236535402_828.79553149943.wav
3662,Exp_17_Dec_2019_1545pm,SW_Luna,1049.2150860587,1050.23815000546,3300.0,40,Whistle10071,/lustre/fsn1/projects/rech/vzf/uqe97pu/raw_data/all_categories/SW_LunaExp_17_Dec_2019_1545pm1049.2150860587_1050.23815000546.wav
4805,Exp_25_Nov_2019_0945am,SW_Luna,1319.00740882035,1320.13436534209,3000.0,40,Whistle8218,/lustre/fsn1/projects/rech/vzf/uqe97pu/raw_data/all_categories/SW_LunaExp_25_Nov_2019_0945am1319.00740882035_1320.13436534209.wav
5249,Exp_01_Feb_2020_1045am,SW_Luna,3196.86102672004,3197.15962428101,3300.0,41,Whistle6972,/lustre/fsn1/projects/rech/vzf/uqe97pu/raw_data/all_categories/SW_LunaExp_01_Feb_2020_1045am3196.86102672004_3197.15962428101.wav
5180,Exp_16_Nov_2019_1045am,SW_Luna,2685.94246095128,2686.88746357629,3600.0,41,Whistle11483,/lustre/fsn1/projects/rech/vzf/uqe97pu/raw_data/all_categories/SW_LunaExp_16_Nov_2019_1045am2685.94246095128_2686.88746357629.wav
5858,Exp_15_Feb_2020_1345pm,SW_Luna,195.168852356206,195.789200182293,3300.0,42,Whistle8588,/lustre/fsn1/projects/rech/vzf/uqe97pu/raw_data/all_categories/SW_LunaExp_15_Feb_2020_1345pm195.168852356206_195.789200182293.wav
3827,Exp_16_Jan_2020_1345pm,SW_Luna,162.663722349979,163.315441099979,3300.0,40,Whistle11085,/lustre/fsn1/projects/rech/vzf/uqe97pu/raw_data/all_categories/SW_LunaExp_16_Jan_2020_1345pm162.663722349979_163.315441099979.wav
4937,Exp_28_Nov_2019_0945am,SW_Luna,349.877287369895,350.889551246249,3000.0,40,Whistle9003,/lustre/fsn1/projects/rech/vzf/uqe97pu/raw_data/all_categories/SW_LunaExp_28_Nov_2019_0945am349.877287369895_350.889551246249.wav
4544,Exp_09_Dec_2019_1245pm,SW_Luna,3091.81436725566,3092.42932660525,3300.0,40,Whistle6798,/lustre/fsn1/projects/rech/vzf/uqe97pu/raw_data/all_categories/SW_LunaExp_09_Dec_2019_1245pm3091.81436725566_3092.42932660525.wav
6356,Exp_07_Jan_2020_1245pm,SW_Luna,2719.47824266134,2720.46866965859,3300.0,48,Whistle7356,/lustre/fsn1/projects/rech/vzf/uqe97pu/raw_data/all_categories/SW_LunaExp_07_Jan_2020_1245pm2719.47824266134_2720.46866965859.wav
6537,Exp_06_Feb_2020_1345pm,SW_Luna,2319.50060047683,2320.03434996152,3300.0,52,Whistle7769,/lustre/fsn1/projects/rech/vzf/uqe97pu/raw_data/all_categories/SW_LunaExp_06_Feb_2020_1345pm2319.50060047683_2320.03434996152.wav
4852,Exp_15_Dec_2019_1245pm,SW_Luna,2106.09389325094,2106.82012701718,3300.0,40,Whistle8567,/lustre/fsn1/projects/rech/vzf/uqe97pu/raw_data/all_categories/SW_LunaExp_15_Dec_2019_1245pm2106.09389325094_2106.82012701718.wav
4392,Exp_07_Dec_2019_1145am,SW_Luna,968.166644256237,969.092288428017,3300.0,40,Whistle6586,/lustre/fsn1/projects/rech/vzf/uqe97pu/raw_data/all_categories/SW_LunaExp_07_Dec_2019_1145am968.166644256237_969.092288428017.wav
5468,Exp_09_Feb_2020_1545pm,SW_Luna,2897.24829343986,2897.63673452059,3300.0,41,Whistle7298,/lustre/fsn1/projects/rech/vzf/uqe97pu/raw_data/all_categories/SW_LunaExp_09_Feb_2020_1545pm2897.24829343986_2897.63673452059.wav
6000,Exp_04_Jan_2020_1345pm,SW_Luna,2279.29505376462,2279.86959559729,3300.0,43,Whistle7050,/lustre/fsn1/projects/rech/vzf/uqe97pu/raw_data/all_categories/SW_LunaExp_04_Jan_2020_1345pm2279.29505376462_2279.86959559729.wav
6336,Exp_07_Jan_2020_1045am,SW_Luna,2791.1153417579,2792.2817683507,3300.0,47,Whistle7776,/lustre/fsn1/projects/rech/vzf/uqe97pu/raw_data/all_categories/SW_LunaExp_07_Jan_2020_1045am2791.1153417579_2792.2817683507.wav
4531,Exp_08_Jan_2020_1345pm,SW_Luna,2359.13309797651,2359.93329405494,3300.0,40,Whistle6779,/lustre/fsn1/projects/rech/vzf/uqe97pu/raw_data/all_categories/SW_LunaExp_08_Jan_2020_1345pm2359.13309797651_2359.93329405494.wav
4433,Exp_07_Jan_2020_0945am,SW_Luna,2176.05826919616,2176.74459477756,3300.0,40,Whistle6650,/lustre/fsn1/projects/rech/vzf/uqe97pu/raw_data/all_categories/SW_LunaExp_07_Jan_2020_0945am2176.05826919616_2176.74459477756.wav
5266,Exp_02_Mar_2020_1545pm,SW_Luna,177.995595318651,178.333375401639,3000.0,41,Whistle6994,/lustre/fsn1/projects/rech/vzf/uqe97pu/raw_data/all_categories/SW_LunaExp_02_Mar_2020_1545pm177.995595318651_178.333375401639.wav
4743,Exp_12_Dec_2019_1045am,SW_Luna,2678.21311700945,2679.03493709313,3300.0,40,Whistle7780,/lustre/fsn1/projects/rech/vzf/uqe97pu/raw_data/all_categories/SW_LunaExp_12_Dec_2019_1045am2678.21311700945_2679.03493709313.wav
3768,Exp_17_Dec_2019_0945am,SW_Luna,2417.0098085565,2417.90037459424,3300.0,40,Whistle10683,/lustre/fsn1/projects/rech/vzf/uqe97pu/raw_data/all_categories/SW_LunaExp_17_Dec_2019_0945am2417.0098085565_2417.90037459424.wav
4353,Exp_01_Feb_2020_0945am,SW_Luna,784.264165949585,785.200954270753,3300.0,40,Whistle6533,/lustre/fsn1/projects/rech/vzf/uqe97pu/raw_data/all_categories/SW_LunaExp_01_Feb_2020_0945am784.264165949585_785.200954270753.wav
3904,Exp_11_Feb_2020_1145am,SW_Luna,748.004280550234,749.13723108027,3300.0,40,Whistle11823,/lustre/fsn1/projects/rech/vzf/uqe97pu/raw_data/all_categories/SW_LunaExp_11_Feb_2020_1145am748.004280550234_749.13723108027.wav
5744,Exp_17_Dec_2019_0845am,SW_Luna,930.731758144911,931.217758144911,3300.0,42,Whistle12283,/lustre/fsn1/projects/rech/vzf/uqe97pu/raw_data/all_categories/SW_LunaExp_17_Dec_2019_0845am930.731758144911_931.217758144911.wav
3665,Exp_17_Feb_2020_0945am,SW_Luna,640.169157951063,641.135710852087,3300.0,40,Whistle10082,/lustre/fsn1/projects/rech/vzf/uqe97pu/raw_data/all_categories/SW_LunaExp_17_Feb_2020_0945am640.169157951063_641.135710852087.wav
5779,Exp_04_Feb_2020_0945am,SW_Luna,1193.39709684429,1194.02709684429,3300.0,42,Whistle7468,/lustre/fsn1/projects/rech/vzf/uqe97pu/raw_data/all_categories/SW_LunaExp_04_Feb_2020_0945am1193.39709684429_1194.02709684429.wav
6304,Exp_09_Jan_2020_1145am,SW_Luna,370.202448411556,371.121074003973,3300.0,46,Whistle7667,/lustre/fsn1/projects/rech/vzf/uqe97pu/raw_data/all_categories/SW_LunaExp_09_Jan_2020_1145am370.202448411556_371.121074003973.wav
5860,Exp_17_Dec_2019_1045am,SW_Luna,449.184302559384,449.82000391685,3300.0,42,Whistle8806,/lustre/fsn1/projects/rech/vzf/uqe97pu/raw_data/all_categories/SW_LunaExp_17_Dec_2019_1045am449.184302559384_449.82000391685.wav
4626,Exp_09_Jan_2020_1145am,SW_Luna,368.624837963921,369.30107052206,3300.0,40,Whistle6907,/lustre/fsn1/projects/rech/vzf/uqe97pu/raw_data/all_categories/SW_LunaExp_09_Jan_2020_1145am368.624837963921_369.30107052206.wav
3939,Exp_17_Dec_2019_0945am,SW_Luna,2641.12612341819,2641.55792341819,3300.0,40,Whistle12011,/lustre/fsn1/projects/rech/vzf/uqe97pu/raw_data/all_categories/SW_LunaExp_17_Dec_2019_0945am2641.12612341819_2641.55792341819.wav
4111,Exp_03_Jan_2020_1045am,SW_Luna,2130.01703089887,2130.75262476861,3300.0,40,Whistle6241,/lustre/fsn1/projects/rech/vzf/uqe97pu/raw_data/all_categories/SW_LunaExp_03_Jan_2020_1045am2130.01703089887_2130.75262476861.wav
5442,Exp_08_Feb_2020_1345pm,SW_Luna,289.470026798885,290.159686662831,3300.0,41,Whistle7251,/lustre/fsn1/projects/rech/vzf/uqe97pu/raw_data/all_categories/SW_LunaExp_08_Feb_2020_1345pm289.470026798885_290.159686662831.wav
4375,Exp_01_Feb_2020_0945am,SW_Luna,814.653827986722,815.465453501125,3300.0,40,Whistle6567,/lustre/fsn1/projects/rech/vzf/uqe97pu/raw_data/all_categories/SW_LunaExp_01_Feb_2020_0945am814.653827986722_815.465453501125.wav
4644,Exp_10_Mar_2020_0945am,SW_Luna,415.759056562848,416.649491666376,3000.0,40,Whistle6930,/lustre/fsn1/projects/rech/vzf/uqe97pu/raw_data/all_categories/SW_LunaExp_10_Mar_2020_0945am415.759056562848_416.649491666376.wav
5084,Exp_16_Nov_2019_0545am,SW_Luna,2524.40395991935,2525.45222348524,3600.0,40,Whistle9839,/lustre/fsn1/projects/rech/vzf/uqe97pu/raw_data/all_categories/SW_LunaExp_16_Nov_2019_0545am2524.40395991935_2525.45222348524.wav
4080,Exp_03_Feb_2020_1345pm,SW_Luna,1436.49622435861,1437.32430317635,3300.0,40,Whistle6203,/lustre/fsn1/projects/rech/vzf/uqe97pu/raw_data/all_categories/SW_LunaExp_03_Feb_2020_1345pm1436.49622435861_1437.32430317635.wav
4929,Exp_12_Dec_2019_1045am,SW_Luna,3159.56457565023,3160.71317942381,3300.0,40,Whistle9000,/lustre/fsn1/projects/rech/vzf/uqe97pu/raw_data/all_categories/SW_LunaExp_12_Dec_2019_1045am3159.56457565023_3160.71317942381.wav
5234,Exp_07_Dec_2019_1145am,SW_Luna,277.209222794882,277.838818383117,3300.0,41,Whistle6096,/lustre/fsn1/projects/rech/vzf/uqe97pu/raw_data/all_categories/SW_LunaExp_07_Dec_2019_1145am277.209222794882_277.838818383117.wav
4786,Exp_16_Feb_2020_1345pm,SW_Luna,403.160066551484,404.035420397638,3300.0,40,Whistle7998,/lustre/fsn1/projects/rech/vzf/uqe97pu/raw_data/all_categories/SW_LunaExp_16_Feb_2020_1345pm403.160066551484_404.035420397638.wav
4005,Exp_25_Nov_2019_0945am,SW_Luna,1313.98437994793,1315.00938336461,3000.0,40,Whistle12538,/lustre/fsn1/projects/rech/vzf/uqe97pu/raw_data/all_categories/SW_LunaExp_25_Nov_2019_0945am1313.98437994793_1315.00938336461.wav
6579,Exp_16_Nov_2019_1345pm,SW_Luna,120.580335500932,122.030300898856,3600.0,53,Whistle9199,/lustre/fsn1/projects/rech/vzf/uqe97pu/raw_data/all_categories/SW_LunaExp_16_Nov_2019_1345pm120.580335500932_122.030300898856.wav
5181,Exp_12_Jan_2020_1545pm,SW_Luna,1106.83968023561,1107.4013669826,3300.0,41,Whistle11486,/lustre/fsn1/projects/rech/vzf/uqe97pu/raw_data/all_categories/SW_LunaExp_12_Jan_2020_1545pm1106.83968023561_1107.4013669826.wav
4765,Exp_13_Dec_2019_1245pm,SW_Luna,2817.46853899557,2818.52134562648,3300.0,40,Whistle7975,/lustre/fsn1/projects/rech/vzf/uqe97pu/raw_data/all_categories/SW_LunaExp_13_Dec_2019_1245pm2817.46853899557_2818.52134562648.wav
4573,Exp_09_Feb_2020_1345pm,SW_Luna,346.539498688136,347.491015929515,3300.0,40,Whistle6835,/lustre/fsn1/projects/rech/vzf/uqe97pu/raw_data/all_categories/SW_LunaExp_09_Feb_2020_1345pm346.539498688136_347.491015929515.wav
5200,Exp_14_Jan_2020_1245pm,SW_Luna,1617.59554301993,1618.13510738775,3300.0,41,Whistle12138,/lustre/fsn1/projects/rech/vzf/uqe97pu/raw_data/all_categories/SW_LunaExp_14_Jan_2020_1245pm1617.59554301993_1618.13510738775.wav
5856,Exp_17_Dec_2019_0845am,SW_Luna,924.919227388818,925.489103152108,3300.0,42,Whistle8755,/lustre/fsn1/projects/rech/vzf/uqe97pu/raw_data/all_categories/SW_LunaExp_17_Dec_2019_0845am924.919227388818_925.489103152108.wav
6252,Exp_14_Feb_2020_1345pm,SW_Luna,830.084105431811,831.176773276334,3300.0,46,Whistle11913,/lustre/fsn1/projects/rech/vzf/uqe97pu/raw_data/all_categories/SW_LunaExp_14_Feb_2020_1345pm830.084105431811_831.176773276334.wav
5888,Exp_15_Dec_2019_1245pm,SW_Luna,2345.84556664728,2346.54706197439,3300.0,42,Whistle9500,/lustre/fsn1/projects/rech/vzf/uqe97pu/raw_data/all_categories/SW_LunaExp_15_Dec_2019_1245pm2345.84556664728_2346.54706197439.wav
6561,Exp_20_Nov_2019_1145am,SW_Luna,525.801460559613,526.601462781841,3600.0,53,Whistle11461,/lustre/fsn1/projects/rech/vzf/uqe97pu/raw_data/all_categories/SW_LunaExp_20_Nov_2019_1145am525.801460559613_526.601462781841.wav
5498,Exp_02_Jan_2020_1045am,SW_Luna,2627.78796238776,2628.17230524491,3300.0,41,Whistle7555,/lustre/fsn1/projects/rech/vzf/uqe97pu/raw_data/all_categories/SW_LunaExp_02_Jan_2020_1045am2627.78796238776_2628.17230524491.wav
5177,Exp_12_Dec_2019_1245pm,SW_Luna,2939.92034797479,2940.41887110647,3300.0,41,Whistle11669,/lustre/fsn1/projects/rech/vzf/uqe97pu/raw_data/all_categories/SW_LunaExp_12_Dec_2019_1245pm2939.92034797479_2940.41887110647.wav
3911,Exp_13_Dec_2019_1245pm,SW_Luna,3256.71987006021,3257.57481123668,3300.0,40,Whistle11908,/lustre/fsn1/projects/rech/vzf/uqe97pu/raw_data/all_categories/SW_LunaExp_13_Dec_2019_1245pm3256.71987006021_3257.57481123668.wav
3757,Exp_16_Jan_2020_1345pm,SW_Luna,180.151584525385,181.085310940479,3300.0,40,Whistle10634,/lustre/fsn1/projects/rech/vzf/uqe97pu/raw_data/all_categories/SW_LunaExp_16_Jan_2020_1345pm180.151584525385_181.085310940479.wav
4109,Exp_03_Jan_2020_1045am,SW_Luna,2067.76211772276,2068.82429459351,3300.0,40,Whistle6239,/lustre/fsn1/projects/rech/vzf/uqe97pu/raw_data/all_categories/SW_LunaExp_03_Jan_2020_1045am2067.76211772276_2068.82429459351.wav
6478,Exp_14_Feb_2020_1145am,SW_Luna,195.017304058292,195.899276169846,3300.0,51,Whistle12233,/lustre/fsn1/projects/rech/vzf/uqe97pu/raw_data/all_categories/SW_LunaExp_14_Feb_2020_1145am195.017304058292_195.899276169846.wav
5437,Exp_07_Mar_2020_0945am,SW_Luna,331.470689931148,332.17460461923,3000.0,41,Whistle7241,/lustre/fsn1/projects/rech/vzf/uqe97pu/raw_data/all_categories/SW_LunaExp_07_Mar_2020_0945am331.470689931148_332.17460461923.wav
5522,Exp_12_Dec_2019_1045am,SW_Luna,3216.87243199134,3217.49771408354,3300.0,41,Whistle7891,/lustre/fsn1/projects/rech/vzf/uqe97pu/raw_data/all_categories/SW_LunaExp_12_Dec_2019_1045am3216.87243199134_3217.49771408354.wav
5157,Exp_17_Jan_2020_1145am,SW_Luna,3003.07294651476,3003.63404541585,3300.0,41,Whistle11176,/lustre/fsn1/projects/rech/vzf/uqe97pu/raw_data/all_categories/SW_LunaExp_17_Jan_2020_1145am3003.07294651476_3003.63404541585.wav
5375,Exp_06_Jan_2020_0945am,SW_Luna,1045.17616309219,1045.71370730736,3300.0,41,Whistle7151,/lustre/fsn1/projects/rech/vzf/uqe97pu/raw_data/all_categories/SW_LunaExp_06_Jan_2020_0945am1045.17616309219_1045.71370730736.wav
3699,Exp_24_Nov_2019_1345pm,SW_Luna,1003.12526554861,1004.41823049314,3000.0,40,Whistle10291,/lustre/fsn1/projects/rech/vzf/uqe97pu/raw_data/all_categories/SW_LunaExp_24_Nov_2019_1345pm1003.12526554861_1004.41823049314.wav
4739,Exp_09_Jan_2020_1145am,SW_Luna,265.020803699405,266.590374251552,3300.0,40,Whistle7744,/lustre/fsn1/projects/rech/vzf/uqe97pu/raw_data/all_categories/SW_LunaExp_09_Jan_2020_1145am265.020803699405_266.590374251552.wav
5155,Exp_11_Mar_2020_1545pm,SW_Luna,673.222244074147,673.587245290818,3000.0,41,Whistle10857,/lustre/fsn1/projects/rech/vzf/uqe97pu/raw_data/all_categories/SW_LunaExp_11_Mar_2020_1545pm673.222244074147_673.587245290818.wav
5271,Exp_03_Jan_2020_1045am,SW_Luna,146.50932582855,147.085389658337,3300.0,41,Whistle7005,/lustre/fsn1/projects/rech/vzf/uqe97pu/raw_data/all_categories/SW_LunaExp_03_Jan_2020_1045am146.50932582855_147.085389658337.wav
4457,Exp_07_Jan_2020_1345pm,SW_Luna,1979.64501593823,1980.26378894437,3300.0,40,Whistle6682,/lustre/fsn1/projects/rech/vzf/uqe97pu/raw_data/all_categories/SW_LunaExp_07_Jan_2020_1345pm1979.64501593823_1980.26378894437.wav
3828,Exp_11_Mar_2020_0945am,SW_Luna,467.721560405201,468.78651323539,3000.0,40,Whistle11130,/lustre/fsn1/projects/rech/vzf/uqe97pu/raw_data/all_categories/SW_LunaExp_11_Mar_2020_0945am467.721560405201_468.78651323539.wav
4707,Exp_05_Feb_2020_1345pm,SW_Luna,85.1435915310854,85.9988874812412,3300.0,40,Whistle7477,/lustre/fsn1/projects/rech/vzf/uqe97pu/raw_data/all_categories/SW_LunaExp_05_Feb_2020_1345pm85.1435915310854_85.9988874812412.wav
4608,Exp_09_Jan_2020_1145am,SW_Luna,1364.87413598223,1365.7830029773,3300.0,40,Whistle6885,/lustre/fsn1/projects/rech/vzf/uqe97pu/raw_data/all_categories/SW_LunaExp_09_Jan_2020_1145am1364.87413598223_1365.7830029773.wav
4050,Exp_01_Feb_2020_1045am,SW_Luna,3242.99599959305,3243.67664812861,3300.0,40,Whistle6167,/lustre/fsn1/projects/rech/vzf/uqe97pu/raw_data/all_categories/SW_LunaExp_01_Feb_2020_1045am3242.99599959305_3243.67664812861.wav
4708,Exp_07_Jan_2020_1345pm,SW_Luna,1885.5550504833,1886.25568387568,3300.0,40,Whistle7508,/lustre/fsn1/projects/rech/vzf/uqe97pu/raw_data/all_categories/SW_LunaExp_07_Jan_2020_1345pm1885.5550504833_1886.25568387568.wav
5671,Exp_16_Nov_2019_1345pm,SW_Luna,155.12927310646,155.715378369618,3600.0,42,Whistle11113,/lustre/fsn1/projects/rech/vzf/uqe97pu/raw_data/all_categories/SW_LunaExp_16_Nov_2019_1345pm155.12927310646_155.715378369618.wav
4186,Exp_05_Dec_2019_1145am,SW_Luna,2886.6968816147,2887.94780226493,3000.0,40,Whistle6333,/lustre/fsn1/projects/rech/vzf/uqe97pu/raw_data/all_categories/SW_LunaExp_05_Dec_2019_1145am2886.6968816147_2887.94780226493.wav
6347,Exp_23_Nov_2019_1345pm,SW_Luna,560.992741823978,562.411838598172,3000.0,48,Whistle11351,/lustre/fsn1/projects/rech/vzf/uqe97pu/raw_data/all_categories/SW_LunaExp_23_Nov_2019_1345pm560.992741823978_562.411838598172.wav
5673,Exp_12_Dec_2019_1045am,SW_Luna,1584.18083310907,1585.04261882335,3300.0,42,Whistle11245,/lustre/fsn1/projects/rech/vzf/uqe97pu/raw_data/all_categories/SW_LunaExp_12_Dec_2019_1045am1584.18083310907_1585.04261882335.wav
3844,Exp_11_Mar_2020_0945am,SW_Luna,492.050064801919,493.08153808821,3000.0,40,Whistle11394,/lustre/fsn1/projects/rech/vzf/uqe97pu/raw_data/all_categories/SW_LunaExp_11_Mar_2020_0945am492.050064801919_493.08153808821.wav
5342,Exp_05_Jan_2020_1545pm,SW_Luna,608.405933323765,608.991791909623,3300.0,41,Whistle7109,/lustre/fsn1/projects/rech/vzf/uqe97pu/raw_data/all_categories/SW_LunaExp_05_Jan_2020_1545pm608.405933323765_608.991791909623.wav
3700,Exp_24_Nov_2019_1345pm,SW_Luna,1803.4727428688,1804.36903262145,3000.0,40,Whistle10292,/lustre/fsn1/projects/rech/vzf/uqe97pu/raw_data/all_categories/SW_LunaExp_24_Nov_2019_1345pm1803.4727428688_1804.36903262145.wav
4742,Exp_09_Feb_2020_1345pm,SW_Luna,1243.44779394663,1244.29373034239,3300.0,40,Whistle7764,/lustre/fsn1/projects/rech/vzf/uqe97pu/raw_data/all_categories/SW_LunaExp_09_Feb_2020_1345pm1243.44779394663_1244.29373034239.wav
3674,Exp_17_Feb_2020_1345pm,SW_Luna,2341.1231898521,2342.28131706058,3300.0,40,Whistle10115,/lustre/fsn1/projects/rech/vzf/uqe97pu/raw_data/all_categories/SW_LunaExp_17_Feb_2020_1345pm2341.1231898521_2342.28131706058.wav
5167,Exp_15_Jan_2020_1245pm,SW_Luna,3034.12193432965,3034.90905761732,3300.0,41,Whistle11369,/lustre/fsn1/projects/rech/vzf/uqe97pu/raw_data/all_categories/SW_LunaExp_15_Jan_2020_1245pm3034.12193432965_3034.90905761732.wav
4802,Exp_17_Jan_2020_1245pm,SW_Luna,1920.39336305088,1921.30979414629,3300.0,40,Whistle8169,/lustre/fsn1/projects/rech/vzf/uqe97pu/raw_data/all_categories/SW_LunaExp_17_Jan_2020_1245pm1920.39336305088_1921.30979414629.wav
6227,Exp_04_Jan_2020_1345pm,SW_Luna,2292.68269476862,2293.82538968387,3300.0,45,Whistle7696,/lustre/fsn1/projects/rech/vzf/uqe97pu/raw_data/all_categories/SW_LunaExp_04_Jan_2020_1345pm2292.68269476862_2293.82538968387.wav
5766,Exp_08_Jan_2020_1245pm,SW_Luna,64.6037530426038,65.0662901179023,3300.0,42,Whistle7257,/lustre/fsn1/projects/rech/vzf/uqe97pu/raw_data/all_categories/SW_LunaExp_08_Jan_2020_1245pm64.6037530426038_65.0662901179023.wav
5761,Exp_02_Jan_2020_1245pm,SW_Luna,581.099214144289,581.618354999376,3300.0,42,Whistle6966,/lustre/fsn1/projects/rech/vzf/uqe97pu/raw_data/all_categories/SW_LunaExp_02_Jan_2020_1245pm581.099214144289_581.618354999376.wav
4486,Exp_01_Feb_2020_0945am,SW_Luna,896.229481638358,897.151209579534,3300.0,40,Whistle6721,/lustre/fsn1/projects/rech/vzf/uqe97pu/raw_data/all_categories/SW_LunaExp_01_Feb_2020_0945am896.229481638358_897.151209579534.wav
4039,Exp_02_Jan_2020_1245pm,SW_Luna,2600.06254066815,2600.81784102151,3300.0,40,Whistle6155,/lustre/fsn1/projects/rech/vzf/uqe97pu/raw_data/all_categories/SW_LunaExp_02_Jan_2020_1245pm2600.06254066815_2600.81784102151.wav
4077,Exp_03_Feb_2020_1345pm,SW_Luna,882.389327703698,883.525553599015,3300.0,40,Whistle6200,/lustre/fsn1/projects/rech/vzf/uqe97pu/raw_data/all_categories/SW_LunaExp_03_Feb_2020_1345pm882.389327703698_883.525553599015.wav
6246,Exp_16_Nov_2019_1045am,SW_Luna,2397.41793897978,2398.71662584846,3600.0,45,Whistle9854,/lustre/fsn1/projects/rech/vzf/uqe97pu/raw_data/all_categories/SW_LunaExp_16_Nov_2019_1045am2397.41793897978_2398.71662584846.wav
6248,Exp_22_Nov_2019_1545pm,SW_Luna,81.7979178164121,83.06021432804,3000.0,46,Whistle10265,/lustre/fsn1/projects/rech/vzf/uqe97pu/raw_data/all_categories/SW_LunaExp_22_Nov_2019_1545pm81.7979178164121_83.06021432804.wav
4471,Exp_07_Jan_2020_1345pm,SW_Luna,1969.4708010167,1970.09592498364,3300.0,40,Whistle6705,/lustre/fsn1/projects/rech/vzf/uqe97pu/raw_data/all_categories/SW_LunaExp_07_Jan_2020_1345pm1969.4708010167_1970.09592498364.wav
4199,Exp_05_Feb_2020_1345pm,SW_Luna,91.3569497773683,92.0219687887751,3300.0,40,Whistle6347,/lustre/fsn1/projects/rech/vzf/uqe97pu/raw_data/all_categories/SW_LunaExp_05_Feb_2020_1345pm91.3569497773683_92.0219687887751.wav
4796,Exp_16_Nov_2019_1345pm,SW_Luna,44.9516159891334,46.2345352437918,3600.0,40,Whistle8096,/lustre/fsn1/projects/rech/vzf/uqe97pu/raw_data/all_categories/SW_LunaExp_16_Nov_2019_1345pm44.9516159891334_46.2345352437918.wav
6350,Exp_02_Mar_2020_1545pm,SW_Luna,72.9202437341458,74.0169308507102,3000.0,48,Whistle7342,/lustre/fsn1/projects/rech/vzf/uqe97pu/raw_data/all_categories/SW_LunaExp_02_Mar_2020_1545pm72.9202437341458_74.0169308507102.wav
4923,Exp_25_Nov_2019_0945am,SW_Luna,1483.41133118427,1484.35333492959,3000.0,40,Whistle8965,/lustre/fsn1/projects/rech/vzf/uqe97pu/raw_data/all_categories/SW_LunaExp_25_Nov_2019_0945am1483.41133118427_1484.35333492959.wav
4242,Exp_05_Feb_2020_1345pm,SW_Luna,81.4252479552968,82.5052014436689,3300.0,40,Whistle6402,/lustre/fsn1/projects/rech/vzf/uqe97pu/raw_data/all_categories/SW_LunaExp_05_Feb_2020_1345pm81.4252479552968_82.5052014436689.wav
5065,Exp_16_Jan_2020_1345pm,SW_Luna,13.6950421061882,14.5787485738499,3300.0,40,Whistle9794,/lustre/fsn1/projects/rech/vzf/uqe97pu/raw_data/all_categories/SW_LunaExp_16_Jan_2020_1345pm13.6950421061882_14.5787485738499.wav
3770,Exp_11_Mar_2020_0945am,SW_Luna,484.191615305384,485.149442380144,3000.0,40,Whistle10715,/lustre/fsn1/projects/rech/vzf/uqe97pu/raw_data/all_categories/SW_LunaExp_11_Mar_2020_0945am484.191615305384_485.149442380144.wav
6366,Exp_16_Dec_2019_1545pm,SW_Luna,115.015349137422,116.645318368191,3300.0,48,Whistle7876,/lustre/fsn1/projects/rech/vzf/uqe97pu/raw_data/all_categories/SW_LunaExp_16_Dec_2019_1545pm115.015349137422_116.645318368191.wav
5968,Exp_05_Jan_2020_1145am,SW_Luna,744.140450614271,745.070547033004,3300.0,43,Whistle6081,/lustre/fsn1/projects/rech/vzf/uqe97pu/raw_data/all_categories/SW_LunaExp_05_Jan_2020_1145am744.140450614271_745.070547033004.wav
4006,Exp_13_Dec_2019_1245pm,SW_Luna,2873.76870960215,2874.81693094602,3300.0,40,Whistle12406,/lustre/fsn1/projects/rech/vzf/uqe97pu/raw_data/all_categories/SW_LunaExp_13_Dec_2019_1245pm2873.76870960215_2874.81693094602.wav
3999,Exp_16_Jan_2020_1245pm,SW_Luna,3264.63489404513,3266.2748738489,3300.0,40,Whistle12457,/lustre/fsn1/projects/rech/vzf/uqe97pu/raw_data/all_categories/SW_LunaExp_16_Jan_2020_1245pm3264.63489404513_3266.2748738489.wav
4182,Exp_05_Dec_2019_0945am,SW_Luna,475.082991177459,476.103589289259,3000.0,40,Whistle6328,/lustre/fsn1/projects/rech/vzf/uqe97pu/raw_data/all_categories/SW_LunaExp_05_Dec_2019_0945am475.082991177459_476.103589289259.wav
6363,Exp_01_Feb_2020_1045am,SW_Luna,3242.41482549947,3243.72478718529,3300.0,48,Whistle7369,/lustre/fsn1/projects/rech/vzf/uqe97pu/raw_data/all_categories/SW_LunaExp_01_Feb_2020_1045am3242.41482549947_3243.72478718529.wav
6004,Exp_05_Feb_2020_1345pm,SW_Luna,1092.52831069185,1093.11331246458,3300.0,43,Whistle7079,/lustre/fsn1/projects/rech/vzf/uqe97pu/raw_data/all_categories/SW_LunaExp_05_Feb_2020_1345pm1092.52831069185_1093.11331246458.wav
3957,Exp_11_Dec_2019_1145am,SW_Luna,2656.19305028197,2657.02904306175,3300.0,40,Whistle12141,/lustre/fsn1/projects/rech/vzf/uqe97pu/raw_data/all_categories/SW_LunaExp_11_Dec_2019_1145am2656.19305028197_2657.02904306175.wav
4705,Exp_03_Feb_2020_1345pm,SW_Luna,1489.4575999922,1490.14775573312,3300.0,40,Whistle7464,/lustre/fsn1/projects/rech/vzf/uqe97pu/raw_data/all_categories/SW_LunaExp_03_Feb_2020_1345pm1489.4575999922_1490.14775573312.wav
5415,Exp_07_Jan_2020_0945am,SW_Luna,2198.13488114372,2198.60940037449,3300.0,41,Whistle7211,/lustre/fsn1/projects/rech/vzf/uqe97pu/raw_data/all_categories/SW_LunaExp_07_Jan_2020_0945am2198.13488114372_2198.60940037449.wav
4138,Exp_01_Feb_2020_1145am,SW_Luna,2249.24681589944,2250.26676663836,3300.0,40,Whistle6271,/lustre/fsn1/projects/rech/vzf/uqe97pu/raw_data/all_categories/SW_LunaExp_01_Feb_2020_1145am2249.24681589944_2250.26676663836.wav
5578,Exp_25_Nov_2019_0945am,SW_Luna,1308.04764144828,1309.13432875478,3000.0,41,Whistle8940,/lustre/fsn1/projects/rech/vzf/uqe97pu/raw_data/all_categories/SW_LunaExp_25_Nov_2019_0945am1308.04764144828_1309.13432875478.wav
5574,Exp_17_Feb_2020_0945am,SW_Luna,466.619937889567,467.160033127662,3300.0,41,Whistle8868,/lustre/fsn1/projects/rech/vzf/uqe97pu/raw_data/all_categories/SW_LunaExp_17_Feb_2020_0945am466.619937889567_467.160033127662.wav
4886,Exp_16_Nov_2019_1345pm,SW_Luna,133.632370848252,134.935340079022,3600.0,40,Whistle8722,/lustre/fsn1/projects/rech/vzf/uqe97pu/raw_data/all_categories/SW_LunaExp_16_Nov_2019_1345pm133.632370848252_134.935340079022.wav
3681,Exp_19_Nov_2019_1145am,SW_Luna,956.879517791397,958.197637695938,3600.0,40,Whistle10186,/lustre/fsn1/projects/rech/vzf/uqe97pu/raw_data/all_categories/SW_LunaExp_19_Nov_2019_1145am956.879517791397_958.197637695938.wav
5829,Exp_27_Nov_2019_1145am,SW_Luna,93.4153113843713,93.8253127510425,3000.0,42,Whistle8031,/lustre/fsn1/projects/rech/vzf/uqe97pu/raw_data/all_categories/SW_LunaExp_27_Nov_2019_1145am93.4153113843713_93.8253127510425.wav
5162,Exp_16_Jan_2020_1345pm,SW_Luna,43.5829682303877,44.2192368871041,3300.0,41,Whistle11288,/lustre/fsn1/projects/rech/vzf/uqe97pu/raw_data/all_categories/SW_LunaExp_16_Jan_2020_1345pm43.5829682303877_44.2192368871041.wav
4874,Exp_16_Jan_2020_1245pm,SW_Luna,3237.88481298428,3238.96428201083,3300.0,40,Whistle8672,/lustre/fsn1/projects/rech/vzf/uqe97pu/raw_data/all_categories/SW_LunaExp_16_Jan_2020_1245pm3237.88481298428_3238.96428201083.wav
3859,Exp_12_Dec_2019_0945am,SW_Luna,108.566311188199,109.308180347077,3300.0,40,Whistle11539,/lustre/fsn1/projects/rech/vzf/uqe97pu/raw_data/all_categories/SW_LunaExp_12_Dec_2019_0945am108.566311188199_109.308180347077.wav
5630,Exp_17_Jan_2020_1245pm,SW_Luna,1921.70802640576,1922.50858584632,3300.0,42,Whistle10143,/lustre/fsn1/projects/rech/vzf/uqe97pu/raw_data/all_categories/SW_LunaExp_17_Jan_2020_1245pm1921.70802640576_1922.50858584632.wav
4978,Exp_16_Jan_2020_1245pm,SW_Luna,3193.02377883045,3193.90965160823,3300.0,40,Whistle9222,/lustre/fsn1/projects/rech/vzf/uqe97pu/raw_data/all_categories/SW_LunaExp_16_Jan_2020_1245pm3193.02377883045_3193.90965160823.wav
5225,Exp_03_Feb_2020_1345pm,SW_Luna,1286.23893785075,1287.1004963996,3300.0,41,Whistle6057,/lustre/fsn1/projects/rech/vzf/uqe97pu/raw_data/all_categories/SW_LunaExp_03_Feb_2020_1345pm1286.23893785075_1287.1004963996.wav
6403,Exp_09_Jan_2020_1145am,SW_Luna,172.85552441068,173.715644171159,3300.0,49,Whistle15644,/lustre/fsn1/projects/rech/vzf/uqe97pu/raw_data/all_categories/SW_LunaExp_09_Jan_2020_1145am172.85552441068_173.715644171159.wav
5530,Exp_12_Dec_2019_1045am,SW_Luna,1971.02298709565,1972.29559260742,3300.0,41,Whistle7887,/lustre/fsn1/projects/rech/vzf/uqe97pu/raw_data/all_categories/SW_LunaExp_12_Dec_2019_1045am1971.02298709565_1972.29559260742.wav
4623,Exp_09_Jan_2020_1145am,SW_Luna,327.282899328236,328.155945839864,3300.0,40,Whistle6904,/lustre/fsn1/projects/rech/vzf/uqe97pu/raw_data/all_categories/SW_LunaExp_09_Jan_2020_1145am327.282899328236_328.155945839864.wav
5163,Exp_14_Jan_2020_1045am,SW_Luna,324.076673364041,324.701676591234,2194.90133333334,41,Whistle11292,/lustre/fsn1/projects/rech/vzf/uqe97pu/raw_data/all_categories/SW_LunaExp_14_Jan_2020_1045am324.076673364041_324.701676591234.wav
5966,Exp_01_Feb_2020_1345pm,SW_Luna,1957.08788490637,1957.76837842771,3300.0,43,Whistle6077,/lustre/fsn1/projects/rech/vzf/uqe97pu/raw_data/all_categories/SW_LunaExp_01_Feb_2020_1345pm1957.08788490637_1957.76837842771.wav
4113,Exp_01_Feb_2020_1145am,SW_Luna,2825.49122200501,2826.17631563797,3300.0,40,Whistle6243,/lustre/fsn1/projects/rech/vzf/uqe97pu/raw_data/all_categories/SW_LunaExp_01_Feb_2020_1145am2825.49122200501_2826.17631563797.wav
4931,Exp_12_Dec_2019_1045am,SW_Luna,3149.72202541375,3150.72450661675,3300.0,40,Whistle9026,/lustre/fsn1/projects/rech/vzf/uqe97pu/raw_data/all_categories/SW_LunaExp_12_Dec_2019_1045am3149.72202541375_3150.72450661675.wav
4936,Exp_12_Dec_2019_1045am,SW_Luna,1544.55666866977,1545.6566389279,3300.0,40,Whistle9015,/lustre/fsn1/projects/rech/vzf/uqe97pu/raw_data/all_categories/SW_LunaExp_12_Dec_2019_1045am1544.55666866977_1545.6566389279.wav
5964,Exp_04_Jan_2020_1345pm,SW_Luna,2301.81362898946,2302.53759593161,3300.0,43,Whistle6069,/lustre/fsn1/projects/rech/vzf/uqe97pu/raw_data/all_categories/SW_LunaExp_04_Jan_2020_1345pm2301.81362898946_2302.53759593161.wav
5092,Exp_17_Dec_2019_1045am,SW_Luna,460.12128479676,460.951361719837,3300.0,40,Whistle9947,/lustre/fsn1/projects/rech/vzf/uqe97pu/raw_data/all_categories/SW_LunaExp_17_Dec_2019_1045am460.12128479676_460.951361719837.wav
5190,Exp_17_Feb_2020_1145am,SW_Luna,3197.59155332279,3198.80403779484,3300.0,41,Whistle11717,/lustre/fsn1/projects/rech/vzf/uqe97pu/raw_data/all_categories/SW_LunaExp_17_Feb_2020_1145am3197.59155332279_3198.80403779484.wav
6438,Exp_02_Jan_2020_1245pm,SW_Luna,3242.91203146229,3244.26444193061,3300.0,50,Whistle7432,/lustre/fsn1/projects/rech/vzf/uqe97pu/raw_data/all_categories/SW_LunaExp_02_Jan_2020_1245pm3242.91203146229_3244.26444193061.wav
4858,Exp_15_Feb_2020_1345pm,SW_Luna,123.177097727099,124.165341599648,3300.0,40,Whistle8585,/lustre/fsn1/projects/rech/vzf/uqe97pu/raw_data/all_categories/SW_LunaExp_15_Feb_2020_1345pm123.177097727099_124.165341599648.wav
4767,Exp_28_Nov_2019_0945am,SW_Luna,286.390955969853,287.625915319447,3000.0,40,Whistle7921,/lustre/fsn1/projects/rech/vzf/uqe97pu/raw_data/all_categories/SW_LunaExp_28_Nov_2019_0945am286.390955969853_287.625915319447.wav
3718,Exp_28_Nov_2019_1245pm,SW_Luna,2838.43079706464,2839.69942720163,3000.0,40,Whistle10405,/lustre/fsn1/projects/rech/vzf/uqe97pu/raw_data/all_categories/SW_LunaExp_28_Nov_2019_1245pm2838.43079706464_2839.69942720163.wav
4600,Exp_09_Jan_2020_1145am,SW_Luna,349.799926655009,350.514392063814,3300.0,40,Whistle6875,/lustre/fsn1/projects/rech/vzf/uqe97pu/raw_data/all_categories/SW_LunaExp_09_Jan_2020_1145am349.799926655009_350.514392063814.wav
4212,Exp_05_Feb_2020_1345pm,SW_Luna,323.28260690274,324.278686849059,3300.0,40,Whistle6363,/lustre/fsn1/projects/rech/vzf/uqe97pu/raw_data/all_categories/SW_LunaExp_05_Feb_2020_1345pm323.28260690274_324.278686849059.wav
6064,Exp_01_Feb_2020_1045am,SW_Luna,3136.13450525608,3137.39430917764,3300.0,43,Whistle7556,/lustre/fsn1/projects/rech/vzf/uqe97pu/raw_data/all_categories/SW_LunaExp_01_Feb_2020_1045am3136.13450525608_3137.39430917764.wav
3877,Exp_12_Dec_2019_1045am,SW_Luna,1627.86589400621,1629.24412223444,3300.0,40,Whistle11655,/lustre/fsn1/projects/rech/vzf/uqe97pu/raw_data/all_categories/SW_LunaExp_12_Dec_2019_1045am1627.86589400621_1629.24412223444.wav
5400,Exp_07_Jan_2020_0845am,SW_Luna,2298.4369649605,2299.14386869613,3300.0,41,Whistle7186,/lustre/fsn1/projects/rech/vzf/uqe97pu/raw_data/all_categories/SW_LunaExp_07_Jan_2020_0845am2298.4369649605_2299.14386869613.wav
5353,Exp_01_Feb_2020_1545pm,SW_Luna,435.384001193723,436.169653367637,3300.0,41,Whistle7121,/lustre/fsn1/projects/rech/vzf/uqe97pu/raw_data/all_categories/SW_LunaExp_01_Feb_2020_1545pm435.384001193723_436.169653367637.wav
6509,Exp_15_Dec_2019_1245pm,SW_Luna,2106.69908663114,2107.19064068519,3300.0,51,Whistle9498,/lustre/fsn1/projects/rech/vzf/uqe97pu/raw_data/all_categories/SW_LunaExp_15_Dec_2019_1245pm2106.69908663114_2107.19064068519.wav
5927,Exp_17_Dec_2019_1045am,SW_Luna,485.836473443859,486.539554839208,3300.0,43,Whistle11489,/lustre/fsn1/projects/rech/vzf/uqe97pu/raw_data/all_categories/SW_LunaExp_17_Dec_2019_1045am485.836473443859_486.539554839208.wav
5158,Exp_22_Nov_2019_1545pm,SW_Luna,306.711022370075,307.096023653412,3000.0,41,Whistle11207,/lustre/fsn1/projects/rech/vzf/uqe97pu/raw_data/all_categories/SW_LunaExp_22_Nov_2019_1545pm306.711022370075_307.096023653412.wav
6572,Exp_15_Feb_2020_1345pm,SW_Luna,108.251296061112,109.235282236227,3300.0,53,Whistle8756,/lustre/fsn1/projects/rech/vzf/uqe97pu/raw_data/all_categories/SW_LunaExp_15_Feb_2020_1345pm108.251296061112_109.235282236227.wav
5676,Exp_17_Jan_2020_1545pm,SW_Luna,1001.40187298394,1002.01298409505,3300.0,42,Whistle11186,/lustre/fsn1/projects/rech/vzf/uqe97pu/raw_data/all_categories/SW_LunaExp_17_Jan_2020_1545pm1001.40187298394_1002.01298409505.wav
3973,Exp_13_Dec_2019_0945am,SW_Luna,2601.6778850845,2602.51282484354,3300.0,40,Whistle12251,/lustre/fsn1/projects/rech/vzf/uqe97pu/raw_data/all_categories/SW_LunaExp_13_Dec_2019_0945am2601.6778850845_2602.51282484354.wav
4799,Exp_17_Dec_2019_1045am,SW_Luna,458.740506954299,459.480058037891,3300.0,40,Whistle8123,/lustre/fsn1/projects/rech/vzf/uqe97pu/raw_data/all_categories/SW_LunaExp_17_Dec_2019_1045am458.740506954299_459.480058037891.wav
5258,Exp_02_Mar_2020_1345pm,SW_Luna,1026.62384459178,1027.08838133234,3000.0,41,Whistle6984,/lustre/fsn1/projects/rech/vzf/uqe97pu/raw_data/all_categories/SW_LunaExp_02_Mar_2020_1345pm1026.62384459178_1027.08838133234.wav
4014,Exp_05_Dec_2019_0845am,SW_Luna,2513.57338057793,2514.7025609058,3000.0,40,Whistle6074,/lustre/fsn1/projects/rech/vzf/uqe97pu/raw_data/all_categories/SW_LunaExp_05_Dec_2019_0845am2513.57338057793_2514.7025609058.wav
4721,Exp_09_Jan_2020_1145am,SW_Luna,233.895710593062,234.871716785013,3300.0,40,Whistle7669,/lustre/fsn1/projects/rech/vzf/uqe97pu/raw_data/all_categories/SW_LunaExp_09_Jan_2020_1145am233.895710593062_234.871716785013.wav
3966,Exp_14_Jan_2020_1045am,SW_Luna,1996.76024392006,1997.58476653255,2194.90133333334,40,Whistle12200,/lustre/fsn1/projects/rech/vzf/uqe97pu/raw_data/all_categories/SW_LunaExp_14_Jan_2020_1045am1996.76024392006_1997.58476653255.wav
5220,Exp_26_Nov_2019_1545pm,SW_Luna,542.085928877646,542.521739688457,3000.0,41,Whistle12345,/lustre/fsn1/projects/rech/vzf/uqe97pu/raw_data/all_categories/SW_LunaExp_26_Nov_2019_1545pm542.085928877646_542.521739688457.wav
6052,Exp_02_Jan_2020_1145am,SW_Luna,321.650974699923,322.195976351443,3300.0,43,Whistle7338,/lustre/fsn1/projects/rech/vzf/uqe97pu/raw_data/all_categories/SW_LunaExp_02_Jan_2020_1145am321.650974699923_322.195976351443.wav
3970,Exp_12_Dec_2019_1245pm,SW_Luna,1933.04085830563,1934.10462261234,3300.0,40,Whistle12222,/lustre/fsn1/projects/rech/vzf/uqe97pu/raw_data/all_categories/SW_LunaExp_12_Dec_2019_1245pm1933.04085830563_1934.10462261234.wav
6431,Exp_02_Jan_2020_1245pm,SW_Luna,2598.55974424559,2599.56283367649,3300.0,50,Whistle6143,/lustre/fsn1/projects/rech/vzf/uqe97pu/raw_data/all_categories/SW_LunaExp_02_Jan_2020_1245pm2598.55974424559_2599.56283367649.wav
5845,Exp_13_Dec_2019_1245pm,SW_Luna,3216.78215564907,3217.39780379722,3300.0,42,Whistle8522,/lustre/fsn1/projects/rech/vzf/uqe97pu/raw_data/all_categories/SW_LunaExp_13_Dec_2019_1245pm3216.78215564907_3217.39780379722.wav
4845,Exp_13_Dec_2019_1245pm,SW_Luna,2815.85106462174,2816.81998713096,3300.0,40,Whistle8505,/lustre/fsn1/projects/rech/vzf/uqe97pu/raw_data/all_categories/SW_LunaExp_13_Dec_2019_1245pm2815.85106462174_2816.81998713096.wav
3818,Exp_15_Dec_2019_1245pm,SW_Luna,2079.76452677271,2080.45592864187,3300.0,40,Whistle10970,/lustre/fsn1/projects/rech/vzf/uqe97pu/raw_data/all_categories/SW_LunaExp_15_Dec_2019_1245pm2079.76452677271_2080.45592864187.wav
5887,Exp_14_Jan_2020_0945am,SW_Luna,3240.86558809034,3241.46742804761,3300.0,42,Whistle9388,/lustre/fsn1/projects/rech/vzf/uqe97pu/raw_data/all_categories/SW_LunaExp_14_Jan_2020_0945am3240.86558809034_3241.46742804761.wav
4185,Exp_05_Dec_2019_1145am,SW_Luna,2881.9524788119,2882.88456693451,3000.0,40,Whistle6332,/lustre/fsn1/projects/rech/vzf/uqe97pu/raw_data/all_categories/SW_LunaExp_05_Dec_2019_1145am2881.9524788119_2882.88456693451.wav
4476,Exp_01_Feb_2020_0945am,SW_Luna,892.019990145934,892.990306950342,3300.0,40,Whistle6711,/lustre/fsn1/projects/rech/vzf/uqe97pu/raw_data/all_categories/SW_LunaExp_01_Feb_2020_0945am892.019990145934_892.990306950342.wav
6429,Exp_17_Dec_2019_1045am,SW_Luna,3085.81435155864,3086.96374404835,3300.0,50,Whistle12586,/lustre/fsn1/projects/rech/vzf/uqe97pu/raw_data/all_categories/SW_LunaExp_17_Dec_2019_1045am3085.81435155864_3086.96374404835.wav
5018,Exp_14_Jan_2020_1245pm,SW_Luna,3177.21816058293,3178.13459167833,3300.0,40,Whistle9432,/lustre/fsn1/projects/rech/vzf/uqe97pu/raw_data/all_categories/SW_LunaExp_14_Jan_2020_1245pm3177.21816058293_3178.13459167833.wav
5283,Exp_04_Feb_2020_1045am,SW_Luna,3043.81956691087,3044.27204624971,3300.0,41,Whistle7028,/lustre/fsn1/projects/rech/vzf/uqe97pu/raw_data/all_categories/SW_LunaExp_04_Feb_2020_1045am3043.81956691087_3044.27204624971.wav
5978,Exp_09_Feb_2020_1345pm,SW_Luna,140.877546676803,141.680387347985,3300.0,43,Whistle6111,/lustre/fsn1/projects/rech/vzf/uqe97pu/raw_data/all_categories/SW_LunaExp_09_Feb_2020_1345pm140.877546676803_141.680387347985.wav
3836,Exp_26_Nov_2019_1245pm,SW_Luna,2280.45892775886,2281.10599958206,3000.0,40,Whistle11222,/lustre/fsn1/projects/rech/vzf/uqe97pu/raw_data/all_categories/SW_LunaExp_26_Nov_2019_1245pm2280.45892775886_2281.10599958206.wav
6069,Exp_02_Mar_2020_1345pm,SW_Luna,1871.66624088747,1872.5976868805,3000.0,43,Whistle7563,/lustre/fsn1/projects/rech/vzf/uqe97pu/raw_data/all_categories/SW_LunaExp_02_Mar_2020_1345pm1871.66624088747_1872.5976868805.wav
3660,Exp_17_Dec_2019_1545pm,SW_Luna,1262.38432695667,1263.13050004695,3300.0,40,Whistle10065,/lustre/fsn1/projects/rech/vzf/uqe97pu/raw_data/all_categories/SW_LunaExp_17_Dec_2019_1545pm1262.38432695667_1263.13050004695.wav
5243,Exp_02_Jan_2020_1245pm,SW_Luna,601.257857141622,602.144607460907,3300.0,41,Whistle6961,/lustre/fsn1/projects/rech/vzf/uqe97pu/raw_data/all_categories/SW_LunaExp_02_Jan_2020_1245pm601.257857141622_602.144607460907.wav
5990,Exp_03_Feb_2020_1545pm,SW_Luna,1498.48355559715,1499.27932202051,3300.0,43,Whistle7003,/lustre/fsn1/projects/rech/vzf/uqe97pu/raw_data/all_categories/SW_LunaExp_03_Feb_2020_1545pm1498.48355559715_1499.27932202051.wav
5814,Exp_09_Feb_2020_1545pm,SW_Luna,58.2735782837938,58.8782163146819,3300.0,42,Whistle7525,/lustre/fsn1/projects/rech/vzf/uqe97pu/raw_data/all_categories/SW_LunaExp_09_Feb_2020_1545pm58.2735782837938_58.8782163146819.wav
4693,Exp_05_Jan_2020_1545pm,SW_Luna,409.986243594678,411.06619708305,3300.0,40,Whistle7398,/lustre/fsn1/projects/rech/vzf/uqe97pu/raw_data/all_categories/SW_LunaExp_05_Jan_2020_1545pm409.986243594678_411.06619708305.wav
6450,Exp_06_Dec_2019_1345pm,SW_Luna,237.107957045873,238.010011630847,3000.0,50,Whistle7447,/lustre/fsn1/projects/rech/vzf/uqe97pu/raw_data/all_categories/SW_LunaExp_06_Dec_2019_1345pm237.107957045873_238.010011630847.wav
4062,Exp_02_Jan_2020_1345pm,SW_Luna,2542.76270715972,2543.84266064809,3300.0,40,Whistle6180,/lustre/fsn1/projects/rech/vzf/uqe97pu/raw_data/all_categories/SW_LunaExp_02_Jan_2020_1345pm2542.76270715972_2543.84266064809.wav
3918,Exp_15_Feb_2020_1345pm,SW_Luna,244.857014689651,245.855698900177,3300.0,40,Whistle11930,/lustre/fsn1/projects/rech/vzf/uqe97pu/raw_data/all_categories/SW_LunaExp_15_Feb_2020_1345pm244.857014689651_245.855698900177.wav
3743,Exp_15_Dec_2019_1245pm,SW_Luna,2343.13399294719,2343.95206104421,3300.0,40,Whistle10548,/lustre/fsn1/projects/rech/vzf/uqe97pu/raw_data/all_categories/SW_LunaExp_15_Dec_2019_1245pm2343.13399294719_2343.95206104421.wav
5205,Exp_12_Dec_2019_1045am,SW_Luna,1927.39468688367,1927.95578578477,3300.0,41,Whistle12243,/lustre/fsn1/projects/rech/vzf/uqe97pu/raw_data/all_categories/SW_LunaExp_12_Dec_2019_1045am1927.39468688367_1927.95578578477.wav
4403,Exp_07_Dec_2019_1245pm,SW_Luna,2105.16284186805,2106.47503944036,3300.0,40,Whistle6600,/lustre/fsn1/projects/rech/vzf/uqe97pu/raw_data/all_categories/SW_LunaExp_07_Dec_2019_1245pm2105.16284186805_2106.47503944036.wav
6276,Exp_02_Jan_2020_1345pm,SW_Luna,2278.14862464214,2279.05582464213,3300.0,46,Whistle7374,/lustre/fsn1/projects/rech/vzf/uqe97pu/raw_data/all_categories/SW_LunaExp_02_Jan_2020_1345pm2278.14862464214_2279.05582464213.wav
5871,Exp_25_Nov_2019_0945am,SW_Luna,1304.20210605708,1304.93860170523,3000.0,42,Whistle8958,/lustre/fsn1/projects/rech/vzf/uqe97pu/raw_data/all_categories/SW_LunaExp_25_Nov_2019_0945am1304.20210605708_1304.93860170523.wav
4086,Exp_03_Feb_2020_1545pm,SW_Luna,314.615955199864,315.704231061933,3300.0,40,Whistle6210,/lustre/fsn1/projects/rech/vzf/uqe97pu/raw_data/all_categories/SW_LunaExp_03_Feb_2020_1545pm314.615955199864_315.704231061933.wav
6270,Exp_09_Jan_2020_1145am,SW_Luna,197.970599910909,199.280561596733,3300.0,46,Whistle6869,/lustre/fsn1/projects/rech/vzf/uqe97pu/raw_data/all_categories/SW_LunaExp_09_Jan_2020_1145am197.970599910909_199.280561596733.wav
5413,Exp_07_Jan_2020_0945am,SW_Luna,2185.06131875676,2185.58157933287,3300.0,41,Whistle7206,/lustre/fsn1/projects/rech/vzf/uqe97pu/raw_data/all_categories/SW_LunaExp_07_Jan_2020_0945am2185.06131875676_2185.58157933287.wav
6391,Exp_02_Feb_2020_1545pm,SW_Luna,1338.60905578502,1338.75077536579,3300.0,49,Whistle7681,/lustre/fsn1/projects/rech/vzf/uqe97pu/raw_data/all_categories/SW_LunaExp_02_Feb_2020_1545pm1338.60905578502_1338.75077536579.wav
4041,Exp_02_Jan_2020_1245pm,SW_Luna,2604.88632264098,2605.73226522048,3300.0,40,Whistle6158,/lustre/fsn1/projects/rech/vzf/uqe97pu/raw_data/all_categories/SW_LunaExp_02_Jan_2020_1245pm2604.88632264098_2605.73226522048.wav
4560,Exp_09_Feb_2020_1345pm,SW_Luna,338.240624517974,339.120992616133,3300.0,40,Whistle6820,/lustre/fsn1/projects/rech/vzf/uqe97pu/raw_data/all_categories/SW_LunaExp_09_Feb_2020_1345pm338.240624517974_339.120992616133.wav
3969,Exp_17_Dec_2019_0845am,SW_Luna,887.051673639076,888.072668077375,3300.0,40,Whistle12210,/lustre/fsn1/projects/rech/vzf/uqe97pu/raw_data/all_categories/SW_LunaExp_17_Dec_2019_0845am887.051673639076_888.072668077375.wav
3782,Exp_18_Nov_2019_1545pm,SW_Luna,938.000217923432,939.057343982754,3600.0,40,Whistle10764,/lustre/fsn1/projects/rech/vzf/uqe97pu/raw_data/all_categories/SW_LunaExp_18_Nov_2019_1545pm938.000217923432_939.057343982754.wav
6332,Exp_08_Jan_2020_1345pm,SW_Luna,589.056785020561,590.216741730517,3300.0,47,Whistle7652,/lustre/fsn1/projects/rech/vzf/uqe97pu/raw_data/all_categories/SW_LunaExp_08_Jan_2020_1345pm589.056785020561_590.216741730517.wav
6150,Exp_17_Jan_2020_1245pm,SW_Luna,1979.43508090529,1980.09904486925,3300.0,43,Whistle8343,/lustre/fsn1/projects/rech/vzf/uqe97pu/raw_data/all_categories/SW_LunaExp_17_Jan_2020_1245pm1979.43508090529_1980.09904486925.wav
4134,Exp_04_Jan_2020_0945am,SW_Luna,796.359774606865,797.240142705024,3300.0,40,Whistle6267,/lustre/fsn1/projects/rech/vzf/uqe97pu/raw_data/all_categories/SW_LunaExp_04_Jan_2020_0945am796.359774606865_797.240142705024.wav
3963,Exp_22_Nov_2019_1345pm,SW_Luna,865.912405867794,867.262368693073,3600.0,40,Whistle12114,/lustre/fsn1/projects/rech/vzf/uqe97pu/raw_data/all_categories/SW_LunaExp_22_Nov_2019_1345pm865.912405867794_867.262368693073.wav
4988,Exp_13_Dec_2019_1245pm,SW_Luna,2847.34501178899,2848.24708688781,3300.0,40,Whistle9307,/lustre/fsn1/projects/rech/vzf/uqe97pu/raw_data/all_categories/SW_LunaExp_13_Dec_2019_1245pm2847.34501178899_2848.24708688781.wav
5059,Exp_16_Jan_2020_1245pm,SW_Luna,3230.24626617285,3231.22846924019,3300.0,40,Whistle9728,/lustre/fsn1/projects/rech/vzf/uqe97pu/raw_data/all_categories/SW_LunaExp_16_Jan_2020_1245pm3230.24626617285_3231.22846924019.wav
5013,Exp_15_Feb_2020_1345pm,SW_Luna,139.765424743711,140.800376200022,3300.0,40,Whistle9517,/lustre/fsn1/projects/rech/vzf/uqe97pu/raw_data/all_categories/SW_LunaExp_15_Feb_2020_1345pm139.765424743711_140.800376200022.wav
5346,Exp_05_Jan_2020_1545pm,SW_Luna,291.264003470095,291.737537304681,3300.0,41,Whistle7113,/lustre/fsn1/projects/rech/vzf/uqe97pu/raw_data/all_categories/SW_LunaExp_05_Jan_2020_1545pm291.264003470095_291.737537304681.wav
6520,Exp_16_Feb_2020_1245pm,SW_Luna,1911.8457934721,1912.39079512362,3300.0,52,Whistle11421,/lustre/fsn1/projects/rech/vzf/uqe97pu/raw_data/all_categories/SW_LunaExp_16_Feb_2020_1245pm1911.8457934721_1912.39079512362.wav
4860,Exp_15_Feb_2020_1345pm,SW_Luna,226.395687259658,227.355645265767,3300.0,40,Whistle8591,/lustre/fsn1/projects/rech/vzf/uqe97pu/raw_data/all_categories/SW_LunaExp_15_Feb_2020_1345pm226.395687259658_227.355645265767.wav
6220,Exp_08_Jan_2020_1245pm,SW_Luna,571.837461626468,572.910207081013,3300.0,45,Whistle6747,/lustre/fsn1/projects/rech/vzf/uqe97pu/raw_data/all_categories/SW_LunaExp_08_Jan_2020_1245pm571.837461626468_572.910207081013.wav
5789,Exp_05_Jan_2020_1145am,SW_Luna,789.511529104947,790.107341912829,3300.0,42,Whistle7482,/lustre/fsn1/projects/rech/vzf/uqe97pu/raw_data/all_categories/SW_LunaExp_05_Jan_2020_1145am789.511529104947_790.107341912829.wav
6050,Exp_01_Mar_2020_1745pm,SW_Luna,1861.57117220315,1861.86305532003,3000.0,43,Whistle7329,/lustre/fsn1/projects/rech/vzf/uqe97pu/raw_data/all_categories/SW_LunaExp_01_Mar_2020_1745pm1861.57117220315_1861.86305532003.wav
6312,Exp_17_Dec_2019_1145am,SW_Luna,2130.02884597542,2130.96462237294,3300.0,46,Whistle8837,/lustre/fsn1/projects/rech/vzf/uqe97pu/raw_data/all_categories/SW_LunaExp_17_Dec_2019_1145am2130.02884597542_2130.96462237294.wav
4545,Exp_09_Dec_2019_1245pm,SW_Luna,3089.69780499049,3090.51933178216,3300.0,40,Whistle6800,/lustre/fsn1/projects/rech/vzf/uqe97pu/raw_data/all_categories/SW_LunaExp_09_Dec_2019_1245pm3089.69780499049_3090.51933178216.wav
5151,Exp_25_Nov_2019_0945am,SW_Luna,1330.8677899082,1331.42437673455,3000.0,41,Whistle10816,/lustre/fsn1/projects/rech/vzf/uqe97pu/raw_data/all_categories/SW_LunaExp_25_Nov_2019_0945am1330.8677899082_1331.42437673455.wav
5946,Exp_16_Jan_2020_1045am,SW_Luna,1831.55055015318,1832.57555325925,3300.0,43,Whistle12450,/lustre/fsn1/projects/rech/vzf/uqe97pu/raw_data/all_categories/SW_LunaExp_16_Jan_2020_1045am1831.55055015318_1832.57555325925.wav
4499,Exp_08_Feb_2020_1045am,SW_Luna,3219.70666775019,3220.53837506726,3300.0,40,Whistle6737,/lustre/fsn1/projects/rech/vzf/uqe97pu/raw_data/all_categories/SW_LunaExp_08_Feb_2020_1045am3219.70666775019_3220.53837506726.wav
6274,Exp_02_Jan_2020_1245pm,SW_Luna,2247.90681365701,2248.79971544273,3300.0,46,Whistle7370,/lustre/fsn1/projects/rech/vzf/uqe97pu/raw_data/all_categories/SW_LunaExp_02_Jan_2020_1245pm2247.90681365701_2248.79971544273.wav
6028,Exp_08_Dec_2019_1045am,SW_Luna,2425.88155621918,2426.5668535603,3300.0,43,Whistle7245,/lustre/fsn1/projects/rech/vzf/uqe97pu/raw_data/all_categories/SW_LunaExp_08_Dec_2019_1045am2425.88155621918_2426.5668535603.wav
5094,Exp_17_Dec_2019_1045am,SW_Luna,2459.71862416827,2461.15743333494,3300.0,40,Whistle9955,/lustre/fsn1/projects/rech/vzf/uqe97pu/raw_data/all_categories/SW_LunaExp_17_Dec_2019_1045am2459.71862416827_2461.15743333494.wav
5864,Exp_25_Nov_2019_0945am,SW_Luna,1303.19230706078,1303.9182329867,3000.0,42,Whistle8939,/lustre/fsn1/projects/rech/vzf/uqe97pu/raw_data/all_categories/SW_LunaExp_25_Nov_2019_0945am1303.19230706078_1303.9182329867.wav
4859,Exp_13_Dec_2019_1245pm,SW_Luna,2327.87205415774,2328.53205615775,3300.0,40,Whistle8587,/lustre/fsn1/projects/rech/vzf/uqe97pu/raw_data/all_categories/SW_LunaExp_13_Dec_2019_1245pm2327.87205415774_2328.53205615775.wav
5397,Exp_07_Dec_2019_1245pm,SW_Luna,2905.69194570437,2906.69242779803,3300.0,41,Whistle7182,/lustre/fsn1/projects/rech/vzf/uqe97pu/raw_data/all_categories/SW_LunaExp_07_Dec_2019_1245pm2905.69194570437_2906.69242779803.wav
4998,Exp_13_Dec_2019_1245pm,SW_Luna,2409.8086192178,2410.90134163773,3300.0,40,Whistle9332,/lustre/fsn1/projects/rech/vzf/uqe97pu/raw_data/all_categories/SW_LunaExp_13_Dec_2019_1245pm2409.8086192178_2410.90134163773.wav
3693,Exp_22_Nov_2019_1545pm,SW_Luna,80.757263263592,81.7852403143732,3000.0,40,Whistle10264,/lustre/fsn1/projects/rech/vzf/uqe97pu/raw_data/all_categories/SW_LunaExp_22_Nov_2019_1545pm80.757263263592_81.7852403143732.wav
3667,Exp_17_Feb_2020_1345pm,SW_Luna,2978.05558578588,2979.38854374384,3300.0,40,Whistle10112,/lustre/fsn1/projects/rech/vzf/uqe97pu/raw_data/all_categories/SW_LunaExp_17_Feb_2020_1345pm2978.05558578588_2979.38854374384.wav
3831,Exp_17_Dec_2019_0845am,SW_Luna,905.873908768716,906.637687838483,3300.0,40,Whistle11118,/lustre/fsn1/projects/rech/vzf/uqe97pu/raw_data/all_categories/SW_LunaExp_17_Dec_2019_0845am905.873908768716_906.637687838483.wav
3946,Exp_11_Feb_2020_0945am,SW_Luna,862.534724588728,863.416206070209,3300.0,40,Whistle12069,/lustre/fsn1/projects/rech/vzf/uqe97pu/raw_data/all_categories/SW_LunaExp_11_Feb_2020_0945am862.534724588728_863.416206070209.wav
5466,Exp_09_Feb_2020_1345pm,SW_Luna,162.50895997296,163.229178951062,3300.0,41,Whistle7293,/lustre/fsn1/projects/rech/vzf/uqe97pu/raw_data/all_categories/SW_LunaExp_09_Feb_2020_1345pm162.50895997296_163.229178951062.wav
4764,Exp_28_Nov_2019_0945am,SW_Luna,261.663779304323,262.474488524182,3000.0,40,Whistle7918,/lustre/fsn1/projects/rech/vzf/uqe97pu/raw_data/all_categories/SW_LunaExp_28_Nov_2019_0945am261.663779304323_262.474488524182.wav
5755,Exp_04_Jan_2020_1345pm,SW_Luna,2264.60977272212,2265.21891655774,3300.0,42,Whistle6293,/lustre/fsn1/projects/rech/vzf/uqe97pu/raw_data/all_categories/SW_LunaExp_04_Jan_2020_1345pm2264.60977272212_2265.21891655774.wav
3787,Exp_17_Dec_2019_1145am,SW_Luna,2046.77188948944,2047.93117334361,3300.0,40,Whistle10722,/lustre/fsn1/projects/rech/vzf/uqe97pu/raw_data/all_categories/SW_LunaExp_17_Dec_2019_1145am2046.77188948944_2047.93117334361.wav
5880,Exp_12_Dec_2019_1045am,SW_Luna,2700.86141820487,2701.52314315145,3300.0,42,Whistle9208,/lustre/fsn1/projects/rech/vzf/uqe97pu/raw_data/all_categories/SW_LunaExp_12_Dec_2019_1045am2700.86141820487_2701.52314315145.wav
6043,Exp_09_Jan_2020_1145am,SW_Luna,3190.09367462599,3190.89462968217,3300.0,43,Whistle7310,/lustre/fsn1/projects/rech/vzf/uqe97pu/raw_data/all_categories/SW_LunaExp_09_Jan_2020_1145am3190.09367462599_3190.89462968217.wav
3914,Exp_12_Dec_2019_1045am,SW_Luna,3101.48601284795,3102.42435365513,3300.0,40,Whistle11874,/lustre/fsn1/projects/rech/vzf/uqe97pu/raw_data/all_categories/SW_LunaExp_12_Dec_2019_1045am3101.48601284795_3102.42435365513.wav
5797,Exp_06_Feb_2020_1045am,SW_Luna,3157.74213421898,3158.40090943512,3300.0,42,Whistle7492,/lustre/fsn1/projects/rech/vzf/uqe97pu/raw_data/all_categories/SW_LunaExp_06_Feb_2020_1045am3157.74213421898_3158.40090943512.wav
3738,Exp_13_Dec_2019_1245pm,SW_Luna,2406.86229473423,2407.84037806756,3300.0,40,Whistle10521,/lustre/fsn1/projects/rech/vzf/uqe97pu/raw_data/all_categories/SW_LunaExp_13_Dec_2019_1245pm2406.86229473423_2407.84037806756.wav
6127,Exp_09_Feb_2020_0945am,SW_Luna,2921.97957638097,2922.84686451656,3300.0,43,Whistle7656,/lustre/fsn1/projects/rech/vzf/uqe97pu/raw_data/all_categories/SW_LunaExp_09_Feb_2020_0945am2921.97957638097_2922.84686451656.wav
6529,Exp_11_Dec_2019_1145am,SW_Luna,2657.88305419107,2658.90805729714,3300.0,52,Whistle12558,/lustre/fsn1/projects/rech/vzf/uqe97pu/raw_data/all_categories/SW_LunaExp_11_Dec_2019_1145am2657.88305419107_2658.90805729714.wav
4412,Exp_07_Jan_2020_0945am,SW_Luna,2199.59043716269,2200.24442489275,3300.0,40,Whistle6616,/lustre/fsn1/projects/rech/vzf/uqe97pu/raw_data/all_categories/SW_LunaExp_07_Jan_2020_0945am2199.59043716269_2200.24442489275.wav
6440,Exp_02_Jan_2020_1345pm,SW_Luna,62.9151924702802,64.5351615105279,3300.0,50,Whistle7434,/lustre/fsn1/projects/rech/vzf/uqe97pu/raw_data/all_categories/SW_LunaExp_02_Jan_2020_1345pm62.9151924702802_64.5351615105279.wav
3792,Exp_25_Nov_2019_0945am,SW_Luna,1171.49890632969,1172.65792593753,3000.0,40,Whistle10793,/lustre/fsn1/projects/rech/vzf/uqe97pu/raw_data/all_categories/SW_LunaExp_25_Nov_2019_0945am1171.49890632969_1172.65792593753.wav
3652,Exp_17_Dec_2019_1145am,SW_Luna,1952.81591823006,1953.84431329178,3300.0,40,Whistle10013,/lustre/fsn1/projects/rech/vzf/uqe97pu/raw_data/all_categories/SW_LunaExp_17_Dec_2019_1145am1952.81591823006_1953.84431329178.wav
4063,Exp_01_Feb_2020_1045am,SW_Luna,3228.78160609306,3230.10975424121,3300.0,40,Whistle6181,/lustre/fsn1/projects/rech/vzf/uqe97pu/raw_data/all_categories/SW_LunaExp_01_Feb_2020_1045am3228.78160609306_3230.10975424121.wav
4143,Exp_04_Jan_2020_0945am,SW_Luna,1051.35461562654,1052.29555213448,3300.0,40,Whistle6276,/lustre/fsn1/projects/rech/vzf/uqe97pu/raw_data/all_categories/SW_LunaExp_04_Jan_2020_0945am1051.35461562654_1052.29555213448.wav
4264,Exp_05_Jan_2020_1145am,SW_Luna,827.439215885281,828.154988243004,3300.0,40,Whistle6430,/lustre/fsn1/projects/rech/vzf/uqe97pu/raw_data/all_categories/SW_LunaExp_05_Jan_2020_1145am827.439215885281_828.154988243004.wav
6191,Exp_05_Feb_2020_1345pm,SW_Luna,270.460820184304,272.095799894171,3300.0,44,Whistle7708,/lustre/fsn1/projects/rech/vzf/uqe97pu/raw_data/all_categories/SW_LunaExp_05_Feb_2020_1345pm270.460820184304_272.095799894171.wav
4253,Exp_05_Jan_2020_1145am,SW_Luna,767.43379742862,768.452284823578,3300.0,40,Whistle6416,/lustre/fsn1/projects/rech/vzf/uqe97pu/raw_data/all_categories/SW_LunaExp_05_Jan_2020_1145am767.43379742862_768.452284823578.wav
5150,Exp_25_Nov_2019_0945am,SW_Luna,1301.35671938351,1302.01359769039,3000.0,41,Whistle10805,/lustre/fsn1/projects/rech/vzf/uqe97pu/raw_data/all_categories/SW_LunaExp_25_Nov_2019_0945am1301.35671938351_1302.01359769039.wav
6481,Exp_06_Feb_2020_1045am,SW_Luna,3167.37744225767,3168.28455688218,3300.0,51,Whistle6522,/lustre/fsn1/projects/rech/vzf/uqe97pu/raw_data/all_categories/SW_LunaExp_06_Feb_2020_1045am3167.37744225767_3168.28455688218.wav
4192,Exp_05_Dec_2019_1145am,SW_Luna,2888.08177639242,2889.43418686074,3000.0,40,Whistle6339,/lustre/fsn1/projects/rech/vzf/uqe97pu/raw_data/all_categories/SW_LunaExp_05_Dec_2019_1145am2888.08177639242_2889.43418686074.wav
5985,Exp_02_Mar_2020_1345pm,SW_Luna,1870.38706739137,1871.1958916194,3000.0,43,Whistle6979,/lustre/fsn1/projects/rech/vzf/uqe97pu/raw_data/all_categories/SW_LunaExp_02_Mar_2020_1345pm1870.38706739137_1871.1958916194.wav
3899,Exp_12_Dec_2019_1245pm,SW_Luna,1926.40234914264,1927.48960501512,3300.0,40,Whistle11797,/lustre/fsn1/projects/rech/vzf/uqe97pu/raw_data/all_categories/SW_LunaExp_12_Dec_2019_1245pm1926.40234914264_1927.48960501512.wav
5738,Exp_13_Dec_2019_0945am,SW_Luna,2604.87107129098,2605.40097783304,3300.0,42,Whistle12125,/lustre/fsn1/projects/rech/vzf/uqe97pu/raw_data/all_categories/SW_LunaExp_13_Dec_2019_0945am2604.87107129098_2605.40097783304.wav
4324,Exp_06_Dec_2019_1345pm,SW_Luna,221.964574729807,222.819669852062,3000.0,40,Whistle6500,/lustre/fsn1/projects/rech/vzf/uqe97pu/raw_data/all_categories/SW_LunaExp_06_Dec_2019_1345pm221.964574729807_222.819669852062.wav
5584,Exp_28_Nov_2019_0945am,SW_Luna,1109.55608189105,1110.29229465701,3000.0,41,Whistle9009,/lustre/fsn1/projects/rech/vzf/uqe97pu/raw_data/all_categories/SW_LunaExp_28_Nov_2019_0945am1109.55608189105_1110.29229465701.wav
5668,Exp_16_Jan_2020_1345pm,SW_Luna,58.1525904358461,58.6768761501319,3300.0,42,Whistle11098,/lustre/fsn1/projects/rech/vzf/uqe97pu/raw_data/all_categories/SW_LunaExp_16_Jan_2020_1345pm58.1525904358461_58.6768761501319.wav
6189,Exp_05_Jan_2020_1545pm,SW_Luna,498.494007467347,500.076497446563,3300.0,44,Whistle7445,/lustre/fsn1/projects/rech/vzf/uqe97pu/raw_data/all_categories/SW_LunaExp_05_Jan_2020_1545pm498.494007467347_500.076497446563.wav
3927,Exp_17_Dec_2019_1145am,SW_Luna,2415.86392190528,2417.04562027485,3300.0,40,Whistle12022,/lustre/fsn1/projects/rech/vzf/uqe97pu/raw_data/all_categories/SW_LunaExp_17_Dec_2019_1145am2415.86392190528_2417.04562027485.wav
4903,Exp_17_Dec_2019_1145am,SW_Luna,2414.83231888581,2416.00142640215,3300.0,40,Whistle8841,/lustre/fsn1/projects/rech/vzf/uqe97pu/raw_data/all_categories/SW_LunaExp_17_Dec_2019_1145am2414.83231888581_2416.00142640215.wav
6299,Exp_07_Jan_2020_1245pm,SW_Luna,2716.90323485829,2717.97598031283,3300.0,46,Whistle7639,/lustre/fsn1/projects/rech/vzf/uqe97pu/raw_data/all_categories/SW_LunaExp_07_Jan_2020_1245pm2716.90323485829_2717.97598031283.wav
3947,Exp_22_Nov_2019_1145am,SW_Luna,3159.83113956954,3160.59372750924,3600.0,40,Whistle12074,/lustre/fsn1/projects/rech/vzf/uqe97pu/raw_data/all_categories/SW_LunaExp_22_Nov_2019_1145am3159.83113956954_3160.59372750924.wav
5983,Exp_01_Feb_2020_1045am,SW_Luna,3083.86794696998,3084.25085884737,3300.0,43,Whistle6968,/lustre/fsn1/projects/rech/vzf/uqe97pu/raw_data/all_categories/SW_LunaExp_01_Feb_2020_1045am3083.86794696998_3084.25085884737.wav
5626,Exp_25_Nov_2019_0945am,SW_Luna,1167.97208111924,1168.56219028954,3000.0,42,Whistle10313,/lustre/fsn1/projects/rech/vzf/uqe97pu/raw_data/all_categories/SW_LunaExp_25_Nov_2019_0945am1167.97208111924_1168.56219028954.wav
4695,Exp_07_Jan_2020_1345pm,SW_Luna,1951.42217001369,1952.36586768811,3300.0,40,Whistle7413,/lustre/fsn1/projects/rech/vzf/uqe97pu/raw_data/all_categories/SW_LunaExp_07_Jan_2020_1345pm1951.42217001369_1952.36586768811.wav
6432,Exp_02_Jan_2020_1245pm,SW_Luna,2580.16571447755,2581.36227778104,3300.0,50,Whistle6152,/lustre/fsn1/projects/rech/vzf/uqe97pu/raw_data/all_categories/SW_LunaExp_02_Jan_2020_1245pm2580.16571447755_2581.36227778104.wav
5285,Exp_04_Feb_2020_1145am,SW_Luna,248.759313354622,249.453991320724,3300.0,41,Whistle7030,/lustre/fsn1/projects/rech/vzf/uqe97pu/raw_data/all_categories/SW_LunaExp_04_Feb_2020_1145am248.759313354622_249.453991320724.wav
5528,Exp_12_Dec_2019_1045am,SW_Luna,1653.73001130306,1654.29501301519,3300.0,41,Whistle8051,/lustre/fsn1/projects/rech/vzf/uqe97pu/raw_data/all_categories/SW_LunaExp_12_Dec_2019_1045am1653.73001130306_1654.29501301519.wav
4458,Exp_07_Jan_2020_1345pm,SW_Luna,482.954223467902,483.889928989374,3300.0,40,Whistle6683,/lustre/fsn1/projects/rech/vzf/uqe97pu/raw_data/all_categories/SW_LunaExp_07_Jan_2020_1345pm482.954223467902_483.889928989374.wav
5161,Exp_14_Jan_2020_1045am,SW_Luna,2054.88561036468,2055.44561325624,2194.90133333334,41,Whistle11282,/lustre/fsn1/projects/rech/vzf/uqe97pu/raw_data/all_categories/SW_LunaExp_14_Jan_2020_1045am2054.88561036468_2055.44561325624.wav
5043,Exp_14_Jan_2020_1045am,SW_Luna,2130.70919760215,2131.4401402251,2194.90133333334,40,Whistle9665,/lustre/fsn1/projects/rech/vzf/uqe97pu/raw_data/all_categories/SW_LunaExp_14_Jan_2020_1045am2130.70919760215_2131.4401402251.wav
6468,Exp_15_Feb_2020_1345pm,SW_Luna,545.999877690964,546.41157190584,3300.0,51,Whistle11403,/lustre/fsn1/projects/rech/vzf/uqe97pu/raw_data/all_categories/SW_LunaExp_15_Feb_2020_1345pm545.999877690964_546.41157190584.wav
4512,Exp_08_Jan_2020_1345pm,SW_Luna,595.571804763045,596.519007828179,3300.0,40,Whistle6755,/lustre/fsn1/projects/rech/vzf/uqe97pu/raw_data/all_categories/SW_LunaExp_08_Jan_2020_1345pm595.571804763045_596.519007828179.wav
5529,Exp_12_Dec_2019_1045am,SW_Luna,1545.91235976614,1546.78595779118,3300.0,41,Whistle7880,/lustre/fsn1/projects/rech/vzf/uqe97pu/raw_data/all_categories/SW_LunaExp_12_Dec_2019_1045am1545.91235976614_1546.78595779118.wav
6554,Exp_12_Dec_2019_1045am,SW_Luna,3095.29281320918,3096.08258524565,3300.0,52,Whistle8647,/lustre/fsn1/projects/rech/vzf/uqe97pu/raw_data/all_categories/SW_LunaExp_12_Dec_2019_1045am3095.29281320918_3096.08258524565.wav
4612,Exp_09_Jan_2020_1145am,SW_Luna,205.70655016786,206.790593191319,3300.0,40,Whistle6890,/lustre/fsn1/projects/rech/vzf/uqe97pu/raw_data/all_categories/SW_LunaExp_09_Jan_2020_1145am205.70655016786_206.790593191319.wav
4058,Exp_02_Jan_2020_1345pm,SW_Luna,2257.89363888058,2258.80067013058,3300.0,40,Whistle6176,/lustre/fsn1/projects/rech/vzf/uqe97pu/raw_data/all_categories/SW_LunaExp_02_Jan_2020_1345pm2257.89363888058_2258.80067013058.wav
3706,Exp_27_Nov_2019_1145am,SW_Luna,88.9382962843209,89.7788629509876,3000.0,40,Whistle10348,/lustre/fsn1/projects/rech/vzf/uqe97pu/raw_data/all_categories/SW_LunaExp_27_Nov_2019_1145am88.9382962843209_89.7788629509876.wav
3724,Exp_12_Dec_2019_1045am,SW_Luna,3104.57228487786,3105.5643712088,3300.0,40,Whistle10427,/lustre/fsn1/projects/rech/vzf/uqe97pu/raw_data/all_categories/SW_LunaExp_12_Dec_2019_1045am3104.57228487786_3105.5643712088.wav
5086,Exp_17_Dec_2019_0845am,SW_Luna,885.737684053588,886.972687796024,3300.0,40,Whistle9897,/lustre/fsn1/projects/rech/vzf/uqe97pu/raw_data/all_categories/SW_LunaExp_17_Dec_2019_0845am885.737684053588_886.972687796024.wav
4105,Exp_03_Jan_2020_1045am,SW_Luna,1390.70627175227,1391.50768304259,3300.0,40,Whistle6233,/lustre/fsn1/projects/rech/vzf/uqe97pu/raw_data/all_categories/SW_LunaExp_03_Jan_2020_1045am1390.70627175227_1391.50768304259.wav
6237,Exp_10_Mar_2020_0945am,SW_Luna,414.748835809003,415.629203907162,3000.0,45,Whistle7766,/lustre/fsn1/projects/rech/vzf/uqe97pu/raw_data/all_categories/SW_LunaExp_10_Mar_2020_0945am414.748835809003_415.629203907162.wav
6400,Exp_08_Jan_2020_1345pm,SW_Luna,579.860605047397,580.434705766821,3300.0,49,Whistle15639,/lustre/fsn1/projects/rech/vzf/uqe97pu/raw_data/all_categories/SW_LunaExp_08_Jan_2020_1345pm579.860605047397_580.434705766821.wav
6284,Exp_01_Jan_2020_1045am,SW_Luna,3261.91488640875,3262.8112435516,3300.0,46,Whistle7401,/lustre/fsn1/projects/rech/vzf/uqe97pu/raw_data/all_categories/SW_LunaExp_01_Jan_2020_1045am3261.91488640875_3262.8112435516.wav
6070,Exp_03_Feb_2020_1545pm,SW_Luna,325.047259981834,325.975939227117,3300.0,43,Whistle7564,/lustre/fsn1/projects/rech/vzf/uqe97pu/raw_data/all_categories/SW_LunaExp_03_Feb_2020_1545pm325.047259981834_325.975939227117.wav
5236,Exp_07_Jan_2020_1545pm,SW_Luna,1.51819288917512,2.53497141266505,3300.0,41,Whistle6100,/lustre/fsn1/projects/rech/vzf/uqe97pu/raw_data/all_categories/SW_LunaExp_07_Jan_2020_1545pm1.51819288917512_2.53497141266505.wav
6321,Exp_14_Dec_2019_0945am,SW_Luna,313.905951230155,314.980954487741,3300.0,47,Whistle12416,/lustre/fsn1/projects/rech/vzf/uqe97pu/raw_data/all_categories/SW_LunaExp_14_Dec_2019_0945am313.905951230155_314.980954487741.wav
5820,13-11-19-1221,SW_Luna,3159.55877821883,3160.67697010075,3600.0,42,Whistle7745,/lustre/fsn1/projects/rech/vzf/uqe97pu/raw_data/all_categories/SW_Luna13-11-19-12213159.55877821883_3160.67697010075.wav
5805,Exp_01_Jan_2020_1345pm,SW_Luna,2662.17630896436,2662.89623999885,3300.0,42,Whistle7512,/lustre/fsn1/projects/rech/vzf/uqe97pu/raw_data/all_categories/SW_LunaExp_01_Jan_2020_1345pm2662.17630896436_2662.89623999885.wav
6435,Exp_05_Feb_2020_1345pm,SW_Luna,180.148121916042,181.1039501369,3300.0,50,Whistle6355,/lustre/fsn1/projects/rech/vzf/uqe97pu/raw_data/all_categories/SW_LunaExp_05_Feb_2020_1345pm180.148121916042_181.1039501369.wav
4654,Exp_02_Feb_2020_1245pm,SW_Luna,1068.02618805359,1068.73169986461,3300.0,40,Whistle6942,/lustre/fsn1/projects/rech/vzf/uqe97pu/raw_data/all_categories/SW_LunaExp_02_Feb_2020_1245pm1068.02618805359_1068.73169986461.wav
6149,Exp_17_Dec_2019_1045am,SW_Luna,911.449609736807,912.762648871422,3300.0,43,Whistle8276,/lustre/fsn1/projects/rech/vzf/uqe97pu/raw_data/all_categories/SW_LunaExp_17_Dec_2019_1045am911.449609736807_912.762648871422.wav
5889,Exp_15_Feb_2020_0945am,SW_Luna,3176.16975482042,3176.83820041628,3300.0,42,Whistle9504,/lustre/fsn1/projects/rech/vzf/uqe97pu/raw_data/all_categories/SW_LunaExp_15_Feb_2020_0945am3176.16975482042_3176.83820041628.wav
3772,Exp_17_Dec_2019_1045am,SW_Luna,484.752521291537,485.382778863316,3300.0,40,Whistle10701,/lustre/fsn1/projects/rech/vzf/uqe97pu/raw_data/all_categories/SW_LunaExp_17_Dec_2019_1045am484.752521291537_485.382778863316.wav
3962,Exp_11_Dec_2019_1145am,SW_Luna,2651.1996645057,2652.45735681339,3300.0,40,Whistle12165,/lustre/fsn1/projects/rech/vzf/uqe97pu/raw_data/all_categories/SW_LunaExp_11_Dec_2019_1145am2651.1996645057_2652.45735681339.wav
5295,Exp_04_Jan_2020_1045am,SW_Luna,388.205325252406,388.856142116144,3300.0,41,Whistle7043,/lustre/fsn1/projects/rech/vzf/uqe97pu/raw_data/all_categories/SW_LunaExp_04_Jan_2020_1045am388.205325252406_388.856142116144.wav
3953,Exp_13_Dec_2019_1245pm,SW_Luna,2845.38030345551,2846.40775646646,3300.0,40,Whistle12184,/lustre/fsn1/projects/rech/vzf/uqe97pu/raw_data/all_categories/SW_LunaExp_13_Dec_2019_1245pm2845.38030345551_2846.40775646646.wav
6074,Exp_03_Jan_2020_1045am,SW_Luna,119.710362758675,120.730323862944,3300.0,43,Whistle7568,/lustre/fsn1/projects/rech/vzf/uqe97pu/raw_data/all_categories/SW_LunaExp_03_Jan_2020_1045am119.710362758675_120.730323862944.wav
6253,Exp_11_Dec_2019_1145am,SW_Luna,2607.2268332306,2608.23786926663,3300.0,46,Whistle12129,/lustre/fsn1/projects/rech/vzf/uqe97pu/raw_data/all_categories/SW_LunaExp_11_Dec_2019_1145am2607.2268332306_2608.23786926663.wav
4091,Exp_01_Feb_2020_1145am,SW_Luna,2254.80053052587,2255.57679068848,3300.0,40,Whistle6214,/lustre/fsn1/projects/rech/vzf/uqe97pu/raw_data/all_categories/SW_LunaExp_01_Feb_2020_1145am2254.80053052587_2255.57679068848.wav
5250,Exp_02_Mar_2020_0845am,SW_Luna,101.029119729193,101.587771044982,3000.0,41,Whistle6973,/lustre/fsn1/projects/rech/vzf/uqe97pu/raw_data/all_categories/SW_LunaExp_02_Mar_2020_0845am101.029119729193_101.587771044982.wav
4806,Exp_25_Nov_2019_0945am,SW_Luna,1304.84711330632,1305.96903877216,3000.0,40,Whistle8215,/lustre/fsn1/projects/rech/vzf/uqe97pu/raw_data/all_categories/SW_LunaExp_25_Nov_2019_0945am1304.84711330632_1305.96903877216.wav
3692,Exp_22_Nov_2019_1545pm,SW_Luna,25.6365583518353,26.5838451735408,3000.0,40,Whistle10263,/lustre/fsn1/projects/rech/vzf/uqe97pu/raw_data/all_categories/SW_LunaExp_22_Nov_2019_1545pm25.6365583518353_26.5838451735408.wav
5693,Exp_17_Feb_2020_0945am,SW_Luna,456.668058697189,457.243217068229,3300.0,42,Whistle11347,/lustre/fsn1/projects/rech/vzf/uqe97pu/raw_data/all_categories/SW_LunaExp_17_Feb_2020_0945am456.668058697189_457.243217068229.wav
5073,Exp_17_Dec_2019_0845am,SW_Luna,927.843437644887,928.625357287744,3300.0,40,Whistle9899,/lustre/fsn1/projects/rech/vzf/uqe97pu/raw_data/all_categories/SW_LunaExp_17_Dec_2019_0845am927.843437644887_928.625357287744.wav
4783,Exp_14_Dec_2019_0845am,SW_Luna,1211.04867105658,1212.16640624822,3300.0,40,Whistle7987,/lustre/fsn1/projects/rech/vzf/uqe97pu/raw_data/all_categories/SW_LunaExp_14_Dec_2019_0845am1211.04867105658_1212.16640624822.wav
4793,Exp_16_Jan_2020_1245pm,SW_Luna,3282.14994651499,3283.17931406086,3300.0,40,Whistle8044,/lustre/fsn1/projects/rech/vzf/uqe97pu/raw_data/all_categories/SW_LunaExp_16_Jan_2020_1245pm3282.14994651499_3283.17931406086.wav
6051,Exp_02_Jan_2020_1045am,SW_Luna,3064.85296625109,3065.33135910823,3300.0,43,Whistle7337,/lustre/fsn1/projects/rech/vzf/uqe97pu/raw_data/all_categories/SW_LunaExp_02_Jan_2020_1045am3064.85296625109_3065.33135910823.wav
3678,Exp_18_Nov_2019_1545pm,SW_Luna,958.545667752369,959.570349910489,3600.0,40,Whistle10172,/lustre/fsn1/projects/rech/vzf/uqe97pu/raw_data/all_categories/SW_LunaExp_18_Nov_2019_1545pm958.545667752369_959.570349910489.wav
5672,Exp_17_Dec_2019_0845am,SW_Luna,1484.74531658733,1485.28654110656,3300.0,42,Whistle11117,/lustre/fsn1/projects/rech/vzf/uqe97pu/raw_data/all_categories/SW_LunaExp_17_Dec_2019_0845am1484.74531658733_1485.28654110656.wav
3851,Exp_11_Mar_2020_1545pm,SW_Luna,672.812244040813,673.821633712175,3000.0,40,Whistle11510,/lustre/fsn1/projects/rech/vzf/uqe97pu/raw_data/all_categories/SW_LunaExp_11_Mar_2020_1545pm672.812244040813_673.821633712175.wav
5060,Exp_16_Jan_2020_1245pm,SW_Luna,3242.52649242371,3243.48856649779,3300.0,40,Whistle9731,/lustre/fsn1/projects/rech/vzf/uqe97pu/raw_data/all_categories/SW_LunaExp_16_Jan_2020_1245pm3242.52649242371_3243.48856649779.wav
6278,Exp_02_Mar_2020_1545pm,SW_Luna,72.0030578215963,72.9589401745374,3000.0,46,Whistle7376,/lustre/fsn1/projects/rech/vzf/uqe97pu/raw_data/all_categories/SW_LunaExp_02_Mar_2020_1545pm72.0030578215963_72.9589401745374.wav
5290,Exp_01_Feb_2020_1145am,SW_Luna,2247.58828824709,2248.45676115349,3300.0,41,Whistle7036,/lustre/fsn1/projects/rech/vzf/uqe97pu/raw_data/all_categories/SW_LunaExp_01_Feb_2020_1145am2247.58828824709_2248.45676115349.wav
3711,Exp_27_Nov_2019_1145am,SW_Luna,105.810353367845,106.773702667335,3000.0,40,Whistle10342,/lustre/fsn1/projects/rech/vzf/uqe97pu/raw_data/all_categories/SW_LunaExp_27_Nov_2019_1145am105.810353367845_106.773702667335.wav
6342,Exp_13_Dec_2019_1245pm,SW_Luna,2813.34586380555,2813.98980226709,3300.0,47,Whistle8581,/lustre/fsn1/projects/rech/vzf/uqe97pu/raw_data/all_categories/SW_LunaExp_13_Dec_2019_1245pm2813.34586380555_2813.98980226709.wav
4016,Exp_06_Jan_2020_0945am,SW_Luna,597.547539187682,598.761782522612,3300.0,40,Whistle6088,/lustre/fsn1/projects/rech/vzf/uqe97pu/raw_data/all_categories/SW_LunaExp_06_Jan_2020_0945am597.547539187682_598.761782522612.wav
4510,Exp_08_Jan_2020_1245pm,SW_Luna,1173.25568656694,1174.13734749058,3300.0,40,Whistle6751,/lustre/fsn1/projects/rech/vzf/uqe97pu/raw_data/all_categories/SW_LunaExp_08_Jan_2020_1245pm1173.25568656694_1174.13734749058.wav
5355,Exp_05_Mar_2020_1545pm,SW_Luna,425.626244038951,426.113721106341,3000.0,41,Whistle7123,/lustre/fsn1/projects/rech/vzf/uqe97pu/raw_data/all_categories/SW_LunaExp_05_Mar_2020_1545pm425.626244038951_426.113721106341.wav
5104,Exp_17_Dec_2019_0945am,SW_Luna,2480.63944058123,2481.60628043888,3300.0,40,Whistle9942,/lustre/fsn1/projects/rech/vzf/uqe97pu/raw_data/all_categories/SW_LunaExp_17_Dec_2019_0945am2480.63944058123_2481.60628043888.wav
3804,Exp_15_Feb_2020_1245pm,SW_Luna,2069.81627338265,2070.59795441713,3300.0,40,Whistle10848,/lustre/fsn1/projects/rech/vzf/uqe97pu/raw_data/all_categories/SW_LunaExp_15_Feb_2020_1245pm2069.81627338265_2070.59795441713.wav
4323,Exp_06_Dec_2019_1345pm,SW_Luna,232.692339869763,233.431849072217,3000.0,40,Whistle6498,/lustre/fsn1/projects/rech/vzf/uqe97pu/raw_data/all_categories/SW_LunaExp_06_Dec_2019_1345pm232.692339869763_233.431849072217.wav
4527,Exp_08_Jan_2020_1345pm,SW_Luna,305.047363919575,306.029042001767,3300.0,40,Whistle6774,/lustre/fsn1/projects/rech/vzf/uqe97pu/raw_data/all_categories/SW_LunaExp_08_Jan_2020_1345pm305.047363919575_306.029042001767.wav
4315,Exp_06_Dec_2019_1345pm,SW_Luna,247.358370161541,248.2750860287,3000.0,40,Whistle6489,/lustre/fsn1/projects/rech/vzf/uqe97pu/raw_data/all_categories/SW_LunaExp_06_Dec_2019_1345pm247.358370161541_248.2750860287.wav
3840,Exp_17_Jan_2020_1345pm,SW_Luna,365.116107624569,366.194402198212,3300.0,40,Whistle11321,/lustre/fsn1/projects/rech/vzf/uqe97pu/raw_data/all_categories/SW_LunaExp_17_Jan_2020_1345pm365.116107624569_366.194402198212.wav
6109,Exp_07_Dec_2019_1345pm,SW_Luna,58.4174347486888,59.8951512841218,3300.0,43,Whistle7624,/lustre/fsn1/projects/rech/vzf/uqe97pu/raw_data/all_categories/SW_LunaExp_07_Dec_2019_1345pm58.4174347486888_59.8951512841218.wav
6410,Exp_12_Dec_2019_1045am,SW_Luna,2639.34799802424,2640.35800108485,3300.0,49,Whistle11266,/lustre/fsn1/projects/rech/vzf/uqe97pu/raw_data/all_categories/SW_LunaExp_12_Dec_2019_1045am2639.34799802424_2640.35800108485.wav
6162,Exp_17_Dec_2019_0845am,SW_Luna,886.2141087841,887.061138072803,3300.0,43,Whistle8759,/lustre/fsn1/projects/rech/vzf/uqe97pu/raw_data/all_categories/SW_LunaExp_17_Dec_2019_0845am886.2141087841_887.061138072803.wav
6242,Exp_12_Dec_2019_1245pm,SW_Luna,3129.15670752194,3129.84097084482,3300.0,45,Whistle9263,/lustre/fsn1/projects/rech/vzf/uqe97pu/raw_data/all_categories/SW_LunaExp_12_Dec_2019_1245pm3129.15670752194_3129.84097084482.wav
5922,Exp_16_Jan_2020_1245pm,SW_Luna,3161.42458007448,3162.31958278661,3300.0,43,Whistle11447,/lustre/fsn1/projects/rech/vzf/uqe97pu/raw_data/all_categories/SW_LunaExp_16_Jan_2020_1245pm3161.42458007448_3162.31958278661.wav
3937,Exp_17_Dec_2019_0945am,SW_Luna,2455.98422583193,2456.65941963038,3300.0,40,Whistle12006,/lustre/fsn1/projects/rech/vzf/uqe97pu/raw_data/all_categories/SW_LunaExp_17_Dec_2019_0945am2455.98422583193_2456.65941963038.wav
3814,Exp_14_Jan_2020_0945am,SW_Luna,3266.57195254037,3267.612523593,3300.0,40,Whistle10955,/lustre/fsn1/projects/rech/vzf/uqe97pu/raw_data/all_categories/SW_LunaExp_14_Jan_2020_0945am3266.57195254037_3267.612523593.wav
5115,Exp_16_Jan_2020_1245pm,SW_Luna,3206.69531945424,3206.95339174339,3300.0,41,Whistle10088,/lustre/fsn1/projects/rech/vzf/uqe97pu/raw_data/all_categories/SW_LunaExp_16_Jan_2020_1245pm3206.69531945424_3206.95339174339.wav
5455,Exp_08_Jan_2020_1345pm,SW_Luna,2376.29200181602,2376.81544552463,3300.0,41,Whistle7276,/lustre/fsn1/projects/rech/vzf/uqe97pu/raw_data/all_categories/SW_LunaExp_08_Jan_2020_1345pm2376.29200181602_2376.81544552463.wav
4098,Exp_03_Jan_2020_1045am,SW_Luna,2022.56319757116,2023.45358311448,3300.0,40,Whistle6225,/lustre/fsn1/projects/rech/vzf/uqe97pu/raw_data/all_categories/SW_LunaExp_03_Jan_2020_1045am2022.56319757116_2023.45358311448.wav
4300,Exp_05_Jan_2020_1545pm,SW_Luna,503.668742329149,504.461476319297,3300.0,40,Whistle6471,/lustre/fsn1/projects/rech/vzf/uqe97pu/raw_data/all_categories/SW_LunaExp_05_Jan_2020_1545pm503.668742329149_504.461476319297.wav
4787,Exp_15_Dec_2019_1245pm,SW_Luna,2347.0460298352,2347.63706076304,3300.0,40,Whistle8003,/lustre/fsn1/projects/rech/vzf/uqe97pu/raw_data/all_categories/SW_LunaExp_15_Dec_2019_1245pm2347.0460298352_2347.63706076304.wav
6421,Exp_17_Jan_2020_1045am,SW_Luna,2997.69978907106,2998.95859188796,3300.0,50,Whistle11467,/lustre/fsn1/projects/rech/vzf/uqe97pu/raw_data/all_categories/SW_LunaExp_17_Jan_2020_1045am2997.69978907106_2998.95859188796.wav
4682,Exp_01_Feb_2020_1145am,SW_Luna,2813.98014487994,2814.78394931383,3300.0,40,Whistle7377,/lustre/fsn1/projects/rech/vzf/uqe97pu/raw_data/all_categories/SW_LunaExp_01_Feb_2020_1145am2813.98014487994_2814.78394931383.wav
4807,Exp_27_Nov_2019_1145am,SW_Luna,290.681655470438,291.452824825276,3000.0,40,Whistle8296,/lustre/fsn1/projects/rech/vzf/uqe97pu/raw_data/all_categories/SW_LunaExp_27_Nov_2019_1145am290.681655470438_291.452824825276.wav
5464,Exp_09_Dec_2019_1245pm,SW_Luna,3115.98862600511,3116.45678927042,3300.0,41,Whistle7289,/lustre/fsn1/projects/rech/vzf/uqe97pu/raw_data/all_categories/SW_LunaExp_09_Dec_2019_1245pm3115.98862600511_3116.45678927042.wav
6247,Exp_12_Dec_2019_1045am,SW_Luna,2475.8106440773,2476.94747187186,3300.0,45,Whistle9181,/lustre/fsn1/projects/rech/vzf/uqe97pu/raw_data/all_categories/SW_LunaExp_12_Dec_2019_1045am2475.8106440773_2476.94747187186.wav
4918,Exp_19_Nov_2019_1345pm,SW_Luna,281.988671312044,282.783578144342,3600.0,40,Whistle8905,/lustre/fsn1/projects/rech/vzf/uqe97pu/raw_data/all_categories/SW_LunaExp_19_Nov_2019_1345pm281.988671312044_282.783578144342.wav
5866,Exp_17_Feb_2020_0945am,SW_Luna,423.753145165979,424.59591260784,3300.0,42,Whistle8862,/lustre/fsn1/projects/rech/vzf/uqe97pu/raw_data/all_categories/SW_LunaExp_17_Feb_2020_0945am423.753145165979_424.59591260784.wav
5959,Exp_03_Feb_2020_1045am,SW_Luna,3207.96018067836,3209.20968259407,3300.0,43,Whistle6056,/lustre/fsn1/projects/rech/vzf/uqe97pu/raw_data/all_categories/SW_LunaExp_03_Feb_2020_1045am3207.96018067836_3209.20968259407.wav
6204,Exp_15_Dec_2019_1245pm,SW_Luna,2424.44850018576,2426.02691841633,3300.0,44,Whistle9473,/lustre/fsn1/projects/rech/vzf/uqe97pu/raw_data/all_categories/SW_LunaExp_15_Dec_2019_1245pm2424.44850018576_2426.02691841633.wav
3842,Exp_16_Nov_2019_1345pm,SW_Luna,5.87286016174204,6.85885404553409,3600.0,40,Whistle11325,/lustre/fsn1/projects/rech/vzf/uqe97pu/raw_data/all_categories/SW_LunaExp_16_Nov_2019_1345pm5.87286016174204_6.85885404553409.wav
6504,Exp_16_Dec_2019_1145am,SW_Luna,407.81956886738,408.208994154737,3300.0,51,Whistle8635,/lustre/fsn1/projects/rech/vzf/uqe97pu/raw_data/all_categories/SW_LunaExp_16_Dec_2019_1145am407.81956886738_408.208994154737.wav
4690,Exp_05_Feb_2020_1345pm,SW_Luna,435.742670038183,436.676274689345,3300.0,40,Whistle7393,/lustre/fsn1/projects/rech/vzf/uqe97pu/raw_data/all_categories/SW_LunaExp_05_Feb_2020_1345pm435.742670038183_436.676274689345.wav
5622,Exp_21_Nov_2019_1145am,SW_Luna,1105.08556998075,1105.78656136006,3600.0,42,Whistle10219,/lustre/fsn1/projects/rech/vzf/uqe97pu/raw_data/all_categories/SW_LunaExp_21_Nov_2019_1145am1105.08556998075_1105.78656136006.wav
4665,13-11-19-1221,SW_Luna,2385.57662826841,2386.59893042668,3600.0,40,Whistle6956,/lustre/fsn1/projects/rech/vzf/uqe97pu/raw_data/all_categories/SW_Luna13-11-19-12212385.57662826841_2386.59893042668.wav
3677,Exp_17_Jan_2020_1545pm,SW_Luna,997.239956850714,998.217176259016,3300.0,40,Whistle10166,/lustre/fsn1/projects/rech/vzf/uqe97pu/raw_data/all_categories/SW_LunaExp_17_Jan_2020_1545pm997.239956850714_998.217176259016.wav
5916,Exp_13_Dec_2019_0945am,SW_Luna,2340.28709299119,2341.36204626222,3300.0,43,Whistle10916,/lustre/fsn1/projects/rech/vzf/uqe97pu/raw_data/all_categories/SW_LunaExp_13_Dec_2019_0945am2340.28709299119_2341.36204626222.wav
5920,Exp_16_Dec_2019_1545pm,SW_Luna,1045.36816778233,1045.71316882778,3300.0,43,Whistle11381,/lustre/fsn1/projects/rech/vzf/uqe97pu/raw_data/all_categories/SW_LunaExp_16_Dec_2019_1545pm1045.36816778233_1045.71316882778.wav
4869,Exp_16_Dec_2019_1145am,SW_Luna,386.181171458095,387.188238595905,3300.0,40,Whistle8632,/lustre/fsn1/projects/rech/vzf/uqe97pu/raw_data/all_categories/SW_LunaExp_16_Dec_2019_1145am386.181171458095_387.188238595905.wav
3746,Exp_15_Dec_2019_1245pm,SW_Luna,2034.33116585202,2035.28864616698,3300.0,40,Whistle10557,/lustre/fsn1/projects/rech/vzf/uqe97pu/raw_data/all_categories/SW_LunaExp_15_Dec_2019_1245pm2034.33116585202_2035.28864616698.wav
5745,Exp_17_Dec_2019_1145am,SW_Luna,2053.28970933066,2053.78615669908,3300.0,42,Whistle12294,/lustre/fsn1/projects/rech/vzf/uqe97pu/raw_data/all_categories/SW_LunaExp_17_Dec_2019_1145am2053.28970933066_2053.78615669908.wav
6422,Exp_21_Nov_2019_0845am,SW_Luna,3165.8514034901,3166.86775569135,3600.0,50,Whistle11726,/lustre/fsn1/projects/rech/vzf/uqe97pu/raw_data/all_categories/SW_LunaExp_21_Nov_2019_0845am3165.8514034901_3166.86775569135.wav
4339,Exp_06_Dec_2019_1345pm,SW_Luna,297.467573715323,298.375945808346,3000.0,40,Whistle6518,/lustre/fsn1/projects/rech/vzf/uqe97pu/raw_data/all_categories/SW_LunaExp_06_Dec_2019_1345pm297.467573715323_298.375945808346.wav
4659,Exp_02_Jan_2020_0845am,SW_Luna,1311.21140249859,1312.28893770986,3300.0,40,Whistle6959,/lustre/fsn1/projects/rech/vzf/uqe97pu/raw_data/all_categories/SW_LunaExp_02_Jan_2020_0845am1311.21140249859_1312.28893770986.wav
4464,Exp_07_Jan_2020_0945am,SW_Luna,2354.2503560409,2355.07209157809,3300.0,40,Whistle6653,/lustre/fsn1/projects/rech/vzf/uqe97pu/raw_data/all_categories/SW_LunaExp_07_Jan_2020_0945am2354.2503560409_2355.07209157809.wav
6338,Exp_17_Nov_2019_1545pm,SW_Luna,1075.51798754997,1076.50799029997,3600.0,47,Whistle7842,/lustre/fsn1/projects/rech/vzf/uqe97pu/raw_data/all_categories/SW_LunaExp_17_Nov_2019_1545pm1075.51798754997_1076.50799029997.wav
4780,Exp_16_Feb_2020_1345pm,SW_Luna,375.376138715572,376.20926679439,3300.0,40,Whistle7984,/lustre/fsn1/projects/rech/vzf/uqe97pu/raw_data/all_categories/SW_LunaExp_16_Feb_2020_1345pm375.376138715572_376.20926679439.wav
4056,Exp_02_Jan_2020_1245pm,SW_Luna,2594.81786429656,2595.89781778493,3300.0,40,Whistle6174,/lustre/fsn1/projects/rech/vzf/uqe97pu/raw_data/all_categories/SW_LunaExp_02_Jan_2020_1245pm2594.81786429656_2595.89781778493.wav
5577,Exp_25_Nov_2019_0945am,SW_Luna,1274.02924676416,1275.25925086417,3000.0,41,Whistle8935,/lustre/fsn1/projects/rech/vzf/uqe97pu/raw_data/all_categories/SW_LunaExp_25_Nov_2019_0945am1274.02924676416_1275.25925086417.wav
4126,Exp_03_Mar_2020_1345pm,SW_Luna,1991.09163897213,1992.23159491927,3000.0,40,Whistle6259,/lustre/fsn1/projects/rech/vzf/uqe97pu/raw_data/all_categories/SW_LunaExp_03_Mar_2020_1345pm1991.09163897213_1992.23159491927.wav
5862,Exp_17_Dec_2019_1045am,SW_Luna,434.690232666089,435.266264412121,3300.0,42,Whistle8816,/lustre/fsn1/projects/rech/vzf/uqe97pu/raw_data/all_categories/SW_LunaExp_17_Dec_2019_1045am434.690232666089_435.266264412121.wav
4555,Exp_09_Dec_2019_1245pm,SW_Luna,3209.55128264564,3210.46802338638,3300.0,40,Whistle6810,/lustre/fsn1/projects/rech/vzf/uqe97pu/raw_data/all_categories/SW_LunaExp_09_Dec_2019_1245pm3209.55128264564_3210.46802338638.wav
4446,Exp_01_Jan_2020_1245pm,SW_Luna,691.973492991557,692.831399968302,3300.0,40,Whistle6667,/lustre/fsn1/projects/rech/vzf/uqe97pu/raw_data/all_categories/SW_LunaExp_01_Jan_2020_1245pm691.973492991557_692.831399968302.wav
4004,Exp_22_Nov_2019_1145am,SW_Luna,3015.31683702006,3016.15718958416,3600.0,40,Whistle12523,/lustre/fsn1/projects/rech/vzf/uqe97pu/raw_data/all_categories/SW_LunaExp_22_Nov_2019_1145am3015.31683702006_3016.15718958416.wav
4149,Exp_04_Jan_2020_1045am,SW_Luna,3080.02933524041,3081.18300948283,3300.0,40,Whistle6286,/lustre/fsn1/projects/rech/vzf/uqe97pu/raw_data/all_categories/SW_LunaExp_04_Jan_2020_1045am3080.02933524041_3081.18300948283.wav
5767,Exp_06_Dec_2019_1345pm,SW_Luna,341.879445372256,342.578274573358,3000.0,42,Whistle7489,/lustre/fsn1/projects/rech/vzf/uqe97pu/raw_data/all_categories/SW_LunaExp_06_Dec_2019_1345pm341.879445372256_342.578274573358.wav
5326,Exp_05_Jan_2020_1045am,SW_Luna,740.555385954849,741.277195478659,3300.0,41,Whistle7087,/lustre/fsn1/projects/rech/vzf/uqe97pu/raw_data/all_categories/SW_LunaExp_05_Jan_2020_1045am740.555385954849_741.277195478659.wav
4752,Exp_15_Jan_2020_1245pm,SW_Luna,3126.19718725246,3127.27236861928,3300.0,40,Whistle7841,/lustre/fsn1/projects/rech/vzf/uqe97pu/raw_data/all_categories/SW_LunaExp_15_Jan_2020_1245pm3126.19718725246_3127.27236861928.wav
5241,Exp_09_Jan_2020_1245pm,SW_Luna,812.275485165703,813.062425721259,3300.0,41,Whistle6117,/lustre/fsn1/projects/rech/vzf/uqe97pu/raw_data/all_categories/SW_LunaExp_09_Jan_2020_1245pm812.275485165703_813.062425721259.wav
6112,Exp_07_Jan_2020_0945am,SW_Luna,2126.69144391347,2128.11141895764,3300.0,43,Whistle7630,/lustre/fsn1/projects/rech/vzf/uqe97pu/raw_data/all_categories/SW_LunaExp_07_Jan_2020_0945am2126.69144391347_2128.11141895764.wav
4508,Exp_08_Jan_2020_1245pm,SW_Luna,1166.39481402439,1167.15045312213,3300.0,40,Whistle6749,/lustre/fsn1/projects/rech/vzf/uqe97pu/raw_data/all_categories/SW_LunaExp_08_Jan_2020_1245pm1166.39481402439_1167.15045312213.wav
3728,Exp_17_Dec_2019_1145am,SW_Luna,2056.56259894051,2057.76619606281,3300.0,40,Whistle10437,/lustre/fsn1/projects/rech/vzf/uqe97pu/raw_data/all_categories/SW_LunaExp_17_Dec_2019_1145am2056.56259894051_2057.76619606281.wav
5719,Exp_24_Nov_2019_1345pm,SW_Luna,998.500737868672,999.282783323217,3000.0,42,Whistle11652,/lustre/fsn1/projects/rech/vzf/uqe97pu/raw_data/all_categories/SW_LunaExp_24_Nov_2019_1345pm998.500737868672_999.282783323217.wav
3943,Exp_17_Jan_2020_1245pm,SW_Luna,3220.8262357596,3221.75861395515,3300.0,40,Whistle12050,/lustre/fsn1/projects/rech/vzf/uqe97pu/raw_data/all_categories/SW_LunaExp_17_Jan_2020_1245pm3220.8262357596_3221.75861395515.wav
6277,Exp_01_Feb_2020_1045am,SW_Luna,3124.15612832392,3124.75533765107,3300.0,46,Whistle7375,/lustre/fsn1/projects/rech/vzf/uqe97pu/raw_data/all_categories/SW_LunaExp_01_Feb_2020_1045am3124.15612832392_3124.75533765107.wav
5728,Exp_17_Dec_2019_1145am,SW_Luna,2058.00762665343,2058.71390468033,3300.0,42,Whistle12021,/lustre/fsn1/projects/rech/vzf/uqe97pu/raw_data/all_categories/SW_LunaExp_17_Dec_2019_1145am2058.00762665343_2058.71390468033.wav
5198,Exp_12_Dec_2019_1245pm,SW_Luna,3292.27359916103,3292.69788487532,3300.0,41,Whistle11888,/lustre/fsn1/projects/rech/vzf/uqe97pu/raw_data/all_categories/SW_LunaExp_12_Dec_2019_1245pm3292.27359916103_3292.69788487532.wav
5639,Exp_13_Dec_2019_1245pm,SW_Luna,3258.61715664393,3259.35424402257,3300.0,42,Whistle10518,/lustre/fsn1/projects/rech/vzf/uqe97pu/raw_data/all_categories/SW_LunaExp_13_Dec_2019_1245pm3258.61715664393_3259.35424402257.wav
4366,Exp_06_Jan_2020_1345pm,SW_Luna,992.660568843043,993.417958005605,3300.0,40,Whistle6555,/lustre/fsn1/projects/rech/vzf/uqe97pu/raw_data/all_categories/SW_LunaExp_06_Jan_2020_1345pm992.660568843043_993.417958005605.wav
5456,Exp_08_Jan_2020_1345pm,SW_Luna,2377.41343503881,2378.02177184437,3300.0,41,Whistle7277,/lustre/fsn1/projects/rech/vzf/uqe97pu/raw_data/all_categories/SW_LunaExp_08_Jan_2020_1345pm2377.41343503881_2378.02177184437.wav
4666,Exp_02_Jan_2020_0845am,SW_Luna,1226.22489115158,1227.24367376028,3300.0,40,Whistle6957,/lustre/fsn1/projects/rech/vzf/uqe97pu/raw_data/all_categories/SW_LunaExp_02_Jan_2020_0845am1226.22489115158_1227.24367376028.wav
5865,Exp_17_Dec_2019_1145am,SW_Luna,2402.1042725583,2402.72853372668,3300.0,42,Whistle8840,/lustre/fsn1/projects/rech/vzf/uqe97pu/raw_data/all_categories/SW_LunaExp_17_Dec_2019_1145am2402.1042725583_2402.72853372668.wav
4526,Exp_08_Jan_2020_1345pm,SW_Luna,280.49725599156,281.175974999824,3300.0,40,Whistle6773,/lustre/fsn1/projects/rech/vzf/uqe97pu/raw_data/all_categories/SW_LunaExp_08_Jan_2020_1345pm280.49725599156_281.175974999824.wav
5533,Exp_12_Dec_2019_1045am,SW_Luna,1967.7483385833,1968.49461630223,3300.0,41,Whistle8078,/lustre/fsn1/projects/rech/vzf/uqe97pu/raw_data/all_categories/SW_LunaExp_12_Dec_2019_1045am1967.7483385833_1968.49461630223.wav
4490,Exp_08_Dec_2019_1045am,SW_Luna,1512.37178681405,1513.36454271956,3300.0,40,Whistle6725,/lustre/fsn1/projects/rech/vzf/uqe97pu/raw_data/all_categories/SW_LunaExp_08_Dec_2019_1045am1512.37178681405_1513.36454271956.wav
5009,Exp_15_Dec_2019_1245pm,SW_Luna,2081.23372041827,2081.79923765965,3300.0,40,Whistle9440,/lustre/fsn1/projects/rech/vzf/uqe97pu/raw_data/all_categories/SW_LunaExp_15_Dec_2019_1245pm2081.23372041827_2081.79923765965.wav
5264,Exp_01_Feb_2020_1145am,SW_Luna,2643.81183758488,2644.26020879701,3300.0,41,Whistle6991,/lustre/fsn1/projects/rech/vzf/uqe97pu/raw_data/all_categories/SW_LunaExp_01_Feb_2020_1145am2643.81183758488_2644.26020879701.wav
5145,Exp_17_Dec_2019_1145am,SW_Luna,2052.22852976127,2052.72727976127,3300.0,41,Whistle10723,/lustre/fsn1/projects/rech/vzf/uqe97pu/raw_data/all_categories/SW_LunaExp_17_Dec_2019_1145am2052.22852976127_2052.72727976127.wav
4643,Exp_10_Mar_2020_0945am,SW_Luna,413.367267641812,414.393525310524,3000.0,40,Whistle6929,/lustre/fsn1/projects/rech/vzf/uqe97pu/raw_data/all_categories/SW_LunaExp_10_Mar_2020_0945am413.367267641812_414.393525310524.wav
5315,Exp_01_Feb_2020_1345pm,SW_Luna,1956.09967797251,1956.54322635961,3300.0,41,Whistle7074,/lustre/fsn1/projects/rech/vzf/uqe97pu/raw_data/all_categories/SW_LunaExp_01_Feb_2020_1345pm1956.09967797251_1956.54322635961.wav
4360,Exp_06_Jan_2020_0945am,SW_Luna,578.895509152157,579.736717330595,3300.0,40,Whistle6547,/lustre/fsn1/projects/rech/vzf/uqe97pu/raw_data/all_categories/SW_LunaExp_06_Jan_2020_0945am578.895509152157_579.736717330595.wav
4281,Exp_05_Jan_2020_1545pm,SW_Luna,590.063392498182,590.798840259376,3300.0,40,Whistle6448,/lustre/fsn1/projects/rech/vzf/uqe97pu/raw_data/all_categories/SW_LunaExp_05_Jan_2020_1545pm590.063392498182_590.798840259376.wav
6482,Exp_07_Mar_2020_0845am,SW_Luna,2097.38886210561,2098.36481302586,3000.0,51,Whistle6710,/lustre/fsn1/projects/rech/vzf/uqe97pu/raw_data/all_categories/SW_LunaExp_07_Mar_2020_0845am2097.38886210561_2098.36481302586.wav
3978,Exp_16_Jan_2020_1345pm,SW_Luna,174.478119841845,175.195477354799,3300.0,40,Whistle12279,/lustre/fsn1/projects/rech/vzf/uqe97pu/raw_data/all_categories/SW_LunaExp_16_Jan_2020_1345pm174.478119841845_175.195477354799.wav
4331,Exp_06_Dec_2019_1345pm,SW_Luna,303.923430343591,304.517816960691,3000.0,40,Whistle6510,/lustre/fsn1/projects/rech/vzf/uqe97pu/raw_data/all_categories/SW_LunaExp_06_Dec_2019_1345pm303.923430343591_304.517816960691.wav
4318,Exp_06_Dec_2019_1345pm,SW_Luna,271.737758047799,272.457852316779,3000.0,40,Whistle6492,/lustre/fsn1/projects/rech/vzf/uqe97pu/raw_data/all_categories/SW_LunaExp_06_Dec_2019_1345pm271.737758047799_272.457852316779.wav
6244,Exp_14_Jan_2020_1245pm,SW_Luna,3185.07133317245,3185.77752786272,3300.0,45,Whistle9430,/lustre/fsn1/projects/rech/vzf/uqe97pu/raw_data/all_categories/SW_LunaExp_14_Jan_2020_1245pm3185.07133317245_3185.77752786272.wav
4861,Exp_16_Jan_2020_1245pm,SW_Luna,3190.15541496272,3191.18387969301,3300.0,40,Whistle8665,/lustre/fsn1/projects/rech/vzf/uqe97pu/raw_data/all_categories/SW_LunaExp_16_Jan_2020_1245pm3190.15541496272_3191.18387969301.wav
5794,Exp_06_Dec_2019_1345pm,SW_Luna,264.71760594087,265.237679832496,3000.0,42,Whistle7488,/lustre/fsn1/projects/rech/vzf/uqe97pu/raw_data/all_categories/SW_LunaExp_06_Dec_2019_1345pm264.71760594087_265.237679832496.wav
6100,Exp_06_Feb_2020_1345pm,SW_Luna,2324.57407526377,2325.44431768801,3300.0,43,Whistle7605,/lustre/fsn1/projects/rech/vzf/uqe97pu/raw_data/all_categories/SW_LunaExp_06_Feb_2020_1345pm2324.57407526377_2325.44431768801.wav
3905,Exp_15_Jan_2020_1245pm,SW_Luna,3123.60230680116,3124.2594106263,3300.0,40,Whistle11741,/lustre/fsn1/projects/rech/vzf/uqe97pu/raw_data/all_categories/SW_LunaExp_15_Jan_2020_1245pm3123.60230680116_3124.2594106263.wav
4487,Exp_08_Jan_2020_1345pm,SW_Luna,571.983973869409,572.664792834926,3300.0,40,Whistle6754,/lustre/fsn1/projects/rech/vzf/uqe97pu/raw_data/all_categories/SW_LunaExp_08_Jan_2020_1345pm571.983973869409_572.664792834926.wav
5426,Exp_07_Jan_2020_1345pm,SW_Luna,1904.84471025991,1905.30364965385,3300.0,41,Whistle7228,/lustre/fsn1/projects/rech/vzf/uqe97pu/raw_data/all_categories/SW_LunaExp_07_Jan_2020_1345pm1904.84471025991_1905.30364965385.wav
5044,Exp_16_Jan_2020_1045am,SW_Luna,2078.48455191002,2079.32545911703,3300.0,40,Whistle9678,/lustre/fsn1/projects/rech/vzf/uqe97pu/raw_data/all_categories/SW_LunaExp_16_Jan_2020_1045am2078.48455191002_2079.32545911703.wav
4459,Exp_07_Jan_2020_1345pm,SW_Luna,1984.8695798764,1985.66598330083,3300.0,40,Whistle6686,/lustre/fsn1/projects/rech/vzf/uqe97pu/raw_data/all_categories/SW_LunaExp_07_Jan_2020_1345pm1984.8695798764_1985.66598330083.wav
4797,Exp_17_Dec_2019_1145am,SW_Luna,2057.57123627647,2058.7131781725,3300.0,40,Whistle8139,/lustre/fsn1/projects/rech/vzf/uqe97pu/raw_data/all_categories/SW_LunaExp_17_Dec_2019_1145am2057.57123627647_2058.7131781725.wav
4159,Exp_04_Jan_2020_1345pm,SW_Luna,2277.23330057044,2278.25186880844,3300.0,40,Whistle6298,/lustre/fsn1/projects/rech/vzf/uqe97pu/raw_data/all_categories/SW_LunaExp_04_Jan_2020_1345pm2277.23330057044_2278.25186880844.wav
5607,Exp_16_Jan_2020_1045am,SW_Luna,2168.59204748312,2168.88044034026,3300.0,41,Whistle9682,/lustre/fsn1/projects/rech/vzf/uqe97pu/raw_data/all_categories/SW_LunaExp_16_Jan_2020_1045am2168.59204748312_2168.88044034026.wav
6131,Exp_09_Feb_2020_1345pm,SW_Luna,2013.3182516132,2014.52606920278,3300.0,43,Whistle7662,/lustre/fsn1/projects/rech/vzf/uqe97pu/raw_data/all_categories/SW_LunaExp_09_Feb_2020_1345pm2013.3182516132_2014.52606920278.wav
5711,Exp_11_Mar_2020_0945am,SW_Luna,638.567947243998,639.184952954658,3000.0,42,Whistle11624,/lustre/fsn1/projects/rech/vzf/uqe97pu/raw_data/all_categories/SW_LunaExp_11_Mar_2020_0945am638.567947243998_639.184952954658.wav
4680,Exp_02_Jan_2020_1245pm,SW_Luna,2368.04257608763,2369.04478623255,3300.0,40,Whistle7371,/lustre/fsn1/projects/rech/vzf/uqe97pu/raw_data/all_categories/SW_LunaExp_02_Jan_2020_1245pm2368.04257608763_2369.04478623255.wav
4059,Exp_02_Jan_2020_1345pm,SW_Luna,2255.51897197335,2256.33178750733,3300.0,40,Whistle6177,/lustre/fsn1/projects/rech/vzf/uqe97pu/raw_data/all_categories/SW_LunaExp_02_Jan_2020_1345pm2255.51897197335_2256.33178750733.wav
3886,Exp_17_Feb_2020_1145am,SW_Luna,2465.9893075517,2466.57462865261,3300.0,40,Whistle11716,/lustre/fsn1/projects/rech/vzf/uqe97pu/raw_data/all_categories/SW_LunaExp_17_Feb_2020_1145am2465.9893075517_2466.57462865261.wav
6062,Exp_01_Jan_2020_1245pm,SW_Luna,2740.46330564638,2741.59527159065,3300.0,43,Whistle7504,/lustre/fsn1/projects/rech/vzf/uqe97pu/raw_data/all_categories/SW_LunaExp_01_Jan_2020_1245pm2740.46330564638_2741.59527159065.wav
5054,Exp_16_Jan_2020_1245pm,SW_Luna,2804.72849978333,2806.16235071501,3300.0,40,Whistle9702,/lustre/fsn1/projects/rech/vzf/uqe97pu/raw_data/all_categories/SW_LunaExp_16_Jan_2020_1245pm2804.72849978333_2806.16235071501.wav
5176,Exp_11_Mar_2020_0945am,SW_Luna,488.574361312534,489.241574427288,3000.0,41,Whistle11389,/lustre/fsn1/projects/rech/vzf/uqe97pu/raw_data/all_categories/SW_LunaExp_11_Mar_2020_0945am488.574361312534_489.241574427288.wav
4306,Exp_05_Jan_2020_1545pm,SW_Luna,410.966246564384,412.046200052756,3300.0,40,Whistle6478,/lustre/fsn1/projects/rech/vzf/uqe97pu/raw_data/all_categories/SW_LunaExp_05_Jan_2020_1545pm410.966246564384_412.046200052756.wav
5596,Exp_12_Dec_2019_1245pm,SW_Luna,2854.46530864821,2855.22813248241,3300.0,41,Whistle9281,/lustre/fsn1/projects/rech/vzf/uqe97pu/raw_data/all_categories/SW_LunaExp_12_Dec_2019_1245pm2854.46530864821_2855.22813248241.wav
5453,Exp_08_Jan_2020_1345pm,SW_Luna,1341.81288966263,1342.54292962935,3300.0,41,Whistle7273,/lustre/fsn1/projects/rech/vzf/uqe97pu/raw_data/all_categories/SW_LunaExp_08_Jan_2020_1345pm1341.81288966263_1342.54292962935.wav
5830,Exp_16_Nov_2019_0845am,SW_Luna,2856.63320806712,2857.36080352166,3600.0,42,Whistle8080,/lustre/fsn1/projects/rech/vzf/uqe97pu/raw_data/all_categories/SW_LunaExp_16_Nov_2019_0845am2856.63320806712_2857.36080352166.wav
4346,Exp_06_Feb_2020_1045am,SW_Luna,3187.27769536822,3188.14880844242,3300.0,40,Whistle6525,/lustre/fsn1/projects/rech/vzf/uqe97pu/raw_data/all_categories/SW_LunaExp_06_Feb_2020_1045am3187.27769536822_3188.14880844242.wav
5093,Exp_17_Dec_2019_1045am,SW_Luna,432.098394958837,433.031267299263,3300.0,40,Whistle9952,/lustre/fsn1/projects/rech/vzf/uqe97pu/raw_data/all_categories/SW_LunaExp_17_Dec_2019_1045am432.098394958837_433.031267299263.wav
4330,Exp_06_Dec_2019_1345pm,SW_Luna,292.087852009567,292.98931410343,3000.0,40,Whistle6509,/lustre/fsn1/projects/rech/vzf/uqe97pu/raw_data/all_categories/SW_LunaExp_06_Dec_2019_1345pm292.087852009567_292.98931410343.wav
5881,Exp_12_Dec_2019_1245pm,SW_Luna,3030.83152709745,3031.60341898934,3300.0,42,Whistle9261,/lustre/fsn1/projects/rech/vzf/uqe97pu/raw_data/all_categories/SW_LunaExp_12_Dec_2019_1245pm3030.83152709745_3031.60341898934.wav
3822,Exp_15_Dec_2019_1245pm,SW_Luna,2041.88931602691,2042.56113653973,3300.0,40,Whistle10989,/lustre/fsn1/projects/rech/vzf/uqe97pu/raw_data/all_categories/SW_LunaExp_15_Dec_2019_1245pm2041.88931602691_2042.56113653973.wav
6218,Exp_08_Jan_2020_1345pm,SW_Luna,578.779667146045,579.936722360769,3300.0,45,Whistle6106,/lustre/fsn1/projects/rech/vzf/uqe97pu/raw_data/all_categories/SW_LunaExp_08_Jan_2020_1345pm578.779667146045_579.936722360769.wav
3862,Exp_11_Feb_2020_0945am,SW_Luna,800.698389530922,801.736019160552,3300.0,40,Whistle11502,/lustre/fsn1/projects/rech/vzf/uqe97pu/raw_data/all_categories/SW_LunaExp_11_Feb_2020_0945am800.698389530922_801.736019160552.wav
6003,Exp_05_Dec_2019_1145am,SW_Luna,2885.58844135922,2886.29888537466,3000.0,43,Whistle7071,/lustre/fsn1/projects/rech/vzf/uqe97pu/raw_data/all_categories/SW_LunaExp_05_Dec_2019_1145am2885.58844135922_2886.29888537466.wav
3805,Exp_17_Feb_2020_1345pm,SW_Luna,2123.38822698748,2124.26138736484,3300.0,40,Whistle10854,/lustre/fsn1/projects/rech/vzf/uqe97pu/raw_data/all_categories/SW_LunaExp_17_Feb_2020_1345pm2123.38822698748_2124.26138736484.wav
4992,Exp_13_Dec_2019_1245pm,SW_Luna,3215.25100639954,3216.25298885568,3300.0,40,Whistle9328,/lustre/fsn1/projects/rech/vzf/uqe97pu/raw_data/all_categories/SW_LunaExp_13_Dec_2019_1245pm3215.25100639954_3216.25298885568.wav
4215,Exp_05_Feb_2020_1345pm,SW_Luna,34.973101078494,36.2190914166582,3300.0,40,Whistle6370,/lustre/fsn1/projects/rech/vzf/uqe97pu/raw_data/all_categories/SW_LunaExp_05_Feb_2020_1345pm34.973101078494_36.2190914166582.wav
5519,Exp_15_Jan_2020_1045am,SW_Luna,2926.22750596648,2926.92741762725,3300.0,41,Whistle7839,/lustre/fsn1/projects/rech/vzf/uqe97pu/raw_data/all_categories/SW_LunaExp_15_Jan_2020_1045am2926.22750596648_2926.92741762725.wav
3800,Exp_28_Nov_2019_0945am,SW_Luna,348.671163570545,349.428855878237,3000.0,40,Whistle10837,/lustre/fsn1/projects/rech/vzf/uqe97pu/raw_data/all_categories/SW_LunaExp_28_Nov_2019_0945am348.671163570545_349.428855878237.wav
5743,Exp_13_Dec_2019_1245pm,SW_Luna,3210.94314221843,3211.5046716302,3300.0,42,Whistle12259,/lustre/fsn1/projects/rech/vzf/uqe97pu/raw_data/all_categories/SW_LunaExp_13_Dec_2019_1245pm3210.94314221843_3211.5046716302.wav
6053,Exp_05_Feb_2020_1345pm,SW_Luna,2164.16801603097,2165.25651996798,3300.0,43,Whistle7391,/lustre/fsn1/projects/rech/vzf/uqe97pu/raw_data/all_categories/SW_LunaExp_05_Feb_2020_1345pm2164.16801603097_2165.25651996798.wav
5832,Exp_17_Dec_2019_0945am,SW_Luna,2487.77561539978,2488.61652260679,3300.0,42,Whistle8109,/lustre/fsn1/projects/rech/vzf/uqe97pu/raw_data/all_categories/SW_LunaExp_17_Dec_2019_0945am2487.77561539978_2488.61652260679.wav
6373,Exp_14_Jan_2020_1245pm,SW_Luna,3172.83461525641,3174.90459104333,3300.0,48,Whistle9667,/lustre/fsn1/projects/rech/vzf/uqe97pu/raw_data/all_categories/SW_LunaExp_14_Jan_2020_1245pm3172.83461525641_3174.90459104333.wav
3750,Exp_13_Dec_2019_1245pm,SW_Luna,2867.92511038037,2868.97700807014,3300.0,40,Whistle10522,/lustre/fsn1/projects/rech/vzf/uqe97pu/raw_data/all_categories/SW_LunaExp_13_Dec_2019_1245pm2867.92511038037_2868.97700807014.wav
2633,Exp_15_Feb_2020_0945am,SW_Nana,419.934016195777,420.961670321991,3300.0,20,Whistle5335,/lustre/fsn1/projects/rech/vzf/uqe97pu/raw_data/all_categories/SW_NanaExp_15_Feb_2020_0945am419.934016195777_420.961670321991.wav
2634,Exp_13_Dec_2019_1345pm,SW_Nana,1114.13925925362,1114.84243129529,3300.0,20,Whistle5361,/lustre/fsn1/projects/rech/vzf/uqe97pu/raw_data/all_categories/SW_NanaExp_13_Dec_2019_1345pm1114.13925925362_1114.84243129529.wav
2626,Exp_04_Jan_2020_1345pm,SW_Nana,2171.06657898963,2171.77853203766,3300.0,20,Whistle5223,/lustre/fsn1/projects/rech/vzf/uqe97pu/raw_data/all_categories/SW_NanaExp_04_Jan_2020_1345pm2171.06657898963_2171.77853203766.wav
2658,Exp_07_Jan_2020_1045am,SW_Nana,2530.3965434395,2530.75998841558,3300.0,21,Whistle5226,/lustre/fsn1/projects/rech/vzf/uqe97pu/raw_data/all_categories/SW_NanaExp_07_Jan_2020_1045am2530.3965434395_2530.75998841558.wav
2275,Exp_08_Jan_2020_1245pm,SW_Nana,71.8602189703605,72.7104566187093,3300.0,16,Whistle5187,/lustre/fsn1/projects/rech/vzf/uqe97pu/raw_data/all_categories/SW_NanaExp_08_Jan_2020_1245pm71.8602189703605_72.7104566187093.wav
2318,Exp_21_Nov_2019_0945am,SW_Nana,2060.79439320813,2061.77646195813,3600.0,16,Whistle5314,/lustre/fsn1/projects/rech/vzf/uqe97pu/raw_data/all_categories/SW_NanaExp_21_Nov_2019_0945am2060.79439320813_2061.77646195813.wav
2495,Exp_09_Feb_2020_1345pm,SW_Nana,1450.98939814969,1451.94823535899,3300.0,17,Whistle5197,/lustre/fsn1/projects/rech/vzf/uqe97pu/raw_data/all_categories/SW_NanaExp_09_Feb_2020_1345pm1450.98939814969_1451.94823535899.wav
2693,Exp_16_Dec_2019_1145am,SW_Nana,461.981769738977,462.472882013198,3300.0,22,Whistle5371,/lustre/fsn1/projects/rech/vzf/uqe97pu/raw_data/all_categories/SW_NanaExp_16_Dec_2019_1145am461.981769738977_462.472882013198.wav
2499,Exp_02_Jan_2020_1045am,SW_Nana,154.656113644977,155.73840178057,3300.0,17,Whistle5217,/lustre/fsn1/projects/rech/vzf/uqe97pu/raw_data/all_categories/SW_NanaExp_02_Jan_2020_1045am154.656113644977_155.73840178057.wav
2652,Exp_17_Feb_2020_1145am,SW_Nana,1509.87175980943,1510.45313633045,3300.0,20,Whistle5637,/lustre/fsn1/projects/rech/vzf/uqe97pu/raw_data/all_categories/SW_NanaExp_17_Feb_2020_1145am1509.87175980943_1510.45313633045.wav
2534,Exp_17_Dec_2019_1045am,SW_Nana,622.74188770269,623.697698100243,3300.0,17,Whistle5848,/lustre/fsn1/projects/rech/vzf/uqe97pu/raw_data/all_categories/SW_NanaExp_17_Dec_2019_1045am622.74188770269_623.697698100243.wav
2313,Exp_17_Dec_2019_1145am,SW_Nana,3246.54299974378,3247.75524666482,3300.0,16,Whistle5300,/lustre/fsn1/projects/rech/vzf/uqe97pu/raw_data/all_categories/SW_NanaExp_17_Dec_2019_1145am3246.54299974378_3247.75524666482.wav
2645,Exp_20_Nov_2019_1145am,SW_Nana,1586.93440981781,1587.96440776862,3600.0,20,Whistle5513,/lustre/fsn1/projects/rech/vzf/uqe97pu/raw_data/all_categories/SW_NanaExp_20_Nov_2019_1145am1586.93440981781_1587.96440776862.wav
2544,Exp_20_Nov_2019_1145am,SW_Nana,1586.44440734558,1588.09437695044,3600.0,17,Whistle5995,/lustre/fsn1/projects/rech/vzf/uqe97pu/raw_data/all_categories/SW_NanaExp_20_Nov_2019_1145am1586.44440734558_1588.09437695044.wav
2439,Exp_20_Nov_2019_1145am,SW_Nana,865.758048535538,867.115287141437,3600.0,16,Whistle5994,/lustre/fsn1/projects/rech/vzf/uqe97pu/raw_data/all_categories/SW_NanaExp_20_Nov_2019_1145am865.758048535538_867.115287141437.wav
2648,Exp_11_Jan_2020_0945am,SW_Nana,2312.63644760691,2313.37292237836,3300.0,20,Whistle5617,/lustre/fsn1/projects/rech/vzf/uqe97pu/raw_data/all_categories/SW_NanaExp_11_Jan_2020_0945am2312.63644760691_2313.37292237836.wav
2640,Exp_17_Feb_2020_1345pm,SW_Nana,1505.37046734847,1506.11151673118,3300.0,20,Whistle5439,/lustre/fsn1/projects/rech/vzf/uqe97pu/raw_data/all_categories/SW_NanaExp_17_Feb_2020_1345pm1505.37046734847_1506.11151673118.wav
2358,Exp_16_Jan_2020_1245pm,SW_Nana,3121.96496879851,3123.07698467153,3300.0,16,Whistle5655,/lustre/fsn1/projects/rech/vzf/uqe97pu/raw_data/all_categories/SW_NanaExp_16_Jan_2020_1245pm3121.96496879851_3123.07698467153.wav
2683,Exp_14_Dec_2019_0945am,SW_Nana,252.424635565806,253.265550149139,3300.0,22,Whistle5279,/lustre/fsn1/projects/rech/vzf/uqe97pu/raw_data/all_categories/SW_NanaExp_14_Dec_2019_0945am252.424635565806_253.265550149139.wav
2507,Exp_17_Feb_2020_1145am,SW_Nana,2375.20286448555,2375.99093491465,3300.0,17,Whistle5387,/lustre/fsn1/projects/rech/vzf/uqe97pu/raw_data/all_categories/SW_NanaExp_17_Feb_2020_1145am2375.20286448555_2375.99093491465.wav
2474,Exp_06_Dec_2019_1245pm,SW_Nana,123.963077694846,124.687591801429,3000.0,17,Whistle5132,/lustre/fsn1/projects/rech/vzf/uqe97pu/raw_data/all_categories/SW_NanaExp_06_Dec_2019_1245pm123.963077694846_124.687591801429.wav
2660,Exp_01_Jan_2020_1545pm,SW_Nana,10.5558407953933,11.0246997165552,3300.0,21,Whistle5230,/lustre/fsn1/projects/rech/vzf/uqe97pu/raw_data/all_categories/SW_NanaExp_01_Jan_2020_1545pm10.5558407953933_11.0246997165552.wav
2382,Exp_14_Feb_2020_1245pm,SW_Nana,2318.63871637426,2319.03237834609,3300.0,16,Whistle5724,/lustre/fsn1/projects/rech/vzf/uqe97pu/raw_data/all_categories/SW_NanaExp_14_Feb_2020_1245pm2318.63871637426_2319.03237834609.wav
2528,Exp_15_Jan_2020_1045am,SW_Nana,2838.75011792015,2839.79668626926,3300.0,17,Whistle5780,/lustre/fsn1/projects/rech/vzf/uqe97pu/raw_data/all_categories/SW_NanaExp_15_Jan_2020_1045am2838.75011792015_2839.79668626926.wav
2298,Exp_11_Mar_2020_1145am,SW_Nana,222.704432042321,223.676067059627,3000.0,16,Whistle5270,/lustre/fsn1/projects/rech/vzf/uqe97pu/raw_data/all_categories/SW_NanaExp_11_Mar_2020_1145am222.704432042321_223.676067059627.wav
2280,Exp_09_Mar_2020_1545pm,SW_Nana,916.788055960187,918.008060026867,3000.0,16,Whistle5213,/lustre/fsn1/projects/rech/vzf/uqe97pu/raw_data/all_categories/SW_NanaExp_09_Mar_2020_1545pm916.788055960187_918.008060026867.wav
2310,Exp_16_Jan_2020_1245pm,SW_Nana,1647.10892667872,1647.95003658369,3300.0,16,Whistle5294,/lustre/fsn1/projects/rech/vzf/uqe97pu/raw_data/all_categories/SW_NanaExp_16_Jan_2020_1245pm1647.10892667872_1647.95003658369.wav
2692,Exp_27_Nov_2019_1145am,SW_Nana,1941.60718239517,1942.04288513907,3000.0,22,Whistle5321,/lustre/fsn1/projects/rech/vzf/uqe97pu/raw_data/all_categories/SW_NanaExp_27_Nov_2019_1145am1941.60718239517_1942.04288513907.wav
2436,Exp_17_Jan_2020_1245pm,SW_Nana,2153.68746309119,2154.88442940455,3300.0,16,Whistle5974,/lustre/fsn1/projects/rech/vzf/uqe97pu/raw_data/all_categories/SW_NanaExp_17_Jan_2020_1245pm2153.68746309119_2154.88442940455.wav
2711,Exp_23_Nov_2019_1545pm,SW_Nana,1207.34511108189,1208.20170709287,3000.0,22,Whistle5656,/lustre/fsn1/projects/rech/vzf/uqe97pu/raw_data/all_categories/SW_NanaExp_23_Nov_2019_1545pm1207.34511108189_1208.20170709287.wav
2428,Exp_17_Jan_2020_1145am,SW_Nana,1955.16592535129,1956.30296584973,3300.0,16,Whistle5967,/lustre/fsn1/projects/rech/vzf/uqe97pu/raw_data/all_categories/SW_NanaExp_17_Jan_2020_1145am1955.16592535129_1956.30296584973.wav
2747,Exp_06_Dec_2019_1245pm,SW_Nana,104.126986762087,105.66032009542,3000.0,24,Whistle5236,/lustre/fsn1/projects/rech/vzf/uqe97pu/raw_data/all_categories/SW_NanaExp_06_Dec_2019_1245pm104.126986762087_105.66032009542.wav
2538,Exp_17_Feb_2020_1145am,SW_Nana,2970.8590032091,2971.99693303366,3300.0,17,Whistle5907,/lustre/fsn1/projects/rech/vzf/uqe97pu/raw_data/all_categories/SW_NanaExp_17_Feb_2020_1145am2970.8590032091_2971.99693303366.wav
2682,Exp_13_Dec_2019_1245pm,SW_Nana,2091.14649821889,2091.67602020506,3300.0,22,Whistle5274,/lustre/fsn1/projects/rech/vzf/uqe97pu/raw_data/all_categories/SW_NanaExp_13_Dec_2019_1245pm2091.14649821889_2091.67602020506.wav
2240,Exp_02_Jan_2020_1545pm,SW_Nana,1109.75920375496,1110.86516581458,3300.0,16,Whistle5081,/lustre/fsn1/projects/rech/vzf/uqe97pu/raw_data/all_categories/SW_NanaExp_02_Jan_2020_1545pm1109.75920375496_1110.86516581458.wav
2335,Exp_11_Jan_2020_0945am,SW_Nana,705.849809740343,706.575980194888,3300.0,16,Whistle5525,/lustre/fsn1/projects/rech/vzf/uqe97pu/raw_data/all_categories/SW_NanaExp_11_Jan_2020_0945am705.849809740343_706.575980194888.wav
2321,Exp_27_Nov_2019_1545pm,SW_Nana,635.907148436089,636.579890144422,3000.0,16,Whistle5322,/lustre/fsn1/projects/rech/vzf/uqe97pu/raw_data/all_categories/SW_NanaExp_27_Nov_2019_1545pm635.907148436089_636.579890144422.wav
2368,Exp_11_Jan_2020_0945am,SW_Nana,2312.15322359317,2313.36052602478,3300.0,16,Whistle5675,/lustre/fsn1/projects/rech/vzf/uqe97pu/raw_data/all_categories/SW_NanaExp_11_Jan_2020_0945am2312.15322359317_2313.36052602478.wav
2258,Exp_06_Dec_2019_1245pm,SW_Nana,116.070852380911,117.051889532614,3000.0,16,Whistle5149,/lustre/fsn1/projects/rech/vzf/uqe97pu/raw_data/all_categories/SW_NanaExp_06_Dec_2019_1245pm116.070852380911_117.051889532614.wav
2500,Exp_17_Jan_2020_1145am,SW_Nana,2329.09672570701,2330.21542620206,3300.0,17,Whistle5262,/lustre/fsn1/projects/rech/vzf/uqe97pu/raw_data/all_categories/SW_NanaExp_17_Jan_2020_1145am2329.09672570701_2330.21542620206.wav
2359,Exp_13_Dec_2019_1345pm,SW_Nana,1115.21407052528,1115.70247774427,3300.0,16,Whistle5625,/lustre/fsn1/projects/rech/vzf/uqe97pu/raw_data/all_categories/SW_NanaExp_13_Dec_2019_1345pm1115.21407052528_1115.70247774427.wav
2702,Exp_16_Nov_2019_1345pm,SW_Nana,135.837443776716,136.860093397928,3600.0,22,Whistle5558,/lustre/fsn1/projects/rech/vzf/uqe97pu/raw_data/all_categories/SW_NanaExp_16_Nov_2019_1345pm135.837443776716_136.860093397928.wav
2672,Exp_17_Feb_2020_1145am,SW_Nana,2366.39621894381,2366.80285283894,3300.0,21,Whistle5493,/lustre/fsn1/projects/rech/vzf/uqe97pu/raw_data/all_categories/SW_NanaExp_17_Feb_2020_1145am2366.39621894381_2366.80285283894.wav
2731,Exp_16_Jan_2020_1245pm,SW_Nana,2470.6793820926,2471.12870698135,3300.0,23,Whistle5807,/lustre/fsn1/projects/rech/vzf/uqe97pu/raw_data/all_categories/SW_NanaExp_16_Jan_2020_1245pm2470.6793820926_2471.12870698135.wav
2552,Exp_02_Jan_2020_1345pm,SW_Nana,1847.48559965333,1848.62848159778,3300.0,18,Whistle5079,/lustre/fsn1/projects/rech/vzf/uqe97pu/raw_data/all_categories/SW_NanaExp_02_Jan_2020_1345pm1847.48559965333_1848.62848159778.wav
2492,Exp_09_Feb_2020_1345pm,SW_Nana,1457.40441758914,1458.39309015552,3300.0,17,Whistle5192,/lustre/fsn1/projects/rech/vzf/uqe97pu/raw_data/all_categories/SW_NanaExp_09_Feb_2020_1345pm1457.40441758914_1458.39309015552.wav
2583,Exp_14_Dec_2019_0945am,SW_Nana,1033.48813238828,1034.4993552985,3300.0,18,Whistle5720,/lustre/fsn1/projects/rech/vzf/uqe97pu/raw_data/all_categories/SW_NanaExp_14_Dec_2019_0945am1033.48813238828_1034.4993552985.wav
2405,Exp_14_Jan_2020_1045am,SW_Nana,756.405919512581,757.316529064954,2194.90133333334,16,Whistle5735,/lustre/fsn1/projects/rech/vzf/uqe97pu/raw_data/all_categories/SW_NanaExp_14_Jan_2020_1045am756.405919512581_757.316529064954.wav
2438,Exp_20_Nov_2019_1145am,SW_Nana,182.85083758063,183.722956922194,3600.0,16,Whistle5993,/lustre/fsn1/projects/rech/vzf/uqe97pu/raw_data/all_categories/SW_NanaExp_20_Nov_2019_1145am182.85083758063_183.722956922194.wav
2416,Exp_17_Dec_2019_1045am,SW_Nana,2459.28245297713,2460.18464173215,3300.0,16,Whistle5840,/lustre/fsn1/projects/rech/vzf/uqe97pu/raw_data/all_categories/SW_NanaExp_17_Dec_2019_1045am2459.28245297713_2460.18464173215.wav
2602,Exp_23_Nov_2019_1145am,SW_Nana,1201.16123554156,1202.45509270025,3000.0,19,Whistle5450,/lustre/fsn1/projects/rech/vzf/uqe97pu/raw_data/all_categories/SW_NanaExp_23_Nov_2019_1145am1201.16123554156_1202.45509270025.wav
2581,Exp_12_Dec_2019_0945am,SW_Nana,3190.74601647127,3191.90417249964,3300.0,18,Whistle5685,/lustre/fsn1/projects/rech/vzf/uqe97pu/raw_data/all_categories/SW_NanaExp_12_Dec_2019_0945am3190.74601647127_3191.90417249964.wav
2315,Exp_17_Feb_2020_1145am,SW_Nana,2947.49840308155,2948.04778508025,3300.0,16,Whistle5302,/lustre/fsn1/projects/rech/vzf/uqe97pu/raw_data/all_categories/SW_NanaExp_17_Feb_2020_1145am2947.49840308155_2948.04778508025.wav
2415,Exp_17_Dec_2019_1045am,SW_Nana,2455.77378346207,2456.58310431215,3300.0,16,Whistle5837,/lustre/fsn1/projects/rech/vzf/uqe97pu/raw_data/all_categories/SW_NanaExp_17_Dec_2019_1045am2455.77378346207_2456.58310431215.wav
2675,Exp_17_Feb_2020_1145am,SW_Nana,2466.91666061412,2467.74535783211,3300.0,21,Whistle5501,/lustre/fsn1/projects/rech/vzf/uqe97pu/raw_data/all_categories/SW_NanaExp_17_Feb_2020_1145am2466.91666061412_2467.74535783211.wav
2542,Exp_16_Jan_2020_1245pm,SW_Nana,2804.19448883793,2805.30679016494,3300.0,17,Whistle5809,/lustre/fsn1/projects/rech/vzf/uqe97pu/raw_data/all_categories/SW_NanaExp_16_Jan_2020_1245pm2804.19448883793_2805.30679016494.wav
2404,Exp_16_Feb_2020_1345pm,SW_Nana,770.108652007072,770.623288370708,3300.0,16,Whistle5791,/lustre/fsn1/projects/rech/vzf/uqe97pu/raw_data/all_categories/SW_NanaExp_16_Feb_2020_1345pm770.108652007072_770.623288370708.wav
2642,Exp_21_Nov_2019_1145am,SW_Nana,1388.77373773271,1389.41645836113,3600.0,20,Whistle5446,/lustre/fsn1/projects/rech/vzf/uqe97pu/raw_data/all_categories/SW_NanaExp_21_Nov_2019_1145am1388.77373773271_1389.41645836113.wav
2553,Exp_02_Mar_2020_1145am,SW_Nana,2145.19383717049,2146.54101041024,3000.0,18,Whistle5082,/lustre/fsn1/projects/rech/vzf/uqe97pu/raw_data/all_categories/SW_NanaExp_02_Mar_2020_1145am2145.19383717049_2146.54101041024.wav
2723,Exp_14_Feb_2020_1345pm,SW_Nana,492.166860562055,492.530178534405,3300.0,23,Whistle5586,/lustre/fsn1/projects/rech/vzf/uqe97pu/raw_data/all_categories/SW_NanaExp_14_Feb_2020_1345pm492.166860562055_492.530178534405.wav
2679,Exp_17_Jan_2020_1045am,SW_Nana,2339.1713893073,2339.9874518073,3300.0,22,Whistle5261,/lustre/fsn1/projects/rech/vzf/uqe97pu/raw_data/all_categories/SW_NanaExp_17_Jan_2020_1045am2339.1713893073_2339.9874518073.wav
2606,Exp_11_Dec_2019_1145am,SW_Nana,45.3301379701151,46.6080017472048,3300.0,19,Whistle5668,/lustre/fsn1/projects/rech/vzf/uqe97pu/raw_data/all_categories/SW_NanaExp_11_Dec_2019_1145am45.3301379701151_46.6080017472048.wav
2488,Exp_07_Dec_2019_1345pm,SW_Nana,1988.35102651826,1989.25940733222,3300.0,17,Whistle5169,/lustre/fsn1/projects/rech/vzf/uqe97pu/raw_data/all_categories/SW_NanaExp_07_Dec_2019_1345pm1988.35102651826_1989.25940733222.wav
2706,Exp_17_Nov_2019_1545pm,SW_Nana,624.075704156143,624.806156391916,3600.0,22,Whistle5568,/lustre/fsn1/projects/rech/vzf/uqe97pu/raw_data/all_categories/SW_NanaExp_17_Nov_2019_1545pm624.075704156143_624.806156391916.wav
2712,Exp_28_Nov_2019_0945am,SW_Nana,2462.20968599325,2462.87986109052,3000.0,22,Whistle5663,/lustre/fsn1/projects/rech/vzf/uqe97pu/raw_data/all_categories/SW_NanaExp_28_Nov_2019_0945am2462.20968599325_2462.87986109052.wav
2508,Exp_17_Feb_2020_1145am,SW_Nana,2360.45773061976,2361.42206251481,3300.0,17,Whistle5633,/lustre/fsn1/projects/rech/vzf/uqe97pu/raw_data/all_categories/SW_NanaExp_17_Feb_2020_1145am2360.45773061976_2361.42206251481.wav
2252,Exp_04_Jan_2020_1345pm,SW_Nana,2194.2569602432,2195.50967725172,3300.0,16,Whistle5105,/lustre/fsn1/projects/rech/vzf/uqe97pu/raw_data/all_categories/SW_NanaExp_04_Jan_2020_1345pm2194.2569602432_2195.50967725172.wav
2678,Exp_17_Dec_2019_1145am,SW_Nana,1168.30878500983,1168.92109649465,3300.0,22,Whistle5256,/lustre/fsn1/projects/rech/vzf/uqe97pu/raw_data/all_categories/SW_NanaExp_17_Dec_2019_1145am1168.30878500983_1168.92109649465.wav
2384,Exp_14_Jan_2020_0945am,SW_Nana,3073.29006597397,3074.14112332164,3300.0,16,Whistle5727,/lustre/fsn1/projects/rech/vzf/uqe97pu/raw_data/all_categories/SW_NanaExp_14_Jan_2020_0945am3073.29006597397_3074.14112332164.wav
2273,Exp_08_Dec_2019_1545pm,SW_Nana,576.661748671966,577.587480759193,3300.0,16,Whistle5184,/lustre/fsn1/projects/rech/vzf/uqe97pu/raw_data/all_categories/SW_NanaExp_08_Dec_2019_1545pm576.661748671966_577.587480759193.wav
2669,Exp_17_Feb_2020_1145am,SW_Nana,2971.53345810683,2972.04680179662,3300.0,21,Whistle5485,/lustre/fsn1/projects/rech/vzf/uqe97pu/raw_data/all_categories/SW_NanaExp_17_Feb_2020_1145am2971.53345810683_2972.04680179662.wav
2489,Exp_07_Jan_2020_1045am,SW_Nana,2525.69765484138,2526.6413525158,3300.0,17,Whistle5175,/lustre/fsn1/projects/rech/vzf/uqe97pu/raw_data/all_categories/SW_NanaExp_07_Jan_2020_1045am2525.69765484138_2526.6413525158.wav
2527,Exp_15_Jan_2020_1045am,SW_Nana,2837.51030760958,2838.74228766656,3300.0,17,Whistle5779,/lustre/fsn1/projects/rech/vzf/uqe97pu/raw_data/all_categories/SW_NanaExp_15_Jan_2020_1045am2837.51030760958_2838.74228766656.wav
2484,Exp_06_Dec_2019_1245pm,SW_Nana,488.726629755432,489.497036115857,3000.0,17,Whistle5153,/lustre/fsn1/projects/rech/vzf/uqe97pu/raw_data/all_categories/SW_NanaExp_06_Dec_2019_1245pm488.726629755432_489.497036115857.wav
2449,Exp_21_Nov_2019_1345pm,SW_Nana,1835.27060097645,1836.30922920169,3600.0,16,Whistle6013,/lustre/fsn1/projects/rech/vzf/uqe97pu/raw_data/all_categories/SW_NanaExp_21_Nov_2019_1345pm1835.27060097645_1836.30922920169.wav
2410,Exp_16_Nov_2019_1045am,SW_Nana,2386.91183762299,2387.72349744565,3600.0,16,Whistle5820,/lustre/fsn1/projects/rech/vzf/uqe97pu/raw_data/all_categories/SW_NanaExp_16_Nov_2019_1045am2386.91183762299_2387.72349744565.wav
2348,Exp_17_Feb_2020_1145am,SW_Nana,1509.24028722779,1510.45432917101,3300.0,16,Whistle5562,/lustre/fsn1/projects/rech/vzf/uqe97pu/raw_data/all_categories/SW_NanaExp_17_Feb_2020_1145am1509.24028722779_1510.45432917101.wav
2302,Exp_14_Jan_2020_0945am,SW_Nana,368.099960856207,369.122049745096,3300.0,16,Whistle5283,/lustre/fsn1/projects/rech/vzf/uqe97pu/raw_data/all_categories/SW_NanaExp_14_Jan_2020_0945am368.099960856207_369.122049745096.wav
2517,Exp_12_Dec_2019_1245pm,SW_Nana,1838.41443683544,1839.44479864736,3300.0,17,Whistle5652,/lustre/fsn1/projects/rech/vzf/uqe97pu/raw_data/all_categories/SW_NanaExp_12_Dec_2019_1245pm1838.41443683544_1839.44479864736.wav
2607,Exp_12_Feb_2020_1145am,SW_Nana,68.6952087733599,70.2082784784537,3300.0,19,Whistle5689,/lustre/fsn1/projects/rech/vzf/uqe97pu/raw_data/all_categories/SW_NanaExp_12_Feb_2020_1145am68.6952087733599_70.2082784784537.wav
2388,Exp_15_Dec_2019_0845am,SW_Nana,668.958292085853,669.759576670834,3300.0,16,Whistle5739,/lustre/fsn1/projects/rech/vzf/uqe97pu/raw_data/all_categories/SW_NanaExp_15_Dec_2019_0845am668.958292085853_669.759576670834.wav
2615,Exp_04_Feb_2020_1145am,SW_Nana,606.211837611629,607.062705667185,3300.0,20,Whistle5087,/lustre/fsn1/projects/rech/vzf/uqe97pu/raw_data/all_categories/SW_NanaExp_04_Feb_2020_1145am606.211837611629_607.062705667185.wav
2406,Exp_16_Jan_2020_1045am,SW_Nana,2173.2254592981,2173.95438883739,3300.0,16,Whistle5804,/lustre/fsn1/projects/rech/vzf/uqe97pu/raw_data/all_categories/SW_NanaExp_16_Jan_2020_1045am2173.2254592981_2173.95438883739.wav
2638,Exp_14_Dec_2019_0945am,SW_Nana,1045.4811104439,1046.14199553881,3300.0,20,Whistle5416,/lustre/fsn1/projects/rech/vzf/uqe97pu/raw_data/all_categories/SW_NanaExp_14_Dec_2019_0945am1045.4811104439_1046.14199553881.wav
2442,Exp_21_Nov_2019_0945am,SW_Nana,2051.13133077444,2052.36911558457,3600.0,16,Whistle5999,/lustre/fsn1/projects/rech/vzf/uqe97pu/raw_data/all_categories/SW_NanaExp_21_Nov_2019_0945am2051.13133077444_2052.36911558457.wav
2519,Exp_12_Dec_2019_1245pm,SW_Nana,1810.86641211365,1811.84960539096,3300.0,17,Whistle5686,/lustre/fsn1/projects/rech/vzf/uqe97pu/raw_data/all_categories/SW_NanaExp_12_Dec_2019_1245pm1810.86641211365_1811.84960539096.wav
2457,Exp_24_Nov_2019_1545pm,SW_Nana,232.728376075319,233.64866509266,3000.0,16,Whistle6032,/lustre/fsn1/projects/rech/vzf/uqe97pu/raw_data/all_categories/SW_NanaExp_24_Nov_2019_1545pm232.728376075319_233.64866509266.wav
2699,Exp_15_Jan_2020_1045am,SW_Nana,1993.13985636907,1993.80500076562,3300.0,22,Whistle5547,/lustre/fsn1/projects/rech/vzf/uqe97pu/raw_data/all_categories/SW_NanaExp_15_Jan_2020_1045am1993.13985636907_1993.80500076562.wav
2657,Exp_17_Jan_2020_1245pm,SW_Nana,3180.12698110257,3180.62167009778,3300.0,20,Whistle5968,/lustre/fsn1/projects/rech/vzf/uqe97pu/raw_data/all_categories/SW_NanaExp_17_Jan_2020_1245pm3180.12698110257_3180.62167009778.wav
2728,Exp_11_Jan_2020_0945am,SW_Nana,711.46259416719,711.734292280398,3300.0,23,Whistle5673,/lustre/fsn1/projects/rech/vzf/uqe97pu/raw_data/all_categories/SW_NanaExp_11_Jan_2020_0945am711.46259416719_711.734292280398.wav
2311,Exp_16_Jan_2020_1245pm,SW_Nana,2802.76792546965,2803.80078151759,3300.0,16,Whistle5295,/lustre/fsn1/projects/rech/vzf/uqe97pu/raw_data/all_categories/SW_NanaExp_16_Jan_2020_1245pm2802.76792546965_2803.80078151759.wav
2430,Exp_17_Jan_2020_1245pm,SW_Nana,1761.76173942757,1762.64271834537,3300.0,16,Whistle5972,/lustre/fsn1/projects/rech/vzf/uqe97pu/raw_data/all_categories/SW_NanaExp_17_Jan_2020_1245pm1761.76173942757_1762.64271834537.wav
2365,Exp_17_Feb_2020_1345pm,SW_Nana,54.9610522921006,56.2227885242275,3300.0,16,Whistle5664,/lustre/fsn1/projects/rech/vzf/uqe97pu/raw_data/all_categories/SW_NanaExp_17_Feb_2020_1345pm54.9610522921006_56.2227885242275.wav
2467,Exp_04_Jan_2020_1345pm,SW_Nana,2180.24844422976,2181.40448097516,3300.0,17,Whistle5100,/lustre/fsn1/projects/rech/vzf/uqe97pu/raw_data/all_categories/SW_NanaExp_04_Jan_2020_1345pm2180.24844422976_2181.40448097516.wav
2509,Exp_14_Jan_2020_0945am,SW_Nana,1238.46964340027,1239.74215075321,3300.0,17,Whistle5417,/lustre/fsn1/projects/rech/vzf/uqe97pu/raw_data/all_categories/SW_NanaExp_14_Jan_2020_0945am1238.46964340027_1239.74215075321.wav
2759,Exp_17_Dec_2019_1045am,SW_Nana,2458.03744920439,2459.49522400332,3300.0,24,Whistle5839,/lustre/fsn1/projects/rech/vzf/uqe97pu/raw_data/all_categories/SW_NanaExp_17_Dec_2019_1045am2458.03744920439_2459.49522400332.wav
2580,Exp_11_Jan_2020_0945am,SW_Nana,432.592438030741,433.914496313807,3300.0,18,Whistle5674,/lustre/fsn1/projects/rech/vzf/uqe97pu/raw_data/all_categories/SW_NanaExp_11_Jan_2020_0945am432.592438030741_433.914496313807.wav
2571,Exp_08_Dec_2019_1045am,SW_Nana,1767.41762845562,1768.57880492621,3300.0,18,Whistle5183,/lustre/fsn1/projects/rech/vzf/uqe97pu/raw_data/all_categories/SW_NanaExp_08_Dec_2019_1045am1767.41762845562_1768.57880492621.wav
2684,Exp_14_Feb_2020_1145am,SW_Nana,443.25588288584,443.820315300538,3300.0,22,Whistle5280,/lustre/fsn1/projects/rech/vzf/uqe97pu/raw_data/all_categories/SW_NanaExp_14_Feb_2020_1145am443.25588288584_443.820315300538.wav
2595,Exp_04_Jan_2020_0945am,SW_Nana,418.921638295228,420.278732291291,3300.0,19,Whistle5088,/lustre/fsn1/projects/rech/vzf/uqe97pu/raw_data/all_categories/SW_NanaExp_04_Jan_2020_0945am418.921638295228_420.278732291291.wav
2560,Exp_06_Dec_2019_1245pm,SW_Nana,79.7002663342211,80.5552516714645,3000.0,18,Whistle5128,/lustre/fsn1/projects/rech/vzf/uqe97pu/raw_data/all_categories/SW_NanaExp_06_Dec_2019_1245pm79.7002663342211_80.5552516714645.wav
2421,Exp_17_Dec_2019_1045am,SW_Nana,2467.71467558932,2468.55484586795,3300.0,16,Whistle5859,/lustre/fsn1/projects/rech/vzf/uqe97pu/raw_data/all_categories/SW_NanaExp_17_Dec_2019_1045am2467.71467558932_2468.55484586795.wav
2304,Exp_15_Dec_2019_1245pm,SW_Nana,589.578066807906,590.033913162073,3300.0,16,Whistle5285,/lustre/fsn1/projects/rech/vzf/uqe97pu/raw_data/all_categories/SW_NanaExp_15_Dec_2019_1245pm589.578066807906_590.033913162073.wav
2588,Exp_17_Feb_2020_1145am,SW_Nana,1510.95652189057,1511.8219137401,3300.0,18,Whistle5939,/lustre/fsn1/projects/rech/vzf/uqe97pu/raw_data/all_categories/SW_NanaExp_17_Feb_2020_1145am1510.95652189057_1511.8219137401.wav
2646,Exp_16_Jan_2020_0945am,SW_Nana,2675.57310840336,2676.23318592274,3300.0,20,Whistle5514,/lustre/fsn1/projects/rech/vzf/uqe97pu/raw_data/all_categories/SW_NanaExp_16_Jan_2020_0945am2675.57310840336_2676.23318592274.wav
2525,Exp_15_Feb_2020_1045am,SW_Nana,3089.70555859981,3090.59660584811,3300.0,17,Whistle5754,/lustre/fsn1/projects/rech/vzf/uqe97pu/raw_data/all_categories/SW_NanaExp_15_Feb_2020_1045am3089.70555859981_3090.59660584811.wav
2289,Exp_15_Dec_2019_1545pm,SW_Nana,727.621258279715,728.552923571245,3300.0,16,Whistle5251,/lustre/fsn1/projects/rech/vzf/uqe97pu/raw_data/all_categories/SW_NanaExp_15_Dec_2019_1545pm727.621258279715_728.552923571245.wav
2661,Exp_09_Feb_2020_1345pm,SW_Nana,1444.21251364695,1444.78698423519,3300.0,21,Whistle5231,/lustre/fsn1/projects/rech/vzf/uqe97pu/raw_data/all_categories/SW_NanaExp_09_Feb_2020_1345pm1444.21251364695_1444.78698423519.wav
2301,Exp_14_Feb_2020_1345pm,SW_Nana,518.881968472587,519.423831190928,3300.0,16,Whistle5281,/lustre/fsn1/projects/rech/vzf/uqe97pu/raw_data/all_categories/SW_NanaExp_14_Feb_2020_1345pm518.881968472587_519.423831190928.wav
2746,Exp_17_Jan_2020_1245pm,SW_Nana,429.671758621564,431.456285961823,3300.0,24,Whistle5975,/lustre/fsn1/projects/rech/vzf/uqe97pu/raw_data/all_categories/SW_NanaExp_17_Jan_2020_1245pm429.671758621564_431.456285961823.wav
2612,Exp_25_Nov_2019_0945am,SW_Nana,379.651384447416,380.9942838557,3000.0,19,Whistle6033,/lustre/fsn1/projects/rech/vzf/uqe97pu/raw_data/all_categories/SW_NanaExp_25_Nov_2019_0945am379.651384447416_380.9942838557.wav
2434,Exp_19_Nov_2019_1145am,SW_Nana,918.208587780233,919.231106298752,3600.0,16,Whistle5986,/lustre/fsn1/projects/rech/vzf/uqe97pu/raw_data/all_categories/SW_NanaExp_19_Nov_2019_1145am918.208587780233_919.231106298752.wav
2744,Exp_07_Jan_2020_1545pm,SW_Nana,562.805047023883,563.936063066663,3300.0,24,Whistle5239,/lustre/fsn1/projects/rech/vzf/uqe97pu/raw_data/all_categories/SW_NanaExp_07_Jan_2020_1545pm562.805047023883_563.936063066663.wav
2380,Exp_14_Dec_2019_0945am,SW_Nana,1065.84465846,1066.59053147588,3300.0,16,Whistle5718,/lustre/fsn1/projects/rech/vzf/uqe97pu/raw_data/all_categories/SW_NanaExp_14_Dec_2019_0945am1065.84465846_1066.59053147588.wav
2418,Exp_17_Dec_2019_1045am,SW_Nana,2473.24800837741,2473.98720077414,3300.0,16,Whistle5844,/lustre/fsn1/projects/rech/vzf/uqe97pu/raw_data/all_categories/SW_NanaExp_17_Dec_2019_1045am2473.24800837741_2473.98720077414.wav
2613,Exp_14_Dec_2019_0945am,SW_Nana,1045.03391545196,1046.14580735877,3300.0,19,Whistle5719,/lustre/fsn1/projects/rech/vzf/uqe97pu/raw_data/all_categories/SW_NanaExp_14_Dec_2019_0945am1045.03391545196_1046.14580735877.wav
2561,Exp_06_Dec_2019_1245pm,SW_Nana,113.901978897349,114.79252748669,3000.0,18,Whistle5131,/lustre/fsn1/projects/rech/vzf/uqe97pu/raw_data/all_categories/SW_NanaExp_06_Dec_2019_1245pm113.901978897349_114.79252748669.wav
2423,Exp_17_Dec_2019_1145am,SW_Nana,3247.71984218134,3248.78553174792,3300.0,16,Whistle5865,/lustre/fsn1/projects/rech/vzf/uqe97pu/raw_data/all_categories/SW_NanaExp_17_Dec_2019_1145am3247.71984218134_3248.78553174792.wav
2725,Exp_11_Jan_2020_0945am,SW_Nana,2723.09200853166,2723.52798658044,3300.0,23,Whistle5618,/lustre/fsn1/projects/rech/vzf/uqe97pu/raw_data/all_categories/SW_NanaExp_11_Jan_2020_0945am2723.09200853166_2723.52798658044.wav
2390,Exp_15_Dec_2019_1545pm,SW_Nana,564.948189841094,566.100391098955,3300.0,16,Whistle5741,/lustre/fsn1/projects/rech/vzf/uqe97pu/raw_data/all_categories/SW_NanaExp_15_Dec_2019_1545pm564.948189841094_566.100391098955.wav
2641,Exp_17_Feb_2020_1345pm,SW_Nana,37.184357565178,37.9417087556542,3300.0,20,Whistle5440,/lustre/fsn1/projects/rech/vzf/uqe97pu/raw_data/all_categories/SW_NanaExp_17_Feb_2020_1345pm37.184357565178_37.9417087556542.wav
2637,Exp_13_Dec_2019_1145am,SW_Nana,824.265632607656,825.267655675479,3300.0,20,Whistle5414,/lustre/fsn1/projects/rech/vzf/uqe97pu/raw_data/all_categories/SW_NanaExp_13_Dec_2019_1145am824.265632607656_825.267655675479.wav
2568,Exp_06_Dec_2019_1245pm,SW_Nana,240.355801852673,241.121178472225,3000.0,18,Whistle5152,/lustre/fsn1/projects/rech/vzf/uqe97pu/raw_data/all_categories/SW_NanaExp_06_Dec_2019_1245pm240.355801852673_241.121178472225.wav
2535,Exp_17_Dec_2019_1345pm,SW_Nana,2051.0372410235,2052.34054230555,3300.0,17,Whistle5870,/lustre/fsn1/projects/rech/vzf/uqe97pu/raw_data/all_categories/SW_NanaExp_17_Dec_2019_1345pm2051.0372410235_2052.34054230555.wav
2247,Exp_04_Jan_2020_1345pm,SW_Nana,2155.076531141,2156.12263084775,3300.0,16,Whistle5097,/lustre/fsn1/projects/rech/vzf/uqe97pu/raw_data/all_categories/SW_NanaExp_04_Jan_2020_1345pm2155.076531141_2156.12263084775.wav
2378,Exp_14_Dec_2019_0945am,SW_Nana,563.49357551583,564.153374050628,3300.0,16,Whistle5712,/lustre/fsn1/projects/rech/vzf/uqe97pu/raw_data/all_categories/SW_NanaExp_14_Dec_2019_0945am563.49357551583_564.153374050628.wav
2691,Exp_27_Nov_2019_1145am,SW_Nana,1560.0132201008,1560.99970776528,3000.0,22,Whistle5319,/lustre/fsn1/projects/rech/vzf/uqe97pu/raw_data/all_categories/SW_NanaExp_27_Nov_2019_1145am1560.0132201008_1560.99970776528.wav
2369,Exp_11_Mar_2020_0945am,SW_Nana,1931.38312656283,1932.58453406954,3000.0,16,Whistle5677,/lustre/fsn1/projects/rech/vzf/uqe97pu/raw_data/all_categories/SW_NanaExp_11_Mar_2020_0945am1931.38312656283_1932.58453406954.wav
2270,Exp_07_Mar_2020_0845am,SW_Nana,101.742591886718,102.60529458942,3000.0,16,Whistle5177,/lustre/fsn1/projects/rech/vzf/uqe97pu/raw_data/all_categories/SW_NanaExp_07_Mar_2020_0845am101.742591886718_102.60529458942.wav
2269,Exp_07_Jan_2020_0945am,SW_Nana,1274.23828769057,1275.35883495426,3300.0,16,Whistle5173,/lustre/fsn1/projects/rech/vzf/uqe97pu/raw_data/all_categories/SW_NanaExp_07_Jan_2020_0945am1274.23828769057_1275.35883495426.wav
2470,Exp_04_Jan_2020_1545pm,SW_Nana,1429.4393322404,1430.86263136064,3300.0,17,Whistle5111,/lustre/fsn1/projects/rech/vzf/uqe97pu/raw_data/all_categories/SW_NanaExp_04_Jan_2020_1545pm1429.4393322404_1430.86263136064.wav
2396,Exp_15_Feb_2020_1045am,SW_Nana,3086.05115549538,3086.75610764497,3300.0,16,Whistle5762,/lustre/fsn1/projects/rech/vzf/uqe97pu/raw_data/all_categories/SW_NanaExp_15_Feb_2020_1045am3086.05115549538_3086.75610764497.wav
2497,Exp_09_Mar_2020_1545pm,SW_Nana,896.47798892663,897.208112601541,3000.0,17,Whistle5211,/lustre/fsn1/projects/rech/vzf/uqe97pu/raw_data/all_categories/SW_NanaExp_09_Mar_2020_1545pm896.47798892663_897.208112601541.wav
2593,Exp_17_Dec_2019_1045am,SW_Nana,2443.06783697698,2444.10973697698,3300.0,18,Whistle5854,/lustre/fsn1/projects/rech/vzf/uqe97pu/raw_data/all_categories/SW_NanaExp_17_Dec_2019_1045am2443.06783697698_2444.10973697698.wav
2671,Exp_17_Feb_2020_1145am,SW_Nana,2365.4763702327,2365.8556691966,3300.0,21,Whistle5492,/lustre/fsn1/projects/rech/vzf/uqe97pu/raw_data/all_categories/SW_NanaExp_17_Feb_2020_1145am2365.4763702327_2365.8556691966.wav
2536,Exp_17_Feb_2020_1145am,SW_Nana,2365.90796552099,2366.82426309885,3300.0,17,Whistle5887,/lustre/fsn1/projects/rech/vzf/uqe97pu/raw_data/all_categories/SW_NanaExp_17_Feb_2020_1145am2365.90796552099_2366.82426309885.wav
2737,Exp_17_Dec_2019_1045am,SW_Nana,2477.67592977236,2478.19974348657,3300.0,24,Whistle5478,/lustre/fsn1/projects/rech/vzf/uqe97pu/raw_data/all_categories/SW_NanaExp_17_Dec_2019_1045am2477.67592977236_2478.19974348657.wav
2389,Exp_15_Dec_2019_1245pm,SW_Nana,3277.80128808388,3278.70788149047,3300.0,16,Whistle5740,/lustre/fsn1/projects/rech/vzf/uqe97pu/raw_data/all_categories/SW_NanaExp_15_Dec_2019_1245pm3277.80128808388_3278.70788149047.wav
2361,Exp_17_Jan_2020_1245pm,SW_Nana,1763.58164197916,1764.31918087401,3300.0,16,Whistle5642,/lustre/fsn1/projects/rech/vzf/uqe97pu/raw_data/all_categories/SW_NanaExp_17_Jan_2020_1245pm1763.58164197916_1764.31918087401.wav
2673,Exp_17_Feb_2020_1145am,SW_Nana,2371.41674644602,2371.82345279523,3300.0,21,Whistle5495,/lustre/fsn1/projects/rech/vzf/uqe97pu/raw_data/all_categories/SW_NanaExp_17_Feb_2020_1145am2371.41674644602_2371.82345279523.wav
2427,Exp_17_Jan_2020_1145am,SW_Nana,1953.28205863423,1954.41346889064,3300.0,16,Whistle5966,/lustre/fsn1/projects/rech/vzf/uqe97pu/raw_data/all_categories/SW_NanaExp_17_Jan_2020_1145am1953.28205863423_1954.41346889064.wav
2624,Exp_04_Jan_2020_1045am,SW_Nana,621.041677057367,621.586103286875,3300.0,20,Whistle5221,/lustre/fsn1/projects/rech/vzf/uqe97pu/raw_data/all_categories/SW_NanaExp_04_Jan_2020_1045am621.041677057367_621.586103286875.wav
2573,Exp_09_Mar_2020_1545pm,SW_Nana,889.847967493225,890.793104105247,3000.0,18,Whistle5204,/lustre/fsn1/projects/rech/vzf/uqe97pu/raw_data/all_categories/SW_NanaExp_09_Mar_2020_1545pm889.847967493225_890.793104105247.wav
2268,Exp_07_Jan_2020_0945am,SW_Nana,2476.55210508854,2477.30583643183,3300.0,16,Whistle5172,/lustre/fsn1/projects/rech/vzf/uqe97pu/raw_data/all_categories/SW_NanaExp_07_Jan_2020_0945am2476.55210508854_2477.30583643183.wav
2570,Exp_07_Dec_2019_1345pm,SW_Nana,1991.69920456662,1992.55453927142,3300.0,18,Whistle5167,/lustre/fsn1/projects/rech/vzf/uqe97pu/raw_data/all_categories/SW_NanaExp_07_Dec_2019_1345pm1991.69920456662_1992.55453927142.wav
2477,Exp_06_Dec_2019_1245pm,SW_Nana,137.134711550227,137.959101144701,3000.0,17,Whistle5139,/lustre/fsn1/projects/rech/vzf/uqe97pu/raw_data/all_categories/SW_NanaExp_06_Dec_2019_1245pm137.134711550227_137.959101144701.wav
2472,Exp_06_Dec_2019_1245pm,SW_Nana,112.811724908193,113.636534292358,3000.0,17,Whistle5125,/lustre/fsn1/projects/rech/vzf/uqe97pu/raw_data/all_categories/SW_NanaExp_06_Dec_2019_1245pm112.811724908193_113.636534292358.wav
2513,Exp_19_Nov_2019_1145am,SW_Nana,916.585988788188,917.820258076022,3600.0,17,Whistle5569,/lustre/fsn1/projects/rech/vzf/uqe97pu/raw_data/all_categories/SW_NanaExp_19_Nov_2019_1145am916.585988788188_917.820258076022.wav
2276,Exp_09_Feb_2020_0945am,SW_Nana,1154.93350040455,1156.12057363309,3300.0,16,Whistle5189,/lustre/fsn1/projects/rech/vzf/uqe97pu/raw_data/all_categories/SW_NanaExp_09_Feb_2020_0945am1154.93350040455_1156.12057363309.wav
2451,Exp_22_Nov_2019_0845am,SW_Nana,860.94249924525,862.686802194312,3600.0,16,Whistle6016,/lustre/fsn1/projects/rech/vzf/uqe97pu/raw_data/all_categories/SW_NanaExp_22_Nov_2019_0845am860.94249924525_862.686802194312.wav
2491,Exp_09_Feb_2020_1345pm,SW_Nana,1453.2698692821,1454.24516982855,3300.0,17,Whistle5191,/lustre/fsn1/projects/rech/vzf/uqe97pu/raw_data/all_categories/SW_NanaExp_09_Feb_2020_1345pm1453.2698692821_1454.24516982855.wav
2529,Exp_16_Jan_2020_0945am,SW_Nana,2675.04310679729,2676.26531747979,3300.0,17,Whistle5795,/lustre/fsn1/projects/rech/vzf/uqe97pu/raw_data/all_categories/SW_NanaExp_16_Jan_2020_0945am2675.04310679729_2676.26531747979.wav
2366,Exp_11_Feb_2020_0945am,SW_Nana,2102.41339090703,2103.16507948139,3300.0,16,Whistle5669,/lustre/fsn1/projects/rech/vzf/uqe97pu/raw_data/all_categories/SW_NanaExp_11_Feb_2020_0945am2102.41339090703_2103.16507948139.wav
2579,Exp_15_Dec_2019_1545pm,SW_Nana,935.667836569202,937.443774405999,3300.0,18,Whistle5541,/lustre/fsn1/projects/rech/vzf/uqe97pu/raw_data/all_categories/SW_NanaExp_15_Dec_2019_1545pm935.667836569202_937.443774405999.wav
2592,Exp_08_Dec_2019_1545pm,SW_Nana,8.84502801523641,10.0767773265312,3300.0,18,Whistle5240,/lustre/fsn1/projects/rech/vzf/uqe97pu/raw_data/all_categories/SW_NanaExp_08_Dec_2019_1545pm8.84502801523641_10.0767773265312.wav
2323,Exp_15_Feb_2020_0945am,SW_Nana,421.74127982206,422.941022001923,3300.0,16,Whistle5336,/lustre/fsn1/projects/rech/vzf/uqe97pu/raw_data/all_categories/SW_NanaExp_15_Feb_2020_0945am421.74127982206_422.941022001923.wav
2670,Exp_17_Feb_2020_1145am,SW_Nana,2361.0365618468,2361.41583097248,3300.0,21,Whistle5488,/lustre/fsn1/projects/rech/vzf/uqe97pu/raw_data/all_categories/SW_NanaExp_17_Feb_2020_1145am2361.0365618468_2361.41583097248.wav
2667,Exp_17_Dec_2019_1045am,SW_Nana,2483.99597919873,2484.3468943773,3300.0,21,Whistle5480,/lustre/fsn1/projects/rech/vzf/uqe97pu/raw_data/all_categories/SW_NanaExp_17_Dec_2019_1045am2483.99597919873_2484.3468943773.wav
2719,Exp_28_Nov_2019_0945am,SW_Nana,2350.53412341968,2351.12271237673,3000.0,22,Whistle6042,/lustre/fsn1/projects/rech/vzf/uqe97pu/raw_data/all_categories/SW_NanaExp_28_Nov_2019_0945am2350.53412341968_2351.12271237673.wav
2414,Exp_16_Nov_2019_1345pm,SW_Nana,437.806780697258,438.933802640831,3600.0,16,Whistle5827,/lustre/fsn1/projects/rech/vzf/uqe97pu/raw_data/all_categories/SW_NanaExp_16_Nov_2019_1345pm437.806780697258_438.933802640831.wav
2590,Exp_27_Nov_2019_0945am,SW_Nana,1478.09131330504,1478.96487766147,3000.0,18,Whistle6040,/lustre/fsn1/projects/rech/vzf/uqe97pu/raw_data/all_categories/SW_NanaExp_27_Nov_2019_0945am1478.09131330504_1478.96487766147.wav
2566,Exp_06_Dec_2019_1245pm,SW_Nana,130.33225471054,131.201885197394,3000.0,18,Whistle5145,/lustre/fsn1/projects/rech/vzf/uqe97pu/raw_data/all_categories/SW_NanaExp_06_Dec_2019_1245pm130.33225471054_131.201885197394.wav
2597,Exp_05_Jan_2020_1545pm,SW_Nana,762.898258342846,764.064353924648,3300.0,19,Whistle5122,/lustre/fsn1/projects/rech/vzf/uqe97pu/raw_data/all_categories/SW_NanaExp_05_Jan_2020_1545pm762.898258342846_764.064353924648.wav
2609,Exp_16_Feb_2020_1245pm,SW_Nana,1523.88461843824,1525.49320646326,3300.0,19,Whistle5787,/lustre/fsn1/projects/rech/vzf/uqe97pu/raw_data/all_categories/SW_NanaExp_16_Feb_2020_1245pm1523.88461843824_1525.49320646326.wav
2587,Exp_17_Feb_2020_1145am,SW_Nana,2946.24960475522,2947.18507534345,3300.0,18,Whistle5901,/lustre/fsn1/projects/rech/vzf/uqe97pu/raw_data/all_categories/SW_NanaExp_17_Feb_2020_1145am2946.24960475522_2947.18507534345.wav
2333,Exp_17_Feb_2020_1145am,SW_Nana,2373.14238388025,2373.56204549967,3300.0,16,Whistle5496,/lustre/fsn1/projects/rech/vzf/uqe97pu/raw_data/all_categories/SW_NanaExp_17_Feb_2020_1145am2373.14238388025_2373.56204549967.wav
2307,Exp_16_Feb_2020_1245pm,SW_Nana,1640.18820188799,1641.51197784138,3300.0,16,Whistle5291,/lustre/fsn1/projects/rech/vzf/uqe97pu/raw_data/all_categories/SW_NanaExp_16_Feb_2020_1245pm1640.18820188799_1641.51197784138.wav
2432,Exp_17_Jan_2020_1345pm,SW_Nana,275.240834669196,276.743850754987,3300.0,16,Whistle5976,/lustre/fsn1/projects/rech/vzf/uqe97pu/raw_data/all_categories/SW_NanaExp_17_Jan_2020_1345pm275.240834669196_276.743850754987.wav
2445,Exp_21_Nov_2019_0945am,SW_Nana,2067.23754299057,2067.90763877601,3600.0,16,Whistle6002,/lustre/fsn1/projects/rech/vzf/uqe97pu/raw_data/all_categories/SW_NanaExp_21_Nov_2019_0945am2067.23754299057_2067.90763877601.wav
2653,Exp_17_Jan_2020_1245pm,SW_Nana,1028.95948857222,1029.72722051667,3300.0,20,Whistle5641,/lustre/fsn1/projects/rech/vzf/uqe97pu/raw_data/all_categories/SW_NanaExp_17_Jan_2020_1245pm1028.95948857222_1029.72722051667.wav
2621,Exp_07_Mar_2020_0845am,SW_Nana,1587.15029116764,1587.96601554926,3000.0,20,Whistle5178,/lustre/fsn1/projects/rech/vzf/uqe97pu/raw_data/all_categories/SW_NanaExp_07_Mar_2020_0845am1587.15029116764_1587.96601554926.wav
2305,Exp_15_Feb_2020_1045am,SW_Nana,3087.34264517469,3088.14301976078,3300.0,16,Whistle5287,/lustre/fsn1/projects/rech/vzf/uqe97pu/raw_data/all_categories/SW_NanaExp_15_Feb_2020_1045am3087.34264517469_3088.14301976078.wav
2644,Exp_26_Nov_2019_1145am,SW_Nana,1788.17096123654,1789.36330634103,3000.0,20,Whistle5658,/lustre/fsn1/projects/rech/vzf/uqe97pu/raw_data/all_categories/SW_NanaExp_26_Nov_2019_1145am1788.17096123654_1789.36330634103.wav
2614,Exp_03_Jan_2020_1145am,SW_Nana,1804.60046909233,1805.53089431227,3300.0,20,Whistle5085,/lustre/fsn1/projects/rech/vzf/uqe97pu/raw_data/all_categories/SW_NanaExp_03_Jan_2020_1145am1804.60046909233_1805.53089431227.wav
2604,Exp_23_Nov_2019_0945am,SW_Nana,1089.48668884499,1090.62564702227,3000.0,19,Whistle5577,/lustre/fsn1/projects/rech/vzf/uqe97pu/raw_data/all_categories/SW_NanaExp_23_Nov_2019_0945am1089.48668884499_1090.62564702227.wav
2402,Exp_16_Feb_2020_1245pm,SW_Nana,1519.87960630184,1520.99677505184,3300.0,16,Whistle5785,/lustre/fsn1/projects/rech/vzf/uqe97pu/raw_data/all_categories/SW_NanaExp_16_Feb_2020_1245pm1519.87960630184_1520.99677505184.wav
2469,Exp_04_Jan_2020_1345pm,SW_Nana,2199.202793417,2200.32364643537,3300.0,17,Whistle5103,/lustre/fsn1/projects/rech/vzf/uqe97pu/raw_data/all_categories/SW_NanaExp_04_Jan_2020_1345pm2199.202793417_2200.32364643537.wav
2265,Exp_07_Dec_2019_0945am,SW_Nana,2906.26380746608,2906.84790640601,3300.0,16,Whistle5162,/lustre/fsn1/projects/rech/vzf/uqe97pu/raw_data/all_categories/SW_NanaExp_07_Dec_2019_0945am2906.26380746608_2906.84790640601.wav
2709,Exp_15_Jan_2020_1045am,SW_Nana,2840.26536614898,2840.76494948231,3300.0,22,Whistle5648,/lustre/fsn1/projects/rech/vzf/uqe97pu/raw_data/all_categories/SW_NanaExp_15_Jan_2020_1045am2840.26536614898_2840.76494948231.wav
2665,Exp_17_Dec_2019_1045am,SW_Nana,2467.13589783286,2467.57834922175,3300.0,21,Whistle5476,/lustre/fsn1/projects/rech/vzf/uqe97pu/raw_data/all_categories/SW_NanaExp_17_Dec_2019_1045am2467.13589783286_2467.57834922175.wav
2504,Exp_17_Dec_2019_1045am,SW_Nana,2474.73115816537,2475.55288846156,3300.0,17,Whistle5348,/lustre/fsn1/projects/rech/vzf/uqe97pu/raw_data/all_categories/SW_NanaExp_17_Dec_2019_1045am2474.73115816537_2475.55288846156.wav
2727,Exp_11_Jan_2020_0945am,SW_Nana,671.247034687984,671.868034687984,3300.0,23,Whistle5672,/lustre/fsn1/projects/rech/vzf/uqe97pu/raw_data/all_categories/SW_NanaExp_11_Jan_2020_0945am671.247034687984_671.868034687984.wav
2721,Exp_10_Mar_2020_0845am,SW_Nana,1019.18041747346,1019.8815203152,3000.0,23,Whistle5246,/lustre/fsn1/projects/rech/vzf/uqe97pu/raw_data/all_categories/SW_NanaExp_10_Mar_2020_0845am1019.18041747346_1019.8815203152.wav
2741,Exp_21_Nov_2019_1345pm,SW_Nana,1159.97378936048,1160.20536096173,3600.0,24,Whistle6012,/lustre/fsn1/projects/rech/vzf/uqe97pu/raw_data/all_categories/SW_NanaExp_21_Nov_2019_1345pm1159.97378936048_1160.20536096173.wav
2458,Exp_25_Nov_2019_0945am,SW_Nana,382.832390406635,384.064390406635,3000.0,16,Whistle6034,/lustre/fsn1/projects/rech/vzf/uqe97pu/raw_data/all_categories/SW_NanaExp_25_Nov_2019_0945am382.832390406635_384.064390406635.wav
2748,Exp_19_Nov_2019_1145am,SW_Nana,915.584886714423,917.336066253719,3600.0,24,Whistle5665,/lustre/fsn1/projects/rech/vzf/uqe97pu/raw_data/all_categories/SW_NanaExp_19_Nov_2019_1145am915.584886714423_917.336066253719.wav
2617,Exp_04_Jan_2020_1345pm,SW_Nana,1491.86100733939,1492.59049650347,3300.0,20,Whistle5108,/lustre/fsn1/projects/rech/vzf/uqe97pu/raw_data/all_categories/SW_NanaExp_04_Jan_2020_1345pm1491.86100733939_1492.59049650347.wav
2494,Exp_09_Feb_2020_1345pm,SW_Nana,679.454358319964,680.444625699644,3300.0,17,Whistle5194,/lustre/fsn1/projects/rech/vzf/uqe97pu/raw_data/all_categories/SW_NanaExp_09_Feb_2020_1345pm679.454358319964_680.444625699644.wav
2429,Exp_17_Jan_2020_1245pm,SW_Nana,1514.34483596804,1515.68715103653,3300.0,16,Whistle5971,/lustre/fsn1/projects/rech/vzf/uqe97pu/raw_data/all_categories/SW_NanaExp_17_Jan_2020_1245pm1514.34483596804_1515.68715103653.wav
2585,Exp_17_Dec_2019_0945am,SW_Nana,1631.36593553269,1632.80360309301,3300.0,18,Whistle5830,/lustre/fsn1/projects/rech/vzf/uqe97pu/raw_data/all_categories/SW_NanaExp_17_Dec_2019_0945am1631.36593553269_1632.80360309301.wav
2350,Exp_17_Jan_2020_1145am,SW_Nana,1956.91384130756,1957.82574609435,3300.0,16,Whistle5566,/lustre/fsn1/projects/rech/vzf/uqe97pu/raw_data/all_categories/SW_NanaExp_17_Jan_2020_1145am1956.91384130756_1957.82574609435.wav
2701,Exp_16_Jan_2020_0945am,SW_Nana,129.113653066546,129.980281576925,3300.0,22,Whistle5554,/lustre/fsn1/projects/rech/vzf/uqe97pu/raw_data/all_categories/SW_NanaExp_16_Jan_2020_0945am129.113653066546_129.980281576925.wav
2374,Exp_12_Feb_2020_1145am,SW_Nana,301.053968751845,301.677917796431,3300.0,16,Whistle5690,/lustre/fsn1/projects/rech/vzf/uqe97pu/raw_data/all_categories/SW_NanaExp_12_Feb_2020_1145am301.053968751845_301.677917796431.wav
2572,Exp_09_Jan_2020_1145am,SW_Nana,1136.76438124841,1137.87026360135,3300.0,18,Whistle5200,/lustre/fsn1/projects/rech/vzf/uqe97pu/raw_data/all_categories/SW_NanaExp_09_Jan_2020_1145am1136.76438124841_1137.87026360135.wav
2722,Exp_28_Nov_2019_0945am,SW_Nana,2922.72474441581,2923.9522969849,3000.0,23,Whistle5452,/lustre/fsn1/projects/rech/vzf/uqe97pu/raw_data/all_categories/SW_NanaExp_28_Nov_2019_0945am2922.72474441581_2923.9522969849.wav
2635,Exp_16_Feb_2020_1245pm,SW_Nana,1527.72334020695,1528.77668569306,3300.0,20,Whistle5373,/lustre/fsn1/projects/rech/vzf/uqe97pu/raw_data/all_categories/SW_NanaExp_16_Feb_2020_1245pm1527.72334020695_1528.77668569306.wav
2533,Exp_17_Dec_2019_1045am,SW_Nana,2477.25872307493,2478.1140245417,3300.0,17,Whistle5846,/lustre/fsn1/projects/rech/vzf/uqe97pu/raw_data/all_categories/SW_NanaExp_17_Dec_2019_1045am2477.25872307493_2478.1140245417.wav
2344,Exp_15_Jan_2020_0945am,SW_Nana,661.57947812038,662.687062928639,3300.0,16,Whistle5546,/lustre/fsn1/projects/rech/vzf/uqe97pu/raw_data/all_categories/SW_NanaExp_15_Jan_2020_0945am661.57947812038_662.687062928639.wav
2261,Exp_01_Jan_2020_0845am,SW_Nana,599.704277243533,600.369599824178,3300.0,16,Whistle5157,/lustre/fsn1/projects/rech/vzf/uqe97pu/raw_data/all_categories/SW_NanaExp_01_Jan_2020_0845am599.704277243533_600.369599824178.wav
2655,Exp_17_Dec_2019_1145am,SW_Nana,3248.3390314854,3248.72454184322,3300.0,20,Whistle5661,/lustre/fsn1/projects/rech/vzf/uqe97pu/raw_data/all_categories/SW_NanaExp_17_Dec_2019_1145am3248.3390314854_3248.72454184322.wav
2453,Exp_22_Nov_2019_0845am,SW_Nana,866.448367675416,867.560216907873,3600.0,16,Whistle6019,/lustre/fsn1/projects/rech/vzf/uqe97pu/raw_data/all_categories/SW_NanaExp_22_Nov_2019_0845am866.448367675416_867.560216907873.wav
2752,Exp_16_Feb_2020_0945am,SW_Nana,3252.54822821725,3253.67282653958,3300.0,24,Whistle5372,/lustre/fsn1/projects/rech/vzf/uqe97pu/raw_data/all_categories/SW_NanaExp_16_Feb_2020_0945am3252.54822821725_3253.67282653958.wav
2278,Exp_09_Jan_2020_1545pm,SW_Nana,562.22531253426,562.975246309095,3300.0,16,Whistle5201,/lustre/fsn1/projects/rech/vzf/uqe97pu/raw_data/all_categories/SW_NanaExp_09_Jan_2020_1545pm562.22531253426_562.975246309095.wav
2476,Exp_06_Dec_2019_1245pm,SW_Nana,136.017752750085,136.746629755433,3000.0,17,Whistle5138,/lustre/fsn1/projects/rech/vzf/uqe97pu/raw_data/all_categories/SW_NanaExp_06_Dec_2019_1245pm136.017752750085_136.746629755433.wav
2309,Exp_16_Jan_2020_0945am,SW_Nana,538.990389775431,539.991908465142,3300.0,16,Whistle5293,/lustre/fsn1/projects/rech/vzf/uqe97pu/raw_data/all_categories/SW_NanaExp_16_Jan_2020_0945am538.990389775431_539.991908465142.wav
2608,Exp_15_Jan_2020_1045am,SW_Nana,2070.062735409,2070.95977098212,3300.0,19,Whistle5771,/lustre/fsn1/projects/rech/vzf/uqe97pu/raw_data/all_categories/SW_NanaExp_15_Jan_2020_1045am2070.062735409_2070.95977098212.wav
2627,Exp_06_Dec_2019_1245pm,SW_Nana,119.934173589348,120.31626725326,3000.0,20,Whistle5224,/lustre/fsn1/projects/rech/vzf/uqe97pu/raw_data/all_categories/SW_NanaExp_06_Dec_2019_1245pm119.934173589348_120.31626725326.wav
2710,Exp_16_Feb_2020_1245pm,SW_Nana,1644.16167062982,1645.00894335709,3300.0,22,Whistle5649,/lustre/fsn1/projects/rech/vzf/uqe97pu/raw_data/all_categories/SW_NanaExp_16_Feb_2020_1245pm1644.16167062982_1645.00894335709.wav
2475,Exp_06_Dec_2019_1245pm,SW_Nana,99.6670187477661,100.46124774732,3000.0,17,Whistle5136,/lustre/fsn1/projects/rech/vzf/uqe97pu/raw_data/all_categories/SW_NanaExp_06_Dec_2019_1245pm99.6670187477661_100.46124774732.wav
2385,Exp_14_Jan_2020_1045am,SW_Nana,754.16420947343,754.938614056763,2194.90133333334,16,Whistle5731,/lustre/fsn1/projects/rech/vzf/uqe97pu/raw_data/all_categories/SW_NanaExp_14_Jan_2020_1045am754.16420947343_754.938614056763.wav
2353,Exp_21_Nov_2019_0945am,SW_Nana,2052.85889892226,2053.51417164208,3600.0,16,Whistle5574,/lustre/fsn1/projects/rech/vzf/uqe97pu/raw_data/all_categories/SW_NanaExp_21_Nov_2019_0945am2052.85889892226_2053.51417164208.wav
2716,Exp_17_Jan_2020_1745pm,SW_Nana,2306.31828885451,2307.34508885451,3300.0,22,Whistle5979,/lustre/fsn1/projects/rech/vzf/uqe97pu/raw_data/all_categories/SW_NanaExp_17_Jan_2020_1745pm2306.31828885451_2307.34508885451.wav
2314,Exp_17_Dec_2019_1545pm,SW_Nana,1355.53552515653,1355.92554005139,3300.0,16,Whistle5301,/lustre/fsn1/projects/rech/vzf/uqe97pu/raw_data/all_categories/SW_NanaExp_17_Dec_2019_1545pm1355.53552515653_1355.92554005139.wav
2724,Exp_11_Dec_2019_1145am,SW_Nana,869.113467417073,869.437569981175,3300.0,23,Whistle5591,/lustre/fsn1/projects/rech/vzf/uqe97pu/raw_data/all_categories/SW_NanaExp_11_Dec_2019_1145am869.113467417073_869.437569981175.wav
2751,Exp_17_Dec_2019_1145am,SW_Nana,1167.03199695827,1167.57042644545,3300.0,24,Whistle5866,/lustre/fsn1/projects/rech/vzf/uqe97pu/raw_data/all_categories/SW_NanaExp_17_Dec_2019_1145am1167.03199695827_1167.57042644545.wav
2417,Exp_17_Dec_2019_1045am,SW_Nana,2469.73390987159,2470.70944269448,3300.0,16,Whistle5843,/lustre/fsn1/projects/rech/vzf/uqe97pu/raw_data/all_categories/SW_NanaExp_17_Dec_2019_1045am2469.73390987159_2470.70944269448.wav
2294,Exp_17_Feb_2020_1145am,SW_Nana,2490.98315378694,2491.59751092979,3300.0,16,Whistle5260,/lustre/fsn1/projects/rech/vzf/uqe97pu/raw_data/all_categories/SW_NanaExp_17_Feb_2020_1145am2490.98315378694_2491.59751092979.wav
2556,Exp_05_Feb_2020_0945am,SW_Nana,759.794216906403,760.719990939841,3300.0,18,Whistle5113,/lustre/fsn1/projects/rech/vzf/uqe97pu/raw_data/all_categories/SW_NanaExp_05_Feb_2020_0945am759.794216906403_760.719990939841.wav
2435,Exp_19_Nov_2019_1145am,SW_Nana,2077.89670552992,2078.63319441881,3600.0,16,Whistle5987,/lustre/fsn1/projects/rech/vzf/uqe97pu/raw_data/all_categories/SW_NanaExp_19_Nov_2019_1145am2077.89670552992_2078.63319441881.wav
2481,Exp_06_Dec_2019_1245pm,SW_Nana,131.472817763938,132.216774983189,3000.0,17,Whistle5146,/lustre/fsn1/projects/rech/vzf/uqe97pu/raw_data/all_categories/SW_NanaExp_06_Dec_2019_1245pm131.472817763938_132.216774983189.wav
2459,Exp_27_Nov_2019_1145am,SW_Nana,1939.78782485657,1940.92569942103,3000.0,16,Whistle6041,/lustre/fsn1/projects/rech/vzf/uqe97pu/raw_data/all_categories/SW_NanaExp_27_Nov_2019_1145am1939.78782485657_1940.92569942103.wav
2565,Exp_06_Dec_2019_1245pm,SW_Nana,158.796707614511,159.661311335545,3000.0,18,Whistle5144,/lustre/fsn1/projects/rech/vzf/uqe97pu/raw_data/all_categories/SW_NanaExp_06_Dec_2019_1245pm158.796707614511_159.661311335545.wav
2650,Exp_12_Feb_2020_1145am,SW_Nana,69.5171866251383,70.2082338907633,3300.0,20,Whistle5626,/lustre/fsn1/projects/rech/vzf/uqe97pu/raw_data/all_categories/SW_NanaExp_12_Feb_2020_1145am69.5171866251383_70.2082338907633.wav
2260,Exp_06_Dec_2019_1245pm,SW_Nana,81.160271200904,81.9105362185718,3000.0,16,Whistle5154,/lustre/fsn1/projects/rech/vzf/uqe97pu/raw_data/all_categories/SW_NanaExp_06_Dec_2019_1245pm81.160271200904_81.9105362185718.wav
2383,Exp_14_Jan_2020_0945am,SW_Nana,3066.0808614276,3066.74631597306,3300.0,16,Whistle5726,/lustre/fsn1/projects/rech/vzf/uqe97pu/raw_data/all_categories/SW_NanaExp_14_Jan_2020_0945am3066.0808614276_3066.74631597306.wav
2531,Exp_17_Dec_2019_1045am,SW_Nana,2441.96815153522,2442.81266024836,3300.0,17,Whistle5834,/lustre/fsn1/projects/rech/vzf/uqe97pu/raw_data/all_categories/SW_NanaExp_17_Dec_2019_1045am2441.96815153522_2442.81266024836.wav
2591,Exp_07_Jan_2020_1345pm,SW_Nana,2247.74817989197,2248.903901285,3300.0,18,Whistle5238,/lustre/fsn1/projects/rech/vzf/uqe97pu/raw_data/all_categories/SW_NanaExp_07_Jan_2020_1345pm2247.74817989197_2248.903901285.wav
2639,Exp_15_Dec_2019_1545pm,SW_Nana,936.50058764895,937.44743963969,3300.0,20,Whistle5422,/lustre/fsn1/projects/rech/vzf/uqe97pu/raw_data/all_categories/SW_NanaExp_15_Dec_2019_1545pm936.50058764895_937.44743963969.wav
2343,Exp_15_Jan_2020_0945am,SW_Nana,137.571734257547,138.780868561754,3300.0,16,Whistle5545,/lustre/fsn1/projects/rech/vzf/uqe97pu/raw_data/all_categories/SW_NanaExp_15_Jan_2020_0945am137.571734257547_138.780868561754.wav
2279,Exp_09_Mar_2020_1545pm,SW_Nana,960.268201560672,961.128216223428,3000.0,16,Whistle5203,/lustre/fsn1/projects/rech/vzf/uqe97pu/raw_data/all_categories/SW_NanaExp_09_Mar_2020_1545pm960.268201560672_961.128216223428.wav
2441,Exp_21_Nov_2019_0945am,SW_Nana,1208.11584580947,1208.6550092336,3600.0,16,Whistle5998,/lustre/fsn1/projects/rech/vzf/uqe97pu/raw_data/all_categories/SW_NanaExp_21_Nov_2019_0945am1208.11584580947_1208.6550092336.wav
2547,Exp_17_Feb_2020_1145am,SW_Nana,2364.93216706717,2365.85283270185,3300.0,17,Whistle5917,/lustre/fsn1/projects/rech/vzf/uqe97pu/raw_data/all_categories/SW_NanaExp_17_Feb_2020_1145am2364.93216706717_2365.85283270185.wav
2664,Exp_16_Jan_2020_0945am,SW_Nana,2676.90653945347,2677.3337946618,3300.0,21,Whistle5466,/lustre/fsn1/projects/rech/vzf/uqe97pu/raw_data/all_categories/SW_NanaExp_16_Jan_2020_0945am2676.90653945347_2677.3337946618.wav
2325,Exp_14_Jan_2020_1245pm,SW_Nana,2555.21100633491,2556.16904057583,3300.0,16,Whistle5365,/lustre/fsn1/projects/rech/vzf/uqe97pu/raw_data/all_categories/SW_NanaExp_14_Jan_2020_1245pm2555.21100633491_2556.16904057583.wav
2487,Exp_07_Dec_2019_1345pm,SW_Nana,1989.54335500936,1990.28731222861,3300.0,17,Whistle5165,/lustre/fsn1/projects/rech/vzf/uqe97pu/raw_data/all_categories/SW_NanaExp_07_Dec_2019_1345pm1989.54335500936_1990.28731222861.wav
2386,Exp_14_Dec_2019_0945am,SW_Nana,744.349429131999,745.38128531929,3300.0,16,Whistle5722,/lustre/fsn1/projects/rech/vzf/uqe97pu/raw_data/all_categories/SW_NanaExp_14_Dec_2019_0945am744.349429131999_745.38128531929.wav
2347,Exp_16_Feb_2020_1545pm,SW_Nana,196.252878529306,197.416040362879,3300.0,16,Whistle5553,/lustre/fsn1/projects/rech/vzf/uqe97pu/raw_data/all_categories/SW_NanaExp_16_Feb_2020_1545pm196.252878529306_197.416040362879.wav
2674,Exp_17_Feb_2020_1145am,SW_Nana,2440.42714556787,2440.81356391238,3300.0,21,Whistle5498,/lustre/fsn1/projects/rech/vzf/uqe97pu/raw_data/all_categories/SW_NanaExp_17_Feb_2020_1145am2440.42714556787_2440.81356391238.wav
2296,Exp_23_Nov_2019_1545pm,SW_Nana,1402.11366876592,1403.18628412975,3000.0,16,Whistle5265,/lustre/fsn1/projects/rech/vzf/uqe97pu/raw_data/all_categories/SW_NanaExp_23_Nov_2019_1545pm1402.11366876592_1403.18628412975.wav
2239,Exp_02_Jan_2020_1245pm,SW_Nana,3290.2868830741,3291.14724357567,3300.0,16,Whistle5077,/lustre/fsn1/projects/rech/vzf/uqe97pu/raw_data/all_categories/SW_NanaExp_02_Jan_2020_1245pm3290.2868830741_3291.14724357567.wav
2352,Exp_20_Nov_2019_1145am,SW_Nana,2816.87669196474,2817.48980951061,3600.0,16,Whistle5573,/lustre/fsn1/projects/rech/vzf/uqe97pu/raw_data/all_categories/SW_NanaExp_20_Nov_2019_1145am2816.87669196474_2817.48980951061.wav
2431,Exp_17_Jan_2020_1245pm,SW_Nana,2147.31268990633,2148.1587114117,3300.0,16,Whistle5973,/lustre/fsn1/projects/rech/vzf/uqe97pu/raw_data/all_categories/SW_NanaExp_17_Jan_2020_1245pm2147.31268990633_2148.1587114117.wav
2563,Exp_06_Dec_2019_1245pm,SW_Nana,134.950236968386,135.664078803971,3000.0,18,Whistle5137,/lustre/fsn1/projects/rech/vzf/uqe97pu/raw_data/all_categories/SW_NanaExp_06_Dec_2019_1245pm134.950236968386_135.664078803971.wav
2320,Exp_27_Nov_2019_1145am,SW_Nana,1566.3940928844,1567.10974985005,3000.0,16,Whistle5320,/lustre/fsn1/projects/rech/vzf/uqe97pu/raw_data/all_categories/SW_NanaExp_27_Nov_2019_1145am1566.3940928844_1567.10974985005.wav
2522,Exp_14_Jan_2020_0945am,SW_Nana,3285.48131969684,3286.62491818169,3300.0,17,Whistle5729,/lustre/fsn1/projects/rech/vzf/uqe97pu/raw_data/all_categories/SW_NanaExp_14_Jan_2020_0945am3285.48131969684_3286.62491818169.wav
2620,Exp_07_Jan_2020_0845am,SW_Nana,2980.70403304252,2981.60032279517,3300.0,20,Whistle5170,/lustre/fsn1/projects/rech/vzf/uqe97pu/raw_data/all_categories/SW_NanaExp_07_Jan_2020_0845am2980.70403304252_2981.60032279517.wav
2450,Exp_21_Nov_2019_1545pm,SW_Nana,144.18164643053,145.223433315776,3600.0,16,Whistle6014,/lustre/fsn1/projects/rech/vzf/uqe97pu/raw_data/all_categories/SW_NanaExp_21_Nov_2019_1545pm144.18164643053_145.223433315776.wav
2756,Exp_17_Feb_2020_1145am,SW_Nana,2462.68187973474,2463.45469901184,3300.0,24,Whistle5500,/lustre/fsn1/projects/rech/vzf/uqe97pu/raw_data/all_categories/SW_NanaExp_17_Feb_2020_1145am2462.68187973474_2463.45469901184.wav
2354,Exp_22_Nov_2019_1245pm,SW_Nana,439.709283862809,440.569755209514,3600.0,16,Whistle5576,/lustre/fsn1/projects/rech/vzf/uqe97pu/raw_data/all_categories/SW_NanaExp_22_Nov_2019_1245pm439.709283862809_440.569755209514.wav
2554,Exp_04_Jan_2020_1045am,SW_Nana,619.526877960236,620.487479133257,3300.0,18,Whistle5090,/lustre/fsn1/projects/rech/vzf/uqe97pu/raw_data/all_categories/SW_NanaExp_04_Jan_2020_1045am619.526877960236_620.487479133257.wav
2256,Exp_06_Dec_2019_0945am,SW_Nana,825.5637500819,826.428799324325,3000.0,16,Whistle5124,/lustre/fsn1/projects/rech/vzf/uqe97pu/raw_data/all_categories/SW_NanaExp_06_Dec_2019_0945am825.5637500819_826.428799324325.wav
2630,Exp_02_Jan_2020_1045am,SW_Nana,1747.33529495544,1747.91596588114,3300.0,20,Whistle5232,/lustre/fsn1/projects/rech/vzf/uqe97pu/raw_data/all_categories/SW_NanaExp_02_Jan_2020_1045am1747.33529495544_1747.91596588114.wav
2444,Exp_21_Nov_2019_0945am,SW_Nana,2063.98142390338,2065.11348454209,3600.0,16,Whistle6001,/lustre/fsn1/projects/rech/vzf/uqe97pu/raw_data/all_categories/SW_NanaExp_21_Nov_2019_0945am2063.98142390338_2065.11348454209.wav
2557,Exp_05_Jan_2020_1345pm,SW_Nana,1239.26964844529,1240.65186629306,3300.0,18,Whistle5117,/lustre/fsn1/projects/rech/vzf/uqe97pu/raw_data/all_categories/SW_NanaExp_05_Jan_2020_1345pm1239.26964844529_1240.65186629306.wav
2632,Exp_13_Jan_2020_1145am,SW_Nana,1011.65245486517,1012.32778092727,3300.0,20,Whistle5278,/lustre/fsn1/projects/rech/vzf/uqe97pu/raw_data/all_categories/SW_NanaExp_13_Jan_2020_1145am1011.65245486517_1012.32778092727.wav
2341,Exp_14_Feb_2020_1145am,SW_Nana,935.151328490128,935.912625939576,3300.0,16,Whistle5537,/lustre/fsn1/projects/rech/vzf/uqe97pu/raw_data/all_categories/SW_NanaExp_14_Feb_2020_1145am935.151328490128_935.912625939576.wav
2351,Exp_17_Jan_2020_1245pm,SW_Nana,2799.26110009042,2800.24298013075,3300.0,16,Whistle5567,/lustre/fsn1/projects/rech/vzf/uqe97pu/raw_data/all_categories/SW_NanaExp_17_Jan_2020_1245pm2799.26110009042_2800.24298013075.wav
2337,Exp_12_Dec_2019_1245pm,SW_Nana,2824.84730384783,2825.69243847395,3300.0,16,Whistle5530,/lustre/fsn1/projects/rech/vzf/uqe97pu/raw_data/all_categories/SW_NanaExp_12_Dec_2019_1245pm2824.84730384783_2825.69243847395.wav
2718,Exp_25_Nov_2019_1545pm,SW_Nana,969.09508965725,969.478908752728,3000.0,22,Whistle6038,/lustre/fsn1/projects/rech/vzf/uqe97pu/raw_data/all_categories/SW_NanaExp_25_Nov_2019_1545pm969.09508965725_969.478908752728.wav
2543,Exp_17_Feb_2020_1145am,SW_Nana,2462.1196104052,2463.32742799477,3300.0,17,Whistle5949,/lustre/fsn1/projects/rech/vzf/uqe97pu/raw_data/all_categories/SW_NanaExp_17_Feb_2020_1145am2462.1196104052_2463.32742799477.wav
2355,Exp_26_Nov_2019_1145am,SW_Nana,1787.13244502238,1789.34589901543,3000.0,16,Whistle5580,/lustre/fsn1/projects/rech/vzf/uqe97pu/raw_data/all_categories/SW_NanaExp_26_Nov_2019_1145am1787.13244502238_1789.34589901543.wav
2603,Exp_17_Dec_2019_1045am,SW_Nana,2457.11842142733,2457.84605898192,3300.0,19,Whistle5473,/lustre/fsn1/projects/rech/vzf/uqe97pu/raw_data/all_categories/SW_NanaExp_17_Dec_2019_1045am2457.11842142733_2457.84605898192.wav
2530,Exp_16_Jan_2020_0945am,SW_Nana,2676.47955146334,2677.35614923796,3300.0,17,Whistle5799,/lustre/fsn1/projects/rech/vzf/uqe97pu/raw_data/all_categories/SW_NanaExp_16_Jan_2020_0945am2676.47955146334_2677.35614923796.wav
2555,Exp_05_Feb_2020_0945am,SW_Nana,756.607320220405,757.863888735278,3300.0,18,Whistle5112,/lustre/fsn1/projects/rech/vzf/uqe97pu/raw_data/all_categories/SW_NanaExp_05_Feb_2020_0945am756.607320220405_757.863888735278.wav
2663,Exp_16_Feb_2020_0945am,SW_Nana,3253.16799920756,3253.6635105919,3300.0,21,Whistle5464,/lustre/fsn1/projects/rech/vzf/uqe97pu/raw_data/all_categories/SW_NanaExp_16_Feb_2020_0945am3253.16799920756_3253.6635105919.wav
2367,Exp_11_Jan_2020_0945am,SW_Nana,522.847798807459,523.733575310191,3300.0,16,Whistle5670,/lustre/fsn1/projects/rech/vzf/uqe97pu/raw_data/all_categories/SW_NanaExp_11_Jan_2020_0945am522.847798807459_523.733575310191.wav
2272,Exp_07_Mar_2020_1145am,SW_Nana,320.438554534576,321.373527796608,3000.0,16,Whistle5182,/lustre/fsn1/projects/rech/vzf/uqe97pu/raw_data/all_categories/SW_NanaExp_07_Mar_2020_1145am320.438554534576_321.373527796608.wav
2514,Exp_23_Nov_2019_0945am,SW_Nana,2328.60118174699,2329.38289738444,3000.0,17,Whistle5578,/lustre/fsn1/projects/rech/vzf/uqe97pu/raw_data/all_categories/SW_NanaExp_23_Nov_2019_0945am2328.60118174699_2329.38289738444.wav
2732,Exp_16_Nov_2019_0545am,SW_Nana,3027.89951196857,3028.47474132637,3600.0,23,Whistle5818,/lustre/fsn1/projects/rech/vzf/uqe97pu/raw_data/all_categories/SW_NanaExp_16_Nov_2019_0545am3027.89951196857_3028.47474132637.wav
2619,Exp_05_Mar_2020_1145am,SW_Nana,1342.90739149209,1344.03944478362,3000.0,20,Whistle5123,/lustre/fsn1/projects/rech/vzf/uqe97pu/raw_data/all_categories/SW_NanaExp_05_Mar_2020_1145am1342.90739149209_1344.03944478362.wav
2503,Exp_06_Dec_2019_1245pm,SW_Nana,157.803707169933,158.542637651216,3000.0,17,Whistle5142,/lustre/fsn1/projects/rech/vzf/uqe97pu/raw_data/all_categories/SW_NanaExp_06_Dec_2019_1245pm157.803707169933_158.542637651216.wav
2666,Exp_17_Dec_2019_1045am,SW_Nana,2478.82649362546,2479.17746765143,3300.0,21,Whistle5479,/lustre/fsn1/projects/rech/vzf/uqe97pu/raw_data/all_categories/SW_NanaExp_17_Dec_2019_1045am2478.82649362546_2479.17746765143.wav
2248,Exp_04_Jan_2020_1345pm,SW_Nana,2176.12659492908,2176.85584712849,3300.0,16,Whistle5098,/lustre/fsn1/projects/rech/vzf/uqe97pu/raw_data/all_categories/SW_NanaExp_04_Jan_2020_1345pm2176.12659492908_2176.85584712849.wav
2758,Exp_15_Jan_2020_1245pm,SW_Nana,3241.16719360555,3242.7097507021,3300.0,24,Whistle5289,/lustre/fsn1/projects/rech/vzf/uqe97pu/raw_data/all_categories/SW_NanaExp_15_Jan_2020_1245pm3241.16719360555_3242.7097507021.wav
2623,Exp_02_Mar_2020_1145am,SW_Nana,2145.63215344051,2146.54052553353,3000.0,20,Whistle5220,/lustre/fsn1/projects/rech/vzf/uqe97pu/raw_data/all_categories/SW_NanaExp_02_Mar_2020_1145am2145.63215344051_2146.54052553353.wav
2393,Exp_15_Feb_2020_0945am,SW_Nana,3169.79541874936,3170.49102850546,3300.0,16,Whistle5745,/lustre/fsn1/projects/rech/vzf/uqe97pu/raw_data/all_categories/SW_NanaExp_15_Feb_2020_0945am3169.79541874936_3170.49102850546.wav
2524,Exp_15_Feb_2020_0945am,SW_Nana,419.532317987584,420.964966697369,3300.0,17,Whistle5746,/lustre/fsn1/projects/rech/vzf/uqe97pu/raw_data/all_categories/SW_NanaExp_15_Feb_2020_0945am419.532317987584_420.964966697369.wav
2329,Exp_17_Dec_2019_1045am,SW_Nana,2478.23806127089,2479.17991630863,3300.0,16,Whistle5622,/lustre/fsn1/projects/rech/vzf/uqe97pu/raw_data/all_categories/SW_NanaExp_17_Dec_2019_1045am2478.23806127089_2479.17991630863.wav
2677,Exp_04_Jan_2020_1345pm,SW_Nana,2033.2873443362,2034.14181092631,3300.0,22,Whistle5241,/lustre/fsn1/projects/rech/vzf/uqe97pu/raw_data/all_categories/SW_NanaExp_04_Jan_2020_1345pm2033.2873443362_2034.14181092631.wav
2562,Exp_06_Dec_2019_1245pm,SW_Nana,98.7466425259623,99.5359366118002,3000.0,18,Whistle5133,/lustre/fsn1/projects/rech/vzf/uqe97pu/raw_data/all_categories/SW_NanaExp_06_Dec_2019_1245pm98.7466425259623_99.5359366118002.wav
2689,Exp_17_Jan_2020_1545pm,SW_Nana,619.835874618925,620.722019798948,3300.0,22,Whistle5310,/lustre/fsn1/projects/rech/vzf/uqe97pu/raw_data/all_categories/SW_NanaExp_17_Jan_2020_1545pm619.835874618925_620.722019798948.wav
2668,Exp_17_Feb_2020_1045am,SW_Nana,869.067633780708,869.509908109567,3300.0,21,Whistle5483,/lustre/fsn1/projects/rech/vzf/uqe97pu/raw_data/all_categories/SW_NanaExp_17_Feb_2020_1045am869.067633780708_869.509908109567.wav
2707,Exp_28_Nov_2019_0945am,SW_Nana,2461.02278457665,2461.69127425555,3000.0,22,Whistle5582,/lustre/fsn1/projects/rech/vzf/uqe97pu/raw_data/all_categories/SW_NanaExp_28_Nov_2019_0945am2461.02278457665_2461.69127425555.wav
2493,Exp_09_Feb_2020_1345pm,SW_Nana,678.033525609614,679.043899941165,3300.0,17,Whistle5193,/lustre/fsn1/projects/rech/vzf/uqe97pu/raw_data/all_categories/SW_NanaExp_09_Feb_2020_1345pm678.033525609614_679.043899941165.wav
2567,Exp_06_Dec_2019_1245pm,SW_Nana,132.708596798353,133.46260749354,3000.0,18,Whistle5147,/lustre/fsn1/projects/rech/vzf/uqe97pu/raw_data/all_categories/SW_NanaExp_06_Dec_2019_1245pm132.708596798353_133.46260749354.wav
2339,Exp_13_Dec_2019_1345pm,SW_Nana,530.589473778663,531.546557786214,3300.0,16,Whistle5534,/lustre/fsn1/projects/rech/vzf/uqe97pu/raw_data/all_categories/SW_NanaExp_13_Dec_2019_1345pm530.589473778663_531.546557786214.wav
2274,Exp_08_Feb_2020_1345pm,SW_Nana,956.506100248784,957.286804714164,3300.0,16,Whistle5185,/lustre/fsn1/projects/rech/vzf/uqe97pu/raw_data/all_categories/SW_NanaExp_08_Feb_2020_1345pm956.506100248784_957.286804714164.wav
2730,Exp_16_Jan_2020_1145am,SW_Nana,2542.10352559267,2542.71405070682,3300.0,23,Whistle5805,/lustre/fsn1/projects/rech/vzf/uqe97pu/raw_data/all_categories/SW_NanaExp_16_Jan_2020_1145am2542.10352559267_2542.71405070682.wav
2375,Exp_15_Feb_2020_1045am,SW_Nana,3088.4302972904,3089.58646351024,3300.0,16,Whistle5753,/lustre/fsn1/projects/rech/vzf/uqe97pu/raw_data/all_categories/SW_NanaExp_15_Feb_2020_1045am3088.4302972904_3089.58646351024.wav
2733,Exp_17_Jan_2020_1245pm,SW_Nana,3262.7613157529,3263.41116537696,3300.0,23,Whistle5970,/lustre/fsn1/projects/rech/vzf/uqe97pu/raw_data/all_categories/SW_NanaExp_17_Jan_2020_1245pm3262.7613157529_3263.41116537696.wav
2586,Exp_17_Dec_2019_1045am,SW_Nana,623.924349673865,624.794948379367,3300.0,18,Whistle5864,/lustre/fsn1/projects/rech/vzf/uqe97pu/raw_data/all_categories/SW_NanaExp_17_Dec_2019_1045am623.924349673865_624.794948379367.wav
2622,13-11-19-1221,SW_Nana,1217.11838143995,1217.9424875852,3600.0,20,Whistle5219,/lustre/fsn1/projects/rech/vzf/uqe97pu/raw_data/all_categories/SW_Nana13-11-19-12211217.11838143995_1217.9424875852.wav
2605,Exp_13_Dec_2019_1345pm,SW_Nana,1112.95185429861,1113.6915930695,3300.0,19,Whistle5624,/lustre/fsn1/projects/rech/vzf/uqe97pu/raw_data/all_categories/SW_NanaExp_13_Dec_2019_1345pm1112.95185429861_1113.6915930695.wav
2326,Exp_17_Jan_2020_1245pm,SW_Nana,2734.68682565594,2735.65988949632,3300.0,16,Whistle5404,/lustre/fsn1/projects/rech/vzf/uqe97pu/raw_data/all_categories/SW_NanaExp_17_Jan_2020_1245pm2734.68682565594_2735.65988949632.wav
2601,Exp_16_Nov_2019_0845am,SW_Nana,988.098750993635,989.706750993635,3600.0,19,Whistle5378,/lustre/fsn1/projects/rech/vzf/uqe97pu/raw_data/all_categories/SW_NanaExp_16_Nov_2019_0845am988.098750993635_989.706750993635.wav
2704,Exp_17_Dec_2019_1345pm,SW_Nana,673.739956794737,674.566232799465,3300.0,22,Whistle5561,/lustre/fsn1/projects/rech/vzf/uqe97pu/raw_data/all_categories/SW_NanaExp_17_Dec_2019_1345pm673.739956794737_674.566232799465.wav
2319,Exp_21_Nov_2019_1345pm,SW_Nana,536.806166727272,537.773078119677,3600.0,16,Whistle5316,/lustre/fsn1/projects/rech/vzf/uqe97pu/raw_data/all_categories/SW_NanaExp_21_Nov_2019_1345pm536.806166727272_537.773078119677.wav
2277,Exp_09_Jan_2020_0945am,SW_Nana,1535.72829275776,1536.66461928837,3300.0,16,Whistle5199,/lustre/fsn1/projects/rech/vzf/uqe97pu/raw_data/all_categories/SW_NanaExp_09_Jan_2020_0945am1535.72829275776_1536.66461928837.wav
2332,Exp_22_Nov_2019_1145am,SW_Nana,458.729724790386,459.741547042903,3600.0,16,Whistle5449,/lustre/fsn1/projects/rech/vzf/uqe97pu/raw_data/all_categories/SW_NanaExp_22_Nov_2019_1145am458.729724790386_459.741547042903.wav
2582,Exp_12_Feb_2020_1145am,SW_Nana,291.396912611411,292.424412611411,3300.0,18,Whistle5700,/lustre/fsn1/projects/rech/vzf/uqe97pu/raw_data/all_categories/SW_NanaExp_12_Feb_2020_1145am291.396912611411_292.424412611411.wav
2379,Exp_14_Dec_2019_0945am,SW_Nana,701.173595428007,701.73830131036,3300.0,16,Whistle5713,/lustre/fsn1/projects/rech/vzf/uqe97pu/raw_data/all_categories/SW_NanaExp_14_Dec_2019_0945am701.173595428007_701.73830131036.wav
2576,Exp_09_Mar_2020_1545pm,SW_Nana,917.43153319602,918.245864746822,3000.0,18,Whistle5209,/lustre/fsn1/projects/rech/vzf/uqe97pu/raw_data/all_categories/SW_NanaExp_09_Mar_2020_1545pm917.43153319602_918.245864746822.wav
2485,Exp_07_Dec_2019_0945am,SW_Nana,2907.32487139858,2908.04492966566,3300.0,17,Whistle5163,/lustre/fsn1/projects/rech/vzf/uqe97pu/raw_data/all_categories/SW_NanaExp_07_Dec_2019_0945am2907.32487139858_2908.04492966566.wav
2483,Exp_06_Dec_2019_1245pm,SW_Nana,126.277569711734,126.745131695205,3000.0,17,Whistle5150,/lustre/fsn1/projects/rech/vzf/uqe97pu/raw_data/all_categories/SW_NanaExp_06_Dec_2019_1245pm126.277569711734_126.745131695205.wav
2537,Exp_17_Feb_2020_1045am,SW_Nana,868.372632038279,869.479821580763,3300.0,17,Whistle5876,/lustre/fsn1/projects/rech/vzf/uqe97pu/raw_data/all_categories/SW_NanaExp_17_Feb_2020_1045am868.372632038279_869.479821580763.wav
2345,Exp_15_Jan_2020_1345pm,SW_Nana,1244.47117254436,1245.50877875716,3300.0,16,Whistle5549,/lustre/fsn1/projects/rech/vzf/uqe97pu/raw_data/all_categories/SW_NanaExp_15_Jan_2020_1345pm1244.47117254436_1245.50877875716.wav
2511,Exp_17_Feb_2020_1145am,SW_Nana,2950.8518681644,2951.58507745193,3300.0,17,Whistle5438,/lustre/fsn1/projects/rech/vzf/uqe97pu/raw_data/all_categories/SW_NanaExp_17_Feb_2020_1145am2950.8518681644_2951.58507745193.wav
2363,Exp_16_Jan_2020_0945am,SW_Nana,2677.78428992232,2678.48638471399,3300.0,16,Whistle5429,/lustre/fsn1/projects/rech/vzf/uqe97pu/raw_data/all_categories/SW_NanaExp_16_Jan_2020_0945am2677.78428992232_2678.48638471399.wav
2681,Exp_12_Dec_2019_1045am,SW_Nana,3088.50523561603,3088.90022206515,3300.0,22,Whistle5271,/lustre/fsn1/projects/rech/vzf/uqe97pu/raw_data/all_categories/SW_NanaExp_12_Dec_2019_1045am3088.50523561603_3088.90022206515.wav
2523,Exp_14_Jan_2020_1045am,SW_Nana,948.08489645191,948.887361240643,2194.90133333334,17,Whistle5734,/lustre/fsn1/projects/rech/vzf/uqe97pu/raw_data/all_categories/SW_NanaExp_14_Jan_2020_1045am948.08489645191_948.887361240643.wav
2574,Exp_09_Mar_2020_1545pm,SW_Nana,914.026361518175,914.750211785554,3000.0,18,Whistle5206,/lustre/fsn1/projects/rech/vzf/uqe97pu/raw_data/all_categories/SW_NanaExp_09_Mar_2020_1545pm914.026361518175_914.750211785554.wav
2498,Exp_09_Mar_2020_1545pm,SW_Nana,915.024353269084,915.811609083038,3000.0,17,Whistle5212,/lustre/fsn1/projects/rech/vzf/uqe97pu/raw_data/all_categories/SW_NanaExp_09_Mar_2020_1545pm915.024353269084_915.811609083038.wav
2392,Exp_15_Dec_2019_1545pm,SW_Nana,481.387721890904,482.338690246582,3300.0,16,Whistle5743,/lustre/fsn1/projects/rech/vzf/uqe97pu/raw_data/all_categories/SW_NanaExp_15_Dec_2019_1545pm481.387721890904_482.338690246582.wav
2549,Exp_17_Feb_2020_1145am,SW_Nana,2374.29803095027,2375.14826314841,3300.0,17,Whistle5923,/lustre/fsn1/projects/rech/vzf/uqe97pu/raw_data/all_categories/SW_NanaExp_17_Feb_2020_1145am2374.29803095027_2375.14826314841.wav
2257,Exp_06_Dec_2019_1245pm,SW_Nana,239.020797402658,239.734961625532,3000.0,16,Whistle5129,/lustre/fsn1/projects/rech/vzf/uqe97pu/raw_data/all_categories/SW_NanaExp_06_Dec_2019_1245pm239.020797402658_239.734961625532.wav
2755,Exp_17_Dec_2019_1045am,SW_Nana,2475.26872827484,2475.75688355434,3300.0,24,Whistle5477,/lustre/fsn1/projects/rech/vzf/uqe97pu/raw_data/all_categories/SW_NanaExp_17_Dec_2019_1045am2475.26872827484_2475.75688355434.wav
2327,Exp_15_Jan_2020_1345pm,SW_Nana,1246.44678296279,1247.33922671279,3300.0,16,Whistle5370,/lustre/fsn1/projects/rech/vzf/uqe97pu/raw_data/all_categories/SW_NanaExp_15_Jan_2020_1345pm1246.44678296279_1247.33922671279.wav
2377,Exp_13_Feb_2020_1145am,SW_Nana,2456.74402734865,2457.51508107888,3300.0,16,Whistle5711,/lustre/fsn1/projects/rech/vzf/uqe97pu/raw_data/all_categories/SW_NanaExp_13_Feb_2020_1145am2456.74402734865_2457.51508107888.wav
2628,Exp_06_Jan_2020_0845am,SW_Nana,1902.75576713869,1903.69946481311,3300.0,20,Whistle5225,/lustre/fsn1/projects/rech/vzf/uqe97pu/raw_data/all_categories/SW_NanaExp_06_Jan_2020_0845am1902.75576713869_1903.69946481311.wav
2688,Exp_17_Dec_2019_1045am,SW_Nana,2472.22781888922,2472.88565331905,3300.0,22,Whistle5298,/lustre/fsn1/projects/rech/vzf/uqe97pu/raw_data/all_categories/SW_NanaExp_17_Dec_2019_1045am2472.22781888922_2472.88565331905.wav
2558,Exp_05_Jan_2020_1345pm,SW_Nana,1240.99376179928,1242.36654767891,3300.0,18,Whistle5118,/lustre/fsn1/projects/rech/vzf/uqe97pu/raw_data/all_categories/SW_NanaExp_05_Jan_2020_1345pm1240.99376179928_1242.36654767891.wav
2422,Exp_17_Feb_2020_1145am,SW_Nana,2951.98080460784,2952.69017448013,3300.0,16,Whistle5934,/lustre/fsn1/projects/rech/vzf/uqe97pu/raw_data/all_categories/SW_NanaExp_17_Feb_2020_1145am2951.98080460784_2952.69017448013.wav
2286,Exp_01_Jan_2020_1245pm,SW_Nana,3169.31162501133,3170.03540453889,3300.0,16,Whistle5244,/lustre/fsn1/projects/rech/vzf/uqe97pu/raw_data/all_categories/SW_NanaExp_01_Jan_2020_1245pm3169.31162501133_3170.03540453889.wav
2743,Exp_04_Jan_2020_1345pm,SW_Nana,2166.43203451598,2168.06153598226,3300.0,24,Whistle5235,/lustre/fsn1/projects/rech/vzf/uqe97pu/raw_data/all_categories/SW_NanaExp_04_Jan_2020_1345pm2166.43203451598_2168.06153598226.wav
2618,Exp_05_Jan_2020_1345pm,SW_Nana,1026.80311213064,1027.66128520757,3300.0,20,Whistle5121,/lustre/fsn1/projects/rech/vzf/uqe97pu/raw_data/all_categories/SW_NanaExp_05_Jan_2020_1345pm1026.80311213064_1027.66128520757.wav
2696,Exp_13_Dec_2019_1345pm,SW_Nana,521.290686702543,521.549325445013,3300.0,22,Whistle5533,/lustre/fsn1/projects/rech/vzf/uqe97pu/raw_data/all_categories/SW_NanaExp_13_Dec_2019_1345pm521.290686702543_521.549325445013.wav
2407,Exp_16_Jan_2020_1145am,SW_Nana,271.760824123709,273.238706161243,3300.0,16,Whistle5806,/lustre/fsn1/projects/rech/vzf/uqe97pu/raw_data/all_categories/SW_NanaExp_16_Jan_2020_1145am271.760824123709_273.238706161243.wav
2308,Exp_16_Feb_2020_1545pm,SW_Nana,1052.38613022337,1053.88989747597,3300.0,16,Whistle5292,/lustre/fsn1/projects/rech/vzf/uqe97pu/raw_data/all_categories/SW_NanaExp_16_Feb_2020_1545pm1052.38613022337_1053.88989747597.wav
2697,Exp_14_Feb_2020_1145am,SW_Nana,221.240880060275,222.234094867057,3300.0,22,Whistle5538,/lustre/fsn1/projects/rech/vzf/uqe97pu/raw_data/all_categories/SW_NanaExp_14_Feb_2020_1145am221.240880060275_222.234094867057.wav
2249,Exp_04_Jan_2020_1345pm,SW_Nana,2177.55659926242,2178.51720627,3300.0,16,Whistle5099,/lustre/fsn1/projects/rech/vzf/uqe97pu/raw_data/all_categories/SW_NanaExp_04_Jan_2020_1345pm2177.55659926242_2178.51720627.wav
2288,Exp_13_Dec_2019_1245pm,SW_Nana,3001.38819743111,3002.19410157054,3300.0,16,Whistle5250,/lustre/fsn1/projects/rech/vzf/uqe97pu/raw_data/all_categories/SW_NanaExp_13_Dec_2019_1245pm3001.38819743111_3002.19410157054.wav
2720,Exp_05_Jan_2020_1545pm,SW_Nana,366.450998543767,366.949665210433,3300.0,23,Whistle5242,/lustre/fsn1/projects/rech/vzf/uqe97pu/raw_data/all_categories/SW_NanaExp_05_Jan_2020_1545pm366.450998543767_366.949665210433.wav
2478,Exp_06_Dec_2019_1245pm,SW_Nana,139.333057734435,140.202683402884,3000.0,17,Whistle5140,/lustre/fsn1/projects/rech/vzf/uqe97pu/raw_data/all_categories/SW_NanaExp_06_Dec_2019_1245pm139.333057734435_140.202683402884.wav
2447,Exp_21_Nov_2019_1345pm,SW_Nana,1504.93496567011,1506.21711596773,3600.0,16,Whistle6006,/lustre/fsn1/projects/rech/vzf/uqe97pu/raw_data/all_categories/SW_NanaExp_21_Nov_2019_1345pm1504.93496567011_1506.21711596773.wav
2596,Exp_05_Feb_2020_1545pm,SW_Nana,388.471787153818,389.534818324604,3300.0,19,Whistle5114,/lustre/fsn1/projects/rech/vzf/uqe97pu/raw_data/all_categories/SW_NanaExp_05_Feb_2020_1545pm388.471787153818_389.534818324604.wav
2346,Exp_16_Feb_2020_1245pm,SW_Nana,1642.58773113174,1643.78645047359,3300.0,16,Whistle5552,/lustre/fsn1/projects/rech/vzf/uqe97pu/raw_data/all_categories/SW_NanaExp_16_Feb_2020_1245pm1642.58773113174_1643.78645047359.wav
2742,Exp_04_Jan_2020_1045am,SW_Nana,1993.84154082476,1995.39057308283,3300.0,24,Whistle5234,/lustre/fsn1/projects/rech/vzf/uqe97pu/raw_data/all_categories/SW_NanaExp_04_Jan_2020_1045am1993.84154082476_1995.39057308283.wav
2246,Exp_04_Jan_2020_1345pm,SW_Nana,1478.66596208687,1479.49584882874,3300.0,16,Whistle5096,/lustre/fsn1/projects/rech/vzf/uqe97pu/raw_data/all_categories/SW_NanaExp_04_Jan_2020_1345pm1478.66596208687_1479.49584882874.wav
2331,Exp_21_Nov_2019_0945am,SW_Nana,829.313100910383,830.712320453253,3600.0,16,Whistle5445,/lustre/fsn1/projects/rech/vzf/uqe97pu/raw_data/all_categories/SW_NanaExp_21_Nov_2019_0945am829.313100910383_830.712320453253.wav
2244,Exp_04_Jan_2020_1145am,SW_Nana,2414.74981168491,2415.39915964367,3300.0,16,Whistle5094,/lustre/fsn1/projects/rech/vzf/uqe97pu/raw_data/all_categories/SW_NanaExp_04_Jan_2020_1145am2414.74981168491_2415.39915964367.wav
2754,Exp_07_Jan_2020_0945am,SW_Nana,2301.75235613324,2302.16443424506,3300.0,24,Whistle5247,/lustre/fsn1/projects/rech/vzf/uqe97pu/raw_data/all_categories/SW_NanaExp_07_Jan_2020_0945am2301.75235613324_2302.16443424506.wav
2686,Exp_15_Jan_2020_1245pm,SW_Nana,3064.82696593364,3065.73714753741,3300.0,22,Whistle5288,/lustre/fsn1/projects/rech/vzf/uqe97pu/raw_data/all_categories/SW_NanaExp_15_Jan_2020_1245pm3064.82696593364_3065.73714753741.wav
2461,Exp_23_Nov_2019_1145am,SW_Nana,1202.5705649836,1203.38182957504,3000.0,16,Whistle6025,/lustre/fsn1/projects/rech/vzf/uqe97pu/raw_data/all_categories/SW_NanaExp_23_Nov_2019_1145am1202.5705649836_1203.38182957504.wav
2540,Exp_17_Feb_2020_1145am,SW_Nana,2350.80310628076,2351.69431680707,3300.0,17,Whistle5880,/lustre/fsn1/projects/rech/vzf/uqe97pu/raw_data/all_categories/SW_NanaExp_17_Feb_2020_1145am2350.80310628076_2351.69431680707.wav
2440,Exp_21_Nov_2019_0845am,SW_Nana,383.567122231734,384.448726005319,3600.0,16,Whistle5997,/lustre/fsn1/projects/rech/vzf/uqe97pu/raw_data/all_categories/SW_NanaExp_21_Nov_2019_0845am383.567122231734_384.448726005319.wav
2316,Exp_17_Jan_2020_1345pm,SW_Nana,274.798945934321,276.011785065611,3300.0,16,Whistle5309,/lustre/fsn1/projects/rech/vzf/uqe97pu/raw_data/all_categories/SW_NanaExp_17_Jan_2020_1345pm274.798945934321_276.011785065611.wav
2448,Exp_21_Nov_2019_1345pm,SW_Nana,573.337905746848,574.264101033043,3600.0,16,Whistle6010,/lustre/fsn1/projects/rech/vzf/uqe97pu/raw_data/all_categories/SW_NanaExp_21_Nov_2019_1345pm573.337905746848_574.264101033043.wav
2324,Exp_17_Feb_2020_1145am,SW_Nana,2492.27804042697,2492.98250517056,3300.0,16,Whistle5355,/lustre/fsn1/projects/rech/vzf/uqe97pu/raw_data/all_categories/SW_NanaExp_17_Feb_2020_1145am2492.27804042697_2492.98250517056.wav
2300,Exp_13_Dec_2019_1545pm,SW_Nana,567.810644869065,568.626462613821,3300.0,16,Whistle5276,/lustre/fsn1/projects/rech/vzf/uqe97pu/raw_data/all_categories/SW_NanaExp_13_Dec_2019_1545pm567.810644869065_568.626462613821.wav
2532,Exp_17_Dec_2019_1045am,SW_Nana,2466.63376803376,2467.56397007613,3300.0,17,Whistle5842,/lustre/fsn1/projects/rech/vzf/uqe97pu/raw_data/all_categories/SW_NanaExp_17_Dec_2019_1045am2466.63376803376_2467.56397007613.wav
2729,Exp_14_Feb_2020_1345pm,SW_Nana,813.499324485771,813.918495340042,3300.0,23,Whistle5725,/lustre/fsn1/projects/rech/vzf/uqe97pu/raw_data/all_categories/SW_NanaExp_14_Feb_2020_1345pm813.499324485771_813.918495340042.wav
2515,Exp_14_Dec_2019_0945am,SW_Nana,1033.89134841642,1034.54333856421,3300.0,17,Whistle5630,/lustre/fsn1/projects/rech/vzf/uqe97pu/raw_data/all_categories/SW_NanaExp_14_Dec_2019_0945am1033.89134841642_1034.54333856421.wav
2360,Exp_17_Jan_2020_1045am,SW_Nana,2137.79147997418,2138.43375863031,3300.0,16,Whistle5640,/lustre/fsn1/projects/rech/vzf/uqe97pu/raw_data/all_categories/SW_NanaExp_17_Jan_2020_1045am2137.79147997418_2138.43375863031.wav
2299,Exp_12_Feb_2020_1145am,SW_Nana,1788.87084072193,1790.20126356143,3300.0,16,Whistle5272,/lustre/fsn1/projects/rech/vzf/uqe97pu/raw_data/all_categories/SW_NanaExp_12_Feb_2020_1145am1788.87084072193_1790.20126356143.wav
2680,Exp_23_Nov_2019_1545pm,SW_Nana,397.295586514261,397.975619860298,3000.0,22,Whistle5266,/lustre/fsn1/projects/rech/vzf/uqe97pu/raw_data/all_categories/SW_NanaExp_23_Nov_2019_1545pm397.295586514261_397.975619860298.wav
2253,Exp_04_Jan_2020_1345pm,SW_Nana,1477.37947811963,1478.2900818348,3300.0,16,Whistle5107,/lustre/fsn1/projects/rech/vzf/uqe97pu/raw_data/all_categories/SW_NanaExp_04_Jan_2020_1345pm1477.37947811963_1478.2900818348.wav
2649,Exp_11_Jan_2020_0945am,SW_Nana,537.226040390853,537.76125034231,3300.0,20,Whistle5619,/lustre/fsn1/projects/rech/vzf/uqe97pu/raw_data/all_categories/SW_NanaExp_11_Jan_2020_0945am537.226040390853_537.76125034231.wav
2399,Exp_15_Jan_2020_1045am,SW_Nana,2512.74389469383,2513.68536528207,3300.0,16,Whistle5772,/lustre/fsn1/projects/rech/vzf/uqe97pu/raw_data/all_categories/SW_NanaExp_15_Jan_2020_1045am2512.74389469383_2513.68536528207.wav
2736,Exp_17_Dec_2019_1045am,SW_Nana,2460.97162467411,2461.18016336459,3300.0,24,Whistle5474,/lustre/fsn1/projects/rech/vzf/uqe97pu/raw_data/all_categories/SW_NanaExp_17_Dec_2019_1045am2460.97162467411_2461.18016336459.wav
2486,Exp_07_Dec_2019_1345pm,SW_Nana,1990.75347775026,1991.55346207627,3300.0,17,Whistle5164,/lustre/fsn1/projects/rech/vzf/uqe97pu/raw_data/all_categories/SW_NanaExp_07_Dec_2019_1345pm1990.75347775026_1991.55346207627.wav
2599,Exp_11_Mar_2020_1145am,SW_Nana,139.384992926942,140.251273059583,3000.0,19,Whistle5248,/lustre/fsn1/projects/rech/vzf/uqe97pu/raw_data/all_categories/SW_NanaExp_11_Mar_2020_1145am139.384992926942_140.251273059583.wav
2546,Exp_24_Nov_2019_0945am,SW_Nana,1033.81892900188,1035.29178422976,3000.0,17,Whistle6028,/lustre/fsn1/projects/rech/vzf/uqe97pu/raw_data/all_categories/SW_NanaExp_24_Nov_2019_0945am1033.81892900188_1035.29178422976.wav
2322,Exp_28_Nov_2019_0945am,SW_Nana,1065.7083018073,1066.52487016667,3000.0,16,Whistle5323,/lustre/fsn1/projects/rech/vzf/uqe97pu/raw_data/all_categories/SW_NanaExp_28_Nov_2019_0945am1065.7083018073_1066.52487016667.wav
2243,Exp_04_Jan_2020_1145am,SW_Nana,27.9800860002606,29.0211563814923,3300.0,16,Whistle5093,/lustre/fsn1/projects/rech/vzf/uqe97pu/raw_data/all_categories/SW_NanaExp_04_Jan_2020_1145am27.9800860002606_29.0211563814923.wav
2479,Exp_06_Dec_2019_1245pm,SW_Nana,156.768142572596,157.587500861367,3000.0,17,Whistle5141,/lustre/fsn1/projects/rech/vzf/uqe97pu/raw_data/all_categories/SW_NanaExp_06_Dec_2019_1245pm156.768142572596_157.587500861367.wav
2520,Exp_12_Feb_2020_1145am,SW_Nana,290.271656233515,291.318115860844,3300.0,17,Whistle5697,/lustre/fsn1/projects/rech/vzf/uqe97pu/raw_data/all_categories/SW_NanaExp_12_Feb_2020_1145am290.271656233515_291.318115860844.wav
2480,Exp_09_Mar_2020_1545pm,SW_Nana,926.619401562922,927.634703400192,3000.0,17,Whistle5202,/lustre/fsn1/projects/rech/vzf/uqe97pu/raw_data/all_categories/SW_NanaExp_09_Mar_2020_1545pm926.619401562922_927.634703400192.wav
2412,Exp_16_Nov_2019_1045am,SW_Nana,2394.2552380473,2395.06960917263,3600.0,16,Whistle5823,/lustre/fsn1/projects/rech/vzf/uqe97pu/raw_data/all_categories/SW_NanaExp_16_Nov_2019_1045am2394.2552380473_2395.06960917263.wav
2397,Exp_15_Feb_2020_1045am,SW_Nana,3082.84088829223,3083.53146319907,3300.0,16,Whistle5758,/lustre/fsn1/projects/rech/vzf/uqe97pu/raw_data/all_categories/SW_NanaExp_15_Feb_2020_1045am3082.84088829223_3083.53146319907.wav
2285,Exp_07_Dec_2019_1245pm,SW_Nana,497.878922555251,498.46759026685,3300.0,16,Whistle5237,/lustre/fsn1/projects/rech/vzf/uqe97pu/raw_data/all_categories/SW_NanaExp_07_Dec_2019_1245pm497.878922555251_498.46759026685.wav
2295,Exp_21_Nov_2019_1345pm,SW_Nana,1091.96811996594,1092.90986128539,3600.0,16,Whistle5264,/lustre/fsn1/projects/rech/vzf/uqe97pu/raw_data/all_categories/SW_NanaExp_21_Nov_2019_1345pm1091.96811996594_1092.90986128539.wav
2703,Exp_17_Dec_2019_1145am,SW_Nana,3253.70629516647,3254.47311012211,3300.0,22,Whistle5560,/lustre/fsn1/projects/rech/vzf/uqe97pu/raw_data/all_categories/SW_NanaExp_17_Dec_2019_1145am3253.70629516647_3254.47311012211.wav
2454,Exp_22_Nov_2019_1245pm,SW_Nana,440.847293157248,441.578489738445,3600.0,16,Whistle6020,/lustre/fsn1/projects/rech/vzf/uqe97pu/raw_data/all_categories/SW_NanaExp_22_Nov_2019_1245pm440.847293157248_441.578489738445.wav
2714,Exp_16_Feb_2020_1245pm,SW_Nana,1638.65145109805,1639.41695834443,3300.0,22,Whistle5788,/lustre/fsn1/projects/rech/vzf/uqe97pu/raw_data/all_categories/SW_NanaExp_16_Feb_2020_1245pm1638.65145109805_1639.41695834443.wav
2290,Exp_15_Feb_2020_1045am,SW_Nana,289.84419775022,290.801679280953,3300.0,16,Whistle5252,/lustre/fsn1/projects/rech/vzf/uqe97pu/raw_data/all_categories/SW_NanaExp_15_Feb_2020_1045am289.84419775022_290.801679280953.wav
2687,Exp_16_Nov_2019_0545am,SW_Nana,1999.06105948164,1999.60770992412,3600.0,22,Whistle5296,/lustre/fsn1/projects/rech/vzf/uqe97pu/raw_data/all_categories/SW_NanaExp_16_Nov_2019_0545am1999.06105948164_1999.60770992412.wav
2738,Exp_17_Feb_2020_1145am,SW_Nana,2352.1756105584,2352.57232359193,3300.0,24,Whistle5487,/lustre/fsn1/projects/rech/vzf/uqe97pu/raw_data/all_categories/SW_NanaExp_17_Feb_2020_1145am2352.1756105584_2352.57232359193.wav
2700,Exp_16_Dec_2019_1345pm,SW_Nana,837.795564198169,838.626948126741,3300.0,22,Whistle5551,/lustre/fsn1/projects/rech/vzf/uqe97pu/raw_data/all_categories/SW_NanaExp_16_Dec_2019_1345pm837.795564198169_838.626948126741.wav
2589,Exp_17_Jan_2020_1045am,SW_Nana,2997.16535457257,2998.36332273032,3300.0,18,Whistle5962,/lustre/fsn1/projects/rech/vzf/uqe97pu/raw_data/all_categories/SW_NanaExp_17_Jan_2020_1045am2997.16535457257_2998.36332273032.wav
2306,Exp_16_Dec_2019_1545pm,SW_Nana,806.041254390228,807.032676987327,3300.0,16,Whistle5290,/lustre/fsn1/projects/rech/vzf/uqe97pu/raw_data/all_categories/SW_NanaExp_16_Dec_2019_1545pm806.041254390228_807.032676987327.wav
2598,Exp_08_Jan_2020_1345pm,SW_Nana,1879.22243434466,1880.0041734751,3300.0,19,Whistle5188,/lustre/fsn1/projects/rech/vzf/uqe97pu/raw_data/all_categories/SW_NanaExp_08_Jan_2020_1345pm1879.22243434466_1880.0041734751.wav
2690,Exp_26_Nov_2019_1345pm,SW_Nana,442.385378502834,443.216246375641,3000.0,22,Whistle5318,/lustre/fsn1/projects/rech/vzf/uqe97pu/raw_data/all_categories/SW_NanaExp_26_Nov_2019_1345pm442.385378502834_443.216246375641.wav
2505,Exp_16_Nov_2019_1045am,SW_Nana,2389.61682433271,2390.559178194,3600.0,17,Whistle5379,/lustre/fsn1/projects/rech/vzf/uqe97pu/raw_data/all_categories/SW_NanaExp_16_Nov_2019_1045am2389.61682433271_2390.559178194.wav
2577,Exp_14_Dec_2019_0945am,SW_Nana,1034.60545780711,1035.82105034891,3300.0,18,Whistle5362,/lustre/fsn1/projects/rech/vzf/uqe97pu/raw_data/all_categories/SW_NanaExp_14_Dec_2019_0945am1034.60545780711_1035.82105034891.wav
2539,Exp_17_Feb_2020_1145am,SW_Nana,2362.88716087018,2363.70343993995,3300.0,17,Whistle5879,/lustre/fsn1/projects/rech/vzf/uqe97pu/raw_data/all_categories/SW_NanaExp_17_Feb_2020_1145am2362.88716087018_2363.70343993995.wav
2263,Exp_07_Dec_2019_0845am,SW_Nana,1112.72837311628,1113.71947218749,3300.0,16,Whistle5160,/lustre/fsn1/projects/rech/vzf/uqe97pu/raw_data/all_categories/SW_NanaExp_07_Dec_2019_0845am1112.72837311628_1113.71947218749.wav
2264,Exp_07_Dec_2019_0945am,SW_Nana,2984.41404428498,2985.26902962223,3300.0,16,Whistle5161,/lustre/fsn1/projects/rech/vzf/uqe97pu/raw_data/all_categories/SW_NanaExp_07_Dec_2019_0945am2984.41404428498_2985.26902962223.wav
2600,Exp_16_Feb_2020_1545pm,SW_Nana,188.891812670959,190.374974337626,3300.0,19,Whistle5374,/lustre/fsn1/projects/rech/vzf/uqe97pu/raw_data/all_categories/SW_NanaExp_16_Feb_2020_1545pm188.891812670959_190.374974337626.wav
2437,Exp_19_Nov_2019_1545pm,SW_Nana,697.808462374329,698.694558683441,3600.0,16,Whistle5992,/lustre/fsn1/projects/rech/vzf/uqe97pu/raw_data/all_categories/SW_NanaExp_19_Nov_2019_1545pm697.808462374329_698.694558683441.wav
2643,Exp_17_Feb_2020_1145am,SW_Nana,2441.61085399212,2442.07370029588,3300.0,20,Whistle5499,/lustre/fsn1/projects/rech/vzf/uqe97pu/raw_data/all_categories/SW_NanaExp_17_Feb_2020_1145am2441.61085399212_2442.07370029588.wav
2656,Exp_17_Feb_2020_1545pm,SW_Nana,306.38592904827,306.841131360409,3300.0,20,Whistle5662,/lustre/fsn1/projects/rech/vzf/uqe97pu/raw_data/all_categories/SW_NanaExp_17_Feb_2020_1545pm306.38592904827_306.841131360409.wav
2713,Exp_11_Jan_2020_1145am,SW_Nana,1016.98975649897,1017.50463688175,3300.0,22,Whistle5676,/lustre/fsn1/projects/rech/vzf/uqe97pu/raw_data/all_categories/SW_NanaExp_11_Jan_2020_1145am1016.98975649897_1017.50463688175.wav
2685,Exp_15_Feb_2020_0945am,SW_Nana,362.885102703625,363.64557203842,3300.0,22,Whistle5286,/lustre/fsn1/projects/rech/vzf/uqe97pu/raw_data/all_categories/SW_NanaExp_15_Feb_2020_0945am362.885102703625_363.64557203842.wav
2516,Exp_17_Feb_2020_1145am,SW_Nana,2341.10709608211,2341.86574191544,3300.0,17,Whistle5638,/lustre/fsn1/projects/rech/vzf/uqe97pu/raw_data/all_categories/SW_NanaExp_17_Feb_2020_1145am2341.10709608211_2341.86574191544.wav
2750,Exp_08_Dec_2019_1545pm,SW_Nana,1064.67589977626,1065.72146127359,3300.0,24,Whistle5245,/lustre/fsn1/projects/rech/vzf/uqe97pu/raw_data/all_categories/SW_NanaExp_08_Dec_2019_1545pm1064.67589977626_1065.72146127359.wav
2526,Exp_17_Feb_2020_1145am,SW_Nana,2489.90879110632,2490.7693976637,3300.0,17,Whistle5896,/lustre/fsn1/projects/rech/vzf/uqe97pu/raw_data/all_categories/SW_NanaExp_17_Feb_2020_1145am2489.90879110632_2490.7693976637.wav
2381,Exp_14_Feb_2020_1145am,SW_Nana,674.273367191798,675.219438025131,3300.0,16,Whistle5723,/lustre/fsn1/projects/rech/vzf/uqe97pu/raw_data/all_categories/SW_NanaExp_14_Feb_2020_1145am674.273367191798_675.219438025131.wav
2662,Exp_15_Feb_2020_0945am,SW_Nana,420.489608140227,420.970165800159,3300.0,21,Whistle5459,/lustre/fsn1/projects/rech/vzf/uqe97pu/raw_data/all_categories/SW_NanaExp_15_Feb_2020_0945am420.489608140227_420.970165800159.wav
2334,Exp_11_Dec_2019_1145am,SW_Nana,2407.44982110929,2408.58758572918,3300.0,16,Whistle5522,/lustre/fsn1/projects/rech/vzf/uqe97pu/raw_data/all_categories/SW_NanaExp_11_Dec_2019_1145am2407.44982110929_2408.58758572918.wav
2550,Exp_17_Feb_2020_1145am,SW_Nana,2370.04996953494,2370.86599183977,3300.0,17,Whistle5944,/lustre/fsn1/projects/rech/vzf/uqe97pu/raw_data/all_categories/SW_NanaExp_17_Feb_2020_1145am2370.04996953494_2370.86599183977.wav
2371,Exp_11_Mar_2020_1145am,SW_Nana,195.872603855021,196.632865179063,3000.0,16,Whistle5681,/lustre/fsn1/projects/rech/vzf/uqe97pu/raw_data/all_categories/SW_NanaExp_11_Mar_2020_1145am195.872603855021_196.632865179063.wav
2698,Exp_15_Dec_2019_0845am,SW_Nana,205.107166539793,205.99424823914,3300.0,22,Whistle5540,/lustre/fsn1/projects/rech/vzf/uqe97pu/raw_data/all_categories/SW_NanaExp_15_Dec_2019_0845am205.107166539793_205.99424823914.wav
2631,Exp_02_Jan_2020_1045am,SW_Nana,153.565198098565,154.184892755053,3300.0,20,Whistle5233,/lustre/fsn1/projects/rech/vzf/uqe97pu/raw_data/all_categories/SW_NanaExp_02_Jan_2020_1045am153.565198098565_154.184892755053.wav
2654,Exp_16_Feb_2020_1245pm,SW_Nana,1640.8890362029,1641.50510602787,3300.0,20,Whistle5650,/lustre/fsn1/projects/rech/vzf/uqe97pu/raw_data/all_categories/SW_NanaExp_16_Feb_2020_1245pm1640.8890362029_1641.50510602787.wav
2328,Exp_11_Mar_2020_1145am,SW_Nana,82.8588381170795,83.4833864326823,3000.0,16,Whistle5412,/lustre/fsn1/projects/rech/vzf/uqe97pu/raw_data/all_categories/SW_NanaExp_11_Mar_2020_1145am82.8588381170795_83.4833864326823.wav
2242,Exp_04_Jan_2020_1145am,SW_Nana,539.961636853445,540.702546617501,3300.0,16,Whistle5092,/lustre/fsn1/projects/rech/vzf/uqe97pu/raw_data/all_categories/SW_NanaExp_04_Jan_2020_1145am539.961636853445_540.702546617501.wav
2456,Exp_23_Nov_2019_0945am,SW_Nana,287.742153056102,288.889132796163,3000.0,16,Whistle6022,/lustre/fsn1/projects/rech/vzf/uqe97pu/raw_data/all_categories/SW_NanaExp_23_Nov_2019_0945am287.742153056102_288.889132796163.wav
2362,Exp_22_Nov_2019_1545pm,SW_Nana,75.0302521008403,75.8639536939776,3000.0,16,Whistle5644,/lustre/fsn1/projects/rech/vzf/uqe97pu/raw_data/all_categories/SW_NanaExp_22_Nov_2019_1545pm75.0302521008403_75.8639536939776.wav
2317,Exp_19_Nov_2019_1145am,SW_Nana,2360.40424654197,2362.42076677817,3600.0,16,Whistle5311,/lustre/fsn1/projects/rech/vzf/uqe97pu/raw_data/all_categories/SW_NanaExp_19_Nov_2019_1145am2360.40424654197_2362.42076677817.wav
2443,Exp_21_Nov_2019_0945am,SW_Nana,2062.47690366534,2063.47858151769,3600.0,16,Whistle6000,/lustre/fsn1/projects/rech/vzf/uqe97pu/raw_data/all_categories/SW_NanaExp_21_Nov_2019_0945am2062.47690366534_2063.47858151769.wav
2464,Exp_01_Feb_2020_1145am,SW_Nana,3037.86684156029,3038.69701936201,3300.0,17,Whistle5084,/lustre/fsn1/projects/rech/vzf/uqe97pu/raw_data/all_categories/SW_NanaExp_01_Feb_2020_1145am3037.86684156029_3038.69701936201.wav
2336,Exp_14_Jan_2020_1045am,SW_Nana,755.501394622784,756.403316813945,2194.90133333334,16,Whistle5539,/lustre/fsn1/projects/rech/vzf/uqe97pu/raw_data/all_categories/SW_NanaExp_14_Jan_2020_1045am755.501394622784_756.403316813945.wav
2395,Exp_14_Jan_2020_1045am,SW_Nana,757.92525131906,758.609799814044,2194.90133333334,16,Whistle5733,/lustre/fsn1/projects/rech/vzf/uqe97pu/raw_data/all_categories/SW_NanaExp_14_Jan_2020_1045am757.92525131906_758.609799814044.wav
2651,Exp_14_Jan_2020_1245pm,SW_Nana,1799.17865821871,1799.75959051037,3300.0,20,Whistle5631,/lustre/fsn1/projects/rech/vzf/uqe97pu/raw_data/all_categories/SW_NanaExp_14_Jan_2020_1245pm1799.17865821871_1799.75959051037.wav
2433,Exp_17_Jan_2020_1545pm,SW_Nana,227.526869626313,228.784633601468,3300.0,16,Whistle5977,/lustre/fsn1/projects/rech/vzf/uqe97pu/raw_data/all_categories/SW_NanaExp_17_Jan_2020_1545pm227.526869626313_228.784633601468.wav
2694,Exp_11_Dec_2019_1145am,SW_Nana,84.6584854079012,85.3289226185493,3300.0,22,Whistle5524,/lustre/fsn1/projects/rech/vzf/uqe97pu/raw_data/all_categories/SW_NanaExp_11_Dec_2019_1145am84.6584854079012_85.3289226185493.wav
2370,Exp_11_Mar_2020_1145am,SW_Nana,79.637946088895,80.3624886756457,3000.0,16,Whistle5678,/lustre/fsn1/projects/rech/vzf/uqe97pu/raw_data/all_categories/SW_NanaExp_11_Mar_2020_1145am79.637946088895_80.3624886756457.wav
2297,Exp_11_Dec_2019_1145am,SW_Nana,47.1934625352571,48.2652791768234,3300.0,16,Whistle5267,/lustre/fsn1/projects/rech/vzf/uqe97pu/raw_data/all_categories/SW_NanaExp_11_Dec_2019_1145am47.1934625352571_48.2652791768234.wav
2452,Exp_22_Nov_2019_0845am,SW_Nana,865.05397628047,865.940130126624,3600.0,16,Whistle6017,/lustre/fsn1/projects/rech/vzf/uqe97pu/raw_data/all_categories/SW_NanaExp_22_Nov_2019_0845am865.05397628047_865.940130126624.wav
2283,Exp_02_Jan_2020_1045am,SW_Nana,1748.3463166771,1749.14104721602,3300.0,16,Whistle5216,/lustre/fsn1/projects/rech/vzf/uqe97pu/raw_data/all_categories/SW_NanaExp_02_Jan_2020_1045am1748.3463166771_1749.14104721602.wav
2455,Exp_22_Nov_2019_1345pm,SW_Nana,1009.24447185501,1009.94022784459,3600.0,16,Whistle6021,/lustre/fsn1/projects/rech/vzf/uqe97pu/raw_data/all_categories/SW_NanaExp_22_Nov_2019_1345pm1009.24447185501_1009.94022784459.wav
2463,Exp_02_Jan_2020_1345pm,SW_Nana,1848.92652560886,1850.21056816205,3300.0,17,Whistle5080,/lustre/fsn1/projects/rech/vzf/uqe97pu/raw_data/all_categories/SW_NanaExp_02_Jan_2020_1345pm1848.92652560886_1850.21056816205.wav
2502,Exp_21_Nov_2019_1145am,SW_Nana,2445.3639458864,2446.76800450812,3600.0,17,Whistle5315,/lustre/fsn1/projects/rech/vzf/uqe97pu/raw_data/all_categories/SW_NanaExp_21_Nov_2019_1145am2445.3639458864_2446.76800450812.wav
2569,Exp_06_Dec_2019_1245pm,SW_Nana,93.8053133510445,94.6663557538713,3000.0,18,Whistle5155,/lustre/fsn1/projects/rech/vzf/uqe97pu/raw_data/all_categories/SW_NanaExp_06_Dec_2019_1245pm93.8053133510445_94.6663557538713.wav
2398,Exp_15_Feb_2020_1345pm,SW_Nana,451.398350535493,452.180031569976,3300.0,16,Whistle5768,/lustre/fsn1/projects/rech/vzf/uqe97pu/raw_data/all_categories/SW_NanaExp_15_Feb_2020_1345pm451.398350535493_452.180031569976.wav
2545,Exp_21_Nov_2019_1345pm,SW_Nana,1834.11549725615,1835.22642218912,3600.0,17,Whistle6007,/lustre/fsn1/projects/rech/vzf/uqe97pu/raw_data/all_categories/SW_NanaExp_21_Nov_2019_1345pm1834.11549725615_1835.22642218912.wav
2715,Exp_16_Nov_2019_1345pm,SW_Nana,95.2214523043718,96.4783583817199,3600.0,22,Whistle5828,/lustre/fsn1/projects/rech/vzf/uqe97pu/raw_data/all_categories/SW_NanaExp_16_Nov_2019_1345pm95.2214523043718_96.4783583817199.wav
2705,Exp_17_Jan_2020_1045am,SW_Nana,2995.09714052527,2995.91327522744,3300.0,22,Whistle5565,/lustre/fsn1/projects/rech/vzf/uqe97pu/raw_data/all_categories/SW_NanaExp_17_Jan_2020_1045am2995.09714052527_2995.91327522744.wav
2373,Exp_12_Dec_2019_1245pm,SW_Nana,1813.44674536514,1814.44381679371,3300.0,16,Whistle5687,/lustre/fsn1/projects/rech/vzf/uqe97pu/raw_data/all_categories/SW_NanaExp_12_Dec_2019_1245pm1813.44674536514_1814.44381679371.wav
2611,Exp_16_Nov_2019_1045am,SW_Nana,1941.31152910084,1941.91193819175,3600.0,19,Whistle5819,/lustre/fsn1/projects/rech/vzf/uqe97pu/raw_data/all_categories/SW_NanaExp_16_Nov_2019_1045am1941.31152910084_1941.91193819175.wav
2281,Exp_10_Feb_2020_1545pm,SW_Nana,279.265847472265,280.287132301986,3300.0,16,Whistle5214,/lustre/fsn1/projects/rech/vzf/uqe97pu/raw_data/all_categories/SW_NanaExp_10_Feb_2020_1545pm279.265847472265_280.287132301986.wav
2446,Exp_21_Nov_2019_0945am,SW_Nana,827.633536478469,828.529489655726,3600.0,16,Whistle6003,/lustre/fsn1/projects/rech/vzf/uqe97pu/raw_data/all_categories/SW_NanaExp_21_Nov_2019_0945am827.633536478469_828.529489655726.wav
2254,Exp_05_Feb_2020_1545pm,SW_Nana,568.506723353707,569.357452167266,3300.0,16,Whistle5115,/lustre/fsn1/projects/rech/vzf/uqe97pu/raw_data/all_categories/SW_NanaExp_05_Feb_2020_1545pm568.506723353707_569.357452167266.wav
2250,Exp_04_Jan_2020_1345pm,SW_Nana,2193.04801084954,2193.84215783116,3300.0,16,Whistle5102,/lustre/fsn1/projects/rech/vzf/uqe97pu/raw_data/all_categories/SW_NanaExp_04_Jan_2020_1345pm2193.04801084954_2193.84215783116.wav
2364,Exp_11_Jan_2020_0945am,SW_Nana,536.752873839545,537.75927027192,3300.0,16,Whistle5671,/lustre/fsn1/projects/rech/vzf/uqe97pu/raw_data/all_categories/SW_NanaExp_11_Jan_2020_0945am536.752873839545_537.75927027192.wav
2739,Exp_17_Dec_2019_0945am,SW_Nana,910.145679386975,910.321990248399,3300.0,24,Whistle5660,/lustre/fsn1/projects/rech/vzf/uqe97pu/raw_data/all_categories/SW_NanaExp_17_Dec_2019_0945am910.145679386975_910.321990248399.wav
2482,Exp_06_Dec_2019_1245pm,SW_Nana,111.796024466622,112.611045170956,3000.0,17,Whistle5148,/lustre/fsn1/projects/rech/vzf/uqe97pu/raw_data/all_categories/SW_NanaExp_06_Dec_2019_1245pm111.796024466622_112.611045170956.wav
2245,Exp_04_Jan_2020_1145am,SW_Nana,25.0600771517489,25.8901855108821,3300.0,16,Whistle5095,/lustre/fsn1/projects/rech/vzf/uqe97pu/raw_data/all_categories/SW_NanaExp_04_Jan_2020_1145am25.0600771517489_25.8901855108821.wav
2293,Exp_17_Dec_2019_1345pm,SW_Nana,476.949013798394,478.107002477386,3300.0,16,Whistle5257,/lustre/fsn1/projects/rech/vzf/uqe97pu/raw_data/all_categories/SW_NanaExp_17_Dec_2019_1345pm476.949013798394_478.107002477386.wav
2271,Exp_01_Jan_2020_1345pm,SW_Nana,1108.31079149859,1109.31613909217,3300.0,16,Whistle5181,/lustre/fsn1/projects/rech/vzf/uqe97pu/raw_data/all_categories/SW_NanaExp_01_Jan_2020_1345pm1108.31079149859_1109.31613909217.wav
2391,Exp_15_Dec_2019_1545pm,SW_Nana,932.213081229493,933.365405144562,3300.0,16,Whistle5742,/lustre/fsn1/projects/rech/vzf/uqe97pu/raw_data/all_categories/SW_NanaExp_15_Dec_2019_1545pm932.213081229493_933.365405144562.wav
2462,Exp_01_Feb_2020_1045am,SW_Nana,2985.18470259845,2986.47169713397,3300.0,17,Whistle5078,/lustre/fsn1/projects/rech/vzf/uqe97pu/raw_data/all_categories/SW_NanaExp_01_Feb_2020_1045am2985.18470259845_2986.47169713397.wav
2629,Exp_07_Jan_2020_1345pm,SW_Nana,529.025016145317,529.721556429677,3300.0,20,Whistle5227,/lustre/fsn1/projects/rech/vzf/uqe97pu/raw_data/all_categories/SW_NanaExp_07_Jan_2020_1345pm529.025016145317_529.721556429677.wav
2372,Exp_11_Mar_2020_1145am,SW_Nana,235.587141218154,236.578819184256,3000.0,16,Whistle5682,/lustre/fsn1/projects/rech/vzf/uqe97pu/raw_data/all_categories/SW_NanaExp_11_Mar_2020_1145am235.587141218154_236.578819184256.wav
2659,Exp_08_Dec_2019_1045am,SW_Nana,1768.00204677456,1768.62187532848,3300.0,21,Whistle5228,/lustre/fsn1/projects/rech/vzf/uqe97pu/raw_data/all_categories/SW_NanaExp_08_Dec_2019_1045am1768.00204677456_1768.62187532848.wav
2757,Exp_08_Feb_2020_1345pm,SW_Nana,632.967234599592,634.451540593283,3300.0,24,Whistle5186,/lustre/fsn1/projects/rech/vzf/uqe97pu/raw_data/all_categories/SW_NanaExp_08_Feb_2020_1345pm632.967234599592_634.451540593283.wav
2471,Exp_05_Jan_2020_1145am,SW_Nana,3166.57069251304,3168.23956951838,3300.0,17,Whistle5116,/lustre/fsn1/projects/rech/vzf/uqe97pu/raw_data/all_categories/SW_NanaExp_05_Jan_2020_1145am3166.57069251304_3168.23956951838.wav
2460,Exp_28_Nov_2019_1545pm,SW_Nana,328.253137872815,329.198789399341,3000.0,16,Whistle6044,/lustre/fsn1/projects/rech/vzf/uqe97pu/raw_data/all_categories/SW_NanaExp_28_Nov_2019_1545pm328.253137872815_329.198789399341.wav
2695,Exp_13_Dec_2019_1145am,SW_Nana,52.1095424880149,52.6617880306506,3300.0,22,Whistle5532,/lustre/fsn1/projects/rech/vzf/uqe97pu/raw_data/all_categories/SW_NanaExp_13_Dec_2019_1145am52.1095424880149_52.6617880306506.wav
2425,Exp_17_Feb_2020_1545pm,SW_Nana,305.887186098959,306.843167165521,3300.0,16,Whistle5959,/lustre/fsn1/projects/rech/vzf/uqe97pu/raw_data/all_categories/SW_NanaExp_17_Feb_2020_1545pm305.887186098959_306.843167165521.wav
2408,Exp_16_Jan_2020_1245pm,SW_Nana,1645.26637356698,1646.20299278406,3300.0,16,Whistle5812,/lustre/fsn1/projects/rech/vzf/uqe97pu/raw_data/all_categories/SW_NanaExp_16_Jan_2020_1245pm1645.26637356698_1646.20299278406.wav
2419,Exp_17_Dec_2019_1045am,SW_Nana,2479.71366683307,2480.45413151708,3300.0,16,Whistle5847,/lustre/fsn1/projects/rech/vzf/uqe97pu/raw_data/all_categories/SW_NanaExp_17_Dec_2019_1045am2479.71366683307_2480.45413151708.wav
2521,Exp_17_Feb_2020_1145am,SW_Nana,2439.93414269305,2440.86113889076,3300.0,17,Whistle5893,/lustre/fsn1/projects/rech/vzf/uqe97pu/raw_data/all_categories/SW_NanaExp_17_Feb_2020_1145am2439.93414269305_2440.86113889076.wav
2424,Exp_17_Feb_2020_1145am,SW_Nana,2493.24976674317,2493.95144943548,3300.0,16,Whistle5953,/lustre/fsn1/projects/rech/vzf/uqe97pu/raw_data/all_categories/SW_NanaExp_17_Feb_2020_1145am2493.24976674317_2493.95144943548.wav
2330,Exp_19_Nov_2019_1345pm,SW_Nana,3562.7798477771,3563.41206013993,3600.0,16,Whistle5443,/lustre/fsn1/projects/rech/vzf/uqe97pu/raw_data/all_categories/SW_NanaExp_19_Nov_2019_1345pm3562.7798477771_3563.41206013993.wav
2342,Exp_15_Feb_2020_0945am,SW_Nana,130.202162736883,131.340485683058,3300.0,16,Whistle5543,/lustre/fsn1/projects/rech/vzf/uqe97pu/raw_data/all_categories/SW_NanaExp_15_Feb_2020_0945am130.202162736883_131.340485683058.wav
2413,Exp_16_Nov_2019_1045am,SW_Nana,2396.84665846294,2398.06939731644,3600.0,16,Whistle5824,/lustre/fsn1/projects/rech/vzf/uqe97pu/raw_data/all_categories/SW_NanaExp_16_Nov_2019_1045am2396.84665846294_2398.06939731644.wav
2510,Exp_17_Feb_2020_1145am,SW_Nana,2363.9643595073,2364.7030627636,3300.0,17,Whistle5436,/lustre/fsn1/projects/rech/vzf/uqe97pu/raw_data/all_categories/SW_NanaExp_17_Feb_2020_1145am2363.9643595073_2364.7030627636.wav
2394,Exp_15_Feb_2020_0945am,SW_Nana,423.587026871279,424.724023775304,3300.0,16,Whistle5749,/lustre/fsn1/projects/rech/vzf/uqe97pu/raw_data/all_categories/SW_NanaExp_15_Feb_2020_0945am423.587026871279_424.724023775304.wav
2357,Exp_17_Feb_2020_1145am,SW_Nana,2953.98284660869,2954.8135062393,3300.0,16,Whistle5597,/lustre/fsn1/projects/rech/vzf/uqe97pu/raw_data/all_categories/SW_NanaExp_17_Feb_2020_1145am2953.98284660869_2954.8135062393.wav
2578,Exp_15_Feb_2020_1045am,SW_Nana,3081.59246921579,3082.61520501125,3300.0,18,Whistle5367,/lustre/fsn1/projects/rech/vzf/uqe97pu/raw_data/all_categories/SW_NanaExp_15_Feb_2020_1045am3081.59246921579_3082.61520501125.wav
2559,Exp_06_Dec_2019_1245pm,SW_Nana,127.050805580201,127.764974140807,3000.0,18,Whistle5127,/lustre/fsn1/projects/rech/vzf/uqe97pu/raw_data/all_categories/SW_NanaExp_06_Dec_2019_1245pm127.050805580201_127.764974140807.wav
2468,Exp_04_Jan_2020_1345pm,SW_Nana,2186.98724335586,2187.86737532067,3300.0,17,Whistle5101,/lustre/fsn1/projects/rech/vzf/uqe97pu/raw_data/all_categories/SW_NanaExp_04_Jan_2020_1345pm2186.98724335586_2187.86737532067.wav
2584,Exp_16_Jan_2020_0945am,SW_Nana,2690.85315470653,2692.17083799099,3300.0,18,Whistle5798,/lustre/fsn1/projects/rech/vzf/uqe97pu/raw_data/all_categories/SW_NanaExp_16_Jan_2020_0945am2690.85315470653_2692.17083799099.wav
2426,Exp_17_Feb_2020_1545pm,SW_Nana,310.246770831464,311.339279481984,3300.0,16,Whistle5960,/lustre/fsn1/projects/rech/vzf/uqe97pu/raw_data/all_categories/SW_NanaExp_17_Feb_2020_1545pm310.246770831464_311.339279481984.wav
2616,Exp_04_Jan_2020_1345pm,SW_Nana,2195.50255164086,2196.15154544891,3300.0,20,Whistle5106,/lustre/fsn1/projects/rech/vzf/uqe97pu/raw_data/all_categories/SW_NanaExp_04_Jan_2020_1345pm2195.50255164086_2196.15154544891.wav
2466,Exp_04_Jan_2020_0945am,SW_Nana,1268.4938445268,1269.47069965048,3300.0,17,Whistle5089,/lustre/fsn1/projects/rech/vzf/uqe97pu/raw_data/all_categories/SW_NanaExp_04_Jan_2020_0945am1268.4938445268_1269.47069965048.wav
2717,Exp_25_Nov_2019_0945am,SW_Nana,1849.57287833463,1850.24821698005,3000.0,22,Whistle6035,/lustre/fsn1/projects/rech/vzf/uqe97pu/raw_data/all_categories/SW_NanaExp_25_Nov_2019_0945am1849.57287833463_1850.24821698005.wav
2409,Exp_16_Jan_2020_1245pm,SW_Nana,2805.5642590478,2806.65107292792,3300.0,16,Whistle5816,/lustre/fsn1/projects/rech/vzf/uqe97pu/raw_data/all_categories/SW_NanaExp_16_Jan_2020_1245pm2805.5642590478_2806.65107292792.wav
2267,Exp_07_Jan_2020_0845am,SW_Nana,2915.93612893536,2917.28353225028,3300.0,16,Whistle5171,/lustre/fsn1/projects/rech/vzf/uqe97pu/raw_data/all_categories/SW_NanaExp_07_Jan_2020_0845am2915.93612893536_2917.28353225028.wav
2262,Exp_06_Jan_2020_1345pm,SW_Nana,545.947956623647,546.702605423957,3300.0,16,Whistle5158,/lustre/fsn1/projects/rech/vzf/uqe97pu/raw_data/all_categories/SW_NanaExp_06_Jan_2020_1345pm545.947956623647_546.702605423957.wav
2610,Exp_16_Feb_2020_1345pm,SW_Nana,545.831654641378,546.769671882757,3300.0,19,Whistle5790,/lustre/fsn1/projects/rech/vzf/uqe97pu/raw_data/all_categories/SW_NanaExp_16_Feb_2020_1345pm545.831654641378_546.769671882757.wav
2420,Exp_17_Dec_2019_1045am,SW_Nana,2444.22028517335,2445.01014585446,3300.0,16,Whistle5855,/lustre/fsn1/projects/rech/vzf/uqe97pu/raw_data/all_categories/SW_NanaExp_17_Dec_2019_1045am2444.22028517335_2445.01014585446.wav
2506,Exp_17_Dec_2019_1045am,SW_Nana,2462.98827914392,2463.83398113068,3300.0,17,Whistle5380,/lustre/fsn1/projects/rech/vzf/uqe97pu/raw_data/all_categories/SW_NanaExp_17_Dec_2019_1045am2462.98827914392_2463.83398113068.wav
2255,Exp_05_Jan_2020_1345pm,SW_Nana,1211.73187795133,1212.56317566125,3300.0,16,Whistle5119,/lustre/fsn1/projects/rech/vzf/uqe97pu/raw_data/all_categories/SW_NanaExp_05_Jan_2020_1345pm1211.73187795133_1212.56317566125.wav
2749,Exp_05_Mar_2020_1145am,SW_Nana,1933.46644555482,1934.16142750428,3000.0,24,Whistle5243,/lustre/fsn1/projects/rech/vzf/uqe97pu/raw_data/all_categories/SW_NanaExp_05_Mar_2020_1145am1933.46644555482_1934.16142750428.wav
2349,Exp_17_Feb_2020_1145am,SW_Nana,2944.9158169095,2945.78285414018,3300.0,16,Whistle5564,/lustre/fsn1/projects/rech/vzf/uqe97pu/raw_data/all_categories/SW_NanaExp_17_Feb_2020_1145am2944.9158169095_2945.78285414018.wav
2625,Exp_04_Jan_2020_1345pm,SW_Nana,2200.70666880809,2201.49768413376,3300.0,20,Whistle5222,/lustre/fsn1/projects/rech/vzf/uqe97pu/raw_data/all_categories/SW_NanaExp_04_Jan_2020_1345pm2200.70666880809_2201.49768413376.wav
2647,Exp_24_Nov_2019_0945am,SW_Nana,1034.29344964483,1035.29277477781,3000.0,20,Whistle5516,/lustre/fsn1/projects/rech/vzf/uqe97pu/raw_data/all_categories/SW_NanaExp_24_Nov_2019_0945am1034.29344964483_1035.29277477781.wav
2401,Exp_16_Dec_2019_1345pm,SW_Nana,529.143124371952,529.888751748378,3300.0,16,Whistle5784,/lustre/fsn1/projects/rech/vzf/uqe97pu/raw_data/all_categories/SW_NanaExp_16_Dec_2019_1345pm529.143124371952_529.888751748378.wav
2735,Exp_26_Nov_2019_1145am,SW_Nana,1019.63971847923,1020.63609167055,3000.0,23,Whistle6039,/lustre/fsn1/projects/rech/vzf/uqe97pu/raw_data/all_categories/SW_NanaExp_26_Nov_2019_1145am1019.63971847923_1020.63609167055.wav
2636,Exp_26_Nov_2019_1145am,SW_Nana,1787.7009610032,1789.26088923799,3000.0,20,Whistle5409,/lustre/fsn1/projects/rech/vzf/uqe97pu/raw_data/all_categories/SW_NanaExp_26_Nov_2019_1145am1787.7009610032_1789.26088923799.wav
2745,Exp_11_Mar_2020_0945am,SW_Nana,502.295275882513,503.246639518877,3000.0,24,Whistle5590,/lustre/fsn1/projects/rech/vzf/uqe97pu/raw_data/all_categories/SW_NanaExp_11_Mar_2020_0945am502.295275882513_503.246639518877.wav
2575,Exp_09_Mar_2020_1545pm,SW_Nana,915.925221091594,916.880306597387,3000.0,18,Whistle5208,/lustre/fsn1/projects/rech/vzf/uqe97pu/raw_data/all_categories/SW_NanaExp_09_Mar_2020_1545pm915.925221091594_916.880306597387.wav
2708,Exp_11_Feb_2020_0945am,SW_Nana,1941.28701413349,1941.97316797964,3300.0,22,Whistle5615,/lustre/fsn1/projects/rech/vzf/uqe97pu/raw_data/all_categories/SW_NanaExp_11_Feb_2020_0945am1941.28701413349_1941.97316797964.wav
2496,Exp_09_Mar_2020_1545pm,SW_Nana,918.391607102748,919.201750872716,3000.0,17,Whistle5210,/lustre/fsn1/projects/rech/vzf/uqe97pu/raw_data/all_categories/SW_NanaExp_09_Mar_2020_1545pm918.391607102748_919.201750872716.wav
2518,Exp_12_Feb_2020_1145am,SW_Nana,299.706427112181,300.794427112181,3300.0,17,Whistle5696,/lustre/fsn1/projects/rech/vzf/uqe97pu/raw_data/all_categories/SW_NanaExp_12_Feb_2020_1145am299.706427112181_300.794427112181.wav
2340,Exp_13_Jan_2020_1045am,SW_Nana,2244.23637839264,2244.71273169525,3300.0,16,Whistle5535,/lustre/fsn1/projects/rech/vzf/uqe97pu/raw_data/all_categories/SW_NanaExp_13_Jan_2020_1045am2244.23637839264_2244.71273169525.wav
2403,Exp_16_Feb_2020_1245pm,SW_Nana,1521.42594365033,1522.56782243821,3300.0,16,Whistle5786,/lustre/fsn1/projects/rech/vzf/uqe97pu/raw_data/all_categories/SW_NanaExp_16_Feb_2020_1245pm1521.42594365033_1522.56782243821.wav
2740,Exp_11_Jan_2020_0945am,SW_Nana,424.271286276625,425.066193108923,3300.0,24,Whistle5592,/lustre/fsn1/projects/rech/vzf/uqe97pu/raw_data/all_categories/SW_NanaExp_11_Jan_2020_0945am424.271286276625_425.066193108923.wav
2284,Exp_02_Jan_2020_1045am,SW_Nana,157.655889664641,158.683509534044,3300.0,16,Whistle5218,/lustre/fsn1/projects/rech/vzf/uqe97pu/raw_data/all_categories/SW_NanaExp_02_Jan_2020_1045am157.655889664641_158.683509534044.wav
2312,Exp_16_Nov_2019_1045am,SW_Nana,2400.35966697909,2401.24116499497,3600.0,16,Whistle5297,/lustre/fsn1/projects/rech/vzf/uqe97pu/raw_data/all_categories/SW_NanaExp_16_Nov_2019_1045am2400.35966697909_2401.24116499497.wav
2734,Exp_19_Nov_2019_0045am,SW_Nana,3093.54538933482,3093.99470972317,3600.0,23,Whistle5980,/lustre/fsn1/projects/rech/vzf/uqe97pu/raw_data/all_categories/SW_NanaExp_19_Nov_2019_0045am3093.54538933482_3093.99470972317.wav
2541,Exp_17_Feb_2020_1145am,SW_Nana,2372.20855694284,2373.02927624108,3300.0,17,Whistle5890,/lustre/fsn1/projects/rech/vzf/uqe97pu/raw_data/all_categories/SW_NanaExp_17_Feb_2020_1145am2372.20855694284_2373.02927624108.wav
2282,Exp_02_Feb_2020_1545pm,SW_Nana,1912.26335831237,1913.06824144245,3300.0,16,Whistle5215,/lustre/fsn1/projects/rech/vzf/uqe97pu/raw_data/all_categories/SW_NanaExp_02_Feb_2020_1545pm1912.26335831237_1913.06824144245.wav
2291,Exp_15_Jan_2020_1245pm,SW_Nana,3064.00785679595,3064.88398448634,3300.0,16,Whistle5253,/lustre/fsn1/projects/rech/vzf/uqe97pu/raw_data/all_categories/SW_NanaExp_15_Jan_2020_1245pm3064.00785679595_3064.88398448634.wav
2376,Exp_15_Feb_2020_1345pm,SW_Nana,538.807376023853,540.024868283915,3300.0,16,Whistle5769,/lustre/fsn1/projects/rech/vzf/uqe97pu/raw_data/all_categories/SW_NanaExp_15_Feb_2020_1345pm538.807376023853_540.024868283915.wav
2292,Exp_15_Jan_2020_1345pm,SW_Nana,595.291205281559,596.413567140533,3300.0,16,Whistle5254,/lustre/fsn1/projects/rech/vzf/uqe97pu/raw_data/all_categories/SW_NanaExp_15_Jan_2020_1345pm595.291205281559_596.413567140533.wav
2356,Exp_28_Nov_2019_0845am,SW_Nana,2026.29000065635,2027.31355237822,3000.0,16,Whistle5581,/lustre/fsn1/projects/rech/vzf/uqe97pu/raw_data/all_categories/SW_NanaExp_28_Nov_2019_0845am2026.29000065635_2027.31355237822.wav
2287,Exp_13_Dec_2019_0945am,SW_Nana,2972.10246060612,2973.26572229168,3300.0,16,Whistle5249,/lustre/fsn1/projects/rech/vzf/uqe97pu/raw_data/all_categories/SW_NanaExp_13_Dec_2019_0945am2972.10246060612_2973.26572229168.wav
1848,Exp_04_Mar_2020_1145am,SW_Neo,157.534722576809,158.36907953219,3000.0,7,Whistle1394,/lustre/fsn1/projects/rech/vzf/uqe97pu/raw_data/all_categories/SW_NeoExp_04_Mar_2020_1145am157.534722576809_158.36907953219.wav
351,Exp_17_Dec_2019_0945am,SW_Neo,814.907469416574,815.677471749914,3300.0,2,Whistle2077,/lustre/fsn1/projects/rech/vzf/uqe97pu/raw_data/all_categories/SW_NeoExp_17_Dec_2019_0945am814.907469416574_815.677471749914.wav
1765,Exp_08_Jan_2020_1245pm,SW_Neo,1850.38466156272,1851.21476992186,3300.0,5,Whistle1557,/lustre/fsn1/projects/rech/vzf/uqe97pu/raw_data/all_categories/SW_NeoExp_08_Jan_2020_1245pm1850.38466156272_1851.21476992186.wav
1831,Exp_03_Feb_2020_1045am,SW_Neo,3200.82807303633,3201.58774795893,3300.0,7,Whistle1355,/lustre/fsn1/projects/rech/vzf/uqe97pu/raw_data/all_categories/SW_NeoExp_03_Feb_2020_1045am3200.82807303633_3201.58774795893.wav
599,Exp_17_Feb_2020_1545pm,SW_Neo,582.56839344263,583.291707396118,3300.0,2,Whistle3120,/lustre/fsn1/projects/rech/vzf/uqe97pu/raw_data/all_categories/SW_NeoExp_17_Feb_2020_1545pm582.56839344263_583.291707396118.wav
1946,Exp_05_Dec_2019_1245pm,SW_Neo,2979.63306650966,2980.37724730062,3000.0,8,Whistle1605,/lustre/fsn1/projects/rech/vzf/uqe97pu/raw_data/all_categories/SW_NeoExp_05_Dec_2019_1245pm2979.63306650966_2980.37724730062.wav
1038,Exp_26_Nov_2019_1345pm,SW_Neo,318.761062536875,319.446064820216,3000.0,3,Whistle2192,/lustre/fsn1/projects/rech/vzf/uqe97pu/raw_data/all_categories/SW_NeoExp_26_Nov_2019_1345pm318.761062536875_319.446064820216.wav
1809,Exp_05_Dec_2019_1145am,SW_Neo,184.616849579267,186.005583756482,3000.0,6,Whistle800,/lustre/fsn1/projects/rech/vzf/uqe97pu/raw_data/all_categories/SW_NeoExp_05_Dec_2019_1145am184.616849579267_186.005583756482.wav
271,Exp_01_Feb_2020_1545pm,SW_Neo,641.323333253516,642.178985821346,3300.0,2,Whistle1407,/lustre/fsn1/projects/rech/vzf/uqe97pu/raw_data/all_categories/SW_NeoExp_01_Feb_2020_1545pm641.323333253516_642.178985821346.wav
591,Exp_17_Feb_2020_1345pm,SW_Neo,711.873282237029,712.944123932234,3300.0,2,Whistle3106,/lustre/fsn1/projects/rech/vzf/uqe97pu/raw_data/all_categories/SW_NeoExp_17_Feb_2020_1345pm711.873282237029_712.944123932234.wav
1254,Exp_09_Jan_2020_1145am,SW_Neo,608.886598564898,609.886827102737,3300.0,3,Whistle517,/lustre/fsn1/projects/rech/vzf/uqe97pu/raw_data/all_categories/SW_NeoExp_09_Jan_2020_1145am608.886598564898_609.886827102737.wav
2156,Exp_09_Feb_2020_0945am,SW_Neo,1303.47831371583,1303.87575953626,3300.0,13,Whistle973,/lustre/fsn1/projects/rech/vzf/uqe97pu/raw_data/all_categories/SW_NeoExp_09_Feb_2020_0945am1303.47831371583_1303.87575953626.wav
1300,Exp_10_Jan_2020_1545pm,SW_Neo,912.353649018356,913.2239234086,3300.0,3,Whistle587,/lustre/fsn1/projects/rech/vzf/uqe97pu/raw_data/all_categories/SW_NeoExp_10_Jan_2020_1545pm912.353649018356_913.2239234086.wav
361,Exp_22_Nov_2019_1145am,SW_Neo,1022.03283898011,1022.94284150789,3600.0,2,Whistle2165,/lustre/fsn1/projects/rech/vzf/uqe97pu/raw_data/all_categories/SW_NeoExp_22_Nov_2019_1145am1022.03283898011_1022.94284150789.wav
839,Exp_07_Jan_2020_1345pm,SW_Neo,950.02406789675,950.85912887236,3300.0,3,Whistle1202,/lustre/fsn1/projects/rech/vzf/uqe97pu/raw_data/all_categories/SW_NeoExp_07_Jan_2020_1345pm950.02406789675_950.85912887236.wav
997,Exp_14_Dec_2019_0945am,SW_Neo,538.237959493984,539.22015506594,3300.0,3,Whistle1962,/lustre/fsn1/projects/rech/vzf/uqe97pu/raw_data/all_categories/SW_NeoExp_14_Dec_2019_0945am538.237959493984_539.22015506594.wav
1481,Exp_26_Nov_2019_1145am,SW_Neo,418.99306719909,419.395472103995,3000.0,4,Whistle2871,/lustre/fsn1/projects/rech/vzf/uqe97pu/raw_data/all_categories/SW_NeoExp_26_Nov_2019_1145am418.99306719909_419.395472103995.wav
1633,Exp_06_Jan_2020_0945am,SW_Neo,1440.43436555868,1441.58645534197,3300.0,4,Whistle698,/lustre/fsn1/projects/rech/vzf/uqe97pu/raw_data/all_categories/SW_NeoExp_06_Jan_2020_0945am1440.43436555868_1441.58645534197.wav
1199,Exp_08_Feb_2020_1345pm,SW_Neo,690.742713013229,691.653614920123,3300.0,3,Whistle407,/lustre/fsn1/projects/rech/vzf/uqe97pu/raw_data/all_categories/SW_NeoExp_08_Feb_2020_1345pm690.742713013229_691.653614920123.wav
1218,Exp_08_Jan_2020_1245pm,SW_Neo,2396.55323720579,2397.42951879424,3300.0,3,Whistle442,/lustre/fsn1/projects/rech/vzf/uqe97pu/raw_data/all_categories/SW_NeoExp_08_Jan_2020_1245pm2396.55323720579_2397.42951879424.wav
1133,Exp_07_Dec_2019_1245pm,SW_Neo,3017.99038381175,3018.83558505014,3300.0,3,Whistle317,/lustre/fsn1/projects/rech/vzf/uqe97pu/raw_data/all_categories/SW_NeoExp_07_Dec_2019_1245pm3017.99038381175_3018.83558505014.wav
48,Exp_01_Feb_2020_1145am,SW_Neo,345.553985666019,346.840704826124,3300.0,1,Whistle1350,/lustre/fsn1/projects/rech/vzf/uqe97pu/raw_data/all_categories/SW_NeoExp_01_Feb_2020_1145am345.553985666019_346.840704826124.wav
1870,Exp_01_Jan_2020_1345pm,SW_Neo,540.722081779092,541.608576244036,3300.0,7,Whistle1457,/lustre/fsn1/projects/rech/vzf/uqe97pu/raw_data/all_categories/SW_NeoExp_01_Jan_2020_1345pm540.722081779092_541.608576244036.wav
1819,Exp_06_Dec_2019_1345pm,SW_Neo,820.850383391766,821.648670715088,3000.0,7,Whistle1413,/lustre/fsn1/projects/rech/vzf/uqe97pu/raw_data/all_categories/SW_NeoExp_06_Dec_2019_1345pm820.850383391766_821.648670715088.wav
1578,Exp_03_Mar_2020_1345pm,SW_Neo,2653.7444653412,2655.09779351457,3000.0,4,Whistle622,/lustre/fsn1/projects/rech/vzf/uqe97pu/raw_data/all_categories/SW_NeoExp_03_Mar_2020_1345pm2653.7444653412_2655.09779351457.wav
1035,Exp_23_Nov_2019_0945am,SW_Neo,1090.34363447878,1091.38863796213,3000.0,3,Whistle2175,/lustre/fsn1/projects/rech/vzf/uqe97pu/raw_data/all_categories/SW_NeoExp_23_Nov_2019_0945am1090.34363447878_1091.38863796213.wav
1691,Exp_05_Dec_2019_1245pm,SW_Neo,2757.55462571717,2758.5960343859,3000.0,4,Whistle814,/lustre/fsn1/projects/rech/vzf/uqe97pu/raw_data/all_categories/SW_NeoExp_05_Dec_2019_1245pm2757.55462571717_2758.5960343859.wav
2005,Exp_20_Nov_2019_1545pm,SW_Neo,984.067733521482,984.827735632599,3600.0,10,Whistle1872,/lustre/fsn1/projects/rech/vzf/uqe97pu/raw_data/all_categories/SW_NeoExp_20_Nov_2019_1545pm984.067733521482_984.827735632599.wav
396,Exp_15_Feb_2020_1345pm,SW_Neo,1430.3848176943,1431.14971024521,3300.0,2,Whistle2312,/lustre/fsn1/projects/rech/vzf/uqe97pu/raw_data/all_categories/SW_NeoExp_15_Feb_2020_1345pm1430.3848176943_1431.14971024521.wav
1375,Exp_09_Feb_2020_1345pm,SW_Neo,913.672669905822,914.618874037475,3300.0,4,Whistle1296,/lustre/fsn1/projects/rech/vzf/uqe97pu/raw_data/all_categories/SW_NeoExp_09_Feb_2020_1345pm913.672669905822_914.618874037475.wav
190,Exp_08_Jan_2020_1245pm,SW_Neo,1840.08317595427,1841.0088725487,3300.0,1,Whistle468,/lustre/fsn1/projects/rech/vzf/uqe97pu/raw_data/all_categories/SW_NeoExp_08_Jan_2020_1245pm1840.08317595427_1841.0088725487.wav
1734,Exp_09_Jan_2020_1545pm,SW_Neo,177.822062302769,178.441866990269,3300.0,4,Whistle976,/lustre/fsn1/projects/rech/vzf/uqe97pu/raw_data/all_categories/SW_NeoExp_09_Jan_2020_1545pm177.822062302769_178.441866990269.wav
285,Exp_10_Feb_2020_1545pm,SW_Neo,419.030137271148,419.599787476909,3300.0,2,Whistle1650,/lustre/fsn1/projects/rech/vzf/uqe97pu/raw_data/all_categories/SW_NeoExp_10_Feb_2020_1545pm419.030137271148_419.599787476909.wav
1056,Exp_06_Feb_2020_1145am,SW_Neo,692.468336775239,693.479559685456,3300.0,3,Whistle231,/lustre/fsn1/projects/rech/vzf/uqe97pu/raw_data/all_categories/SW_NeoExp_06_Feb_2020_1145am692.468336775239_693.479559685456.wav
508,Exp_17_Jan_2020_1545pm,SW_Neo,494.987472099399,495.739953141066,3300.0,2,Whistle2747,/lustre/fsn1/projects/rech/vzf/uqe97pu/raw_data/all_categories/SW_NeoExp_17_Jan_2020_1545pm494.987472099399_495.739953141066.wav
1331,Exp_05_Jan_2020_1145am,SW_Neo,1090.00528616481,1090.99639158921,3300.0,3,Whistle825,/lustre/fsn1/projects/rech/vzf/uqe97pu/raw_data/all_categories/SW_NeoExp_05_Jan_2020_1145am1090.00528616481_1090.99639158921.wav
647,Exp_17_Feb_2020_1145am,SW_Neo,382.945306602555,383.306078960279,3300.0,2,Whistle3414,/lustre/fsn1/projects/rech/vzf/uqe97pu/raw_data/all_categories/SW_NeoExp_17_Feb_2020_1145am382.945306602555_383.306078960279.wav
2104,Exp_08_Jan_2020_1345pm,SW_Neo,2586.89846506874,2587.80472157915,3300.0,11,Whistle907,/lustre/fsn1/projects/rech/vzf/uqe97pu/raw_data/all_categories/SW_NeoExp_08_Jan_2020_1345pm2586.89846506874_2587.80472157915.wav
1833,Exp_01_Feb_2020_1145am,SW_Neo,388.128657212317,388.773397953058,3300.0,7,Whistle1357,/lustre/fsn1/projects/rech/vzf/uqe97pu/raw_data/all_categories/SW_NeoExp_01_Feb_2020_1145am388.128657212317_388.773397953058.wav
1807,Exp_02_Mar_2020_0845am,SW_Neo,98.3803286010953,99.3520299899842,3000.0,6,Whistle5,/lustre/fsn1/projects/rech/vzf/uqe97pu/raw_data/all_categories/SW_NeoExp_02_Mar_2020_0845am98.3803286010953_99.3520299899842.wav
1188,Exp_07_Mar_2020_1145am,SW_Neo,992.323308411028,993.21975768639,3000.0,3,Whistle389,/lustre/fsn1/projects/rech/vzf/uqe97pu/raw_data/all_categories/SW_NeoExp_07_Mar_2020_1145am992.323308411028_993.21975768639.wav
1552,Exp_19_Nov_2019_1545pm,SW_Neo,1283.65356570435,1284.0835668988,3600.0,4,Whistle3477,/lustre/fsn1/projects/rech/vzf/uqe97pu/raw_data/all_categories/SW_NeoExp_19_Nov_2019_1545pm1283.65356570435_1284.0835668988.wav
23,Exp_07_Dec_2019_0845am,SW_Neo,105.480784412406,106.698276672468,3300.0,1,Whistle1169,/lustre/fsn1/projects/rech/vzf/uqe97pu/raw_data/all_categories/SW_NeoExp_07_Dec_2019_0845am105.480784412406_106.698276672468.wav
1512,Exp_24_Nov_2019_1345pm,SW_Neo,1573.78524661749,1575.38521526953,3000.0,4,Whistle3205,/lustre/fsn1/projects/rech/vzf/uqe97pu/raw_data/all_categories/SW_NeoExp_24_Nov_2019_1345pm1573.78524661749_1575.38521526953.wav
1737,Exp_06_Mar_2020_1345pm,SW_Neo,779.37849781264,780.435764248626,3000.0,5,Whistle1140,/lustre/fsn1/projects/rech/vzf/uqe97pu/raw_data/all_categories/SW_NeoExp_06_Mar_2020_1345pm779.37849781264_780.435764248626.wav
1535,Exp_15_Dec_2019_1545pm,SW_Neo,934.072831735854,935.692800776102,3300.0,4,Whistle3437,/lustre/fsn1/projects/rech/vzf/uqe97pu/raw_data/all_categories/SW_NeoExp_15_Dec_2019_1545pm934.072831735854_935.692800776102.wav
296,Exp_05_Feb_2020_1545pm,SW_Neo,381.61704164659,382.572840363561,3300.0,2,Whistle189,/lustre/fsn1/projects/rech/vzf/uqe97pu/raw_data/all_categories/SW_NeoExp_05_Feb_2020_1545pm381.61704164659_382.572840363561.wav
1119,Exp_07_Dec_2019_1245pm,SW_Neo,2724.16032891933,2725.06087071499,3300.0,3,Whistle306,/lustre/fsn1/projects/rech/vzf/uqe97pu/raw_data/all_categories/SW_NeoExp_07_Dec_2019_1245pm2724.16032891933_2725.06087071499.wav
2044,Exp_07_Mar_2020_1345pm,SW_Neo,933.778113260377,935.091193755734,3000.0,11,Whistle1592,/lustre/fsn1/projects/rech/vzf/uqe97pu/raw_data/all_categories/SW_NeoExp_07_Mar_2020_1345pm933.778113260377_935.091193755734.wav
1005,Exp_15_Jan_2020_0945am,SW_Neo,467.736417383083,468.781420549759,3300.0,3,Whistle1998,/lustre/fsn1/projects/rech/vzf/uqe97pu/raw_data/all_categories/SW_NeoExp_15_Jan_2020_0945am467.736417383083_468.781420549759.wav
1408,Exp_16_Jan_2020_1345pm,SW_Neo,985.604046841128,986.577940850344,3300.0,4,Whistle2260,/lustre/fsn1/projects/rech/vzf/uqe97pu/raw_data/all_categories/SW_NeoExp_16_Jan_2020_1345pm985.604046841128_986.577940850344.wav
730,Exp_04_Jan_2020_1345pm,SW_Neo,2375.44177870152,2376.31716569842,3300.0,3,Whistle1041,/lustre/fsn1/projects/rech/vzf/uqe97pu/raw_data/all_categories/SW_NeoExp_04_Jan_2020_1345pm2375.44177870152_2376.31716569842.wav
1108,Exp_12_Mar_2020_1545pm,SW_Neo,849.937833792779,850.831910715856,3000.0,3,Whistle2941,/lustre/fsn1/projects/rech/vzf/uqe97pu/raw_data/all_categories/SW_NeoExp_12_Mar_2020_1545pm849.937833792779_850.831910715856.wav
289,Exp_16_Jan_2020_1145am,SW_Neo,639.744915333272,640.359630664675,3300.0,2,Whistle1697,/lustre/fsn1/projects/rech/vzf/uqe97pu/raw_data/all_categories/SW_NeoExp_16_Jan_2020_1145am639.744915333272_640.359630664675.wav
2129,Exp_06_Mar_2020_1345pm,SW_Neo,24.4675370488617,25.3069479712451,3000.0,12,Whistle1685,/lustre/fsn1/projects/rech/vzf/uqe97pu/raw_data/all_categories/SW_NeoExp_06_Mar_2020_1345pm24.4675370488617_25.3069479712451.wav
197,Exp_08_Jan_2020_1245pm,SW_Neo,2611.40597861162,2612.22699963714,3300.0,1,Whistle489,/lustre/fsn1/projects/rech/vzf/uqe97pu/raw_data/all_categories/SW_NeoExp_08_Jan_2020_1245pm2611.40597861162_2612.22699963714.wav
1171,Exp_07_Jan_2020_1545pm,SW_Neo,214.401244858115,215.378456754026,3300.0,3,Whistle368,/lustre/fsn1/projects/rech/vzf/uqe97pu/raw_data/all_categories/SW_NeoExp_07_Jan_2020_1545pm214.401244858115_215.378456754026.wav
1895,Exp_06_Mar_2020_1345pm,SW_Neo,953.473804261637,954.354886980098,3000.0,7,Whistle1546,/lustre/fsn1/projects/rech/vzf/uqe97pu/raw_data/all_categories/SW_NeoExp_06_Mar_2020_1345pm953.473804261637_954.354886980098.wav
1770,Exp_05_Dec_2019_1545pm,SW_Neo,299.242258262805,299.902362815274,3000.0,5,Whistle1627,/lustre/fsn1/projects/rech/vzf/uqe97pu/raw_data/all_categories/SW_NeoExp_05_Dec_2019_1545pm299.242258262805_299.902362815274.wav
1554,Exp_08_Jan_2020_1245pm,SW_Neo,2682.64140806458,2683.63352333531,3300.0,4,Whistle447,/lustre/fsn1/projects/rech/vzf/uqe97pu/raw_data/all_categories/SW_NeoExp_08_Jan_2020_1245pm2682.64140806458_2683.63352333531.wav
501,Exp_17_Feb_2020_1545pm,SW_Neo,594.177580180782,594.891736024938,3300.0,2,Whistle2723,/lustre/fsn1/projects/rech/vzf/uqe97pu/raw_data/all_categories/SW_NeoExp_17_Feb_2020_1545pm594.177580180782_594.891736024938.wav
2001,Exp_17_Feb_2020_1345pm,SW_Neo,917.757781084185,918.522783402374,3300.0,10,Whistle1841,/lustre/fsn1/projects/rech/vzf/uqe97pu/raw_data/all_categories/SW_NeoExp_17_Feb_2020_1345pm917.757781084185_918.522783402374.wav
1611,Exp_05_Jan_2020_1145am,SW_Neo,544.93993883566,546.196623327638,3300.0,4,Whistle670,/lustre/fsn1/projects/rech/vzf/uqe97pu/raw_data/all_categories/SW_NeoExp_05_Jan_2020_1145am544.93993883566_546.196623327638.wav
450,Exp_11_Mar_2020_0945am,SW_Neo,934.248080363042,934.740118437755,3000.0,2,Whistle2353,/lustre/fsn1/projects/rech/vzf/uqe97pu/raw_data/all_categories/SW_NeoExp_11_Mar_2020_0945am934.248080363042_934.740118437755.wav
1053,Exp_06_Feb_2020_1145am,SW_Neo,684.48846876759,685.58522502404,3300.0,3,Whistle229,/lustre/fsn1/projects/rech/vzf/uqe97pu/raw_data/all_categories/SW_NeoExp_06_Feb_2020_1145am684.48846876759_685.58522502404.wav
198,Exp_09_Dec_2019_1145am,SW_Neo,954.409095277926,955.560218272578,3300.0,1,Whistle495,/lustre/fsn1/projects/rech/vzf/uqe97pu/raw_data/all_categories/SW_NeoExp_09_Dec_2019_1145am954.409095277926_955.560218272578.wav
233,Exp_03_Feb_2020_0945am,SW_Neo,101.481257034688,102.497649439751,3300.0,1,Whistle994,/lustre/fsn1/projects/rech/vzf/uqe97pu/raw_data/all_categories/SW_NeoExp_03_Feb_2020_0945am101.481257034688_102.497649439751.wav
318,Exp_23_Nov_2019_1545pm,SW_Neo,704.883198535098,705.593509464746,3000.0,2,Whistle2861,/lustre/fsn1/projects/rech/vzf/uqe97pu/raw_data/all_categories/SW_NeoExp_23_Nov_2019_1545pm704.883198535098_705.593509464746.wav
1917,Exp_07_Dec_2019_1245pm,SW_Neo,2744.09906980538,2744.95967636275,3300.0,7,Whistle309,/lustre/fsn1/projects/rech/vzf/uqe97pu/raw_data/all_categories/SW_NeoExp_07_Dec_2019_1245pm2744.09906980538_2744.95967636275.wav
2181,Exp_06_Dec_2019_0945am,SW_Neo,867.405561732694,867.891519179502,3000.0,13,Whistle1682,/lustre/fsn1/projects/rech/vzf/uqe97pu/raw_data/all_categories/SW_NeoExp_06_Dec_2019_0945am867.405561732694_867.891519179502.wav
729,Exp_04_Jan_2020_1345pm,SW_Neo,2372.06839552788,2372.9739682833,3300.0,3,Whistle1040,/lustre/fsn1/projects/rech/vzf/uqe97pu/raw_data/all_categories/SW_NeoExp_04_Jan_2020_1345pm2372.06839552788_2372.9739682833.wav
1710,Exp_07_Jan_2020_1045am,SW_Neo,2489.34754408347,2490.48454098749,3300.0,4,Whistle869,/lustre/fsn1/projects/rech/vzf/uqe97pu/raw_data/all_categories/SW_NeoExp_07_Jan_2020_1045am2489.34754408347_2490.48454098749.wav
22,Exp_06_Mar_2020_1545pm,SW_Neo,911.363720011642,912.350083648006,3000.0,1,Whistle1162,/lustre/fsn1/projects/rech/vzf/uqe97pu/raw_data/all_categories/SW_NeoExp_06_Mar_2020_1545pm911.363720011642_912.350083648006.wav
603,Exp_26_Nov_2019_1345pm,SW_Neo,792.332195282623,792.817221460633,3000.0,2,Whistle3216,/lustre/fsn1/projects/rech/vzf/uqe97pu/raw_data/all_categories/SW_NeoExp_26_Nov_2019_1345pm792.332195282623_792.817221460633.wav
465,Exp_16_Jan_2020_1145am,SW_Neo,50.644997599748,51.0600907674499,3300.0,2,Whistle2624,/lustre/fsn1/projects/rech/vzf/uqe97pu/raw_data/all_categories/SW_NeoExp_16_Jan_2020_1145am50.644997599748_51.0600907674499.wav
1506,Exp_17_Feb_2020_1345pm,SW_Neo,715.073023052162,716.307140346152,3300.0,4,Whistle3110,/lustre/fsn1/projects/rech/vzf/uqe97pu/raw_data/all_categories/SW_NeoExp_17_Feb_2020_1345pm715.073023052162_716.307140346152.wav
1123,Exp_17_Feb_2020_1145am,SW_Neo,703.108941266651,704.107089414799,3300.0,3,Whistle3098,/lustre/fsn1/projects/rech/vzf/uqe97pu/raw_data/all_categories/SW_NeoExp_17_Feb_2020_1145am703.108941266651_704.107089414799.wav
1406,Exp_14_Feb_2020_1345pm,SW_Neo,752.143390375594,753.627249234453,3300.0,4,Whistle2228,/lustre/fsn1/projects/rech/vzf/uqe97pu/raw_data/all_categories/SW_NeoExp_14_Feb_2020_1345pm752.143390375594_753.627249234453.wav
868,Exp_08_Jan_2020_1245pm,SW_Neo,2282.12877281822,2283.31104836001,3300.0,3,Whistle1248,/lustre/fsn1/projects/rech/vzf/uqe97pu/raw_data/all_categories/SW_NeoExp_08_Jan_2020_1245pm2282.12877281822_2283.31104836001.wav
2043,Exp_04_Jan_2020_1345pm,SW_Neo,1706.53791129342,1707.33861010099,3300.0,11,Whistle1577,/lustre/fsn1/projects/rech/vzf/uqe97pu/raw_data/all_categories/SW_NeoExp_04_Jan_2020_1345pm1706.53791129342_1707.33861010099.wav
846,Exp_07_Jan_2020_1545pm,SW_Neo,726.812934456416,727.694032017392,3300.0,3,Whistle1213,/lustre/fsn1/projects/rech/vzf/uqe97pu/raw_data/all_categories/SW_NeoExp_07_Jan_2020_1545pm726.812934456416_727.694032017392.wav
1649,Exp_01_Jan_2020_1345pm,SW_Neo,548.032330521707,548.677686170242,3300.0,4,Whistle724,/lustre/fsn1/projects/rech/vzf/uqe97pu/raw_data/all_categories/SW_NeoExp_01_Jan_2020_1345pm548.032330521707_548.677686170242.wav
1638,Exp_07_Dec_2019_1345pm,SW_Neo,1747.17888465034,1748.16495276179,3300.0,4,Whistle708,/lustre/fsn1/projects/rech/vzf/uqe97pu/raw_data/all_categories/SW_NeoExp_07_Dec_2019_1345pm1747.17888465034_1748.16495276179.wav
672,Exp_03_Mar_2020_1345pm,SW_Neo,2508.85336351121,2509.36604067657,3000.0,2,Whistle53,/lustre/fsn1/projects/rech/vzf/uqe97pu/raw_data/all_categories/SW_NeoExp_03_Mar_2020_1345pm2508.85336351121_2509.36604067657.wav
132,Exp_17_Jan_2020_1545pm,SW_Neo,942.874404333621,943.642802123676,3300.0,1,Whistle2742,/lustre/fsn1/projects/rech/vzf/uqe97pu/raw_data/all_categories/SW_NeoExp_17_Jan_2020_1545pm942.874404333621_943.642802123676.wav
1253,Exp_09_Feb_2020_1345pm,SW_Neo,2033.70673864915,2034.70386095131,3300.0,3,Whistle514,/lustre/fsn1/projects/rech/vzf/uqe97pu/raw_data/all_categories/SW_NeoExp_09_Feb_2020_1345pm2033.70673864915_2034.70386095131.wav
378,Exp_17_Jan_2020_1545pm,SW_Neo,509.267941643095,510.034382321061,3300.0,2,Whistle2138,/lustre/fsn1/projects/rech/vzf/uqe97pu/raw_data/all_categories/SW_NeoExp_17_Jan_2020_1545pm509.267941643095_510.034382321061.wav
1357,Exp_09_Mar_2020_0945am,SW_Neo,70.3502351674505,71.3522919050392,3000.0,3,Whistle915,/lustre/fsn1/projects/rech/vzf/uqe97pu/raw_data/all_categories/SW_NeoExp_09_Mar_2020_0945am70.3502351674505_71.3522919050392.wav
1938,Exp_07_Dec_2019_1145am,SW_Neo,2825.8479969033,2826.5315664571,3300.0,7,Whistle962,/lustre/fsn1/projects/rech/vzf/uqe97pu/raw_data/all_categories/SW_NeoExp_07_Dec_2019_1145am2825.8479969033_2826.5315664571.wav
1528,Exp_26_Nov_2019_1345pm,SW_Neo,660.482201607339,661.18220394068,3000.0,4,Whistle3356,/lustre/fsn1/projects/rech/vzf/uqe97pu/raw_data/all_categories/SW_NeoExp_26_Nov_2019_1345pm660.482201607339_661.18220394068.wav
1752,Exp_08_Dec_2019_1045am,SW_Neo,1323.11035276543,1323.77527813856,3300.0,5,Whistle1456,/lustre/fsn1/projects/rech/vzf/uqe97pu/raw_data/all_categories/SW_NeoExp_08_Dec_2019_1045am1323.11035276543_1323.77527813856.wav
1728,Exp_09_Jan_2020_1345pm,SW_Neo,352.842655859884,353.397944321422,3300.0,4,Whistle914,/lustre/fsn1/projects/rech/vzf/uqe97pu/raw_data/all_categories/SW_NeoExp_09_Jan_2020_1345pm352.842655859884_353.397944321422.wav
1890,Exp_04_Jan_2020_1345pm,SW_Neo,1694.60550452925,1695.34608304074,3300.0,7,Whistle1532,/lustre/fsn1/projects/rech/vzf/uqe97pu/raw_data/all_categories/SW_NeoExp_04_Jan_2020_1345pm1694.60550452925_1695.34608304074.wav
2194,Exp_09_Jan_2020_1545pm,SW_Neo,36.7001118185207,38.3591376040398,3300.0,14,Whistle1599,/lustre/fsn1/projects/rech/vzf/uqe97pu/raw_data/all_categories/SW_NeoExp_09_Jan_2020_1545pm36.7001118185207_38.3591376040398.wav
427,Exp_28_Nov_2019_1545pm,SW_Neo,309.786032620109,310.816036053453,3000.0,2,Whistle2205,/lustre/fsn1/projects/rech/vzf/uqe97pu/raw_data/all_categories/SW_NeoExp_28_Nov_2019_1545pm309.786032620109_310.816036053453.wav
1076,Exp_02_Mar_2020_1545pm,SW_Neo,672.913235904536,673.834963845713,3000.0,3,Whistle26,/lustre/fsn1/projects/rech/vzf/uqe97pu/raw_data/all_categories/SW_NeoExp_02_Mar_2020_1545pm672.913235904536_673.834963845713.wav
686,Exp_04_Jan_2020_1345pm,SW_Neo,1736.36526171291,1737.34526468262,3300.0,2,Whistle650,/lustre/fsn1/projects/rech/vzf/uqe97pu/raw_data/all_categories/SW_NeoExp_04_Jan_2020_1345pm1736.36526171291_1737.34526468262.wav
1,Exp_03_Feb_2020_1345pm,SW_Neo,650.526971899915,651.604454417397,3300.0,1,Whistle1004,/lustre/fsn1/projects/rech/vzf/uqe97pu/raw_data/all_categories/SW_NeoExp_03_Feb_2020_1345pm650.526971899915_651.604454417397.wav
346,Exp_17_Feb_2020_1545pm,SW_Neo,545.520395941728,546.106599150284,3300.0,2,Whistle2112,/lustre/fsn1/projects/rech/vzf/uqe97pu/raw_data/all_categories/SW_NeoExp_17_Feb_2020_1545pm545.520395941728_546.106599150284.wav
704,Exp_03_Feb_2020_1545pm,SW_Neo,1216.22868614753,1217.57698336116,3300.0,3,Whistle1007,/lustre/fsn1/projects/rech/vzf/uqe97pu/raw_data/all_categories/SW_NeoExp_03_Feb_2020_1545pm1216.22868614753_1217.57698336116.wav
914,Exp_09_Mar_2020_1545pm,SW_Neo,143.401471348486,144.404376399742,3000.0,3,Whistle1321,/lustre/fsn1/projects/rech/vzf/uqe97pu/raw_data/all_categories/SW_NeoExp_09_Mar_2020_1545pm143.401471348486_144.404376399742.wav
1146,Exp_14_Feb_2020_1345pm,SW_Neo,833.307525174319,834.352528340995,3300.0,3,Whistle3276,/lustre/fsn1/projects/rech/vzf/uqe97pu/raw_data/all_categories/SW_NeoExp_14_Feb_2020_1345pm833.307525174319_834.352528340995.wav
1525,Exp_19_Nov_2019_1545pm,SW_Neo,1300.96361378782,1302.19861721838,3600.0,4,Whistle3335,/lustre/fsn1/projects/rech/vzf/uqe97pu/raw_data/all_categories/SW_NeoExp_19_Nov_2019_1545pm1300.96361378782_1302.19861721838.wav
1531,Exp_26_Nov_2019_1145am,SW_Neo,433.879511475238,435.036425576839,3000.0,4,Whistle3424,/lustre/fsn1/projects/rech/vzf/uqe97pu/raw_data/all_categories/SW_NeoExp_26_Nov_2019_1145am433.879511475238_435.036425576839.wav
714,Exp_04_Feb_2020_1545pm,SW_Neo,41.5808183449355,42.527323535247,3300.0,3,Whistle1022,/lustre/fsn1/projects/rech/vzf/uqe97pu/raw_data/all_categories/SW_NeoExp_04_Feb_2020_1545pm41.5808183449355_42.527323535247.wav
813,Exp_06_Mar_2020_1545pm,SW_Neo,510.857706499218,512.161668436934,3000.0,3,Whistle1154,/lustre/fsn1/projects/rech/vzf/uqe97pu/raw_data/all_categories/SW_NeoExp_06_Mar_2020_1545pm510.857706499218_512.161668436934.wav
212,Exp_03_Mar_2020_1345pm,SW_Neo,2528.71010062139,2529.68610681334,3000.0,1,Whistle620,/lustre/fsn1/projects/rech/vzf/uqe97pu/raw_data/all_categories/SW_NeoExp_03_Mar_2020_1345pm2528.71010062139_2529.68610681334.wav
80,Exp_05_Feb_2020_0945am,SW_Neo,247.752145324186,248.793560668613,3300.0,1,Whistle176,/lustre/fsn1/projects/rech/vzf/uqe97pu/raw_data/all_categories/SW_NeoExp_05_Feb_2020_0945am247.752145324186_248.793560668613.wav
1374,Exp_08_Dec_2019_1545pm,SW_Neo,466.916819362875,467.948721719777,3300.0,4,Whistle1231,/lustre/fsn1/projects/rech/vzf/uqe97pu/raw_data/all_categories/SW_NeoExp_08_Dec_2019_1545pm466.916819362875_467.948721719777.wav
230,Exp_02_Mar_2020_1545pm,SW_Neo,455.332725020807,456.257554417132,3000.0,1,Whistle988,/lustre/fsn1/projects/rech/vzf/uqe97pu/raw_data/all_categories/SW_NeoExp_02_Mar_2020_1545pm455.332725020807_456.257554417132.wav
1324,Exp_02_Mar_2020_0845am,SW_Neo,125.051227912201,125.937173858147,3000.0,3,Whistle8,/lustre/fsn1/projects/rech/vzf/uqe97pu/raw_data/all_categories/SW_NeoExp_02_Mar_2020_0845am125.051227912201_125.937173858147.wav
2171,Exp_05_Jan_2020_1545pm,SW_Neo,231.480351817627,232.344950748109,3300.0,13,Whistle954,/lustre/fsn1/projects/rech/vzf/uqe97pu/raw_data/all_categories/SW_NeoExp_05_Jan_2020_1545pm231.480351817627_232.344950748109.wav
1388,Exp_03_Mar_2020_1345pm,SW_Neo,511.936707122357,513.274950994906,3000.0,4,Whistle1575,/lustre/fsn1/projects/rech/vzf/uqe97pu/raw_data/all_categories/SW_NeoExp_03_Mar_2020_1345pm511.936707122357_513.274950994906.wav
2030,Exp_20_Nov_2019_1545pm,SW_Neo,978.247717910327,979.182664146887,3600.0,10,Whistle3417,/lustre/fsn1/projects/rech/vzf/uqe97pu/raw_data/all_categories/SW_NeoExp_20_Nov_2019_1545pm978.247717910327_979.182664146887.wav
873,Exp_08_Jan_2020_1245pm,SW_Neo,1620.33276056695,1621.40939285539,3300.0,3,Whistle1261,/lustre/fsn1/projects/rech/vzf/uqe97pu/raw_data/all_categories/SW_NeoExp_08_Jan_2020_1245pm1620.33276056695_1621.40939285539.wav
486,Exp_17_Dec_2019_1345pm,SW_Neo,471.681429337665,472.201430913427,3300.0,2,Whistle2683,/lustre/fsn1/projects/rech/vzf/uqe97pu/raw_data/all_categories/SW_NeoExp_17_Dec_2019_1345pm471.681429337665_472.201430913427.wav
324,Exp_05_Mar_2020_1345pm,SW_Neo,141.72547308491,142.047184314857,3000.0,2,Whistle203,/lustre/fsn1/projects/rech/vzf/uqe97pu/raw_data/all_categories/SW_NeoExp_05_Mar_2020_1345pm141.72547308491_142.047184314857.wav
1316,Exp_03_Jan_2020_1145am,SW_Neo,1548.09565537421,1548.98218068285,3300.0,3,Whistle756,/lustre/fsn1/projects/rech/vzf/uqe97pu/raw_data/all_categories/SW_NeoExp_03_Jan_2020_1145am1548.09565537421_1548.98218068285.wav
1131,Exp_07_Dec_2019_1245pm,SW_Neo,2806.68049230038,2807.43011962957,3300.0,3,Whistle315,/lustre/fsn1/projects/rech/vzf/uqe97pu/raw_data/all_categories/SW_NeoExp_07_Dec_2019_1245pm2806.68049230038_2807.43011962957.wav
852,Exp_07_Mar_2020_1145am,SW_Neo,996.398321994407,997.516827741533,3000.0,3,Whistle1220,/lustre/fsn1/projects/rech/vzf/uqe97pu/raw_data/all_categories/SW_NeoExp_07_Mar_2020_1145am996.398321994407_997.516827741533.wav
1195,Exp_03_Feb_2020_1345pm,SW_Neo,424.537305703088,425.448070034298,3300.0,3,Whistle40,/lustre/fsn1/projects/rech/vzf/uqe97pu/raw_data/all_categories/SW_NeoExp_03_Feb_2020_1345pm424.537305703088_425.448070034298.wav
700,Exp_01_Jan_2020_1545pm,SW_Neo,446.612238601732,447.663617190401,3300.0,2,Whistle515,/lustre/fsn1/projects/rech/vzf/uqe97pu/raw_data/all_categories/SW_NeoExp_01_Jan_2020_1545pm446.612238601732_447.663617190401.wav
306,Exp_26_Nov_2019_1345pm,SW_Neo,665.574872845049,666.172156795667,3000.0,2,Whistle2885,/lustre/fsn1/projects/rech/vzf/uqe97pu/raw_data/all_categories/SW_NeoExp_26_Nov_2019_1345pm665.574872845049_666.172156795667.wav
1517,Exp_17_Feb_2020_1145am,SW_Neo,704.956621957478,705.420921022899,3300.0,4,Whistle3255,/lustre/fsn1/projects/rech/vzf/uqe97pu/raw_data/all_categories/SW_NeoExp_17_Feb_2020_1145am704.956621957478_705.420921022899.wav
1215,Exp_08_Jan_2020_1245pm,SW_Neo,2307.33443714465,2308.55696036446,3300.0,3,Whistle438,/lustre/fsn1/projects/rech/vzf/uqe97pu/raw_data/all_categories/SW_NeoExp_08_Jan_2020_1245pm2307.33443714465_2308.55696036446.wav
1467,Exp_20_Nov_2019_1145am,SW_Neo,952.402645562904,952.837646771241,3600.0,4,Whistle2798,/lustre/fsn1/projects/rech/vzf/uqe97pu/raw_data/all_categories/SW_NeoExp_20_Nov_2019_1145am952.402645562904_952.837646771241.wav
9,Exp_04_Jan_2020_1345pm,SW_Neo,1704.83410693318,1705.80642865333,3300.0,1,Whistle108,/lustre/fsn1/projects/rech/vzf/uqe97pu/raw_data/all_categories/SW_NeoExp_04_Jan_2020_1345pm1704.83410693318_1705.80642865333.wav
996,Exp_12_Mar_2020_1345pm,SW_Neo,137.086388419741,138.058876832209,3000.0,3,Whistle1932,/lustre/fsn1/projects/rech/vzf/uqe97pu/raw_data/all_categories/SW_NeoExp_12_Mar_2020_1345pm137.086388419741_138.058876832209.wav
1326,Exp_04_Feb_2020_1545pm,SW_Neo,337.511777720081,338.47781545593,3300.0,3,Whistle81,/lustre/fsn1/projects/rech/vzf/uqe97pu/raw_data/all_categories/SW_NeoExp_04_Feb_2020_1545pm337.511777720081_338.47781545593.wav
2094,Exp_07_Dec_2019_1345pm,SW_Neo,1747.6552965312,1748.73207573743,3300.0,11,Whistle863,/lustre/fsn1/projects/rech/vzf/uqe97pu/raw_data/all_categories/SW_NeoExp_07_Dec_2019_1345pm1747.6552965312_1748.73207573743.wav
1941,Exp_05_Feb_2020_1345pm,SW_Neo,1134.46156492842,1135.25578952735,3300.0,8,Whistle1079,/lustre/fsn1/projects/rech/vzf/uqe97pu/raw_data/all_categories/SW_NeoExp_05_Feb_2020_1345pm1134.46156492842_1135.25578952735.wav
2187,Exp_03_Jan_2020_1145am,SW_Neo,1187.00859760181,1188.54160285115,3300.0,14,Whistle1570,/lustre/fsn1/projects/rech/vzf/uqe97pu/raw_data/all_categories/SW_NeoExp_03_Jan_2020_1145am1187.00859760181_1188.54160285115.wav
2197,Exp_05_Jan_2020_1345pm,SW_Neo,455.092421860685,456.771352341969,3300.0,14,Whistle1632,/lustre/fsn1/projects/rech/vzf/uqe97pu/raw_data/all_categories/SW_NeoExp_05_Jan_2020_1345pm455.092421860685_456.771352341969.wav
1745,Exp_06_Mar_2020_1345pm,SW_Neo,160.20732938408,161.107871179746,3000.0,5,Whistle1422,/lustre/fsn1/projects/rech/vzf/uqe97pu/raw_data/all_categories/SW_NeoExp_06_Mar_2020_1345pm160.20732938408_161.107871179746.wav
812,Exp_06_Mar_2020_1545pm,SW_Neo,335.507976211835,336.469428914538,3000.0,3,Whistle1152,/lustre/fsn1/projects/rech/vzf/uqe97pu/raw_data/all_categories/SW_NeoExp_06_Mar_2020_1545pm335.507976211835_336.469428914538.wav
1829,Exp_01_Feb_2020_1145am,SW_Neo,2506.33883429371,2507.01437167369,3300.0,7,Whistle1347,/lustre/fsn1/projects/rech/vzf/uqe97pu/raw_data/all_categories/SW_NeoExp_01_Feb_2020_1145am2506.33883429371_2507.01437167369.wav
593,Exp_17_Feb_2020_1345pm,SW_Neo,726.040461036338,726.48713464745,3300.0,2,Whistle3108,/lustre/fsn1/projects/rech/vzf/uqe97pu/raw_data/all_categories/SW_NeoExp_17_Feb_2020_1345pm726.040461036338_726.48713464745.wav
1498,Exp_07_Dec_2019_1245pm,SW_Neo,230.961983694996,231.857997208509,3300.0,4,Whistle302,/lustre/fsn1/projects/rech/vzf/uqe97pu/raw_data/all_categories/SW_NeoExp_07_Dec_2019_1245pm230.961983694996_231.857997208509.wav
156,Exp_17_Dec_2019_1545pm,SW_Neo,208.575632653432,209.660586357136,3300.0,1,Whistle3094,/lustre/fsn1/projects/rech/vzf/uqe97pu/raw_data/all_categories/SW_NeoExp_17_Dec_2019_1545pm208.575632653432_209.660586357136.wav
1520,Exp_15_Feb_2020_1245pm,SW_Neo,2481.64252012885,2482.90752396219,3300.0,4,Whistle3284,/lustre/fsn1/projects/rech/vzf/uqe97pu/raw_data/all_categories/SW_NeoExp_15_Feb_2020_1245pm2481.64252012885_2482.90752396219.wav
1430,Exp_15_Dec_2019_0845am,SW_Neo,1103.49466284297,1104.28828921659,3300.0,4,Whistle2469,/lustre/fsn1/projects/rech/vzf/uqe97pu/raw_data/all_categories/SW_NeoExp_15_Dec_2019_0845am1103.49466284297_1104.28828921659.wav
739,Exp_04_Jan_2020_1345pm,SW_Neo,1702.87148814017,1703.81788935899,3300.0,3,Whistle1050,/lustre/fsn1/projects/rech/vzf/uqe97pu/raw_data/all_categories/SW_NeoExp_04_Jan_2020_1345pm1702.87148814017_1703.81788935899.wav
1524,Exp_16_Nov_2019_1345pm,SW_Neo,896.967491576365,897.987494409707,3600.0,4,Whistle3310,/lustre/fsn1/projects/rech/vzf/uqe97pu/raw_data/all_categories/SW_NeoExp_16_Nov_2019_1345pm896.967491576365_897.987494409707.wav
352,Exp_17_Jan_2020_1545pm,SW_Neo,530.17660720184,531.123922376937,3300.0,2,Whistle2139,/lustre/fsn1/projects/rech/vzf/uqe97pu/raw_data/all_categories/SW_NeoExp_17_Jan_2020_1545pm530.17660720184_531.123922376937.wav
604,Exp_17_Feb_2020_1545pm,SW_Neo,111.262284566413,112.030284566413,3300.0,2,Whistle3124,/lustre/fsn1/projects/rech/vzf/uqe97pu/raw_data/all_categories/SW_NeoExp_17_Feb_2020_1545pm111.262284566413_112.030284566413.wav
1746,Exp_06_Mar_2020_1545pm,SW_Neo,597.819221292141,598.991434914432,3000.0,5,Whistle1426,/lustre/fsn1/projects/rech/vzf/uqe97pu/raw_data/all_categories/SW_NeoExp_06_Mar_2020_1545pm597.819221292141_598.991434914432.wav
906,Exp_09_Jan_2020_1545pm,SW_Neo,30.2669509294917,31.5850708340325,3300.0,3,Whistle1314,/lustre/fsn1/projects/rech/vzf/uqe97pu/raw_data/all_categories/SW_NeoExp_09_Jan_2020_1545pm30.2669509294917_31.5850708340325.wav
173,Exp_07_Jan_2020_1345pm,SW_Neo,812.988233117023,813.849496853287,3300.0,1,Whistle340,/lustre/fsn1/projects/rech/vzf/uqe97pu/raw_data/all_categories/SW_NeoExp_07_Jan_2020_1345pm812.988233117023_813.849496853287.wav
1320,Exp_04_Mar_2020_1345pm,SW_Neo,108.67036290121,110.164567525823,3000.0,3,Whistle795,/lustre/fsn1/projects/rech/vzf/uqe97pu/raw_data/all_categories/SW_NeoExp_04_Mar_2020_1345pm108.67036290121_110.164567525823.wav
381,Exp_14_Dec_2019_0945am,SW_Neo,588.043994743438,588.786739644754,3300.0,2,Whistle2225,/lustre/fsn1/projects/rech/vzf/uqe97pu/raw_data/all_categories/SW_NeoExp_14_Dec_2019_0945am588.043994743438_588.786739644754.wav
88,Exp_14_Feb_2020_1345pm,SW_Neo,755.497289385725,756.542292552402,3300.0,1,Whistle1969,/lustre/fsn1/projects/rech/vzf/uqe97pu/raw_data/all_categories/SW_NeoExp_14_Feb_2020_1345pm755.497289385725_756.542292552402.wav
696,Exp_04_Mar_2020_1345pm,SW_Neo,110.278708869605,111.183722797182,3000.0,2,Whistle794,/lustre/fsn1/projects/rech/vzf/uqe97pu/raw_data/all_categories/SW_NeoExp_04_Mar_2020_1345pm110.278708869605_111.183722797182.wav
1277,Exp_09_Mar_2020_1545pm,SW_Neo,386.666900781756,387.739562652259,3000.0,3,Whistle549,/lustre/fsn1/projects/rech/vzf/uqe97pu/raw_data/all_categories/SW_NeoExp_09_Mar_2020_1545pm386.666900781756_387.739562652259.wav
512,Exp_17_Nov_2019_1545pm,SW_Neo,372.716174251012,373.150978720285,3600.0,2,Whistle2763,/lustre/fsn1/projects/rech/vzf/uqe97pu/raw_data/all_categories/SW_NeoExp_17_Nov_2019_1545pm372.716174251012_373.150978720285.wav
388,Exp_17_Nov_2019_1545pm,SW_Neo,51.3251425698405,51.9001441670671,3600.0,2,Whistle2277,/lustre/fsn1/projects/rech/vzf/uqe97pu/raw_data/all_categories/SW_NeoExp_17_Nov_2019_1545pm51.3251425698405_51.9001441670671.wav
1547,Exp_17_Nov_2019_1545pm,SW_Neo,944.939475574779,945.665819187114,3600.0,4,Whistle3469,/lustre/fsn1/projects/rech/vzf/uqe97pu/raw_data/all_categories/SW_NeoExp_17_Nov_2019_1545pm944.939475574779_945.665819187114.wav
1623,Exp_06_Feb_2020_1045am,SW_Neo,3075.98503423823,3077.30818513478,3300.0,4,Whistle685,/lustre/fsn1/projects/rech/vzf/uqe97pu/raw_data/all_categories/SW_NeoExp_06_Feb_2020_1045am3075.98503423823_3077.30818513478.wav
545,Exp_26_Nov_2019_1345pm,SW_Neo,634.108177853501,634.952060832224,3000.0,2,Whistle2881,/lustre/fsn1/projects/rech/vzf/uqe97pu/raw_data/all_categories/SW_NeoExp_26_Nov_2019_1345pm634.108177853501_634.952060832224.wav
1841,Exp_01_Feb_2020_1145am,SW_Neo,2510.26317066091,2510.8839453088,3300.0,7,Whistle1380,/lustre/fsn1/projects/rech/vzf/uqe97pu/raw_data/all_categories/SW_NeoExp_01_Feb_2020_1145am2510.26317066091_2510.8839453088.wav
1499,Exp_15_Jan_2020_1545pm,SW_Neo,224.50734698691,225.404763653577,3300.0,4,Whistle3025,/lustre/fsn1/projects/rech/vzf/uqe97pu/raw_data/all_categories/SW_NeoExp_15_Jan_2020_1545pm224.50734698691_225.404763653577.wav
1562,Exp_03_Feb_2020_1045am,SW_Neo,2772.31199232642,2773.3483700354,3300.0,4,Whistle599,/lustre/fsn1/projects/rech/vzf/uqe97pu/raw_data/all_categories/SW_NeoExp_03_Feb_2020_1045am2772.31199232642_2773.3483700354.wav
2192,Exp_07_Mar_2020_0945am,SW_Neo,228.700763002543,230.455734431115,3000.0,14,Whistle1590,/lustre/fsn1/projects/rech/vzf/uqe97pu/raw_data/all_categories/SW_NeoExp_07_Mar_2020_0945am228.700763002543_230.455734431115.wav
1004,Exp_15_Jan_2020_0945am,SW_Neo,461.456398352722,462.501401519399,3300.0,3,Whistle1997,/lustre/fsn1/projects/rech/vzf/uqe97pu/raw_data/all_categories/SW_NeoExp_15_Jan_2020_0945am461.456398352722_462.501401519399.wav
2053,Exp_19_Nov_2019_1545pm,SW_Neo,914.224644881324,915.5775103784,3600.0,11,Whistle3157,/lustre/fsn1/projects/rech/vzf/uqe97pu/raw_data/all_categories/SW_NeoExp_19_Nov_2019_1545pm914.224644881324_915.5775103784.wav
281,Exp_02_Jan_2020_1045am,SW_Neo,1572.47677335657,1573.02622649922,3300.0,2,Whistle1565,/lustre/fsn1/projects/rech/vzf/uqe97pu/raw_data/all_categories/SW_NeoExp_02_Jan_2020_1045am1572.47677335657_1573.02622649922.wav
995,Exp_14_Dec_2019_0845am,SW_Neo,1204.02415410867,1204.82645528413,3300.0,3,Whistle1955,/lustre/fsn1/projects/rech/vzf/uqe97pu/raw_data/all_categories/SW_NeoExp_14_Dec_2019_0845am1204.02415410867_1204.82645528413.wav
626,Exp_14_Feb_2020_1145am,SW_Neo,465.171410216395,466.04635274513,3300.0,2,Whistle3247,/lustre/fsn1/projects/rech/vzf/uqe97pu/raw_data/all_categories/SW_NeoExp_14_Feb_2020_1145am465.171410216395_466.04635274513.wav
845,Exp_07_Jan_2020_1545pm,SW_Neo,8.34099449232533,9.26812627527107,3300.0,3,Whistle1212,/lustre/fsn1/projects/rech/vzf/uqe97pu/raw_data/all_categories/SW_NeoExp_07_Jan_2020_1545pm8.34099449232533_9.26812627527107.wav
2089,Exp_06_Jan_2020_0945am,SW_Neo,1627.96321736413,1628.94929179654,3300.0,11,Whistle841,/lustre/fsn1/projects/rech/vzf/uqe97pu/raw_data/all_categories/SW_NeoExp_06_Jan_2020_0945am1627.96321736413_1628.94929179654.wav
543,Exp_26_Nov_2019_1345pm,SW_Neo,405.380553398831,405.845447015852,3000.0,2,Whistle2878,/lustre/fsn1/projects/rech/vzf/uqe97pu/raw_data/all_categories/SW_NeoExp_26_Nov_2019_1345pm405.380553398831_405.845447015852.wav
1864,Exp_07_Jan_2020_1045am,SW_Neo,2362.094655233,2362.81382478567,3300.0,7,Whistle1435,/lustre/fsn1/projects/rech/vzf/uqe97pu/raw_data/all_categories/SW_NeoExp_07_Jan_2020_1045am2362.094655233_2362.81382478567.wav
40,Exp_09_Dec_2019_1145am,SW_Neo,802.573422209921,804.064255339505,3300.0,1,Whistle1283,/lustre/fsn1/projects/rech/vzf/uqe97pu/raw_data/all_categories/SW_NeoExp_09_Dec_2019_1145am802.573422209921_804.064255339505.wav
752,Exp_05_Dec_2019_1545pm,SW_Neo,223.346587697693,224.54570647164,3000.0,3,Whistle1068,/lustre/fsn1/projects/rech/vzf/uqe97pu/raw_data/all_categories/SW_NeoExp_05_Dec_2019_1545pm223.346587697693_224.54570647164.wav
688,Exp_04_Jan_2020_1345pm,SW_Neo,1739.2152703493,1740.24027345537,3300.0,2,Whistle652,/lustre/fsn1/projects/rech/vzf/uqe97pu/raw_data/all_categories/SW_NeoExp_04_Jan_2020_1345pm1739.2152703493_1740.24027345537.wav
982,Exp_23_Nov_2019_0945am,SW_Neo,998.71332904443,999.803332677775,3000.0,3,Whistle1891,/lustre/fsn1/projects/rech/vzf/uqe97pu/raw_data/all_categories/SW_NeoExp_23_Nov_2019_0945am998.71332904443_999.803332677775.wav
239,Exp_04_Feb_2020_0945am,SW_Neo,2789.56191427656,2790.41225069631,3300.0,2,Whistle1018,/lustre/fsn1/projects/rech/vzf/uqe97pu/raw_data/all_categories/SW_NeoExp_04_Feb_2020_0945am2789.56191427656_2790.41225069631.wav
1402,Exp_15_Feb_2020_1245pm,SW_Neo,2480.60751759854,2482.02249251727,3300.0,4,Whistle1986,/lustre/fsn1/projects/rech/vzf/uqe97pu/raw_data/all_categories/SW_NeoExp_15_Feb_2020_1245pm2480.60751759854_2482.02249251727.wav
2165,Exp_13_Dec_2019_1545pm,SW_Neo,529.327664695698,529.782615588555,3300.0,13,Whistle2414,/lustre/fsn1/projects/rech/vzf/uqe97pu/raw_data/all_categories/SW_NeoExp_13_Dec_2019_1545pm529.327664695698_529.782615588555.wav
1749,Exp_07_Jan_2020_1545pm,SW_Neo,939.025526355077,939.634852285136,3300.0,5,Whistle1451,/lustre/fsn1/projects/rech/vzf/uqe97pu/raw_data/all_categories/SW_NeoExp_07_Jan_2020_1545pm939.025526355077_939.634852285136.wav
1181,Exp_03_Feb_2020_1345pm,SW_Neo,659.863796845208,660.885088221627,3300.0,3,Whistle38,/lustre/fsn1/projects/rech/vzf/uqe97pu/raw_data/all_categories/SW_NeoExp_03_Feb_2020_1345pm659.863796845208_660.885088221627.wav
1832,Exp_03_Feb_2020_1045am,SW_Neo,3204.23145015442,3204.63458904331,3300.0,7,Whistle1356,/lustre/fsn1/projects/rech/vzf/uqe97pu/raw_data/all_categories/SW_NeoExp_03_Feb_2020_1045am3204.23145015442_3204.63458904331.wav
476,Exp_16_Nov_2019_1345pm,SW_Neo,607.91168864358,608.496690268584,3600.0,2,Whistle2662,/lustre/fsn1/projects/rech/vzf/uqe97pu/raw_data/all_categories/SW_NeoExp_16_Nov_2019_1345pm607.91168864358_608.496690268584.wav
1021,Exp_17_Feb_2020_1145am,SW_Neo,701.653538567427,702.520682931189,3300.0,3,Whistle2093,/lustre/fsn1/projects/rech/vzf/uqe97pu/raw_data/all_categories/SW_NeoExp_17_Feb_2020_1145am701.653538567427_702.520682931189.wav
2231,Exp_02_Feb_2020_1245pm,SW_Neo,3050.51078822695,3051.49415732567,3300.0,15,Whistle1523,/lustre/fsn1/projects/rech/vzf/uqe97pu/raw_data/all_categories/SW_NeoExp_02_Feb_2020_1245pm3050.51078822695_3051.49415732567.wav
317,Exp_15_Jan_2020_0945am,SW_Neo,432.926311897915,433.561313822163,3300.0,2,Whistle1996,/lustre/fsn1/projects/rech/vzf/uqe97pu/raw_data/all_categories/SW_NeoExp_15_Jan_2020_0945am432.926311897915_433.561313822163.wav
620,Exp_23_Nov_2019_1545pm,SW_Neo,550.055741655646,550.821803740639,3000.0,2,Whistle3204,/lustre/fsn1/projects/rech/vzf/uqe97pu/raw_data/all_categories/SW_NeoExp_23_Nov_2019_1545pm550.055741655646_550.821803740639.wav
1907,Exp_05_Dec_2019_1245pm,SW_Neo,2903.15948430627,2903.66832933025,3000.0,7,Whistle1679,/lustre/fsn1/projects/rech/vzf/uqe97pu/raw_data/all_categories/SW_NeoExp_05_Dec_2019_1245pm2903.15948430627_2903.66832933025.wav
1888,Exp_03_Feb_2020_1545pm,SW_Neo,1501.48996041401,1502.37608284758,3300.0,7,Whistle1507,/lustre/fsn1/projects/rech/vzf/uqe97pu/raw_data/all_categories/SW_NeoExp_03_Feb_2020_1545pm1501.48996041401_1502.37608284758.wav
2155,Exp_08_Jan_2020_1345pm,SW_Neo,1349.41592401619,1349.9381725901,3300.0,13,Whistle972,/lustre/fsn1/projects/rech/vzf/uqe97pu/raw_data/all_categories/SW_NeoExp_08_Jan_2020_1345pm1349.41592401619_1349.9381725901.wav
1786,Exp_05_Dec_2019_1545pm,SW_Neo,241.490805636019,242.53364654511,3000.0,6,Whistle1070,/lustre/fsn1/projects/rech/vzf/uqe97pu/raw_data/all_categories/SW_NeoExp_05_Dec_2019_1545pm241.490805636019_242.53364654511.wav
594,Exp_17_Feb_2020_1345pm,SW_Neo,720.551403915172,721.127132558388,3300.0,2,Whistle3111,/lustre/fsn1/projects/rech/vzf/uqe97pu/raw_data/all_categories/SW_NeoExp_17_Feb_2020_1345pm720.551403915172_721.127132558388.wav
640,Exp_22_Nov_2019_1145am,SW_Neo,416.381156614324,417.281159114331,3600.0,2,Whistle3344,/lustre/fsn1/projects/rech/vzf/uqe97pu/raw_data/all_categories/SW_NeoExp_22_Nov_2019_1145am416.381156614324_417.281159114331.wav
1351,Exp_02_Mar_2020_0845am,SW_Neo,158.396495893696,159.337528151761,3000.0,3,Whistle9,/lustre/fsn1/projects/rech/vzf/uqe97pu/raw_data/all_categories/SW_NeoExp_02_Mar_2020_0845am158.396495893696_159.337528151761.wav
1898,Exp_08_Jan_2020_1245pm,SW_Neo,2289.98438456873,2290.91511212291,3300.0,7,Whistle1554,/lustre/fsn1/projects/rech/vzf/uqe97pu/raw_data/all_categories/SW_NeoExp_08_Jan_2020_1245pm2289.98438456873_2290.91511212291.wav
1174,Exp_07_Jan_2020_1545pm,SW_Neo,522.228962454951,523.01372350678,3300.0,3,Whistle370,/lustre/fsn1/projects/rech/vzf/uqe97pu/raw_data/all_categories/SW_NeoExp_07_Jan_2020_1545pm522.228962454951_523.01372350678.wav
208,Exp_10_Feb_2020_1545pm,SW_Neo,483.917515284492,485.11642914217,3300.0,1,Whistle568,/lustre/fsn1/projects/rech/vzf/uqe97pu/raw_data/all_categories/SW_NeoExp_10_Feb_2020_1545pm483.917515284492_485.11642914217.wav
83,Exp_11_Dec_2019_1545pm,SW_Neo,845.73331188299,846.602509743953,3300.0,1,Whistle1911,/lustre/fsn1/projects/rech/vzf/uqe97pu/raw_data/all_categories/SW_NeoExp_11_Dec_2019_1545pm845.73331188299_846.602509743953.wav
2157,Exp_10_Dec_2019_1545pm,SW_Neo,683.269438715205,683.652772048538,3300.0,13,Whistle977,/lustre/fsn1/projects/rech/vzf/uqe97pu/raw_data/all_categories/SW_NeoExp_10_Dec_2019_1545pm683.269438715205_683.652772048538.wav
1800,Exp_10_Feb_2020_1545pm,SW_Neo,602.587724020169,603.387646620789,3300.0,6,Whistle1618,/lustre/fsn1/projects/rech/vzf/uqe97pu/raw_data/all_categories/SW_NeoExp_10_Feb_2020_1545pm602.587724020169_603.387646620789.wav
1356,Exp_04_Feb_2020_1545pm,SW_Neo,937.053937175641,938.014760346373,3300.0,3,Whistle91,/lustre/fsn1/projects/rech/vzf/uqe97pu/raw_data/all_categories/SW_NeoExp_04_Feb_2020_1545pm937.053937175641_938.014760346373.wav
1603,Exp_04_Mar_2020_1145am,SW_Neo,204.076315506237,205.173236141158,3000.0,4,Whistle660,/lustre/fsn1/projects/rech/vzf/uqe97pu/raw_data/all_categories/SW_NeoExp_04_Mar_2020_1145am204.076315506237_205.173236141158.wav
800,Exp_01_Jan_2020_0945am,SW_Neo,194.386156786764,195.312681609459,3300.0,3,Whistle1134,/lustre/fsn1/projects/rech/vzf/uqe97pu/raw_data/all_categories/SW_NeoExp_01_Jan_2020_0945am194.386156786764_195.312681609459.wav
1591,Exp_03_Mar_2020_1345pm,SW_Neo,391.15005465598,392.46621090598,3000.0,4,Whistle637,/lustre/fsn1/projects/rech/vzf/uqe97pu/raw_data/all_categories/SW_NeoExp_03_Mar_2020_1345pm391.15005465598_392.46621090598.wav
455,Exp_06_Mar_2020_1345pm,SW_Neo,966.633256205559,967.760747844354,3000.0,2,Whistle257,/lustre/fsn1/projects/rech/vzf/uqe97pu/raw_data/all_categories/SW_NeoExp_06_Mar_2020_1345pm966.633256205559_967.760747844354.wav
1469,Exp_21_Nov_2019_0545am,SW_Neo,39.4051094586374,40.0451112364201,3600.0,4,Whistle2808,/lustre/fsn1/projects/rech/vzf/uqe97pu/raw_data/all_categories/SW_NeoExp_21_Nov_2019_0545am39.4051094586374_40.0451112364201.wav
769,Exp_05_Mar_2020_1345pm,SW_Neo,486.703819964488,487.750259592971,3000.0,3,Whistle1094,/lustre/fsn1/projects/rech/vzf/uqe97pu/raw_data/all_categories/SW_NeoExp_05_Mar_2020_1345pm486.703819964488_487.750259592971.wav
1601,Exp_04_Jan_2020_1345pm,SW_Neo,1673.87573933355,1674.70149371952,3300.0,4,Whistle658,/lustre/fsn1/projects/rech/vzf/uqe97pu/raw_data/all_categories/SW_NeoExp_04_Jan_2020_1345pm1673.87573933355_1674.70149371952.wav
966,Exp_04_Mar_2020_1545pm,SW_Neo,869.17883481459,870.070470933504,3000.0,3,Whistle163,/lustre/fsn1/projects/rech/vzf/uqe97pu/raw_data/all_categories/SW_NeoExp_04_Mar_2020_1545pm869.17883481459_870.070470933504.wav
1160,Exp_07_Jan_2020_1545pm,SW_Neo,299.701773463747,300.497240591774,3300.0,3,Whistle355,/lustre/fsn1/projects/rech/vzf/uqe97pu/raw_data/all_categories/SW_NeoExp_07_Jan_2020_1545pm299.701773463747_300.497240591774.wav
1219,Exp_08_Jan_2020_1245pm,SW_Neo,2648.71848184629,2649.6398871129,3300.0,3,Whistle443,/lustre/fsn1/projects/rech/vzf/uqe97pu/raw_data/all_categories/SW_NeoExp_08_Jan_2020_1245pm2648.71848184629_2649.6398871129.wav
1872,Exp_08_Jan_2020_1245pm,SW_Neo,1832.72200870095,1833.62758145636,3300.0,7,Whistle1462,/lustre/fsn1/projects/rech/vzf/uqe97pu/raw_data/all_categories/SW_NeoExp_08_Jan_2020_1245pm1832.72200870095_1833.62758145636.wav
1869,Exp_07_Jan_2020_1545pm,SW_Neo,940.523188361627,941.414168091357,3300.0,7,Whistle1452,/lustre/fsn1/projects/rech/vzf/uqe97pu/raw_data/all_categories/SW_NeoExp_07_Jan_2020_1545pm940.523188361627_941.414168091357.wav
1182,Exp_07_Mar_2020_0945am,SW_Neo,272.525909086364,273.63357459159,3000.0,3,Whistle380,/lustre/fsn1/projects/rech/vzf/uqe97pu/raw_data/all_categories/SW_NeoExp_07_Mar_2020_0945am272.525909086364_273.63357459159.wav
1330,Exp_05_Feb_2020_1545pm,SW_Neo,249.286273748759,250.243843469875,3300.0,3,Whistle821,/lustre/fsn1/projects/rech/vzf/uqe97pu/raw_data/all_categories/SW_NeoExp_05_Feb_2020_1545pm249.286273748759_250.243843469875.wav
222,Exp_03_Jan_2020_1145am,SW_Neo,1949.61180591133,1950.40166659244,3300.0,1,Whistle757,/lustre/fsn1/projects/rech/vzf/uqe97pu/raw_data/all_categories/SW_NeoExp_03_Jan_2020_1145am1949.61180591133_1950.40166659244.wav
1100,Exp_23_Nov_2019_0945am,SW_Neo,998.074642950564,998.903274529511,3000.0,3,Whistle2840,/lustre/fsn1/projects/rech/vzf/uqe97pu/raw_data/all_categories/SW_NeoExp_23_Nov_2019_0945am998.074642950564_998.903274529511.wav
785,Exp_06_Dec_2019_1345pm,SW_Neo,561.258820937298,562.159362732963,3000.0,3,Whistle1115,/lustre/fsn1/projects/rech/vzf/uqe97pu/raw_data/all_categories/SW_NeoExp_06_Dec_2019_1345pm561.258820937298_562.159362732963.wav
441,Exp_15_Jan_2020_1245pm,SW_Neo,2197.85096586142,2198.29795046287,3300.0,2,Whistle2511,/lustre/fsn1/projects/rech/vzf/uqe97pu/raw_data/all_categories/SW_NeoExp_15_Jan_2020_1245pm2197.85096586142_2198.29795046287.wav
665,Exp_08_Jan_2020_1245pm,SW_Neo,1604.86486383292,1605.6667768764,3300.0,2,Whistle483,/lustre/fsn1/projects/rech/vzf/uqe97pu/raw_data/all_categories/SW_NeoExp_08_Jan_2020_1245pm1604.86486383292_1605.6667768764.wav
1838,Exp_01_Feb_2020_1145am,SW_Neo,355.396855964516,356.147962521893,3300.0,7,Whistle1373,/lustre/fsn1/projects/rech/vzf/uqe97pu/raw_data/all_categories/SW_NeoExp_01_Feb_2020_1145am355.396855964516_356.147962521893.wav
1047,Exp_15_Jan_2020_0945am,SW_Neo,317.22682795921,318.39016730939,3300.0,3,Whistle2234,/lustre/fsn1/projects/rech/vzf/uqe97pu/raw_data/all_categories/SW_NeoExp_15_Jan_2020_0945am317.22682795921_318.39016730939.wav
2070,Exp_03_Mar_2020_1345pm,SW_Neo,391.931307104357,393.119307104357,3000.0,11,Whistle770,/lustre/fsn1/projects/rech/vzf/uqe97pu/raw_data/all_categories/SW_NeoExp_03_Mar_2020_1345pm391.931307104357_393.119307104357.wav
723,Exp_04_Jan_2020_1345pm,SW_Neo,1852.19134725244,1853.0070115881,3300.0,3,Whistle1033,/lustre/fsn1/projects/rech/vzf/uqe97pu/raw_data/all_categories/SW_NeoExp_04_Jan_2020_1345pm1852.19134725244_1853.0070115881.wav
960,Exp_04_Mar_2020_1545pm,SW_Neo,877.273914508758,878.320779195226,3000.0,3,Whistle156,/lustre/fsn1/projects/rech/vzf/uqe97pu/raw_data/all_categories/SW_NeoExp_04_Mar_2020_1545pm877.273914508758_878.320779195226.wav
1981,Exp_10_Feb_2020_1545pm,SW_Neo,478.530044000873,479.27966180918,3300.0,9,Whistle567,/lustre/fsn1/projects/rech/vzf/uqe97pu/raw_data/all_categories/SW_NeoExp_10_Feb_2020_1545pm478.530044000873_479.27966180918.wav
263,Exp_01_Jan_2020_1545pm,SW_Neo,469.883566734193,470.858611788097,3300.0,2,Whistle1299,/lustre/fsn1/projects/rech/vzf/uqe97pu/raw_data/all_categories/SW_NeoExp_01_Jan_2020_1545pm469.883566734193_470.858611788097.wav
308,Exp_14_Jan_2020_1545pm,SW_Neo,289.989635226921,290.555823072225,3300.0,2,Whistle1973,/lustre/fsn1/projects/rech/vzf/uqe97pu/raw_data/all_categories/SW_NeoExp_14_Jan_2020_1545pm289.989635226921_290.555823072225.wav
64,Exp_08_Jan_2020_1245pm,SW_Neo,2613.39658100439,2614.16064517551,3300.0,1,Whistle1460,/lustre/fsn1/projects/rech/vzf/uqe97pu/raw_data/all_categories/SW_NeoExp_08_Jan_2020_1245pm2613.39658100439_2614.16064517551.wav
152,Exp_16_Feb_2020_0945am,SW_Neo,1279.77431693931,1281.0888524092,3300.0,1,Whistle3041,/lustre/fsn1/projects/rech/vzf/uqe97pu/raw_data/all_categories/SW_NeoExp_16_Feb_2020_0945am1279.77431693931_1281.0888524092.wav
683,Exp_03_Mar_2020_1345pm,SW_Neo,2510.71985851079,2511.09491571214,3000.0,2,Whistle62,/lustre/fsn1/projects/rech/vzf/uqe97pu/raw_data/all_categories/SW_NeoExp_03_Mar_2020_1345pm2510.71985851079_2511.09491571214.wav
1077,Exp_06_Mar_2020_1345pm,SW_Neo,965.234407204669,966.094905596952,3000.0,3,Whistle261,/lustre/fsn1/projects/rech/vzf/uqe97pu/raw_data/all_categories/SW_NeoExp_06_Mar_2020_1345pm965.234407204669_966.094905596952.wav
1376,Exp_03_Feb_2020_1545pm,SW_Neo,414.402188403933,415.318040493965,3300.0,4,Whistle1362,/lustre/fsn1/projects/rech/vzf/uqe97pu/raw_data/all_categories/SW_NeoExp_03_Feb_2020_1545pm414.402188403933_415.318040493965.wav
1964,Exp_07_Jan_2020_1045am,SW_Neo,2428.35781045664,2429.45034517887,3300.0,8,Whistle868,/lustre/fsn1/projects/rech/vzf/uqe97pu/raw_data/all_categories/SW_NeoExp_07_Jan_2020_1045am2428.35781045664_2429.45034517887.wav
1196,Exp_08_Dec_2019_1545pm,SW_Neo,423.142088250485,424.193565578917,3300.0,3,Whistle401,/lustre/fsn1/projects/rech/vzf/uqe97pu/raw_data/all_categories/SW_NeoExp_08_Dec_2019_1545pm423.142088250485_424.193565578917.wav
1018,Exp_05_Mar_2020_1545pm,SW_Neo,41.6508299399375,42.8134286241481,3000.0,3,Whistle207,/lustre/fsn1/projects/rech/vzf/uqe97pu/raw_data/all_categories/SW_NeoExp_05_Mar_2020_1545pm41.6508299399375_42.8134286241481.wav
1322,Exp_05_Dec_2019_0945am,SW_Neo,130.540435801453,131.722718921938,3000.0,3,Whistle797,/lustre/fsn1/projects/rech/vzf/uqe97pu/raw_data/all_categories/SW_NeoExp_05_Dec_2019_0945am130.540435801453_131.722718921938.wav
1026,Exp_17_Nov_2019_1545pm,SW_Neo,1104.23806788352,1105.24724219545,3600.0,3,Whistle2142,/lustre/fsn1/projects/rech/vzf/uqe97pu/raw_data/all_categories/SW_NeoExp_17_Nov_2019_1545pm1104.23806788352_1105.24724219545.wav
611,Exp_17_Nov_2019_1545pm,SW_Neo,540.79053308445,541.361449314817,3600.0,2,Whistle3149,/lustre/fsn1/projects/rech/vzf/uqe97pu/raw_data/all_categories/SW_NeoExp_17_Nov_2019_1545pm540.79053308445_541.361449314817.wav
1169,Exp_07_Jan_2020_1545pm,SW_Neo,20.0110834786764,20.9619409670665,3300.0,3,Whistle366,/lustre/fsn1/projects/rech/vzf/uqe97pu/raw_data/all_categories/SW_NeoExp_07_Jan_2020_1545pm20.0110834786764_20.9619409670665.wav
1106,Exp_28_Nov_2019_1545pm,SW_Neo,305.402140237947,306.214993896484,3000.0,3,Whistle2910,/lustre/fsn1/projects/rech/vzf/uqe97pu/raw_data/all_categories/SW_NeoExp_28_Nov_2019_1545pm305.402140237947_306.214993896484.wav
328,Exp_16_Jan_2020_1145am,SW_Neo,755.870713159066,756.36222322618,3300.0,2,Whistle2046,/lustre/fsn1/projects/rech/vzf/uqe97pu/raw_data/all_categories/SW_NeoExp_16_Jan_2020_1145am755.870713159066_756.36222322618.wav
2088,Exp_06_Jan_2020_0945am,SW_Neo,1335.55494513296,1336.33474389457,3300.0,11,Whistle839,/lustre/fsn1/projects/rech/vzf/uqe97pu/raw_data/all_categories/SW_NeoExp_06_Jan_2020_0945am1335.55494513296_1336.33474389457.wav
1069,Exp_15_Dec_2019_1545pm,SW_Neo,979.241406622959,980.246031574055,3300.0,3,Whistle2472,/lustre/fsn1/projects/rech/vzf/uqe97pu/raw_data/all_categories/SW_NeoExp_15_Dec_2019_1545pm979.241406622959_980.246031574055.wav
425,Exp_14_Dec_2019_0845am,SW_Neo,197.612444194456,198.189229908741,3300.0,2,Whistle2417,/lustre/fsn1/projects/rech/vzf/uqe97pu/raw_data/all_categories/SW_NeoExp_14_Dec_2019_0845am197.612444194456_198.189229908741.wav
534,Exp_22_Nov_2019_1245pm,SW_Neo,412.608904248553,413.26468804485,3600.0,2,Whistle2827,/lustre/fsn1/projects/rech/vzf/uqe97pu/raw_data/all_categories/SW_NeoExp_22_Nov_2019_1245pm412.608904248553_413.26468804485.wav
483,Exp_17_Dec_2019_0945am,SW_Neo,917.239417117142,917.957721210709,3300.0,2,Whistle2678,/lustre/fsn1/projects/rech/vzf/uqe97pu/raw_data/all_categories/SW_NeoExp_17_Dec_2019_0945am917.239417117142_917.957721210709.wav
37,Exp_08_Jan_2020_1245pm,SW_Neo,2279.09873531952,2279.92876580733,3300.0,1,Whistle1269,/lustre/fsn1/projects/rech/vzf/uqe97pu/raw_data/all_categories/SW_NeoExp_08_Jan_2020_1245pm2279.09873531952_2279.92876580733.wav
79,Exp_13_Dec_2019_1545pm,SW_Neo,598.936814960045,599.596816960051,3300.0,1,Whistle1731,/lustre/fsn1/projects/rech/vzf/uqe97pu/raw_data/all_categories/SW_NeoExp_13_Dec_2019_1545pm598.936814960045_599.596816960051.wav
167,Exp_23_Nov_2019_1345pm,SW_Neo,472.668254877898,473.761537320646,3000.0,1,Whistle3201,/lustre/fsn1/projects/rech/vzf/uqe97pu/raw_data/all_categories/SW_NeoExp_23_Nov_2019_1345pm472.668254877898_473.761537320646.wav
1275,Exp_01_Mar_2020_1545pm,SW_Neo,626.263138448263,627.270384825075,3000.0,3,Whistle543,/lustre/fsn1/projects/rech/vzf/uqe97pu/raw_data/all_categories/SW_NeoExp_01_Mar_2020_1545pm626.263138448263_627.270384825075.wav
126,Exp_06_Mar_2020_1345pm,SW_Neo,811.739253613301,812.830971879555,3000.0,1,Whistle260,/lustre/fsn1/projects/rech/vzf/uqe97pu/raw_data/all_categories/SW_NeoExp_06_Mar_2020_1345pm811.739253613301_812.830971879555.wav
728,Exp_01_Feb_2020_1145am,SW_Neo,2507.16897010235,2507.91477402391,3300.0,3,Whistle104,/lustre/fsn1/projects/rech/vzf/uqe97pu/raw_data/all_categories/SW_NeoExp_01_Feb_2020_1145am2507.16897010235_2507.91477402391.wav
926,Exp_01_Mar_2020_1545pm,SW_Neo,593.632535290856,594.578685481488,3000.0,3,Whistle1340,/lustre/fsn1/projects/rech/vzf/uqe97pu/raw_data/all_categories/SW_NeoExp_01_Mar_2020_1545pm593.632535290856_594.578685481488.wav
311,Exp_14_Jan_2020_1545pm,SW_Neo,600.581819944909,601.41682247522,3300.0,2,Whistle1980,/lustre/fsn1/projects/rech/vzf/uqe97pu/raw_data/all_categories/SW_NeoExp_14_Jan_2020_1545pm600.581819944909_601.41682247522.wav
36,Exp_08_Jan_2020_1245pm,SW_Neo,2393.41799605603,2394.41412608699,3300.0,1,Whistle1255,/lustre/fsn1/projects/rech/vzf/uqe97pu/raw_data/all_categories/SW_NeoExp_08_Jan_2020_1245pm2393.41799605603_2394.41412608699.wav
1519,Exp_15_Feb_2020_1145am,SW_Neo,1066.49823181282,1067.48323479768,3300.0,4,Whistle3282,/lustre/fsn1/projects/rech/vzf/uqe97pu/raw_data/all_categories/SW_NeoExp_15_Feb_2020_1145am1066.49823181282_1067.48323479768.wav
125,Exp_06_Mar_2020_1345pm,SW_Neo,153.651281715811,154.819779884309,3000.0,1,Whistle258,/lustre/fsn1/projects/rech/vzf/uqe97pu/raw_data/all_categories/SW_NeoExp_06_Mar_2020_1345pm153.651281715811_154.819779884309.wav
1836,Exp_03_Jan_2020_1145am,SW_Neo,1957.51145130389,1958.25693849525,3300.0,7,Whistle1367,/lustre/fsn1/projects/rech/vzf/uqe97pu/raw_data/all_categories/SW_NeoExp_03_Jan_2020_1145am1957.51145130389_1958.25693849525.wav
1704,Exp_07_Dec_2019_0945am,SW_Neo,403.527902233125,404.844778873545,3300.0,4,Whistle855,/lustre/fsn1/projects/rech/vzf/uqe97pu/raw_data/all_categories/SW_NeoExp_07_Dec_2019_0945am403.527902233125_404.844778873545.wav
27,Exp_07_Dec_2019_1345pm,SW_Neo,1170.12984612337,1171.15113095309,3300.0,1,Whistle1190,/lustre/fsn1/projects/rech/vzf/uqe97pu/raw_data/all_categories/SW_NeoExp_07_Dec_2019_1345pm1170.12984612337_1171.15113095309.wav
1414,Exp_26_Nov_2019_1145am,SW_Neo,1165.85444493613,1166.62154519655,3000.0,4,Whistle2300,/lustre/fsn1/projects/rech/vzf/uqe97pu/raw_data/all_categories/SW_NeoExp_26_Nov_2019_1145am1165.85444493613_1166.62154519655.wav
850,Exp_07_Jan_2020_1545pm,SW_Neo,543.904525839836,544.871610710684,3300.0,3,Whistle1218,/lustre/fsn1/projects/rech/vzf/uqe97pu/raw_data/all_categories/SW_NeoExp_07_Jan_2020_1545pm543.904525839836_544.871610710684.wav
2110,Exp_10_Mar_2020_0845am,SW_Neo,337.151124503748,338.930425520809,3000.0,11,Whistle919,/lustre/fsn1/projects/rech/vzf/uqe97pu/raw_data/all_categories/SW_NeoExp_10_Mar_2020_0845am337.151124503748_338.930425520809.wav
2137,Exp_17_Jan_2020_1245pm,SW_Neo,435.116318534299,435.901320913094,3300.0,13,Whistle2126,/lustre/fsn1/projects/rech/vzf/uqe97pu/raw_data/all_categories/SW_NeoExp_17_Jan_2020_1245pm435.116318534299_435.901320913094.wav
921,Exp_10_Feb_2020_1545pm,SW_Neo,447.976445725429,448.851368127588,3300.0,3,Whistle1333,/lustre/fsn1/projects/rech/vzf/uqe97pu/raw_data/all_categories/SW_NeoExp_10_Feb_2020_1545pm447.976445725429_448.851368127588.wav
50,Exp_03_Feb_2020_0945am,SW_Neo,90.5902751220458,91.4364743840384,3300.0,1,Whistle1354,/lustre/fsn1/projects/rech/vzf/uqe97pu/raw_data/all_categories/SW_NeoExp_03_Feb_2020_0945am90.5902751220458_91.4364743840384.wav
1225,Exp_08_Jan_2020_1245pm,SW_Neo,1624.75709022788,1625.89911809166,3300.0,3,Whistle452,/lustre/fsn1/projects/rech/vzf/uqe97pu/raw_data/all_categories/SW_NeoExp_08_Jan_2020_1245pm1624.75709022788_1625.89911809166.wav
1040,Exp_02_Mar_2020_1545pm,SW_Neo,596.883941719427,597.83983019982,3000.0,3,Whistle22,/lustre/fsn1/projects/rech/vzf/uqe97pu/raw_data/all_categories/SW_NeoExp_02_Mar_2020_1545pm596.883941719427_597.83983019982.wav
215,Exp_05_Mar_2020_1545pm,SW_Neo,2429.30416719261,2430.39102080478,3000.0,1,Whistle678,/lustre/fsn1/projects/rech/vzf/uqe97pu/raw_data/all_categories/SW_NeoExp_05_Mar_2020_1545pm2429.30416719261_2430.39102080478.wav
746,Exp_04_Mar_2020_1345pm,SW_Neo,1137.87449630205,1138.72012088399,3000.0,3,Whistle1061,/lustre/fsn1/projects/rech/vzf/uqe97pu/raw_data/all_categories/SW_NeoExp_04_Mar_2020_1345pm1137.87449630205_1138.72012088399.wav
13,Exp_06_Feb_2020_1345pm,SW_Neo,1006.44484522033,1007.30513933798,3300.0,1,Whistle1129,/lustre/fsn1/projects/rech/vzf/uqe97pu/raw_data/all_categories/SW_NeoExp_06_Feb_2020_1345pm1006.44484522033_1007.30513933798.wav
1314,Exp_02_Jan_2020_1245pm,SW_Neo,3228.17978296904,3229.3836677274,3300.0,3,Whistle742,/lustre/fsn1/projects/rech/vzf/uqe97pu/raw_data/all_categories/SW_NeoExp_02_Jan_2020_1245pm3228.17978296904_3229.3836677274.wav
794,Exp_06_Feb_2020_1145am,SW_Neo,731.872981010948,733.392197918976,3300.0,3,Whistle1125,/lustre/fsn1/projects/rech/vzf/uqe97pu/raw_data/all_categories/SW_NeoExp_06_Feb_2020_1145am731.872981010948_733.392197918976.wav
342,Exp_17_Feb_2020_1345pm,SW_Neo,721.620903526536,722.222133893028,3300.0,2,Whistle2100,/lustre/fsn1/projects/rech/vzf/uqe97pu/raw_data/all_categories/SW_NeoExp_17_Feb_2020_1345pm721.620903526536_722.222133893028.wav
2119,Exp_09_Mar_2020_1545pm,SW_Neo,115.794750499026,116.870283803524,3000.0,12,Whistle1522,/lustre/fsn1/projects/rech/vzf/uqe97pu/raw_data/all_categories/SW_NeoExp_09_Mar_2020_1545pm115.794750499026_116.870283803524.wav
1235,Exp_08_Jan_2020_1245pm,SW_Neo,1841.20147739518,1841.97624519704,3300.0,3,Whistle469,/lustre/fsn1/projects/rech/vzf/uqe97pu/raw_data/all_categories/SW_NeoExp_08_Jan_2020_1245pm1841.20147739518_1841.97624519704.wav
1830,Exp_02_Mar_2020_1545pm,SW_Neo,680.32579591932,681.181059077214,3000.0,7,Whistle1352,/lustre/fsn1/projects/rech/vzf/uqe97pu/raw_data/all_categories/SW_NeoExp_02_Mar_2020_1545pm680.32579591932_681.181059077214.wav
2092,Exp_06_Mar_2020_1545pm,SW_Neo,331.98305668475,333.084836870509,3000.0,11,Whistle849,/lustre/fsn1/projects/rech/vzf/uqe97pu/raw_data/all_categories/SW_NeoExp_06_Mar_2020_1545pm331.98305668475_333.084836870509.wav
1643,Exp_07_Jan_2020_1045am,SW_Neo,2577.39347723579,2578.30422326754,3300.0,4,Whistle714,/lustre/fsn1/projects/rech/vzf/uqe97pu/raw_data/all_categories/SW_NeoExp_07_Jan_2020_1045am2577.39347723579_2578.30422326754.wav
2143,Exp_03_Mar_2020_1345pm,SW_Neo,2385.32122421452,2385.86506763089,3000.0,13,Whistle936,/lustre/fsn1/projects/rech/vzf/uqe97pu/raw_data/all_categories/SW_NeoExp_03_Mar_2020_1345pm2385.32122421452_2385.86506763089.wav
1054,Exp_02_Mar_2020_1545pm,SW_Neo,606.647872032633,607.408449792473,3000.0,3,Whistle23,/lustre/fsn1/projects/rech/vzf/uqe97pu/raw_data/all_categories/SW_NeoExp_02_Mar_2020_1545pm606.647872032633_607.408449792473.wav
1434,Exp_06_Jan_2020_0945am,SW_Neo,1329.66902990615,1330.60527151689,3300.0,4,Whistle248,/lustre/fsn1/projects/rech/vzf/uqe97pu/raw_data/all_categories/SW_NeoExp_06_Jan_2020_0945am1329.66902990615_1330.60527151689.wav
1367,Exp_03_Feb_2020_1045am,SW_Neo,2767.72838766178,2769.34835670203,3300.0,3,Whistle996,/lustre/fsn1/projects/rech/vzf/uqe97pu/raw_data/all_categories/SW_NeoExp_03_Feb_2020_1045am2767.72838766178_2769.34835670203.wav
663,Exp_08_Jan_2020_1245pm,SW_Neo,1858.67928441935,1859.34840206641,3300.0,2,Whistle473,/lustre/fsn1/projects/rech/vzf/uqe97pu/raw_data/all_categories/SW_NeoExp_08_Jan_2020_1245pm1858.67928441935_1859.34840206641.wav
2066,Exp_03_Jan_2020_1145am,SW_Neo,1107.89164200354,1109.30138084283,3300.0,11,Whistle755,/lustre/fsn1/projects/rech/vzf/uqe97pu/raw_data/all_categories/SW_NeoExp_03_Jan_2020_1145am1107.89164200354_1109.30138084283.wav
353,Exp_16_Nov_2019_1345pm,SW_Neo,606.487198894228,607.510222609643,3600.0,2,Whistle2066,/lustre/fsn1/projects/rech/vzf/uqe97pu/raw_data/all_categories/SW_NeoExp_16_Nov_2019_1345pm606.487198894228_607.510222609643.wav
1144,Exp_12_Mar_2020_1545pm,SW_Neo,824.977749925833,825.762752542508,3000.0,3,Whistle3269,/lustre/fsn1/projects/rech/vzf/uqe97pu/raw_data/all_categories/SW_NeoExp_12_Mar_2020_1545pm824.977749925833_825.762752542508.wav
93,Exp_02_Mar_2020_1545pm,SW_Neo,592.437582316108,593.298689458965,3000.0,1,Whistle21,/lustre/fsn1/projects/rech/vzf/uqe97pu/raw_data/all_categories/SW_NeoExp_02_Mar_2020_1545pm592.437582316108_593.298689458965.wav
681,Exp_10_Mar_2020_0845am,SW_Neo,1017.02339074464,1017.86965940135,3000.0,2,Whistle588,/lustre/fsn1/projects/rech/vzf/uqe97pu/raw_data/all_categories/SW_NeoExp_10_Mar_2020_0845am1017.02339074464_1017.86965940135.wav
1263,Exp_09_Jan_2020_1145am,SW_Neo,567.307878884967,568.233494484561,3300.0,3,Whistle527,/lustre/fsn1/projects/rech/vzf/uqe97pu/raw_data/all_categories/SW_NeoExp_09_Jan_2020_1145am567.307878884967_568.233494484561.wav
749,Exp_05_Feb_2020_0945am,SW_Neo,466.385610933888,467.491385212103,3300.0,3,Whistle1077,/lustre/fsn1/projects/rech/vzf/uqe97pu/raw_data/all_categories/SW_NeoExp_05_Feb_2020_0945am466.385610933888_467.491385212103.wav
1501,Exp_16_Feb_2020_0945am,SW_Neo,1281.54443944611,1282.56883759426,3300.0,4,Whistle3043,/lustre/fsn1/projects/rech/vzf/uqe97pu/raw_data/all_categories/SW_NeoExp_16_Feb_2020_0945am1281.54443944611_1282.56883759426.wav
1250,Exp_01_Jan_2020_1545pm,SW_Neo,800.923291523068,801.790369712369,3300.0,3,Whistle509,/lustre/fsn1/projects/rech/vzf/uqe97pu/raw_data/all_categories/SW_NeoExp_01_Jan_2020_1545pm800.923291523068_801.790369712369.wav
1923,Exp_08_Jan_2020_1245pm,SW_Neo,1830.64156917349,1831.69303976172,3300.0,7,Whistle465,/lustre/fsn1/projects/rech/vzf/uqe97pu/raw_data/all_categories/SW_NeoExp_08_Jan_2020_1245pm1830.64156917349_1831.69303976172.wav
576,Exp_16_Feb_2020_1345pm,SW_Neo,903.746678894996,904.362688747213,3300.0,2,Whistle3049,/lustre/fsn1/projects/rech/vzf/uqe97pu/raw_data/all_categories/SW_NeoExp_16_Feb_2020_1345pm903.746678894996_904.362688747213.wav
767,Exp_01_Feb_2020_1545pm,SW_Neo,653.20256856616,654.535781446706,3300.0,3,Whistle1092,/lustre/fsn1/projects/rech/vzf/uqe97pu/raw_data/all_categories/SW_NeoExp_01_Feb_2020_1545pm653.20256856616_654.535781446706.wav
1431,Exp_15_Dec_2019_0845am,SW_Neo,1209.37366476868,1209.86366625353,3300.0,4,Whistle2470,/lustre/fsn1/projects/rech/vzf/uqe97pu/raw_data/all_categories/SW_NeoExp_15_Dec_2019_0845am1209.37366476868_1209.86366625353.wav
403,Exp_16_Feb_2020_1345pm,SW_Neo,935.004063351331,935.8246322862,3300.0,2,Whistle2249,/lustre/fsn1/projects/rech/vzf/uqe97pu/raw_data/all_categories/SW_NeoExp_16_Feb_2020_1345pm935.004063351331_935.8246322862.wav
2219,Exp_06_Jan_2020_1345pm,SW_Neo,2528.52943378282,2528.91746527889,3300.0,15,Whistle1684,/lustre/fsn1/projects/rech/vzf/uqe97pu/raw_data/all_categories/SW_NeoExp_06_Jan_2020_1345pm2528.52943378282_2528.91746527889.wav
999,Exp_14_Feb_2020_1145am,SW_Neo,467.441416489141,468.426419473998,3300.0,3,Whistle1967,/lustre/fsn1/projects/rech/vzf/uqe97pu/raw_data/all_categories/SW_NeoExp_14_Feb_2020_1145am467.441416489141_468.426419473998.wav
91,Exp_05_Mar_2020_1545pm,SW_Neo,348.901934974724,349.842947836461,3000.0,1,Whistle208,/lustre/fsn1/projects/rech/vzf/uqe97pu/raw_data/all_categories/SW_NeoExp_05_Mar_2020_1545pm348.901934974724_349.842947836461.wav
1315,Exp_04_Feb_2020_1545pm,SW_Neo,138.305822216138,139.357835638957,3300.0,3,Whistle75,/lustre/fsn1/projects/rech/vzf/uqe97pu/raw_data/all_categories/SW_NeoExp_04_Feb_2020_1545pm138.305822216138_139.357835638957.wav
2167,Exp_27_Nov_2019_1145am,SW_Neo,222.60574201914,223.225744085814,3000.0,13,Whistle3452,/lustre/fsn1/projects/rech/vzf/uqe97pu/raw_data/all_categories/SW_NeoExp_27_Nov_2019_1145am222.60574201914_223.225744085814.wav
1039,Exp_27_Nov_2019_1545pm,SW_Neo,403.181525721827,404.150222554406,3000.0,3,Whistle2199,/lustre/fsn1/projects/rech/vzf/uqe97pu/raw_data/all_categories/SW_NeoExp_27_Nov_2019_1545pm403.181525721827_404.150222554406.wav
1542,Exp_23_Nov_2019_1345pm,SW_Neo,75.5117540073256,76.5437505943564,3000.0,4,Whistle3457,/lustre/fsn1/projects/rech/vzf/uqe97pu/raw_data/all_categories/SW_NeoExp_23_Nov_2019_1345pm75.5117540073256_76.5437505943564.wav
1212,Exp_08_Jan_2020_1245pm,SW_Neo,2285.34403178771,2286.07862298268,3300.0,3,Whistle433,/lustre/fsn1/projects/rech/vzf/uqe97pu/raw_data/all_categories/SW_NeoExp_08_Jan_2020_1245pm2285.34403178771_2286.07862298268.wav
468,Exp_16_Nov_2019_1045am,SW_Neo,2127.64782311545,2128.55060572415,3600.0,2,Whistle2639,/lustre/fsn1/projects/rech/vzf/uqe97pu/raw_data/all_categories/SW_NeoExp_16_Nov_2019_1045am2127.64782311545_2128.55060572415.wav
1328,Exp_05_Feb_2020_0945am,SW_Neo,246.115746411353,247.148015914899,3300.0,3,Whistle817,/lustre/fsn1/projects/rech/vzf/uqe97pu/raw_data/all_categories/SW_NeoExp_05_Feb_2020_0945am246.115746411353_247.148015914899.wav
1220,Exp_08_Jan_2020_1245pm,SW_Neo,2652.46945664175,2653.25560477167,3300.0,3,Whistle444,/lustre/fsn1/projects/rech/vzf/uqe97pu/raw_data/all_categories/SW_NeoExp_08_Jan_2020_1245pm2652.46945664175_2653.25560477167.wav
928,Exp_02_Jan_2020_1045am,SW_Neo,1607.1053589929,1608.14206909061,3300.0,3,Whistle1344,/lustre/fsn1/projects/rech/vzf/uqe97pu/raw_data/all_categories/SW_NeoExp_02_Jan_2020_1045am1607.1053589929_1608.14206909061.wav
278,Exp_03_Mar_2020_1345pm,SW_Neo,1087.80093012658,1088.49693012658,3000.0,2,Whistle1511,/lustre/fsn1/projects/rech/vzf/uqe97pu/raw_data/all_categories/SW_NeoExp_03_Mar_2020_1345pm1087.80093012658_1088.49693012658.wav
2199,Exp_07_Dec_2019_1245pm,SW_Neo,2750.84483297267,2752.4383089085,3300.0,14,Whistle1635,/lustre/fsn1/projects/rech/vzf/uqe97pu/raw_data/all_categories/SW_NeoExp_07_Dec_2019_1245pm2750.84483297267_2752.4383089085.wav
488,Exp_17_Feb_2020_1145am,SW_Neo,721.133842859125,721.892130151943,3300.0,2,Whistle2693,/lustre/fsn1/projects/rech/vzf/uqe97pu/raw_data/all_categories/SW_NeoExp_17_Feb_2020_1145am721.133842859125_721.892130151943.wav
1497,Exp_15_Jan_2020_1345pm,SW_Neo,1027.96811566096,1029.32753312611,3300.0,4,Whistle3018,/lustre/fsn1/projects/rech/vzf/uqe97pu/raw_data/all_categories/SW_NeoExp_15_Jan_2020_1345pm1027.96811566096_1029.32753312611.wav
703,Exp_03_Feb_2020_1345pm,SW_Neo,879.973901665548,880.829426895527,3300.0,3,Whistle1005,/lustre/fsn1/projects/rech/vzf/uqe97pu/raw_data/all_categories/SW_NeoExp_03_Feb_2020_1345pm879.973901665548_880.829426895527.wav
2012,Exp_15_Feb_2020_1345pm,SW_Neo,1449.66439352847,1450.04796160358,3300.0,10,Whistle1989,/lustre/fsn1/projects/rech/vzf/uqe97pu/raw_data/all_categories/SW_NeoExp_15_Feb_2020_1345pm1449.66439352847_1450.04796160358.wav
1509,Exp_15_Jan_2020_1345pm,SW_Neo,1035.56966210194,1036.60679755465,3300.0,4,Whistle3013,/lustre/fsn1/projects/rech/vzf/uqe97pu/raw_data/all_categories/SW_NeoExp_15_Jan_2020_1345pm1035.56966210194_1036.60679755465.wav
2203,Exp_08_Jan_2020_1245pm,SW_Neo,2291.08324430634,2292.49192206691,3300.0,14,Whistle1640,/lustre/fsn1/projects/rech/vzf/uqe97pu/raw_data/all_categories/SW_NeoExp_08_Jan_2020_1245pm2291.08324430634_2292.49192206691.wav
1792,Exp_01_Feb_2020_1545pm,SW_Neo,459.593079015521,460.528285701951,3300.0,6,Whistle1406,/lustre/fsn1/projects/rech/vzf/uqe97pu/raw_data/all_categories/SW_NeoExp_01_Feb_2020_1545pm459.593079015521_460.528285701951.wav
1333,Exp_05_Mar_2020_1545pm,SW_Neo,984.150447176929,985.307567919963,3000.0,3,Whistle828,/lustre/fsn1/projects/rech/vzf/uqe97pu/raw_data/all_categories/SW_NeoExp_05_Mar_2020_1545pm984.150447176929_985.307567919963.wav
2217,Exp_04_Mar_2020_1145am,SW_Neo,161.691331516397,162.681534820047,3000.0,15,Whistle1674,/lustre/fsn1/projects/rech/vzf/uqe97pu/raw_data/all_categories/SW_NeoExp_04_Mar_2020_1145am161.691331516397_162.681534820047.wav
1650,Exp_08_Jan_2020_0945am,SW_Neo,1441.18554495174,1442.3074561682,3300.0,4,Whistle727,/lustre/fsn1/projects/rech/vzf/uqe97pu/raw_data/all_categories/SW_NeoExp_08_Jan_2020_0945am1441.18554495174_1442.3074561682.wav
1426,Exp_15_Jan_2020_1545pm,SW_Neo,1023.42872672152,1024.26232047152,3300.0,4,Whistle2543,/lustre/fsn1/projects/rech/vzf/uqe97pu/raw_data/all_categories/SW_NeoExp_15_Jan_2020_1545pm1023.42872672152_1024.26232047152.wav
1955,Exp_22_Nov_2019_1245pm,SW_Neo,414.302746511766,415.491115306093,3600.0,8,Whistle2828,/lustre/fsn1/projects/rech/vzf/uqe97pu/raw_data/all_categories/SW_NeoExp_22_Nov_2019_1245pm414.302746511766_415.491115306093.wav
14,Exp_01_Jan_2020_0945am,SW_Neo,126.485894351582,127.605341160092,3300.0,1,Whistle1130,/lustre/fsn1/projects/rech/vzf/uqe97pu/raw_data/all_categories/SW_NeoExp_01_Jan_2020_0945am126.485894351582_127.605341160092.wav
2189,Exp_01_Feb_2020_1145am,SW_Neo,2922.8288576632,2924.20230967559,3300.0,14,Whistle1573,/lustre/fsn1/projects/rech/vzf/uqe97pu/raw_data/all_categories/SW_NeoExp_01_Feb_2020_1145am2922.8288576632_2924.20230967559.wav
1500,Exp_16_Dec_2019_1545pm,SW_Neo,498.489490795868,499.209954496568,3300.0,4,Whistle3040,/lustre/fsn1/projects/rech/vzf/uqe97pu/raw_data/all_categories/SW_NeoExp_16_Dec_2019_1545pm498.489490795868_499.209954496568.wav
1158,Exp_03_Feb_2020_1345pm,SW_Neo,434.423730713153,435.470170341636,3300.0,3,Whistle35,/lustre/fsn1/projects/rech/vzf/uqe97pu/raw_data/all_categories/SW_NeoExp_03_Feb_2020_1345pm434.423730713153_435.470170341636.wav
1971,Exp_05_Dec_2019_1545pm,SW_Neo,613.049054012723,613.724786473549,3000.0,9,Whistle1534,/lustre/fsn1/projects/rech/vzf/uqe97pu/raw_data/all_categories/SW_NeoExp_05_Dec_2019_1545pm613.049054012723_613.724786473549.wav
1045,Exp_11_Dec_2019_1145am,SW_Neo,541.227489470666,542.20159324425,3300.0,3,Whistle2209,/lustre/fsn1/projects/rech/vzf/uqe97pu/raw_data/all_categories/SW_NeoExp_11_Dec_2019_1145am541.227489470666_542.20159324425.wav
1693,Exp_05_Feb_2020_1345pm,SW_Neo,1101.85411317059,1102.97601719536,3300.0,4,Whistle819,/lustre/fsn1/projects/rech/vzf/uqe97pu/raw_data/all_categories/SW_NeoExp_05_Feb_2020_1345pm1101.85411317059_1102.97601719536.wav
532,Exp_22_Nov_2019_1145am,SW_Neo,1031.28837792569,1032.21781382313,3600.0,2,Whistle2817,/lustre/fsn1/projects/rech/vzf/uqe97pu/raw_data/all_categories/SW_NeoExp_22_Nov_2019_1145am1031.28837792569_1032.21781382313.wav
1484,Exp_26_Nov_2019_1345pm,SW_Neo,922.258074193581,922.688075626919,3000.0,4,Whistle2889,/lustre/fsn1/projects/rech/vzf/uqe97pu/raw_data/all_categories/SW_NeoExp_26_Nov_2019_1345pm922.258074193581_922.688075626919.wav
1766,Exp_01_Jan_2020_1545pm,SW_Neo,523.722335062301,524.549998613703,3300.0,5,Whistle1560,/lustre/fsn1/projects/rech/vzf/uqe97pu/raw_data/all_categories/SW_NeoExp_01_Jan_2020_1545pm523.722335062301_524.549998613703.wav
1274,Exp_09_Jan_2020_1545pm,SW_Neo,14.9263743110307,15.7817540578662,3300.0,3,Whistle541,/lustre/fsn1/projects/rech/vzf/uqe97pu/raw_data/all_categories/SW_NeoExp_09_Jan_2020_1545pm14.9263743110307_15.7817540578662.wav
712,Exp_01_Feb_2020_1145am,SW_Neo,333.171010215182,334.232549527618,3300.0,3,Whistle1020,/lustre/fsn1/projects/rech/vzf/uqe97pu/raw_data/all_categories/SW_NeoExp_01_Feb_2020_1145am333.171010215182_334.232549527618.wav
66,Exp_09_Feb_2020_1545pm,SW_Neo,3000.43065697166,3001.02011057336,3300.0,1,Whistle1477,/lustre/fsn1/projects/rech/vzf/uqe97pu/raw_data/all_categories/SW_NeoExp_09_Feb_2020_1545pm3000.43065697166_3001.02011057336.wav
1902,Exp_02_Jan_2020_1045am,SW_Neo,1573.58419410751,1574.28852847284,3300.0,7,Whistle1566,/lustre/fsn1/projects/rech/vzf/uqe97pu/raw_data/all_categories/SW_NeoExp_02_Jan_2020_1045am1573.58419410751_1574.28852847284.wav
891,Exp_01_Jan_2020_1545pm,SW_Neo,792.879497502951,794.127370518824,3300.0,3,Whistle1295,/lustre/fsn1/projects/rech/vzf/uqe97pu/raw_data/all_categories/SW_NeoExp_01_Jan_2020_1545pm792.879497502951_794.127370518824.wav
1995,Exp_16_Nov_2019_1345pm,SW_Neo,699.441942894286,700.716946435962,3600.0,10,Whistle1804,/lustre/fsn1/projects/rech/vzf/uqe97pu/raw_data/all_categories/SW_NeoExp_16_Nov_2019_1345pm699.441942894286_700.716946435962.wav
1477,Exp_23_Nov_2019_0945am,SW_Neo,999.163330544435,1000.18333394445,3000.0,4,Whistle2841,/lustre/fsn1/projects/rech/vzf/uqe97pu/raw_data/all_categories/SW_NeoExp_23_Nov_2019_0945am999.163330544435_1000.18333394445.wav
1002,Exp_14_Jan_2020_1545pm,SW_Neo,624.277556012209,625.240481323413,3300.0,3,Whistle1983,/lustre/fsn1/projects/rech/vzf/uqe97pu/raw_data/all_categories/SW_NeoExp_14_Jan_2020_1545pm624.277556012209_625.240481323413.wav
34,Exp_04_Jan_2020_1345pm,SW_Neo,1680.97151790647,1681.83181202411,3300.0,1,Whistle125,/lustre/fsn1/projects/rech/vzf/uqe97pu/raw_data/all_categories/SW_NeoExp_04_Jan_2020_1345pm1680.97151790647_1681.83181202411.wav
398,Exp_26_Nov_2019_1345pm,SW_Neo,577.665004923083,578.531884923083,3000.0,2,Whistle2337,/lustre/fsn1/projects/rech/vzf/uqe97pu/raw_data/all_categories/SW_NeoExp_26_Nov_2019_1345pm577.665004923083_578.531884923083.wav
265,Exp_10_Feb_2020_1545pm,SW_Neo,1472.93647208048,1473.57197426389,3300.0,2,Whistle1336,/lustre/fsn1/projects/rech/vzf/uqe97pu/raw_data/all_categories/SW_NeoExp_10_Feb_2020_1545pm1472.93647208048_1473.57197426389.wav
1078,Exp_16_Jan_2020_1145am,SW_Neo,306.808151876554,307.580879149282,3300.0,3,Whistle2618,/lustre/fsn1/projects/rech/vzf/uqe97pu/raw_data/all_categories/SW_NeoExp_16_Jan_2020_1145am306.808151876554_307.580879149282.wav
1057,Exp_06_Feb_2020_1145am,SW_Neo,719.663109738572,720.674332648789,3300.0,3,Whistle232,/lustre/fsn1/projects/rech/vzf/uqe97pu/raw_data/all_categories/SW_NeoExp_06_Feb_2020_1145am719.663109738572_720.674332648789.wav
393,Exp_28_Nov_2019_1545pm,SW_Neo,568.193542491295,568.956839194592,3000.0,2,Whistle2304,/lustre/fsn1/projects/rech/vzf/uqe97pu/raw_data/all_categories/SW_NeoExp_28_Nov_2019_1545pm568.193542491295_568.956839194592.wav
1931,Exp_07_Dec_2019_0945am,SW_Neo,389.632410136155,390.602483936893,3300.0,7,Whistle856,/lustre/fsn1/projects/rech/vzf/uqe97pu/raw_data/all_categories/SW_NeoExp_07_Dec_2019_0945am389.632410136155_390.602483936893.wav
1664,Exp_02_Mar_2020_1345pm,SW_Neo,815.307718359061,816.776768023664,3000.0,4,Whistle744,/lustre/fsn1/projects/rech/vzf/uqe97pu/raw_data/all_categories/SW_NeoExp_02_Mar_2020_1345pm815.307718359061_816.776768023664.wav
1699,Exp_06_Feb_2020_1345pm,SW_Neo,886.2176861142,887.540828529061,3300.0,4,Whistle836,/lustre/fsn1/projects/rech/vzf/uqe97pu/raw_data/all_categories/SW_NeoExp_06_Feb_2020_1345pm886.2176861142_887.540828529061.wav
1372,Exp_01_Feb_2020_1145am,SW_Neo,339.076882779278,339.772012890802,3300.0,4,Whistle100,/lustre/fsn1/projects/rech/vzf/uqe97pu/raw_data/all_categories/SW_NeoExp_01_Feb_2020_1145am339.076882779278_339.772012890802.wav
819,Exp_06_Mar_2020_1545pm,SW_Neo,337.242167701467,338.36947171884,3000.0,3,Whistle1160,/lustre/fsn1/projects/rech/vzf/uqe97pu/raw_data/all_categories/SW_NeoExp_06_Mar_2020_1545pm337.242167701467_338.36947171884.wav
196,Exp_08_Jan_2020_1245pm,SW_Neo,2630.98390309005,2631.95531505018,3300.0,1,Whistle487,/lustre/fsn1/projects/rech/vzf/uqe97pu/raw_data/all_categories/SW_NeoExp_08_Jan_2020_1245pm2630.98390309005_2631.95531505018.wav
535,Exp_22_Nov_2019_1245pm,SW_Neo,419.916166433796,420.761168781024,3600.0,2,Whistle2831,/lustre/fsn1/projects/rech/vzf/uqe97pu/raw_data/all_categories/SW_NeoExp_22_Nov_2019_1245pm419.916166433796_420.761168781024.wav
1092,Exp_06_Mar_2020_1545pm,SW_Neo,873.12408880365,873.959375427854,3000.0,3,Whistle276,/lustre/fsn1/projects/rech/vzf/uqe97pu/raw_data/all_categories/SW_NeoExp_06_Mar_2020_1545pm873.12408880365_873.959375427854.wav
264,Exp_10_Feb_2020_1545pm,SW_Neo,1462.41166016799,1463.18264295608,3300.0,2,Whistle1335,/lustre/fsn1/projects/rech/vzf/uqe97pu/raw_data/all_categories/SW_NeoExp_10_Feb_2020_1545pm1462.41166016799_1463.18264295608.wav
118,Exp_06_Jan_2020_0945am,SW_Neo,1332.4394490772,1333.44629839227,3300.0,1,Whistle250,/lustre/fsn1/projects/rech/vzf/uqe97pu/raw_data/all_categories/SW_NeoExp_06_Jan_2020_0945am1332.4394490772_1333.44629839227.wav
1514,Exp_28_Nov_2019_0945am,SW_Neo,1034.18437791072,1034.96838953862,3000.0,4,Whistle3226,/lustre/fsn1/projects/rech/vzf/uqe97pu/raw_data/all_categories/SW_NeoExp_28_Nov_2019_0945am1034.18437791072_1034.96838953862.wav
561,Exp_13_Dec_2019_1545pm,SW_Neo,426.041118150724,426.416221599,3300.0,2,Whistle2953,/lustre/fsn1/projects/rech/vzf/uqe97pu/raw_data/all_categories/SW_NeoExp_13_Dec_2019_1545pm426.041118150724_426.416221599.wav
1966,Exp_01_Feb_2020_1145am,SW_Neo,2769.89856153389,2770.50481153389,3300.0,8,Whistle930,/lustre/fsn1/projects/rech/vzf/uqe97pu/raw_data/all_categories/SW_NeoExp_01_Feb_2020_1145am2769.89856153389_2770.50481153389.wav
166,Exp_23_Nov_2019_0945am,SW_Neo,1000.84420231022,1001.50123665707,3000.0,1,Whistle3195,/lustre/fsn1/projects/rech/vzf/uqe97pu/raw_data/all_categories/SW_NeoExp_23_Nov_2019_0945am1000.84420231022_1001.50123665707.wav
1192,Exp_08_Dec_2019_1545pm,SW_Neo,472.632629490469,473.579249208779,3300.0,3,Whistle398,/lustre/fsn1/projects/rech/vzf/uqe97pu/raw_data/all_categories/SW_NeoExp_08_Dec_2019_1545pm472.632629490469_473.579249208779.wav
775,Exp_04_Jan_2020_1345pm,SW_Neo,1757.15124363799,1757.9720033553,3300.0,3,Whistle110,/lustre/fsn1/projects/rech/vzf/uqe97pu/raw_data/all_categories/SW_NeoExp_04_Jan_2020_1345pm1757.15124363799_1757.9720033553.wav
1685,Exp_04_Jan_2020_1345pm,SW_Neo,2380.61467958753,2381.81356996575,3300.0,4,Whistle790,/lustre/fsn1/projects/rech/vzf/uqe97pu/raw_data/all_categories/SW_NeoExp_04_Jan_2020_1345pm2380.61467958753_2381.81356996575.wav
54,Exp_04_Mar_2020_1345pm,SW_Neo,660.583687875451,661.529508308887,3000.0,1,Whistle139,/lustre/fsn1/projects/rech/vzf/uqe97pu/raw_data/all_categories/SW_NeoExp_04_Mar_2020_1345pm660.583687875451_661.529508308887.wav
84,Exp_11_Mar_2020_1145am,SW_Neo,983.874634259272,984.686048601902,3000.0,1,Whistle1921,/lustre/fsn1/projects/rech/vzf/uqe97pu/raw_data/all_categories/SW_NeoExp_11_Mar_2020_1145am983.874634259272_984.686048601902.wav
1344,Exp_04_Feb_2020_1545pm,SW_Neo,23.3509254873731,24.6638910933183,3300.0,3,Whistle87,/lustre/fsn1/projects/rech/vzf/uqe97pu/raw_data/all_categories/SW_NeoExp_04_Feb_2020_1545pm23.3509254873731_24.6638910933183.wav
933,Exp_04_Mar_2020_1345pm,SW_Neo,651.208055277644,652.330640311658,3000.0,3,Whistle137,/lustre/fsn1/projects/rech/vzf/uqe97pu/raw_data/all_categories/SW_NeoExp_04_Mar_2020_1345pm651.208055277644_652.330640311658.wav
133,Exp_17_Nov_2019_1545pm,SW_Neo,519.460720746745,520.413282056269,3600.0,1,Whistle2779,/lustre/fsn1/projects/rech/vzf/uqe97pu/raw_data/all_categories/SW_NeoExp_17_Nov_2019_1545pm519.460720746745_520.413282056269.wav
772,Exp_05_Mar_2020_1345pm,SW_Neo,557.032410695059,558.019643167384,3000.0,3,Whistle1097,/lustre/fsn1/projects/rech/vzf/uqe97pu/raw_data/all_categories/SW_NeoExp_05_Mar_2020_1345pm557.032410695059_558.019643167384.wav
692,Exp_06_Dec_2019_0945am,SW_Neo,868.48789495965,869.512898376328,3000.0,2,Whistle681,/lustre/fsn1/projects/rech/vzf/uqe97pu/raw_data/all_categories/SW_NeoExp_06_Dec_2019_0945am868.48789495965_869.512898376328.wav
538,Exp_07_Dec_2019_0845am,SW_Neo,21.6072940872126,22.4072166878318,3300.0,2,Whistle284,/lustre/fsn1/projects/rech/vzf/uqe97pu/raw_data/all_categories/SW_NeoExp_07_Dec_2019_0845am21.6072940872126_22.4072166878318.wav
97,Exp_23_Nov_2019_0945am,SW_Neo,1004.26334821116,1005.0465061059,3000.0,1,Whistle2174,/lustre/fsn1/projects/rech/vzf/uqe97pu/raw_data/all_categories/SW_NeoExp_23_Nov_2019_0945am1004.26334821116_1005.0465061059.wav
562,Exp_13_Dec_2019_1545pm,SW_Neo,449.198151578956,450.141317517821,3300.0,2,Whistle2954,/lustre/fsn1/projects/rech/vzf/uqe97pu/raw_data/all_categories/SW_NeoExp_13_Dec_2019_1545pm449.198151578956_450.141317517821.wav
2061,Exp_03_Feb_2020_1045am,SW_Neo,3207.28129969456,3208.17741653304,3300.0,11,Whistle746,/lustre/fsn1/projects/rech/vzf/uqe97pu/raw_data/all_categories/SW_NeoExp_03_Feb_2020_1045am3207.28129969456_3208.17741653304.wav
2017,Exp_15_Jan_2020_1245pm,SW_Neo,1948.02090369971,1948.43003635277,3300.0,10,Whistle2509,/lustre/fsn1/projects/rech/vzf/uqe97pu/raw_data/all_categories/SW_NeoExp_15_Jan_2020_1245pm1948.02090369971_1948.43003635277.wav
1628,Exp_06_Feb_2020_1345pm,SW_Neo,1014.56367611449,1015.45997241897,3300.0,4,Whistle692,/lustre/fsn1/projects/rech/vzf/uqe97pu/raw_data/all_categories/SW_NeoExp_06_Feb_2020_1345pm1014.56367611449_1015.45997241897.wav
1588,Exp_03_Mar_2020_1345pm,SW_Neo,2184.06228087427,2185.01446718606,3000.0,4,Whistle634,/lustre/fsn1/projects/rech/vzf/uqe97pu/raw_data/all_categories/SW_NeoExp_03_Mar_2020_1345pm2184.06228087427_2185.01446718606.wav
377,Exp_15_Jan_2020_0945am,SW_Neo,675.468431409466,676.41421602485,3300.0,2,Whistle2233,/lustre/fsn1/projects/rech/vzf/uqe97pu/raw_data/all_categories/SW_NeoExp_15_Jan_2020_0945am675.468431409466_676.41421602485.wav
1738,Exp_08_Jan_2020_1245pm,SW_Neo,1829.59867023966,1830.39356188053,3300.0,5,Whistle1266,/lustre/fsn1/projects/rech/vzf/uqe97pu/raw_data/all_categories/SW_NeoExp_08_Jan_2020_1245pm1829.59867023966_1830.39356188053.wav
1251,Exp_03_Jan_2020_1145am,SW_Neo,1965.98693326417,1966.67107960564,3300.0,3,Whistle51,/lustre/fsn1/projects/rech/vzf/uqe97pu/raw_data/all_categories/SW_NeoExp_03_Jan_2020_1145am1965.98693326417_1966.67107960564.wav
185,Exp_08_Jan_2020_1245pm,SW_Neo,2283.16691929369,2284.07805488691,3300.0,1,Whistle432,/lustre/fsn1/projects/rech/vzf/uqe97pu/raw_data/all_categories/SW_NeoExp_08_Jan_2020_1245pm2283.16691929369_2284.07805488691.wav
1820,Exp_01_Jan_2020_1345pm,SW_Neo,508.767533582072,509.678143134445,3300.0,7,Whistle1223,/lustre/fsn1/projects/rech/vzf/uqe97pu/raw_data/all_categories/SW_NeoExp_01_Jan_2020_1345pm508.767533582072_509.678143134445.wav
1419,Exp_12_Dec_2019_1145am,SW_Neo,874.103469672363,875.002597877491,3300.0,4,Whistle2363,/lustre/fsn1/projects/rech/vzf/uqe97pu/raw_data/all_categories/SW_NeoExp_12_Dec_2019_1145am874.103469672363_875.002597877491.wav
1102,Exp_07_Dec_2019_1145am,SW_Neo,2710.32911111528,2711.11394083664,3300.0,3,Whistle288,/lustre/fsn1/projects/rech/vzf/uqe97pu/raw_data/all_categories/SW_NeoExp_07_Dec_2019_1145am2710.32911111528_2711.11394083664.wav
863,Exp_08_Jan_2020_1245pm,SW_Neo,2271.97960850937,2272.78959302949,3300.0,3,Whistle1243,/lustre/fsn1/projects/rech/vzf/uqe97pu/raw_data/all_categories/SW_NeoExp_08_Jan_2020_1245pm2271.97960850937_2272.78959302949.wav
258,Exp_04_Jan_2020_1345pm,SW_Neo,2410.84998397235,2411.70219255224,3300.0,2,Whistle122,/lustre/fsn1/projects/rech/vzf/uqe97pu/raw_data/all_categories/SW_NeoExp_04_Jan_2020_1345pm2410.84998397235_2411.70219255224.wav
273,Exp_08_Dec_2019_1045am,SW_Neo,1317.26637228266,1317.85062136691,3300.0,2,Whistle1455,/lustre/fsn1/projects/rech/vzf/uqe97pu/raw_data/all_categories/SW_NeoExp_08_Dec_2019_1045am1317.26637228266_1317.85062136691.wav
171,Exp_17_Nov_2019_1545pm,SW_Neo,418.446162350451,419.491165253237,3600.0,1,Whistle3331,/lustre/fsn1/projects/rech/vzf/uqe97pu/raw_data/all_categories/SW_NeoExp_17_Nov_2019_1545pm418.446162350451_419.491165253237.wav
372,Exp_28_Nov_2019_1545pm,SW_Neo,200.403865588435,201.075616857471,3000.0,2,Whistle2203,/lustre/fsn1/projects/rech/vzf/uqe97pu/raw_data/all_categories/SW_NeoExp_28_Nov_2019_1545pm200.403865588435_201.075616857471.wav
853,Exp_07_Mar_2020_1545pm,SW_Neo,736.704531466085,737.364064338057,3000.0,3,Whistle1221,/lustre/fsn1/projects/rech/vzf/uqe97pu/raw_data/all_categories/SW_NeoExp_07_Mar_2020_1545pm736.704531466085_737.364064338057.wav
2131,Exp_13_Jan_2020_0845am,SW_Neo,1834.02209276038,1834.315508079,3300.0,12,Whistle2955,/lustre/fsn1/projects/rech/vzf/uqe97pu/raw_data/all_categories/SW_NeoExp_13_Jan_2020_0845am1834.02209276038_1834.315508079.wav
1197,Exp_08_Dec_2019_1545pm,SW_Neo,417.322057504941,418.363368480551,3300.0,3,Whistle403,/lustre/fsn1/projects/rech/vzf/uqe97pu/raw_data/all_categories/SW_NeoExp_08_Dec_2019_1545pm417.322057504941_418.363368480551.wav
116,Exp_14_Jan_2020_1545pm,SW_Neo,603.248085436276,604.016771150562,3300.0,1,Whistle2454,/lustre/fsn1/projects/rech/vzf/uqe97pu/raw_data/all_categories/SW_NeoExp_14_Jan_2020_1545pm603.248085436276_604.016771150562.wav
1433,Exp_15_Feb_2020_1045am,SW_Neo,3244.15483077221,3245.17483386313,3300.0,4,Whistle2476,/lustre/fsn1/projects/rech/vzf/uqe97pu/raw_data/all_categories/SW_NeoExp_15_Feb_2020_1045am3244.15483077221_3245.17483386313.wav
1989,Exp_16_Dec_2019_1545pm,SW_Neo,472.78643268616,473.471434761924,3300.0,10,Whistle1775,/lustre/fsn1/projects/rech/vzf/uqe97pu/raw_data/all_categories/SW_NeoExp_16_Dec_2019_1545pm472.78643268616_473.471434761924.wav
2060,Exp_08_Dec_2019_1045am,SW_Neo,1675.10106792612,1676.17266922255,3300.0,11,Whistle723,/lustre/fsn1/projects/rech/vzf/uqe97pu/raw_data/all_categories/SW_NeoExp_08_Dec_2019_1045am1675.10106792612_1676.17266922255.wav
1478,Exp_14_Feb_2020_1345pm,SW_Neo,1025.80959650667,1027.13184168573,3300.0,4,Whistle2974,/lustre/fsn1/projects/rech/vzf/uqe97pu/raw_data/all_categories/SW_NeoExp_14_Feb_2020_1345pm1025.80959650667_1027.13184168573.wav
1824,Exp_01_Jan_2020_1545pm,SW_Neo,505.136531322822,506.57585698786,3300.0,7,Whistle1286,/lustre/fsn1/projects/rech/vzf/uqe97pu/raw_data/all_categories/SW_NeoExp_01_Jan_2020_1545pm505.136531322822_506.57585698786.wav
695,Exp_04_Feb_2020_0945am,SW_Neo,2787.63604732661,2788.2598863359,3300.0,2,Whistle72,/lustre/fsn1/projects/rech/vzf/uqe97pu/raw_data/all_categories/SW_NeoExp_04_Feb_2020_0945am2787.63604732661_2788.2598863359.wav
805,Exp_06_Mar_2020_1345pm,SW_Neo,116.157080258691,116.94206428425,3000.0,3,Whistle1139,/lustre/fsn1/projects/rech/vzf/uqe97pu/raw_data/all_categories/SW_NeoExp_06_Mar_2020_1345pm116.157080258691_116.94206428425.wav
970,Exp_05_Dec_2019_0945am,SW_Neo,133.197703496731,134.450412475059,3000.0,3,Whistle1658,/lustre/fsn1/projects/rech/vzf/uqe97pu/raw_data/all_categories/SW_NeoExp_05_Dec_2019_0945am133.197703496731_134.450412475059.wav
1521,Exp_15_Jan_2020_1345pm,SW_Neo,9.33502828796451,10.4300316061564,3300.0,4,Whistle3292,/lustre/fsn1/projects/rech/vzf/uqe97pu/raw_data/all_categories/SW_NeoExp_15_Jan_2020_1345pm9.33502828796451_10.4300316061564.wav
2132,Exp_26_Nov_2019_1545pm,SW_Neo,194.897041489848,195.591041489848,3000.0,12,Whistle3220,/lustre/fsn1/projects/rech/vzf/uqe97pu/raw_data/all_categories/SW_NeoExp_26_Nov_2019_1545pm194.897041489848_195.591041489848.wav
2035,Exp_01_Feb_2020_1145am,SW_Neo,2505.21781766743,2505.87170274336,3300.0,10,Whistle939,/lustre/fsn1/projects/rech/vzf/uqe97pu/raw_data/all_categories/SW_NeoExp_01_Feb_2020_1145am2505.21781766743_2505.87170274336.wav
1767,Exp_04_Mar_2020_1545pm,SW_Neo,853.32901012261,854.159666693671,3000.0,5,Whistle161,/lustre/fsn1/projects/rech/vzf/uqe97pu/raw_data/all_categories/SW_NeoExp_04_Mar_2020_1545pm853.32901012261_854.159666693671.wav
228,Exp_04_Jan_2020_0945am,SW_Neo,1739.61376889223,1740.66523948046,3300.0,1,Whistle96,/lustre/fsn1/projects/rech/vzf/uqe97pu/raw_data/all_categories/SW_NeoExp_04_Jan_2020_0945am1739.61376889223_1740.66523948046.wav
32,Exp_01_Jan_2020_1345pm,SW_Neo,544.926651898945,545.858659474703,3300.0,1,Whistle1226,/lustre/fsn1/projects/rech/vzf/uqe97pu/raw_data/all_categories/SW_NeoExp_01_Jan_2020_1345pm544.926651898945_545.858659474703.wav
248,Exp_04_Jan_2020_1345pm,SW_Neo,2224.16193711596,2224.8821706887,3300.0,2,Whistle115,/lustre/fsn1/projects/rech/vzf/uqe97pu/raw_data/all_categories/SW_NeoExp_04_Jan_2020_1345pm2224.16193711596_2224.8821706887.wav
1440,Exp_15_Jan_2020_1545pm,SW_Neo,865.75762350795,866.2376249625,3300.0,4,Whistle2538,/lustre/fsn1/projects/rech/vzf/uqe97pu/raw_data/all_categories/SW_NeoExp_15_Jan_2020_1545pm865.75762350795_866.2376249625.wav
356,Exp_05_Mar_2020_1545pm,SW_Neo,221.161698104522,222.13267956092,3000.0,2,Whistle215,/lustre/fsn1/projects/rech/vzf/uqe97pu/raw_data/all_categories/SW_NeoExp_05_Mar_2020_1545pm221.161698104522_222.13267956092.wav
253,Exp_07_Dec_2019_1245pm,SW_Neo,2709.66531431978,2710.35952163685,3300.0,2,Whistle1182,/lustre/fsn1/projects/rech/vzf/uqe97pu/raw_data/all_categories/SW_NeoExp_07_Dec_2019_1245pm2709.66531431978_2710.35952163685.wav
94,Exp_17_Jan_2020_1545pm,SW_Neo,585.557036724877,586.491722588752,3300.0,1,Whistle2131,/lustre/fsn1/projects/rech/vzf/uqe97pu/raw_data/all_categories/SW_NeoExp_17_Jan_2020_1545pm585.557036724877_586.491722588752.wav
401,Exp_11_Mar_2020_0945am,SW_Neo,904.038013460045,904.733015776719,3000.0,2,Whistle2351,/lustre/fsn1/projects/rech/vzf/uqe97pu/raw_data/all_categories/SW_NeoExp_11_Mar_2020_0945am904.038013460045_904.733015776719.wav
1458,Exp_20_Nov_2019_1545pm,SW_Neo,979.487720799225,980.927724799236,3600.0,4,Whistle2799,/lustre/fsn1/projects/rech/vzf/uqe97pu/raw_data/all_categories/SW_NeoExp_20_Nov_2019_1545pm979.487720799225_980.927724799236.wav
1617,Exp_05_Mar_2020_1345pm,SW_Neo,592.947693821055,593.698316462564,3000.0,4,Whistle677,/lustre/fsn1/projects/rech/vzf/uqe97pu/raw_data/all_categories/SW_NeoExp_05_Mar_2020_1345pm592.947693821055_593.698316462564.wav
616,Exp_19_Nov_2019_1545pm,SW_Neo,1294.89341102212,1295.50856406361,3600.0,2,Whistle3161,/lustre/fsn1/projects/rech/vzf/uqe97pu/raw_data/all_categories/SW_NeoExp_19_Nov_2019_1545pm1294.89341102212_1295.50856406361.wav
1796,Exp_04_Jan_2020_1345pm,SW_Neo,2391.15201796257,2392.1233388928,3300.0,6,Whistle1603,/lustre/fsn1/projects/rech/vzf/uqe97pu/raw_data/all_categories/SW_NeoExp_04_Jan_2020_1345pm2391.15201796257_2392.1233388928.wav
580,Exp_16_Feb_2020_1545pm,SW_Neo,274.657174104756,275.500791319103,3300.0,2,Whistle3061,/lustre/fsn1/projects/rech/vzf/uqe97pu/raw_data/all_categories/SW_NeoExp_16_Feb_2020_1545pm274.657174104756_275.500791319103.wav
1758,Exp_03_Feb_2020_1045am,SW_Neo,3208.79398179601,3209.37559722969,3300.0,5,Whistle1525,/lustre/fsn1/projects/rech/vzf/uqe97pu/raw_data/all_categories/SW_NeoExp_03_Feb_2020_1045am3208.79398179601_3209.37559722969.wav
1165,Exp_07_Jan_2020_1545pm,SW_Neo,614.23801228414,614.968766252394,3300.0,3,Whistle360,/lustre/fsn1/projects/rech/vzf/uqe97pu/raw_data/all_categories/SW_NeoExp_07_Jan_2020_1545pm614.23801228414_614.968766252394.wav
2164,Exp_17_Jan_2020_1045am,SW_Neo,2868.01869096573,2868.60869275361,3300.0,13,Whistle1848,/lustre/fsn1/projects/rech/vzf/uqe97pu/raw_data/all_categories/SW_NeoExp_17_Jan_2020_1045am2868.01869096573_2868.60869275361.wav
722,Exp_04_Jan_2020_1345pm,SW_Neo,1844.25558925936,1845.25798702888,3300.0,3,Whistle1032,/lustre/fsn1/projects/rech/vzf/uqe97pu/raw_data/all_categories/SW_NeoExp_04_Jan_2020_1345pm1844.25558925936_1845.25798702888.wav
432,Exp_14_Jan_2020_1545pm,SW_Neo,824.470901126489,824.975102807161,3300.0,2,Whistle2458,/lustre/fsn1/projects/rech/vzf/uqe97pu/raw_data/all_categories/SW_NeoExp_14_Jan_2020_1545pm824.470901126489_824.975102807161.wav
511,Exp_17_Nov_2019_1545pm,SW_Neo,357.550993197203,358.155994877764,3600.0,2,Whistle2762,/lustre/fsn1/projects/rech/vzf/uqe97pu/raw_data/all_categories/SW_NeoExp_17_Nov_2019_1545pm357.550993197203_358.155994877764.wav
345,Exp_17_Feb_2020_1345pm,SW_Neo,860.832608583662,861.517610659426,3300.0,2,Whistle2108,/lustre/fsn1/projects/rech/vzf/uqe97pu/raw_data/all_categories/SW_NeoExp_17_Feb_2020_1345pm860.832608583662_861.517610659426.wav
1343,Exp_04_Feb_2020_1545pm,SW_Neo,130.460395940594,131.73851940971,3300.0,3,Whistle86,/lustre/fsn1/projects/rech/vzf/uqe97pu/raw_data/all_categories/SW_NeoExp_04_Feb_2020_1545pm130.460395940594_131.73851940971.wav
256,Exp_07_Jan_2020_1345pm,SW_Neo,914.278747285927,915.043386259504,3300.0,2,Whistle1203,/lustre/fsn1/projects/rech/vzf/uqe97pu/raw_data/all_categories/SW_NeoExp_07_Jan_2020_1345pm914.278747285927_915.043386259504.wav
472,Exp_16_Nov_2019_1345pm,SW_Neo,669.709824857065,670.411809781688,3600.0,2,Whistle2651,/lustre/fsn1/projects/rech/vzf/uqe97pu/raw_data/all_categories/SW_NeoExp_16_Nov_2019_1345pm669.709824857065_670.411809781688.wav
254,Exp_07_Dec_2019_1345pm,SW_Neo,1954.49092330583,1955.20531959066,3300.0,2,Whistle1192,/lustre/fsn1/projects/rech/vzf/uqe97pu/raw_data/all_categories/SW_NeoExp_07_Dec_2019_1345pm1954.49092330583_1955.20531959066.wav
1859,Exp_06_Jan_2020_0945am,SW_Neo,1437.96041127158,1439.17288034408,3300.0,7,Whistle1421,/lustre/fsn1/projects/rech/vzf/uqe97pu/raw_data/all_categories/SW_NeoExp_06_Jan_2020_0945am1437.96041127158_1439.17288034408.wav
866,Exp_07_Dec_2019_0845am,SW_Neo,18.7441994306481,19.8249480937497,3300.0,3,Whistle1168,/lustre/fsn1/projects/rech/vzf/uqe97pu/raw_data/all_categories/SW_NeoExp_07_Dec_2019_0845am18.7441994306481_19.8249480937497.wav
17,Exp_06_Mar_2020_1345pm,SW_Neo,974.029237606231,975.488215934404,3000.0,1,Whistle1143,/lustre/fsn1/projects/rech/vzf/uqe97pu/raw_data/all_categories/SW_NeoExp_06_Mar_2020_1345pm974.029237606231_975.488215934404.wav
469,Exp_16_Dec_2019_1545pm,SW_Neo,449.884287471826,450.636315773713,3300.0,2,Whistle2559,/lustre/fsn1/projects/rech/vzf/uqe97pu/raw_data/all_categories/SW_NeoExp_16_Dec_2019_1545pm449.884287471826_450.636315773713.wav
221,Exp_04_Feb_2020_0945am,SW_Neo,2788.2658945127,2789.42804621549,3300.0,1,Whistle73,/lustre/fsn1/projects/rech/vzf/uqe97pu/raw_data/all_categories/SW_NeoExp_04_Feb_2020_0945am2788.2658945127_2789.42804621549.wav
267,Exp_03_Feb_2020_1345pm,SW_Neo,343.837489790692,344.62394278656,3300.0,2,Whistle1358,/lustre/fsn1/projects/rech/vzf/uqe97pu/raw_data/all_categories/SW_NeoExp_03_Feb_2020_1345pm343.837489790692_344.62394278656.wav
1139,Exp_07_Dec_2019_1245pm,SW_Neo,3018.99546994114,3019.69543422686,3300.0,3,Whistle322,/lustre/fsn1/projects/rech/vzf/uqe97pu/raw_data/all_categories/SW_NeoExp_07_Dec_2019_1245pm3018.99546994114_3019.69543422686.wav
65,Exp_08_Jan_2020_1245pm,SW_Neo,1861.61818196732,1862.61934937573,3300.0,1,Whistle1468,/lustre/fsn1/projects/rech/vzf/uqe97pu/raw_data/all_categories/SW_NeoExp_08_Jan_2020_1245pm1861.61818196732_1862.61934937573.wav
1149,Exp_16_Dec_2019_1345pm,SW_Neo,591.306791838763,592.351795005439,3300.0,3,Whistle3299,/lustre/fsn1/projects/rech/vzf/uqe97pu/raw_data/all_categories/SW_NeoExp_16_Dec_2019_1345pm591.306791838763_592.351795005439.wav
2212,Exp_19_Nov_2019_1345pm,SW_Neo,1016.22782285506,1017.29782582729,3600.0,14,Whistle3334,/lustre/fsn1/projects/rech/vzf/uqe97pu/raw_data/all_categories/SW_NeoExp_19_Nov_2019_1345pm1016.22782285506_1017.29782582729.wav
157,Exp_17_Dec_2019_1545pm,SW_Neo,266.481813437525,267.290751985011,3300.0,1,Whistle3095,/lustre/fsn1/projects/rech/vzf/uqe97pu/raw_data/all_categories/SW_NeoExp_17_Dec_2019_1545pm266.481813437525_267.290751985011.wav
736,Exp_04_Jan_2020_1345pm,SW_Neo,2478.73820933354,2479.39324809323,3300.0,3,Whistle1048,/lustre/fsn1/projects/rech/vzf/uqe97pu/raw_data/all_categories/SW_NeoExp_04_Jan_2020_1345pm2478.73820933354_2479.39324809323.wav
1479,Exp_14_Feb_2020_1345pm,SW_Neo,756.032291613005,757.307262618582,3300.0,4,Whistle2981,/lustre/fsn1/projects/rech/vzf/uqe97pu/raw_data/all_categories/SW_NeoExp_14_Feb_2020_1345pm756.032291613005_757.307262618582.wav
1949,Exp_08_Dec_2019_1045am,SW_Neo,1683.1411708367,1684.00140019449,3300.0,8,Whistle1610,/lustre/fsn1/projects/rech/vzf/uqe97pu/raw_data/all_categories/SW_NeoExp_08_Dec_2019_1045am1683.1411708367_1684.00140019449.wav
2141,Exp_03_Feb_2020_1045am,SW_Neo,2763.93569574543,2764.44218340725,3300.0,13,Whistle931,/lustre/fsn1/projects/rech/vzf/uqe97pu/raw_data/all_categories/SW_NeoExp_03_Feb_2020_1045am2763.93569574543_2764.44218340725.wav
1570,Exp_03_Jan_2020_1145am,SW_Neo,1807.84103615941,1808.8278654277,3300.0,4,Whistle608,/lustre/fsn1/projects/rech/vzf/uqe97pu/raw_data/all_categories/SW_NeoExp_03_Jan_2020_1145am1807.84103615941_1808.8278654277.wav
1785,Exp_04_Jan_2020_1345pm,SW_Neo,2234.2105152263,2235.22173813652,3300.0,6,Whistle1037,/lustre/fsn1/projects/rech/vzf/uqe97pu/raw_data/all_categories/SW_NeoExp_04_Jan_2020_1345pm2234.2105152263_2235.22173813652.wav
1568,Exp_03_Feb_2020_1545pm,SW_Neo,1215.21868308692,1216.64244469683,3300.0,4,Whistle606,/lustre/fsn1/projects/rech/vzf/uqe97pu/raw_data/all_categories/SW_NeoExp_03_Feb_2020_1545pm1215.21868308692_1216.64244469683.wav
1163,Exp_07_Jan_2020_1545pm,SW_Neo,585.692686939913,586.759353606579,3300.0,3,Whistle359,/lustre/fsn1/projects/rech/vzf/uqe97pu/raw_data/all_categories/SW_NeoExp_07_Jan_2020_1545pm585.692686939913_586.759353606579.wav
1632,Exp_06_Jan_2020_0945am,SW_Neo,1439.3100738754,1440.81433084134,3300.0,4,Whistle697,/lustre/fsn1/projects/rech/vzf/uqe97pu/raw_data/all_categories/SW_NeoExp_06_Jan_2020_0945am1439.3100738754_1440.81433084134.wav
481,Exp_17_Dec_2019_0945am,SW_Neo,902.531989039554,903.342698259412,3300.0,2,Whistle2675,/lustre/fsn1/projects/rech/vzf/uqe97pu/raw_data/all_categories/SW_NeoExp_17_Dec_2019_0945am902.531989039554_903.342698259412.wav
1450,Exp_16_Jan_2020_1345pm,SW_Neo,986.761223596207,987.865532956937,3300.0,4,Whistle2633,/lustre/fsn1/projects/rech/vzf/uqe97pu/raw_data/all_categories/SW_NeoExp_16_Jan_2020_1345pm986.761223596207_987.865532956937.wav
1307,Exp_01_Feb_2020_1145am,SW_Neo,360.091969775625,361.023219775625,3300.0,3,Whistle64,/lustre/fsn1/projects/rech/vzf/uqe97pu/raw_data/all_categories/SW_NeoExp_01_Feb_2020_1145am360.091969775625_361.023219775625.wav
628,Exp_12_Mar_2020_1345pm,SW_Neo,671.832239440798,672.792242640809,3000.0,2,Whistle3264,/lustre/fsn1/projects/rech/vzf/uqe97pu/raw_data/all_categories/SW_NeoExp_12_Mar_2020_1345pm671.832239440798_672.792242640809.wav
953,Exp_04_Mar_2020_1345pm,SW_Neo,112.586596067105,113.552455823202,3000.0,3,Whistle151,/lustre/fsn1/projects/rech/vzf/uqe97pu/raw_data/all_categories/SW_NeoExp_04_Mar_2020_1345pm112.586596067105_113.552455823202.wav
1365,Exp_02_Mar_2020_0845am,SW_Neo,142.901057951589,143.842096493256,3000.0,3,Whistle981,/lustre/fsn1/projects/rech/vzf/uqe97pu/raw_data/all_categories/SW_NeoExp_02_Mar_2020_0845am142.901057951589_143.842096493256.wav
774,Exp_05_Mar_2020_1345pm,SW_Neo,591.171971239904,592.243864443788,3000.0,3,Whistle1099,/lustre/fsn1/projects/rech/vzf/uqe97pu/raw_data/all_categories/SW_NeoExp_05_Mar_2020_1345pm591.171971239904_592.243864443788.wav
2179,Exp_04_Mar_2020_1145am,SW_Neo,158.1028973811,158.545811071576,3000.0,13,Whistle1676,/lustre/fsn1/projects/rech/vzf/uqe97pu/raw_data/all_categories/SW_NeoExp_04_Mar_2020_1145am158.1028973811_158.545811071576.wav
920,Exp_10_Feb_2020_1545pm,SW_Neo,438.977640606434,439.773088882297,3300.0,3,Whistle1332,/lustre/fsn1/projects/rech/vzf/uqe97pu/raw_data/all_categories/SW_NeoExp_10_Feb_2020_1545pm438.977640606434_439.773088882297.wav
1390,Exp_04_Mar_2020_1545pm,SW_Neo,889.558385240305,890.409294331214,3000.0,4,Whistle160,/lustre/fsn1/projects/rech/vzf/uqe97pu/raw_data/all_categories/SW_NeoExp_04_Mar_2020_1545pm889.558385240305_890.409294331214.wav
376,Exp_14_Dec_2019_0945am,SW_Neo,510.927611110753,511.646486110753,3300.0,2,Whistle2224,/lustre/fsn1/projects/rech/vzf/uqe97pu/raw_data/all_categories/SW_NeoExp_14_Dec_2019_0945am510.927611110753_511.646486110753.wav
685,Exp_04_Jan_2020_1345pm,SW_Neo,1734.29525544017,1735.32025854624,3300.0,2,Whistle649,/lustre/fsn1/projects/rech/vzf/uqe97pu/raw_data/all_categories/SW_NeoExp_04_Jan_2020_1345pm1734.29525544017_1735.32025854624.wav
31,Exp_01_Jan_2020_1345pm,SW_Neo,515.222148443473,516.168637954967,3300.0,1,Whistle1225,/lustre/fsn1/projects/rech/vzf/uqe97pu/raw_data/all_categories/SW_NeoExp_01_Jan_2020_1345pm515.222148443473_516.168637954967.wav
940,Exp_06_Dec_2019_1345pm,SW_Neo,556.037884140248,556.894140650664,3000.0,3,Whistle1415,/lustre/fsn1/projects/rech/vzf/uqe97pu/raw_data/all_categories/SW_NeoExp_06_Dec_2019_1345pm556.037884140248_556.894140650664.wav
578,Exp_16_Feb_2020_1345pm,SW_Neo,946.859289948089,947.617812675362,3300.0,2,Whistle3051,/lustre/fsn1/projects/rech/vzf/uqe97pu/raw_data/all_categories/SW_NeoExp_16_Feb_2020_1345pm946.859289948089_947.617812675362.wav
1878,Exp_01_Mar_2020_1145am,SW_Neo,891.024064046711,892.015594020497,3000.0,7,Whistle1479,/lustre/fsn1/projects/rech/vzf/uqe97pu/raw_data/all_categories/SW_NeoExp_01_Mar_2020_1145am891.024064046711_892.015594020497.wav
515,Exp_17_Nov_2019_1545pm,SW_Neo,472.581312725869,473.101314170317,3600.0,2,Whistle2769,/lustre/fsn1/projects/rech/vzf/uqe97pu/raw_data/all_categories/SW_NeoExp_17_Nov_2019_1545pm472.581312725869_473.101314170317.wav
1191,Exp_01_Jan_2020_1345pm,SW_Neo,549.952565178808,551.021634445189,3300.0,3,Whistle396,/lustre/fsn1/projects/rech/vzf/uqe97pu/raw_data/all_categories/SW_NeoExp_01_Jan_2020_1345pm549.952565178808_551.021634445189.wav
1855,Exp_05_Dec_2019_1545pm,SW_Neo,549.977245707416,550.748548562354,3000.0,7,Whistle1404,/lustre/fsn1/projects/rech/vzf/uqe97pu/raw_data/all_categories/SW_NeoExp_05_Dec_2019_1545pm549.977245707416_550.748548562354.wav
1022,Exp_17_Feb_2020_1145am,SW_Neo,773.102426643465,774.146051643465,3300.0,3,Whistle2098,/lustre/fsn1/projects/rech/vzf/uqe97pu/raw_data/all_categories/SW_NeoExp_17_Feb_2020_1145am773.102426643465_774.146051643465.wav
1612,Exp_05_Jan_2020_1145am,SW_Neo,1084.06828566147,1085.17116335931,3300.0,4,Whistle671,/lustre/fsn1/projects/rech/vzf/uqe97pu/raw_data/all_categories/SW_NeoExp_05_Jan_2020_1145am1084.06828566147_1085.17116335931.wav
872,Exp_08_Jan_2020_1245pm,SW_Neo,1598.17484356013,1599.21122126911,3300.0,3,Whistle1258,/lustre/fsn1/projects/rech/vzf/uqe97pu/raw_data/all_categories/SW_NeoExp_08_Jan_2020_1245pm1598.17484356013_1599.21122126911.wav
2106,Exp_09_Feb_2020_1345pm,SW_Neo,911.11276337201,912.509151377434,3300.0,11,Whistle909,/lustre/fsn1/projects/rech/vzf/uqe97pu/raw_data/all_categories/SW_NeoExp_09_Feb_2020_1345pm911.11276337201_912.509151377434.wav
1553,Exp_08_Jan_2020_0945am,SW_Neo,1055.14398420836,1055.91471454544,3300.0,4,Whistle411,/lustre/fsn1/projects/rech/vzf/uqe97pu/raw_data/all_categories/SW_NeoExp_08_Jan_2020_0945am1055.14398420836_1055.91471454544.wav
1463,Exp_19_Nov_2019_1545pm,SW_Neo,1288.68089141403,1289.14523103667,3600.0,4,Whistle2787,/lustre/fsn1/projects/rech/vzf/uqe97pu/raw_data/all_categories/SW_NeoExp_19_Nov_2019_1545pm1288.68089141403_1289.14523103667.wav
1006,Exp_02_Mar_2020_0845am,SW_Neo,20.8639265292116,21.6783287031247,3000.0,3,Whistle2,/lustre/fsn1/projects/rech/vzf/uqe97pu/raw_data/all_categories/SW_NeoExp_02_Mar_2020_0845am20.8639265292116_21.6783287031247.wav
177,Exp_07_Mar_2020_0945am,SW_Neo,228.266340504163,229.257346601724,3000.0,1,Whistle385,/lustre/fsn1/projects/rech/vzf/uqe97pu/raw_data/all_categories/SW_NeoExp_07_Mar_2020_0945am228.266340504163_229.257346601724.wav
1044,Exp_28_Nov_2019_1545pm,SW_Neo,506.256687522292,507.126690422301,3000.0,3,Whistle2206,/lustre/fsn1/projects/rech/vzf/uqe97pu/raw_data/all_categories/SW_NeoExp_28_Nov_2019_1545pm506.256687522292_507.126690422301.wav
1615,Exp_05_Jan_2020_1145am,SW_Neo,1085.20983634607,1086.5782573987,3300.0,4,Whistle674,/lustre/fsn1/projects/rech/vzf/uqe97pu/raw_data/all_categories/SW_NeoExp_05_Jan_2020_1145am1085.20983634607_1086.5782573987.wav
491,Exp_15_Jan_2020_1545pm,SW_Neo,761.714658282863,762.547261969499,3300.0,2,Whistle2537,/lustre/fsn1/projects/rech/vzf/uqe97pu/raw_data/all_categories/SW_NeoExp_15_Jan_2020_1545pm761.714658282863_762.547261969499.wav
544,Exp_26_Nov_2019_1345pm,SW_Neo,579.804383486834,580.551638388795,3000.0,2,Whistle2880,/lustre/fsn1/projects/rech/vzf/uqe97pu/raw_data/all_categories/SW_NeoExp_26_Nov_2019_1345pm579.804383486834_580.551638388795.wav
217,Exp_06_Feb_2020_1345pm,SW_Neo,1010.94082099443,1011.91180245083,3300.0,1,Whistle691,/lustre/fsn1/projects/rech/vzf/uqe97pu/raw_data/all_categories/SW_NeoExp_06_Feb_2020_1345pm1010.94082099443_1011.91180245083.wav
2196,Exp_04_Jan_2020_1345pm,SW_Neo,2381.89879665106,2383.26218674394,3300.0,14,Whistle1631,/lustre/fsn1/projects/rech/vzf/uqe97pu/raw_data/all_categories/SW_NeoExp_04_Jan_2020_1345pm2381.89879665106_2383.26218674394.wav
131,Exp_17_Jan_2020_1545pm,SW_Neo,534.967326320426,536.026577421747,3300.0,1,Whistle2738,/lustre/fsn1/projects/rech/vzf/uqe97pu/raw_data/all_categories/SW_NeoExp_17_Jan_2020_1545pm534.967326320426_536.026577421747.wav
2024,Exp_12_Mar_2020_1345pm,SW_Neo,656.257187523958,656.897189657299,3000.0,10,Whistle3262,/lustre/fsn1/projects/rech/vzf/uqe97pu/raw_data/all_categories/SW_NeoExp_12_Mar_2020_1345pm656.257187523958_656.897189657299.wav
766,Exp_01_Feb_2020_1545pm,SW_Neo,627.411901854248,628.629488061145,3300.0,3,Whistle1091,/lustre/fsn1/projects/rech/vzf/uqe97pu/raw_data/all_categories/SW_NeoExp_01_Feb_2020_1545pm627.411901854248_628.629488061145.wav
417,Exp_12_Mar_2020_1545pm,SW_Neo,115.034445517943,115.510320517943,3000.0,2,Whistle2392,/lustre/fsn1/projects/rech/vzf/uqe97pu/raw_data/all_categories/SW_NeoExp_12_Mar_2020_1545pm115.034445517943_115.510320517943.wav
1058,Exp_01_Jan_2020_0845am,SW_Neo,2895.31523697152,2896.10502355689,3300.0,3,Whistle233,/lustre/fsn1/projects/rech/vzf/uqe97pu/raw_data/all_categories/SW_NeoExp_01_Jan_2020_0845am2895.31523697152_2896.10502355689.wav
622,Exp_27_Nov_2019_1545pm,SW_Neo,495.104018052441,495.834936419788,3000.0,2,Whistle3222,/lustre/fsn1/projects/rech/vzf/uqe97pu/raw_data/all_categories/SW_NeoExp_27_Nov_2019_1545pm495.104018052441_495.834936419788.wav
1475,Exp_14_Feb_2020_1345pm,SW_Neo,754.370288799871,755.502254744144,3300.0,4,Whistle2980,/lustre/fsn1/projects/rech/vzf/uqe97pu/raw_data/all_categories/SW_NeoExp_14_Feb_2020_1345pm754.370288799871_755.502254744144.wav
0,13-11-19-1221,SW_Neo,1252.99383738034,1254.33173877747,3600.0,1,Whistle0,/lustre/fsn1/projects/rech/vzf/uqe97pu/raw_data/all_categories/SW_Neo13-11-19-12211252.99383738034_1254.33173877747.wav
1706,Exp_07_Dec_2019_1245pm,SW_Neo,3211.69775760217,3212.64469487155,3300.0,4,Whistle862,/lustre/fsn1/projects/rech/vzf/uqe97pu/raw_data/all_categories/SW_NeoExp_07_Dec_2019_1245pm3211.69775760217_3212.64469487155.wav
2090,Exp_06_Jan_2020_0945am,SW_Neo,1629.93493980285,1631.18770489241,3300.0,11,Whistle842,/lustre/fsn1/projects/rech/vzf/uqe97pu/raw_data/all_categories/SW_NeoExp_06_Jan_2020_0945am1629.93493980285_1631.18770489241.wav
1648,Exp_07_Mar_2020_1545pm,SW_Neo,875.303791579423,876.079397412757,3000.0,4,Whistle722,/lustre/fsn1/projects/rech/vzf/uqe97pu/raw_data/all_categories/SW_NeoExp_07_Mar_2020_1545pm875.303791579423_876.079397412757.wav
1682,Exp_01_Feb_2020_1145am,SW_Neo,1996.67273869907,1997.26993738418,3300.0,4,Whistle784,/lustre/fsn1/projects/rech/vzf/uqe97pu/raw_data/all_categories/SW_NeoExp_01_Feb_2020_1145am1996.67273869907_1997.26993738418.wav
763,Exp_01_Feb_2020_1545pm,SW_Neo,603.241828611602,604.233163016746,3300.0,3,Whistle1088,/lustre/fsn1/projects/rech/vzf/uqe97pu/raw_data/all_categories/SW_NeoExp_01_Feb_2020_1545pm603.241828611602_604.233163016746.wav
547,Exp_26_Nov_2019_1345pm,SW_Neo,15.9250530835103,16.9450564835216,3000.0,2,Whistle2888,/lustre/fsn1/projects/rech/vzf/uqe97pu/raw_data/all_categories/SW_NeoExp_26_Nov_2019_1345pm15.9250530835103_16.9450564835216.wav
1103,Exp_07_Dec_2019_1145am,SW_Neo,2711.35936863641,2712.18023805338,3300.0,3,Whistle289,/lustre/fsn1/projects/rech/vzf/uqe97pu/raw_data/all_categories/SW_NeoExp_07_Dec_2019_1145am2711.35936863641_2712.18023805338.wav
390,Exp_23_Nov_2019_1545pm,SW_Neo,545.421818072727,546.326821089404,3000.0,2,Whistle2182,/lustre/fsn1/projects/rech/vzf/uqe97pu/raw_data/all_categories/SW_NeoExp_23_Nov_2019_1545pm545.421818072727_546.326821089404.wav
3466,Exp_01_Jan_2020_1245pm,SW_Nikita,2540.26432203773,2540.49117388958,3300.0,35,Whistle3820,/lustre/fsn1/projects/rech/vzf/uqe97pu/raw_data/all_categories/SW_NikitaExp_01_Jan_2020_1245pm2540.26432203773_2540.49117388958.wav
3351,Exp_07_Jan_2020_1045am,SW_Nikita,2527.91192371394,2528.49760998845,3300.0,34,Whistle3702,/lustre/fsn1/projects/rech/vzf/uqe97pu/raw_data/all_categories/SW_NikitaExp_07_Jan_2020_1045am2527.91192371394_2528.49760998845.wav
3242,Exp_15_Feb_2020_1345pm,SW_Nikita,1814.08205985433,1814.57061304582,3300.0,32,Whistle4909,/lustre/fsn1/projects/rech/vzf/uqe97pu/raw_data/all_categories/SW_NikitaExp_15_Feb_2020_1345pm1814.08205985433_1814.57061304582.wav
3237,Exp_12_Dec_2019_1045am,SW_Nikita,1471.73456967209,1472.50378908137,3300.0,32,Whistle4858,/lustre/fsn1/projects/rech/vzf/uqe97pu/raw_data/all_categories/SW_NikitaExp_12_Dec_2019_1045am1471.73456967209_1472.50378908137.wav
3238,Exp_12_Dec_2019_1045am,SW_Nikita,3064.04846043643,3064.7200927357,3300.0,32,Whistle4860,/lustre/fsn1/projects/rech/vzf/uqe97pu/raw_data/all_categories/SW_NikitaExp_12_Dec_2019_1045am3064.04846043643_3064.7200927357.wav
3625,Exp_22_Nov_2019_1345pm,SW_Nikita,339.299270386117,339.506114174986,3600.0,39,Whistle4623,/lustre/fsn1/projects/rech/vzf/uqe97pu/raw_data/all_categories/SW_NikitaExp_22_Nov_2019_1345pm339.299270386117_339.506114174986.wav
3572,Exp_14_Feb_2020_1345pm,SW_Nikita,763.264564287585,763.416530433419,3300.0,38,Whistle4666,/lustre/fsn1/projects/rech/vzf/uqe97pu/raw_data/all_categories/SW_NikitaExp_14_Feb_2020_1345pm763.264564287585_763.416530433419.wav
2915,Exp_04_Jan_2020_1345pm,SW_Nikita,586.159639337704,586.683505508708,3300.0,29,Whistle3517,/lustre/fsn1/projects/rech/vzf/uqe97pu/raw_data/all_categories/SW_NikitaExp_04_Jan_2020_1345pm586.159639337704_586.683505508708.wav
3612,Exp_14_Jan_2020_1045am,SW_Nikita,949.754904042268,950.374907243643,2194.90133333334,39,Whistle4488,/lustre/fsn1/projects/rech/vzf/uqe97pu/raw_data/all_categories/SW_NikitaExp_14_Jan_2020_1045am949.754904042268_950.374907243643.wav
3397,Exp_23_Nov_2019_1145am,SW_Nikita,213.590753453187,214.101814622169,3000.0,34,Whistle4261,/lustre/fsn1/projects/rech/vzf/uqe97pu/raw_data/all_categories/SW_NikitaExp_23_Nov_2019_1145am213.590753453187_214.101814622169.wav
3216,Exp_14_Dec_2019_0945am,SW_Nikita,286.061266639272,286.685848161011,3300.0,32,Whistle4592,/lustre/fsn1/projects/rech/vzf/uqe97pu/raw_data/all_categories/SW_NikitaExp_14_Dec_2019_0945am286.061266639272_286.685848161011.wav
3178,Exp_17_Jan_2020_1245pm,SW_Nikita,2460.85289705558,2461.29353832777,3300.0,32,Whistle4171,/lustre/fsn1/projects/rech/vzf/uqe97pu/raw_data/all_categories/SW_NikitaExp_17_Jan_2020_1245pm2460.85289705558_2461.29353832777.wav
3632,Exp_17_Jan_2020_1245pm,SW_Nikita,3219.81531475737,3219.94286195789,3300.0,39,Whistle4742,/lustre/fsn1/projects/rech/vzf/uqe97pu/raw_data/all_categories/SW_NikitaExp_17_Jan_2020_1245pm3219.81531475737_3219.94286195789.wav
3117,Exp_08_Jan_2020_1345pm,SW_Nikita,704.732135551926,705.212030288768,3300.0,32,Whistle3585,/lustre/fsn1/projects/rech/vzf/uqe97pu/raw_data/all_categories/SW_NikitaExp_08_Jan_2020_1345pm704.732135551926_705.212030288768.wav
3224,Exp_17_Jan_2020_1345pm,SW_Nikita,284.241473133881,284.710687379376,3300.0,32,Whistle4686,/lustre/fsn1/projects/rech/vzf/uqe97pu/raw_data/all_categories/SW_NikitaExp_17_Jan_2020_1345pm284.241473133881_284.710687379376.wav
3413,Exp_15_Dec_2019_1245pm,SW_Nikita,2084.84073122143,2085.28974023044,3300.0,34,Whistle4500,/lustre/fsn1/projects/rech/vzf/uqe97pu/raw_data/all_categories/SW_NikitaExp_15_Dec_2019_1245pm2084.84073122143_2085.28974023044.wav
3020,Exp_22_Nov_2019_1145am,SW_Nikita,57.1793549868661,57.8984918489076,3600.0,31,Whistle4206,/lustre/fsn1/projects/rech/vzf/uqe97pu/raw_data/all_categories/SW_NikitaExp_22_Nov_2019_1145am57.1793549868661_57.8984918489076.wav
3523,Exp_13_Feb_2020_1345pm,SW_Nikita,419.246271049306,419.672271049306,3300.0,36,Whistle4467,/lustre/fsn1/projects/rech/vzf/uqe97pu/raw_data/all_categories/SW_NikitaExp_13_Feb_2020_1345pm419.246271049306_419.672271049306.wav
2765,Exp_07_Dec_2019_1245pm,SW_Nikita,2704.05819411574,2705.07815522001,3300.0,25,Whistle3487,/lustre/fsn1/projects/rech/vzf/uqe97pu/raw_data/all_categories/SW_NikitaExp_07_Dec_2019_1245pm2704.05819411574_2705.07815522001.wav
3119,Exp_09_Dec_2019_1245pm,SW_Nikita,3156.63456555929,3157.11446029613,3300.0,32,Whistle3589,/lustre/fsn1/projects/rech/vzf/uqe97pu/raw_data/all_categories/SW_NikitaExp_09_Dec_2019_1245pm3156.63456555929_3157.11446029613.wav
3558,Exp_05_Dec_2019_1145am,SW_Nikita,770.607568691896,770.853884481369,3000.0,38,Whistle3686,/lustre/fsn1/projects/rech/vzf/uqe97pu/raw_data/all_categories/SW_NikitaExp_05_Dec_2019_1145am770.607568691896_770.853884481369.wav
3515,Exp_21_Nov_2019_1345pm,SW_Nikita,383.140402137665,383.676819294528,3600.0,36,Whistle4203,/lustre/fsn1/projects/rech/vzf/uqe97pu/raw_data/all_categories/SW_NikitaExp_21_Nov_2019_1345pm383.140402137665_383.676819294528.wav
3587,Exp_08_Jan_2020_1345pm,SW_Nikita,647.145636665031,647.603949202909,3300.0,39,Whistle15637,/lustre/fsn1/projects/rech/vzf/uqe97pu/raw_data/all_categories/SW_NikitaExp_08_Jan_2020_1345pm647.145636665031_647.603949202909.wav
3255,Exp_24_Nov_2019_1245pm,SW_Nikita,2905.48871560053,2905.85605878235,3000.0,32,Whistle5067,/lustre/fsn1/projects/rech/vzf/uqe97pu/raw_data/all_categories/SW_NikitaExp_24_Nov_2019_1245pm2905.48871560053_2905.85605878235.wav
3189,Exp_22_Nov_2019_1145am,SW_Nikita,76.9405169209865,77.6337152174275,3600.0,32,Whistle4220,/lustre/fsn1/projects/rech/vzf/uqe97pu/raw_data/all_categories/SW_NikitaExp_22_Nov_2019_1145am76.9405169209865_77.6337152174275.wav
3133,Exp_07_Dec_2019_0945am,SW_Nikita,598.709441911024,599.32422622475,3300.0,32,Whistle3628,/lustre/fsn1/projects/rech/vzf/uqe97pu/raw_data/all_categories/SW_NikitaExp_07_Dec_2019_0945am598.709441911024_599.32422622475.wav
3591,Exp_15_Feb_2020_0945am,SW_Nikita,2048.61758712975,2049.73027007048,3300.0,39,Whistle4728,/lustre/fsn1/projects/rech/vzf/uqe97pu/raw_data/all_categories/SW_NikitaExp_15_Feb_2020_0945am2048.61758712975_2049.73027007048.wav
2980,Exp_12_Dec_2019_1045am,SW_Nikita,2692.42387216173,2692.86470511627,3300.0,29,Whistle4649,/lustre/fsn1/projects/rech/vzf/uqe97pu/raw_data/all_categories/SW_NikitaExp_12_Dec_2019_1045am2692.42387216173_2692.86470511627.wav
3567,Exp_22_Nov_2019_1245pm,SW_Nikita,3419.21666854203,3419.52867710459,3600.0,38,Whistle3896,/lustre/fsn1/projects/rech/vzf/uqe97pu/raw_data/all_categories/SW_NikitaExp_22_Nov_2019_1245pm3419.21666854203_3419.52867710459.wav
3074,Exp_05_Dec_2019_1145am,SW_Nikita,466.180333842819,466.574065900236,3000.0,32,Whistle3522,/lustre/fsn1/projects/rech/vzf/uqe97pu/raw_data/all_categories/SW_NikitaExp_05_Dec_2019_1145am466.180333842819_466.574065900236.wav
3641,Exp_19_Nov_2019_1145am,SW_Nikita,1460.20905613627,1460.75405765016,3600.0,39,Whistle4804,/lustre/fsn1/projects/rech/vzf/uqe97pu/raw_data/all_categories/SW_NikitaExp_19_Nov_2019_1145am1460.20905613627_1460.75405765016.wav
3017,Exp_16_Jan_2020_1345pm,SW_Nikita,350.702914945583,351.250592310448,3300.0,31,Whistle4135,/lustre/fsn1/projects/rech/vzf/uqe97pu/raw_data/all_categories/SW_NikitaExp_16_Jan_2020_1345pm350.702914945583_351.250592310448.wav
3314,Exp_02_Jan_2020_1345pm,SW_Nikita,2276.20189758151,2276.58176424817,3300.0,34,Whistle3603,/lustre/fsn1/projects/rech/vzf/uqe97pu/raw_data/all_categories/SW_NikitaExp_02_Jan_2020_1345pm2276.20189758151_2276.58176424817.wav
3130,Exp_05_Feb_2020_1345pm,SW_Nikita,20.43459946976,20.8170457452155,3300.0,32,Whistle3617,/lustre/fsn1/projects/rech/vzf/uqe97pu/raw_data/all_categories/SW_NikitaExp_05_Feb_2020_1345pm20.43459946976_20.8170457452155.wav
3437,Exp_14_Jan_2020_1045am,SW_Nikita,979.362813071626,979.559348504697,2194.90133333334,34,Whistle4891,/lustre/fsn1/projects/rech/vzf/uqe97pu/raw_data/all_categories/SW_NikitaExp_14_Jan_2020_1045am979.362813071626_979.559348504697.wav
3537,Exp_13_Jan_2020_1145am,SW_Nikita,198.244500324587,198.762441114061,3300.0,36,Whistle4881,/lustre/fsn1/projects/rech/vzf/uqe97pu/raw_data/all_categories/SW_NikitaExp_13_Jan_2020_1145am198.244500324587_198.762441114061.wav
3123,Exp_09_Feb_2020_1545pm,SW_Nikita,17.7300537274355,18.2099484642776,3300.0,32,Whistle3593,/lustre/fsn1/projects/rech/vzf/uqe97pu/raw_data/all_categories/SW_NikitaExp_09_Feb_2020_1545pm17.7300537274355_18.2099484642776.wav
2826,Exp_22_Nov_2019_1345pm,SW_Nikita,271.457261611069,272.84072314953,3600.0,25,Whistle4410,/lustre/fsn1/projects/rech/vzf/uqe97pu/raw_data/all_categories/SW_NikitaExp_22_Nov_2019_1345pm271.457261611069_272.84072314953.wav
3644,Exp_09_Mar_2020_1545pm,SW_Nikita,894.137980459935,894.950919755912,3000.0,39,Whistle3810,/lustre/fsn1/projects/rech/vzf/uqe97pu/raw_data/all_categories/SW_NikitaExp_09_Mar_2020_1545pm894.137980459935_894.950919755912.wav
2819,Exp_17_Dec_2019_0945am,SW_Nikita,2499.76852931383,2500.91658585093,3300.0,25,Whistle4470,/lustre/fsn1/projects/rech/vzf/uqe97pu/raw_data/all_categories/SW_NikitaExp_17_Dec_2019_0945am2499.76852931383_2500.91658585093.wav
3039,Exp_17_Feb_2020_1045am,SW_Nikita,3200.64302657823,3201.22376374341,3300.0,31,Whistle4682,/lustre/fsn1/projects/rech/vzf/uqe97pu/raw_data/all_categories/SW_NikitaExp_17_Feb_2020_1045am3200.64302657823_3201.22376374341.wav
3311,Exp_09_Jan_2020_0945am,SW_Nikita,1707.38402572205,1707.77120702516,3300.0,34,Whistle3596,/lustre/fsn1/projects/rech/vzf/uqe97pu/raw_data/all_categories/SW_NikitaExp_09_Jan_2020_0945am1707.38402572205_1707.77120702516.wav
3634,Exp_16_Nov_2019_1345pm,SW_Nikita,190.352510493142,190.636890436645,3600.0,39,Whistle4752,/lustre/fsn1/projects/rech/vzf/uqe97pu/raw_data/all_categories/SW_NikitaExp_16_Nov_2019_1345pm190.352510493142_190.636890436645.wav
3409,Exp_12_Dec_2019_1045am,SW_Nikita,2718.23903628114,2718.59654772843,3300.0,34,Whistle4427,/lustre/fsn1/projects/rech/vzf/uqe97pu/raw_data/all_categories/SW_NikitaExp_12_Dec_2019_1045am2718.23903628114_2718.59654772843.wav
3256,Exp_28_Nov_2019_0945am,SW_Nikita,271.046263495863,271.634304054373,3000.0,32,Whistle5074,/lustre/fsn1/projects/rech/vzf/uqe97pu/raw_data/all_categories/SW_NikitaExp_28_Nov_2019_0945am271.046263495863_271.634304054373.wav
3208,Exp_12_Dec_2019_1045am,SW_Nikita,2716.8232340098,2717.37881827064,3300.0,32,Whistle4585,/lustre/fsn1/projects/rech/vzf/uqe97pu/raw_data/all_categories/SW_NikitaExp_12_Dec_2019_1045am2716.8232340098_2717.37881827064.wav
3579,Exp_14_Feb_2020_1245pm,SW_Nikita,2469.88702345309,2470.00412665249,3300.0,39,Whistle4596,/lustre/fsn1/projects/rech/vzf/uqe97pu/raw_data/all_categories/SW_NikitaExp_14_Feb_2020_1245pm2469.88702345309_2470.00412665249.wav
2918,Exp_05_Dec_2019_1145am,SW_Nikita,320.43152647409,320.688990242206,3000.0,29,Whistle3523,/lustre/fsn1/projects/rech/vzf/uqe97pu/raw_data/all_categories/SW_NikitaExp_05_Dec_2019_1145am320.43152647409_320.688990242206.wav
3448,Exp_19_Nov_2019_1545pm,SW_Nikita,885.327892160029,885.668765472823,3600.0,34,Whistle5004,/lustre/fsn1/projects/rech/vzf/uqe97pu/raw_data/all_categories/SW_NikitaExp_19_Nov_2019_1545pm885.327892160029_885.668765472823.wav
3588,Exp_08_Jan_2020_1345pm,SW_Nikita,706.333230470244,707.142123410059,3300.0,39,Whistle15638,/lustre/fsn1/projects/rech/vzf/uqe97pu/raw_data/all_categories/SW_NikitaExp_08_Jan_2020_1345pm706.333230470244_707.142123410059.wav
3607,Exp_17_Dec_2019_0845am,SW_Nikita,1277.19887029961,1277.92887251173,3300.0,39,Whistle15683,/lustre/fsn1/projects/rech/vzf/uqe97pu/raw_data/all_categories/SW_NikitaExp_17_Dec_2019_0845am1277.19887029961_1277.92887251173.wav
2821,Exp_21_Nov_2019_1145am,SW_Nikita,92.7943294456171,93.6902234853522,3600.0,25,Whistle4540,/lustre/fsn1/projects/rech/vzf/uqe97pu/raw_data/all_categories/SW_NikitaExp_21_Nov_2019_1145am92.7943294456171_93.6902234853522.wav
3002,Exp_15_Jan_2020_1045am,SW_Nikita,728.014882462929,728.830937365452,3300.0,30,Whistle4600,/lustre/fsn1/projects/rech/vzf/uqe97pu/raw_data/all_categories/SW_NikitaExp_15_Jan_2020_1045am728.014882462929_728.830937365452.wav
2984,Exp_20_Nov_2019_1145am,SW_Nikita,972.252700701946,973.527704243623,3600.0,29,Whistle4808,/lustre/fsn1/projects/rech/vzf/uqe97pu/raw_data/all_categories/SW_NikitaExp_20_Nov_2019_1145am972.252700701946_973.527704243623.wav
2795,Exp_27_Nov_2019_0945am,SW_Nikita,1703.09588664287,1703.88055741144,3000.0,25,Whistle4297,/lustre/fsn1/projects/rech/vzf/uqe97pu/raw_data/all_categories/SW_NikitaExp_27_Nov_2019_0945am1703.09588664287_1703.88055741144.wav
3421,Exp_17_Dec_2019_0945am,SW_Nikita,2643.00430329844,2643.42727458819,3300.0,34,Whistle4646,/lustre/fsn1/projects/rech/vzf/uqe97pu/raw_data/all_categories/SW_NikitaExp_17_Dec_2019_0945am2643.00430329844_2643.42727458819.wav
3088,Exp_06_Dec_2019_0945am,SW_Nikita,305.256417452234,305.548639674457,3000.0,32,Whistle3543,/lustre/fsn1/projects/rech/vzf/uqe97pu/raw_data/all_categories/SW_NikitaExp_06_Dec_2019_0945am305.256417452234_305.548639674457.wav
2922,Exp_01_Feb_2020_0945am,SW_Nikita,1047.80376354564,1048.36313362438,3300.0,29,Whistle3542,/lustre/fsn1/projects/rech/vzf/uqe97pu/raw_data/all_categories/SW_NikitaExp_01_Feb_2020_0945am1047.80376354564_1048.36313362438.wav
3225,Exp_17_Jan_2020_1345pm,SW_Nikita,320.923057557741,321.565855416538,3300.0,32,Whistle4687,/lustre/fsn1/projects/rech/vzf/uqe97pu/raw_data/all_categories/SW_NikitaExp_17_Jan_2020_1345pm320.923057557741_321.565855416538.wav
3441,Exp_16_Dec_2019_1345pm,SW_Nikita,323.77171067963,324.208105246849,3300.0,34,Whistle4926,/lustre/fsn1/projects/rech/vzf/uqe97pu/raw_data/all_categories/SW_NikitaExp_16_Dec_2019_1345pm323.77171067963_324.208105246849.wav
3479,Exp_13_Dec_2019_1245pm,SW_Nikita,694.698866498792,695.049219294845,3300.0,35,Whistle4663,/lustre/fsn1/projects/rech/vzf/uqe97pu/raw_data/all_categories/SW_NikitaExp_13_Dec_2019_1245pm694.698866498792_695.049219294845.wav
2870,Exp_09_Jan_2020_1245pm,SW_Nikita,1196.81474024377,1197.51859699308,3300.0,27,Whistle3809,/lustre/fsn1/projects/rech/vzf/uqe97pu/raw_data/all_categories/SW_NikitaExp_09_Jan_2020_1245pm1196.81474024377_1197.51859699308.wav
3415,Exp_15_Dec_2019_1245pm,SW_Nikita,2042.61068468824,2043.11959941692,3300.0,34,Whistle4509,/lustre/fsn1/projects/rech/vzf/uqe97pu/raw_data/all_categories/SW_NikitaExp_15_Dec_2019_1245pm2042.61068468824_2043.11959941692.wav
3347,Exp_06_Jan_2020_1345pm,SW_Nikita,323.957577606443,324.406040641463,3300.0,34,Whistle3694,/lustre/fsn1/projects/rech/vzf/uqe97pu/raw_data/all_categories/SW_NikitaExp_06_Jan_2020_1345pm323.957577606443_324.406040641463.wav
2945,Exp_05_Feb_2020_0945am,SW_Nikita,375.591138154964,376.241060635584,3300.0,29,Whistle3736,/lustre/fsn1/projects/rech/vzf/uqe97pu/raw_data/all_categories/SW_NikitaExp_05_Feb_2020_0945am375.591138154964_376.241060635584.wav
3440,Exp_16_Dec_2019_1345pm,SW_Nikita,202.220212187468,202.662302596273,3300.0,34,Whistle4919,/lustre/fsn1/projects/rech/vzf/uqe97pu/raw_data/all_categories/SW_NikitaExp_16_Dec_2019_1345pm202.220212187468_202.662302596273.wav
3126,Exp_09_Jan_2020_1545pm,SW_Nikita,10.440941439492,10.8431452962413,3300.0,32,Whistle3598,/lustre/fsn1/projects/rech/vzf/uqe97pu/raw_data/all_categories/SW_NikitaExp_09_Jan_2020_1545pm10.440941439492_10.8431452962413.wav
3604,Exp_09_Mar_2020_1545pm,SW_Nikita,297.430991436638,298.564612126293,3000.0,39,Whistle3502,/lustre/fsn1/projects/rech/vzf/uqe97pu/raw_data/all_categories/SW_NikitaExp_09_Mar_2020_1545pm297.430991436638_298.564612126293.wav
3382,Exp_15_Feb_2020_1345pm,SW_Nikita,356.400871445427,356.836350867717,3300.0,34,Whistle4098,/lustre/fsn1/projects/rech/vzf/uqe97pu/raw_data/all_categories/SW_NikitaExp_15_Feb_2020_1345pm356.400871445427_356.836350867717.wav
3315,Exp_02_Jan_2020_1345pm,SW_Nikita,2334.83071678433,2335.24108102274,3300.0,34,Whistle3605,/lustre/fsn1/projects/rech/vzf/uqe97pu/raw_data/all_categories/SW_NikitaExp_02_Jan_2020_1345pm2334.83071678433_2335.24108102274.wav
3004,Exp_16_Feb_2020_1345pm,SW_Nikita,1906.60721684275,1906.99403462881,3300.0,30,Whistle4946,/lustre/fsn1/projects/rech/vzf/uqe97pu/raw_data/all_categories/SW_NikitaExp_16_Feb_2020_1345pm1906.60721684275_1906.99403462881.wav
3082,Exp_05_Feb_2020_1345pm,SW_Nikita,21.1425138313183,21.6238052220467,3300.0,32,Whistle3535,/lustre/fsn1/projects/rech/vzf/uqe97pu/raw_data/all_categories/SW_NikitaExp_05_Feb_2020_1345pm21.1425138313183_21.6238052220467.wav
3047,Exp_16_Feb_2020_1345pm,SW_Nikita,1907.63975069138,1908.25946236834,3300.0,31,Whistle4939,/lustre/fsn1/projects/rech/vzf/uqe97pu/raw_data/all_categories/SW_NikitaExp_16_Feb_2020_1345pm1907.63975069138_1908.25946236834.wav
3162,Exp_11_Feb_2020_0945am,SW_Nikita,784.51961217042,784.871359619399,3300.0,32,Whistle4012,/lustre/fsn1/projects/rech/vzf/uqe97pu/raw_data/all_categories/SW_NikitaExp_11_Feb_2020_0945am784.51961217042_784.871359619399.wav
3585,Exp_14_Dec_2019_0945am,SW_Nikita,1940.91588156328,1941.1608823057,3300.0,39,Whistle4759,/lustre/fsn1/projects/rech/vzf/uqe97pu/raw_data/all_categories/SW_NikitaExp_14_Dec_2019_0945am1940.91588156328_1941.1608823057.wav
3285,Exp_16_Jan_2020_1345pm,SW_Nikita,28.1929977428293,28.6473666748681,3300.0,33,Whistle4483,/lustre/fsn1/projects/rech/vzf/uqe97pu/raw_data/all_categories/SW_NikitaExp_16_Jan_2020_1345pm28.1929977428293_28.6473666748681.wav
3008,Exp_05_Dec_2019_1145am,SW_Nikita,768.914604284329,769.636726123052,3000.0,31,Whistle3520,/lustre/fsn1/projects/rech/vzf/uqe97pu/raw_data/all_categories/SW_NikitaExp_05_Dec_2019_1145am768.914604284329_769.636726123052.wav
3003,Exp_21_Nov_2019_0945am,SW_Nikita,138.215696721534,139.305319922973,3600.0,30,Whistle4700,/lustre/fsn1/projects/rech/vzf/uqe97pu/raw_data/all_categories/SW_NikitaExp_21_Nov_2019_0945am138.215696721534_139.305319922973.wav
3330,Exp_01_Jan_2020_1345pm,SW_Nikita,1078.54497311485,1078.94822514737,3300.0,34,Whistle3638,/lustre/fsn1/projects/rech/vzf/uqe97pu/raw_data/all_categories/SW_NikitaExp_01_Jan_2020_1345pm1078.54497311485_1078.94822514737.wav
2972,Exp_13_Dec_2019_1245pm,SW_Nikita,3255.27123272051,3255.61315778511,3300.0,29,Whistle4057,/lustre/fsn1/projects/rech/vzf/uqe97pu/raw_data/all_categories/SW_NikitaExp_13_Dec_2019_1245pm3255.27123272051_3255.61315778511.wav
3431,Exp_16_Nov_2019_0845am,SW_Nikita,595.988464431406,596.42233830528,3600.0,34,Whistle4772,/lustre/fsn1/projects/rech/vzf/uqe97pu/raw_data/all_categories/SW_NikitaExp_16_Nov_2019_0845am595.988464431406_596.42233830528.wav
3346,Exp_01_Jan_2020_1045am,SW_Nikita,450.649662743482,451.218996755295,3300.0,34,Whistle3693,/lustre/fsn1/projects/rech/vzf/uqe97pu/raw_data/all_categories/SW_NikitaExp_01_Jan_2020_1045am450.649662743482_451.218996755295.wav
3553,Exp_11_Mar_2020_1145am,SW_Nikita,475.716585721952,475.951586505288,3000.0,37,Whistle4753,/lustre/fsn1/projects/rech/vzf/uqe97pu/raw_data/all_categories/SW_NikitaExp_11_Mar_2020_1145am475.716585721952_475.951586505288.wav
3200,Exp_27_Nov_2019_1145am,SW_Nikita,470.547790077859,470.970653931363,3000.0,32,Whistle4300,/lustre/fsn1/projects/rech/vzf/uqe97pu/raw_data/all_categories/SW_NikitaExp_27_Nov_2019_1145am470.547790077859_470.970653931363.wav
3301,Exp_16_Jan_2020_1145am,SW_Nikita,44.2295229456168,44.7921445097529,3300.0,33,Whistle4951,/lustre/fsn1/projects/rech/vzf/uqe97pu/raw_data/all_categories/SW_NikitaExp_16_Jan_2020_1145am44.2295229456168_44.7921445097529.wav
3480,Exp_19_Nov_2019_1345pm,SW_Nikita,460.995299516469,461.270663845737,3600.0,35,Whistle4691,/lustre/fsn1/projects/rech/vzf/uqe97pu/raw_data/all_categories/SW_NikitaExp_19_Nov_2019_1345pm460.995299516469_461.270663845737.wav
2900,Exp_08_Jan_2020_1245pm,SW_Nikita,81.1028854341155,81.7267363657925,3300.0,28,Whistle3780,/lustre/fsn1/projects/rech/vzf/uqe97pu/raw_data/all_categories/SW_NikitaExp_08_Jan_2020_1245pm81.1028854341155_81.7267363657925.wav
3362,Exp_13_Dec_2019_1245pm,SW_Nikita,2840.91387155808,2841.32543214482,3300.0,34,Whistle3867,/lustre/fsn1/projects/rech/vzf/uqe97pu/raw_data/all_categories/SW_NikitaExp_13_Dec_2019_1245pm2840.91387155808_2841.32543214482.wav
3113,Exp_07_Mar_2020_1145am,SW_Nikita,589.9037391389,590.403615986191,3000.0,32,Whistle3579,/lustre/fsn1/projects/rech/vzf/uqe97pu/raw_data/all_categories/SW_NikitaExp_07_Mar_2020_1145am589.9037391389_590.403615986191.wav
2861,Exp_14_Feb_2020_1345pm,SW_Nikita,443.76441610657,444.47275804082,3300.0,26,Whistle4074,/lustre/fsn1/projects/rech/vzf/uqe97pu/raw_data/all_categories/SW_NikitaExp_14_Feb_2020_1345pm443.76441610657_444.47275804082.wav
3175,Exp_16_Nov_2019_1045am,SW_Nikita,2909.69202143348,2910.28402450991,3600.0,32,Whistle4139,/lustre/fsn1/projects/rech/vzf/uqe97pu/raw_data/all_categories/SW_NikitaExp_16_Nov_2019_1045am2909.69202143348_2910.28402450991.wav
3496,Exp_06_Jan_2020_0845am,SW_Nikita,247.710750638638,248.164398158881,3300.0,36,Whistle3766,/lustre/fsn1/projects/rech/vzf/uqe97pu/raw_data/all_categories/SW_NikitaExp_06_Jan_2020_0845am247.710750638638_248.164398158881.wav
2912,Exp_07_Dec_2019_0845am,SW_Nikita,100.287678888741,101.593854660713,3300.0,28,Whistle3841,/lustre/fsn1/projects/rech/vzf/uqe97pu/raw_data/all_categories/SW_NikitaExp_07_Dec_2019_0845am100.287678888741_101.593854660713.wav
3298,Exp_17_Feb_2020_1345pm,SW_Nikita,2413.9490501844,2414.77985332657,3300.0,33,Whistle4798,/lustre/fsn1/projects/rech/vzf/uqe97pu/raw_data/all_categories/SW_NikitaExp_17_Feb_2020_1345pm2413.9490501844_2414.77985332657.wav
3627,Exp_22_Nov_2019_1345pm,SW_Nikita,347.996861495534,348.261337372727,3600.0,39,Whistle4626,/lustre/fsn1/projects/rech/vzf/uqe97pu/raw_data/all_categories/SW_NikitaExp_22_Nov_2019_1345pm347.996861495534_348.261337372727.wav
3049,Exp_11_Jan_2020_1345pm,SW_Nikita,385.06598266654,385.685593819235,3300.0,31,Whistle4841,/lustre/fsn1/projects/rech/vzf/uqe97pu/raw_data/all_categories/SW_NikitaExp_11_Jan_2020_1345pm385.06598266654_385.685593819235.wav
3493,Exp_02_Feb_2020_1245pm,SW_Nikita,2721.48972520413,2721.8517328643,3300.0,36,Whistle3722,/lustre/fsn1/projects/rech/vzf/uqe97pu/raw_data/all_categories/SW_NikitaExp_02_Feb_2020_1245pm2721.48972520413_2721.8517328643.wav
3388,Exp_20_Nov_2019_1145am,SW_Nikita,189.829806444131,190.497683229845,3600.0,34,Whistle4186,/lustre/fsn1/projects/rech/vzf/uqe97pu/raw_data/all_categories/SW_NikitaExp_20_Nov_2019_1145am189.829806444131_190.497683229845.wav
2839,Exp_17_Dec_2019_0945am,SW_Nikita,2619.13586897715,2620.13790077927,3300.0,25,Whistle4479,/lustre/fsn1/projects/rech/vzf/uqe97pu/raw_data/all_categories/SW_NikitaExp_17_Dec_2019_0945am2619.13586897715_2620.13790077927.wav
3281,Exp_27_Nov_2019_0945am,SW_Nikita,1705.83302824463,1706.43338860499,3000.0,33,Whistle4346,/lustre/fsn1/projects/rech/vzf/uqe97pu/raw_data/all_categories/SW_NikitaExp_27_Nov_2019_0945am1705.83302824463_1706.43338860499.wav
2955,Exp_07_Jan_2020_1345pm,SW_Nikita,891.720397419951,892.361622910147,3300.0,29,Whistle3750,/lustre/fsn1/projects/rech/vzf/uqe97pu/raw_data/all_categories/SW_NikitaExp_07_Jan_2020_1345pm891.720397419951_892.361622910147.wav
2932,Exp_02_Feb_2020_1245pm,SW_Nikita,1052.58724742761,1053.17685852505,3300.0,29,Whistle3599,/lustre/fsn1/projects/rech/vzf/uqe97pu/raw_data/all_categories/SW_NikitaExp_02_Feb_2020_1245pm1052.58724742761_1053.17685852505.wav
3372,Exp_11_Jan_2020_1345pm,SW_Nikita,1131.22071487626,1131.45861432574,3300.0,34,Whistle4022,/lustre/fsn1/projects/rech/vzf/uqe97pu/raw_data/all_categories/SW_NikitaExp_11_Jan_2020_1345pm1131.22071487626_1131.45861432574.wav
2910,Exp_17_Jan_2020_1745pm,SW_Nikita,2825.89824231911,2826.35085859818,3300.0,28,Whistle3885,/lustre/fsn1/projects/rech/vzf/uqe97pu/raw_data/all_categories/SW_NikitaExp_17_Jan_2020_1745pm2825.89824231911_2826.35085859818.wav
2892,Exp_07_Dec_2019_0845am,SW_Nikita,159.787357658493,160.566627630944,3300.0,28,Whistle3771,/lustre/fsn1/projects/rech/vzf/uqe97pu/raw_data/all_categories/SW_NikitaExp_07_Dec_2019_0845am159.787357658493_160.566627630944.wav
3497,Exp_06_Jan_2020_0845am,SW_Nikita,210.440637698902,210.94241852082,3300.0,36,Whistle3769,/lustre/fsn1/projects/rech/vzf/uqe97pu/raw_data/all_categories/SW_NikitaExp_06_Jan_2020_0845am210.440637698902_210.94241852082.wav
3310,Exp_06_Dec_2019_1345pm,SW_Nikita,279.270197429113,279.57767710391,3000.0,34,Whistle3549,/lustre/fsn1/projects/rech/vzf/uqe97pu/raw_data/all_categories/SW_NikitaExp_06_Dec_2019_1345pm279.270197429113_279.57767710391.wav
2850,Exp_23_Nov_2019_1345pm,SW_Nikita,99.7617432345343,100.94619311661,3000.0,25,Whistle5063,/lustre/fsn1/projects/rech/vzf/uqe97pu/raw_data/all_categories/SW_NikitaExp_23_Nov_2019_1345pm99.7617432345343_100.94619311661.wav
2868,Exp_28_Nov_2019_0945am,SW_Nikita,344.824347301608,346.186070515894,3000.0,26,Whistle5073,/lustre/fsn1/projects/rech/vzf/uqe97pu/raw_data/all_categories/SW_NikitaExp_28_Nov_2019_0945am344.824347301608_346.186070515894.wav
3048,Exp_11_Jan_2020_1345pm,SW_Nikita,374.305184176409,374.995759757805,3300.0,31,Whistle4840,/lustre/fsn1/projects/rech/vzf/uqe97pu/raw_data/all_categories/SW_NikitaExp_11_Jan_2020_1345pm374.305184176409_374.995759757805.wav
3075,Exp_05_Dec_2019_1145am,SW_Nikita,791.882639608799,792.310207176366,3000.0,32,Whistle3526,/lustre/fsn1/projects/rech/vzf/uqe97pu/raw_data/all_categories/SW_NikitaExp_05_Dec_2019_1145am791.882639608799_792.310207176366.wav
3398,Exp_22_Nov_2019_1345pm,SW_Nikita,25.1474409894473,25.4483356062356,3600.0,34,Whistle4242,/lustre/fsn1/projects/rech/vzf/uqe97pu/raw_data/all_categories/SW_NikitaExp_22_Nov_2019_1345pm25.1474409894473_25.4483356062356.wav
2796,Exp_28_Nov_2019_1345pm,SW_Nikita,242.601007146149,243.465701256726,3000.0,25,Whistle4314,/lustre/fsn1/projects/rech/vzf/uqe97pu/raw_data/all_categories/SW_NikitaExp_28_Nov_2019_1345pm242.601007146149_243.465701256726.wav
3374,Exp_12_Dec_2019_1045am,SW_Nikita,3056.06576493042,3056.51939839396,3300.0,34,Whistle4042,/lustre/fsn1/projects/rech/vzf/uqe97pu/raw_data/all_categories/SW_NikitaExp_12_Dec_2019_1045am3056.06576493042_3056.51939839396.wav
2901,Exp_09_Jan_2020_1245pm,SW_Nikita,3213.4265579386,3214.23599782037,3300.0,28,Whistle3783,/lustre/fsn1/projects/rech/vzf/uqe97pu/raw_data/all_categories/SW_NikitaExp_09_Jan_2020_1245pm3213.4265579386_3214.23599782037.wav
3227,Exp_23_Nov_2019_1345pm,SW_Nikita,558.604546132528,559.252381928915,3000.0,32,Whistle4710,/lustre/fsn1/projects/rech/vzf/uqe97pu/raw_data/all_categories/SW_NikitaExp_23_Nov_2019_1345pm558.604546132528_559.252381928915.wav
3499,Exp_09_Feb_2020_1545pm,SW_Nikita,12.07503659102,12.7090293967754,3300.0,36,Whistle3782,/lustre/fsn1/projects/rech/vzf/uqe97pu/raw_data/all_categories/SW_NikitaExp_09_Feb_2020_1545pm12.07503659102_12.7090293967754.wav
3213,Exp_15_Dec_2019_1245pm,SW_Nikita,2088.29449569074,2088.73996152925,3300.0,32,Whistle4501,/lustre/fsn1/projects/rech/vzf/uqe97pu/raw_data/all_categories/SW_NikitaExp_15_Dec_2019_1245pm2088.29449569074_2088.73996152925.wav
3059,Exp_21_Nov_2019_1345pm,SW_Nikita,383.864612983962,384.45857014122,3600.0,31,Whistle5013,/lustre/fsn1/projects/rech/vzf/uqe97pu/raw_data/all_categories/SW_NikitaExp_21_Nov_2019_1345pm383.864612983962_384.45857014122.wav
3609,Exp_17_Feb_2020_1145am,SW_Nikita,969.197936963445,970.472940827093,3300.0,39,Whistle15685,/lustre/fsn1/projects/rech/vzf/uqe97pu/raw_data/all_categories/SW_NikitaExp_17_Feb_2020_1145am969.197936963445_970.472940827093.wav
3628,Exp_12_Mar_2020_1545pm,SW_Nikita,102.550856423321,102.74995552242,3000.0,39,Whistle4648,/lustre/fsn1/projects/rech/vzf/uqe97pu/raw_data/all_categories/SW_NikitaExp_12_Mar_2020_1545pm102.550856423321_102.74995552242.wav
3112,Exp_07_Jan_2020_1345pm,SW_Nikita,56.7211688660754,57.1897320844662,3300.0,32,Whistle3577,/lustre/fsn1/projects/rech/vzf/uqe97pu/raw_data/all_categories/SW_NikitaExp_07_Jan_2020_1345pm56.7211688660754_57.1897320844662.wav
3079,Exp_05_Dec_2019_1145am,SW_Nikita,799.674787995381,800.198132046828,3000.0,32,Whistle3531,/lustre/fsn1/projects/rech/vzf/uqe97pu/raw_data/all_categories/SW_NikitaExp_05_Dec_2019_1145am799.674787995381_800.198132046828.wav
3534,Exp_15_Feb_2020_0945am,SW_Nikita,3102.74932786682,3103.2997175029,3300.0,36,Whistle4730,/lustre/fsn1/projects/rech/vzf/uqe97pu/raw_data/all_categories/SW_NikitaExp_15_Feb_2020_0945am3102.74932786682_3103.2997175029.wav
2858,Exp_07_Jan_2020_0845am,SW_Nikita,2916.94884045103,2917.65304903461,3300.0,26,Whistle3701,/lustre/fsn1/projects/rech/vzf/uqe97pu/raw_data/all_categories/SW_NikitaExp_07_Jan_2020_0845am2916.94884045103_2917.65304903461.wav
3602,Exp_14_Feb_2020_1345pm,SW_Nikita,377.093548400089,377.696080045659,3300.0,39,Whistle15679,/lustre/fsn1/projects/rech/vzf/uqe97pu/raw_data/all_categories/SW_NikitaExp_14_Feb_2020_1345pm377.093548400089_377.696080045659.wav
2787,Exp_21_Nov_2019_1145am,SW_Nikita,88.6445837390142,89.5401303273169,3600.0,25,Whistle4196,/lustre/fsn1/projects/rech/vzf/uqe97pu/raw_data/all_categories/SW_NikitaExp_21_Nov_2019_1145am88.6445837390142_89.5401303273169.wav
2937,13-11-19-1221,SW_Nikita,1597.21135914582,1597.78129364363,3600.0,29,Whistle3724,/lustre/fsn1/projects/rech/vzf/uqe97pu/raw_data/all_categories/SW_Nikita13-11-19-12211597.21135914582_1597.78129364363.wav
2766,Exp_07_Mar_2020_1345pm,SW_Nikita,1823.08607695359,1823.94446006114,3000.0,25,Whistle3488,/lustre/fsn1/projects/rech/vzf/uqe97pu/raw_data/all_categories/SW_NikitaExp_07_Mar_2020_1345pm1823.08607695359_1823.94446006114.wav
3339,Exp_02_Jan_2020_1345pm,SW_Nikita,2333.60707153658,2334.08696627342,3300.0,34,Whistle3669,/lustre/fsn1/projects/rech/vzf/uqe97pu/raw_data/all_categories/SW_NikitaExp_02_Jan_2020_1345pm2333.60707153658_2334.08696627342.wav
3292,Exp_19_Nov_2019_0845am,SW_Nikita,923.230193693132,924.012476136709,3600.0,33,Whistle4689,/lustre/fsn1/projects/rech/vzf/uqe97pu/raw_data/all_categories/SW_NikitaExp_19_Nov_2019_0845am923.230193693132_924.012476136709.wav
2953,Exp_07_Dec_2019_1245pm,SW_Nikita,3009.12410323837,3009.59166522184,3300.0,29,Whistle3747,/lustre/fsn1/projects/rech/vzf/uqe97pu/raw_data/all_categories/SW_NikitaExp_07_Dec_2019_1245pm3009.12410323837_3009.59166522184.wav
2954,Exp_07_Dec_2019_1245pm,SW_Nikita,2961.31657091489,2962.07392385607,3300.0,29,Whistle3748,/lustre/fsn1/projects/rech/vzf/uqe97pu/raw_data/all_categories/SW_NikitaExp_07_Dec_2019_1245pm2961.31657091489_2962.07392385607.wav
3427,Exp_28_Nov_2019_0945am,SW_Nikita,264.009945843844,264.492518537694,3000.0,34,Whistle4716,/lustre/fsn1/projects/rech/vzf/uqe97pu/raw_data/all_categories/SW_NikitaExp_28_Nov_2019_0945am264.009945843844_264.492518537694.wav
2986,Exp_16_Dec_2019_1345pm,SW_Nikita,58.980567602357,59.53422348471,3300.0,29,Whistle4922,/lustre/fsn1/projects/rech/vzf/uqe97pu/raw_data/all_categories/SW_NikitaExp_16_Dec_2019_1345pm58.980567602357_59.53422348471.wav
2919,Exp_05_Dec_2019_1145am,SW_Nikita,345.426151420505,345.906046157347,3000.0,29,Whistle3530,/lustre/fsn1/projects/rech/vzf/uqe97pu/raw_data/all_categories/SW_NikitaExp_05_Dec_2019_1145am345.426151420505_345.906046157347.wav
2774,Exp_09_Dec_2019_1245pm,SW_Nikita,3054.63581405903,3055.16922241916,3300.0,25,Whistle3652,/lustre/fsn1/projects/rech/vzf/uqe97pu/raw_data/all_categories/SW_NikitaExp_09_Dec_2019_1245pm3054.63581405903_3055.16922241916.wav
2991,Exp_13_Jan_2020_1045am,SW_Nikita,3263.37837392653,3263.953121144,3300.0,30,Whistle3868,/lustre/fsn1/projects/rech/vzf/uqe97pu/raw_data/all_categories/SW_NikitaExp_13_Jan_2020_1045am3263.37837392653_3263.953121144.wav
3234,Exp_11_Jan_2020_1345pm,SW_Nikita,398.025707962465,398.513047143752,3300.0,32,Whistle4843,/lustre/fsn1/projects/rech/vzf/uqe97pu/raw_data/all_categories/SW_NikitaExp_11_Jan_2020_1345pm398.025707962465_398.513047143752.wav
3359,Exp_09_Jan_2020_1345pm,SW_Nikita,196.321707754223,196.579222686489,3300.0,34,Whistle3718,/lustre/fsn1/projects/rech/vzf/uqe97pu/raw_data/all_categories/SW_NikitaExp_09_Jan_2020_1345pm196.321707754223_196.579222686489.wav
3430,Exp_17_Jan_2020_1245pm,SW_Nikita,2891.10004607072,2891.34338469506,3300.0,34,Whistle4743,/lustre/fsn1/projects/rech/vzf/uqe97pu/raw_data/all_categories/SW_NikitaExp_17_Jan_2020_1245pm2891.10004607072_2891.34338469506.wav
3494,Exp_05_Dec_2019_1145am,SW_Nikita,364.608300676953,365.104312946892,3000.0,36,Whistle3732,/lustre/fsn1/projects/rech/vzf/uqe97pu/raw_data/all_categories/SW_NikitaExp_05_Dec_2019_1145am364.608300676953_365.104312946892.wav
3018,Exp_19_Nov_2019_1145am,SW_Nikita,459.685292168823,460.463043336208,3600.0,31,Whistle4177,/lustre/fsn1/projects/rech/vzf/uqe97pu/raw_data/all_categories/SW_NikitaExp_19_Nov_2019_1145am459.685292168823_460.463043336208.wav
2886,Exp_04_Feb_2020_1145am,SW_Nikita,2822.83990438818,2823.81022119259,3300.0,28,Whistle3492,/lustre/fsn1/projects/rech/vzf/uqe97pu/raw_data/all_categories/SW_NikitaExp_04_Feb_2020_1145am2822.83990438818_2823.81022119259.wav
3647,Exp_17_Jan_2020_0945am,SW_Nikita,90.7300904539855,91.2952280686644,3300.0,39,Whistle4996,/lustre/fsn1/projects/rech/vzf/uqe97pu/raw_data/all_categories/SW_NikitaExp_17_Jan_2020_0945am90.7300904539855_91.2952280686644.wav
2836,Exp_13_Feb_2020_1345pm,SW_Nikita,425.50179036799,426.090930705414,3300.0,25,Whistle4875,/lustre/fsn1/projects/rech/vzf/uqe97pu/raw_data/all_categories/SW_NikitaExp_13_Feb_2020_1345pm425.50179036799_426.090930705414.wav
3619,Exp_06_Jan_2020_1345pm,SW_Nikita,888.758427518462,888.909950361102,3300.0,39,Whistle3801,/lustre/fsn1/projects/rech/vzf/uqe97pu/raw_data/all_categories/SW_NikitaExp_06_Jan_2020_1345pm888.758427518462_888.909950361102.wav
3144,Exp_01_Feb_2020_0945am,SW_Nikita,900.223473969945,900.868493577788,3300.0,32,Whistle3663,/lustre/fsn1/projects/rech/vzf/uqe97pu/raw_data/all_categories/SW_NikitaExp_01_Feb_2020_0945am900.223473969945_900.868493577788.wav
3044,Exp_16_Nov_2019_1045am,SW_Nikita,2698.61638018256,2699.55564407145,3600.0,31,Whistle4775,/lustre/fsn1/projects/rech/vzf/uqe97pu/raw_data/all_categories/SW_NikitaExp_16_Nov_2019_1045am2698.61638018256_2699.55564407145.wav
3548,Exp_16_Feb_2020_1245pm,SW_Nikita,151.475660489171,151.659923647066,3300.0,37,Whistle3978,/lustre/fsn1/projects/rech/vzf/uqe97pu/raw_data/all_categories/SW_NikitaExp_16_Feb_2020_1245pm151.475660489171_151.659923647066.wav
3555,Exp_14_Feb_2020_1345pm,SW_Nikita,3181.07963963527,3181.27964024133,3300.0,37,Whistle4760,/lustre/fsn1/projects/rech/vzf/uqe97pu/raw_data/all_categories/SW_NikitaExp_14_Feb_2020_1345pm3181.07963963527_3181.27964024133.wav
2863,Exp_16_Jan_2020_1345pm,SW_Nikita,716.936025745156,717.781724591009,3300.0,26,Whistle4136,/lustre/fsn1/projects/rech/vzf/uqe97pu/raw_data/all_categories/SW_NikitaExp_16_Jan_2020_1345pm716.936025745156_717.781724591009.wav
3156,Exp_22_Nov_2019_1345pm,SW_Nikita,324.815133219895,325.433698437286,3600.0,32,Whistle3900,/lustre/fsn1/projects/rech/vzf/uqe97pu/raw_data/all_categories/SW_NikitaExp_22_Nov_2019_1345pm324.815133219895_325.433698437286.wav
3584,Exp_17_Dec_2019_0945am,SW_Nikita,2430.68427635059,2430.77531481213,3300.0,39,Whistle4750,/lustre/fsn1/projects/rech/vzf/uqe97pu/raw_data/all_categories/SW_NikitaExp_17_Dec_2019_0945am2430.68427635059_2430.77531481213.wav
2788,Exp_16_Feb_2020_1345pm,SW_Nikita,187.35247564408,188.500532181182,3300.0,25,Whistle4355,/lustre/fsn1/projects/rech/vzf/uqe97pu/raw_data/all_categories/SW_NikitaExp_16_Feb_2020_1345pm187.35247564408_188.500532181182.wav
3410,Exp_17_Dec_2019_0945am,SW_Nikita,2519.72791386696,2520.11751937771,3300.0,34,Whistle4435,/lustre/fsn1/projects/rech/vzf/uqe97pu/raw_data/all_categories/SW_NikitaExp_17_Dec_2019_0945am2519.72791386696_2520.11751937771.wav
3316,Exp_01_Feb_2020_1045am,SW_Nikita,2986.7690508153,2987.26043904173,3300.0,34,Whistle3606,/lustre/fsn1/projects/rech/vzf/uqe97pu/raw_data/all_categories/SW_NikitaExp_01_Feb_2020_1045am2986.7690508153_2987.26043904173.wav
3396,Exp_23_Nov_2019_1345pm,SW_Nikita,412.065081544357,412.546144552487,3000.0,34,Whistle4442,/lustre/fsn1/projects/rech/vzf/uqe97pu/raw_data/all_categories/SW_NikitaExp_23_Nov_2019_1345pm412.065081544357_412.546144552487.wav
3552,Exp_17_Jan_2020_1945pm,SW_Nikita,2138.89821329324,2139.09039682037,3300.0,37,Whistle4610,/lustre/fsn1/projects/rech/vzf/uqe97pu/raw_data/all_categories/SW_NikitaExp_17_Jan_2020_1945pm2138.89821329324_2139.09039682037.wav
2764,Exp_07_Dec_2019_0845am,SW_Nikita,103.251267140311,104.535277741017,3300.0,25,Whistle3484,/lustre/fsn1/projects/rech/vzf/uqe97pu/raw_data/all_categories/SW_NikitaExp_07_Dec_2019_0845am103.251267140311_104.535277741017.wav
3399,Exp_23_Nov_2019_1245pm,SW_Nikita,2885.94465685954,2886.41533522492,3000.0,34,Whistle4266,/lustre/fsn1/projects/rech/vzf/uqe97pu/raw_data/all_categories/SW_NikitaExp_23_Nov_2019_1245pm2885.94465685954_2886.41533522492.wav
3344,Exp_05_Dec_2019_1145am,SW_Nikita,313.831046103487,314.030789693231,3000.0,34,Whistle3685,/lustre/fsn1/projects/rech/vzf/uqe97pu/raw_data/all_categories/SW_NikitaExp_05_Dec_2019_1145am313.831046103487_314.030789693231.wav
2961,Exp_01_Mar_2020_1145am,SW_Nikita,770.67756892523,771.255711782373,3000.0,29,Whistle3757,/lustre/fsn1/projects/rech/vzf/uqe97pu/raw_data/all_categories/SW_NikitaExp_01_Mar_2020_1145am770.67756892523_771.255711782373.wav
2895,Exp_07_Dec_2019_0945am,SW_Nikita,98.79451919734,99.2641925641742,3300.0,28,Whistle3774,/lustre/fsn1/projects/rech/vzf/uqe97pu/raw_data/all_categories/SW_NikitaExp_07_Dec_2019_0945am98.79451919734_99.2641925641742.wav
2947,Exp_01_Jan_2020_0845am,SW_Nikita,2924.40386182988,2925.14216592553,3300.0,29,Whistle3738,/lustre/fsn1/projects/rech/vzf/uqe97pu/raw_data/all_categories/SW_NikitaExp_01_Jan_2020_0845am2924.40386182988_2925.14216592553.wav
3337,Exp_02_Feb_2020_1245pm,SW_Nikita,1005.46974903111,1005.91300829037,3300.0,34,Whistle3664,/lustre/fsn1/projects/rech/vzf/uqe97pu/raw_data/all_categories/SW_NikitaExp_02_Feb_2020_1245pm1005.46974903111_1005.91300829037.wav
3570,Exp_13_Jan_2020_1045am,SW_Nikita,3259.53129805159,3259.67419350613,3300.0,38,Whistle4591,/lustre/fsn1/projects/rech/vzf/uqe97pu/raw_data/all_categories/SW_NikitaExp_13_Jan_2020_1045am3259.53129805159_3259.67419350613.wav
3273,Exp_23_Nov_2019_1145am,SW_Nikita,327.379305013941,327.838873728176,3000.0,33,Whistle4005,/lustre/fsn1/projects/rech/vzf/uqe97pu/raw_data/all_categories/SW_NikitaExp_23_Nov_2019_1145am327.379305013941_327.838873728176.wav
3486,Exp_05_Dec_2019_1145am,SW_Nikita,1508.91502971677,1509.39492445361,3000.0,36,Whistle3687,/lustre/fsn1/projects/rech/vzf/uqe97pu/raw_data/all_categories/SW_NikitaExp_05_Dec_2019_1145am1508.91502971677_1509.39492445361.wav
3373,Exp_12_Dec_2019_1045am,SW_Nikita,1367.10352566737,1367.54411155919,3300.0,34,Whistle4033,/lustre/fsn1/projects/rech/vzf/uqe97pu/raw_data/all_categories/SW_NikitaExp_12_Dec_2019_1045am1367.10352566737_1367.54411155919.wav
3574,Exp_16_Dec_2019_1145am,SW_Nikita,324.460983215101,324.690983912072,3300.0,38,Whistle4763,/lustre/fsn1/projects/rech/vzf/uqe97pu/raw_data/all_categories/SW_NikitaExp_16_Dec_2019_1145am324.460983215101_324.690983912072.wav
3412,Exp_13_Jan_2020_1045am,SW_Nikita,3255.3104176633,3255.57905158168,3300.0,34,Whistle4469,/lustre/fsn1/projects/rech/vzf/uqe97pu/raw_data/all_categories/SW_NikitaExp_13_Jan_2020_1045am3255.3104176633_3255.57905158168.wav
3254,Exp_22_Nov_2019_1345pm,SW_Nikita,278.155157845855,278.870007555907,3600.0,32,Whistle5038,/lustre/fsn1/projects/rech/vzf/uqe97pu/raw_data/all_categories/SW_NikitaExp_22_Nov_2019_1345pm278.155157845855_278.870007555907.wav
2906,Exp_07_Dec_2019_0845am,SW_Nikita,39.2027091205164,40.4647007639704,3300.0,28,Whistle3843,/lustre/fsn1/projects/rech/vzf/uqe97pu/raw_data/all_categories/SW_NikitaExp_07_Dec_2019_0845am39.2027091205164_40.4647007639704.wav
3541,Exp_21_Nov_2019_0945am,SW_Nikita,449.603223623255,450.167298664374,3600.0,36,Whistle5009,/lustre/fsn1/projects/rech/vzf/uqe97pu/raw_data/all_categories/SW_NikitaExp_21_Nov_2019_0945am449.603223623255_450.167298664374.wav
3147,Exp_01_Mar_2020_1145am,SW_Nikita,859.862866209554,860.365489526862,3000.0,32,Whistle3716,/lustre/fsn1/projects/rech/vzf/uqe97pu/raw_data/all_categories/SW_NikitaExp_01_Mar_2020_1145am859.862866209554_860.365489526862.wav
2848,Exp_22_Nov_2019_1345pm,SW_Nikita,21.21083655199,22.520023831142,3600.0,25,Whistle5042,/lustre/fsn1/projects/rech/vzf/uqe97pu/raw_data/all_categories/SW_NikitaExp_22_Nov_2019_1345pm21.21083655199_22.520023831142.wav
2799,Exp_27_Nov_2019_0945am,SW_Nikita,1705.20762723184,1706.35064843326,3000.0,25,Whistle4345,/lustre/fsn1/projects/rech/vzf/uqe97pu/raw_data/all_categories/SW_NikitaExp_27_Nov_2019_0945am1705.20762723184_1706.35064843326.wav
3565,Exp_02_Feb_2020_1245pm,SW_Nikita,1968.60797361887,1968.78936358026,3300.0,38,Whistle3817,/lustre/fsn1/projects/rech/vzf/uqe97pu/raw_data/all_categories/SW_NikitaExp_02_Feb_2020_1245pm1968.60797361887_1968.78936358026.wav
2960,Exp_09_Jan_2020_0945am,SW_Nikita,1681.82221446553,1682.29086152436,3300.0,29,Whistle3756,/lustre/fsn1/projects/rech/vzf/uqe97pu/raw_data/all_categories/SW_NikitaExp_09_Jan_2020_0945am1681.82221446553_1682.29086152436.wav
2998,Exp_23_Nov_2019_1345pm,SW_Nikita,2133.59701822798,2134.11063674785,3000.0,30,Whistle4455,/lustre/fsn1/projects/rech/vzf/uqe97pu/raw_data/all_categories/SW_NikitaExp_23_Nov_2019_1345pm2133.59701822798_2134.11063674785.wav
2923,Exp_01_Jan_2020_0845am,SW_Nikita,2573.45927087698,2573.82202949767,3300.0,29,Whistle3546,/lustre/fsn1/projects/rech/vzf/uqe97pu/raw_data/all_categories/SW_NikitaExp_01_Jan_2020_0845am2573.45927087698_2573.82202949767.wav
3252,Exp_22_Nov_2019_1145am,SW_Nikita,3483.5654292569,3484.0426855813,3600.0,32,Whistle5023,/lustre/fsn1/projects/rech/vzf/uqe97pu/raw_data/all_categories/SW_NikitaExp_22_Nov_2019_1145am3483.5654292569_3484.0426855813.wav
3348,Exp_07_Dec_2019_1245pm,SW_Nikita,2856.19554839852,2856.56315554138,3300.0,34,Whistle3696,/lustre/fsn1/projects/rech/vzf/uqe97pu/raw_data/all_categories/SW_NikitaExp_07_Dec_2019_1245pm2856.19554839852_2856.56315554138.wav
2969,Exp_07_Dec_2019_0945am,SW_Nikita,100.987495028658,101.340136538092,3300.0,29,Whistle3793,/lustre/fsn1/projects/rech/vzf/uqe97pu/raw_data/all_categories/SW_NikitaExp_07_Dec_2019_0945am100.987495028658_101.340136538092.wav
2967,Exp_01_Jan_2020_1345pm,SW_Nikita,619.334245441892,619.742290554674,3300.0,29,Whistle3789,/lustre/fsn1/projects/rech/vzf/uqe97pu/raw_data/all_categories/SW_NikitaExp_01_Jan_2020_1345pm619.334245441892_619.742290554674.wav
2897,Exp_07_Dec_2019_1245pm,SW_Nikita,2695.43033248514,2696.04009626467,3300.0,28,Whistle3776,/lustre/fsn1/projects/rech/vzf/uqe97pu/raw_data/all_categories/SW_NikitaExp_07_Dec_2019_1245pm2695.43033248514_2696.04009626467.wav
3089,Exp_06_Dec_2019_0945am,SW_Nikita,876.891998961392,877.379671137701,3000.0,32,Whistle3544,/lustre/fsn1/projects/rech/vzf/uqe97pu/raw_data/all_categories/SW_NikitaExp_06_Dec_2019_0945am876.891998961392_877.379671137701.wav
3601,Exp_12_Dec_2019_1245pm,SW_Nikita,1918.2336106295,1918.75074349664,3300.0,39,Whistle15675,/lustre/fsn1/projects/rech/vzf/uqe97pu/raw_data/all_categories/SW_NikitaExp_12_Dec_2019_1245pm1918.2336106295_1918.75074349664.wav
2789,Exp_23_Nov_2019_0945am,SW_Nikita,2355.8158071414,2357.02544436538,3000.0,25,Whistle4245,/lustre/fsn1/projects/rech/vzf/uqe97pu/raw_data/all_categories/SW_NikitaExp_23_Nov_2019_0945am2355.8158071414_2357.02544436538.wav
3040,Exp_19_Nov_2019_1545pm,SW_Nikita,923.73180273627,924.367988554655,3600.0,31,Whistle4693,/lustre/fsn1/projects/rech/vzf/uqe97pu/raw_data/all_categories/SW_NikitaExp_19_Nov_2019_1545pm923.73180273627_924.367988554655.wav
2831,Exp_22_Nov_2019_1245pm,SW_Nikita,3337.11427087297,3338.10947557697,3600.0,25,Whistle4618,/lustre/fsn1/projects/rech/vzf/uqe97pu/raw_data/all_categories/SW_NikitaExp_22_Nov_2019_1245pm3337.11427087297_3338.10947557697.wav
2847,Exp_22_Nov_2019_1345pm,SW_Nikita,273.105759182664,274.77573953802,3600.0,25,Whistle5036,/lustre/fsn1/projects/rech/vzf/uqe97pu/raw_data/all_categories/SW_NikitaExp_22_Nov_2019_1345pm273.105759182664_274.77573953802.wav
3331,Exp_08_Dec_2019_1045am,SW_Nikita,1769.58536237989,1770.06525711673,3300.0,34,Whistle3639,/lustre/fsn1/projects/rech/vzf/uqe97pu/raw_data/all_categories/SW_NikitaExp_08_Dec_2019_1045am1769.58536237989_1770.06525711673.wav
3436,Exp_14_Dec_2019_0945am,SW_Nikita,254.70878900428,255.120322365766,3300.0,34,Whistle4884,/lustre/fsn1/projects/rech/vzf/uqe97pu/raw_data/all_categories/SW_NikitaExp_14_Dec_2019_0945am254.70878900428_255.120322365766.wav
3418,Exp_22_Nov_2019_1245pm,SW_Nikita,3337.88065816864,3338.10801418958,3600.0,34,Whistle4622,/lustre/fsn1/projects/rech/vzf/uqe97pu/raw_data/all_categories/SW_NikitaExp_22_Nov_2019_1245pm3337.88065816864_3338.10801418958.wav
3378,Exp_14_Jan_2020_0945am,SW_Nikita,3179.38975171767,3179.80289038954,3300.0,34,Whistle4076,/lustre/fsn1/projects/rech/vzf/uqe97pu/raw_data/all_categories/SW_NikitaExp_14_Jan_2020_0945am3179.38975171767_3179.80289038954.wav
3386,Exp_17_Dec_2019_0945am,SW_Nikita,2609.37719072234,2609.81811462771,3300.0,34,Whistle4151,/lustre/fsn1/projects/rech/vzf/uqe97pu/raw_data/all_categories/SW_NikitaExp_17_Dec_2019_0945am2609.37719072234_2609.81811462771.wav
3091,Exp_06_Dec_2019_1345pm,SW_Nikita,226.222394423898,226.831285099139,3000.0,32,Whistle3550,/lustre/fsn1/projects/rech/vzf/uqe97pu/raw_data/all_categories/SW_NikitaExp_06_Dec_2019_1345pm226.222394423898_226.831285099139.wav
3153,Exp_13_Dec_2019_1245pm,SW_Nikita,2843.25872808548,2843.79720274047,3300.0,32,Whistle3866,/lustre/fsn1/projects/rech/vzf/uqe97pu/raw_data/all_categories/SW_NikitaExp_13_Dec_2019_1245pm2843.25872808548_2843.79720274047.wav
2934,Exp_06_Dec_2019_0945am,SW_Nikita,272.187645387672,272.490806571882,3000.0,29,Whistle3688,/lustre/fsn1/projects/rech/vzf/uqe97pu/raw_data/all_categories/SW_NikitaExp_06_Dec_2019_0945am272.187645387672_272.490806571882.wav
3268,Exp_22_Nov_2019_1545pm,SW_Nikita,35.9223072837326,36.2290402382781,3000.0,33,Whistle3904,/lustre/fsn1/projects/rech/vzf/uqe97pu/raw_data/all_categories/SW_NikitaExp_22_Nov_2019_1545pm35.9223072837326_36.2290402382781.wav
3275,Exp_12_Dec_2019_1045am,SW_Nikita,1624.96980090479,1625.4968040924,3300.0,33,Whistle4032,/lustre/fsn1/projects/rech/vzf/uqe97pu/raw_data/all_categories/SW_NikitaExp_12_Dec_2019_1045am1624.96980090479_1625.4968040924.wav
2990,Exp_12_Mar_2020_1345pm,SW_Nikita,50.7579282487348,51.3203398112348,3000.0,30,Whistle3863,/lustre/fsn1/projects/rech/vzf/uqe97pu/raw_data/all_categories/SW_NikitaExp_12_Mar_2020_1345pm50.7579282487348_51.3203398112348.wav
3154,Exp_17_Jan_2020_0745am,SW_Nikita,1756.8168626279,1757.28321602297,3300.0,32,Whistle3884,/lustre/fsn1/projects/rech/vzf/uqe97pu/raw_data/all_categories/SW_NikitaExp_17_Jan_2020_0745am1756.8168626279_1757.28321602297.wav
2823,Exp_16_Feb_2020_0945am,SW_Nikita,1187.50059050143,1188.41769987643,3300.0,25,Whistle4523,/lustre/fsn1/projects/rech/vzf/uqe97pu/raw_data/all_categories/SW_NikitaExp_16_Feb_2020_0945am1187.50059050143_1188.41769987643.wav
2790,Exp_23_Nov_2019_0945am,SW_Nikita,2353.76953400451,2354.92196906944,3000.0,25,Whistle4365,/lustre/fsn1/projects/rech/vzf/uqe97pu/raw_data/all_categories/SW_NikitaExp_23_Nov_2019_0945am2353.76953400451_2354.92196906944.wav
3414,Exp_15_Dec_2019_1245pm,SW_Nikita,2330.97121288504,2331.31966288504,3300.0,34,Whistle4503,/lustre/fsn1/projects/rech/vzf/uqe97pu/raw_data/all_categories/SW_NikitaExp_15_Dec_2019_1245pm2330.97121288504_2331.31966288504.wav
3129,Exp_05_Dec_2019_1145am,SW_Nikita,358.421194737316,358.956100397693,3000.0,32,Whistle3613,/lustre/fsn1/projects/rech/vzf/uqe97pu/raw_data/all_categories/SW_NikitaExp_05_Dec_2019_1145am358.421194737316_358.956100397693.wav
3140,Exp_09_Dec_2019_1245pm,SW_Nikita,3169.97960599881,3170.42000972551,3300.0,32,Whistle3650,/lustre/fsn1/projects/rech/vzf/uqe97pu/raw_data/all_categories/SW_NikitaExp_09_Dec_2019_1245pm3169.97960599881_3170.42000972551.wav
3408,Exp_27_Nov_2019_1145am,SW_Nikita,441.827344952602,442.221824119268,3000.0,34,Whistle4418,/lustre/fsn1/projects/rech/vzf/uqe97pu/raw_data/all_categories/SW_NikitaExp_27_Nov_2019_1145am441.827344952602_442.221824119268.wav
3379,Exp_15_Dec_2019_1245pm,SW_Nikita,2102.60180280757,2102.95944729682,3300.0,34,Whistle4082,/lustre/fsn1/projects/rech/vzf/uqe97pu/raw_data/all_categories/SW_NikitaExp_15_Dec_2019_1245pm2102.60180280757_2102.95944729682.wav
3638,Exp_16_Jan_2020_0945am,SW_Nikita,125.740381031458,126.230382516311,3300.0,39,Whistle4768,/lustre/fsn1/projects/rech/vzf/uqe97pu/raw_data/all_categories/SW_NikitaExp_16_Jan_2020_0945am125.740381031458_126.230382516311.wav
3246,Exp_16_Dec_2019_1345pm,SW_Nikita,325.865694767286,326.409516730794,3300.0,32,Whistle4927,/lustre/fsn1/projects/rech/vzf/uqe97pu/raw_data/all_categories/SW_NikitaExp_16_Dec_2019_1345pm325.865694767286_326.409516730794.wav
3152,Exp_05_Jan_2020_1345pm,SW_Nikita,203.680618426116,204.225081236034,3300.0,32,Whistle3828,/lustre/fsn1/projects/rech/vzf/uqe97pu/raw_data/all_categories/SW_NikitaExp_05_Jan_2020_1345pm203.680618426116_204.225081236034.wav
3300,Exp_13_Dec_2019_1145am,SW_Nikita,3137.6055249598,3138.17557087175,3300.0,33,Whistle4820,/lustre/fsn1/projects/rech/vzf/uqe97pu/raw_data/all_categories/SW_NikitaExp_13_Dec_2019_1145am3137.6055249598_3138.17557087175.wav
2929,Exp_09_Dec_2019_1245pm,SW_Nikita,3060.03029275124,3060.57829550606,3300.0,29,Whistle3586,/lustre/fsn1/projects/rech/vzf/uqe97pu/raw_data/all_categories/SW_NikitaExp_09_Dec_2019_1245pm3060.03029275124_3060.57829550606.wav
3250,Exp_22_Nov_2019_1145am,SW_Nikita,702.186660939283,702.907976564283,3600.0,32,Whistle5015,/lustre/fsn1/projects/rech/vzf/uqe97pu/raw_data/all_categories/SW_NikitaExp_22_Nov_2019_1145am702.186660939283_702.907976564283.wav
3569,Exp_15_Dec_2019_1245pm,SW_Nikita,2355.51749616795,2355.78036909613,3300.0,38,Whistle4506,/lustre/fsn1/projects/rech/vzf/uqe97pu/raw_data/all_categories/SW_NikitaExp_15_Dec_2019_1245pm2355.51749616795_2355.78036909613.wav
3011,Exp_19_Nov_2019_1345pm,SW_Nikita,548.437566652997,549.315735205033,3600.0,31,Whistle3888,/lustre/fsn1/projects/rech/vzf/uqe97pu/raw_data/all_categories/SW_NikitaExp_19_Nov_2019_1345pm548.437566652997_549.315735205033.wav
3335,Exp_09_Feb_2020_1345pm,SW_Nikita,399.206209715787,399.686104452629,3300.0,34,Whistle3656,/lustre/fsn1/projects/rech/vzf/uqe97pu/raw_data/all_categories/SW_NikitaExp_09_Feb_2020_1345pm399.206209715787_399.686104452629.wav
3240,Exp_17_Dec_2019_0945am,SW_Nikita,3046.34571248025,3046.94269663924,3300.0,32,Whistle4751,/lustre/fsn1/projects/rech/vzf/uqe97pu/raw_data/all_categories/SW_NikitaExp_17_Dec_2019_0945am3046.34571248025_3046.94269663924.wav
3563,Exp_01_Jan_2020_1245pm,SW_Nikita,1285.70174265827,1285.8082009916,3300.0,38,Whistle3813,/lustre/fsn1/projects/rech/vzf/uqe97pu/raw_data/all_categories/SW_NikitaExp_01_Jan_2020_1245pm1285.70174265827_1285.8082009916.wav
2963,Exp_02_Jan_2020_1045am,SW_Nikita,229.111640005208,229.852427406783,3300.0,29,Whistle3760,/lustre/fsn1/projects/rech/vzf/uqe97pu/raw_data/all_categories/SW_NikitaExp_02_Jan_2020_1045am229.111640005208_229.852427406783.wav
2855,Exp_07_Mar_2020_1345pm,SW_Nikita,1701.19067063557,1702.21063173984,3000.0,26,Whistle3497,/lustre/fsn1/projects/rech/vzf/uqe97pu/raw_data/all_categories/SW_NikitaExp_07_Mar_2020_1345pm1701.19067063557_1702.21063173984.wav
2994,Exp_20_Nov_2019_1145am,SW_Nikita,80.6764158523641,81.4383311131003,3600.0,30,Whistle3890,/lustre/fsn1/projects/rech/vzf/uqe97pu/raw_data/all_categories/SW_NikitaExp_20_Nov_2019_1145am80.6764158523641_81.4383311131003.wav
2979,Exp_22_Nov_2019_1345pm,SW_Nikita,315.982187476537,316.168612099492,3600.0,29,Whistle4645,/lustre/fsn1/projects/rech/vzf/uqe97pu/raw_data/all_categories/SW_NikitaExp_22_Nov_2019_1345pm315.982187476537_316.168612099492.wav
3196,Exp_23_Nov_2019_1345pm,SW_Nikita,592.470522453455,593.163672684936,3000.0,32,Whistle4273,/lustre/fsn1/projects/rech/vzf/uqe97pu/raw_data/all_categories/SW_NikitaExp_23_Nov_2019_1345pm592.470522453455_593.163672684936.wav
3102,Exp_07_Dec_2019_1145am,SW_Nikita,1082.56328049479,1083.04317523163,3300.0,32,Whistle3564,/lustre/fsn1/projects/rech/vzf/uqe97pu/raw_data/all_categories/SW_NikitaExp_07_Dec_2019_1145am1082.56328049479_1083.04317523163.wav
3118,Exp_07_Dec_2019_1245pm,SW_Nikita,2958.36455123215,2958.81391397725,3300.0,32,Whistle3568,/lustre/fsn1/projects/rech/vzf/uqe97pu/raw_data/all_categories/SW_NikitaExp_07_Dec_2019_1245pm2958.36455123215_2958.81391397725.wav
2792,Exp_23_Nov_2019_0945am,SW_Nikita,2349.83084223393,2350.64237073134,3000.0,25,Whistle4246,/lustre/fsn1/projects/rech/vzf/uqe97pu/raw_data/all_categories/SW_NikitaExp_23_Nov_2019_0945am2349.83084223393_2350.64237073134.wav
3471,Exp_07_Dec_2019_0945am,SW_Nikita,584.903122761571,585.234940943389,3300.0,35,Whistle3829,/lustre/fsn1/projects/rech/vzf/uqe97pu/raw_data/all_categories/SW_NikitaExp_07_Dec_2019_0945am584.903122761571_585.234940943389.wav
2798,Exp_11_Feb_2020_0945am,SW_Nikita,783.788668736801,784.850167807314,3300.0,25,Whistle4317,/lustre/fsn1/projects/rech/vzf/uqe97pu/raw_data/all_categories/SW_NikitaExp_11_Feb_2020_0945am783.788668736801_784.850167807314.wav
3324,Exp_06_Jan_2020_0845am,SW_Nikita,241.609449610331,241.93771594199,3300.0,34,Whistle3623,/lustre/fsn1/projects/rech/vzf/uqe97pu/raw_data/all_categories/SW_NikitaExp_06_Jan_2020_0845am241.609449610331_241.93771594199.wav
2816,Exp_28_Nov_2019_1245pm,SW_Nikita,2748.63416278054,2749.09273140799,3000.0,25,Whistle4419,/lustre/fsn1/projects/rech/vzf/uqe97pu/raw_data/all_categories/SW_NikitaExp_28_Nov_2019_1245pm2748.63416278054_2749.09273140799.wav
3514,Exp_17_Dec_2019_0945am,SW_Nikita,2594.9079018208,2595.46484281121,3300.0,36,Whistle4148,/lustre/fsn1/projects/rech/vzf/uqe97pu/raw_data/all_categories/SW_NikitaExp_17_Dec_2019_0945am2594.9079018208_2595.46484281121.wav
2829,Exp_21_Nov_2019_1145am,SW_Nikita,93.4971342708426,94.6502345726683,3600.0,25,Whistle4543,/lustre/fsn1/projects/rech/vzf/uqe97pu/raw_data/all_categories/SW_NikitaExp_21_Nov_2019_1145am93.4971342708426_94.6502345726683.wav
3023,Exp_22_Nov_2019_1245pm,SW_Nikita,685.396368175431,685.937775570719,3600.0,31,Whistle4227,/lustre/fsn1/projects/rech/vzf/uqe97pu/raw_data/all_categories/SW_NikitaExp_22_Nov_2019_1245pm685.396368175431_685.937775570719.wav
3168,Exp_22_Nov_2019_1145am,SW_Nikita,1273.72242935042,1274.32454594306,3600.0,32,Whistle4211,/lustre/fsn1/projects/rech/vzf/uqe97pu/raw_data/all_categories/SW_NikitaExp_22_Nov_2019_1145am1273.72242935042_1274.32454594306.wav
3474,Exp_28_Nov_2019_1345pm,SW_Nikita,231.2920819738,231.715418779356,3000.0,35,Whistle4559,/lustre/fsn1/projects/rech/vzf/uqe97pu/raw_data/all_categories/SW_NikitaExp_28_Nov_2019_1345pm231.2920819738_231.715418779356.wav
3110,Exp_01_Jan_2020_1245pm,SW_Nikita,2710.72321431277,2711.20310904961,3300.0,32,Whistle3575,/lustre/fsn1/projects/rech/vzf/uqe97pu/raw_data/all_categories/SW_NikitaExp_01_Jan_2020_1245pm2710.72321431277_2711.20310904961.wav
3646,Exp_11_Mar_2020_1545pm,SW_Nikita,920.728069760232,921.536274888438,3000.0,39,Whistle4635,/lustre/fsn1/projects/rech/vzf/uqe97pu/raw_data/all_categories/SW_NikitaExp_11_Mar_2020_1545pm920.728069760232_921.536274888438.wav
3245,Exp_16_Dec_2019_1145am,SW_Nikita,418.724849968032,419.409489458255,3300.0,32,Whistle4918,/lustre/fsn1/projects/rech/vzf/uqe97pu/raw_data/all_categories/SW_NikitaExp_16_Dec_2019_1145am418.724849968032_419.409489458255.wav
2797,Exp_23_Nov_2019_0945am,SW_Nikita,2362.60891403779,2363.77783711471,3000.0,25,Whistle4367,/lustre/fsn1/projects/rech/vzf/uqe97pu/raw_data/all_categories/SW_NikitaExp_23_Nov_2019_0945am2362.60891403779_2363.77783711471.wav
3221,Exp_22_Nov_2019_1345pm,SW_Nikita,345.863498267277,346.556137360415,3600.0,32,Whistle4641,/lustre/fsn1/projects/rech/vzf/uqe97pu/raw_data/all_categories/SW_NikitaExp_22_Nov_2019_1345pm345.863498267277_346.556137360415.wav
3594,Exp_14_Feb_2020_1345pm,SW_Nikita,761.575860580391,762.845844478696,3300.0,39,Whistle4388,/lustre/fsn1/projects/rech/vzf/uqe97pu/raw_data/all_categories/SW_NikitaExp_14_Feb_2020_1345pm761.575860580391_762.845844478696.wav
3056,Exp_16_Dec_2019_1545pm,SW_Nikita,94.0973871877291,94.6917390627291,3300.0,31,Whistle4935,/lustre/fsn1/projects/rech/vzf/uqe97pu/raw_data/all_categories/SW_NikitaExp_16_Dec_2019_1545pm94.0973871877291_94.6917390627291.wav
3214,Exp_22_Nov_2019_1345pm,SW_Nikita,361.244556439923,361.73593801887,3600.0,32,Whistle4568,/lustre/fsn1/projects/rech/vzf/uqe97pu/raw_data/all_categories/SW_NikitaExp_22_Nov_2019_1345pm361.244556439923_361.73593801887.wav
3202,Exp_27_Nov_2019_1145am,SW_Nikita,472.701258237038,473.192061655842,3000.0,32,Whistle4302,/lustre/fsn1/projects/rech/vzf/uqe97pu/raw_data/all_categories/SW_NikitaExp_27_Nov_2019_1145am472.701258237038_473.192061655842.wav
2949,Exp_06_Jan_2020_0845am,SW_Nikita,208.628094495495,209.334991047219,3300.0,29,Whistle3740,/lustre/fsn1/projects/rech/vzf/uqe97pu/raw_data/all_categories/SW_NikitaExp_06_Jan_2020_0845am208.628094495495_209.334991047219.wav
3062,Exp_22_Nov_2019_1345pm,SW_Nikita,283.153939792781,283.914747485089,3600.0,31,Whistle5032,/lustre/fsn1/projects/rech/vzf/uqe97pu/raw_data/all_categories/SW_NikitaExp_22_Nov_2019_1345pm283.153939792781_283.914747485089.wav
3500,Exp_02_Feb_2020_1245pm,SW_Nikita,2723.003251525,2723.46504256978,3300.0,36,Whistle3786,/lustre/fsn1/projects/rech/vzf/uqe97pu/raw_data/all_categories/SW_NikitaExp_02_Feb_2020_1245pm2723.003251525_2723.46504256978.wav
3014,Exp_16_Dec_2019_1345pm,SW_Nikita,193.312885246291,194.061758029979,3300.0,31,Whistle4113,/lustre/fsn1/projects/rech/vzf/uqe97pu/raw_data/all_categories/SW_NikitaExp_16_Dec_2019_1345pm193.312885246291_194.061758029979.wav
2845,Exp_17_Feb_2020_1245pm,SW_Nikita,3114.22943766496,3115.64940232927,3300.0,25,Whistle4984,/lustre/fsn1/projects/rech/vzf/uqe97pu/raw_data/all_categories/SW_NikitaExp_17_Feb_2020_1245pm3114.22943766496_3115.64940232927.wav
3166,Exp_12_Dec_2019_1245pm,SW_Nikita,3047.03271494049,3047.74663940798,3300.0,32,Whistle4047,/lustre/fsn1/projects/rech/vzf/uqe97pu/raw_data/all_categories/SW_NikitaExp_12_Dec_2019_1245pm3047.03271494049_3047.74663940798.wav
3177,Exp_17_Dec_2019_0945am,SW_Nikita,2962.88266602252,2963.35374220595,3300.0,32,Whistle4158,/lustre/fsn1/projects/rech/vzf/uqe97pu/raw_data/all_categories/SW_NikitaExp_17_Dec_2019_0945am2962.88266602252_2963.35374220595.wav
3109,Exp_07_Jan_2020_1045am,SW_Nikita,1884.74071133549,1885.22060607233,3300.0,32,Whistle3573,/lustre/fsn1/projects/rech/vzf/uqe97pu/raw_data/all_categories/SW_NikitaExp_07_Jan_2020_1045am1884.74071133549_1885.22060607233.wav
3573,Exp_15_Feb_2020_1045am,SW_Nikita,3266.74284783885,3267.13278373629,3300.0,38,Whistle4732,/lustre/fsn1/projects/rech/vzf/uqe97pu/raw_data/all_categories/SW_NikitaExp_15_Feb_2020_1045am3266.74284783885_3267.13278373629.wav
3455,Exp_06_Feb_2020_1145am,SW_Nikita,630.916296214348,631.217900492423,3300.0,35,Whistle3622,/lustre/fsn1/projects/rech/vzf/uqe97pu/raw_data/all_categories/SW_NikitaExp_06_Feb_2020_1145am630.916296214348_631.217900492423.wav
3264,Exp_01_Mar_2020_1145am,SW_Nikita,858.757862526208,859.168226764619,3000.0,33,Whistle3720,/lustre/fsn1/projects/rech/vzf/uqe97pu/raw_data/all_categories/SW_NikitaExp_01_Mar_2020_1145am858.757862526208_859.168226764619.wav
2779,Exp_12_Dec_2019_1045am,SW_Nikita,2698.45785928206,2699.32305714936,3300.0,25,Whistle4036,/lustre/fsn1/projects/rech/vzf/uqe97pu/raw_data/all_categories/SW_NikitaExp_12_Dec_2019_1045am2698.45785928206_2699.32305714936.wav
2926,Exp_07_Dec_2019_1245pm,SW_Nikita,2956.13895799684,2956.61885273368,3300.0,29,Whistle3569,/lustre/fsn1/projects/rech/vzf/uqe97pu/raw_data/all_categories/SW_NikitaExp_07_Dec_2019_1245pm2956.13895799684_2956.61885273368.wav
3134,Exp_07_Dec_2019_0945am,SW_Nikita,1259.33129110201,1259.69879969307,3300.0,32,Whistle3629,/lustre/fsn1/projects/rech/vzf/uqe97pu/raw_data/all_categories/SW_NikitaExp_07_Dec_2019_0945am1259.33129110201_1259.69879969307.wav
3267,Exp_15_Dec_2019_1245pm,SW_Nikita,2322.19068985542,2322.63343864418,3300.0,33,Whistle3873,/lustre/fsn1/projects/rech/vzf/uqe97pu/raw_data/all_categories/SW_NikitaExp_15_Dec_2019_1245pm2322.19068985542_2322.63343864418.wav
3001,Exp_11_Jan_2020_1345pm,SW_Nikita,1126.00979658905,1126.5913614431,3300.0,30,Whistle4581,/lustre/fsn1/projects/rech/vzf/uqe97pu/raw_data/all_categories/SW_NikitaExp_11_Jan_2020_1345pm1126.00979658905_1126.5913614431.wav
2999,Exp_15_Dec_2019_1245pm,SW_Nikita,2342.42552494698,2343.35706204945,3300.0,30,Whistle4505,/lustre/fsn1/projects/rech/vzf/uqe97pu/raw_data/all_categories/SW_NikitaExp_15_Dec_2019_1245pm2342.42552494698_2343.35706204945.wav
3066,Exp_03_Feb_2020_0845am,SW_Nikita,2963.99167702989,2964.45618683381,3300.0,32,Whistle3507,/lustre/fsn1/projects/rech/vzf/uqe97pu/raw_data/all_categories/SW_NikitaExp_03_Feb_2020_0845am2963.99167702989_2964.45618683381.wav
3554,Exp_12_Dec_2019_1145am,SW_Nikita,2841.1486101473,2841.48189372939,3300.0,37,Whistle4756,/lustre/fsn1/projects/rech/vzf/uqe97pu/raw_data/all_categories/SW_NikitaExp_12_Dec_2019_1145am2841.1486101473_2841.48189372939.wav
3036,Exp_14_Dec_2019_0945am,SW_Nikita,426.527794192354,427.240565655266,3300.0,31,Whistle4594,/lustre/fsn1/projects/rech/vzf/uqe97pu/raw_data/all_categories/SW_NikitaExp_14_Dec_2019_0945am426.527794192354_427.240565655266.wav
3395,Exp_22_Nov_2019_1345pm,SW_Nikita,22.6654687850949,23.0449513036592,3600.0,34,Whistle4240,/lustre/fsn1/projects/rech/vzf/uqe97pu/raw_data/all_categories/SW_NikitaExp_22_Nov_2019_1345pm22.6654687850949_23.0449513036592.wav
3501,Exp_11_Mar_2020_1145am,SW_Nikita,27.4304905694193,27.8008552672215,3000.0,36,Whistle3855,/lustre/fsn1/projects/rech/vzf/uqe97pu/raw_data/all_categories/SW_NikitaExp_11_Mar_2020_1145am27.4304905694193_27.8008552672215.wav
3158,Exp_11_Feb_2020_0945am,SW_Nikita,874.76234878988,875.414455288637,3300.0,32,Whistle4008,/lustre/fsn1/projects/rech/vzf/uqe97pu/raw_data/all_categories/SW_NikitaExp_11_Feb_2020_0945am874.76234878988_875.414455288637.wav
3459,Exp_09_Dec_2019_1245pm,SW_Nikita,3080.97505037461,3081.31878663835,3300.0,35,Whistle3648,/lustre/fsn1/projects/rech/vzf/uqe97pu/raw_data/all_categories/SW_NikitaExp_09_Dec_2019_1245pm3080.97505037461_3081.31878663835.wav
2883,Exp_22_Nov_2019_1345pm,SW_Nikita,335.885933016481,336.795935544265,3600.0,27,Whistle4640,/lustre/fsn1/projects/rech/vzf/uqe97pu/raw_data/all_categories/SW_NikitaExp_22_Nov_2019_1345pm335.885933016481_336.795935544265.wav
2898,Exp_07_Mar_2020_0945am,SW_Nikita,931.593693478191,932.057315525435,3000.0,28,Whistle3777,/lustre/fsn1/projects/rech/vzf/uqe97pu/raw_data/all_categories/SW_NikitaExp_07_Mar_2020_0945am931.593693478191_932.057315525435.wav
3009,Exp_16_Feb_2020_1345pm,SW_Nikita,1910.20435526176,1910.84986803954,3300.0,31,Whistle3881,/lustre/fsn1/projects/rech/vzf/uqe97pu/raw_data/all_categories/SW_NikitaExp_16_Feb_2020_1345pm1910.20435526176_1910.84986803954.wav
2767,Exp_08_Jan_2020_1345pm,SW_Nikita,703.062130491305,704.087081471697,3300.0,25,Whistle3489,/lustre/fsn1/projects/rech/vzf/uqe97pu/raw_data/all_categories/SW_NikitaExp_08_Jan_2020_1345pm703.062130491305_704.087081471697.wav
3525,Exp_15_Dec_2019_1245pm,SW_Nikita,44.2160223810558,44.7496525180421,3300.0,36,Whistle4497,/lustre/fsn1/projects/rech/vzf/uqe97pu/raw_data/all_categories/SW_NikitaExp_15_Dec_2019_1245pm44.2160223810558_44.7496525180421.wav
3064,Exp_02_Jan_2020_1345pm,SW_Nikita,2041.60618668541,2042.01460773805,3300.0,32,Whistle3504,/lustre/fsn1/projects/rech/vzf/uqe97pu/raw_data/all_categories/SW_NikitaExp_02_Jan_2020_1345pm2041.60618668541_2042.01460773805.wav
3615,Exp_01_Feb_2020_1145am,SW_Nikita,51.63427548293,52.0683946017497,3300.0,39,Whistle3795,/lustre/fsn1/projects/rech/vzf/uqe97pu/raw_data/all_categories/SW_NikitaExp_01_Feb_2020_1145am51.63427548293_52.0683946017497.wav
3354,Exp_01_Jan_2020_1245pm,SW_Nikita,2725.52325916139,2726.00315389823,3300.0,34,Whistle3705,/lustre/fsn1/projects/rech/vzf/uqe97pu/raw_data/all_categories/SW_NikitaExp_01_Jan_2020_1245pm2725.52325916139_2726.00315389823.wav
3092,Exp_01_Jan_2020_0845am,SW_Nikita,2925.39886484504,2925.87875958189,3300.0,32,Whistle3551,/lustre/fsn1/projects/rech/vzf/uqe97pu/raw_data/all_categories/SW_NikitaExp_01_Jan_2020_0845am2925.39886484504_2925.87875958189.wav
3353,Exp_01_Jan_2020_1245pm,SW_Nikita,2715.17822781281,2715.43859623386,3300.0,34,Whistle3704,/lustre/fsn1/projects/rech/vzf/uqe97pu/raw_data/all_categories/SW_NikitaExp_01_Jan_2020_1245pm2715.17822781281_2715.43859623386.wav
3622,Exp_01_Jan_2020_1245pm,SW_Nikita,2718.47772384706,2718.85137296446,3300.0,39,Whistle3821,/lustre/fsn1/projects/rech/vzf/uqe97pu/raw_data/all_categories/SW_NikitaExp_01_Jan_2020_1245pm2718.47772384706_2718.85137296446.wav
3121,Exp_09_Dec_2019_1245pm,SW_Nikita,3172.82154302765,3173.35500707994,3300.0,32,Whistle3591,/lustre/fsn1/projects/rech/vzf/uqe97pu/raw_data/all_categories/SW_NikitaExp_09_Dec_2019_1245pm3172.82154302765_3173.35500707994.wav
3155,Exp_22_Nov_2019_1145am,SW_Nikita,1275.47116007792,1276.00174276022,3600.0,32,Whistle3894,/lustre/fsn1/projects/rech/vzf/uqe97pu/raw_data/all_categories/SW_NikitaExp_22_Nov_2019_1145am1275.47116007792_1276.00174276022.wav
2956,Exp_07_Jan_2020_1545pm,SW_Nikita,561.907125149335,562.570996117077,3300.0,29,Whistle3751,/lustre/fsn1/projects/rech/vzf/uqe97pu/raw_data/all_categories/SW_NikitaExp_07_Jan_2020_1545pm561.907125149335_562.570996117077.wav
3432,Exp_11_Jan_2020_1345pm,SW_Nikita,394.241602651484,394.637754437198,3300.0,34,Whistle4838,/lustre/fsn1/projects/rech/vzf/uqe97pu/raw_data/all_categories/SW_NikitaExp_11_Jan_2020_1345pm394.241602651484_394.637754437198.wav
3528,Exp_28_Nov_2019_1345pm,SW_Nikita,191.021227111646,191.507491661911,3000.0,36,Whistle4562,/lustre/fsn1/projects/rech/vzf/uqe97pu/raw_data/all_categories/SW_NikitaExp_28_Nov_2019_1345pm191.021227111646_191.507491661911.wav
2973,Exp_13_Feb_2020_1345pm,SW_Nikita,398.39608073856,399.00873905971,3300.0,29,Whistle4065,/lustre/fsn1/projects/rech/vzf/uqe97pu/raw_data/all_categories/SW_NikitaExp_13_Feb_2020_1345pm398.39608073856_399.00873905971.wav
2844,Exp_17_Feb_2020_1045am,SW_Nikita,3171.62461158973,3172.77342384842,3300.0,25,Whistle4978,/lustre/fsn1/projects/rech/vzf/uqe97pu/raw_data/all_categories/SW_NikitaExp_17_Feb_2020_1045am3171.62461158973_3172.77342384842.wav
3070,Exp_03_Jan_2020_1045am,SW_Nikita,2691.83815708532,2692.10297190014,3300.0,32,Whistle3511,/lustre/fsn1/projects/rech/vzf/uqe97pu/raw_data/all_categories/SW_NikitaExp_03_Jan_2020_1045am2691.83815708532_2692.10297190014.wav
2763,Exp_04_Jan_2020_1545pm,SW_Nikita,1141.36345988927,1142.41699050152,3300.0,25,Whistle3483,/lustre/fsn1/projects/rech/vzf/uqe97pu/raw_data/all_categories/SW_NikitaExp_04_Jan_2020_1545pm1141.36345988927_1142.41699050152.wav
3180,Exp_19_Nov_2019_1145am,SW_Nikita,124.253558443692,124.927077722299,3600.0,32,Whistle4178,/lustre/fsn1/projects/rech/vzf/uqe97pu/raw_data/all_categories/SW_NikitaExp_19_Nov_2019_1145am124.253558443692_124.927077722299.wav
3016,Exp_16_Feb_2020_1345pm,SW_Nikita,991.362937339779,992.081398444519,3300.0,31,Whistle4127,/lustre/fsn1/projects/rech/vzf/uqe97pu/raw_data/all_categories/SW_NikitaExp_16_Feb_2020_1345pm991.362937339779_992.081398444519.wav
3389,Exp_21_Nov_2019_0945am,SW_Nikita,1003.18485633627,1003.49617779767,3600.0,34,Whistle4188,/lustre/fsn1/projects/rech/vzf/uqe97pu/raw_data/all_categories/SW_NikitaExp_21_Nov_2019_0945am1003.18485633627_1003.49617779767.wav
3270,Exp_17_Dec_2019_0945am,SW_Nikita,2644.61566353015,2645.26110757347,3300.0,33,Whistle3952,/lustre/fsn1/projects/rech/vzf/uqe97pu/raw_data/all_categories/SW_NikitaExp_17_Dec_2019_0945am2644.61566353015_2645.26110757347.wav
3511,Exp_14_Jan_2020_1045am,SW_Nikita,965.375641508981,965.978255124646,2194.90133333334,36,Whistle4080,/lustre/fsn1/projects/rech/vzf/uqe97pu/raw_data/all_categories/SW_NikitaExp_14_Jan_2020_1045am965.375641508981_965.978255124646.wav
3530,Exp_15_Jan_2020_1045am,SW_Nikita,766.498237382126,766.854627184758,3300.0,36,Whistle4603,/lustre/fsn1/projects/rech/vzf/uqe97pu/raw_data/all_categories/SW_NikitaExp_15_Jan_2020_1045am766.498237382126_766.854627184758.wav
3320,Exp_03_Mar_2020_1345pm,SW_Nikita,1817.71605905353,1818.03769063248,3000.0,34,Whistle3612,/lustre/fsn1/projects/rech/vzf/uqe97pu/raw_data/all_categories/SW_NikitaExp_03_Mar_2020_1345pm1817.71605905353_1818.03769063248.wav
2793,Exp_15_Jan_2020_1045am,SW_Nikita,2465.23089326424,2465.96242479577,3300.0,25,Whistle4331,/lustre/fsn1/projects/rech/vzf/uqe97pu/raw_data/all_categories/SW_NikitaExp_15_Jan_2020_1045am2465.23089326424_2465.96242479577.wav
3527,Exp_28_Nov_2019_1245pm,SW_Nikita,2747.56079576759,2748.17402370496,3000.0,36,Whistle4558,/lustre/fsn1/projects/rech/vzf/uqe97pu/raw_data/all_categories/SW_NikitaExp_28_Nov_2019_1245pm2747.56079576759_2748.17402370496.wav
3068,Exp_03_Feb_2020_1545pm,SW_Nikita,160.550485728745,161.205447560806,3300.0,32,Whistle3509,/lustre/fsn1/projects/rech/vzf/uqe97pu/raw_data/all_categories/SW_NikitaExp_03_Feb_2020_1545pm160.550485728745_161.205447560806.wav
3391,Exp_22_Nov_2019_1145am,SW_Nikita,1272.01875757201,1272.45393527538,3600.0,34,Whistle4210,/lustre/fsn1/projects/rech/vzf/uqe97pu/raw_data/all_categories/SW_NikitaExp_22_Nov_2019_1145am1272.01875757201_1272.45393527538.wav
3141,Exp_09_Dec_2019_1245pm,SW_Nikita,3052.47424992197,3052.95414465881,3300.0,32,Whistle3651,/lustre/fsn1/projects/rech/vzf/uqe97pu/raw_data/all_categories/SW_NikitaExp_09_Dec_2019_1245pm3052.47424992197_3052.95414465881.wav
3171,Exp_15_Feb_2020_1345pm,SW_Nikita,341.605553685152,342.15708538318,3300.0,32,Whistle4097,/lustre/fsn1/projects/rech/vzf/uqe97pu/raw_data/all_categories/SW_NikitaExp_15_Feb_2020_1345pm341.605553685152_342.15708538318.wav
3187,Exp_22_Nov_2019_1145am,SW_Nikita,1277.34836288043,1277.88473960627,3600.0,32,Whistle4212,/lustre/fsn1/projects/rech/vzf/uqe97pu/raw_data/all_categories/SW_NikitaExp_22_Nov_2019_1145am1277.34836288043_1277.88473960627.wav
3425,Exp_23_Nov_2019_0945am,SW_Nikita,341.664794335166,341.95355365837,3000.0,34,Whistle4707,/lustre/fsn1/projects/rech/vzf/uqe97pu/raw_data/all_categories/SW_NikitaExp_23_Nov_2019_0945am341.664794335166_341.95355365837.wav
2878,Exp_07_Dec_2019_1345pm,SW_Nikita,956.427898872421,957.976931130485,3300.0,27,Whistle3847,/lustre/fsn1/projects/rech/vzf/uqe97pu/raw_data/all_categories/SW_NikitaExp_07_Dec_2019_1345pm956.427898872421_957.976931130485.wav
3613,Exp_17_Dec_2019_1345pm,SW_Nikita,410.986245412865,411.686247534083,3300.0,39,Whistle4974,/lustre/fsn1/projects/rech/vzf/uqe97pu/raw_data/all_categories/SW_NikitaExp_17_Dec_2019_1345pm410.986245412865_411.686247534083.wav
3462,Exp_09_Feb_2020_1545pm,SW_Nikita,18.6000563638072,19.0799511006493,3300.0,35,Whistle3657,/lustre/fsn1/projects/rech/vzf/uqe97pu/raw_data/all_categories/SW_NikitaExp_09_Feb_2020_1545pm18.6000563638072_19.0799511006493.wav
3026,Exp_23_Nov_2019_1545pm,SW_Nikita,2402.17677663672,2402.88597588632,3000.0,31,Whistle4284,/lustre/fsn1/projects/rech/vzf/uqe97pu/raw_data/all_categories/SW_NikitaExp_23_Nov_2019_1545pm2402.17677663672_2402.88597588632.wav
3443,Exp_16_Nov_2019_1345pm,SW_Nikita,1257.01458744842,1257.45710932342,3600.0,34,Whistle4965,/lustre/fsn1/projects/rech/vzf/uqe97pu/raw_data/all_categories/SW_NikitaExp_16_Nov_2019_1345pm1257.01458744842_1257.45710932342.wav
3390,Exp_21_Nov_2019_1145am,SW_Nikita,143.620141556534,143.929498699391,3600.0,34,Whistle4197,/lustre/fsn1/projects/rech/vzf/uqe97pu/raw_data/all_categories/SW_NikitaExp_21_Nov_2019_1145am143.620141556534_143.929498699391.wav
3235,Exp_11_Mar_2020_1145am,SW_Nikita,253.719055565909,254.308124854299,3000.0,32,Whistle4845,/lustre/fsn1/projects/rech/vzf/uqe97pu/raw_data/all_categories/SW_NikitaExp_11_Mar_2020_1145am253.719055565909_254.308124854299.wav
3519,Exp_27_Nov_2019_0945am,SW_Nikita,1703.56457650666,1704.33438782741,3000.0,36,Whistle4344,/lustre/fsn1/projects/rech/vzf/uqe97pu/raw_data/all_categories/SW_NikitaExp_27_Nov_2019_0945am1703.56457650666_1704.33438782741.wav
3217,Exp_14_Feb_2020_1345pm,SW_Nikita,128.203401139377,128.754966411554,3300.0,32,Whistle4597,/lustre/fsn1/projects/rech/vzf/uqe97pu/raw_data/all_categories/SW_NikitaExp_14_Feb_2020_1345pm128.203401139377_128.754966411554.wav
2768,Exp_09_Jan_2020_1345pm,SW_Nikita,340.036031018276,341.456006062445,3300.0,25,Whistle3490,/lustre/fsn1/projects/rech/vzf/uqe97pu/raw_data/all_categories/SW_NikitaExp_09_Jan_2020_1345pm340.036031018276_341.456006062445.wav
3052,Exp_15_Feb_2020_1345pm,SW_Nikita,327.936403891501,328.475801223635,3300.0,31,Whistle4906,/lustre/fsn1/projects/rech/vzf/uqe97pu/raw_data/all_categories/SW_NikitaExp_15_Feb_2020_1345pm327.936403891501_328.475801223635.wav
3516,Exp_26_Nov_2019_1145am,SW_Nikita,2820.74822463756,2821.43127443312,3000.0,36,Whistle4294,/lustre/fsn1/projects/rech/vzf/uqe97pu/raw_data/all_categories/SW_NikitaExp_26_Nov_2019_1145am2820.74822463756_2821.43127443312.wav
2782,Exp_17_Dec_2019_0945am,SW_Nikita,2510.51330933005,2511.25248210492,3300.0,25,Whistle4145,/lustre/fsn1/projects/rech/vzf/uqe97pu/raw_data/all_categories/SW_NikitaExp_17_Dec_2019_0945am2510.51330933005_2511.25248210492.wav
3085,Exp_05_Jan_2020_1045am,SW_Nikita,3120.56945627108,3120.87066679739,3300.0,32,Whistle3538,/lustre/fsn1/projects/rech/vzf/uqe97pu/raw_data/all_categories/SW_NikitaExp_05_Jan_2020_1045am3120.56945627108_3120.87066679739.wav
3104,Exp_07_Dec_2019_1245pm,SW_Nikita,3011.1331193567,3011.67739257804,3300.0,32,Whistle3567,/lustre/fsn1/projects/rech/vzf/uqe97pu/raw_data/all_categories/SW_NikitaExp_07_Dec_2019_1245pm3011.1331193567_3011.67739257804.wav
2902,Exp_09_Jan_2020_1345pm,SW_Nikita,152.262169657046,152.800117315449,3300.0,28,Whistle3784,/lustre/fsn1/projects/rech/vzf/uqe97pu/raw_data/all_categories/SW_NikitaExp_09_Jan_2020_1345pm152.262169657046_152.800117315449.wav
2770,Exp_03_Jan_2020_1045am,SW_Nikita,3282.24994742408,3282.90001151722,3300.0,25,Whistle3610,/lustre/fsn1/projects/rech/vzf/uqe97pu/raw_data/all_categories/SW_NikitaExp_03_Jan_2020_1045am3282.24994742408_3282.90001151722.wav
3329,Exp_07_Jan_2020_1345pm,SW_Nikita,150.225455228652,150.705349965494,3300.0,34,Whistle3637,/lustre/fsn1/projects/rech/vzf/uqe97pu/raw_data/all_categories/SW_NikitaExp_07_Jan_2020_1345pm150.225455228652_150.705349965494.wav
2894,Exp_07_Dec_2019_0845am,SW_Nikita,110.365335652532,111.281187742564,3300.0,28,Whistle3773,/lustre/fsn1/projects/rech/vzf/uqe97pu/raw_data/all_categories/SW_NikitaExp_07_Dec_2019_0845am110.365335652532_111.281187742564.wav
3355,Exp_07_Jan_2020_1345pm,SW_Nikita,252.125764017467,252.605658754309,3300.0,34,Whistle3706,/lustre/fsn1/projects/rech/vzf/uqe97pu/raw_data/all_categories/SW_NikitaExp_07_Jan_2020_1345pm252.125764017467_252.605658754309.wav
3488,Exp_06_Dec_2019_1345pm,SW_Nikita,134.118848456905,134.603582447053,3000.0,36,Whistle3691,/lustre/fsn1/projects/rech/vzf/uqe97pu/raw_data/all_categories/SW_NikitaExp_06_Dec_2019_1345pm134.118848456905_134.603582447053.wav
2812,Exp_17_Dec_2019_0945am,SW_Nikita,2594.41477709738,2595.46120353771,3300.0,25,Whistle4402,/lustre/fsn1/projects/rech/vzf/uqe97pu/raw_data/all_categories/SW_NikitaExp_17_Dec_2019_0945am2594.41477709738_2595.46120353771.wav
3405,Exp_12_Dec_2019_1045am,SW_Nikita,1616.49796935068,1616.93981974438,3300.0,34,Whistle4322,/lustre/fsn1/projects/rech/vzf/uqe97pu/raw_data/all_categories/SW_NikitaExp_12_Dec_2019_1045am1616.49796935068_1616.93981974438.wav
3551,Exp_28_Nov_2019_1345pm,SW_Nikita,236.841308038726,237.232540015151,3000.0,37,Whistle4560,/lustre/fsn1/projects/rech/vzf/uqe97pu/raw_data/all_categories/SW_NikitaExp_28_Nov_2019_1345pm236.841308038726_237.232540015151.wav
3021,Exp_22_Nov_2019_1145am,SW_Nikita,3442.17270795579,3442.99738338569,3600.0,31,Whistle4216,/lustre/fsn1/projects/rech/vzf/uqe97pu/raw_data/all_categories/SW_NikitaExp_22_Nov_2019_1145am3442.17270795579_3442.99738338569.wav
3215,Exp_11_Jan_2020_0945am,SW_Nikita,2783.10343485889,2783.59841178791,3300.0,32,Whistle4579,/lustre/fsn1/projects/rech/vzf/uqe97pu/raw_data/all_categories/SW_NikitaExp_11_Jan_2020_0945am2783.10343485889_2783.59841178791.wav
2807,Exp_23_Nov_2019_0945am,SW_Nikita,2349.37484619117,2350.44688321675,3000.0,25,Whistle4364,/lustre/fsn1/projects/rech/vzf/uqe97pu/raw_data/all_categories/SW_NikitaExp_23_Nov_2019_0945am2349.37484619117_2350.44688321675.wav
3248,Exp_16_Nov_2019_1345pm,SW_Nikita,869.547630442841,870.05543039264,3600.0,32,Whistle4964,/lustre/fsn1/projects/rech/vzf/uqe97pu/raw_data/all_categories/SW_NikitaExp_16_Nov_2019_1345pm869.547630442841_870.05543039264.wav
2810,Exp_16_Feb_2020_1345pm,SW_Nikita,170.102299798764,171.440484414149,3300.0,25,Whistle4395,/lustre/fsn1/projects/rech/vzf/uqe97pu/raw_data/all_categories/SW_NikitaExp_16_Feb_2020_1345pm170.102299798764_171.440484414149.wav
3546,Exp_07_Mar_2020_1345pm,SW_Nikita,2200.41548869631,2200.71763923395,3000.0,37,Whistle3804,/lustre/fsn1/projects/rech/vzf/uqe97pu/raw_data/all_categories/SW_NikitaExp_07_Mar_2020_1345pm2200.41548869631_2200.71763923395.wav
3005,Exp_22_Nov_2019_1145am,SW_Nikita,451.110033144423,451.700326027635,3600.0,30,Whistle5014,/lustre/fsn1/projects/rech/vzf/uqe97pu/raw_data/all_categories/SW_NikitaExp_22_Nov_2019_1145am451.110033144423_451.700326027635.wav
3598,Exp_17_Nov_2019_1545pm,SW_Nikita,1061.78294939708,1062.45795127209,3600.0,39,Whistle15672,/lustre/fsn1/projects/rech/vzf/uqe97pu/raw_data/all_categories/SW_NikitaExp_17_Nov_2019_1545pm1061.78294939708_1062.45795127209.wav
3599,Exp_17_Dec_2019_0945am,SW_Nikita,5.0600153333798,5.35001621217034,3300.0,39,Whistle15673,/lustre/fsn1/projects/rech/vzf/uqe97pu/raw_data/all_categories/SW_NikitaExp_17_Dec_2019_0945am5.0600153333798_5.35001621217034.wav
2771,Exp_05_Dec_2019_1145am,SW_Nikita,343.961147870493,344.793384712598,3000.0,25,Whistle3616,/lustre/fsn1/projects/rech/vzf/uqe97pu/raw_data/all_categories/SW_NikitaExp_05_Dec_2019_1145am343.961147870493_344.793384712598.wav
3596,Exp_27_Nov_2019_1145am,SW_Nikita,1270.39423464745,1271.04923683079,3000.0,39,Whistle15668,/lustre/fsn1/projects/rech/vzf/uqe97pu/raw_data/all_categories/SW_NikitaExp_27_Nov_2019_1145am1270.39423464745_1271.04923683079.wav
3385,Exp_16_Jan_2020_1045am,SW_Nikita,1651.9702892265,1652.35989512928,3300.0,34,Whistle4132,/lustre/fsn1/projects/rech/vzf/uqe97pu/raw_data/all_categories/SW_NikitaExp_16_Jan_2020_1045am1651.9702892265_1652.35989512928.wav
2951,Exp_07_Dec_2019_0945am,SW_Nikita,600.534326513778,600.99686094904,3300.0,29,Whistle3745,/lustre/fsn1/projects/rech/vzf/uqe97pu/raw_data/all_categories/SW_NikitaExp_07_Dec_2019_0945am600.534326513778_600.99686094904.wav
3165,Exp_12_Dec_2019_1045am,SW_Nikita,2698.97796999494,2699.58515263742,3300.0,32,Whistle4037,/lustre/fsn1/projects/rech/vzf/uqe97pu/raw_data/all_categories/SW_NikitaExp_12_Dec_2019_1045am2698.97796999494_2699.58515263742.wav
2997,Exp_23_Nov_2019_1345pm,SW_Nikita,2143.48487444784,2144.49868906083,3000.0,30,Whistle4415,/lustre/fsn1/projects/rech/vzf/uqe97pu/raw_data/all_categories/SW_NikitaExp_23_Nov_2019_1345pm2143.48487444784_2144.49868906083.wav
3139,Exp_09_Dec_2019_1145am,SW_Nikita,959.627907963357,960.107813007217,3300.0,32,Whistle3646,/lustre/fsn1/projects/rech/vzf/uqe97pu/raw_data/all_categories/SW_NikitaExp_09_Dec_2019_1145am959.627907963357_960.107813007217.wav
3363,Exp_12_Dec_2019_1045am,SW_Nikita,3065.56431420573,3066.10611015168,3300.0,34,Whistle4044,/lustre/fsn1/projects/rech/vzf/uqe97pu/raw_data/all_categories/SW_NikitaExp_12_Dec_2019_1045am3065.56431420573_3066.10611015168.wav
3098,Exp_07_Dec_2019_0845am,SW_Nikita,2724.09522466533,2724.68598821213,3300.0,32,Whistle3557,/lustre/fsn1/projects/rech/vzf/uqe97pu/raw_data/all_categories/SW_NikitaExp_07_Dec_2019_0845am2724.09522466533_2724.68598821213.wav
3031,Exp_15_Dec_2019_1245pm,SW_Nikita,42.9654641894353,43.6250931647003,3300.0,31,Whistle4496,/lustre/fsn1/projects/rech/vzf/uqe97pu/raw_data/all_categories/SW_NikitaExp_15_Dec_2019_1245pm42.9654641894353_43.6250931647003.wav
3137,Exp_01_Jan_2020_1245pm,SW_Nikita,2726.00512590104,2726.56872718722,3300.0,32,Whistle3635,/lustre/fsn1/projects/rech/vzf/uqe97pu/raw_data/all_categories/SW_NikitaExp_01_Jan_2020_1245pm2726.00512590104_2726.56872718722.wav
2859,Exp_12_Dec_2019_0945am,SW_Nikita,117.911305566813,118.80974776814,3300.0,26,Whistle3938,/lustre/fsn1/projects/rech/vzf/uqe97pu/raw_data/all_categories/SW_NikitaExp_12_Dec_2019_0945am117.911305566813_118.80974776814.wav
3081,Exp_01_Feb_2020_1345pm,SW_Nikita,253.665769896272,254.119632557217,3300.0,32,Whistle3534,/lustre/fsn1/projects/rech/vzf/uqe97pu/raw_data/all_categories/SW_NikitaExp_01_Feb_2020_1345pm253.665769896272_254.119632557217.wav
3434,Exp_12_Dec_2019_1045am,SW_Nikita,2683.82238648841,2684.28961391896,3300.0,34,Whistle4851,/lustre/fsn1/projects/rech/vzf/uqe97pu/raw_data/all_categories/SW_NikitaExp_12_Dec_2019_1045am2683.82238648841_2684.28961391896.wav
3027,Exp_28_Nov_2019_0945am,SW_Nikita,274.690834528864,275.440458025428,3000.0,31,Whistle4303,/lustre/fsn1/projects/rech/vzf/uqe97pu/raw_data/all_categories/SW_NikitaExp_28_Nov_2019_0945am274.690834528864_275.440458025428.wav
3492,Exp_10_Jan_2020_1545pm,SW_Nikita,399.240856121357,399.513614093295,3300.0,36,Whistle3721,/lustre/fsn1/projects/rech/vzf/uqe97pu/raw_data/all_categories/SW_NikitaExp_10_Jan_2020_1545pm399.240856121357_399.513614093295.wav
3182,Exp_20_Nov_2019_1145am,SW_Nikita,528.109588710237,528.585966969082,3600.0,32,Whistle4187,/lustre/fsn1/projects/rech/vzf/uqe97pu/raw_data/all_categories/SW_NikitaExp_20_Nov_2019_1145am528.109588710237_528.585966969082.wav
3296,Exp_17_Dec_2019_1245pm,SW_Nikita,2939.39426270614,2939.87491973599,3300.0,33,Whistle4793,/lustre/fsn1/projects/rech/vzf/uqe97pu/raw_data/all_categories/SW_NikitaExp_17_Dec_2019_1245pm2939.39426270614_2939.87491973599.wav
3035,Exp_11_Jan_2020_1145am,SW_Nikita,397.330478235892,398.051123105835,3300.0,31,Whistle4835,/lustre/fsn1/projects/rech/vzf/uqe97pu/raw_data/all_categories/SW_NikitaExp_11_Jan_2020_1145am397.330478235892_398.051123105835.wav
2843,Exp_16_Feb_2020_1345pm,SW_Nikita,168.327214902222,169.465585272593,3300.0,25,Whistle4949,/lustre/fsn1/projects/rech/vzf/uqe97pu/raw_data/all_categories/SW_NikitaExp_16_Feb_2020_1345pm168.327214902222_169.465585272593.wav
3266,Exp_12_Dec_2019_1245pm,SW_Nikita,2860.3567715831,2860.91572386804,3300.0,33,Whistle3859,/lustre/fsn1/projects/rech/vzf/uqe97pu/raw_data/all_categories/SW_NikitaExp_12_Dec_2019_1245pm2860.3567715831_2860.91572386804.wav
3583,Exp_17_Feb_2020_1045am,SW_Nikita,3024.95416652778,3025.07916690657,3300.0,39,Whistle4749,/lustre/fsn1/projects/rech/vzf/uqe97pu/raw_data/all_categories/SW_NikitaExp_17_Feb_2020_1045am3024.95416652778_3025.07916690657.wav
3013,Exp_15_Feb_2020_1045am,SW_Nikita,3281.32901207535,3281.97100793597,3300.0,31,Whistle4089,/lustre/fsn1/projects/rech/vzf/uqe97pu/raw_data/all_categories/SW_NikitaExp_15_Feb_2020_1045am3281.32901207535_3281.97100793597.wav
3259,Exp_01_Feb_2020_0945am,SW_Nikita,901.071749586424,901.697682600778,3300.0,33,Whistle3545,/lustre/fsn1/projects/rech/vzf/uqe97pu/raw_data/all_categories/SW_NikitaExp_01_Feb_2020_0945am901.071749586424_901.697682600778.wav
3483,Exp_03_Jan_2020_1045am,SW_Nikita,3279.07993781799,3279.67373203021,3300.0,36,Whistle3675,/lustre/fsn1/projects/rech/vzf/uqe97pu/raw_data/all_categories/SW_NikitaExp_03_Jan_2020_1045am3279.07993781799_3279.67373203021.wav
3338,Exp_02_Feb_2020_1245pm,SW_Nikita,1104.98334843439,1105.28834935863,3300.0,34,Whistle3666,/lustre/fsn1/projects/rech/vzf/uqe97pu/raw_data/all_categories/SW_NikitaExp_02_Feb_2020_1245pm1104.98334843439_1105.28834935863.wav
3219,Exp_21_Nov_2019_1145am,SW_Nikita,124.366401075505,124.851223190889,3600.0,32,Whistle4615,/lustre/fsn1/projects/rech/vzf/uqe97pu/raw_data/all_categories/SW_NikitaExp_21_Nov_2019_1145am124.366401075505_124.851223190889.wav
3600,Exp_12_Dec_2019_1145am,SW_Nikita,397.964473079413,398.435673079413,3300.0,39,Whistle15674,/lustre/fsn1/projects/rech/vzf/uqe97pu/raw_data/all_categories/SW_NikitaExp_12_Dec_2019_1145am397.964473079413_398.435673079413.wav
2993,Exp_17_Feb_2020_1045am,SW_Nikita,3055.82743024102,3056.17859019472,3300.0,30,Whistle3883,/lustre/fsn1/projects/rech/vzf/uqe97pu/raw_data/all_categories/SW_NikitaExp_17_Feb_2020_1045am3055.82743024102_3056.17859019472.wav
2825,Exp_16_Jan_2020_1045am,SW_Nikita,1651.14153447461,1652.22497462984,3300.0,25,Whistle4529,/lustre/fsn1/projects/rech/vzf/uqe97pu/raw_data/all_categories/SW_NikitaExp_16_Jan_2020_1045am1651.14153447461_1652.22497462984.wav
3063,Exp_23_Nov_2019_1145am,SW_Nikita,222.405463304228,223.056006350585,3000.0,31,Whistle5056,/lustre/fsn1/projects/rech/vzf/uqe97pu/raw_data/all_categories/SW_NikitaExp_23_Nov_2019_1145am222.405463304228_223.056006350585.wav
3249,Exp_17_Dec_2019_0945am,SW_Nikita,2631.36753217772,2631.89007378382,3300.0,32,Whistle4968,/lustre/fsn1/projects/rech/vzf/uqe97pu/raw_data/all_categories/SW_NikitaExp_17_Dec_2019_0945am2631.36753217772_2631.89007378382.wav
3041,Exp_22_Nov_2019_1545pm,SW_Nikita,5.21214537413674,6.17402917043304,3000.0,31,Whistle4704,/lustre/fsn1/projects/rech/vzf/uqe97pu/raw_data/all_categories/SW_NikitaExp_22_Nov_2019_1545pm5.21214537413674_6.17402917043304.wav
3539,Exp_17_Dec_2019_1345pm,SW_Nikita,1101.22980137839,1101.7722458414,3300.0,36,Whistle4976,/lustre/fsn1/projects/rech/vzf/uqe97pu/raw_data/all_categories/SW_NikitaExp_17_Dec_2019_1345pm1101.22980137839_1101.7722458414.wav
3536,Exp_12_Dec_2019_1245pm,SW_Nikita,2194.91680045892,2195.31359950406,3300.0,36,Whistle4864,/lustre/fsn1/projects/rech/vzf/uqe97pu/raw_data/all_categories/SW_NikitaExp_12_Dec_2019_1245pm2194.91680045892_2195.31359950406.wav
3269,Exp_12_Dec_2019_1245pm,SW_Nikita,1933.47105874633,1934.09075059647,3300.0,33,Whistle3914,/lustre/fsn1/projects/rech/vzf/uqe97pu/raw_data/all_categories/SW_NikitaExp_12_Dec_2019_1245pm1933.47105874633_1934.09075059647.wav
3635,Exp_11_Mar_2020_1545pm,SW_Nikita,863.21577719405,863.373800405992,3000.0,39,Whistle4755,/lustre/fsn1/projects/rech/vzf/uqe97pu/raw_data/all_categories/SW_NikitaExp_11_Mar_2020_1545pm863.21577719405_863.373800405992.wav
3028,Exp_28_Nov_2019_0945am,SW_Nikita,1091.3175995486,1091.91468241482,3000.0,31,Whistle4310,/lustre/fsn1/projects/rech/vzf/uqe97pu/raw_data/all_categories/SW_NikitaExp_28_Nov_2019_0945am1091.3175995486_1091.91468241482.wav
3336,Exp_09_Jan_2020_1145am,SW_Nikita,573.095036119083,573.403041045191,3300.0,34,Whistle3661,/lustre/fsn1/projects/rech/vzf/uqe97pu/raw_data/all_categories/SW_NikitaExp_09_Jan_2020_1145am573.095036119083_573.403041045191.wav
2977,Exp_12_Dec_2019_1045am,SW_Nikita,2720.00238612081,2720.33841384968,3300.0,29,Whistle4586,/lustre/fsn1/projects/rech/vzf/uqe97pu/raw_data/all_categories/SW_NikitaExp_12_Dec_2019_1045am2720.00238612081_2720.33841384968.wav
2899,Exp_08_Jan_2020_1245pm,SW_Nikita,94.9629760062486,95.5269903431661,3300.0,28,Whistle3779,/lustre/fsn1/projects/rech/vzf/uqe97pu/raw_data/all_categories/SW_NikitaExp_08_Jan_2020_1245pm94.9629760062486_95.5269903431661.wav
3173,Exp_16_Dec_2019_1145am,SW_Nikita,793.070686866549,793.647492155011,3300.0,32,Whistle4110,/lustre/fsn1/projects/rech/vzf/uqe97pu/raw_data/all_categories/SW_NikitaExp_16_Dec_2019_1145am793.070686866549_793.647492155011.wav
3407,Exp_23_Nov_2019_0945am,SW_Nikita,2372.61515626612,2373.00873424777,3000.0,34,Whistle4360,/lustre/fsn1/projects/rech/vzf/uqe97pu/raw_data/all_categories/SW_NikitaExp_23_Nov_2019_0945am2372.61515626612_2373.00873424777.wav
3222,Exp_15_Feb_2020_1345pm,SW_Nikita,642.940923014679,643.496784902791,3300.0,32,Whistle4668,/lustre/fsn1/projects/rech/vzf/uqe97pu/raw_data/all_categories/SW_NikitaExp_15_Feb_2020_1345pm642.940923014679_643.496784902791.wav
3357,Exp_09_Feb_2020_1545pm,SW_Nikita,3004.73858663469,3005.21826643765,3300.0,34,Whistle3714,/lustre/fsn1/projects/rech/vzf/uqe97pu/raw_data/all_categories/SW_NikitaExp_09_Feb_2020_1545pm3004.73858663469_3005.21826643765.wav
3575,Exp_15_Dec_2019_0845am,SW_Nikita,182.886656825351,183.100776934046,3300.0,38,Whistle4895,/lustre/fsn1/projects/rech/vzf/uqe97pu/raw_data/all_categories/SW_NikitaExp_15_Dec_2019_0845am182.886656825351_183.100776934046.wav
3429,Exp_15_Dec_2019_1545pm,SW_Nikita,935.265020589301,935.622001867454,3300.0,34,Whistle4727,/lustre/fsn1/projects/rech/vzf/uqe97pu/raw_data/all_categories/SW_NikitaExp_15_Dec_2019_1545pm935.265020589301_935.622001867454.wav
2822,Exp_14_Jan_2020_1045am,SW_Nikita,962.657021708244,963.418216679214,2194.90133333334,25,Whistle4493,/lustre/fsn1/projects/rech/vzf/uqe97pu/raw_data/all_categories/SW_NikitaExp_14_Jan_2020_1045am962.657021708244_963.418216679214.wav
3239,Exp_12_Dec_2019_1245pm,SW_Nikita,3041.35827918491,3041.80540185572,3300.0,32,Whistle4865,/lustre/fsn1/projects/rech/vzf/uqe97pu/raw_data/all_categories/SW_NikitaExp_12_Dec_2019_1245pm3041.35827918491_3041.80540185572.wav
3060,Exp_22_Nov_2019_1145am,SW_Nikita,3447.08491607119,3447.62866555036,3600.0,31,Whistle5017,/lustre/fsn1/projects/rech/vzf/uqe97pu/raw_data/all_categories/SW_NikitaExp_22_Nov_2019_1145am3447.08491607119_3447.62866555036.wav
2880,Exp_09_Jan_2020_1145am,SW_Nikita,169.758151036295,170.814903447871,3300.0,27,Whistle3852,/lustre/fsn1/projects/rech/vzf/uqe97pu/raw_data/all_categories/SW_NikitaExp_09_Jan_2020_1145am169.758151036295_170.814903447871.wav
3212,Exp_14_Jan_2020_1045am,SW_Nikita,953.425630734307,953.789267097944,2194.90133333334,32,Whistle4489,/lustre/fsn1/projects/rech/vzf/uqe97pu/raw_data/all_categories/SW_NikitaExp_14_Jan_2020_1045am953.425630734307_953.789267097944.wav
3464,Exp_02_Feb_2020_1545pm,SW_Nikita,321.764659289239,322.168487040435,3300.0,35,Whistle3668,/lustre/fsn1/projects/rech/vzf/uqe97pu/raw_data/all_categories/SW_NikitaExp_02_Feb_2020_1545pm321.764659289239_322.168487040435.wav
3290,Exp_11_Mar_2020_1145am,SW_Nikita,25.9920323576751,26.4165705701104,3000.0,33,Whistle4659,/lustre/fsn1/projects/rech/vzf/uqe97pu/raw_data/all_categories/SW_NikitaExp_11_Mar_2020_1145am25.9920323576751_26.4165705701104.wav
3164,Exp_17_Dec_2019_0945am,SW_Nikita,2586.35348368504,2587.08915002954,3300.0,32,Whistle4146,/lustre/fsn1/projects/rech/vzf/uqe97pu/raw_data/all_categories/SW_NikitaExp_17_Dec_2019_0945am2586.35348368504_2587.08915002954.wav
3308,Exp_23_Nov_2019_1345pm,SW_Nikita,570.817597291057,571.482404296551,3000.0,33,Whistle5065,/lustre/fsn1/projects/rech/vzf/uqe97pu/raw_data/all_categories/SW_NikitaExp_23_Nov_2019_1345pm570.817597291057_571.482404296551.wav
3411,Exp_12_Dec_2019_1045am,SW_Nikita,1896.16542225539,1897.06717282804,3300.0,34,Whistle4446,/lustre/fsn1/projects/rech/vzf/uqe97pu/raw_data/all_categories/SW_NikitaExp_12_Dec_2019_1045am1896.16542225539_1897.06717282804.wav
3058,Exp_16_Dec_2019_1345pm,SW_Nikita,198.110390856788,198.750131820643,3300.0,31,Whistle4923,/lustre/fsn1/projects/rech/vzf/uqe97pu/raw_data/all_categories/SW_NikitaExp_16_Dec_2019_1345pm198.110390856788_198.750131820643.wav
3452,Exp_23_Nov_2019_1145am,SW_Nikita,215.077766244269,215.651139587072,3000.0,34,Whistle5055,/lustre/fsn1/projects/rech/vzf/uqe97pu/raw_data/all_categories/SW_NikitaExp_23_Nov_2019_1145am215.077766244269_215.651139587072.wav
2992,Exp_13_Jan_2020_1045am,SW_Nikita,2479.83062230133,2480.1717555084,3300.0,30,Whistle3869,/lustre/fsn1/projects/rech/vzf/uqe97pu/raw_data/all_categories/SW_NikitaExp_13_Jan_2020_1045am2479.83062230133_2480.1717555084.wav
3438,Exp_15_Jan_2020_1045am,SW_Nikita,273.611809440192,273.947227286104,3300.0,34,Whistle4910,/lustre/fsn1/projects/rech/vzf/uqe97pu/raw_data/all_categories/SW_NikitaExp_15_Jan_2020_1045am273.611809440192_273.947227286104.wav
3095,Exp_06_Jan_2020_0845am,SW_Nikita,207.150627729175,207.630522466017,3300.0,32,Whistle3554,/lustre/fsn1/projects/rech/vzf/uqe97pu/raw_data/all_categories/SW_NikitaExp_06_Jan_2020_0845am207.150627729175_207.630522466017.wav
2907,Exp_07_Dec_2019_0945am,SW_Nikita,692.797100597275,693.847858173032,3300.0,28,Whistle3845,/lustre/fsn1/projects/rech/vzf/uqe97pu/raw_data/all_categories/SW_NikitaExp_07_Dec_2019_0945am692.797100597275_693.847858173032.wav
3179,Exp_17_Jan_2020_1745pm,SW_Nikita,2569.85751773024,2570.34346013862,3300.0,32,Whistle4174,/lustre/fsn1/projects/rech/vzf/uqe97pu/raw_data/all_categories/SW_NikitaExp_17_Jan_2020_1745pm2569.85751773024_2570.34346013862.wav
2893,Exp_07_Dec_2019_0845am,SW_Nikita,1681.70919113639,1682.31760921549,3300.0,28,Whistle3772,/lustre/fsn1/projects/rech/vzf/uqe97pu/raw_data/all_categories/SW_NikitaExp_07_Dec_2019_0845am1681.70919113639_1682.31760921549.wav
3107,Exp_07_Dec_2019_1345pm,SW_Nikita,27.6167644107228,28.0290233638908,3300.0,32,Whistle3571,/lustre/fsn1/projects/rech/vzf/uqe97pu/raw_data/all_categories/SW_NikitaExp_07_Dec_2019_1345pm27.6167644107228_28.0290233638908.wav
3506,Exp_19_Nov_2019_1545pm,SW_Nikita,922.997292023789,924.371816203258,3600.0,36,Whistle3963,/lustre/fsn1/projects/rech/vzf/uqe97pu/raw_data/all_categories/SW_NikitaExp_19_Nov_2019_1545pm922.997292023789_924.371816203258.wav
3276,Exp_12_Dec_2019_1245pm,SW_Nikita,3032.73488393808,3033.19534499132,3300.0,33,Whistle4049,/lustre/fsn1/projects/rech/vzf/uqe97pu/raw_data/all_categories/SW_NikitaExp_12_Dec_2019_1245pm3032.73488393808_3033.19534499132.wav
2903,Exp_02_Feb_2020_1245pm,SW_Nikita,1060.77552250508,1061.21908525812,3300.0,28,Whistle3785,/lustre/fsn1/projects/rech/vzf/uqe97pu/raw_data/all_categories/SW_NikitaExp_02_Feb_2020_1245pm1060.77552250508_1061.21908525812.wav
3400,Exp_24_Nov_2019_1245pm,SW_Nikita,2698.82947043018,2699.30502466868,3000.0,34,Whistle4285,/lustre/fsn1/projects/rech/vzf/uqe97pu/raw_data/all_categories/SW_NikitaExp_24_Nov_2019_1245pm2698.82947043018_2699.30502466868.wav
3025,Exp_23_Nov_2019_1345pm,SW_Nikita,323.518565629459,324.484890337792,3000.0,31,Whistle4282,/lustre/fsn1/projects/rech/vzf/uqe97pu/raw_data/all_categories/SW_NikitaExp_23_Nov_2019_1345pm323.518565629459_324.484890337792.wav
2784,Exp_17_Feb_2020_1245pm,SW_Nikita,3115.42429824752,3116.27432097479,3300.0,25,Whistle4165,/lustre/fsn1/projects/rech/vzf/uqe97pu/raw_data/all_categories/SW_NikitaExp_17_Feb_2020_1245pm3115.42429824752_3116.27432097479.wav
3284,Exp_17_Dec_2019_0945am,SW_Nikita,2533.8040916175,2534.13138843728,3300.0,33,Whistle4475,/lustre/fsn1/projects/rech/vzf/uqe97pu/raw_data/all_categories/SW_NikitaExp_17_Dec_2019_0945am2533.8040916175_2534.13138843728.wav
3522,Exp_13_Feb_2020_1345pm,SW_Nikita,406.531232518886,406.854168298703,3300.0,36,Whistle4464,/lustre/fsn1/projects/rech/vzf/uqe97pu/raw_data/all_categories/SW_NikitaExp_13_Feb_2020_1345pm406.531232518886_406.854168298703.wav
3263,Exp_09_Dec_2019_1245pm,SW_Nikita,2458.90747090604,2459.30081854553,3300.0,33,Whistle3713,/lustre/fsn1/projects/rech/vzf/uqe97pu/raw_data/all_categories/SW_NikitaExp_09_Dec_2019_1245pm2458.90747090604_2459.30081854553.wav
3526,Exp_16_Dec_2019_1145am,SW_Nikita,406.592443320342,407.141205856261,3300.0,36,Whistle4515,/lustre/fsn1/projects/rech/vzf/uqe97pu/raw_data/all_categories/SW_NikitaExp_16_Dec_2019_1145am406.592443320342_407.141205856261.wav
3444,Exp_17_Feb_2020_1045am,SW_Nikita,3202.78475683597,3203.07680630593,3300.0,34,Whistle4981,/lustre/fsn1/projects/rech/vzf/uqe97pu/raw_data/all_categories/SW_NikitaExp_17_Feb_2020_1045am3202.78475683597_3203.07680630593.wav
3167,Exp_13_Feb_2020_1345pm,SW_Nikita,417.421524348094,417.946018648409,3300.0,32,Whistle4069,/lustre/fsn1/projects/rech/vzf/uqe97pu/raw_data/all_categories/SW_NikitaExp_13_Feb_2020_1345pm417.421524348094_417.946018648409.wav
3159,Exp_11_Feb_2020_1145am,SW_Nikita,579.275506359942,579.594499949686,3300.0,32,Whistle3934,/lustre/fsn1/projects/rech/vzf/uqe97pu/raw_data/all_categories/SW_NikitaExp_11_Feb_2020_1145am579.275506359942_579.594499949686.wav
3424,Exp_22_Nov_2019_1545pm,SW_Nikita,1.27826209676119,1.75396992196444,3000.0,34,Whistle4703,/lustre/fsn1/projects/rech/vzf/uqe97pu/raw_data/all_categories/SW_NikitaExp_22_Nov_2019_1545pm1.27826209676119_1.75396992196444.wav
3061,Exp_22_Nov_2019_1345pm,SW_Nikita,415.725452421055,416.410872503022,3600.0,31,Whistle5030,/lustre/fsn1/projects/rech/vzf/uqe97pu/raw_data/all_categories/SW_NikitaExp_22_Nov_2019_1345pm415.725452421055_416.410872503022.wav
2805,Exp_23_Nov_2019_0945am,SW_Nikita,2368.1279232985,2368.96277467045,3000.0,25,Whistle4254,/lustre/fsn1/projects/rech/vzf/uqe97pu/raw_data/all_categories/SW_NikitaExp_23_Nov_2019_0945am2368.1279232985_2368.96277467045.wav
3022,Exp_22_Nov_2019_1245pm,SW_Nikita,679.271158413407,679.944117632157,3600.0,31,Whistle4225,/lustre/fsn1/projects/rech/vzf/uqe97pu/raw_data/all_categories/SW_NikitaExp_22_Nov_2019_1245pm679.271158413407_679.944117632157.wav
2877,Exp_07_Dec_2019_1145am,SW_Nikita,1429.11021055125,1430.38262990609,3300.0,27,Whistle3846,/lustre/fsn1/projects/rech/vzf/uqe97pu/raw_data/all_categories/SW_NikitaExp_07_Dec_2019_1145am1429.11021055125_1430.38262990609.wav
3132,Exp_07_Dec_2019_0945am,SW_Nikita,662.617007930327,663.177475910623,3300.0,32,Whistle3627,/lustre/fsn1/projects/rech/vzf/uqe97pu/raw_data/all_categories/SW_NikitaExp_07_Dec_2019_0945am662.617007930327_663.177475910623.wav
3115,Exp_08_Jan_2020_1245pm,SW_Nikita,2114.50676326571,2115.05562851394,3300.0,32,Whistle3583,/lustre/fsn1/projects/rech/vzf/uqe97pu/raw_data/all_categories/SW_NikitaExp_08_Jan_2020_1245pm2114.50676326571_2115.05562851394.wav
3067,Exp_03_Feb_2020_0845am,SW_Nikita,2972.49678837819,2972.95274864309,3300.0,32,Whistle3508,/lustre/fsn1/projects/rech/vzf/uqe97pu/raw_data/all_categories/SW_NikitaExp_03_Feb_2020_0845am2972.49678837819_2972.95274864309.wav
3616,Exp_01_Jan_2020_0845am,SW_Nikita,169.825892319738,170.064452925799,3300.0,39,Whistle3796,/lustre/fsn1/projects/rech/vzf/uqe97pu/raw_data/all_categories/SW_NikitaExp_01_Jan_2020_0845am169.825892319738_170.064452925799.wav
3114,Exp_08_Dec_2019_1045am,SW_Nikita,1677.0650820154,1677.54497675224,3300.0,32,Whistle3581,/lustre/fsn1/projects/rech/vzf/uqe97pu/raw_data/all_categories/SW_NikitaExp_08_Dec_2019_1045am1677.0650820154_1677.54497675224.wav
3209,Exp_17_Feb_2020_1345pm,SW_Nikita,2138.98331457311,2139.60505625766,3300.0,32,Whistle4437,/lustre/fsn1/projects/rech/vzf/uqe97pu/raw_data/all_categories/SW_NikitaExp_17_Feb_2020_1345pm2138.98331457311_2139.60505625766.wav
2814,Exp_22_Nov_2019_1345pm,SW_Nikita,24.4219036768727,25.4385266276924,3600.0,25,Whistle4409,/lustre/fsn1/projects/rech/vzf/uqe97pu/raw_data/all_categories/SW_NikitaExp_22_Nov_2019_1345pm24.4219036768727_25.4385266276924.wav
2808,Exp_23_Nov_2019_0945am,SW_Nikita,2357.86847593408,2358.48782222384,3000.0,25,Whistle4371,/lustre/fsn1/projects/rech/vzf/uqe97pu/raw_data/all_categories/SW_NikitaExp_23_Nov_2019_0945am2357.86847593408_2358.48782222384.wav
3426,Exp_23_Nov_2019_1345pm,SW_Nikita,2151.13529854552,2151.58011902645,3000.0,34,Whistle4712,/lustre/fsn1/projects/rech/vzf/uqe97pu/raw_data/all_categories/SW_NikitaExp_23_Nov_2019_1345pm2151.13529854552_2151.58011902645.wav
3299,Exp_19_Nov_2019_0045am,SW_Nikita,3094.91441015814,3095.69745504385,3600.0,33,Whistle4803,/lustre/fsn1/projects/rech/vzf/uqe97pu/raw_data/all_categories/SW_NikitaExp_19_Nov_2019_0045am3094.91441015814_3095.69745504385.wav
3078,Exp_05_Dec_2019_1145am,SW_Nikita,323.021076736922,323.470964377372,3000.0,32,Whistle3529,/lustre/fsn1/projects/rech/vzf/uqe97pu/raw_data/all_categories/SW_NikitaExp_05_Dec_2019_1145am323.021076736922_323.470964377372.wav
3630,Exp_28_Nov_2019_1245pm,SW_Nikita,2003.82352852715,2004.0069205726,3000.0,39,Whistle4734,/lustre/fsn1/projects/rech/vzf/uqe97pu/raw_data/all_categories/SW_NikitaExp_28_Nov_2019_1245pm2003.82352852715_2004.0069205726.wav
2936,Exp_01_Jan_2020_1345pm,SW_Nikita,1084.84726823387,1085.17319415979,3300.0,29,Whistle3707,/lustre/fsn1/projects/rech/vzf/uqe97pu/raw_data/all_categories/SW_NikitaExp_01_Jan_2020_1345pm1084.84726823387_1085.17319415979.wav
2835,Exp_20_Nov_2019_1145am,SW_Nikita,190.679484791013,192.345486015145,3600.0,25,Whistle4807,/lustre/fsn1/projects/rech/vzf/uqe97pu/raw_data/all_categories/SW_NikitaExp_20_Nov_2019_1145am190.679484791013_192.345486015145.wav
3176,Exp_17_Dec_2019_0945am,SW_Nikita,2505.71472429986,2506.06118121596,3300.0,32,Whistle4144,/lustre/fsn1/projects/rech/vzf/uqe97pu/raw_data/all_categories/SW_NikitaExp_17_Dec_2019_0945am2505.71472429986_2506.06118121596.wav
3401,Exp_24_Nov_2019_1245pm,SW_Nikita,2996.9461036313,2997.40941389459,3000.0,34,Whistle4287,/lustre/fsn1/projects/rech/vzf/uqe97pu/raw_data/all_categories/SW_NikitaExp_24_Nov_2019_1245pm2996.9461036313_2997.40941389459.wav
3034,Exp_16_Dec_2019_1545pm,SW_Nikita,91.9207700279514,92.5498818700567,3300.0,31,Whistle4519,/lustre/fsn1/projects/rech/vzf/uqe97pu/raw_data/all_categories/SW_NikitaExp_16_Dec_2019_1545pm91.9207700279514_92.5498818700567.wav
3568,Exp_19_Nov_2019_1345pm,SW_Nikita,1012.2128106467,1012.30359325539,3600.0,38,Whistle3928,/lustre/fsn1/projects/rech/vzf/uqe97pu/raw_data/all_categories/SW_NikitaExp_19_Nov_2019_1345pm1012.2128106467_1012.30359325539.wav
2890,Exp_06_Dec_2019_0945am,SW_Nikita,298.741850614479,299.832828575912,3000.0,28,Whistle3764,/lustre/fsn1/projects/rech/vzf/uqe97pu/raw_data/all_categories/SW_NikitaExp_06_Dec_2019_0945am298.741850614479_299.832828575912.wav
2940,Exp_01_Feb_2020_0945am,SW_Nikita,1050.84483933065,1051.44315409388,3300.0,29,Whistle3728,/lustre/fsn1/projects/rech/vzf/uqe97pu/raw_data/all_categories/SW_NikitaExp_01_Feb_2020_0945am1050.84483933065_1051.44315409388.wav
3228,Exp_27_Nov_2019_1145am,SW_Nikita,503.895949816707,504.304553566707,3000.0,32,Whistle4722,/lustre/fsn1/projects/rech/vzf/uqe97pu/raw_data/all_categories/SW_NikitaExp_27_Nov_2019_1145am503.895949816707_504.304553566707.wav
3232,Exp_11_Feb_2020_0945am,SW_Nikita,867.536474242318,868.059338233795,3300.0,32,Whistle4828,/lustre/fsn1/projects/rech/vzf/uqe97pu/raw_data/all_categories/SW_NikitaExp_11_Feb_2020_0945am867.536474242318_868.059338233795.wav
2851,Exp_22_Nov_2019_1345pm,SW_Nikita,274.457644143159,275.30888030552,3600.0,25,Whistle5037,/lustre/fsn1/projects/rech/vzf/uqe97pu/raw_data/all_categories/SW_NikitaExp_22_Nov_2019_1345pm274.457644143159_275.30888030552.wav
2933,Exp_03_Feb_2020_0845am,SW_Nikita,2965.21898551208,2965.54572235418,3300.0,29,Whistle3670,/lustre/fsn1/projects/rech/vzf/uqe97pu/raw_data/all_categories/SW_NikitaExp_03_Feb_2020_0845am2965.21898551208_2965.54572235418.wav
3210,Exp_13_Feb_2020_1345pm,SW_Nikita,401.231216458232,401.639932054562,3300.0,32,Whistle4463,/lustre/fsn1/projects/rech/vzf/uqe97pu/raw_data/all_categories/SW_NikitaExp_13_Feb_2020_1345pm401.231216458232_401.639932054562.wav
3631,Exp_20_Nov_2019_1145am,SW_Nikita,966.247753187977,966.455924458695,3600.0,39,Whistle4741,/lustre/fsn1/projects/rech/vzf/uqe97pu/raw_data/all_categories/SW_NikitaExp_20_Nov_2019_1145am966.247753187977_966.455924458695.wav
2976,Exp_17_Dec_2019_0945am,SW_Nikita,2482.17873875557,2482.71248433861,3300.0,29,Whistle4482,/lustre/fsn1/projects/rech/vzf/uqe97pu/raw_data/all_categories/SW_NikitaExp_17_Dec_2019_0945am2482.17873875557_2482.71248433861.wav
2785,Exp_19_Nov_2019_1345pm,SW_Nikita,425.561488804791,426.381062280401,3600.0,25,Whistle4182,/lustre/fsn1/projects/rech/vzf/uqe97pu/raw_data/all_categories/SW_NikitaExp_19_Nov_2019_1345pm425.561488804791_426.381062280401.wav
3195,Exp_23_Nov_2019_1345pm,SW_Nikita,555.269790608078,555.826677669482,3000.0,32,Whistle4270,/lustre/fsn1/projects/rech/vzf/uqe97pu/raw_data/all_categories/SW_NikitaExp_23_Nov_2019_1345pm555.269790608078_555.826677669482.wav
3105,Exp_05_Dec_2019_1145am,SW_Nikita,318.921064403548,319.373543742391,3000.0,32,Whistle3524,/lustre/fsn1/projects/rech/vzf/uqe97pu/raw_data/all_categories/SW_NikitaExp_05_Dec_2019_1145am318.921064403548_319.373543742391.wav
2778,Exp_17_Dec_2019_0945am,SW_Nikita,2618.65760543801,2619.5428307287,3300.0,25,Whistle4141,/lustre/fsn1/projects/rech/vzf/uqe97pu/raw_data/all_categories/SW_NikitaExp_17_Dec_2019_0945am2618.65760543801_2619.5428307287.wav
3557,Exp_21_Nov_2019_0945am,SW_Nikita,998.742774841041,998.96935378841,3600.0,37,Whistle4784,/lustre/fsn1/projects/rech/vzf/uqe97pu/raw_data/all_categories/SW_NikitaExp_21_Nov_2019_0945am998.742774841041_998.96935378841.wav
3288,Exp_17_Dec_2019_0945am,SW_Nikita,2493.53650284226,2494.04381078497,3300.0,33,Whistle4606,/lustre/fsn1/projects/rech/vzf/uqe97pu/raw_data/all_categories/SW_NikitaExp_17_Dec_2019_0945am2493.53650284226_2494.04381078497.wav
2914,Exp_02_Jan_2020_1345pm,SW_Nikita,2017.26839240863,2017.74235865336,3300.0,29,Whistle3506,/lustre/fsn1/projects/rech/vzf/uqe97pu/raw_data/all_categories/SW_NikitaExp_02_Jan_2020_1345pm2017.26839240863_2017.74235865336.wav
3323,Exp_06_Dec_2019_1145am,SW_Nikita,460.00876902479,460.3473365669,3000.0,34,Whistle3621,/lustre/fsn1/projects/rech/vzf/uqe97pu/raw_data/all_categories/SW_NikitaExp_06_Dec_2019_1145am460.00876902479_460.3473365669.wav
2964,Exp_01_Jan_2020_0845am,SW_Nikita,2922.74208388844,2923.11499727427,3300.0,29,Whistle3765,/lustre/fsn1/projects/rech/vzf/uqe97pu/raw_data/all_categories/SW_NikitaExp_01_Jan_2020_0845am2922.74208388844_2923.11499727427.wav
3487,Exp_06_Dec_2019_1145am,SW_Nikita,461.963631025199,462.493988168056,3000.0,36,Whistle3689,/lustre/fsn1/projects/rech/vzf/uqe97pu/raw_data/all_categories/SW_NikitaExp_06_Dec_2019_1145am461.963631025199_462.493988168056.wav
3364,Exp_15_Dec_2019_1245pm,SW_Nikita,42.0152127431978,42.3612797721833,3300.0,34,Whistle3875,/lustre/fsn1/projects/rech/vzf/uqe97pu/raw_data/all_categories/SW_NikitaExp_15_Dec_2019_1245pm42.0152127431978_42.3612797721833.wav
2866,Exp_16_Dec_2019_1545pm,SW_Nikita,173.78202756455,174.635409358029,3300.0,26,Whistle4605,/lustre/fsn1/projects/rech/vzf/uqe97pu/raw_data/all_categories/SW_NikitaExp_16_Dec_2019_1545pm173.78202756455_174.635409358029.wav
2806,Exp_23_Nov_2019_0945am,SW_Nikita,2348.84513898892,2350.09780850815,3000.0,25,Whistle4363,/lustre/fsn1/projects/rech/vzf/uqe97pu/raw_data/all_categories/SW_NikitaExp_23_Nov_2019_0945am2348.84513898892_2350.09780850815.wav
3226,Exp_17_Jan_2020_1745pm,SW_Nikita,2332.44725996484,2332.76128755184,3300.0,32,Whistle4688,/lustre/fsn1/projects/rech/vzf/uqe97pu/raw_data/all_categories/SW_NikitaExp_17_Jan_2020_1745pm2332.44725996484_2332.76128755184.wav
3135,Exp_07_Dec_2019_1245pm,SW_Nikita,2960.38397086052,2960.86386559736,3300.0,32,Whistle3631,/lustre/fsn1/projects/rech/vzf/uqe97pu/raw_data/all_categories/SW_NikitaExp_07_Dec_2019_1245pm2960.38397086052_2960.86386559736.wav
3163,Exp_11_Mar_2020_0945am,SW_Nikita,585.985930761642,586.486894617064,3000.0,32,Whistle4023,/lustre/fsn1/projects/rech/vzf/uqe97pu/raw_data/all_categories/SW_NikitaExp_11_Mar_2020_0945am585.985930761642_586.486894617064.wav
3097,Exp_06_Jan_2020_1245pm,SW_Nikita,2466.29652329277,2467.12743727126,3300.0,32,Whistle3556,/lustre/fsn1/projects/rech/vzf/uqe97pu/raw_data/all_categories/SW_NikitaExp_06_Jan_2020_1245pm2466.29652329277_2467.12743727126.wav
3491,Exp_08_Dec_2019_1545pm,SW_Nikita,1066.05323046433,1066.53312520118,3300.0,36,Whistle3709,/lustre/fsn1/projects/rech/vzf/uqe97pu/raw_data/all_categories/SW_NikitaExp_08_Dec_2019_1545pm1066.05323046433_1066.53312520118.wav
2982,Exp_11_Mar_2020_1145am,SW_Nikita,461.857929009678,462.257894563656,3000.0,29,Whistle4754,/lustre/fsn1/projects/rech/vzf/uqe97pu/raw_data/all_categories/SW_NikitaExp_11_Mar_2020_1145am461.857929009678_462.257894563656.wav
3481,Exp_14_Dec_2019_0945am,SW_Nikita,287.736985987171,288.025615028119,3300.0,35,Whistle4826,/lustre/fsn1/projects/rech/vzf/uqe97pu/raw_data/all_categories/SW_NikitaExp_14_Dec_2019_0945am287.736985987171_288.025615028119.wav
3192,Exp_22_Nov_2019_1345pm,SW_Nikita,280.495280550756,281.163162129703,3600.0,32,Whistle4235,/lustre/fsn1/projects/rech/vzf/uqe97pu/raw_data/all_categories/SW_NikitaExp_22_Nov_2019_1345pm280.495280550756_281.163162129703.wav
3529,Exp_16_Nov_2019_0845am,SW_Nikita,3524.94912994541,3525.60975811959,3600.0,36,Whistle4773,/lustre/fsn1/projects/rech/vzf/uqe97pu/raw_data/all_categories/SW_NikitaExp_16_Nov_2019_0845am3524.94912994541_3525.60975811959.wav
2832,Exp_17_Dec_2019_0945am,SW_Nikita,2504.31062579873,2505.01749785062,3300.0,25,Whistle4678,/lustre/fsn1/projects/rech/vzf/uqe97pu/raw_data/all_categories/SW_NikitaExp_17_Dec_2019_0945am2504.31062579873_2505.01749785062.wav
2776,Exp_13_Feb_2020_1345pm,SW_Nikita,400.308602217239,401.647678177255,3300.0,25,Whistle3943,/lustre/fsn1/projects/rech/vzf/uqe97pu/raw_data/all_categories/SW_NikitaExp_13_Feb_2020_1345pm400.308602217239_401.647678177255.wav
3469,Exp_05_Dec_2019_0845am,SW_Nikita,2807.95180050592,2808.33038902267,3000.0,35,Whistle3826,/lustre/fsn1/projects/rech/vzf/uqe97pu/raw_data/all_categories/SW_NikitaExp_05_Dec_2019_0845am2807.95180050592_2808.33038902267.wav
3343,Exp_04_Jan_2020_1145am,SW_Nikita,141.623722868938,142.031826317214,3300.0,34,Whistle3680,/lustre/fsn1/projects/rech/vzf/uqe97pu/raw_data/all_categories/SW_NikitaExp_04_Jan_2020_1145am141.623722868938_142.031826317214.wav
3282,Exp_11_Feb_2020_1145am,SW_Nikita,745.108956147675,745.796160334089,3300.0,33,Whistle4428,/lustre/fsn1/projects/rech/vzf/uqe97pu/raw_data/all_categories/SW_NikitaExp_11_Feb_2020_1145am745.108956147675_745.796160334089.wav
3404,Exp_11_Mar_2020_1145am,SW_Nikita,34.4958612898147,34.8884382287586,3000.0,34,Whistle4320,/lustre/fsn1/projects/rech/vzf/uqe97pu/raw_data/all_categories/SW_NikitaExp_11_Mar_2020_1145am34.4958612898147_34.8884382287586.wav
2801,Exp_15_Jan_2020_1045am,SW_Nikita,2464.43246858324,2465.85243324755,3300.0,25,Whistle4337,/lustre/fsn1/projects/rech/vzf/uqe97pu/raw_data/all_categories/SW_NikitaExp_15_Jan_2020_1045am2464.43246858324_2465.85243324755.wav
3033,Exp_16_Dec_2019_1545pm,SW_Nikita,90.9612808920437,91.5152377265761,3300.0,31,Whistle4518,/lustre/fsn1/projects/rech/vzf/uqe97pu/raw_data/all_categories/SW_NikitaExp_16_Dec_2019_1545pm90.9612808920437_91.5152377265761.wav
3160,Exp_16_Dec_2019_1145am,SW_Nikita,391.979897380102,392.309194978481,3300.0,32,Whistle3949,/lustre/fsn1/projects/rech/vzf/uqe97pu/raw_data/all_categories/SW_NikitaExp_16_Dec_2019_1145am391.979897380102_392.309194978481.wav
3124,Exp_09_Jan_2020_0945am,SW_Nikita,1670.80636213227,1671.23889900542,3300.0,32,Whistle3594,/lustre/fsn1/projects/rech/vzf/uqe97pu/raw_data/all_categories/SW_NikitaExp_09_Jan_2020_0945am1670.80636213227_1671.23889900542.wav
3283,Exp_12_Dec_2019_1245pm,SW_Nikita,3250.36841346204,3250.92385900659,3300.0,33,Whistle4462,/lustre/fsn1/projects/rech/vzf/uqe97pu/raw_data/all_categories/SW_NikitaExp_12_Dec_2019_1245pm3250.36841346204_3250.92385900659.wav
3645,Exp_28_Nov_2019_1245pm,SW_Nikita,2119.48334367903,2120.2099190215,3000.0,39,Whistle4555,/lustre/fsn1/projects/rech/vzf/uqe97pu/raw_data/all_categories/SW_NikitaExp_28_Nov_2019_1245pm2119.48334367903_2120.2099190215.wav
3322,Exp_05_Jan_2020_1345pm,SW_Nikita,1180.57641919186,1180.91847182344,3300.0,34,Whistle3620,/lustre/fsn1/projects/rech/vzf/uqe97pu/raw_data/all_categories/SW_NikitaExp_05_Jan_2020_1345pm1180.57641919186_1180.91847182344.wav
2942,Exp_05_Dec_2019_1145am,SW_Nikita,465.33155110517,465.750182684118,3000.0,29,Whistle3733,/lustre/fsn1/projects/rech/vzf/uqe97pu/raw_data/all_categories/SW_NikitaExp_05_Dec_2019_1145am465.33155110517_465.750182684118.wav
3394,Exp_22_Nov_2019_1245pm,SW_Nikita,2586.94908248595,2587.33202519429,3600.0,34,Whistle4224,/lustre/fsn1/projects/rech/vzf/uqe97pu/raw_data/all_categories/SW_NikitaExp_22_Nov_2019_1245pm2586.94908248595_2587.33202519429.wav
2908,Exp_07_Jan_2020_1045am,SW_Nikita,2044.09992840038,2044.74311579673,3300.0,28,Whistle3849,/lustre/fsn1/projects/rech/vzf/uqe97pu/raw_data/all_categories/SW_NikitaExp_07_Jan_2020_1045am2044.09992840038_2044.74311579673.wav
3100,Exp_07_Dec_2019_0945am,SW_Nikita,593.816799444847,594.296694181689,3300.0,32,Whistle3562,/lustre/fsn1/projects/rech/vzf/uqe97pu/raw_data/all_categories/SW_NikitaExp_07_Dec_2019_0945am593.816799444847_594.296694181689.wav
2962,Exp_09_Jan_2020_1345pm,SW_Nikita,343.121906471355,343.95340930108,3300.0,29,Whistle3759,/lustre/fsn1/projects/rech/vzf/uqe97pu/raw_data/all_categories/SW_NikitaExp_09_Jan_2020_1345pm343.121906471355_343.95340930108.wav
3340,Exp_03_Feb_2020_1545pm,SW_Nikita,274.955833199495,275.375723008731,3300.0,34,Whistle3671,/lustre/fsn1/projects/rech/vzf/uqe97pu/raw_data/all_categories/SW_NikitaExp_03_Feb_2020_1545pm274.955833199495_275.375723008731.wav
2927,Exp_07_Mar_2020_1545pm,SW_Nikita,871.737091904172,872.290122207203,3000.0,29,Whistle3580,/lustre/fsn1/projects/rech/vzf/uqe97pu/raw_data/all_categories/SW_NikitaExp_07_Mar_2020_1545pm871.737091904172_872.290122207203.wav
3520,Exp_17_Jan_2020_1945pm,SW_Nikita,2126.41699615387,2126.84187115387,3300.0,36,Whistle4407,/lustre/fsn1/projects/rech/vzf/uqe97pu/raw_data/all_categories/SW_NikitaExp_17_Jan_2020_1945pm2126.41699615387_2126.84187115387.wav
3576,Exp_04_Jan_2020_1345pm,SW_Nikita,556.371787621682,556.491481499233,3300.0,39,Whistle3818,/lustre/fsn1/projects/rech/vzf/uqe97pu/raw_data/all_categories/SW_NikitaExp_04_Jan_2020_1345pm556.371787621682_556.491481499233.wav
3545,Exp_01_Jan_2020_0845am,SW_Nikita,120.33536465262,120.513868298453,3300.0,37,Whistle3797,/lustre/fsn1/projects/rech/vzf/uqe97pu/raw_data/all_categories/SW_NikitaExp_01_Jan_2020_0845am120.33536465262_120.513868298453.wav
3279,Exp_23_Nov_2019_1345pm,SW_Nikita,2136.94842819121,2137.95016479835,3000.0,33,Whistle4278,/lustre/fsn1/projects/rech/vzf/uqe97pu/raw_data/all_categories/SW_NikitaExp_23_Nov_2019_1345pm2136.94842819121_2137.95016479835.wav
3478,Exp_12_Dec_2019_1245pm,SW_Nikita,3048.56198419382,3048.81862406521,3300.0,35,Whistle4653,/lustre/fsn1/projects/rech/vzf/uqe97pu/raw_data/all_categories/SW_NikitaExp_12_Dec_2019_1245pm3048.56198419382_3048.81862406521.wav
3096,Exp_06_Jan_2020_0845am,SW_Nikita,229.715697320295,230.35012297819,3300.0,32,Whistle3555,/lustre/fsn1/projects/rech/vzf/uqe97pu/raw_data/all_categories/SW_NikitaExp_06_Jan_2020_0845am229.715697320295_230.35012297819.wav
6855,Exp_06_Dec_2019_1145am,SW_Yosefa,2720.16906723022,2720.6540688469,3000.0,58,Whistle12795,/lustre/fsn1/projects/rech/vzf/uqe97pu/raw_data/all_categories/SW_YosefaExp_06_Dec_2019_1145am2720.16906723022_2720.6540688469.wav
6696,Exp_17_Dec_2019_1145am,SW_Yosefa,3252.46485656017,3253.81706835642,3300.0,56,Whistle13303,/lustre/fsn1/projects/rech/vzf/uqe97pu/raw_data/all_categories/SW_YosefaExp_17_Dec_2019_1145am3252.46485656017_3253.81706835642.wav
7064,Exp_09_Mar_2020_1545pm,SW_Yosefa,927.698092326974,928.163093876979,3000.0,59,Whistle13077,/lustre/fsn1/projects/rech/vzf/uqe97pu/raw_data/all_categories/SW_YosefaExp_09_Mar_2020_1545pm927.698092326974_928.163093876979.wav
6642,Exp_09_Feb_2020_1545pm,SW_Yosefa,88.6852687432386,89.4502710614275,3300.0,56,Whistle12650,/lustre/fsn1/projects/rech/vzf/uqe97pu/raw_data/all_categories/SW_YosefaExp_09_Feb_2020_1545pm88.6852687432386_89.4502710614275.wav
6805,Exp_04_Jan_2020_1345pm,SW_Yosefa,1491.25951896824,1492.5745229531,3300.0,58,Whistle12736,/lustre/fsn1/projects/rech/vzf/uqe97pu/raw_data/all_categories/SW_YosefaExp_04_Jan_2020_1345pm1491.25951896824_1492.5745229531.wav
6809,Exp_04_Jan_2020_1345pm,SW_Yosefa,1728.96023927345,1730.27524325831,3300.0,58,Whistle12740,/lustre/fsn1/projects/rech/vzf/uqe97pu/raw_data/all_categories/SW_YosefaExp_04_Jan_2020_1345pm1728.96023927345_1730.27524325831.wav
6723,Exp_07_Jan_2020_1545pm,SW_Yosefa,781.48736814354,781.977369628393,3300.0,57,Whistle13019,/lustre/fsn1/projects/rech/vzf/uqe97pu/raw_data/all_categories/SW_YosefaExp_07_Jan_2020_1545pm781.48736814354_781.977369628393.wav
6958,Exp_01_Feb_2020_1045am,SW_Yosefa,392.121188246025,392.851190458153,3300.0,58,Whistle12920,/lustre/fsn1/projects/rech/vzf/uqe97pu/raw_data/all_categories/SW_YosefaExp_01_Feb_2020_1045am392.121188246025_392.851190458153.wav
6931,Exp_08_Jan_2020_1245pm,SW_Yosefa,73.3952224097649,74.4202255158349,3300.0,58,Whistle12883,/lustre/fsn1/projects/rech/vzf/uqe97pu/raw_data/all_categories/SW_YosefaExp_08_Jan_2020_1245pm73.3952224097649_74.4202255158349.wav
6615,Exp_08_Jan_2020_1345pm,SW_Yosefa,1880.31069791121,1881.01570004758,3300.0,55,Whistle12646,/lustre/fsn1/projects/rech/vzf/uqe97pu/raw_data/all_categories/SW_YosefaExp_08_Jan_2020_1345pm1880.31069791121_1881.01570004758.wav
7072,Exp_13_Dec_2019_1345pm,SW_Yosefa,764.424067613639,764.958952406265,3300.0,59,Whistle13101,/lustre/fsn1/projects/rech/vzf/uqe97pu/raw_data/all_categories/SW_YosefaExp_13_Dec_2019_1345pm764.424067613639_764.958952406265.wav
6882,Exp_06_Jan_2020_0945am,SW_Yosefa,1586.40980730245,1587.43481040852,3300.0,58,Whistle12825,/lustre/fsn1/projects/rech/vzf/uqe97pu/raw_data/all_categories/SW_YosefaExp_06_Jan_2020_0945am1586.40980730245_1587.43481040852.wav
7133,Exp_04_Jan_2020_1345pm,SW_Yosefa,2182.0016121261,2183.02661523217,3300.0,60,Whistle12747,/lustre/fsn1/projects/rech/vzf/uqe97pu/raw_data/all_categories/SW_YosefaExp_04_Jan_2020_1345pm2182.0016121261_2183.02661523217.wav
6758,Exp_01_Feb_2020_1045am,SW_Yosefa,3043.72922402795,3044.68479587546,3300.0,58,Whistle12678,/lustre/fsn1/projects/rech/vzf/uqe97pu/raw_data/all_categories/SW_YosefaExp_01_Feb_2020_1045am3043.72922402795_3044.68479587546.wav
6682,Exp_09_Jan_2020_1545pm,SW_Yosefa,558.206691535429,558.971693853618,3300.0,56,Whistle13072,/lustre/fsn1/projects/rech/vzf/uqe97pu/raw_data/all_categories/SW_YosefaExp_09_Jan_2020_1545pm558.206691535429_558.971693853618.wav
7043,Exp_08_Feb_2020_1345pm,SW_Yosefa,972.962948978633,973.516839953309,3300.0,59,Whistle13036,/lustre/fsn1/projects/rech/vzf/uqe97pu/raw_data/all_categories/SW_YosefaExp_08_Feb_2020_1345pm972.962948978633_973.516839953309.wav
6894,Exp_07_Dec_2019_0845am,SW_Yosefa,107.78032660705,108.80532971312,3300.0,58,Whistle12837,/lustre/fsn1/projects/rech/vzf/uqe97pu/raw_data/all_categories/SW_YosefaExp_07_Dec_2019_0845am107.78032660705_108.80532971312.wav
6865,Exp_06_Dec_2019_1345pm,SW_Yosefa,227.825759419198,228.850762835876,3000.0,58,Whistle12805,/lustre/fsn1/projects/rech/vzf/uqe97pu/raw_data/all_categories/SW_YosefaExp_06_Dec_2019_1345pm227.825759419198_228.850762835876.wav
6824,Exp_04_Mar_2020_1345pm,SW_Yosefa,904.203014010047,905.12801709339,3000.0,58,Whistle12756,/lustre/fsn1/projects/rech/vzf/uqe97pu/raw_data/all_categories/SW_YosefaExp_04_Mar_2020_1345pm904.203014010047_905.12801709339.wav
6613,Exp_07_Jan_2020_1345pm,SW_Yosefa,2031.67615659441,2032.05115773078,3300.0,55,Whistle12643,/lustre/fsn1/projects/rech/vzf/uqe97pu/raw_data/all_categories/SW_YosefaExp_07_Jan_2020_1345pm2031.67615659441_2032.05115773078.wav
7146,Exp_07_Jan_2020_1345pm,SW_Yosefa,1971.17597326053,1971.64097466962,3300.0,60,Whistle12865,/lustre/fsn1/projects/rech/vzf/uqe97pu/raw_data/all_categories/SW_YosefaExp_07_Jan_2020_1345pm1971.17597326053_1971.64097466962.wav
6720,Exp_06_Dec_2019_1245pm,SW_Yosefa,143.895479651599,144.64048213494,3000.0,57,Whistle12977,/lustre/fsn1/projects/rech/vzf/uqe97pu/raw_data/all_categories/SW_YosefaExp_06_Dec_2019_1245pm143.895479651599_144.64048213494.wav
6944,Exp_09_Jan_2020_0945am,SW_Yosefa,335.386016321262,336.186018745511,3300.0,58,Whistle12901,/lustre/fsn1/projects/rech/vzf/uqe97pu/raw_data/all_categories/SW_YosefaExp_09_Jan_2020_0945am335.386016321262_336.186018745511.wav
7013,Exp_06_Feb_2020_1345pm,SW_Yosefa,302.00591516944,302.755917442174,3300.0,59,Whistle12990,/lustre/fsn1/projects/rech/vzf/uqe97pu/raw_data/all_categories/SW_YosefaExp_06_Feb_2020_1345pm302.00591516944_302.755917442174.wav
6905,Exp_07_Jan_2020_0945am,SW_Yosefa,1270.40884972379,1271.43385282986,3300.0,58,Whistle12853,/lustre/fsn1/projects/rech/vzf/uqe97pu/raw_data/all_categories/SW_YosefaExp_07_Jan_2020_0945am1270.40884972379_1271.43385282986.wav
6868,Exp_06_Feb_2020_1145am,SW_Yosefa,210.455637744357,211.575641138306,3300.0,58,Whistle12809,/lustre/fsn1/projects/rech/vzf/uqe97pu/raw_data/all_categories/SW_YosefaExp_06_Feb_2020_1145am210.455637744357_211.575641138306.wav
6631,Exp_06_Dec_2019_1245pm,SW_Yosefa,154.450514835049,155.215517385058,3000.0,56,Whistle12627,/lustre/fsn1/projects/rech/vzf/uqe97pu/raw_data/all_categories/SW_YosefaExp_06_Dec_2019_1245pm154.450514835049_155.215517385058.wav
6853,Exp_06_Dec_2019_1145am,SW_Yosefa,2872.55957519858,2873.33957779859,3000.0,58,Whistle12793,/lustre/fsn1/projects/rech/vzf/uqe97pu/raw_data/all_categories/SW_YosefaExp_06_Dec_2019_1145am2872.55957519858_2873.33957779859.wav
7008,Exp_06_Dec_2019_1245pm,SW_Yosefa,129.26543088477,129.790432634775,3000.0,59,Whistle12976,/lustre/fsn1/projects/rech/vzf/uqe97pu/raw_data/all_categories/SW_YosefaExp_06_Dec_2019_1245pm129.26543088477_129.790432634775.wav
7193,Exp_04_Mar_2020_1145am,SW_Yosefa,1066.19855466185,1067.20945523003,3000.0,61,Whistle13088,/lustre/fsn1/projects/rech/vzf/uqe97pu/raw_data/all_categories/SW_YosefaExp_04_Mar_2020_1145am1066.19855466185_1067.20945523003.wav
6967,Exp_15_Dec_2019_1245pm,SW_Yosefa,2269.63687889963,2270.32053274579,3300.0,58,Whistle13219,/lustre/fsn1/projects/rech/vzf/uqe97pu/raw_data/all_categories/SW_YosefaExp_15_Dec_2019_1245pm2269.63687889963_2270.32053274579.wav
6898,Exp_07_Dec_2019_0945am,SW_Yosefa,493.426495231804,493.956496837869,3300.0,58,Whistle12841,/lustre/fsn1/projects/rech/vzf/uqe97pu/raw_data/all_categories/SW_YosefaExp_07_Dec_2019_0945am493.426495231804_493.956496837869.wav
6738,Exp_27_Nov_2019_1145am,SW_Yosefa,1565.28521761739,1565.8402194674,3000.0,57,Whistle13191,/lustre/fsn1/projects/rech/vzf/uqe97pu/raw_data/all_categories/SW_YosefaExp_27_Nov_2019_1145am1565.28521761739_1565.8402194674.wav
6911,Exp_07_Jan_2020_1345pm,SW_Yosefa,1970.57597144234,1971.64097466962,3300.0,58,Whistle12860,/lustre/fsn1/projects/rech/vzf/uqe97pu/raw_data/all_categories/SW_YosefaExp_07_Jan_2020_1345pm1970.57597144234_1971.64097466962.wav
6646,Exp_03_Jan_2020_1045am,SW_Yosefa,2684.47813478223,2684.97813629738,3300.0,56,Whistle12936,/lustre/fsn1/projects/rech/vzf/uqe97pu/raw_data/all_categories/SW_YosefaExp_03_Jan_2020_1045am2684.47813478223_2684.97813629738.wav
7018,Exp_06_Jan_2020_1245pm,SW_Yosefa,2928.1488731784,2928.91387549659,3300.0,59,Whistle12996,/lustre/fsn1/projects/rech/vzf/uqe97pu/raw_data/all_categories/SW_YosefaExp_06_Jan_2020_1245pm2928.1488731784_2928.91387549659.wav
7020,Exp_06_Mar_2020_1545pm,SW_Yosefa,292.83597611992,293.660978869929,3000.0,59,Whistle12998,/lustre/fsn1/projects/rech/vzf/uqe97pu/raw_data/all_categories/SW_YosefaExp_06_Mar_2020_1545pm292.83597611992_293.660978869929.wav
7035,Exp_07_Mar_2020_0945am,SW_Yosefa,177.165590551969,177.805592685309,3000.0,59,Whistle13025,/lustre/fsn1/projects/rech/vzf/uqe97pu/raw_data/all_categories/SW_YosefaExp_07_Mar_2020_0945am177.165590551969_177.805592685309.wav
6817,Exp_04_Jan_2020_1345pm,SW_Yosefa,2190.92663917163,2191.9516422777,3300.0,58,Whistle12749,/lustre/fsn1/projects/rech/vzf/uqe97pu/raw_data/all_categories/SW_YosefaExp_04_Jan_2020_1345pm2190.92663917163_2191.9516422777.wav
6956,Exp_02_Jan_2020_1045am,SW_Yosefa,2414.09231543126,2414.80231758278,3300.0,58,Whistle12918,/lustre/fsn1/projects/rech/vzf/uqe97pu/raw_data/all_categories/SW_YosefaExp_02_Jan_2020_1045am2414.09231543126_2414.80231758278.wav
6978,Exp_02_Jan_2020_1245pm,SW_Yosefa,3273.63992012097,3274.40492243916,3300.0,59,Whistle12922,/lustre/fsn1/projects/rech/vzf/uqe97pu/raw_data/all_categories/SW_YosefaExp_02_Jan_2020_1245pm3273.63992012097_3274.40492243916.wav
6823,Exp_04_Mar_2020_1345pm,SW_Yosefa,781.062603542012,781.872606242021,3000.0,58,Whistle12755,/lustre/fsn1/projects/rech/vzf/uqe97pu/raw_data/all_categories/SW_YosefaExp_04_Mar_2020_1345pm781.062603542012_781.872606242021.wav
6593,Exp_03_Jan_2020_1045am,SW_Yosefa,1076.31826157049,1077.04826378262,3300.0,54,Whistle12935,/lustre/fsn1/projects/rech/vzf/uqe97pu/raw_data/all_categories/SW_YosefaExp_03_Jan_2020_1045am1076.31826157049_1077.04826378262.wav
7124,Exp_15_Jan_2020_0945am,SW_Yosefa,152.601628606402,153.733188373166,3300.0,59,Whistle13293,/lustre/fsn1/projects/rech/vzf/uqe97pu/raw_data/all_categories/SW_YosefaExp_15_Jan_2020_0945am152.601628606402_153.733188373166.wav
7150,Exp_09_Jan_2020_1145am,SW_Yosefa,226.150685305107,227.175688411177,3300.0,60,Whistle12903,/lustre/fsn1/projects/rech/vzf/uqe97pu/raw_data/all_categories/SW_YosefaExp_09_Jan_2020_1145am226.150685305107_227.175688411177.wav
6848,Exp_05_Mar_2020_1545pm,SW_Yosefa,203.105677018923,204.420681402271,3000.0,58,Whistle12787,/lustre/fsn1/projects/rech/vzf/uqe97pu/raw_data/all_categories/SW_YosefaExp_05_Mar_2020_1545pm203.105677018923_204.420681402271.wav
6641,Exp_07_Jan_2020_0945am,SW_Yosefa,2247.56181079337,2248.20681274792,3300.0,56,Whistle12642,/lustre/fsn1/projects/rech/vzf/uqe97pu/raw_data/all_categories/SW_YosefaExp_07_Jan_2020_0945am2247.56181079337_2248.20681274792.wav
6664,Exp_06_Mar_2020_1545pm,SW_Yosefa,474.191580638602,475.116583721946,3000.0,56,Whistle12999,/lustre/fsn1/projects/rech/vzf/uqe97pu/raw_data/all_categories/SW_YosefaExp_06_Mar_2020_1545pm474.191580638602_475.116583721946.wav
6587,Exp_09_Feb_2020_1345pm,SW_Yosefa,680.502062127461,681.26706444565,3300.0,54,Whistle12648,/lustre/fsn1/projects/rech/vzf/uqe97pu/raw_data/all_categories/SW_YosefaExp_09_Feb_2020_1345pm680.502062127461_681.26706444565.wav
7164,Exp_15_Jan_2020_0945am,SW_Yosefa,153.529794633339,153.818270243095,3300.0,60,Whistle13222,/lustre/fsn1/projects/rech/vzf/uqe97pu/raw_data/all_categories/SW_YosefaExp_15_Jan_2020_0945am153.529794633339_153.818270243095.wav
7039,Exp_01_Jan_2020_1345pm,SW_Yosefa,706.947142264067,707.902145158016,3300.0,59,Whistle13030,/lustre/fsn1/projects/rech/vzf/uqe97pu/raw_data/all_categories/SW_YosefaExp_01_Jan_2020_1345pm706.947142264067_707.902145158016.wav
7106,Exp_15_Jan_2020_1245pm,SW_Yosefa,2810.86351776824,2811.59351998036,3300.0,59,Whistle13207,/lustre/fsn1/projects/rech/vzf/uqe97pu/raw_data/all_categories/SW_YosefaExp_15_Jan_2020_1245pm2810.86351776824_2811.59351998036.wav
6691,Exp_13_Dec_2019_1345pm,SW_Yosefa,2994.97907569417,2995.36407686084,3300.0,56,Whistle13168,/lustre/fsn1/projects/rech/vzf/uqe97pu/raw_data/all_categories/SW_YosefaExp_13_Dec_2019_1345pm2994.97907569417_2995.36407686084.wav
6741,Exp_15_Feb_2020_1345pm,SW_Yosefa,2796.91347549538,2797.34347679841,3300.0,57,Whistle13204,/lustre/fsn1/projects/rech/vzf/uqe97pu/raw_data/all_categories/SW_YosefaExp_15_Feb_2020_1345pm2796.91347549538_2797.34347679841.wav
6730,Exp_17_Dec_2019_1345pm,SW_Yosefa,2069.47871265219,2070.34537931886,3300.0,57,Whistle13124,/lustre/fsn1/projects/rech/vzf/uqe97pu/raw_data/all_categories/SW_YosefaExp_17_Dec_2019_1345pm2069.47871265219_2070.34537931886.wav
7073,Exp_13_Jan_2020_0845am,SW_Yosefa,419.577341440587,420.469104202992,3300.0,59,Whistle13103,/lustre/fsn1/projects/rech/vzf/uqe97pu/raw_data/all_categories/SW_YosefaExp_13_Jan_2020_0845am419.577341440587_420.469104202992.wav
6783,Exp_04_Feb_2020_1145am,SW_Yosefa,2856.50865608684,2857.8236600717,3300.0,58,Whistle12711,/lustre/fsn1/projects/rech/vzf/uqe97pu/raw_data/all_categories/SW_YosefaExp_04_Feb_2020_1145am2856.50865608684_2857.8236600717.wav
7186,Exp_15_Feb_2020_1245pm,SW_Yosefa,2135.49147118628,2135.73147191355,3300.0,61,Whistle13270,/lustre/fsn1/projects/rech/vzf/uqe97pu/raw_data/all_categories/SW_YosefaExp_15_Feb_2020_1245pm2135.49147118628_2135.73147191355.wav
7105,Exp_15_Feb_2020_1045am,SW_Yosefa,1658.80002666675,1659.27502810615,3300.0,59,Whistle13199,/lustre/fsn1/projects/rech/vzf/uqe97pu/raw_data/all_categories/SW_YosefaExp_15_Feb_2020_1045am1658.80002666675_1659.27502810615.wav
6841,Exp_01_Feb_2020_1545pm,SW_Yosefa,457.261385640563,458.286388746633,3300.0,58,Whistle12777,/lustre/fsn1/projects/rech/vzf/uqe97pu/raw_data/all_categories/SW_YosefaExp_01_Feb_2020_1545pm457.261385640563_458.286388746633.wav
6851,Exp_06_Dec_2019_1145am,SW_Yosefa,2716.44405481352,2717.75905919686,3000.0,58,Whistle12791,/lustre/fsn1/projects/rech/vzf/uqe97pu/raw_data/all_categories/SW_YosefaExp_06_Dec_2019_1145am2716.44405481352_2717.75905919686.wav
7156,Exp_13_Dec_2019_0945am,SW_Yosefa,2289.9619392786,2290.50194091497,3300.0,60,Whistle13163,/lustre/fsn1/projects/rech/vzf/uqe97pu/raw_data/all_categories/SW_YosefaExp_13_Dec_2019_0945am2289.9619392786_2290.50194091497.wav
6815,Exp_04_Jan_2020_1345pm,SW_Yosefa,2207.53168948997,2208.84669347483,3300.0,58,Whistle12746,/lustre/fsn1/projects/rech/vzf/uqe97pu/raw_data/all_categories/SW_YosefaExp_04_Jan_2020_1345pm2207.53168948997_2208.84669347483.wav
7063,Exp_09_Mar_2020_1545pm,SW_Yosefa,890.922969743233,891.652972176574,3000.0,59,Whistle13075,/lustre/fsn1/projects/rech/vzf/uqe97pu/raw_data/all_categories/SW_YosefaExp_09_Mar_2020_1545pm890.922969743233_891.652972176574.wav
6667,Exp_07_Jan_2020_0945am,SW_Yosefa,2302.46197715751,2303.2269794757,3300.0,56,Whistle13014,/lustre/fsn1/projects/rech/vzf/uqe97pu/raw_data/all_categories/SW_YosefaExp_07_Jan_2020_0945am2302.46197715751_2303.2269794757.wav
6964,Exp_11_Dec_2019_1145am,SW_Yosefa,1109.63336252534,1110.22336431323,3300.0,58,Whistle13145,/lustre/fsn1/projects/rech/vzf/uqe97pu/raw_data/all_categories/SW_YosefaExp_11_Dec_2019_1145am1109.63336252534_1110.22336431323.wav
6776,Exp_03_Jan_2020_1145am,SW_Yosefa,1936.85586926021,1937.63587162385,3300.0,58,Whistle12700,/lustre/fsn1/projects/rech/vzf/uqe97pu/raw_data/all_categories/SW_YosefaExp_03_Jan_2020_1145am1936.85586926021_1937.63587162385.wav
7083,Exp_17_Dec_2019_1345pm,SW_Yosefa,469.78310425234,470.463776521248,3300.0,59,Whistle13123,/lustre/fsn1/projects/rech/vzf/uqe97pu/raw_data/all_categories/SW_YosefaExp_17_Dec_2019_1345pm469.78310425234_470.463776521248.wav
6764,Exp_02_Mar_2020_1345pm,SW_Yosefa,2318.61772872576,2319.93273310911,3000.0,58,Whistle12687,/lustre/fsn1/projects/rech/vzf/uqe97pu/raw_data/all_categories/SW_YosefaExp_02_Mar_2020_1345pm2318.61772872576_2319.93273310911.wav
6900,Exp_07_Dec_2019_1245pm,SW_Yosefa,2638.19299452423,2639.50799850909,3300.0,58,Whistle12846,/lustre/fsn1/projects/rech/vzf/uqe97pu/raw_data/all_categories/SW_YosefaExp_07_Dec_2019_1245pm2638.19299452423_2639.50799850909.wav
6957,Exp_02_Jan_2020_1045am,SW_Yosefa,156.30547365295,157.620477637811,3300.0,58,Whistle12919,/lustre/fsn1/projects/rech/vzf/uqe97pu/raw_data/all_categories/SW_YosefaExp_02_Jan_2020_1045am156.30547365295_157.620477637811.wav
6971,Exp_16_Dec_2019_1545pm,SW_Yosefa,1046.52526879786,1047.33812245639,3300.0,58,Whistle13271,/lustre/fsn1/projects/rech/vzf/uqe97pu/raw_data/all_categories/SW_YosefaExp_16_Dec_2019_1545pm1046.52526879786_1047.33812245639.wav
6912,Exp_07_Jan_2020_1345pm,SW_Yosefa,926.992809069118,928.017812175188,3300.0,58,Whistle12861,/lustre/fsn1/projects/rech/vzf/uqe97pu/raw_data/all_categories/SW_YosefaExp_07_Jan_2020_1345pm926.992809069118_928.017812175188.wav
6654,Exp_05_Feb_2020_1545pm,SW_Yosefa,1032.70312940342,1033.22813099434,3300.0,56,Whistle12964,/lustre/fsn1/projects/rech/vzf/uqe97pu/raw_data/all_categories/SW_YosefaExp_05_Feb_2020_1545pm1032.70312940342_1033.22813099434.wav
7046,Exp_01_Jan_2020_1345pm,SW_Yosefa,444.886348140449,445.651350458638,3300.0,59,Whistle13042,/lustre/fsn1/projects/rech/vzf/uqe97pu/raw_data/all_categories/SW_YosefaExp_01_Jan_2020_1345pm444.886348140449_445.651350458638.wav
7087,Exp_23_Nov_2019_0945am,SW_Yosefa,563.226878089594,564.013968998685,3000.0,59,Whistle13139,/lustre/fsn1/projects/rech/vzf/uqe97pu/raw_data/all_categories/SW_YosefaExp_23_Nov_2019_0945am563.226878089594_564.013968998685.wav
6753,Exp_16_Feb_2020_1545pm,SW_Yosefa,435.327732598226,436.229057686565,3300.0,57,Whistle13306,/lustre/fsn1/projects/rech/vzf/uqe97pu/raw_data/all_categories/SW_YosefaExp_16_Feb_2020_1545pm435.327732598226_436.229057686565.wav
6767,Exp_02_Mar_2020_1545pm,SW_Yosefa,502.086673622245,502.886676288921,3000.0,58,Whistle12690,/lustre/fsn1/projects/rech/vzf/uqe97pu/raw_data/all_categories/SW_YosefaExp_02_Mar_2020_1545pm502.086673622245_502.886676288921.wav
6609,Exp_03_Mar_2020_1345pm,SW_Yosefa,384.381281270938,384.906283020943,3000.0,55,Whistle12616,/lustre/fsn1/projects/rech/vzf/uqe97pu/raw_data/all_categories/SW_YosefaExp_03_Mar_2020_1345pm384.381281270938_384.906283020943.wav
6886,Exp_06_Jan_2020_1345pm,SW_Yosefa,114.525347046506,115.425349773787,3300.0,58,Whistle12829,/lustre/fsn1/projects/rech/vzf/uqe97pu/raw_data/all_categories/SW_YosefaExp_06_Jan_2020_1345pm114.525347046506_115.425349773787.wav
6622,Exp_13_Dec_2019_1545pm,SW_Yosefa,1061.64821711581,1061.96821808551,3300.0,55,Whistle13175,/lustre/fsn1/projects/rech/vzf/uqe97pu/raw_data/all_categories/SW_YosefaExp_13_Dec_2019_1545pm1061.64821711581_1061.96821808551.wav
6604,Exp_01_Jan_2020_1345pm,SW_Yosefa,1075.34325861594,1076.10826093412,3300.0,54,Whistle13039,/lustre/fsn1/projects/rech/vzf/uqe97pu/raw_data/all_categories/SW_YosefaExp_01_Jan_2020_1345pm1075.34325861594_1076.10826093412.wav
6686,Exp_09_Mar_2020_1545pm,SW_Yosefa,961.023203410678,961.753205844019,3000.0,56,Whistle13078,/lustre/fsn1/projects/rech/vzf/uqe97pu/raw_data/all_categories/SW_YosefaExp_09_Mar_2020_1545pm961.023203410678_961.753205844019.wav
6814,Exp_04_Jan_2020_1345pm,SW_Yosefa,2191.81664186861,2193.13164585347,3300.0,58,Whistle12745,/lustre/fsn1/projects/rech/vzf/uqe97pu/raw_data/all_categories/SW_YosefaExp_04_Jan_2020_1345pm2191.81664186861_2193.13164585347.wav
7185,Exp_17_Feb_2020_1345pm,SW_Yosefa,2381.67721720369,2381.92221794611,3300.0,61,Whistle13210,/lustre/fsn1/projects/rech/vzf/uqe97pu/raw_data/all_categories/SW_YosefaExp_17_Feb_2020_1345pm2381.67721720369_2381.92221794611.wav
7061,Exp_09_Jan_2020_1145am,SW_Yosefa,1017.25808260025,1018.02308491844,3300.0,59,Whistle13068,/lustre/fsn1/projects/rech/vzf/uqe97pu/raw_data/all_categories/SW_YosefaExp_09_Jan_2020_1145am1017.25808260025_1018.02308491844.wav
6810,Exp_04_Jan_2020_1345pm,SW_Yosefa,1746.2452916524,1747.56029563726,3300.0,58,Whistle12741,/lustre/fsn1/projects/rech/vzf/uqe97pu/raw_data/all_categories/SW_YosefaExp_04_Jan_2020_1345pm1746.2452916524_1747.56029563726.wav
6862,Exp_06_Dec_2019_1245pm,SW_Yosefa,825.86775289251,826.447754825849,3000.0,58,Whistle12802,/lustre/fsn1/projects/rech/vzf/uqe97pu/raw_data/all_categories/SW_YosefaExp_06_Dec_2019_1245pm825.86775289251_826.447754825849.wav
6725,Exp_10_Dec_2019_1545pm,SW_Yosefa,908.06775172046,908.562753220464,3300.0,57,Whistle13080,/lustre/fsn1/projects/rech/vzf/uqe97pu/raw_data/all_categories/SW_YosefaExp_10_Dec_2019_1545pm908.06775172046_908.562753220464.wav
7167,Exp_23_Nov_2019_1145am,SW_Yosefa,846.776763462775,847.261492526814,3000.0,60,Whistle13242,/lustre/fsn1/projects/rech/vzf/uqe97pu/raw_data/all_categories/SW_YosefaExp_23_Nov_2019_1145am846.776763462775_847.261492526814.wav
6713,Exp_07_Jan_2020_0845am,SW_Yosefa,2801.81849035906,2802.82349340453,3300.0,57,Whistle12672,/lustre/fsn1/projects/rech/vzf/uqe97pu/raw_data/all_categories/SW_YosefaExp_07_Jan_2020_0845am2801.81849035906_2802.82349340453.wav
7002,Exp_05_Feb_2020_1545pm,SW_Yosefa,1820.83051766824,1821.3605192743,3300.0,59,Whistle12963,/lustre/fsn1/projects/rech/vzf/uqe97pu/raw_data/all_categories/SW_YosefaExp_05_Feb_2020_1545pm1820.83051766824_1821.3605192743.wav
6917,Exp_01_Jan_2020_1345pm,SW_Yosefa,400.256212897615,400.901214852166,3300.0,58,Whistle12867,/lustre/fsn1/projects/rech/vzf/uqe97pu/raw_data/all_categories/SW_YosefaExp_01_Jan_2020_1345pm400.256212897615_400.901214852166.wav
6742,Exp_16_Feb_2020_1345pm,SW_Yosefa,626.896899687575,627.306900930003,3300.0,57,Whistle13213,/lustre/fsn1/projects/rech/vzf/uqe97pu/raw_data/all_categories/SW_YosefaExp_16_Feb_2020_1345pm626.896899687575_627.306900930003.wav
7023,Exp_07_Dec_2019_0945am,SW_Yosefa,2858.1436610414,2858.90866335959,3300.0,59,Whistle13004,/lustre/fsn1/projects/rech/vzf/uqe97pu/raw_data/all_categories/SW_YosefaExp_07_Dec_2019_0945am2858.1436610414_2858.90866335959.wav
6702,Exp_09_Jan_2020_1245pm,SW_Yosefa,3097.53438646784,3098.00938790724,3300.0,57,Whistle12653,/lustre/fsn1/projects/rech/vzf/uqe97pu/raw_data/all_categories/SW_YosefaExp_09_Jan_2020_1245pm3097.53438646784_3098.00938790724.wav
6845,Exp_05_Jan_2020_1345pm,SW_Yosefa,1226.37371628399,1227.67872023855,3300.0,58,Whistle12781,/lustre/fsn1/projects/rech/vzf/uqe97pu/raw_data/all_categories/SW_YosefaExp_05_Jan_2020_1345pm1226.37371628399_1227.67872023855.wav
6685,Exp_09_Mar_2020_1545pm,SW_Yosefa,906.178020593402,906.818022726742,3000.0,56,Whistle13076,/lustre/fsn1/projects/rech/vzf/uqe97pu/raw_data/all_categories/SW_YosefaExp_09_Mar_2020_1545pm906.178020593402_906.818022726742.wav
7014,Exp_06_Jan_2020_0845am,SW_Yosefa,142.750432577068,143.795435743745,3300.0,59,Whistle12991,/lustre/fsn1/projects/rech/vzf/uqe97pu/raw_data/all_categories/SW_YosefaExp_06_Jan_2020_0845am142.750432577068_143.795435743745.wav
7075,Exp_15_Feb_2020_0945am,SW_Yosefa,197.961898581904,198.933164815671,3300.0,59,Whistle13107,/lustre/fsn1/projects/rech/vzf/uqe97pu/raw_data/all_categories/SW_YosefaExp_15_Feb_2020_0945am197.961898581904_198.933164815671.wav
6893,Exp_07_Dec_2019_0845am,SW_Yosefa,2257.92684220255,2259.24184618741,3300.0,58,Whistle12836,/lustre/fsn1/projects/rech/vzf/uqe97pu/raw_data/all_categories/SW_YosefaExp_07_Dec_2019_0845am2257.92684220255_2259.24184618741.wav
6705,Exp_06_Dec_2019_1145am,SW_Yosefa,2718.64406281354,2719.64489859067,3000.0,57,Whistle12662,/lustre/fsn1/projects/rech/vzf/uqe97pu/raw_data/all_categories/SW_YosefaExp_06_Dec_2019_1145am2718.64406281354_2719.64489859067.wav
6693,Exp_12_Dec_2019_1045am,SW_Yosefa,1563.950553483,1564.74667751401,3300.0,56,Whistle13290,/lustre/fsn1/projects/rech/vzf/uqe97pu/raw_data/all_categories/SW_YosefaExp_12_Dec_2019_1045am1563.950553483_1564.74667751401.wav
6755,Exp_09_Feb_2020_1345pm,SW_Yosefa,920.702790008455,921.467792326643,3300.0,58,Whistle12649,/lustre/fsn1/projects/rech/vzf/uqe97pu/raw_data/all_categories/SW_YosefaExp_09_Feb_2020_1345pm920.702790008455_921.467792326643.wav
7128,Exp_03_Jan_2020_1045am,SW_Yosefa,2296.21695823321,2297.24196133928,3300.0,60,Whistle12698,/lustre/fsn1/projects/rech/vzf/uqe97pu/raw_data/all_categories/SW_YosefaExp_03_Jan_2020_1045am2296.21695823321_2297.24196133928.wav
6988,Exp_04_Feb_2020_1145am,SW_Yosefa,617.226870384456,618.186873293555,3300.0,59,Whistle12940,/lustre/fsn1/projects/rech/vzf/uqe97pu/raw_data/all_categories/SW_YosefaExp_04_Feb_2020_1145am617.226870384456_618.186873293555.wav
6589,Exp_05_Dec_2019_1245pm,SW_Yosefa,2436.97312324374,2437.40812469375,3000.0,54,Whistle12760,/lustre/fsn1/projects/rech/vzf/uqe97pu/raw_data/all_categories/SW_YosefaExp_05_Dec_2019_1245pm2436.97312324374_2437.40812469375.wav
6909,Exp_07_Jan_2020_1045am,SW_Yosefa,3058.2992681796,3058.89847750675,3300.0,58,Whistle12857,/lustre/fsn1/projects/rech/vzf/uqe97pu/raw_data/all_categories/SW_YosefaExp_07_Jan_2020_1045am3058.2992681796_3058.89847750675.wav
7097,Exp_12_Dec_2019_1245pm,SW_Yosefa,2862.56867445053,2863.1286761475,3300.0,59,Whistle13159,/lustre/fsn1/projects/rech/vzf/uqe97pu/raw_data/all_categories/SW_YosefaExp_12_Dec_2019_1245pm2862.56867445053_2863.1286761475.wav
7136,Exp_05_Jan_2020_1345pm,SW_Yosefa,314.355952593796,314.845954078649,3300.0,60,Whistle12783,/lustre/fsn1/projects/rech/vzf/uqe97pu/raw_data/all_categories/SW_YosefaExp_05_Jan_2020_1345pm314.355952593796_314.845954078649.wav
6745,Exp_23_Nov_2019_1145am,SW_Yosefa,1199.68899896333,1200.29900099667,3000.0,57,Whistle13243,/lustre/fsn1/projects/rech/vzf/uqe97pu/raw_data/all_categories/SW_YosefaExp_23_Nov_2019_1145am1199.68899896333_1200.29900099667.wav
7066,Exp_10_Mar_2020_0945am,SW_Yosefa,275.165917219724,275.820919403065,3000.0,59,Whistle13081,/lustre/fsn1/projects/rech/vzf/uqe97pu/raw_data/all_categories/SW_YosefaExp_10_Mar_2020_0945am275.165917219724_275.820919403065.wav
7074,Exp_13_Jan_2020_1045am,SW_Yosefa,2256.85332843879,2258.1308958371,3300.0,59,Whistle13104,/lustre/fsn1/projects/rech/vzf/uqe97pu/raw_data/all_categories/SW_YosefaExp_13_Jan_2020_1045am2256.85332843879_2258.1308958371.wav
7048,Exp_09_Dec_2019_1245pm,SW_Yosefa,1224.32371007185,1225.32871311731,3300.0,59,Whistle13045,/lustre/fsn1/projects/rech/vzf/uqe97pu/raw_data/all_categories/SW_YosefaExp_09_Dec_2019_1245pm1224.32371007185_1225.32871311731.wav
6717,Exp_02_Feb_2020_1545pm,SW_Yosefa,234.000709093058,234.52071066882,3300.0,57,Whistle12680,/lustre/fsn1/projects/rech/vzf/uqe97pu/raw_data/all_categories/SW_YosefaExp_02_Feb_2020_1545pm234.000709093058_234.52071066882.wav
6771,Exp_03_Feb_2020_1345pm,SW_Yosefa,168.370510213667,169.285512986403,3300.0,58,Whistle12694,/lustre/fsn1/projects/rech/vzf/uqe97pu/raw_data/all_categories/SW_YosefaExp_03_Feb_2020_1345pm168.370510213667_169.285512986403.wav
7022,Exp_06_Mar_2020_1545pm,SW_Yosefa,400.676335587785,401.441338137794,3000.0,59,Whistle13001,/lustre/fsn1/projects/rech/vzf/uqe97pu/raw_data/all_categories/SW_YosefaExp_06_Mar_2020_1545pm400.676335587785_401.441338137794.wav
6980,Exp_02_Mar_2020_1145am,SW_Yosefa,173.510578368595,174.275580918603,3000.0,59,Whistle12925,/lustre/fsn1/projects/rech/vzf/uqe97pu/raw_data/all_categories/SW_YosefaExp_02_Mar_2020_1145am173.510578368595_174.275580918603.wav
7030,Exp_07_Jan_2020_1345pm,SW_Yosefa,2206.37168597481,2207.32668886875,3300.0,59,Whistle13018,/lustre/fsn1/projects/rech/vzf/uqe97pu/raw_data/all_categories/SW_YosefaExp_07_Jan_2020_1345pm2206.37168597481_2207.32668886875.wav
6976,Exp_09_Jan_2020_1145am,SW_Yosefa,455.256379564787,455.831381307216,3300.0,59,Whistle12676,/lustre/fsn1/projects/rech/vzf/uqe97pu/raw_data/all_categories/SW_YosefaExp_09_Jan_2020_1145am455.256379564787_455.831381307216.wav
7113,Exp_21_Nov_2019_1345pm,SW_Yosefa,260.535723710344,261.305725849238,3600.0,59,Whistle13246,/lustre/fsn1/projects/rech/vzf/uqe97pu/raw_data/all_categories/SW_YosefaExp_21_Nov_2019_1345pm260.535723710344_261.305725849238.wav
7155,Exp_11_Jan_2020_0945am,SW_Yosefa,671.677035384956,671.957036233443,3300.0,60,Whistle13151,/lustre/fsn1/projects/rech/vzf/uqe97pu/raw_data/all_categories/SW_YosefaExp_11_Jan_2020_0945am671.677035384956_671.957036233443.wav
7123,Exp_17_Dec_2019_1545pm,SW_Yosefa,143.180433880103,143.765435652835,3300.0,59,Whistle13283,/lustre/fsn1/projects/rech/vzf/uqe97pu/raw_data/all_categories/SW_YosefaExp_17_Dec_2019_1545pm143.180433880103_143.765435652835.wav
7051,Exp_09_Feb_2020_0945am,SW_Yosefa,1975.54098648784,1976.535989503,3300.0,59,Whistle13049,/lustre/fsn1/projects/rech/vzf/uqe97pu/raw_data/all_categories/SW_YosefaExp_09_Feb_2020_0945am1975.54098648784_1976.535989503.wav
7037,Exp_07_Mar_2020_1145am,SW_Yosefa,101.505338351128,102.510341701139,3000.0,59,Whistle13028,/lustre/fsn1/projects/rech/vzf/uqe97pu/raw_data/all_categories/SW_YosefaExp_07_Mar_2020_1145am101.505338351128_102.510341701139.wav
7132,Exp_04_Jan_2020_0945am,SW_Yosefa,1270.20884911772,1270.62885039046,3300.0,60,Whistle12722,/lustre/fsn1/projects/rech/vzf/uqe97pu/raw_data/all_categories/SW_YosefaExp_04_Jan_2020_0945am1270.20884911772_1270.62885039046.wav
7112,Exp_23_Nov_2019_1545pm,SW_Yosefa,562.036873456245,562.546875156251,3000.0,59,Whistle13244,/lustre/fsn1/projects/rech/vzf/uqe97pu/raw_data/all_categories/SW_YosefaExp_23_Nov_2019_1545pm562.036873456245_562.546875156251.wav
6825,Exp_04_Mar_2020_1545pm,SW_Yosefa,695.837319457732,697.152323841079,3000.0,58,Whistle12757,/lustre/fsn1/projects/rech/vzf/uqe97pu/raw_data/all_categories/SW_YosefaExp_04_Mar_2020_1545pm695.837319457732_697.152323841079.wav
6756,Exp_01_Feb_2020_1145am,SW_Yosefa,2852.46893785953,2853.37422195044,3300.0,58,Whistle12657,/lustre/fsn1/projects/rech/vzf/uqe97pu/raw_data/all_categories/SW_YosefaExp_01_Feb_2020_1145am2852.46893785953_2853.37422195044.wav
7141,Exp_07_Dec_2019_0945am,SW_Yosefa,2239.05178500541,2240.07678811148,3300.0,60,Whistle12842,/lustre/fsn1/projects/rech/vzf/uqe97pu/raw_data/all_categories/SW_YosefaExp_07_Dec_2019_0945am2239.05178500541_2240.07678811148.wav
6981,Exp_02_Mar_2020_1545pm,SW_Yosefa,158.795529318431,159.30053100177,3000.0,59,Whistle12927,/lustre/fsn1/projects/rech/vzf/uqe97pu/raw_data/all_categories/SW_YosefaExp_02_Mar_2020_1545pm158.795529318431_159.30053100177.wav
6596,Exp_05_Jan_2020_1145am,SW_Yosefa,2447.35241621944,2447.7074172952,3300.0,54,Whistle12969,/lustre/fsn1/projects/rech/vzf/uqe97pu/raw_data/all_categories/SW_YosefaExp_05_Jan_2020_1145am2447.35241621944_2447.7074172952.wav
6859,Exp_06_Dec_2019_1245pm,SW_Yosefa,489.856632855443,490.82163607212,3000.0,58,Whistle12799,/lustre/fsn1/projects/rech/vzf/uqe97pu/raw_data/all_categories/SW_YosefaExp_06_Dec_2019_1245pm489.856632855443_490.82163607212.wav
6828,Exp_05_Dec_2019_1245pm,SW_Yosefa,2759.40919803066,2760.17420058067,3000.0,58,Whistle12761,/lustre/fsn1/projects/rech/vzf/uqe97pu/raw_data/all_categories/SW_YosefaExp_05_Dec_2019_1245pm2759.40919803066_2760.17420058067.wav
6607,Exp_13_Dec_2019_1345pm,SW_Yosefa,2994.44407407295,2994.65407470932,3300.0,54,Whistle13173,/lustre/fsn1/projects/rech/vzf/uqe97pu/raw_data/all_categories/SW_YosefaExp_13_Dec_2019_1345pm2994.44407407295_2994.65407470932.wav
6671,Exp_09_Feb_2020_0945am,SW_Yosefa,1156.37850417729,1157.14350649547,3300.0,56,Whistle13050,/lustre/fsn1/projects/rech/vzf/uqe97pu/raw_data/all_categories/SW_YosefaExp_09_Feb_2020_0945am1156.37850417729_1157.14350649547.wav
6821,Exp_04_Jan_2020_1345pm,SW_Yosefa,2215.6417140658,2216.40671638399,3300.0,58,Whistle12753,/lustre/fsn1/projects/rech/vzf/uqe97pu/raw_data/all_categories/SW_YosefaExp_04_Jan_2020_1345pm2215.6417140658_2216.40671638399.wav
6712,Exp_06_Jan_2020_0945am,SW_Yosefa,896.262715947624,897.182718735511,3300.0,57,Whistle12669,/lustre/fsn1/projects/rech/vzf/uqe97pu/raw_data/all_categories/SW_YosefaExp_06_Jan_2020_0945am896.262715947624_897.182718735511.wav
6837,Exp_05_Feb_2020_1545pm,SW_Yosefa,2997.88908451238,2998.85408743663,3300.0,58,Whistle12773,/lustre/fsn1/projects/rech/vzf/uqe97pu/raw_data/all_categories/SW_YosefaExp_05_Feb_2020_1545pm2997.88908451238_2998.85408743663.wav
6826,Exp_05_Dec_2019_1145am,SW_Yosefa,2277.13759045863,2278.10759369198,3000.0,58,Whistle12758,/lustre/fsn1/projects/rech/vzf/uqe97pu/raw_data/all_categories/SW_YosefaExp_05_Dec_2019_1145am2277.13759045863_2278.10759369198.wav
7147,Exp_08_Jan_2020_1345pm,SW_Yosefa,2048.38620723093,2049.411210337,3300.0,60,Whistle12887,/lustre/fsn1/projects/rech/vzf/uqe97pu/raw_data/all_categories/SW_YosefaExp_08_Jan_2020_1345pm2048.38620723093_2049.411210337.wav
7102,Exp_27_Nov_2019_1145am,SW_Yosefa,1562.57020856736,1563.0152100507,3000.0,59,Whistle13192,/lustre/fsn1/projects/rech/vzf/uqe97pu/raw_data/all_categories/SW_YosefaExp_27_Nov_2019_1145am1562.57020856736_1563.0152100507.wav
7110,Exp_16_Jan_2020_1345pm,SW_Yosefa,138.255418955815,139.345422258855,3300.0,59,Whistle13231,/lustre/fsn1/projects/rech/vzf/uqe97pu/raw_data/all_categories/SW_YosefaExp_16_Jan_2020_1345pm138.255418955815_139.345422258855.wav
7011,Exp_06_Feb_2020_1145am,SW_Yosefa,572.071733550708,573.076736596171,3300.0,59,Whistle12987,/lustre/fsn1/projects/rech/vzf/uqe97pu/raw_data/all_categories/SW_YosefaExp_06_Feb_2020_1145am572.071733550708_573.076736596171.wav
6796,Exp_04_Jan_2020_1045am,SW_Yosefa,3211.65473228707,3212.39973454465,3300.0,58,Whistle12726,/lustre/fsn1/projects/rech/vzf/uqe97pu/raw_data/all_categories/SW_YosefaExp_04_Jan_2020_1045am3211.65473228707_3212.39973454465.wav
6590,Exp_07_Jan_2020_1045am,SW_Yosefa,1885.62571401732,1886.3907163355,3300.0,54,Whistle12858,/lustre/fsn1/projects/rech/vzf/uqe97pu/raw_data/all_categories/SW_YosefaExp_07_Jan_2020_1045am1885.62571401732_1886.3907163355.wav
7032,Exp_01_Jan_2020_1345pm,SW_Yosefa,57.2051733490101,58.1801763035646,3300.0,59,Whistle13022,/lustre/fsn1/projects/rech/vzf/uqe97pu/raw_data/all_categories/SW_YosefaExp_01_Jan_2020_1345pm57.2051733490101_58.1801763035646.wav
6806,Exp_04_Jan_2020_1345pm,SW_Yosefa,1510.5145773169,1511.82958130176,3300.0,58,Whistle12737,/lustre/fsn1/projects/rech/vzf/uqe97pu/raw_data/all_categories/SW_YosefaExp_04_Jan_2020_1345pm1510.5145773169_1511.82958130176.wav
7153,Exp_17_Feb_2020_1345pm,SW_Yosefa,2148.58066919315,2148.98967909414,3300.0,60,Whistle13129,/lustre/fsn1/projects/rech/vzf/uqe97pu/raw_data/all_categories/SW_YosefaExp_17_Feb_2020_1345pm2148.58066919315_2148.98967909414.wav
6924,Exp_08_Dec_2019_1545pm,SW_Yosefa,414.821257034112,415.80626001897,3300.0,58,Whistle12876,/lustre/fsn1/projects/rech/vzf/uqe97pu/raw_data/all_categories/SW_YosefaExp_08_Dec_2019_1545pm414.821257034112_415.80626001897.wav
7196,Exp_07_Jan_2020_1345pm,SW_Yosefa,1087.14386069721,1087.78838837683,3300.0,61,Whistle13092,/lustre/fsn1/projects/rech/vzf/uqe97pu/raw_data/all_categories/SW_YosefaExp_07_Jan_2020_1345pm1087.14386069721_1087.78838837683.wav
6624,Exp_16_Nov_2019_1045am,SW_Yosefa,2915.51809866138,2915.93309981417,3600.0,55,Whistle13236,/lustre/fsn1/projects/rech/vzf/uqe97pu/raw_data/all_categories/SW_YosefaExp_16_Nov_2019_1045am2915.51809866138_2915.93309981417.wav
7119,Exp_17_Jan_2020_1045am,SW_Yosefa,708.867148082267,709.447149839848,3300.0,59,Whistle13266,/lustre/fsn1/projects/rech/vzf/uqe97pu/raw_data/all_categories/SW_YosefaExp_17_Jan_2020_1045am708.867148082267_709.447149839848.wav
7077,Exp_16_Feb_2020_1545pm,SW_Yosefa,1545.07468204449,1545.52468340813,3300.0,59,Whistle13111,/lustre/fsn1/projects/rech/vzf/uqe97pu/raw_data/all_categories/SW_YosefaExp_16_Feb_2020_1545pm1545.07468204449_1545.52468340813.wav
6935,Exp_01_Jan_2020_1545pm,SW_Yosefa,423.121282185704,423.856284412983,3300.0,58,Whistle12889,/lustre/fsn1/projects/rech/vzf/uqe97pu/raw_data/all_categories/SW_YosefaExp_01_Jan_2020_1545pm423.121282185704_423.856284412983.wav
6875,Exp_06_Jan_2020_0845am,SW_Yosefa,273.810829729787,274.760832608584,3300.0,58,Whistle12817,/lustre/fsn1/projects/rech/vzf/uqe97pu/raw_data/all_categories/SW_YosefaExp_06_Jan_2020_0845am273.810829729787_274.760832608584.wav
6861,Exp_06_Dec_2019_1245pm,SW_Yosefa,88.0102933676445,89.0302967676559,3000.0,58,Whistle12801,/lustre/fsn1/projects/rech/vzf/uqe97pu/raw_data/all_categories/SW_YosefaExp_06_Dec_2019_1245pm88.0102933676445_89.0302967676559.wav
7157,Exp_14_Feb_2020_1145am,SW_Yosefa,222.015672774766,222.305673653557,3300.0,60,Whistle13183,/lustre/fsn1/projects/rech/vzf/uqe97pu/raw_data/all_categories/SW_YosefaExp_14_Feb_2020_1145am222.015672774766_222.305673653557.wav
6844,Exp_05_Jan_2020_1345pm,SW_Yosefa,1213.19367634447,1214.50868032933,3300.0,58,Whistle12780,/lustre/fsn1/projects/rech/vzf/uqe97pu/raw_data/all_categories/SW_YosefaExp_05_Jan_2020_1345pm1213.19367634447_1214.50868032933.wav
6838,Exp_05_Jan_2020_1045am,SW_Yosefa,1040.82815402471,1042.14315800957,3300.0,58,Whistle12774,/lustre/fsn1/projects/rech/vzf/uqe97pu/raw_data/all_categories/SW_YosefaExp_05_Jan_2020_1045am1040.82815402471_1042.14315800957.wav
6692,Exp_14_Dec_2019_0945am,SW_Yosefa,1237.09374876894,1238.03875163258,3300.0,56,Whistle13179,/lustre/fsn1/projects/rech/vzf/uqe97pu/raw_data/all_categories/SW_YosefaExp_14_Dec_2019_0945am1237.09374876894_1238.03875163258.wav
6987,Exp_03_Jan_2020_1045am,SW_Yosefa,1097.58332601008,1098.32332825251,3300.0,59,Whistle12937,/lustre/fsn1/projects/rech/vzf/uqe97pu/raw_data/all_categories/SW_YosefaExp_03_Jan_2020_1045am1097.58332601008_1098.32332825251.wav
7131,Exp_04_Feb_2020_1245pm,SW_Yosefa,2582.29282512977,2582.70782638735,3300.0,60,Whistle12718,/lustre/fsn1/projects/rech/vzf/uqe97pu/raw_data/all_categories/SW_YosefaExp_04_Feb_2020_1245pm2582.29282512977_2582.70782638735.wav
6627,Exp_17_Feb_2020_1145am,SW_Yosefa,2954.8489546938,2955.68875854318,3300.0,55,Whistle13305,/lustre/fsn1/projects/rech/vzf/uqe97pu/raw_data/all_categories/SW_YosefaExp_17_Feb_2020_1145am2954.8489546938_2955.68875854318.wav
6793,Exp_04_Jan_2020_1045am,SW_Yosefa,1468.2444492256,1469.55945321046,3300.0,58,Whistle12723,/lustre/fsn1/projects/rech/vzf/uqe97pu/raw_data/all_categories/SW_YosefaExp_04_Jan_2020_1045am1468.2444492256_1469.55945321046.wav
6929,Exp_08_Jan_2020_1245pm,SW_Yosefa,2600.65288076631,2601.67788387238,3300.0,58,Whistle12881,/lustre/fsn1/projects/rech/vzf/uqe97pu/raw_data/all_categories/SW_YosefaExp_08_Jan_2020_1245pm2600.65288076631_2601.67788387238.wav
6602,Exp_07_Jan_2020_1045am,SW_Yosefa,2529.69266573535,2530.45766805354,3300.0,54,Whistle13016,/lustre/fsn1/projects/rech/vzf/uqe97pu/raw_data/all_categories/SW_YosefaExp_07_Jan_2020_1045am2529.69266573535_2530.45766805354.wav
6937,Exp_01_Jan_2020_1545pm,SW_Yosefa,625.846896505747,626.386898142116,3300.0,58,Whistle12892,/lustre/fsn1/projects/rech/vzf/uqe97pu/raw_data/all_categories/SW_YosefaExp_01_Jan_2020_1545pm625.846896505747_626.386898142116.wav
6930,Exp_08_Jan_2020_1245pm,SW_Yosefa,1593.10482819645,1594.1370720127,3300.0,58,Whistle12882,/lustre/fsn1/projects/rech/vzf/uqe97pu/raw_data/all_categories/SW_YosefaExp_08_Jan_2020_1245pm1593.10482819645_1594.1370720127.wav
6678,Exp_09_Jan_2020_0945am,SW_Yosefa,331.351004093952,332.116006412141,3300.0,56,Whistle13060,/lustre/fsn1/projects/rech/vzf/uqe97pu/raw_data/all_categories/SW_YosefaExp_09_Jan_2020_0945am331.351004093952_332.116006412141.wav
7081,Exp_17_Dec_2019_0945am,SW_Yosefa,904.934102536105,905.774927412702,3300.0,59,Whistle13120,/lustre/fsn1/projects/rech/vzf/uqe97pu/raw_data/all_categories/SW_YosefaExp_17_Dec_2019_0945am904.934102536105_905.774927412702.wav
7135,Exp_05_Feb_2020_1345pm,SW_Yosefa,32.465098379086,32.9950999851515,3300.0,60,Whistle12766,/lustre/fsn1/projects/rech/vzf/uqe97pu/raw_data/all_categories/SW_YosefaExp_05_Feb_2020_1345pm32.465098379086_32.9950999851515.wav
6610,Exp_04_Feb_2020_1145am,SW_Yosefa,366.571110821548,367.576113867012,3300.0,55,Whistle12617,/lustre/fsn1/projects/rech/vzf/uqe97pu/raw_data/all_categories/SW_YosefaExp_04_Feb_2020_1145am366.571110821548_367.576113867012.wav
6763,Exp_02_Mar_2020_1345pm,SW_Yosefa,2317.05272350908,2317.72272574242,3000.0,58,Whistle12686,/lustre/fsn1/projects/rech/vzf/uqe97pu/raw_data/all_categories/SW_YosefaExp_02_Mar_2020_1345pm2317.05272350908_2317.72272574242.wav
6928,Exp_08_Jan_2020_0945am,SW_Yosefa,2706.35820108546,2706.99820302486,3300.0,58,Whistle12880,/lustre/fsn1/projects/rech/vzf/uqe97pu/raw_data/all_categories/SW_YosefaExp_08_Jan_2020_0945am2706.35820108546_2706.99820302486.wav
6707,Exp_06_Dec_2019_1245pm,SW_Yosefa,103.115343717812,104.120347067824,3000.0,57,Whistle12664,/lustre/fsn1/projects/rech/vzf/uqe97pu/raw_data/all_categories/SW_YosefaExp_06_Dec_2019_1245pm103.115343717812_104.120347067824.wav
6901,Exp_07_Dec_2019_1245pm,SW_Yosefa,2271.79688423298,2272.82188733905,3300.0,58,Whistle12848,/lustre/fsn1/projects/rech/vzf/uqe97pu/raw_data/all_categories/SW_YosefaExp_07_Dec_2019_1245pm2271.79688423298_2272.82188733905.wav
6842,Exp_05_Jan_2020_1145am,SW_Yosefa,3168.44960136243,3169.21460368062,3300.0,58,Whistle12778,/lustre/fsn1/projects/rech/vzf/uqe97pu/raw_data/all_categories/SW_YosefaExp_05_Jan_2020_1145am3168.44960136243_3169.21460368062.wav
6934,Exp_08_Jan_2020_1345pm,SW_Yosefa,2186.05162439886,2186.89162694432,3300.0,58,Whistle12888,/lustre/fsn1/projects/rech/vzf/uqe97pu/raw_data/all_categories/SW_YosefaExp_08_Jan_2020_1345pm2186.05162439886_2186.89162694432.wav
6706,Exp_06_Dec_2019_1245pm,SW_Yosefa,128.200427334758,129.205430684769,3000.0,57,Whistle12663,/lustre/fsn1/projects/rech/vzf/uqe97pu/raw_data/all_categories/SW_YosefaExp_06_Dec_2019_1245pm128.200427334758_129.205430684769.wav
6829,Exp_05_Dec_2019_1545pm,SW_Yosefa,650.202167340558,650.927169757233,3000.0,58,Whistle12762,/lustre/fsn1/projects/rech/vzf/uqe97pu/raw_data/all_categories/SW_YosefaExp_05_Dec_2019_1545pm650.202167340558_650.927169757233.wav
6811,Exp_04_Jan_2020_1345pm,SW_Yosefa,2157.11153670163,2158.42654068649,3300.0,58,Whistle12742,/lustre/fsn1/projects/rech/vzf/uqe97pu/raw_data/all_categories/SW_YosefaExp_04_Jan_2020_1345pm2157.11153670163_2158.42654068649.wav
6718,Exp_03_Jan_2020_1145am,SW_Yosefa,365.946108927603,366.491110579123,3300.0,57,Whistle12939,/lustre/fsn1/projects/rech/vzf/uqe97pu/raw_data/all_categories/SW_YosefaExp_03_Jan_2020_1145am365.946108927603_366.491110579123.wav
7137,Exp_05_Mar_2020_1345pm,SW_Yosefa,9.41003136677122,9.83003276677589,3000.0,60,Whistle12786,/lustre/fsn1/projects/rech/vzf/uqe97pu/raw_data/all_categories/SW_YosefaExp_05_Mar_2020_1345pm9.41003136677122_9.83003276677589.wav
7130,Exp_04_Feb_2020_0845am,SW_Yosefa,1515.38594519468,1516.10063166333,3300.0,60,Whistle12705,/lustre/fsn1/projects/rech/vzf/uqe97pu/raw_data/all_categories/SW_YosefaExp_04_Feb_2020_0845am1515.38594519468_1516.10063166333.wav
6629,Exp_05_Feb_2020_1545pm,SW_Yosefa,1013.66807172143,1014.43307403962,3300.0,56,Whistle12622,/lustre/fsn1/projects/rech/vzf/uqe97pu/raw_data/all_categories/SW_YosefaExp_05_Feb_2020_1545pm1013.66807172143_1014.43307403962.wav
7056,Exp_09_Jan_2020_0945am,SW_Yosefa,1700.81515398532,1701.5801563035,3300.0,59,Whistle13063,/lustre/fsn1/projects/rech/vzf/uqe97pu/raw_data/all_categories/SW_YosefaExp_09_Jan_2020_0945am1700.81515398532_1701.5801563035.wav
6724,Exp_01_Jan_2020_1345pm,SW_Yosefa,29.4650892881494,30.4000921214913,3300.0,57,Whistle13021,/lustre/fsn1/projects/rech/vzf/uqe97pu/raw_data/all_categories/SW_YosefaExp_01_Jan_2020_1345pm29.4650892881494_30.4000921214913.wav
6773,Exp_01_Feb_2020_1145am,SW_Yosefa,3013.68913239131,3014.23913405798,3300.0,58,Whistle12696,/lustre/fsn1/projects/rech/vzf/uqe97pu/raw_data/all_categories/SW_YosefaExp_01_Feb_2020_1145am3013.68913239131_3014.23913405798.wav
7024,Exp_07_Dec_2019_0945am,SW_Yosefa,2902.64379589029,2903.1687974812,3300.0,59,Whistle13005,/lustre/fsn1/projects/rech/vzf/uqe97pu/raw_data/all_categories/SW_YosefaExp_07_Dec_2019_0945am2902.64379589029_2903.1687974812.wav
6768,Exp_02_Mar_2020_1545pm,SW_Yosefa,580.696935656452,581.456938189794,3000.0,58,Whistle12691,/lustre/fsn1/projects/rech/vzf/uqe97pu/raw_data/all_categories/SW_YosefaExp_02_Mar_2020_1545pm580.696935656452_581.456938189794.wav
6634,Exp_06_Feb_2020_1345pm,SW_Yosefa,1299.908939118,1300.45394076952,3300.0,56,Whistle12632,/lustre/fsn1/projects/rech/vzf/uqe97pu/raw_data/all_categories/SW_YosefaExp_06_Feb_2020_1345pm1299.908939118_1300.45394076952.wav
7199,Exp_13_Dec_2019_1345pm,SW_Yosefa,2825.80856305625,2826.15856411686,3300.0,61,Whistle13167,/lustre/fsn1/projects/rech/vzf/uqe97pu/raw_data/all_categories/SW_YosefaExp_13_Dec_2019_1345pm2825.80856305625_2826.15856411686.wav
6876,Exp_06_Jan_2020_0845am,SW_Yosefa,1900.07075779017,1900.83576010836,3300.0,58,Whistle12819,/lustre/fsn1/projects/rech/vzf/uqe97pu/raw_data/all_categories/SW_YosefaExp_06_Jan_2020_0845am1900.07075779017_1900.83576010836.wav
7093,Exp_11_Jan_2020_0945am,SW_Yosefa,403.166221715823,403.681223276434,3300.0,59,Whistle13150,/lustre/fsn1/projects/rech/vzf/uqe97pu/raw_data/all_categories/SW_YosefaExp_11_Jan_2020_0945am403.166221715823_403.681223276434.wav
6863,Exp_06_Dec_2019_1345pm,SW_Yosefa,342.521141737139,343.576145253818,3000.0,58,Whistle12803,/lustre/fsn1/projects/rech/vzf/uqe97pu/raw_data/all_categories/SW_YosefaExp_06_Dec_2019_1345pm342.521141737139_343.576145253818.wav
6735,Exp_13_Dec_2019_0945am,SW_Yosefa,2286.60692911191,2287.35193136949,3300.0,57,Whistle13162,/lustre/fsn1/projects/rech/vzf/uqe97pu/raw_data/all_categories/SW_YosefaExp_13_Dec_2019_0945am2286.60692911191_2287.35193136949.wav
6889,Exp_06_Mar_2020_1345pm,SW_Yosefa,1329.88443294811,1330.57943526478,3000.0,58,Whistle12832,/lustre/fsn1/projects/rech/vzf/uqe97pu/raw_data/all_categories/SW_YosefaExp_06_Mar_2020_1345pm1329.88443294811_1330.57943526478.wav
7142,Exp_07_Dec_2019_0945am,SW_Yosefa,403.966224140073,404.991227246143,3300.0,60,Whistle12843,/lustre/fsn1/projects/rech/vzf/uqe97pu/raw_data/all_categories/SW_YosefaExp_07_Dec_2019_0945am403.966224140073_404.991227246143.wav
6834,Exp_05_Feb_2020_1545pm,SW_Yosefa,103.195312713069,104.250315910048,3300.0,58,Whistle12770,/lustre/fsn1/projects/rech/vzf/uqe97pu/raw_data/all_categories/SW_YosefaExp_05_Feb_2020_1545pm103.195312713069_104.250315910048.wav
6884,Exp_06_Jan_2020_0945am,SW_Yosefa,3272.15991563611,3273.18491874218,3300.0,58,Whistle12827,/lustre/fsn1/projects/rech/vzf/uqe97pu/raw_data/all_categories/SW_YosefaExp_06_Jan_2020_0945am3272.15991563611_3273.18491874218.wav
6770,Exp_03_Feb_2020_0945am,SW_Yosefa,1968.72596583626,1969.48096812415,3300.0,58,Whistle12693,/lustre/fsn1/projects/rech/vzf/uqe97pu/raw_data/all_categories/SW_YosefaExp_03_Feb_2020_0945am1968.72596583626_1969.48096812415.wav
7015,Exp_06_Jan_2020_0845am,SW_Yosefa,200.070606274564,200.835608592753,3300.0,59,Whistle12993,/lustre/fsn1/projects/rech/vzf/uqe97pu/raw_data/all_categories/SW_YosefaExp_06_Jan_2020_0845am200.070606274564_200.835608592753.wav
7016,Exp_06_Jan_2020_0845am,SW_Yosefa,212.340643456495,213.105645774684,3300.0,59,Whistle12994,/lustre/fsn1/projects/rech/vzf/uqe97pu/raw_data/all_categories/SW_YosefaExp_06_Jan_2020_0845am212.340643456495_213.105645774684.wav
7058,Exp_09_Jan_2020_1145am,SW_Yosefa,709.217149142876,709.937151324701,3300.0,59,Whistle13065,/lustre/fsn1/projects/rech/vzf/uqe97pu/raw_data/all_categories/SW_YosefaExp_09_Jan_2020_1145am709.217149142876_709.937151324701.wav
7029,Exp_07_Jan_2020_0845am,SW_Yosefa,2980.29903120919,2981.06403352737,3300.0,59,Whistle13013,/lustre/fsn1/projects/rech/vzf/uqe97pu/raw_data/all_categories/SW_YosefaExp_07_Jan_2020_0845am2980.29903120919_2981.06403352737.wav
7125,Exp_21_Nov_2019_1345pm,SW_Yosefa,435.101208614468,435.881210781141,3600.0,59,Whistle13247,/lustre/fsn1/projects/rech/vzf/uqe97pu/raw_data/all_categories/SW_YosefaExp_21_Nov_2019_1345pm435.101208614468_435.881210781141.wav
6951,Exp_09_Mar_2020_1545pm,SW_Yosefa,300.651002170007,301.18100393668,3000.0,58,Whistle12912,/lustre/fsn1/projects/rech/vzf/uqe97pu/raw_data/all_categories/SW_YosefaExp_09_Mar_2020_1545pm300.651002170007_301.18100393668.wav
6874,Exp_06_Jan_2020_0845am,SW_Yosefa,1902.2257643205,1903.5057681993,3300.0,58,Whistle12816,/lustre/fsn1/projects/rech/vzf/uqe97pu/raw_data/all_categories/SW_YosefaExp_06_Jan_2020_0845am1902.2257643205_1903.5057681993.wav
6640,Exp_07_Jan_2020_0945am,SW_Yosefa,2247.04680923276,2248.20681274792,3300.0,56,Whistle12641,/lustre/fsn1/projects/rech/vzf/uqe97pu/raw_data/all_categories/SW_YosefaExp_07_Jan_2020_0945am2247.04680923276_2248.20681274792.wav
6789,Exp_04_Feb_2020_1245pm,SW_Yosefa,461.681399034543,462.406401231519,3300.0,58,Whistle12717,/lustre/fsn1/projects/rech/vzf/uqe97pu/raw_data/all_categories/SW_YosefaExp_04_Feb_2020_1245pm461.681399034543_462.406401231519.wav
6750,Exp_17_Feb_2020_1245pm,SW_Yosefa,2807.86994417873,2808.83719700892,3300.0,57,Whistle13296,/lustre/fsn1/projects/rech/vzf/uqe97pu/raw_data/all_categories/SW_YosefaExp_17_Feb_2020_1245pm2807.86994417873_2808.83719700892.wav
6890,Exp_06_Mar_2020_1545pm,SW_Yosefa,1627.51542505142,1628.79042930143,3000.0,58,Whistle12833,/lustre/fsn1/projects/rech/vzf/uqe97pu/raw_data/all_categories/SW_YosefaExp_06_Mar_2020_1545pm1627.51542505142_1628.79042930143.wav
6675,Exp_09_Feb_2020_1345pm,SW_Yosefa,695.827108566996,696.592110885184,3300.0,56,Whistle13056,/lustre/fsn1/projects/rech/vzf/uqe97pu/raw_data/all_categories/SW_YosefaExp_09_Feb_2020_1345pm695.827108566996_696.592110885184.wav
6583,Exp_03_Feb_2020_1545pm,SW_Yosefa,280.780850851063,281.545853169252,3300.0,54,Whistle12615,/lustre/fsn1/projects/rech/vzf/uqe97pu/raw_data/all_categories/SW_YosefaExp_03_Feb_2020_1545pm280.780850851063_281.545853169252.wav
7118,Exp_22_Nov_2019_1145am,SW_Yosefa,483.031341753727,483.836343989844,3600.0,59,Whistle13255,/lustre/fsn1/projects/rech/vzf/uqe97pu/raw_data/all_categories/SW_YosefaExp_22_Nov_2019_1145am483.031341753727_483.836343989844.wav
6679,Exp_09_Jan_2020_0945am,SW_Yosefa,1310.20897033021,1310.9739726484,3300.0,56,Whistle13062,/lustre/fsn1/projects/rech/vzf/uqe97pu/raw_data/all_categories/SW_YosefaExp_09_Jan_2020_0945am1310.20897033021_1310.9739726484.wav
6744,Exp_16_Jan_2020_1145am,SW_Yosefa,449.676362655644,450.451365004136,3300.0,57,Whistle13230,/lustre/fsn1/projects/rech/vzf/uqe97pu/raw_data/all_categories/SW_YosefaExp_16_Jan_2020_1145am449.676362655644_450.451365004136.wav
6683,Exp_09_Jan_2020_1545pm,SW_Yosefa,561.176700535456,561.941702853645,3300.0,56,Whistle13073,/lustre/fsn1/projects/rech/vzf/uqe97pu/raw_data/all_categories/SW_YosefaExp_09_Jan_2020_1545pm561.176700535456_561.941702853645.wav
6635,Exp_01_Jan_2020_0845am,SW_Yosefa,2885.43374373862,2886.19874605681,3300.0,56,Whistle12633,/lustre/fsn1/projects/rech/vzf/uqe97pu/raw_data/all_categories/SW_YosefaExp_01_Jan_2020_0845am2885.43374373862_2886.19874605681.wav
6597,Exp_05_Jan_2020_1345pm,SW_Yosefa,1179.51857429871,1180.2835766169,3300.0,54,Whistle12972,/lustre/fsn1/projects/rech/vzf/uqe97pu/raw_data/all_categories/SW_YosefaExp_05_Jan_2020_1345pm1179.51857429871_1180.2835766169.wav
6668,Exp_07_Jan_2020_1245pm,SW_Yosefa,1845.97559386544,1846.86559656241,3300.0,56,Whistle13017,/lustre/fsn1/projects/rech/vzf/uqe97pu/raw_data/all_categories/SW_YosefaExp_07_Jan_2020_1245pm1845.97559386544_1846.86559656241.wav
6982,Exp_03_Feb_2020_0845am,SW_Yosefa,2960.498971209,2961.19397331507,3300.0,59,Whistle12928,/lustre/fsn1/projects/rech/vzf/uqe97pu/raw_data/all_categories/SW_YosefaExp_03_Feb_2020_0845am2960.498971209_2961.19397331507.wav
6933,Exp_08_Jan_2020_1345pm,SW_Yosefa,2804.63349888939,2805.40850123788,3300.0,58,Whistle12886,/lustre/fsn1/projects/rech/vzf/uqe97pu/raw_data/all_categories/SW_YosefaExp_08_Jan_2020_1345pm2804.63349888939_2805.40850123788.wav
6897,Exp_07_Dec_2019_0945am,SW_Yosefa,2236.43677708114,2237.67678083873,3300.0,58,Whistle12840,/lustre/fsn1/projects/rech/vzf/uqe97pu/raw_data/all_categories/SW_YosefaExp_07_Dec_2019_0945am2236.43677708114_2237.67678083873.wav
6704,Exp_05_Jan_2020_1545pm,SW_Yosefa,936.137837387386,936.973426612975,3300.0,57,Whistle12661,/lustre/fsn1/projects/rech/vzf/uqe97pu/raw_data/all_categories/SW_YosefaExp_05_Jan_2020_1545pm936.137837387386_936.973426612975.wav
6751,Exp_17_Jan_2020_1245pm,SW_Yosefa,3102.58568047459,3103.47145096639,3300.0,57,Whistle13298,/lustre/fsn1/projects/rech/vzf/uqe97pu/raw_data/all_categories/SW_YosefaExp_17_Jan_2020_1245pm3102.58568047459_3103.47145096639.wav
6831,Exp_05_Feb_2020_0945am,SW_Yosefa,761.162306552444,761.927308870633,3300.0,58,Whistle12764,/lustre/fsn1/projects/rech/vzf/uqe97pu/raw_data/all_categories/SW_YosefaExp_05_Feb_2020_0945am761.162306552444_761.927308870633.wav
7180,Exp_13_Dec_2019_1345pm,SW_Yosefa,2774.65840805578,2775.74341134367,3300.0,61,Whistle13156,/lustre/fsn1/projects/rech/vzf/uqe97pu/raw_data/all_categories/SW_YosefaExp_13_Dec_2019_1345pm2774.65840805578_2775.74341134367.wav
6645,Exp_03_Feb_2020_0945am,SW_Yosefa,1971.40097394235,1972.13597616962,3300.0,56,Whistle12929,/lustre/fsn1/projects/rech/vzf/uqe97pu/raw_data/all_categories/SW_YosefaExp_03_Feb_2020_0945am1971.40097394235_1972.13597616962.wav
6804,Exp_04_Jan_2020_1345pm,SW_Yosefa,1483.02449401362,1484.33949799848,3300.0,58,Whistle12735,/lustre/fsn1/projects/rech/vzf/uqe97pu/raw_data/all_categories/SW_YosefaExp_04_Jan_2020_1345pm1483.02449401362_1484.33949799848.wav
6803,Exp_04_Jan_2020_1345pm,SW_Yosefa,1481.76949021058,1483.08449419544,3300.0,58,Whistle12734,/lustre/fsn1/projects/rech/vzf/uqe97pu/raw_data/all_categories/SW_YosefaExp_04_Jan_2020_1345pm1481.76949021058_1483.08449419544.wav
7181,Exp_13_Dec_2019_1345pm,SW_Yosefa,2783.15843381344,2784.24843711648,3300.0,61,Whistle13172,/lustre/fsn1/projects/rech/vzf/uqe97pu/raw_data/all_categories/SW_YosefaExp_13_Dec_2019_1345pm2783.15843381344_2784.24843711648.wav
7092,Exp_11_Jan_2020_0945am,SW_Yosefa,394.161194427862,394.726196139988,3300.0,59,Whistle13149,/lustre/fsn1/projects/rech/vzf/uqe97pu/raw_data/all_categories/SW_YosefaExp_11_Jan_2020_0945am394.161194427862_394.726196139988.wav
7086,Exp_19_Nov_2019_1345pm,SW_Yosefa,2457.3786487485,2457.85832855146,3600.0,59,Whistle13137,/lustre/fsn1/projects/rech/vzf/uqe97pu/raw_data/all_categories/SW_YosefaExp_19_Nov_2019_1345pm2457.3786487485_2457.85832855146.wav
6985,Exp_03_Feb_2020_1045am,SW_Yosefa,2683.98313328222,2684.38313449435,3300.0,59,Whistle12932,/lustre/fsn1/projects/rech/vzf/uqe97pu/raw_data/all_categories/SW_YosefaExp_03_Feb_2020_1045am2683.98313328222_2684.38313449435.wav
6998,Exp_05_Dec_2019_0845am,SW_Yosefa,2686.66395554652,2687.38895796319,3000.0,59,Whistle12955,/lustre/fsn1/projects/rech/vzf/uqe97pu/raw_data/all_categories/SW_YosefaExp_05_Dec_2019_0845am2686.66395554652_2687.38895796319.wav
6922,Exp_08_Dec_2019_1045am,SW_Yosefa,2411.87230870397,2412.89731181004,3300.0,58,Whistle12874,/lustre/fsn1/projects/rech/vzf/uqe97pu/raw_data/all_categories/SW_YosefaExp_08_Dec_2019_1045am2411.87230870397_2412.89731181004.wav
6955,Exp_01_Feb_2020_1045am,SW_Yosefa,2977.9540241031,2978.96402716372,3300.0,58,Whistle12917,/lustre/fsn1/projects/rech/vzf/uqe97pu/raw_data/all_categories/SW_YosefaExp_01_Feb_2020_1045am2977.9540241031_2978.96402716372.wav
6820,Exp_04_Jan_2020_1345pm,SW_Yosefa,2223.07673659617,2224.10173970224,3300.0,58,Whistle12752,/lustre/fsn1/projects/rech/vzf/uqe97pu/raw_data/all_categories/SW_YosefaExp_04_Jan_2020_1345pm2223.07673659617_2224.10173970224.wav
7195,Exp_06_Jan_2020_0945am,SW_Yosefa,1311.55208320419,1312.08582878723,3300.0,61,Whistle13091,/lustre/fsn1/projects/rech/vzf/uqe97pu/raw_data/all_categories/SW_YosefaExp_06_Jan_2020_0945am1311.55208320419_1312.08582878723.wav
6941,Exp_09_Feb_2020_1345pm,SW_Yosefa,696.38711026397,696.807111536702,3300.0,58,Whistle12897,/lustre/fsn1/projects/rech/vzf/uqe97pu/raw_data/all_categories/SW_YosefaExp_09_Feb_2020_1345pm696.38711026397_696.807111536702.wav
6614,Exp_07_Mar_2020_0845am,SW_Yosefa,2101.56200587335,2102.46403279329,3000.0,55,Whistle12645,/lustre/fsn1/projects/rech/vzf/uqe97pu/raw_data/all_categories/SW_YosefaExp_07_Mar_2020_0845am2101.56200587335_2102.46403279329.wav
7080,Exp_17_Dec_2019_0845am,SW_Yosefa,71.9168456349299,72.5620543070166,3300.0,59,Whistle13117,/lustre/fsn1/projects/rech/vzf/uqe97pu/raw_data/all_categories/SW_YosefaExp_17_Dec_2019_0845am71.9168456349299_72.5620543070166.wav
7145,Exp_07_Jan_2020_0845am,SW_Yosefa,2916.41883763284,2917.44384073891,3300.0,60,Whistle12851,/lustre/fsn1/projects/rech/vzf/uqe97pu/raw_data/all_categories/SW_YosefaExp_07_Jan_2020_0845am2916.41883763284_2917.44384073891.wav
7183,Exp_17_Feb_2020_1345pm,SW_Yosefa,916.442777099324,917.142779220543,3300.0,61,Whistle13275,/lustre/fsn1/projects/rech/vzf/uqe97pu/raw_data/all_categories/SW_YosefaExp_17_Feb_2020_1345pm916.442777099324_917.142779220543.wav
7178,Exp_07_Dec_2019_1145am,SW_Yosefa,339.50602941221,340.471801183982,3300.0,61,Whistle12671,/lustre/fsn1/projects/rech/vzf/uqe97pu/raw_data/all_categories/SW_YosefaExp_07_Dec_2019_1145am339.50602941221_340.471801183982.wav
6921,Exp_07_Mar_2020_1145am,SW_Yosefa,272.665908886363,273.475911586372,3000.0,58,Whistle12873,/lustre/fsn1/projects/rech/vzf/uqe97pu/raw_data/all_categories/SW_YosefaExp_07_Mar_2020_1145am272.665908886363_273.475911586372.wav
6694,Exp_16_Nov_2019_0545am,SW_Yosefa,2215.69143166757,2216.49880493946,3600.0,56,Whistle13294,/lustre/fsn1/projects/rech/vzf/uqe97pu/raw_data/all_categories/SW_YosefaExp_16_Nov_2019_0545am2215.69143166757_2216.49880493946.wav
6660,Exp_06_Dec_2019_1245pm,SW_Yosefa,104.73534911783,105.500351667839,3000.0,56,Whistle12983,/lustre/fsn1/projects/rech/vzf/uqe97pu/raw_data/all_categories/SW_YosefaExp_06_Dec_2019_1245pm104.73534911783_105.500351667839.wav
6670,Exp_08_Dec_2019_1045am,SW_Yosefa,1518.3596010897,1519.36460413516,3300.0,56,Whistle13032,/lustre/fsn1/projects/rech/vzf/uqe97pu/raw_data/all_categories/SW_YosefaExp_08_Dec_2019_1045am1518.3596010897_1519.36460413516.wav
6873,Exp_06_Feb_2020_1545pm,SW_Yosefa,1007.94805438804,1008.70805669108,3300.0,58,Whistle12815,/lustre/fsn1/projects/rech/vzf/uqe97pu/raw_data/all_categories/SW_YosefaExp_06_Feb_2020_1545pm1007.94805438804_1008.70805669108.wav
6927,Exp_08_Feb_2020_1345pm,SW_Yosefa,695.042106188201,695.882108733663,3300.0,58,Whistle12879,/lustre/fsn1/projects/rech/vzf/uqe97pu/raw_data/all_categories/SW_YosefaExp_08_Feb_2020_1345pm695.042106188201_695.882108733663.wav
6711,Exp_06_Jan_2020_0945am,SW_Yosefa,1566.94974893863,1567.94052606473,3300.0,57,Whistle12668,/lustre/fsn1/projects/rech/vzf/uqe97pu/raw_data/all_categories/SW_YosefaExp_06_Jan_2020_0945am1566.94974893863_1567.94052606473.wav
6966,Exp_14_Feb_2020_1145am,SW_Yosefa,738.10455872323,738.570034913706,3300.0,58,Whistle13216,/lustre/fsn1/projects/rech/vzf/uqe97pu/raw_data/all_categories/SW_YosefaExp_14_Feb_2020_1145am738.10455872323_738.570034913706.wav
7134,Exp_05_Feb_2020_0945am,SW_Yosefa,758.667298991815,759.112300340304,3300.0,60,Whistle12765,/lustre/fsn1/projects/rech/vzf/uqe97pu/raw_data/all_categories/SW_YosefaExp_05_Feb_2020_0945am758.667298991815_759.112300340304.wav
7122,Exp_17_Dec_2019_0945am,SW_Yosefa,1573.06976687808,1573.93976951445,3300.0,59,Whistle13281,/lustre/fsn1/projects/rech/vzf/uqe97pu/raw_data/all_categories/SW_YosefaExp_17_Dec_2019_0945am1573.06976687808_1573.93976951445.wav
6672,Exp_09_Feb_2020_1345pm,SW_Yosefa,687.332082824493,688.132085248743,3300.0,56,Whistle13052,/lustre/fsn1/projects/rech/vzf/uqe97pu/raw_data/all_categories/SW_YosefaExp_09_Feb_2020_1345pm687.332082824493_688.132085248743.wav
6936,Exp_01_Jan_2020_1545pm,SW_Yosefa,1011.46306503959,1012.2880675396,3300.0,58,Whistle12891,/lustre/fsn1/projects/rech/vzf/uqe97pu/raw_data/all_categories/SW_YosefaExp_01_Jan_2020_1545pm1011.46306503959_1012.2880675396.wav
6919,Exp_07_Mar_2020_0845am,SW_Yosefa,1588.78529595099,1589.67529891766,3000.0,58,Whistle12871,/lustre/fsn1/projects/rech/vzf/uqe97pu/raw_data/all_categories/SW_YosefaExp_07_Mar_2020_0845am1588.78529595099_1589.67529891766.wav
6871,Exp_06_Feb_2020_1345pm,SW_Yosefa,302.530916760354,303.010918214904,3300.0,58,Whistle12812,/lustre/fsn1/projects/rech/vzf/uqe97pu/raw_data/all_categories/SW_YosefaExp_06_Feb_2020_1345pm302.530916760354_303.010918214904.wav
6780,Exp_04_Feb_2020_0945am,SW_Yosefa,1186.99359695029,1187.90859972303,3300.0,58,Whistle12707,/lustre/fsn1/projects/rech/vzf/uqe97pu/raw_data/all_categories/SW_YosefaExp_04_Feb_2020_0945am1186.99359695029_1187.90859972303.wav
6807,Exp_04_Jan_2020_1345pm,SW_Yosefa,1513.11458519571,1514.42958918057,3300.0,58,Whistle12738,/lustre/fsn1/projects/rech/vzf/uqe97pu/raw_data/all_categories/SW_YosefaExp_04_Jan_2020_1345pm1513.11458519571_1514.42958918057.wav
6601,Exp_07_Jan_2020_1045am,SW_Yosefa,2526.76265685654,2527.52765917472,3300.0,54,Whistle13015,/lustre/fsn1/projects/rech/vzf/uqe97pu/raw_data/all_categories/SW_YosefaExp_07_Jan_2020_1045am2526.76265685654_2527.52765917472.wav
6651,Exp_05_Feb_2020_0945am,SW_Yosefa,758.072297188779,759.077300234243,3300.0,56,Whistle12957,/lustre/fsn1/projects/rech/vzf/uqe97pu/raw_data/all_categories/SW_YosefaExp_05_Feb_2020_0945am758.072297188779_759.077300234243.wav
6880,Exp_06_Jan_2020_0945am,SW_Yosefa,1585.16980354486,1586.48480752972,3300.0,58,Whistle12823,/lustre/fsn1/projects/rech/vzf/uqe97pu/raw_data/all_categories/SW_YosefaExp_06_Jan_2020_0945am1585.16980354486_1586.48480752972.wav
7104,Exp_15_Feb_2020_0945am,SW_Yosefa,15.4000466668081,15.9300482728736,3300.0,59,Whistle13198,/lustre/fsn1/projects/rech/vzf/uqe97pu/raw_data/all_categories/SW_YosefaExp_15_Feb_2020_0945am15.4000466668081_15.9300482728736.wav
6656,Exp_05_Jan_2020_1145am,SW_Yosefa,635.963698441804,636.511894922742,3300.0,56,Whistle12968,/lustre/fsn1/projects/rech/vzf/uqe97pu/raw_data/all_categories/SW_YosefaExp_05_Jan_2020_1145am635.963698441804_636.511894922742.wav
6612,Exp_07_Dec_2019_0945am,SW_Yosefa,1053.39319270664,1054.04778634622,3300.0,55,Whistle12640,/lustre/fsn1/projects/rech/vzf/uqe97pu/raw_data/all_categories/SW_YosefaExp_07_Dec_2019_0945am1053.39319270664_1054.04778634622.wav
7151,Exp_09_Jan_2020_1545pm,SW_Yosefa,924.91780278122,925.392804220619,3300.0,60,Whistle12907,/lustre/fsn1/projects/rech/vzf/uqe97pu/raw_data/all_categories/SW_YosefaExp_09_Jan_2020_1545pm924.91780278122_925.392804220619.wav
6926,Exp_08_Feb_2020_1345pm,SW_Yosefa,457.751387125416,458.381389034512,3300.0,58,Whistle12878,/lustre/fsn1/projects/rech/vzf/uqe97pu/raw_data/all_categories/SW_YosefaExp_08_Feb_2020_1345pm457.751387125416_458.381389034512.wav
6938,Exp_09_Feb_2020_0945am,SW_Yosefa,996.588019963697,997.123021584914,3300.0,58,Whistle12893,/lustre/fsn1/projects/rech/vzf/uqe97pu/raw_data/all_categories/SW_YosefaExp_09_Feb_2020_0945am996.588019963697_997.123021584914.wav
6697,Exp_01_Feb_2020_0945am,SW_Yosefa,1183.31358579874,1183.83358737451,3300.0,57,Whistle12624,/lustre/fsn1/projects/rech/vzf/uqe97pu/raw_data/all_categories/SW_YosefaExp_01_Feb_2020_0945am1183.31358579874_1183.83358737451.wav
7100,Exp_14_Feb_2020_1145am,SW_Yosefa,562.896705747593,563.456707444568,3300.0,59,Whistle13182,/lustre/fsn1/projects/rech/vzf/uqe97pu/raw_data/all_categories/SW_YosefaExp_14_Feb_2020_1145am562.896705747593_563.456707444568.wav
7166,Exp_16_Nov_2019_1045am,SW_Yosefa,1938.47538465385,1939.49538748719,3600.0,60,Whistle13240,/lustre/fsn1/projects/rech/vzf/uqe97pu/raw_data/all_categories/SW_YosefaExp_16_Nov_2019_1045am1938.47538465385_1939.49538748719.wav
6592,Exp_03_Jan_2020_1045am,SW_Yosefa,2688.4031466762,2688.95314834287,3300.0,54,Whistle12934,/lustre/fsn1/projects/rech/vzf/uqe97pu/raw_data/all_categories/SW_YosefaExp_03_Jan_2020_1045am2688.4031466762_2688.95314834287.wav
6799,Exp_04_Jan_2020_1145am,SW_Yosefa,16.1200488486329,17.2550522880372,3300.0,58,Whistle12729,/lustre/fsn1/projects/rech/vzf/uqe97pu/raw_data/all_categories/SW_YosefaExp_04_Jan_2020_1145am16.1200488486329_17.2550522880372.wav
6586,Exp_05_Jan_2020_1545pm,SW_Yosefa,607.476840838912,608.2418431571,3300.0,54,Whistle12625,/lustre/fsn1/projects/rech/vzf/uqe97pu/raw_data/all_categories/SW_YosefaExp_05_Jan_2020_1545pm607.476840838912_608.2418431571.wav
6942,Exp_09_Feb_2020_1345pm,SW_Yosefa,1443.69437483144,1444.66937778599,3300.0,58,Whistle12899,/lustre/fsn1/projects/rech/vzf/uqe97pu/raw_data/all_categories/SW_YosefaExp_09_Feb_2020_1345pm1443.69437483144_1444.66937778599.wav
7057,Exp_09_Jan_2020_1145am,SW_Yosefa,97.3052948645299,97.8302964554438,3300.0,59,Whistle13064,/lustre/fsn1/projects/rech/vzf/uqe97pu/raw_data/all_categories/SW_YosefaExp_09_Jan_2020_1145am97.3052948645299_97.8302964554438.wav
6754,Exp_16_Feb_2020_1545pm,SW_Yosefa,2203.36844409495,2204.04926306046,3300.0,57,Whistle13307,/lustre/fsn1/projects/rech/vzf/uqe97pu/raw_data/all_categories/SW_YosefaExp_16_Feb_2020_1545pm2203.36844409495_2204.04926306046.wav
7152,Exp_10_Dec_2019_1545pm,SW_Yosefa,661.252003793951,661.837005566684,3300.0,60,Whistle12915,/lustre/fsn1/projects/rech/vzf/uqe97pu/raw_data/all_categories/SW_YosefaExp_10_Dec_2019_1545pm661.252003793951_661.837005566684.wav
6621,Exp_13_Dec_2019_1345pm,SW_Yosefa,3004.45410440638,3004.74410528517,3300.0,55,Whistle13170,/lustre/fsn1/projects/rech/vzf/uqe97pu/raw_data/all_categories/SW_YosefaExp_13_Dec_2019_1345pm3004.45410440638_3004.74410528517.wav
7203,Exp_15_Feb_2020_1145am,SW_Yosefa,1074.35325561593,1075.40825881291,3300.0,61,Whistle13202,/lustre/fsn1/projects/rech/vzf/uqe97pu/raw_data/all_categories/SW_YosefaExp_15_Feb_2020_1145am1074.35325561593_1075.40825881291.wav
6701,Exp_07_Jan_2020_1545pm,SW_Yosefa,563.426707353659,563.941708914269,3300.0,57,Whistle12644,/lustre/fsn1/projects/rech/vzf/uqe97pu/raw_data/all_categories/SW_YosefaExp_07_Jan_2020_1545pm563.426707353659_563.941708914269.wav
6870,Exp_06_Feb_2020_1145am,SW_Yosefa,431.336307079718,432.20630971609,3300.0,58,Whistle12811,/lustre/fsn1/projects/rech/vzf/uqe97pu/raw_data/all_categories/SW_YosefaExp_06_Feb_2020_1145am431.336307079718_432.20630971609.wav
7040,Exp_08_Dec_2019_1545pm,SW_Yosefa,300.235909805787,300.990912093673,3300.0,59,Whistle13033,/lustre/fsn1/projects/rech/vzf/uqe97pu/raw_data/all_categories/SW_YosefaExp_08_Dec_2019_1545pm300.235909805787_300.990912093673.wav
6762,Exp_02_Mar_2020_1345pm,SW_Yosefa,2295.04265014217,2296.13765379218,3000.0,58,Whistle12685,/lustre/fsn1/projects/rech/vzf/uqe97pu/raw_data/all_categories/SW_YosefaExp_02_Mar_2020_1345pm2295.04265014217_2296.13765379218.wav
6594,Exp_05_Dec_2019_1145am,SW_Yosefa,394.966316554388,395.72631908773,3000.0,54,Whistle12956,/lustre/fsn1/projects/rech/vzf/uqe97pu/raw_data/all_categories/SW_YosefaExp_05_Dec_2019_1145am394.966316554388_395.72631908773.wav
7062,Exp_09_Jan_2020_1545pm,SW_Yosefa,42.4151285306925,43.1751308337298,3300.0,59,Whistle13070,/lustre/fsn1/projects/rech/vzf/uqe97pu/raw_data/all_categories/SW_YosefaExp_09_Jan_2020_1545pm42.4151285306925_43.1751308337298.wav
7006,Exp_05_Jan_2020_1545pm,SW_Yosefa,696.992112097309,697.757114415498,3300.0,59,Whistle12974,/lustre/fsn1/projects/rech/vzf/uqe97pu/raw_data/all_categories/SW_YosefaExp_05_Jan_2020_1545pm696.992112097309_697.757114415498.wav
7187,Exp_16_Dec_2019_1145am,SW_Yosefa,3168.23960072606,3168.44960136243,3300.0,61,Whistle13272,/lustre/fsn1/projects/rech/vzf/uqe97pu/raw_data/all_categories/SW_YosefaExp_16_Dec_2019_1145am3168.23960072606_3168.44960136243.wav
7143,Exp_07_Dec_2019_1145am,SW_Yosefa,210.820638850421,211.360640486789,3300.0,60,Whistle12845,/lustre/fsn1/projects/rech/vzf/uqe97pu/raw_data/all_categories/SW_YosefaExp_07_Dec_2019_1145am210.820638850421_211.360640486789.wav
7052,Exp_09_Feb_2020_1345pm,SW_Yosefa,676.452049854697,677.267052324401,3300.0,59,Whistle13051,/lustre/fsn1/projects/rech/vzf/uqe97pu/raw_data/all_categories/SW_YosefaExp_09_Feb_2020_1345pm676.452049854697_677.267052324401.wav
7107,Exp_15_Jan_2020_1345pm,SW_Yosefa,46.5501410610335,47.1451428640693,3300.0,59,Whistle13209,/lustre/fsn1/projects/rech/vzf/uqe97pu/raw_data/all_categories/SW_YosefaExp_15_Jan_2020_1345pm46.5501410610335_47.1451428640693.wav
6688,Exp_17_Dec_2019_0845am,SW_Yosefa,3054.19980259505,3055.26624636405,3300.0,56,Whistle13118,/lustre/fsn1/projects/rech/vzf/uqe97pu/raw_data/all_categories/SW_YosefaExp_17_Dec_2019_0845am3054.19980259505_3055.26624636405.wav
6603,Exp_08_Jan_2020_1245pm,SW_Yosefa,74.4652256521989,75.1052275915988,3300.0,54,Whistle13037,/lustre/fsn1/projects/rech/vzf/uqe97pu/raw_data/all_categories/SW_YosefaExp_08_Jan_2020_1245pm74.4652256521989_75.1052275915988.wav
7138,Exp_06_Dec_2019_0945am,SW_Yosefa,26.0800869336231,27.3950913169711,3000.0,60,Whistle12788,/lustre/fsn1/projects/rech/vzf/uqe97pu/raw_data/all_categories/SW_YosefaExp_06_Dec_2019_0945am26.0800869336231_27.3950913169711.wav
6647,Exp_01_Feb_2020_1145am,SW_Yosefa,53.9651635307986,54.6001654550468,3300.0,56,Whistle12949,/lustre/fsn1/projects/rech/vzf/uqe97pu/raw_data/all_categories/SW_YosefaExp_01_Feb_2020_1145am53.9651635307986_54.6001654550468.wav
6761,Exp_01_Feb_2020_1145am,SW_Yosefa,2131.65645956503,2132.61146245898,3300.0,58,Whistle12684,/lustre/fsn1/projects/rech/vzf/uqe97pu/raw_data/all_categories/SW_YosefaExp_01_Feb_2020_1145am2131.65645956503_2132.61146245898.wav
6658,Exp_06_Dec_2019_1245pm,SW_Yosefa,101.710339034463,102.440341467805,3000.0,56,Whistle12979,/lustre/fsn1/projects/rech/vzf/uqe97pu/raw_data/all_categories/SW_YosefaExp_06_Dec_2019_1245pm101.710339034463_102.440341467805.wav
6830,Exp_05_Dec_2019_1545pm,SW_Yosefa,716.617388724629,717.512391707972,3000.0,58,Whistle12763,/lustre/fsn1/projects/rech/vzf/uqe97pu/raw_data/all_categories/SW_YosefaExp_05_Dec_2019_1545pm716.617388724629_717.512391707972.wav
7076,Exp_16_Dec_2019_1345pm,SW_Yosefa,521.34819142352,521.98339803509,3300.0,59,Whistle13110,/lustre/fsn1/projects/rech/vzf/uqe97pu/raw_data/all_categories/SW_YosefaExp_16_Dec_2019_1345pm521.34819142352_521.98339803509.wav
6822,Exp_04_Mar_2020_1145am,SW_Yosefa,140.930469768233,141.965473218244,3000.0,58,Whistle12754,/lustre/fsn1/projects/rech/vzf/uqe97pu/raw_data/all_categories/SW_YosefaExp_04_Mar_2020_1145am140.930469768233_141.965473218244.wav
6813,Exp_04_Jan_2020_1345pm,SW_Yosefa,2188.32163127767,2189.63663526253,3300.0,58,Whistle12744,/lustre/fsn1/projects/rech/vzf/uqe97pu/raw_data/all_categories/SW_YosefaExp_04_Jan_2020_1345pm2188.32163127767_2189.63663526253.wav
6854,Exp_06_Dec_2019_1145am,SW_Yosefa,1802.04600682002,1803.36101120337,3000.0,58,Whistle12794,/lustre/fsn1/projects/rech/vzf/uqe97pu/raw_data/all_categories/SW_YosefaExp_06_Dec_2019_1145am1802.04600682002_1803.36101120337.wav
7129,Exp_01_Feb_2020_1145am,SW_Yosefa,3039.114209437,3039.55421077034,3300.0,60,Whistle12704,/lustre/fsn1/projects/rech/vzf/uqe97pu/raw_data/all_categories/SW_YosefaExp_01_Feb_2020_1145am3039.114209437_3039.55421077034.wav
6736,Exp_13_Dec_2019_1345pm,SW_Yosefa,2805.16850051061,2805.54850166213,3300.0,57,Whistle13166,/lustre/fsn1/projects/rech/vzf/uqe97pu/raw_data/all_categories/SW_YosefaExp_13_Dec_2019_1345pm2805.16850051061_2805.54850166213.wav
6722,Exp_07_Dec_2019_1245pm,SW_Yosefa,1830.77054778954,1831.37554962288,3300.0,57,Whistle13010,/lustre/fsn1/projects/rech/vzf/uqe97pu/raw_data/all_categories/SW_YosefaExp_07_Dec_2019_1245pm1830.77054778954_1831.37554962288.wav
6883,Exp_06_Jan_2020_0945am,SW_Yosefa,1587.33481071155,1587.89373297303,3300.0,58,Whistle12826,/lustre/fsn1/projects/rech/vzf/uqe97pu/raw_data/all_categories/SW_YosefaExp_06_Jan_2020_0945am1587.33481071155_1587.89373297303.wav
7139,Exp_06_Feb_2020_1145am,SW_Yosefa,1011.36806475171,1012.42306794869,3300.0,60,Whistle12808,/lustre/fsn1/projects/rech/vzf/uqe97pu/raw_data/all_categories/SW_YosefaExp_06_Feb_2020_1145am1011.36806475171_1012.42306794869.wav
6947,Exp_09_Mar_2020_1545pm,SW_Yosefa,886.107953693179,887.422958076527,3000.0,58,Whistle12908,/lustre/fsn1/projects/rech/vzf/uqe97pu/raw_data/all_categories/SW_YosefaExp_09_Mar_2020_1545pm886.107953693179_887.422958076527.wav
6637,Exp_06_Mar_2020_1545pm,SW_Yosefa,931.608105360351,932.133107110357,3000.0,56,Whistle12636,/lustre/fsn1/projects/rech/vzf/uqe97pu/raw_data/all_categories/SW_YosefaExp_06_Mar_2020_1545pm931.608105360351_932.133107110357.wav
6872,Exp_06_Feb_2020_1345pm,SW_Yosefa,2934.30389182998,2935.32889493604,3300.0,58,Whistle12813,/lustre/fsn1/projects/rech/vzf/uqe97pu/raw_data/all_categories/SW_YosefaExp_06_Feb_2020_1345pm2934.30389182998_2935.32889493604.wav
6994,Exp_04_Jan_2020_1045am,SW_Yosefa,3231.97479386301,3232.77979630241,3300.0,59,Whistle12947,/lustre/fsn1/projects/rech/vzf/uqe97pu/raw_data/all_categories/SW_YosefaExp_04_Jan_2020_1045am3231.97479386301_3232.77979630241.wav
6920,Exp_01_Feb_2020_0945am,SW_Yosefa,893.572707796084,894.597710902154,3300.0,58,Whistle12872,/lustre/fsn1/projects/rech/vzf/uqe97pu/raw_data/all_categories/SW_YosefaExp_01_Feb_2020_0945am893.572707796084_894.597710902154.wav
6749,Exp_15_Dec_2019_1245pm,SW_Yosefa,2315.52356274368,2316.1130848238,3300.0,57,Whistle13292,/lustre/fsn1/projects/rech/vzf/uqe97pu/raw_data/all_categories/SW_YosefaExp_15_Dec_2019_1245pm2315.52356274368_2316.1130848238.wav
6840,Exp_05_Jan_2020_1145am,SW_Yosefa,543.691647550447,545.006651535308,3300.0,58,Whistle12776,/lustre/fsn1/projects/rech/vzf/uqe97pu/raw_data/all_categories/SW_YosefaExp_05_Jan_2020_1145am543.691647550447_545.006651535308.wav
7068,Exp_02_Jan_2020_0845am,SW_Yosefa,2783.21843399525,2783.73343555586,3300.0,59,Whistle13083,/lustre/fsn1/projects/rech/vzf/uqe97pu/raw_data/all_categories/SW_YosefaExp_02_Jan_2020_0845am2783.21843399525_2783.73343555586.wav
6915,Exp_07_Jan_2020_1345pm,SW_Yosefa,2855.72365370804,2856.5536562232,3300.0,58,Whistle12864,/lustre/fsn1/projects/rech/vzf/uqe97pu/raw_data/all_categories/SW_YosefaExp_07_Jan_2020_1345pm2855.72365370804_2856.5536562232.wav
6605,Exp_11_Mar_2020_1145am,SW_Yosefa,64.6752155840519,65.285217617392,3000.0,54,Whistle13154,/lustre/fsn1/projects/rech/vzf/uqe97pu/raw_data/all_categories/SW_YosefaExp_11_Mar_2020_1145am64.6752155840519_65.285217617392.wav
7108,Exp_16_Feb_2020_1345pm,SW_Yosefa,3138.33951011973,3139.05951230155,3300.0,59,Whistle13226,/lustre/fsn1/projects/rech/vzf/uqe97pu/raw_data/all_categories/SW_YosefaExp_16_Feb_2020_1345pm3138.33951011973_3139.05951230155.wav
6943,Exp_09_Feb_2020_1545pm,SW_Yosefa,1151.51848944997,1152.4334922227,3300.0,58,Whistle12900,/lustre/fsn1/projects/rech/vzf/uqe97pu/raw_data/all_categories/SW_YosefaExp_09_Feb_2020_1545pm1151.51848944997_1152.4334922227.wav
6786,Exp_04_Feb_2020_1145am,SW_Yosefa,220.560668365662,221.680671759611,3300.0,58,Whistle12714,/lustre/fsn1/projects/rech/vzf/uqe97pu/raw_data/all_categories/SW_YosefaExp_04_Feb_2020_1145am220.560668365662_221.680671759611.wav
7163,Exp_11_Mar_2020_1145am,SW_Yosefa,145.273452543551,145.633033188713,3000.0,60,Whistle13214,/lustre/fsn1/projects/rech/vzf/uqe97pu/raw_data/all_categories/SW_YosefaExp_11_Mar_2020_1145am145.273452543551_145.633033188713.wav
7200,Exp_13_Dec_2019_1545pm,SW_Yosefa,322.900978487814,323.590980578729,3300.0,61,Whistle13174,/lustre/fsn1/projects/rech/vzf/uqe97pu/raw_data/all_categories/SW_YosefaExp_13_Dec_2019_1545pm322.900978487814_323.590980578729.wav
7019,Exp_06_Jan_2020_1245pm,SW_Yosefa,2929.85887836024,2930.62388067843,3300.0,59,Whistle12997,/lustre/fsn1/projects/rech/vzf/uqe97pu/raw_data/all_categories/SW_YosefaExp_06_Jan_2020_1245pm2929.85887836024_2930.62388067843.wav
6715,Exp_07_Jan_2020_1345pm,SW_Yosefa,528.531601610914,529.506604565468,3300.0,57,Whistle12674,/lustre/fsn1/projects/rech/vzf/uqe97pu/raw_data/all_categories/SW_YosefaExp_07_Jan_2020_1345pm528.531601610914_529.506604565468.wav
6633,Exp_06_Feb_2020_1345pm,SW_Yosefa,203.575616895809,204.580619941273,3300.0,56,Whistle12631,/lustre/fsn1/projects/rech/vzf/uqe97pu/raw_data/all_categories/SW_YosefaExp_06_Feb_2020_1345pm203.575616895809_204.580619941273.wav
6945,Exp_09_Jan_2020_1145am,SW_Yosefa,1262.25382501159,1263.53382889039,3300.0,58,Whistle12902,/lustre/fsn1/projects/rech/vzf/uqe97pu/raw_data/all_categories/SW_YosefaExp_09_Jan_2020_1145am1262.25382501159_1263.53382889039.wav
6963,Exp_17_Feb_2020_0845am,SW_Yosefa,1901.39203631514,1902.3130167073,3300.0,58,Whistle13126,/lustre/fsn1/projects/rech/vzf/uqe97pu/raw_data/all_categories/SW_YosefaExp_17_Feb_2020_0845am1901.39203631514_1902.3130167073.wav
7158,Exp_28_Nov_2019_1245pm,SW_Yosefa,976.163253877513,976.648255494185,3000.0,60,Whistle13190,/lustre/fsn1/projects/rech/vzf/uqe97pu/raw_data/all_categories/SW_YosefaExp_28_Nov_2019_1245pm976.163253877513_976.648255494185.wav
6719,Exp_04_Jan_2020_1045am,SW_Yosefa,2858.52366219292,2859.00866366262,3300.0,57,Whistle12946,/lustre/fsn1/projects/rech/vzf/uqe97pu/raw_data/all_categories/SW_YosefaExp_04_Jan_2020_1045am2858.52366219292_2859.00866366262.wav
6977,Exp_02_Feb_2020_1545pm,SW_Yosefa,1006.77305082743,1007.26305231228,3300.0,59,Whistle12679,/lustre/fsn1/projects/rech/vzf/uqe97pu/raw_data/all_categories/SW_YosefaExp_02_Feb_2020_1545pm1006.77305082743_1007.26305231228.wav
7091,Exp_11_Dec_2019_1545pm,SW_Yosefa,71.1852157127749,71.6252170461123,3300.0,59,Whistle13148,/lustre/fsn1/projects/rech/vzf/uqe97pu/raw_data/all_categories/SW_YosefaExp_11_Dec_2019_1545pm71.1852157127749_71.6252170461123.wav
6850,Exp_06_Dec_2019_1145am,SW_Yosefa,2715.1390504635,2716.45405484685,3000.0,58,Whistle12790,/lustre/fsn1/projects/rech/vzf/uqe97pu/raw_data/all_categories/SW_YosefaExp_06_Dec_2019_1145am2715.1390504635_2716.45405484685.wav
7168,Exp_23_Nov_2019_1145am,SW_Yosefa,1198.54609108319,1199.05550156354,3000.0,60,Whistle13258,/lustre/fsn1/projects/rech/vzf/uqe97pu/raw_data/all_categories/SW_YosefaExp_23_Nov_2019_1145am1198.54609108319_1199.05550156354.wav
7144,Exp_07_Dec_2019_1245pm,SW_Yosefa,2510.59260785639,2511.83261161397,3300.0,60,Whistle12847,/lustre/fsn1/projects/rech/vzf/uqe97pu/raw_data/all_categories/SW_YosefaExp_07_Dec_2019_1245pm2510.59260785639_2511.83261161397.wav
6757,Exp_04_Feb_2020_0945am,SW_Yosefa,61.6551874399619,62.7163815687498,3300.0,58,Whistle12659,/lustre/fsn1/projects/rech/vzf/uqe97pu/raw_data/all_categories/SW_YosefaExp_04_Feb_2020_0945am61.6551874399619_62.7163815687498.wav
6674,Exp_09_Feb_2020_1345pm,SW_Yosefa,682.362067763842,683.077069930515,3300.0,56,Whistle13055,/lustre/fsn1/projects/rech/vzf/uqe97pu/raw_data/all_categories/SW_YosefaExp_09_Feb_2020_1345pm682.362067763842_683.077069930515.wav
6913,Exp_01_Jan_2020_1345pm,SW_Yosefa,173.015524289468,173.970527183416,3300.0,58,Whistle12862,/lustre/fsn1/projects/rech/vzf/uqe97pu/raw_data/all_categories/SW_YosefaExp_01_Jan_2020_1345pm173.015524289468_173.970527183416.wav
6648,Exp_01_Feb_2020_1145am,SW_Yosefa,3022.81416004291,3023.5791623611,3300.0,56,Whistle12950,/lustre/fsn1/projects/rech/vzf/uqe97pu/raw_data/all_categories/SW_YosefaExp_01_Feb_2020_1145am3022.81416004291_3023.5791623611.wav
6632,Exp_06_Dec_2019_1245pm,SW_Yosefa,140.190467301558,140.955469851566,3000.0,56,Whistle12629,/lustre/fsn1/projects/rech/vzf/uqe97pu/raw_data/all_categories/SW_YosefaExp_06_Dec_2019_1245pm140.190467301558_140.955469851566.wav
7204,Exp_15_Feb_2020_1345pm,SW_Yosefa,539.521634914045,540.396637565568,3300.0,61,Whistle13205,/lustre/fsn1/projects/rech/vzf/uqe97pu/raw_data/all_categories/SW_YosefaExp_15_Feb_2020_1345pm539.521634914045_540.396637565568.wav
7069,Exp_02_Jan_2020_1045am,SW_Yosefa,3048.54923802799,3049.12423977042,3300.0,59,Whistle13084,/lustre/fsn1/projects/rech/vzf/uqe97pu/raw_data/all_categories/SW_YosefaExp_02_Jan_2020_1045am3048.54923802799_3049.12423977042.wav
7021,Exp_06_Mar_2020_1545pm,SW_Yosefa,871.142903809679,872.092906976357,3000.0,59,Whistle13000,/lustre/fsn1/projects/rech/vzf/uqe97pu/raw_data/all_categories/SW_YosefaExp_06_Mar_2020_1545pm871.142903809679_872.092906976357.wav
6584,Exp_05_Dec_2019_1245pm,SW_Yosefa,2758.58919529732,2759.12919709732,3000.0,54,Whistle12619,/lustre/fsn1/projects/rech/vzf/uqe97pu/raw_data/all_categories/SW_YosefaExp_05_Dec_2019_1245pm2758.58919529732_2759.12919709732.wav
7121,Exp_17_Dec_2019_0945am,SW_Yosefa,2647.2380219334,2648.22302491826,3300.0,59,Whistle13280,/lustre/fsn1/projects/rech/vzf/uqe97pu/raw_data/all_categories/SW_YosefaExp_17_Dec_2019_0945am2647.2380219334_2648.22302491826.wav
6907,Exp_07_Jan_2020_0945am,SW_Yosefa,2333.26707050627,2334.23707344568,3300.0,58,Whistle12855,/lustre/fsn1/projects/rech/vzf/uqe97pu/raw_data/all_categories/SW_YosefaExp_07_Jan_2020_0945am2333.26707050627_2334.23707344568.wav
7148,Exp_09_Dec_2019_1245pm,SW_Yosefa,2799.93348464692,2800.43348616208,3300.0,60,Whistle12890,/lustre/fsn1/projects/rech/vzf/uqe97pu/raw_data/all_categories/SW_YosefaExp_09_Dec_2019_1245pm2799.93348464692_2800.43348616208.wav
7140,Exp_06_Feb_2020_1345pm,SW_Yosefa,142.585432077067,143.350434395256,3300.0,60,Whistle12814,/lustre/fsn1/projects/rech/vzf/uqe97pu/raw_data/all_categories/SW_YosefaExp_06_Feb_2020_1345pm142.585432077067_143.350434395256.wav
7190,Exp_20_Nov_2019_1145am,SW_Yosefa,939.842611229476,940.02388782522,3600.0,61,Whistle13138,/lustre/fsn1/projects/rech/vzf/uqe97pu/raw_data/all_categories/SW_YosefaExp_20_Nov_2019_1145am939.842611229476_940.02388782522.wav
7179,Exp_05_Dec_2019_0945am,SW_Yosefa,193.86564688549,195.18835949546,3000.0,61,Whistle13089,/lustre/fsn1/projects/rech/vzf/uqe97pu/raw_data/all_categories/SW_YosefaExp_05_Dec_2019_0945am193.86564688549_195.18835949546.wav
6895,Exp_07_Dec_2019_0945am,SW_Yosefa,2241.14679135391,2242.46179533877,3300.0,58,Whistle12838,/lustre/fsn1/projects/rech/vzf/uqe97pu/raw_data/all_categories/SW_YosefaExp_07_Dec_2019_0945am2241.14679135391_2242.46179533877.wav
7177,Exp_07_Dec_2019_0845am,SW_Yosefa,2369.36218049146,2370.33786964102,3300.0,61,Whistle12670,/lustre/fsn1/projects/rech/vzf/uqe97pu/raw_data/all_categories/SW_YosefaExp_07_Dec_2019_0845am2369.36218049146_2370.33786964102.wav
7117,Exp_21_Nov_2019_1345pm,SW_Yosefa,716.041989005525,716.381989949972,3600.0,59,Whistle13254,/lustre/fsn1/projects/rech/vzf/uqe97pu/raw_data/all_categories/SW_YosefaExp_21_Nov_2019_1345pm716.041989005525_716.381989949972.wav
6992,Exp_04_Jan_2020_0945am,SW_Yosefa,1269.56884717832,1270.57385022379,3300.0,59,Whistle12944,/lustre/fsn1/projects/rech/vzf/uqe97pu/raw_data/all_categories/SW_YosefaExp_04_Jan_2020_0945am1269.56884717832_1270.57385022379.wav
6700,Exp_07_Dec_2019_0945am,SW_Yosefa,2813.89789480003,2814.6120590229,3300.0,57,Whistle12638,/lustre/fsn1/projects/rech/vzf/uqe97pu/raw_data/all_categories/SW_YosefaExp_07_Dec_2019_0945am2813.89789480003_2814.6120590229.wav
7028,Exp_01_Jan_2020_1045am,SW_Yosefa,2276.63689889969,2277.34690105121,3300.0,59,Whistle13011,/lustre/fsn1/projects/rech/vzf/uqe97pu/raw_data/all_categories/SW_YosefaExp_01_Jan_2020_1045am2276.63689889969_2277.34690105121.wav
7159,Exp_15_Dec_2019_1545pm,SW_Yosefa,483.776465989291,484.4464680196,3300.0,60,Whistle13197,/lustre/fsn1/projects/rech/vzf/uqe97pu/raw_data/all_categories/SW_YosefaExp_15_Dec_2019_1545pm483.776465989291_484.4464680196.wav
6899,Exp_07_Dec_2019_1145am,SW_Yosefa,668.527025839472,669.597029081906,3300.0,58,Whistle12844,/lustre/fsn1/projects/rech/vzf/uqe97pu/raw_data/all_categories/SW_YosefaExp_07_Dec_2019_1145am668.527025839472_669.597029081906.wav
6991,Exp_04_Feb_2020_1245pm,SW_Yosefa,3270.704911227,3271.46991354519,3300.0,59,Whistle12943,/lustre/fsn1/projects/rech/vzf/uqe97pu/raw_data/all_categories/SW_YosefaExp_04_Feb_2020_1245pm3270.704911227_3271.46991354519.wav
7172,Exp_27_Nov_2019_1545pm,SW_Yosefa,901.031951675076,902.137985350876,3000.0,60,Whistle13277,/lustre/fsn1/projects/rech/vzf/uqe97pu/raw_data/all_categories/SW_YosefaExp_27_Nov_2019_1545pm901.031951675076_902.137985350876.wav
7191,Exp_02_Jan_2020_1145am,SW_Yosefa,2137.06366642325,2137.84917879074,3300.0,61,Whistle13085,/lustre/fsn1/projects/rech/vzf/uqe97pu/raw_data/all_categories/SW_YosefaExp_02_Jan_2020_1145am2137.06366642325_2137.84917879074.wav
6703,Exp_02_Mar_2020_1145am,SW_Yosefa,257.800859336198,258.805862686209,3000.0,57,Whistle12656,/lustre/fsn1/projects/rech/vzf/uqe97pu/raw_data/all_categories/SW_YosefaExp_02_Mar_2020_1145am257.800859336198_258.805862686209.wav
7202,Exp_27_Nov_2019_1145am,SW_Yosefa,273.345911153037,273.885912953043,3000.0,61,Whistle13193,/lustre/fsn1/projects/rech/vzf/uqe97pu/raw_data/all_categories/SW_YosefaExp_27_Nov_2019_1145am273.345911153037_273.885912953043.wav
6655,Exp_05_Feb_2020_1545pm,SW_Yosefa,1015.58307752448,1016.34807984267,3300.0,56,Whistle12967,/lustre/fsn1/projects/rech/vzf/uqe97pu/raw_data/all_categories/SW_YosefaExp_05_Feb_2020_1545pm1015.58307752448_1016.34807984267.wav
7003,Exp_01_Feb_2020_1545pm,SW_Yosefa,413.421252791675,414.426255837139,3300.0,59,Whistle12965,/lustre/fsn1/projects/rech/vzf/uqe97pu/raw_data/all_categories/SW_YosefaExp_01_Feb_2020_1545pm413.421252791675_414.426255837139.wav
6940,Exp_09_Feb_2020_1345pm,SW_Yosefa,626.171897490598,626.906899717878,3300.0,58,Whistle12896,/lustre/fsn1/projects/rech/vzf/uqe97pu/raw_data/all_categories/SW_YosefaExp_09_Feb_2020_1345pm626.171897490598_626.906899717878.wav
7154,Exp_11_Dec_2019_1145am,SW_Yosefa,1775.64538074358,1776.28538268298,3300.0,60,Whistle13144,/lustre/fsn1/projects/rech/vzf/uqe97pu/raw_data/all_categories/SW_YosefaExp_11_Dec_2019_1145am1775.64538074358_1776.28538268298.wav
6879,Exp_06_Jan_2020_0945am,SW_Yosefa,1583.8647995903,1585.17980357516,3300.0,58,Whistle12822,/lustre/fsn1/projects/rech/vzf/uqe97pu/raw_data/all_categories/SW_YosefaExp_06_Jan_2020_0945am1583.8647995903_1585.17980357516.wav
6759,Exp_02_Mar_2020_1145am,SW_Yosefa,153.070510235034,153.910513035043,3000.0,58,Whistle12682,/lustre/fsn1/projects/rech/vzf/uqe97pu/raw_data/all_categories/SW_YosefaExp_02_Mar_2020_1145am153.070510235034_153.910513035043.wav
6689,Exp_17_Feb_2020_1345pm,SW_Yosefa,634.683528508513,635.564381351323,3300.0,56,Whistle13128,/lustre/fsn1/projects/rech/vzf/uqe97pu/raw_data/all_categories/SW_YosefaExp_17_Feb_2020_1345pm634.683528508513_635.564381351323.wav
6714,Exp_07_Jan_2020_0945am,SW_Yosefa,2353.14829814734,2353.65687076955,3300.0,57,Whistle12673,/lustre/fsn1/projects/rech/vzf/uqe97pu/raw_data/all_categories/SW_YosefaExp_07_Jan_2020_0945am2353.14829814734_2353.65687076955.wav
6687,Exp_15_Jan_2020_1245pm,SW_Yosefa,3066.40643814688,3066.98668928843,3300.0,56,Whistle13109,/lustre/fsn1/projects/rech/vzf/uqe97pu/raw_data/all_categories/SW_YosefaExp_15_Jan_2020_1245pm3066.40643814688_3066.98668928843.wav
6721,Exp_07_Dec_2019_0845am,SW_Yosefa,97.8952966524141,98.7202991524217,3300.0,57,Whistle13002,/lustre/fsn1/projects/rech/vzf/uqe97pu/raw_data/all_categories/SW_YosefaExp_07_Dec_2019_0845am97.8952966524141_98.7202991524217.wav
6932,Exp_08_Jan_2020_1345pm,SW_Yosefa,1579.73478707511,1580.70979002967,3300.0,58,Whistle12884,/lustre/fsn1/projects/rech/vzf/uqe97pu/raw_data/all_categories/SW_YosefaExp_08_Jan_2020_1345pm1579.73478707511_1580.70979002967.wav
6766,Exp_02_Mar_2020_1345pm,SW_Yosefa,1074.3835812786,1075.18858396195,3000.0,58,Whistle12689,/lustre/fsn1/projects/rech/vzf/uqe97pu/raw_data/all_categories/SW_YosefaExp_02_Mar_2020_1345pm1074.3835812786_1075.18858396195.wav
6716,Exp_09_Mar_2020_1545pm,SW_Yosefa,506.817149202924,507.421389485609,3000.0,57,Whistle12677,/lustre/fsn1/projects/rech/vzf/uqe97pu/raw_data/all_categories/SW_YosefaExp_09_Mar_2020_1545pm506.817149202924_507.421389485609.wav
6582,Exp_02_Jan_2020_1245pm,SW_Yosefa,3108.38441934672,3108.80442061946,3300.0,54,Whistle12614,/lustre/fsn1/projects/rech/vzf/uqe97pu/raw_data/all_categories/SW_YosefaExp_02_Jan_2020_1245pm3108.38441934672_3108.80442061946.wav
6798,Exp_04_Jan_2020_1145am,SW_Yosefa,335.321016124291,336.40601941218,3300.0,58,Whistle12728,/lustre/fsn1/projects/rech/vzf/uqe97pu/raw_data/all_categories/SW_YosefaExp_04_Jan_2020_1145am335.321016124291_336.40601941218.wav
6669,Exp_07_Mar_2020_0945am,SW_Yosefa,827.997759992533,828.762762542542,3000.0,56,Whistle13026,/lustre/fsn1/projects/rech/vzf/uqe97pu/raw_data/all_categories/SW_YosefaExp_07_Mar_2020_0945am827.997759992533_828.762762542542.wav
6649,Exp_01_Feb_2020_1145am,SW_Yosefa,3024.3941648308,3025.15916714899,3300.0,56,Whistle12951,/lustre/fsn1/projects/rech/vzf/uqe97pu/raw_data/all_categories/SW_YosefaExp_01_Feb_2020_1145am3024.3941648308_3025.15916714899.wav
7192,Exp_04_Feb_2020_1245pm,SW_Yosefa,2075.69629059482,2077.01926029179,3300.0,61,Whistle13087,/lustre/fsn1/projects/rech/vzf/uqe97pu/raw_data/all_categories/SW_YosefaExp_04_Feb_2020_1245pm2075.69629059482_2077.01926029179.wav
6747,Exp_17_Jan_2020_1045am,SW_Yosefa,2340.47209233967,2341.18709450635,3300.0,57,Whistle13265,/lustre/fsn1/projects/rech/vzf/uqe97pu/raw_data/all_categories/SW_YosefaExp_17_Jan_2020_1045am2340.47209233967_2341.18709450635.wav
6962,Exp_15_Dec_2019_1545pm,SW_Yosefa,485.337084009183,485.751427152922,3300.0,58,Whistle13106,/lustre/fsn1/projects/rech/vzf/uqe97pu/raw_data/all_categories/SW_YosefaExp_15_Dec_2019_1545pm485.337084009183_485.751427152922.wav
6885,Exp_01_Jan_2020_1045am,SW_Yosefa,2287.10693062706,2288.39693453616,3300.0,58,Whistle12828,/lustre/fsn1/projects/rech/vzf/uqe97pu/raw_data/all_categories/SW_YosefaExp_01_Jan_2020_1045am2287.10693062706_2288.39693453616.wav
7201,Exp_13_Dec_2019_1545pm,SW_Yosefa,340.076030533426,340.951033184949,3300.0,61,Whistle13176,/lustre/fsn1/projects/rech/vzf/uqe97pu/raw_data/all_categories/SW_YosefaExp_13_Dec_2019_1545pm340.076030533426_340.951033184949.wav
6740,Exp_15_Feb_2020_1145am,SW_Yosefa,1073.83825405532,1074.32825554017,3300.0,57,Whistle13201,/lustre/fsn1/projects/rech/vzf/uqe97pu/raw_data/all_categories/SW_YosefaExp_15_Feb_2020_1145am1073.83825405532_1074.32825554017.wav
6731,Exp_17_Jan_2020_1245pm,SW_Yosefa,2886.0337455568,2886.46874687499,3300.0,57,Whistle13132,/lustre/fsn1/projects/rech/vzf/uqe97pu/raw_data/all_categories/SW_YosefaExp_17_Jan_2020_1245pm2886.0337455568_2886.46874687499.wav
7175,Exp_11_Dec_2019_1145am,SW_Yosefa,2408.35229803727,2408.54229861303,3300.0,61,Whistle13147,/lustre/fsn1/projects/rech/vzf/uqe97pu/raw_data/all_categories/SW_YosefaExp_11_Dec_2019_1145am2408.35229803727_2408.54229861303.wav
6816,Exp_04_Jan_2020_1345pm,SW_Yosefa,2183.43161645944,2184.45661956551,3300.0,58,Whistle12748,/lustre/fsn1/projects/rech/vzf/uqe97pu/raw_data/all_categories/SW_YosefaExp_04_Jan_2020_1345pm2183.43161645944_2184.45661956551.wav
6775,Exp_03_Jan_2020_1145am,SW_Yosefa,1900.75575986594,1901.65076257807,3300.0,58,Whistle12699,/lustre/fsn1/projects/rech/vzf/uqe97pu/raw_data/all_categories/SW_YosefaExp_03_Jan_2020_1145am1900.75575986594_1901.65076257807.wav
7054,Exp_09_Feb_2020_1345pm,SW_Yosefa,1728.16523686435,1728.61523822799,3300.0,59,Whistle13058,/lustre/fsn1/projects/rech/vzf/uqe97pu/raw_data/all_categories/SW_YosefaExp_09_Feb_2020_1345pm1728.16523686435_1728.61523822799.wav
7173,Exp_17_Feb_2020_0645am,SW_Yosefa,2770.74701610161,2771.33226497039,3300.0,60,Whistle13285,/lustre/fsn1/projects/rech/vzf/uqe97pu/raw_data/all_categories/SW_YosefaExp_17_Feb_2020_0645am2770.74701610161_2771.33226497039.wav
6585,Exp_05_Jan_2020_1145am,SW_Yosefa,1095.86332079794,1096.62832311613,3300.0,54,Whistle12623,/lustre/fsn1/projects/rech/vzf/uqe97pu/raw_data/all_categories/SW_YosefaExp_05_Jan_2020_1145am1095.86332079794_1096.62832311613.wav
7206,Exp_14_Feb_2020_1145am,SW_Yosefa,562.313345250826,563.596239987668,3300.0,61,Whistle13217,/lustre/fsn1/projects/rech/vzf/uqe97pu/raw_data/all_categories/SW_YosefaExp_14_Feb_2020_1145am562.313345250826_563.596239987668.wav
6999,Exp_05_Feb_2020_0945am,SW_Yosefa,397.48620450365,398.491207549114,3300.0,59,Whistle12958,/lustre/fsn1/projects/rech/vzf/uqe97pu/raw_data/all_categories/SW_YosefaExp_05_Feb_2020_0945am397.48620450365_398.491207549114.wav
6979,Exp_02_Mar_2020_1145am,SW_Yosefa,346.77615592052,347.381157937193,3000.0,59,Whistle12923,/lustre/fsn1/projects/rech/vzf/uqe97pu/raw_data/all_categories/SW_YosefaExp_02_Mar_2020_1145am346.77615592052_347.381157937193.wav
6970,Exp_17_Jan_2020_1345pm,SW_Yosefa,267.89295531415,268.363491028436,3300.0,58,Whistle13261,/lustre/fsn1/projects/rech/vzf/uqe97pu/raw_data/all_categories/SW_YosefaExp_17_Jan_2020_1345pm267.89295531415_268.363491028436.wav
7189,Exp_17_Feb_2020_1345pm,SW_Yosefa,615.894209141858,615.98011433911,3300.0,61,Whistle13127,/lustre/fsn1/projects/rech/vzf/uqe97pu/raw_data/all_categories/SW_YosefaExp_17_Feb_2020_1345pm615.894209141858_615.98011433911.wav
6616,Exp_09_Dec_2019_1245pm,SW_Yosefa,3051.74424770984,3052.27424931591,3300.0,55,Whistle12647,/lustre/fsn1/projects/rech/vzf/uqe97pu/raw_data/all_categories/SW_YosefaExp_09_Dec_2019_1245pm3051.74424770984_3052.27424931591.wav
6760,Exp_02_Mar_2020_1145am,SW_Yosefa,180.170600568669,180.770602568675,3000.0,58,Whistle12683,/lustre/fsn1/projects/rech/vzf/uqe97pu/raw_data/all_categories/SW_YosefaExp_02_Mar_2020_1145am180.170600568669_180.770602568675.wav
6836,Exp_05_Feb_2020_1545pm,SW_Yosefa,400.631214033982,401.946218018842,3300.0,58,Whistle12772,/lustre/fsn1/projects/rech/vzf/uqe97pu/raw_data/all_categories/SW_YosefaExp_05_Feb_2020_1545pm400.631214033982_401.946218018842.wav
6781,Exp_04_Feb_2020_0945am,SW_Yosefa,2773.52840463153,2774.84340861639,3300.0,58,Whistle12708,/lustre/fsn1/projects/rech/vzf/uqe97pu/raw_data/all_categories/SW_YosefaExp_04_Feb_2020_0945am2773.52840463153_2774.84340861639.wav
7094,Exp_11_Mar_2020_1145am,SW_Yosefa,114.130380434601,114.805382684609,3000.0,59,Whistle13152,/lustre/fsn1/projects/rech/vzf/uqe97pu/raw_data/all_categories/SW_YosefaExp_11_Mar_2020_1145am114.130380434601_114.805382684609.wav
6974,Exp_02_Jan_2020_1245pm,SW_Yosefa,3230.96979081755,3231.80479334786,3300.0,59,Whistle12655,/lustre/fsn1/projects/rech/vzf/uqe97pu/raw_data/all_categories/SW_YosefaExp_02_Jan_2020_1245pm3230.96979081755_3231.80479334786.wav
6619,Exp_12_Dec_2019_0945am,SW_Yosefa,3192.06114580662,3192.97820007019,3300.0,55,Whistle13099,/lustre/fsn1/projects/rech/vzf/uqe97pu/raw_data/all_categories/SW_YosefaExp_12_Dec_2019_0945am3192.06114580662_3192.97820007019.wav
7176,Exp_05_Jan_2020_1545pm,SW_Yosefa,873.492647553477,874.619223311053,3300.0,61,Whistle12660,/lustre/fsn1/projects/rech/vzf/uqe97pu/raw_data/all_categories/SW_YosefaExp_05_Jan_2020_1545pm873.492647553477_874.619223311053.wav
6908,Exp_01_Jan_2020_1245pm,SW_Yosefa,2634.20298243328,2634.61798369086,3300.0,58,Whistle12856,/lustre/fsn1/projects/rech/vzf/uqe97pu/raw_data/all_categories/SW_YosefaExp_01_Jan_2020_1245pm2634.20298243328_2634.61798369086.wav
6743,Exp_16_Feb_2020_1545pm,SW_Yosefa,1543.39118975379,1543.7835971612,3300.0,57,Whistle13228,/lustre/fsn1/projects/rech/vzf/uqe97pu/raw_data/all_categories/SW_YosefaExp_16_Feb_2020_1545pm1543.39118975379_1543.7835971612.wav
6835,Exp_05_Feb_2020_1545pm,SW_Yosefa,385.461168064146,386.091169973242,3300.0,58,Whistle12771,/lustre/fsn1/projects/rech/vzf/uqe97pu/raw_data/all_categories/SW_YosefaExp_05_Feb_2020_1545pm385.461168064146_386.091169973242.wav
6891,Exp_06_Mar_2020_1545pm,SW_Yosefa,1009.80336601122,1010.82336941123,3000.0,58,Whistle12834,/lustre/fsn1/projects/rech/vzf/uqe97pu/raw_data/all_categories/SW_YosefaExp_06_Mar_2020_1545pm1009.80336601122_1010.82336941123.wav
6653,Exp_05_Feb_2020_1345pm,SW_Yosefa,2007.56108351843,2008.05608501844,3300.0,56,Whistle12962,/lustre/fsn1/projects/rech/vzf/uqe97pu/raw_data/all_categories/SW_YosefaExp_05_Feb_2020_1345pm2007.56108351843_2008.05608501844.wav
6663,Exp_06_Feb_2020_1345pm,SW_Yosefa,165.150500456062,165.915502774251,3300.0,56,Whistle12989,/lustre/fsn1/projects/rech/vzf/uqe97pu/raw_data/all_categories/SW_YosefaExp_06_Feb_2020_1345pm165.150500456062_165.915502774251.wav
6748,Exp_15_Dec_2019_1245pm,SW_Yosefa,2268.61805642992,2269.29211703598,3300.0,57,Whistle13291,/lustre/fsn1/projects/rech/vzf/uqe97pu/raw_data/all_categories/SW_YosefaExp_15_Dec_2019_1245pm2268.61805642992_2269.29211703598.wav
6599,Exp_06_Dec_2019_1245pm,SW_Yosefa,142.745475818253,143.220477401591,3000.0,54,Whistle12981,/lustre/fsn1/projects/rech/vzf/uqe97pu/raw_data/all_categories/SW_YosefaExp_06_Dec_2019_1245pm142.745475818253_143.220477401591.wav
6801,Exp_04_Jan_2020_1145am,SW_Yosefa,16.7800508486389,17.805053954709,3300.0,58,Whistle12731,/lustre/fsn1/projects/rech/vzf/uqe97pu/raw_data/all_categories/SW_YosefaExp_04_Jan_2020_1145am16.7800508486389_17.805053954709.wav
6608,Exp_16_Jan_2020_1245pm,SW_Yosefa,2735.41828914633,2735.74829014633,3300.0,54,Whistle13274,/lustre/fsn1/projects/rech/vzf/uqe97pu/raw_data/all_categories/SW_YosefaExp_16_Jan_2020_1245pm2735.41828914633_2735.74829014633.wav
6997,Exp_04_Mar_2020_1545pm,SW_Yosefa,696.967323224411,697.507325024417,3000.0,59,Whistle12954,/lustre/fsn1/projects/rech/vzf/uqe97pu/raw_data/all_categories/SW_YosefaExp_04_Mar_2020_1545pm696.967323224411_697.507325024417.wav
7099,Exp_13_Dec_2019_1545pm,SW_Yosefa,341.676035381925,342.216037018294,3300.0,59,Whistle13177,/lustre/fsn1/projects/rech/vzf/uqe97pu/raw_data/all_categories/SW_YosefaExp_13_Dec_2019_1545pm341.676035381925_342.216037018294.wav
7044,Exp_08_Jan_2020_1345pm,SW_Yosefa,2193.59164724742,2194.16664898985,3300.0,59,Whistle13040,/lustre/fsn1/projects/rech/vzf/uqe97pu/raw_data/all_categories/SW_YosefaExp_08_Jan_2020_1345pm2193.59164724742_2194.16664898985.wav
6923,Exp_08_Dec_2019_1045am,SW_Yosefa,2426.82735402228,2427.31235549199,3300.0,58,Whistle12875,/lustre/fsn1/projects/rech/vzf/uqe97pu/raw_data/all_categories/SW_YosefaExp_08_Dec_2019_1045am2426.82735402228_2427.31235549199.wav
7207,Exp_16_Nov_2019_0845am,SW_Yosefa,988.662747396521,989.897706746114,3600.0,61,Whistle13233,/lustre/fsn1/projects/rech/vzf/uqe97pu/raw_data/all_categories/SW_YosefaExp_16_Nov_2019_0845am988.662747396521_989.897706746114.wav
6684,Exp_09_Mar_2020_1545pm,SW_Yosefa,962.608208694029,963.61321204404,3000.0,56,Whistle13074,/lustre/fsn1/projects/rech/vzf/uqe97pu/raw_data/all_categories/SW_YosefaExp_09_Mar_2020_1545pm962.608208694029_963.61321204404.wav
6677,Exp_01_Jan_2020_1545pm,SW_Yosefa,856.492595432107,857.242597704841,3300.0,56,Whistle13059,/lustre/fsn1/projects/rech/vzf/uqe97pu/raw_data/all_categories/SW_YosefaExp_01_Jan_2020_1545pm856.492595432107_857.242597704841.wav
7082,Exp_17_Dec_2019_1245pm,SW_Yosefa,2821.68355116228,2822.57019267171,3300.0,59,Whistle13122,/lustre/fsn1/projects/rech/vzf/uqe97pu/raw_data/all_categories/SW_YosefaExp_17_Dec_2019_1245pm2821.68355116228_2822.57019267171.wav
6960,Exp_03_Jan_2020_1045am,SW_Yosefa,2180.92160885336,2181.39161027761,3300.0,58,Whistle12938,/lustre/fsn1/projects/rech/vzf/uqe97pu/raw_data/all_categories/SW_YosefaExp_03_Jan_2020_1045am2180.92160885336_2181.39161027761.wav
6628,Exp_04_Jan_2020_1345pm,SW_Yosefa,2216.74671741429,2217.51171973248,3300.0,56,Whistle12618,/lustre/fsn1/projects/rech/vzf/uqe97pu/raw_data/all_categories/SW_YosefaExp_04_Jan_2020_1345pm2216.74671741429_2217.51171973248.wav
6591,Exp_07_Jan_2020_1545pm,SW_Yosefa,685.91207852145,686.677080839639,3300.0,54,Whistle12870,/lustre/fsn1/projects/rech/vzf/uqe97pu/raw_data/all_categories/SW_YosefaExp_07_Jan_2020_1545pm685.91207852145_686.677080839639.wav
7031,Exp_07_Jan_2020_1545pm,SW_Yosefa,116.565353228343,117.330355546532,3300.0,59,Whistle13020,/lustre/fsn1/projects/rech/vzf/uqe97pu/raw_data/all_categories/SW_YosefaExp_07_Jan_2020_1545pm116.565353228343_117.330355546532.wav
7101,Exp_15_Dec_2019_0845am,SW_Yosefa,211.450640759517,212.320643395889,3300.0,59,Whistle13187,/lustre/fsn1/projects/rech/vzf/uqe97pu/raw_data/all_categories/SW_YosefaExp_15_Dec_2019_0845am211.450640759517_212.320643395889.wav
6794,Exp_04_Jan_2020_1045am,SW_Yosefa,2556.30774638711,2557.21274912954,3300.0,58,Whistle12724,/lustre/fsn1/projects/rech/vzf/uqe97pu/raw_data/all_categories/SW_YosefaExp_04_Jan_2020_1045am2556.30774638711_2557.21274912954.wav
6902,Exp_07_Dec_2019_1245pm,SW_Yosefa,2727.89326634323,2728.9182694493,3300.0,58,Whistle12849,/lustre/fsn1/projects/rech/vzf/uqe97pu/raw_data/all_categories/SW_YosefaExp_07_Dec_2019_1245pm2727.89326634323_2728.9182694493.wav
6729,Exp_17_Dec_2019_0945am,SW_Yosefa,998.689558894402,999.455382649192,3300.0,57,Whistle13121,/lustre/fsn1/projects/rech/vzf/uqe97pu/raw_data/all_categories/SW_YosefaExp_17_Dec_2019_0945am998.689558894402_999.455382649192.wav
6657,Exp_05_Jan_2020_1345pm,SW_Yosefa,197.715599138179,198.215600653335,3300.0,56,Whistle12971,/lustre/fsn1/projects/rech/vzf/uqe97pu/raw_data/all_categories/SW_YosefaExp_05_Jan_2020_1345pm197.715599138179_198.215600653335.wav
7170,Exp_17_Dec_2019_1145am,SW_Yosefa,3253.08729616211,3253.45487566741,3300.0,60,Whistle13263,/lustre/fsn1/projects/rech/vzf/uqe97pu/raw_data/all_categories/SW_YosefaExp_17_Dec_2019_1145am3253.08729616211_3253.45487566741.wav
7041,Exp_08_Feb_2020_1045am,SW_Yosefa,3236.50480759033,3237.17480962063,3300.0,59,Whistle13034,/lustre/fsn1/projects/rech/vzf/uqe97pu/raw_data/all_categories/SW_YosefaExp_08_Feb_2020_1045am3236.50480759033_3237.17480962063.wav
7095,Exp_11_Mar_2020_1145am,SW_Yosefa,146.925489751632,148.040493468312,3000.0,59,Whistle13155,/lustre/fsn1/projects/rech/vzf/uqe97pu/raw_data/all_categories/SW_YosefaExp_11_Mar_2020_1145am146.925489751632_148.040493468312.wav
7197,Exp_08_Dec_2019_1045am,SW_Yosefa,2393.7422537644,2394.74725680987,3300.0,61,Whistle13093,/lustre/fsn1/projects/rech/vzf/uqe97pu/raw_data/all_categories/SW_YosefaExp_08_Dec_2019_1045am2393.7422537644_2394.74725680987.wav
7000,Exp_01_Feb_2020_1345pm,SW_Yosefa,803.282434189194,803.722435522532,3300.0,59,Whistle12959,/lustre/fsn1/projects/rech/vzf/uqe97pu/raw_data/all_categories/SW_YosefaExp_01_Feb_2020_1345pm803.282434189194_803.722435522532.wav
6769,Exp_01_Feb_2020_1145am,SW_Yosefa,2860.0636668596,2860.95366955657,3300.0,58,Whistle12692,/lustre/fsn1/projects/rech/vzf/uqe97pu/raw_data/all_categories/SW_YosefaExp_01_Feb_2020_1145am2860.0636668596_2860.95366955657.wav
6989,Exp_04_Feb_2020_1145am,SW_Yosefa,402.701220306728,403.171221730975,3300.0,59,Whistle12941,/lustre/fsn1/projects/rech/vzf/uqe97pu/raw_data/all_categories/SW_YosefaExp_04_Feb_2020_1145am402.701220306728_403.171221730975.wav
6993,Exp_04_Jan_2020_0945am,SW_Yosefa,446.646353473798,447.201355155622,3300.0,59,Whistle12945,/lustre/fsn1/projects/rech/vzf/uqe97pu/raw_data/all_categories/SW_YosefaExp_04_Jan_2020_0945am446.646353473798_447.201355155622.wav
6852,Exp_06_Dec_2019_1145am,SW_Yosefa,2846.09448698162,2846.88448961497,3000.0,58,Whistle12792,/lustre/fsn1/projects/rech/vzf/uqe97pu/raw_data/all_categories/SW_YosefaExp_06_Dec_2019_1145am2846.09448698162_2846.88448961497.wav
6846,Exp_05_Jan_2020_1545pm,SW_Yosefa,369.816120654911,370.246121957945,3300.0,58,Whistle12784,/lustre/fsn1/projects/rech/vzf/uqe97pu/raw_data/all_categories/SW_YosefaExp_05_Jan_2020_1545pm369.816120654911_370.246121957945.wav
6833,Exp_01_Feb_2020_1545pm,SW_Yosefa,635.3069251725,635.97692720281,3300.0,58,Whistle12769,/lustre/fsn1/projects/rech/vzf/uqe97pu/raw_data/all_categories/SW_YosefaExp_01_Feb_2020_1545pm635.3069251725_635.97692720281.wav
6869,Exp_06_Feb_2020_1145am,SW_Yosefa,1643.81998127267,1644.33498283328,3300.0,58,Whistle12810,/lustre/fsn1/projects/rech/vzf/uqe97pu/raw_data/all_categories/SW_YosefaExp_06_Feb_2020_1145am1643.81998127267_1644.33498283328.wav
6916,Exp_01_Jan_2020_1345pm,SW_Yosefa,304.015921260367,304.795923624011,3300.0,58,Whistle12866,/lustre/fsn1/projects/rech/vzf/uqe97pu/raw_data/all_categories/SW_YosefaExp_01_Jan_2020_1345pm304.015921260367_304.795923624011.wav
6710,Exp_06_Jan_2020_0845am,SW_Yosefa,86.5752623492798,87.5802653947436,3300.0,57,Whistle12667,/lustre/fsn1/projects/rech/vzf/uqe97pu/raw_data/all_categories/SW_YosefaExp_06_Jan_2020_0845am86.5752623492798_87.5802653947436.wav
6790,Exp_01_Feb_2020_1145am,SW_Yosefa,2243.95679986909,2244.98180297516,3300.0,58,Whistle12719,/lustre/fsn1/projects/rech/vzf/uqe97pu/raw_data/all_categories/SW_YosefaExp_01_Feb_2020_1145am2243.95679986909_2244.98180297516.wav
6860,Exp_06_Dec_2019_1245pm,SW_Yosefa,82.1752739175797,83.4902783009277,3000.0,58,Whistle12800,/lustre/fsn1/projects/rech/vzf/uqe97pu/raw_data/all_categories/SW_YosefaExp_06_Dec_2019_1245pm82.1752739175797_83.4902783009277.wav
6680,Exp_09_Jan_2020_1145am,SW_Yosefa,1138.05344864681,1138.818450965,3300.0,56,Whistle13069,/lustre/fsn1/projects/rech/vzf/uqe97pu/raw_data/all_categories/SW_YosefaExp_09_Jan_2020_1145am1138.05344864681_1138.818450965.wav
6784,Exp_04_Feb_2020_1145am,SW_Yosefa,3077.2243249222,3078.53932890706,3300.0,58,Whistle12712,/lustre/fsn1/projects/rech/vzf/uqe97pu/raw_data/all_categories/SW_YosefaExp_04_Feb_2020_1145am3077.2243249222_3078.53932890706.wav
6925,Exp_08_Feb_2020_1345pm,SW_Yosefa,313.790950881669,315.10595486653,3300.0,58,Whistle12877,/lustre/fsn1/projects/rech/vzf/uqe97pu/raw_data/all_categories/SW_YosefaExp_08_Feb_2020_1345pm313.790950881669_315.10595486653.wav
6867,Exp_06_Feb_2020_1045am,SW_Yosefa,3150.75954775621,3151.67455052894,3300.0,58,Whistle12807,/lustre/fsn1/projects/rech/vzf/uqe97pu/raw_data/all_categories/SW_YosefaExp_06_Feb_2020_1045am3150.75954775621_3151.67455052894.wav
7071,Exp_11_Jan_2020_1145am,SW_Yosefa,392.598014991339,393.278372134196,3300.0,59,Whistle13097,/lustre/fsn1/projects/rech/vzf/uqe97pu/raw_data/all_categories/SW_YosefaExp_11_Jan_2020_1145am392.598014991339_393.278372134196.wav
6791,Exp_04_Jan_2020_0945am,SW_Yosefa,1769.28536147079,1770.60036545565,3300.0,58,Whistle12720,/lustre/fsn1/projects/rech/vzf/uqe97pu/raw_data/all_categories/SW_YosefaExp_04_Jan_2020_0945am1769.28536147079_1770.60036545565.wav
6849,Exp_06_Dec_2019_0945am,SW_Yosefa,94.8653162177207,95.9953199843999,3000.0,58,Whistle12789,/lustre/fsn1/projects/rech/vzf/uqe97pu/raw_data/all_categories/SW_YosefaExp_06_Dec_2019_0945am94.8653162177207_95.9953199843999.wav
7089,Exp_27_Nov_2019_1545pm,SW_Yosefa,568.593387751772,569.379066388136,3000.0,59,Whistle13142,/lustre/fsn1/projects/rech/vzf/uqe97pu/raw_data/all_categories/SW_YosefaExp_27_Nov_2019_1545pm568.593387751772_569.379066388136.wav
7115,Exp_21_Nov_2019_1145am,SW_Yosefa,143.12039755666,143.595398876108,3600.0,59,Whistle13249,/lustre/fsn1/projects/rech/vzf/uqe97pu/raw_data/all_categories/SW_YosefaExp_21_Nov_2019_1145am143.12039755666_143.595398876108.wav
7184,Exp_14_Feb_2020_1145am,SW_Yosefa,443.701344549529,443.89634514044,3300.0,61,Whistle13184,/lustre/fsn1/projects/rech/vzf/uqe97pu/raw_data/all_categories/SW_YosefaExp_14_Feb_2020_1145am443.701344549529_443.89634514044.wav
6727,Exp_12_Dec_2019_0945am,SW_Yosefa,3187.46109296123,3188.20667786689,3300.0,57,Whistle13098,/lustre/fsn1/projects/rech/vzf/uqe97pu/raw_data/all_categories/SW_YosefaExp_12_Dec_2019_0945am3187.46109296123_3188.20667786689.wav
7070,Exp_11_Jan_2020_0945am,SW_Yosefa,482.402927024077,483.158421529571,3300.0,59,Whistle13096,/lustre/fsn1/projects/rech/vzf/uqe97pu/raw_data/all_categories/SW_YosefaExp_11_Jan_2020_0945am482.402927024077_483.158421529571.wav
6595,Exp_05_Feb_2020_1545pm,SW_Yosefa,1014.73807496386,1015.50307728205,3300.0,54,Whistle12966,/lustre/fsn1/projects/rech/vzf/uqe97pu/raw_data/all_categories/SW_YosefaExp_05_Feb_2020_1545pm1014.73807496386_1015.50307728205.wav
6733,Exp_12_Dec_2019_1245pm,SW_Yosefa,1822.50052272886,1823.23052494098,3300.0,57,Whistle13157,/lustre/fsn1/projects/rech/vzf/uqe97pu/raw_data/all_categories/SW_YosefaExp_12_Dec_2019_1245pm1822.50052272886_1823.23052494098.wav
6888,Exp_06_Jan_2020_1345pm,SW_Yosefa,2840.7086082079,2842.02361219276,3300.0,58,Whistle12831,/lustre/fsn1/projects/rech/vzf/uqe97pu/raw_data/all_categories/SW_YosefaExp_06_Jan_2020_1345pm2840.7086082079_2842.02361219276.wav
7053,Exp_09_Feb_2020_1345pm,SW_Yosefa,630.031909187604,630.601910914882,3300.0,59,Whistle13054,/lustre/fsn1/projects/rech/vzf/uqe97pu/raw_data/all_categories/SW_YosefaExp_09_Feb_2020_1345pm630.031909187604_630.601910914882.wav
7038,Exp_07_Mar_2020_1145am,SW_Yosefa,371.936239787466,372.686242287474,3000.0,59,Whistle13029,/lustre/fsn1/projects/rech/vzf/uqe97pu/raw_data/all_categories/SW_YosefaExp_07_Mar_2020_1145am371.936239787466_372.686242287474.wav
6866,Exp_06_Dec_2019_1345pm,SW_Yosefa,243.655812186041,244.680815602719,3000.0,58,Whistle12806,/lustre/fsn1/projects/rech/vzf/uqe97pu/raw_data/all_categories/SW_YosefaExp_06_Dec_2019_1345pm243.655812186041_244.680815602719.wav
6797,Exp_04_Jan_2020_1145am,SW_Yosefa,162.440492243916,163.280494789378,3300.0,58,Whistle12727,/lustre/fsn1/projects/rech/vzf/uqe97pu/raw_data/all_categories/SW_YosefaExp_04_Jan_2020_1145am162.440492243916_163.280494789378.wav
6777,Exp_03_Mar_2020_1345pm,SW_Yosefa,1501.94000646669,1502.44500815003,3000.0,58,Whistle12701,/lustre/fsn1/projects/rech/vzf/uqe97pu/raw_data/all_categories/SW_YosefaExp_03_Mar_2020_1345pm1501.94000646669_1502.44500815003.wav
6785,Exp_04_Feb_2020_1145am,SW_Yosefa,3078.80932972524,3079.53433192222,3300.0,58,Whistle12713,/lustre/fsn1/projects/rech/vzf/uqe97pu/raw_data/all_categories/SW_YosefaExp_04_Feb_2020_1145am3078.80932972524_3079.53433192222.wav
6739,Exp_14_Jan_2020_0945am,SW_Yosefa,2904.21380064788,2904.56380170849,3300.0,57,Whistle13194,/lustre/fsn1/projects/rech/vzf/uqe97pu/raw_data/all_categories/SW_YosefaExp_14_Jan_2020_0945am2904.21380064788_2904.56380170849.wav
6778,Exp_03_Mar_2020_1345pm,SW_Yosefa,2534.06844689482,2534.59344864483,3000.0,58,Whistle12702,/lustre/fsn1/projects/rech/vzf/uqe97pu/raw_data/all_categories/SW_YosefaExp_03_Mar_2020_1345pm2534.06844689482_2534.59344864483.wav
6990,Exp_04_Feb_2020_1145am,SW_Yosefa,539.261634126164,539.66663535344,3300.0,59,Whistle12942,/lustre/fsn1/projects/rech/vzf/uqe97pu/raw_data/all_categories/SW_YosefaExp_04_Feb_2020_1145am539.261634126164_539.66663535344.wav
6969,Exp_16_Nov_2019_1345pm,SW_Yosefa,891.972477701327,892.602479451332,3600.0,58,Whistle13241,/lustre/fsn1/projects/rech/vzf/uqe97pu/raw_data/all_categories/SW_YosefaExp_16_Nov_2019_1345pm891.972477701327_892.602479451332.wav
7010,Exp_06_Feb_2020_1045am,SW_Yosefa,3163.70958699875,3164.44458922603,3300.0,59,Whistle12986,/lustre/fsn1/projects/rech/vzf/uqe97pu/raw_data/all_categories/SW_YosefaExp_06_Feb_2020_1045am3163.70958699875_3164.44458922603.wav
7005,Exp_05_Jan_2020_1345pm,SW_Yosefa,313.690950578638,314.455952896827,3300.0,59,Whistle12973,/lustre/fsn1/projects/rech/vzf/uqe97pu/raw_data/all_categories/SW_YosefaExp_05_Jan_2020_1345pm313.690950578638_314.455952896827.wav
6617,Exp_09_Jan_2020_1145am,SW_Yosefa,282.835857078355,283.480859032906,3300.0,55,Whistle12651,/lustre/fsn1/projects/rech/vzf/uqe97pu/raw_data/all_categories/SW_YosefaExp_09_Jan_2020_1145am282.835857078355_283.480859032906.wav
6620,Exp_17_Jan_2020_1045am,SW_Yosefa,2140.29648574693,2140.65148682269,3300.0,55,Whistle13130,/lustre/fsn1/projects/rech/vzf/uqe97pu/raw_data/all_categories/SW_YosefaExp_17_Jan_2020_1045am2140.29648574693_2140.65148682269.wav
6662,Exp_06_Dec_2019_1245pm,SW_Yosefa,133.410444701482,134.175447251491,3000.0,56,Whistle12985,/lustre/fsn1/projects/rech/vzf/uqe97pu/raw_data/all_categories/SW_YosefaExp_06_Dec_2019_1245pm133.410444701482_134.175447251491.wav
7036,Exp_07_Mar_2020_0945am,SW_Yosefa,829.487764959216,830.252767509225,3000.0,59,Whistle13027,/lustre/fsn1/projects/rech/vzf/uqe97pu/raw_data/all_categories/SW_YosefaExp_07_Mar_2020_0945am829.487764959216_830.252767509225.wav
6832,Exp_05_Feb_2020_1345pm,SW_Yosefa,195.685592986645,196.110594274528,3300.0,58,Whistle12767,/lustre/fsn1/projects/rech/vzf/uqe97pu/raw_data/all_categories/SW_YosefaExp_05_Feb_2020_1345pm195.685592986645_196.110594274528.wav
7188,Exp_15_Feb_2020_1345pm,SW_Yosefa,1552.92828220205,1553.73412161811,3300.0,61,Whistle13203,/lustre/fsn1/projects/rech/vzf/uqe97pu/raw_data/all_categories/SW_YosefaExp_15_Feb_2020_1345pm1552.92828220205_1553.73412161811.wav
7096,Exp_12_Dec_2019_1245pm,SW_Yosefa,2210.42669826272,2210.95169985364,3300.0,59,Whistle13158,/lustre/fsn1/projects/rech/vzf/uqe97pu/raw_data/all_categories/SW_YosefaExp_12_Dec_2019_1245pm2210.42669826272_2210.95169985364.wav
7047,Exp_09_Dec_2019_1145am,SW_Yosefa,621.296882717826,621.961884732984,3300.0,59,Whistle13044,/lustre/fsn1/projects/rech/vzf/uqe97pu/raw_data/all_categories/SW_YosefaExp_09_Dec_2019_1145am621.296882717826_621.961884732984.wav
7004,Exp_05_Jan_2020_1345pm,SW_Yosefa,1217.06368807178,1217.46868929906,3300.0,59,Whistle12970,/lustre/fsn1/projects/rech/vzf/uqe97pu/raw_data/all_categories/SW_YosefaExp_05_Jan_2020_1345pm1217.06368807178_1217.46868929906.wav
7162,Exp_16_Dec_2019_1545pm,SW_Yosefa,806.852445007409,807.082445704381,3300.0,60,Whistle13211,/lustre/fsn1/projects/rech/vzf/uqe97pu/raw_data/all_categories/SW_YosefaExp_16_Dec_2019_1545pm806.852445007409_807.082445704381.wav
7079,Exp_16_Jan_2020_1045am,SW_Yosefa,1420.78930542214,1421.42430734639,3300.0,59,Whistle13113,/lustre/fsn1/projects/rech/vzf/uqe97pu/raw_data/all_categories/SW_YosefaExp_16_Jan_2020_1045am1420.78930542214_1421.42430734639.wav
7126,Exp_18_Nov_2019_1545pm,SW_Yosefa,320.360889891361,321.290892474701,3600.0,59,Whistle13268,/lustre/fsn1/projects/rech/vzf/uqe97pu/raw_data/all_categories/SW_YosefaExp_18_Nov_2019_1545pm320.360889891361_321.290892474701.wav
6681,Exp_09_Jan_2020_1545pm,SW_Yosefa,555.831684338437,556.561686550565,3300.0,56,Whistle13071,/lustre/fsn1/projects/rech/vzf/uqe97pu/raw_data/all_categories/SW_YosefaExp_09_Jan_2020_1545pm555.831684338437_556.561686550565.wav
7174,Exp_16_Jan_2020_1145am,SW_Yosefa,685.374727277331,685.455439129183,3300.0,61,Whistle13114,/lustre/fsn1/projects/rech/vzf/uqe97pu/raw_data/all_categories/SW_YosefaExp_16_Jan_2020_1145am685.374727277331_685.455439129183.wav
6644,Exp_09_Jan_2020_1145am,SW_Yosefa,1133.8334358589,1134.59843817709,3300.0,56,Whistle12905,/lustre/fsn1/projects/rech/vzf/uqe97pu/raw_data/all_categories/SW_YosefaExp_09_Jan_2020_1145am1133.8334358589_1134.59843817709.wav
6839,Exp_05_Jan_2020_1045am,SW_Yosefa,3039.22920978548,3040.29421301277,3300.0,58,Whistle12775,/lustre/fsn1/projects/rech/vzf/uqe97pu/raw_data/all_categories/SW_YosefaExp_05_Jan_2020_1045am3039.22920978548_3040.29421301277.wav
7012,Exp_06_Feb_2020_1345pm,SW_Yosefa,321.125973109009,322.130976154473,3300.0,59,Whistle12988,/lustre/fsn1/projects/rech/vzf/uqe97pu/raw_data/all_categories/SW_YosefaExp_06_Feb_2020_1345pm321.125973109009_322.130976154473.wav
6864,Exp_06_Dec_2019_1345pm,SW_Yosefa,603.64201214004,604.887016290054,3000.0,58,Whistle12804,/lustre/fsn1/projects/rech/vzf/uqe97pu/raw_data/all_categories/SW_YosefaExp_06_Dec_2019_1345pm603.64201214004_604.887016290054.wav
6598,Exp_06_Dec_2019_1245pm,SW_Yosefa,141.525471751573,142.195473984913,3000.0,54,Whistle12980,/lustre/fsn1/projects/rech/vzf/uqe97pu/raw_data/all_categories/SW_YosefaExp_06_Dec_2019_1245pm141.525471751573_142.195473984913.wav
6910,Exp_07_Jan_2020_1345pm,SW_Yosefa,2247.08680935397,2247.95181197519,3300.0,58,Whistle12859,/lustre/fsn1/projects/rech/vzf/uqe97pu/raw_data/all_categories/SW_YosefaExp_07_Jan_2020_1345pm2247.08680935397_2247.95181197519.wav
6857,Exp_06_Dec_2019_1145am,SW_Yosefa,1868.30622768743,1869.00623002077,3000.0,58,Whistle12797,/lustre/fsn1/projects/rech/vzf/uqe97pu/raw_data/all_categories/SW_YosefaExp_06_Dec_2019_1145am1868.30622768743_1869.00623002077.wav
