Unnamed: 0,name,label,onset,offset,recording_duration,whistle_type,whistle_name,path
8321,Exp_15_Feb_2020_1345pm,NSW_3,603.226827960085,603.561828975239,3300.0,88,Whistle15547,/lustre/fsn1/projects/rech/vzf/uqe97pu/raw_data/all_categories/NSW_3Exp_15_Feb_2020_1345pm603.226827960085_603.561828975239.wav
8307,Exp_17_Jan_2020_1245pm,NSW_3,1396.93102730927,1397.67401643971,3300.0,86,Whistle15530,/lustre/fsn1/projects/rech/vzf/uqe97pu/raw_data/all_categories/NSW_3Exp_17_Jan_2020_1245pm1396.93102730927_1397.67401643971.wav
8308,Exp_16_Jan_2020_1245pm,NSW_3,3154.96456171079,3155.64057693874,3300.0,86,Whistle15569,/lustre/fsn1/projects/rech/vzf/uqe97pu/raw_data/all_categories/NSW_3Exp_16_Jan_2020_1245pm3154.96456171079_3155.64057693874.wav
8325,Exp_15_Jan_2020_1045am,NSW_3,669.342028309177,669.712029430392,3300.0,89,Whistle15549,/lustre/fsn1/projects/rech/vzf/uqe97pu/raw_data/all_categories/NSW_3Exp_15_Jan_2020_1045am669.342028309177_669.712029430392.wav
8317,Exp_12_Mar_2020_1345pm,NSW_3,134.120447068157,134.71044903483,3000.0,88,Whistle15510,/lustre/fsn1/projects/rech/vzf/uqe97pu/raw_data/all_categories/NSW_3Exp_12_Mar_2020_1345pm134.120447068157_134.71044903483.wav
8323,Exp_01_Jan_2020_1245pm,NSW_3,2928.06599443567,2928.43874823059,3300.0,89,Whistle15487,/lustre/fsn1/projects/rech/vzf/uqe97pu/raw_data/all_categories/NSW_3Exp_01_Jan_2020_1245pm2928.06599443567_2928.43874823059.wav
8286,Exp_03_Jan_2020_1145am,NSW_3,2019.95171626971,2020.4560876307,3300.0,85,Whistle15489,/lustre/fsn1/projects/rech/vzf/uqe97pu/raw_data/all_categories/NSW_3Exp_03_Jan_2020_1145am2019.95171626971_2020.4560876307.wav
8294,Exp_23_Nov_2019_1245pm,NSW_3,2474.00068158802,2474.56805000907,3000.0,85,Whistle15544,/lustre/fsn1/projects/rech/vzf/uqe97pu/raw_data/all_categories/NSW_3Exp_23_Nov_2019_1245pm2474.00068158802_2474.56805000907.wav
8290,Exp_12_Mar_2020_1345pm,NSW_3,662.758282618676,663.655353468544,3000.0,85,Whistle15511,/lustre/fsn1/projects/rech/vzf/uqe97pu/raw_data/all_categories/NSW_3Exp_12_Mar_2020_1345pm662.758282618676_663.655353468544.wav
8285,Exp_01_Jan_2020_1245pm,NSW_3,2914.55613747776,2915.49379179875,3300.0,85,Whistle15488,/lustre/fsn1/projects/rech/vzf/uqe97pu/raw_data/all_categories/NSW_3Exp_01_Jan_2020_1245pm2914.55613747776_2915.49379179875.wav
8288,Exp_08_Jan_2020_1245pm,NSW_3,3100.58195558359,3101.31770361509,3300.0,85,Whistle15492,/lustre/fsn1/projects/rech/vzf/uqe97pu/raw_data/all_categories/NSW_3Exp_08_Jan_2020_1245pm3100.58195558359_3101.31770361509.wav
8306,Exp_17_Feb_2020_1545pm,NSW_3,759.434372607985,760.222251395864,3300.0,86,Whistle15529,/lustre/fsn1/projects/rech/vzf/uqe97pu/raw_data/all_categories/NSW_3Exp_17_Feb_2020_1545pm759.434372607985_760.222251395864.wav
8314,Exp_16_Jan_2020_1045am,NSW_3,1971.71803578931,1972.18265890489,3300.0,87,Whistle15566,/lustre/fsn1/projects/rech/vzf/uqe97pu/raw_data/all_categories/NSW_3Exp_16_Jan_2020_1045am1971.71803578931_1972.18265890489.wav
8301,Exp_23_Nov_2019_1245pm,NSW_3,2369.56789855966,2370.087900293,3000.0,85,Whistle15605,/lustre/fsn1/projects/rech/vzf/uqe97pu/raw_data/all_categories/NSW_3Exp_23_Nov_2019_1245pm2369.56789855966_2370.087900293.wav
8299,Exp_15_Feb_2020_1045am,NSW_3,1493.36714253311,1493.97779673872,3300.0,85,Whistle15603,/lustre/fsn1/projects/rech/vzf/uqe97pu/raw_data/all_categories/NSW_3Exp_15_Feb_2020_1045am1493.36714253311_1493.97779673872.wav
8295,Exp_15_Feb_2020_1345pm,NSW_3,1591.48303213512,1592.08356701884,3300.0,85,Whistle15545,/lustre/fsn1/projects/rech/vzf/uqe97pu/raw_data/all_categories/NSW_3Exp_15_Feb_2020_1345pm1591.48303213512_1592.08356701884.wav
8324,Exp_11_Jan_2020_0945am,NSW_3,608.116842778311,608.546844081346,3300.0,89,Whistle15499,/lustre/fsn1/projects/rech/vzf/uqe97pu/raw_data/all_categories/NSW_3Exp_11_Jan_2020_0945am608.116842778311_608.546844081346.wav
8297,Exp_16_Feb_2020_1245pm,NSW_3,2712.87084701112,2713.44215986028,3300.0,85,Whistle15552,/lustre/fsn1/projects/rech/vzf/uqe97pu/raw_data/all_categories/NSW_3Exp_16_Feb_2020_1245pm2712.87084701112_2713.44215986028.wav
8291,Exp_13_Jan_2020_1145am,NSW_3,1060.4832135855,1061.00321516126,3300.0,85,Whistle15525,/lustre/fsn1/projects/rech/vzf/uqe97pu/raw_data/all_categories/NSW_3Exp_13_Jan_2020_1145am1060.4832135855_1061.00321516126.wav
8298,Exp_16_Nov_2019_1045am,NSW_3,2694.18248384023,2694.78748552079,3600.0,85,Whistle15578,/lustre/fsn1/projects/rech/vzf/uqe97pu/raw_data/all_categories/NSW_3Exp_16_Nov_2019_1045am2694.18248384023_2694.78748552079.wav
8319,Exp_13_Dec_2019_1545pm,NSW_3,1167.89853908648,1168.40854063194,3300.0,88,Whistle15523,/lustre/fsn1/projects/rech/vzf/uqe97pu/raw_data/all_categories/NSW_3Exp_13_Dec_2019_1545pm1167.89853908648_1168.40854063194.wav
8313,Exp_15_Feb_2020_1045am,NSW_3,3266.07740481161,3267.1891632214,3300.0,87,Whistle15535,/lustre/fsn1/projects/rech/vzf/uqe97pu/raw_data/all_categories/NSW_3Exp_15_Feb_2020_1045am3266.07740481161_3267.1891632214.wav
8309,Exp_16_Nov_2019_1045am,NSW_3,1489.1516717922,1489.50153094713,3600.0,86,Whistle15583,/lustre/fsn1/projects/rech/vzf/uqe97pu/raw_data/all_categories/NSW_3Exp_16_Nov_2019_1045am1489.1516717922_1489.50153094713.wav
8282,Exp_05_Jan_2020_1045am,NSW_3,2814.7385295107,2815.76353261676,3300.0,84,Whistle15481,/lustre/fsn1/projects/rech/vzf/uqe97pu/raw_data/all_categories/NSW_3Exp_05_Jan_2020_1045am2814.7385295107_2815.76353261676.wav
8312,Exp_13_Dec_2019_0945am,NSW_3,1292.90134781465,1293.57386193894,3300.0,87,Whistle15514,/lustre/fsn1/projects/rech/vzf/uqe97pu/raw_data/all_categories/NSW_3Exp_13_Dec_2019_0945am1292.90134781465_1293.57386193894.wav
8311,Exp_12_Mar_2020_1545pm,NSW_3,13.6650468834896,14.4182336966764,3000.0,87,Whistle15512,/lustre/fsn1/projects/rech/vzf/uqe97pu/raw_data/all_categories/NSW_3Exp_12_Mar_2020_1545pm13.6650468834896_14.4182336966764.wav
8287,Exp_03_Jan_2020_1045am,NSW_3,2700.32017404425,2701.12813424325,3300.0,85,Whistle15491,/lustre/fsn1/projects/rech/vzf/uqe97pu/raw_data/all_categories/NSW_3Exp_03_Jan_2020_1045am2700.32017404425_2701.12813424325.wav
8293,Exp_15_Feb_2020_1245pm,NSW_3,2038.33966713342,2038.82611008644,3300.0,85,Whistle15528,/lustre/fsn1/projects/rech/vzf/uqe97pu/raw_data/all_categories/NSW_3Exp_15_Feb_2020_1245pm2038.33966713342_2038.82611008644.wav
8315,Exp_16_Feb_2020_1345pm,NSW_3,113.082717671054,113.905306963689,3300.0,87,Whistle15592,/lustre/fsn1/projects/rech/vzf/uqe97pu/raw_data/all_categories/NSW_3Exp_16_Feb_2020_1345pm113.082717671054_113.905306963689.wav
8283,Exp_16_Jan_2020_1045am,NSW_3,1949.53090766942,1950.10590941185,3300.0,84,Whistle15564,/lustre/fsn1/projects/rech/vzf/uqe97pu/raw_data/all_categories/NSW_3Exp_16_Jan_2020_1045am1949.53090766942_1950.10590941185.wav
8322,Exp_15_Feb_2020_1245pm,NSW_3,2354.10213364283,2354.66713535496,3300.0,89,Whistle15539,/lustre/fsn1/projects/rech/vzf/uqe97pu/raw_data/all_categories/NSW_3Exp_15_Feb_2020_1245pm2354.10213364283_2354.66713535496.wav
8303,Exp_06_Feb_2020_1345pm,NSW_3,35.293552037007,35.9800592140405,3300.0,86,Whistle15486,/lustre/fsn1/projects/rech/vzf/uqe97pu/raw_data/all_categories/NSW_3Exp_06_Feb_2020_1345pm35.293552037007_35.9800592140405.wav
8284,Exp_01_Jan_2020_1245pm,NSW_3,2987.27405234561,2987.75905381531,3300.0,85,Whistle15482,/lustre/fsn1/projects/rech/vzf/uqe97pu/raw_data/all_categories/NSW_3Exp_01_Jan_2020_1245pm2987.27405234561_2987.75905381531.wav
8316,Exp_11_Mar_2020_0945am,NSW_3,936.233120777069,936.753122510408,3000.0,88,Whistle15501,/lustre/fsn1/projects/rech/vzf/uqe97pu/raw_data/all_categories/NSW_3Exp_11_Mar_2020_0945am936.233120777069_936.753122510408.wav
8305,Exp_12_Jan_2020_1545pm,NSW_3,859.865383987961,860.466083698886,3300.0,86,Whistle15509,/lustre/fsn1/projects/rech/vzf/uqe97pu/raw_data/all_categories/NSW_3Exp_12_Jan_2020_1545pm859.865383987961_860.466083698886.wav
8318,Exp_13_Dec_2019_1545pm,NSW_3,1053.83319343392,1054.78819632787,3300.0,88,Whistle15522,/lustre/fsn1/projects/rech/vzf/uqe97pu/raw_data/all_categories/NSW_3Exp_13_Dec_2019_1545pm1053.83319343392_1054.78819632787.wav
8292,Exp_15_Feb_2020_1045am,NSW_3,1439.25678040575,1439.85731528947,3300.0,85,Whistle15527,/lustre/fsn1/projects/rech/vzf/uqe97pu/raw_data/all_categories/NSW_3Exp_15_Feb_2020_1045am1439.25678040575_1439.85731528947.wav
8304,Exp_03_Jan_2020_1045am,NSW_3,2052.66153589879,2053.26030172157,3300.0,86,Whistle15490,/lustre/fsn1/projects/rech/vzf/uqe97pu/raw_data/all_categories/NSW_3Exp_03_Jan_2020_1045am2052.66153589879_2053.26030172157.wav
8300,Exp_24_Nov_2019_1245pm,NSW_3,2547.16972612954,2547.80750390732,3000.0,85,Whistle15604,/lustre/fsn1/projects/rech/vzf/uqe97pu/raw_data/all_categories/NSW_3Exp_24_Nov_2019_1245pm2547.16972612954_2547.80750390732.wav
8326,Exp_01_Jan_2020_1245pm,NSW_3,3029.94655740069,3030.27404782215,3300.0,89,Whistle15483,/lustre/fsn1/projects/rech/vzf/uqe97pu/raw_data/all_categories/NSW_3Exp_01_Jan_2020_1245pm3029.94655740069_3030.27404782215.wav
8302,Exp_11_Mar_2020_0945am,NSW_3,436.124351948787,436.751397403332,3000.0,85,Whistle15615,/lustre/fsn1/projects/rech/vzf/uqe97pu/raw_data/all_categories/NSW_3Exp_11_Mar_2020_0945am436.124351948787_436.751397403332.wav
8289,Exp_11_Mar_2020_0945am,NSW_3,924.398081326938,925.013083376945,3000.0,85,Whistle15502,/lustre/fsn1/projects/rech/vzf/uqe97pu/raw_data/all_categories/NSW_3Exp_11_Mar_2020_0945am924.398081326938_925.013083376945.wav
8296,Exp_15_Feb_2020_1345pm,NSW_3,1800.01245513774,1800.73915281216,3300.0,85,Whistle15546,/lustre/fsn1/projects/rech/vzf/uqe97pu/raw_data/all_categories/NSW_3Exp_15_Feb_2020_1345pm1800.01245513774_1800.73915281216.wav
8310,Exp_11_Mar_2020_0945am,NSW_3,931.805373427892,932.817384207509,3000.0,87,Whistle15500,/lustre/fsn1/projects/rech/vzf/uqe97pu/raw_data/all_categories/NSW_3Exp_11_Mar_2020_0945am931.805373427892_932.817384207509.wav
8320,Exp_15_Feb_2020_1245pm,NSW_3,2012.39609816999,2012.85109954879,3300.0,88,Whistle15540,/lustre/fsn1/projects/rech/vzf/uqe97pu/raw_data/all_categories/NSW_3Exp_15_Feb_2020_1245pm2012.39609816999_2012.85109954879.wav
8335,Exp_05_Dec_2019_1145am,NSW_6,235.15855896801,235.516258587782,3000.0,90,Whistle15630,/lustre/fsn1/projects/rech/vzf/uqe97pu/raw_data/all_categories/NSW_6Exp_05_Dec_2019_1145am235.15855896801_235.516258587782.wav
8340,Exp_07_Dec_2019_1245pm,NSW_6,2725.13607989189,2725.6242635326,3300.0,90,Whistle15636,/lustre/fsn1/projects/rech/vzf/uqe97pu/raw_data/all_categories/NSW_6Exp_07_Dec_2019_1245pm2725.13607989189_2725.6242635326.wav
8336,Exp_05_Dec_2019_1145am,NSW_6,238.919128902652,239.241525906397,3000.0,90,Whistle15631,/lustre/fsn1/projects/rech/vzf/uqe97pu/raw_data/all_categories/NSW_6Exp_05_Dec_2019_1145am238.919128902652_239.241525906397.wav
8348,Exp_07_Jan_2020_1345pm,NSW_6,1241.6045057952,1242.45873465092,3300.0,90,Whistle15654,/lustre/fsn1/projects/rech/vzf/uqe97pu/raw_data/all_categories/NSW_6Exp_07_Jan_2020_1345pm1241.6045057952_1242.45873465092.wav
8327,Exp_11_Mar_2020_0945am,NSW_6,726.41485197029,727.332102966306,3000.0,90,Whistle15621,/lustre/fsn1/projects/rech/vzf/uqe97pu/raw_data/all_categories/NSW_6Exp_11_Mar_2020_0945am726.41485197029_727.332102966306.wav
8338,Exp_07_Dec_2019_0945am,NSW_6,599.571817490356,601.446790752388,3300.0,90,Whistle15634,/lustre/fsn1/projects/rech/vzf/uqe97pu/raw_data/all_categories/NSW_6Exp_07_Dec_2019_0945am599.571817490356_601.446790752388.wav
8343,Exp_05_Dec_2019_1245pm,NSW_6,2955.81128622771,2956.10858697557,3000.0,90,Whistle15648,/lustre/fsn1/projects/rech/vzf/uqe97pu/raw_data/all_categories/NSW_6Exp_05_Dec_2019_1245pm2955.81128622771_2956.10858697557.wav
8344,Exp_07_Dec_2019_0945am,NSW_6,1102.15872097517,1102.50225995875,3300.0,90,Whistle15649,/lustre/fsn1/projects/rech/vzf/uqe97pu/raw_data/all_categories/NSW_6Exp_07_Dec_2019_0945am1102.15872097517_1102.50225995875.wav
8339,Exp_07_Dec_2019_1145am,NSW_6,983.08895614275,983.330147209747,3300.0,90,Whistle15635,/lustre/fsn1/projects/rech/vzf/uqe97pu/raw_data/all_categories/NSW_6Exp_07_Dec_2019_1145am983.08895614275_983.330147209747.wav
8351,Exp_05_Dec_2019_1145am,NSW_6,233.854769880666,234.157401459613,3000.0,90,Whistle15662,/lustre/fsn1/projects/rech/vzf/uqe97pu/raw_data/all_categories/NSW_6Exp_05_Dec_2019_1145am233.854769880666_234.157401459613.wav
8328,Exp_11_Mar_2020_0945am,NSW_6,939.855817126461,940.481185091829,3000.0,90,Whistle15622,/lustre/fsn1/projects/rech/vzf/uqe97pu/raw_data/all_categories/NSW_6Exp_11_Mar_2020_0945am939.855817126461_940.481185091829.wav
8331,Exp_17_Dec_2019_1145am,NSW_6,799.172421734611,800.107424567953,3300.0,90,Whistle15626,/lustre/fsn1/projects/rech/vzf/uqe97pu/raw_data/all_categories/NSW_6Exp_17_Dec_2019_1145am799.172421734611_800.107424567953.wav
8332,Exp_22_Nov_2019_0845am,NSW_6,1086.82260003917,1087.19624535937,3600.0,90,Whistle15627,/lustre/fsn1/projects/rech/vzf/uqe97pu/raw_data/all_categories/NSW_6Exp_22_Nov_2019_0845am1086.82260003917_1087.19624535937.wav
8329,Exp_11_Mar_2020_1145am,NSW_6,1019.13015524737,1020.07457895232,3000.0,90,Whistle15623,/lustre/fsn1/projects/rech/vzf/uqe97pu/raw_data/all_categories/NSW_6Exp_11_Mar_2020_1145am1019.13015524737_1020.07457895232.wav
8342,Exp_03_Jan_2020_1045am,NSW_6,2075.7634645479,2076.33255902595,3300.0,90,Whistle15647,/lustre/fsn1/projects/rech/vzf/uqe97pu/raw_data/all_categories/NSW_6Exp_03_Jan_2020_1045am2075.7634645479_2076.33255902595.wav
8349,Exp_08_Feb_2020_1345pm,NSW_6,969.399480856655,969.872503364694,3300.0,90,Whistle15660,/lustre/fsn1/projects/rech/vzf/uqe97pu/raw_data/all_categories/NSW_6Exp_08_Feb_2020_1345pm969.399480856655_969.872503364694.wav
8330,Exp_17_Dec_2019_1145am,NSW_6,1258.78210397909,1259.55877064576,3300.0,90,Whistle15625,/lustre/fsn1/projects/rech/vzf/uqe97pu/raw_data/all_categories/NSW_6Exp_17_Dec_2019_1145am1258.78210397909_1259.55877064576.wav
8352,Exp_05_Dec_2019_1145am,NSW_6,238.08664942193,238.489224448725,3000.0,90,Whistle15663,/lustre/fsn1/projects/rech/vzf/uqe97pu/raw_data/all_categories/NSW_6Exp_05_Dec_2019_1145am238.08664942193_238.489224448725.wav
8350,Exp_01_Jan_2020_0945am,NSW_6,212.430643729223,212.855645017106,3300.0,90,Whistle15661,/lustre/fsn1/projects/rech/vzf/uqe97pu/raw_data/all_categories/NSW_6Exp_01_Jan_2020_0945am212.430643729223_212.855645017106.wav
8345,Exp_01_Jan_2020_0945am,NSW_6,394.674640220795,395.238788368943,3300.0,90,Whistle15650,/lustre/fsn1/projects/rech/vzf/uqe97pu/raw_data/all_categories/NSW_6Exp_01_Jan_2020_0945am394.674640220795_395.238788368943.wav
8353,Exp_06_Jan_2020_0945am,NSW_6,1183.57858660178,1183.95358773814,3300.0,90,Whistle15664,/lustre/fsn1/projects/rech/vzf/uqe97pu/raw_data/all_categories/NSW_6Exp_06_Jan_2020_0945am1183.57858660178_1183.95358773814.wav
8347,Exp_07_Jan_2020_1345pm,NSW_6,2447.18741571944,2448.40741941642,3300.0,90,Whistle15652,/lustre/fsn1/projects/rech/vzf/uqe97pu/raw_data/all_categories/NSW_6Exp_07_Jan_2020_1345pm2447.18741571944_2448.40741941642.wav
8334,Exp_03_Mar_2020_1345pm,NSW_6,380.965398122342,382.18124353297,3000.0,90,Whistle15629,/lustre/fsn1/projects/rech/vzf/uqe97pu/raw_data/all_categories/NSW_6Exp_03_Mar_2020_1345pm380.965398122342_382.18124353297.wav
8337,Exp_06_Jan_2020_0945am,NSW_6,877.743634862894,878.065981627241,3300.0,90,Whistle15633,/lustre/fsn1/projects/rech/vzf/uqe97pu/raw_data/all_categories/NSW_6Exp_06_Jan_2020_0945am877.743634862894_878.065981627241.wav
8341,Exp_01_Mar_2020_1145am,NSW_6,885.881553559074,886.103239382829,3000.0,90,Whistle15645,/lustre/fsn1/projects/rech/vzf/uqe97pu/raw_data/all_categories/NSW_6Exp_01_Mar_2020_1145am885.881553559074_886.103239382829.wav
8346,Exp_05_Dec_2019_1245pm,NSW_6,2940.01086324146,2940.49464276902,3000.0,90,Whistle15651,/lustre/fsn1/projects/rech/vzf/uqe97pu/raw_data/all_categories/NSW_6Exp_05_Dec_2019_1245pm2940.01086324146_2940.49464276902.wav
8333,Exp_01_Feb_2020_1145am,NSW_6,3024.8241667399,3026.13643693489,3300.0,90,Whistle15628,/lustre/fsn1/projects/rech/vzf/uqe97pu/raw_data/all_categories/NSW_6Exp_01_Feb_2020_1145am3024.8241667399_3026.13643693489.wav
8216,Exp_24_Nov_2019_1245pm,NSW_9,2830.25443551478,2832.00846299648,3000.0,77,Whistle15056,/lustre/fsn1/projects/rech/vzf/uqe97pu/raw_data/all_categories/NSW_9Exp_24_Nov_2019_1245pm2830.25443551478_2832.00846299648.wav
7934,Exp_08_Dec_2019_1045am,NSW_9,2395.50725911291,2396.74726287049,3300.0,72,Whistle14466,/lustre/fsn1/projects/rech/vzf/uqe97pu/raw_data/all_categories/NSW_9Exp_08_Dec_2019_1045am2395.50725911291_2396.74726287049.wav
7915,Exp_22_Nov_2019_1245pm,NSW_9,2738.77260770169,2739.29760916003,3600.0,71,Whistle15438,/lustre/fsn1/projects/rech/vzf/uqe97pu/raw_data/all_categories/NSW_9Exp_22_Nov_2019_1245pm2738.77260770169_2739.29760916003.wav
7687,Exp_09_Jan_2020_1145am,NSW_9,64.4287645192398,65.1833799038552,3300.0,71,Whistle14273,/lustre/fsn1/projects/rech/vzf/uqe97pu/raw_data/all_categories/NSW_9Exp_09_Jan_2020_1145am64.4287645192398_65.1833799038552.wav
7974,Exp_02_Mar_2020_1545pm,NSW_9,297.26099086997,298.550995169984,3000.0,74,Whistle14173,/lustre/fsn1/projects/rech/vzf/uqe97pu/raw_data/all_categories/NSW_9Exp_02_Mar_2020_1545pm297.26099086997_298.550995169984.wav
7702,Exp_04_Jan_2020_1345pm,NSW_9,791.146318088122,791.488906332735,3300.0,71,Whistle14314,/lustre/fsn1/projects/rech/vzf/uqe97pu/raw_data/all_categories/NSW_9Exp_04_Jan_2020_1345pm791.146318088122_791.488906332735.wav
8269,Exp_11_Jan_2020_1145am,NSW_9,388.561177458113,389.796181200549,3300.0,82,Whistle14507,/lustre/fsn1/projects/rech/vzf/uqe97pu/raw_data/all_categories/NSW_9Exp_11_Jan_2020_1145am388.561177458113_389.796181200549.wav
8004,Exp_02_Mar_2020_1145am,NSW_9,142.923853291632,143.61330134358,3000.0,74,Whistle14288,/lustre/fsn1/projects/rech/vzf/uqe97pu/raw_data/all_categories/NSW_9Exp_02_Mar_2020_1145am142.923853291632_143.61330134358.wav
7696,Exp_02_Mar_2020_1545pm,NSW_9,385.534609081279,386.122904855927,3000.0,71,Whistle14299,/lustre/fsn1/projects/rech/vzf/uqe97pu/raw_data/all_categories/NSW_9Exp_02_Mar_2020_1545pm385.534609081279_386.122904855927.wav
7845,Exp_11_Mar_2020_0945am,NSW_9,595.21072116153,596.116622800874,3000.0,71,Whistle14931,/lustre/fsn1/projects/rech/vzf/uqe97pu/raw_data/all_categories/NSW_9Exp_11_Mar_2020_0945am595.21072116153_596.116622800874.wav
8226,Exp_02_Jan_2020_1345pm,NSW_9,2573.74280103879,2574.7927531919,3300.0,78,Whistle14447,/lustre/fsn1/projects/rech/vzf/uqe97pu/raw_data/all_categories/NSW_9Exp_02_Jan_2020_1345pm2573.74280103879_2574.7927531919.wav
7759,Exp_09_Jan_2020_1145am,NSW_9,406.331231306762,407.571235064349,3300.0,71,Whistle14437,/lustre/fsn1/projects/rech/vzf/uqe97pu/raw_data/all_categories/NSW_9Exp_09_Jan_2020_1145am406.331231306762_407.571235064349.wav
7872,Exp_15_Feb_2020_0945am,NSW_9,104.971828435558,106.026359012067,3300.0,71,Whistle15088,/lustre/fsn1/projects/rech/vzf/uqe97pu/raw_data/all_categories/NSW_9Exp_15_Feb_2020_0945am104.971828435558_106.026359012067.wav
7760,Exp_09_Dec_2019_1145am,NSW_9,741.252248037115,742.354070467022,3300.0,71,Whistle14462,/lustre/fsn1/projects/rech/vzf/uqe97pu/raw_data/all_categories/NSW_9Exp_09_Dec_2019_1145am741.252248037115_742.354070467022.wav
7935,Exp_05_Feb_2020_0945am,NSW_9,613.066859596544,614.886832048335,3300.0,72,Whistle14493,/lustre/fsn1/projects/rech/vzf/uqe97pu/raw_data/all_categories/NSW_9Exp_05_Feb_2020_0945am613.066859596544_614.886832048335.wav
7923,Exp_08_Dec_2019_1045am,NSW_9,2401.54727741599,2402.57228052206,3300.0,72,Whistle14242,/lustre/fsn1/projects/rech/vzf/uqe97pu/raw_data/all_categories/NSW_9Exp_08_Dec_2019_1045am2401.54727741599_2402.57228052206.wav
8127,Exp_17_Dec_2019_1245pm,NSW_9,2866.90868760208,2868.18369146573,3300.0,75,Whistle14524,/lustre/fsn1/projects/rech/vzf/uqe97pu/raw_data/all_categories/NSW_9Exp_17_Dec_2019_1245pm2866.90868760208_2868.18369146573.wav
7953,Exp_16_Jan_2020_1245pm,NSW_9,1936.77409770322,1937.60065591171,3300.0,72,Whistle15454,/lustre/fsn1/projects/rech/vzf/uqe97pu/raw_data/all_categories/NSW_9Exp_16_Jan_2020_1245pm1936.77409770322_1937.60065591171.wav
7873,Exp_16_Jan_2020_1145am,NSW_9,237.896064493897,238.669947627818,3300.0,71,Whistle15090,/lustre/fsn1/projects/rech/vzf/uqe97pu/raw_data/all_categories/NSW_9Exp_16_Jan_2020_1145am237.896064493897_238.669947627818.wav
7679,Exp_08_Jan_2020_1345pm,NSW_9,470.606426080079,471.491428761905,3300.0,71,Whistle14258,/lustre/fsn1/projects/rech/vzf/uqe97pu/raw_data/all_categories/NSW_9Exp_08_Jan_2020_1345pm470.606426080079_471.491428761905.wav
7871,Exp_11_Jan_2020_0945am,NSW_9,510.996548474389,512.511553065312,3300.0,71,Whistle15067,/lustre/fsn1/projects/rech/vzf/uqe97pu/raw_data/all_categories/NSW_9Exp_11_Jan_2020_0945am510.996548474389_512.511553065312.wav
7733,Exp_08_Jan_2020_1245pm,NSW_9,3156.97275129522,3157.67188819999,3300.0,71,Whistle14384,/lustre/fsn1/projects/rech/vzf/uqe97pu/raw_data/all_categories/NSW_9Exp_08_Jan_2020_1245pm3156.97275129522_3157.67188819999.wav
7859,Exp_16_Nov_2019_0545am,NSW_9,3359.1793310537,3359.7193325537,3600.0,71,Whistle14996,/lustre/fsn1/projects/rech/vzf/uqe97pu/raw_data/all_categories/NSW_9Exp_16_Nov_2019_0545am3359.1793310537_3359.7193325537.wav
8120,Exp_02_Mar_2020_1145am,NSW_9,342.675603827854,343.143633143815,3000.0,75,Whistle14283,/lustre/fsn1/projects/rech/vzf/uqe97pu/raw_data/all_categories/NSW_9Exp_02_Mar_2020_1145am342.675603827854_343.143633143815.wav
8055,Exp_11_Mar_2020_1145am,NSW_9,29.7308084836672,30.5122668170005,3000.0,74,Whistle14543,/lustre/fsn1/projects/rech/vzf/uqe97pu/raw_data/all_categories/NSW_9Exp_11_Mar_2020_1145am29.7308084836672_30.5122668170005.wav
8246,Exp_23_Nov_2019_1345pm,NSW_9,73.4961488775197,74.6286739611317,3000.0,79,Whistle14648,/lustre/fsn1/projects/rech/vzf/uqe97pu/raw_data/all_categories/NSW_9Exp_23_Nov_2019_1345pm73.4961488775197_74.6286739611317.wav
7725,Exp_07_Mar_2020_0945am,NSW_9,397.469383505658,397.978557059377,3000.0,71,Whistle14362,/lustre/fsn1/projects/rech/vzf/uqe97pu/raw_data/all_categories/NSW_9Exp_07_Mar_2020_0945am397.469383505658_397.978557059377.wav
7895,Exp_11_Dec_2019_1145am,NSW_9,173.905526986445,174.445528622814,3300.0,71,Whistle15312,/lustre/fsn1/projects/rech/vzf/uqe97pu/raw_data/all_categories/NSW_9Exp_11_Dec_2019_1145am173.905526986445_174.445528622814.wav
8198,Exp_19_Nov_2019_1345pm,NSW_9,247.678441866275,248.469284377118,3600.0,76,Whistle15124,/lustre/fsn1/projects/rech/vzf/uqe97pu/raw_data/all_categories/NSW_9Exp_19_Nov_2019_1345pm247.678441866275_248.469284377118.wav
8165,Exp_08_Feb_2020_1345pm,NSW_9,317.103920595678,317.884192704521,3300.0,76,Whistle14380,/lustre/fsn1/projects/rech/vzf/uqe97pu/raw_data/all_categories/NSW_9Exp_08_Feb_2020_1345pm317.103920595678_317.884192704521.wav
7978,Exp_03_Jan_2020_1045am,NSW_9,3177.12962766554,3177.89462998373,3300.0,74,Whistle14187,/lustre/fsn1/projects/rech/vzf/uqe97pu/raw_data/all_categories/NSW_9Exp_03_Jan_2020_1045am3177.12962766554_3177.89462998373.wav
7714,Exp_06_Jan_2020_0945am,NSW_9,813.766128161122,814.385459147038,3300.0,71,Whistle14345,/lustre/fsn1/projects/rech/vzf/uqe97pu/raw_data/all_categories/NSW_9Exp_06_Jan_2020_0945am813.766128161122_814.385459147038.wav
8135,Exp_23_Nov_2019_1345pm,NSW_9,74.1522718108785,74.8983875133578,3000.0,75,Whistle15055,/lustre/fsn1/projects/rech/vzf/uqe97pu/raw_data/all_categories/NSW_9Exp_23_Nov_2019_1345pm74.1522718108785_74.8983875133578.wav
7806,Exp_14_Dec_2019_0945am,NSW_9,460.818382101439,461.54446437992,3300.0,71,Whistle14734,/lustre/fsn1/projects/rech/vzf/uqe97pu/raw_data/all_categories/NSW_9Exp_14_Dec_2019_0945am460.818382101439_461.54446437992.wav
7742,Exp_02_Feb_2020_1245pm,NSW_9,3217.23285736894,3217.95756815326,3300.0,71,Whistle14402,/lustre/fsn1/projects/rech/vzf/uqe97pu/raw_data/all_categories/NSW_9Exp_02_Feb_2020_1245pm3217.23285736894_3217.95756815326.wav
7693,Exp_02_Mar_2020_1145am,NSW_9,340.016133387111,340.641135470452,3000.0,71,Whistle14286,/lustre/fsn1/projects/rech/vzf/uqe97pu/raw_data/all_categories/NSW_9Exp_02_Mar_2020_1145am340.016133387111_340.641135470452.wav
7634,Exp_03_Jan_2020_1045am,NSW_9,3079.3425578747,3080.03133591074,3300.0,71,Whistle14183,/lustre/fsn1/projects/rech/vzf/uqe97pu/raw_data/all_categories/NSW_9Exp_03_Jan_2020_1045am3079.3425578747_3080.03133591074.wav
7756,Exp_08_Feb_2020_1345pm,NSW_9,302.181473394615,303.525207973863,3300.0,71,Whistle14431,/lustre/fsn1/projects/rech/vzf/uqe97pu/raw_data/all_categories/NSW_9Exp_08_Feb_2020_1345pm302.181473394615_303.525207973863.wav
7732,Exp_08_Feb_2020_1345pm,NSW_9,190.658773397068,191.151473121586,3300.0,71,Whistle14383,/lustre/fsn1/projects/rech/vzf/uqe97pu/raw_data/all_categories/NSW_9Exp_08_Feb_2020_1345pm190.658773397068_191.151473121586.wav
8101,Exp_15_Jan_2020_0945am,NSW_9,124.122610026601,125.094242329007,3300.0,74,Whistle15390,/lustre/fsn1/projects/rech/vzf/uqe97pu/raw_data/all_categories/NSW_9Exp_15_Jan_2020_0945am124.122610026601_125.094242329007.wav
7655,Exp_06_Feb_2020_1145am,NSW_9,209.61113293532,210.205607288224,3300.0,71,Whistle14218,/lustre/fsn1/projects/rech/vzf/uqe97pu/raw_data/all_categories/NSW_9Exp_06_Feb_2020_1145am209.61113293532_210.205607288224.wav
8014,Exp_05_Feb_2020_1345pm,NSW_9,415.304868899997,416.19122269061,3300.0,74,Whistle14327,/lustre/fsn1/projects/rech/vzf/uqe97pu/raw_data/all_categories/NSW_9Exp_05_Feb_2020_1345pm415.304868899997_416.19122269061.wav
7700,Exp_04_Jan_2020_1345pm,NSW_9,566.330808490199,566.597557665116,3300.0,71,Whistle14311,/lustre/fsn1/projects/rech/vzf/uqe97pu/raw_data/all_categories/NSW_9Exp_04_Jan_2020_1345pm566.330808490199_566.597557665116.wav
8012,Exp_01_Feb_2020_1345pm,NSW_9,239.588810107263,240.091804119239,3300.0,74,Whistle14321,/lustre/fsn1/projects/rech/vzf/uqe97pu/raw_data/all_categories/NSW_9Exp_01_Feb_2020_1345pm239.588810107263_240.091804119239.wav
7782,Exp_16_Jan_2020_1145am,NSW_9,236.701993849623,237.275683170012,3300.0,71,Whistle14626,/lustre/fsn1/projects/rech/vzf/uqe97pu/raw_data/all_categories/NSW_9Exp_16_Jan_2020_1145am236.701993849623_237.275683170012.wav
8048,Exp_05_Feb_2020_0945am,NSW_9,424.286287534205,425.630099415393,3300.0,74,Whistle14459,/lustre/fsn1/projects/rech/vzf/uqe97pu/raw_data/all_categories/NSW_9Exp_05_Feb_2020_0945am424.286287534205_425.630099415393.wav
7899,Exp_17_Dec_2019_1245pm,NSW_9,2853.9132391121,2854.89097584902,3300.0,71,Whistle15323,/lustre/fsn1/projects/rech/vzf/uqe97pu/raw_data/all_categories/NSW_9Exp_17_Dec_2019_1245pm2853.9132391121_2854.89097584902.wav
8251,Exp_11_Mar_2020_1145am,NSW_9,42.9721453171441,44.5751286244358,3000.0,79,Whistle15073,/lustre/fsn1/projects/rech/vzf/uqe97pu/raw_data/all_categories/NSW_9Exp_11_Mar_2020_1145am42.9721453171441_44.5751286244358.wav
7823,Exp_17_Feb_2020_1345pm,NSW_9,70.0978545653543,70.908239180739,3300.0,71,Whistle14832,/lustre/fsn1/projects/rech/vzf/uqe97pu/raw_data/all_categories/NSW_9Exp_17_Feb_2020_1345pm70.0978545653543_70.908239180739.wav
7979,Exp_03_Jan_2020_1045am,NSW_9,3178.19963272616,3179.33458847837,3300.0,74,Whistle14188,/lustre/fsn1/projects/rech/vzf/uqe97pu/raw_data/all_categories/NSW_9Exp_03_Jan_2020_1045am3178.19963272616_3179.33458847837.wav
8182,Exp_08_Feb_2020_1345pm,NSW_9,316.42095885139,317.660962608978,3300.0,76,Whistle14488,/lustre/fsn1/projects/rech/vzf/uqe97pu/raw_data/all_categories/NSW_9Exp_08_Feb_2020_1345pm316.42095885139_317.660962608978.wav
7844,Exp_11_Mar_2020_1145am,NSW_9,40.5710078100872,41.5700903788945,3000.0,71,Whistle14946,/lustre/fsn1/projects/rech/vzf/uqe97pu/raw_data/all_categories/NSW_9Exp_11_Mar_2020_1145am40.5710078100872_41.5700903788945.wav
7678,Exp_08_Jan_2020_1245pm,NSW_9,3170.07314426808,3170.86776415112,3300.0,71,Whistle14256,/lustre/fsn1/projects/rech/vzf/uqe97pu/raw_data/all_categories/NSW_9Exp_08_Jan_2020_1245pm3170.07314426808_3170.86776415112.wav
8265,Exp_15_Feb_2020_1345pm,NSW_9,353.266071109306,354.226018753285,3300.0,81,Whistle14757,/lustre/fsn1/projects/rech/vzf/uqe97pu/raw_data/all_categories/NSW_9Exp_15_Feb_2020_1345pm353.266071109306_354.226018753285.wav
7881,Exp_21_Nov_2019_0945am,NSW_9,130.702456415441,132.18034666343,3600.0,71,Whistle15132,/lustre/fsn1/projects/rech/vzf/uqe97pu/raw_data/all_categories/NSW_9Exp_21_Nov_2019_0945am130.702456415441_132.18034666343.wav
8164,Exp_08_Feb_2020_1345pm,NSW_9,336.271019003088,337.031021306125,3300.0,76,Whistle14377,/lustre/fsn1/projects/rech/vzf/uqe97pu/raw_data/all_categories/NSW_9Exp_08_Feb_2020_1345pm336.271019003088_337.031021306125.wav
8077,Exp_11_Mar_2020_0945am,NSW_9,596.373286868909,597.465900903997,3000.0,74,Whistle14932,/lustre/fsn1/projects/rech/vzf/uqe97pu/raw_data/all_categories/NSW_9Exp_11_Mar_2020_0945am596.373286868909_597.465900903997.wav
8277,Exp_11_Mar_2020_1145am,NSW_9,55.7901859672866,56.2301874339581,3000.0,83,Whistle14693,/lustre/fsn1/projects/rech/vzf/uqe97pu/raw_data/all_categories/NSW_9Exp_11_Mar_2020_1145am55.7901859672866_56.2301874339581.wav
7626,Exp_02_Mar_2020_1145am,NSW_9,248.73582911943,249.565831886106,3000.0,71,Whistle14169,/lustre/fsn1/projects/rech/vzf/uqe97pu/raw_data/all_categories/NSW_9Exp_02_Mar_2020_1145am248.73582911943_249.565831886106.wav
8149,Exp_02_Mar_2020_1145am,NSW_9,341.35018673679,341.758466089016,3000.0,76,Whistle14287,/lustre/fsn1/projects/rech/vzf/uqe97pu/raw_data/all_categories/NSW_9Exp_02_Mar_2020_1145am341.35018673679_341.758466089016.wav
7998,Exp_09_Dec_2019_1245pm,NSW_9,2710.96321504005,2711.65821714611,3300.0,74,Whistle14266,/lustre/fsn1/projects/rech/vzf/uqe97pu/raw_data/all_categories/NSW_9Exp_09_Dec_2019_1245pm2710.96321504005_2711.65821714611.wav
7926,Exp_05_Jan_2020_1345pm,NSW_9,526.066595959382,527.171550504836,3300.0,72,Whistle14414,/lustre/fsn1/projects/rech/vzf/uqe97pu/raw_data/all_categories/NSW_9Exp_05_Jan_2020_1345pm526.066595959382_527.171550504836.wav
7832,Exp_21_Nov_2019_0945am,NSW_9,185.760566849902,186.583676302639,3600.0,71,Whistle14875,/lustre/fsn1/projects/rech/vzf/uqe97pu/raw_data/all_categories/NSW_9Exp_21_Nov_2019_0945am185.760566849902_186.583676302639.wav
7705,Exp_01_Feb_2020_1345pm,NSW_9,149.380475635453,149.925407142302,3300.0,71,Whistle14320,/lustre/fsn1/projects/rech/vzf/uqe97pu/raw_data/all_categories/NSW_9Exp_01_Feb_2020_1345pm149.380475635453_149.925407142302.wav
8239,Exp_21_Nov_2019_0945am,NSW_9,189.980527723688,191.255531265365,3600.0,78,Whistle15306,/lustre/fsn1/projects/rech/vzf/uqe97pu/raw_data/all_categories/NSW_9Exp_21_Nov_2019_0945am189.980527723688_191.255531265365.wav
7945,Exp_17_Jan_2020_1345pm,NSW_9,338.156025927351,339.290981679564,3300.0,72,Whistle14840,/lustre/fsn1/projects/rech/vzf/uqe97pu/raw_data/all_categories/NSW_9Exp_17_Jan_2020_1345pm338.156025927351_339.290981679564.wav
7684,Exp_09_Dec_2019_1245pm,NSW_9,2740.78330540396,2741.74330831306,3300.0,71,Whistle14267,/lustre/fsn1/projects/rech/vzf/uqe97pu/raw_data/all_categories/NSW_9Exp_09_Dec_2019_1245pm2740.78330540396_2741.74330831306.wav
7755,Exp_08_Feb_2020_1345pm,NSW_9,124.240376485989,125.55538047085,3300.0,71,Whistle14429,/lustre/fsn1/projects/rech/vzf/uqe97pu/raw_data/all_categories/NSW_9Exp_08_Feb_2020_1345pm124.240376485989_125.55538047085.wav
7654,Exp_06_Feb_2020_1145am,NSW_9,152.755462895342,153.635465562017,3300.0,71,Whistle14217,/lustre/fsn1/projects/rech/vzf/uqe97pu/raw_data/all_categories/NSW_9Exp_06_Feb_2020_1145am152.755462895342_153.635465562017.wav
8280,Exp_28_Nov_2019_1245pm,NSW_9,2202.92734309114,2203.62734542448,3000.0,83,Whistle15279,/lustre/fsn1/projects/rech/vzf/uqe97pu/raw_data/all_categories/NSW_9Exp_28_Nov_2019_1245pm2202.92734309114_2203.62734542448.wav
8076,Exp_11_Dec_2019_1145am,NSW_9,175.09333385767,175.800341149336,3300.0,74,Whistle14924,/lustre/fsn1/projects/rech/vzf/uqe97pu/raw_data/all_categories/NSW_9Exp_11_Dec_2019_1145am175.09333385767_175.800341149336.wav
7668,Exp_08_Dec_2019_1045am,NSW_9,1698.59789940008,1699.20659970589,3300.0,71,Whistle14240,/lustre/fsn1/projects/rech/vzf/uqe97pu/raw_data/all_categories/NSW_9Exp_08_Dec_2019_1045am1698.59789940008_1699.20659970589.wav
7816,Exp_16_Nov_2019_1345pm,NSW_9,239.373444952405,240.129236458197,3600.0,71,Whistle14796,/lustre/fsn1/projects/rech/vzf/uqe97pu/raw_data/all_categories/NSW_9Exp_16_Nov_2019_1345pm239.373444952405_240.129236458197.wav
7951,Exp_24_Nov_2019_1245pm,NSW_9,2824.47119782499,2825.97439813892,3000.0,72,Whistle15153,/lustre/fsn1/projects/rech/vzf/uqe97pu/raw_data/all_categories/NSW_9Exp_24_Nov_2019_1245pm2824.47119782499_2825.97439813892.wav
8150,Exp_02_Mar_2020_1145am,NSW_9,144.142095542323,145.093076554981,3000.0,76,Whistle14289,/lustre/fsn1/projects/rech/vzf/uqe97pu/raw_data/all_categories/NSW_9Exp_02_Mar_2020_1145am144.142095542323_145.093076554981.wav
8069,Exp_20_Nov_2019_0845am,NSW_9,3402.24179222665,3403.08341921078,3600.0,74,Whistle14853,/lustre/fsn1/projects/rech/vzf/uqe97pu/raw_data/all_categories/NSW_9Exp_20_Nov_2019_0845am3402.24179222665_3403.08341921078.wav
7986,Exp_05_Jan_2020_1345pm,NSW_9,521.561580489638,522.066582019945,3300.0,74,Whistle14211,/lustre/fsn1/projects/rech/vzf/uqe97pu/raw_data/all_categories/NSW_9Exp_05_Jan_2020_1345pm521.561580489638_522.066582019945.wav
7769,Exp_20_Nov_2019_1145am,NSW_9,468.268753778247,469.185621702775,3600.0,71,Whistle14604,/lustre/fsn1/projects/rech/vzf/uqe97pu/raw_data/all_categories/NSW_9Exp_20_Nov_2019_1145am468.268753778247_469.185621702775.wav
8194,Exp_12_Feb_2020_1145am,NSW_9,125.452880440547,126.198946014317,3300.0,76,Whistle14958,/lustre/fsn1/projects/rech/vzf/uqe97pu/raw_data/all_categories/NSW_9Exp_12_Feb_2020_1145am125.452880440547_126.198946014317.wav
7757,Exp_08_Jan_2020_1245pm,NSW_9,3168.09070455986,3169.14649570999,3300.0,71,Whistle14433,/lustre/fsn1/projects/rech/vzf/uqe97pu/raw_data/all_categories/NSW_9Exp_08_Jan_2020_1245pm3168.09070455986_3169.14649570999.wav
7689,Exp_09_Jan_2020_1145am,NSW_9,407.070324624951,407.851195837072,3300.0,71,Whistle14275,/lustre/fsn1/projects/rech/vzf/uqe97pu/raw_data/all_categories/NSW_9Exp_09_Jan_2020_1145am407.070324624951_407.851195837072.wav
7981,Exp_01_Feb_2020_1345pm,NSW_9,145.089189834666,145.904814834666,3300.0,74,Whistle14199,/lustre/fsn1/projects/rech/vzf/uqe97pu/raw_data/all_categories/NSW_9Exp_01_Feb_2020_1345pm145.089189834666_145.904814834666.wav
7673,Exp_08_Feb_2020_1345pm,NSW_9,331.256003806072,332.281006912142,3300.0,71,Whistle14249,/lustre/fsn1/projects/rech/vzf/uqe97pu/raw_data/all_categories/NSW_9Exp_08_Feb_2020_1345pm331.256003806072_332.281006912142.wav
7977,Exp_03_Feb_2020_1345pm,NSW_9,869.492634826166,870.042636492838,3300.0,74,Whistle14181,/lustre/fsn1/projects/rech/vzf/uqe97pu/raw_data/all_categories/NSW_9Exp_03_Feb_2020_1345pm869.492634826166_870.042636492838.wav
8163,Exp_08_Dec_2019_1045am,NSW_9,2735.37688414281,2736.13656393512,3300.0,76,Whistle14376,/lustre/fsn1/projects/rech/vzf/uqe97pu/raw_data/all_categories/NSW_9Exp_08_Dec_2019_1045am2735.37688414281_2736.13656393512.wav
7663,Exp_07_Dec_2019_1145am,NSW_9,308.450934699802,309.175936896778,3300.0,71,Whistle14233,/lustre/fsn1/projects/rech/vzf/uqe97pu/raw_data/all_categories/NSW_9Exp_07_Dec_2019_1145am308.450934699802_309.175936896778.wav
8206,Exp_15_Feb_2020_1345pm,NSW_9,1763.33867695559,1764.02029460265,3300.0,76,Whistle15389,/lustre/fsn1/projects/rech/vzf/uqe97pu/raw_data/all_categories/NSW_9Exp_15_Feb_2020_1345pm1763.33867695559_1764.02029460265.wav
7839,Exp_23_Nov_2019_1145am,NSW_9,336.884107483201,337.453487328162,3000.0,71,Whistle14905,/lustre/fsn1/projects/rech/vzf/uqe97pu/raw_data/all_categories/NSW_9Exp_23_Nov_2019_1145am336.884107483201_337.453487328162.wav
7630,Exp_02_Mar_2020_1545pm,NSW_9,145.200484001613,146.225487418291,3000.0,71,Whistle14176,/lustre/fsn1/projects/rech/vzf/uqe97pu/raw_data/all_categories/NSW_9Exp_02_Mar_2020_1545pm145.200484001613_146.225487418291.wav
8256,Exp_11_Mar_2020_1145am,NSW_9,140.702409829965,141.495428378009,3000.0,80,Whistle14685,/lustre/fsn1/projects/rech/vzf/uqe97pu/raw_data/all_categories/NSW_9Exp_11_Mar_2020_1145am140.702409829965_141.495428378009.wav
8201,Exp_14_Dec_2019_0945am,NSW_9,456.621265993498,457.056324817027,3300.0,76,Whistle15171,/lustre/fsn1/projects/rech/vzf/uqe97pu/raw_data/all_categories/NSW_9Exp_14_Dec_2019_0945am456.621265993498_457.056324817027.wav
7798,Exp_12_Feb_2020_1145am,NSW_9,205.002863017558,205.905578534799,3300.0,71,Whistle14710,/lustre/fsn1/projects/rech/vzf/uqe97pu/raw_data/all_categories/NSW_9Exp_12_Feb_2020_1145am205.002863017558_205.905578534799.wav
8154,Exp_04_Mar_2020_1345pm,NSW_9,158.940531801773,159.394150024664,3000.0,76,Whistle14319,/lustre/fsn1/projects/rech/vzf/uqe97pu/raw_data/all_categories/NSW_9Exp_04_Mar_2020_1345pm158.940531801773_159.394150024664.wav
8240,Exp_11_Jan_2020_1345pm,NSW_9,1115.80338122237,1116.25838260116,3300.0,78,Whistle15258,/lustre/fsn1/projects/rech/vzf/uqe97pu/raw_data/all_categories/NSW_9Exp_11_Jan_2020_1345pm1115.80338122237_1116.25838260116.wav
8138,Exp_28_Nov_2019_1345pm,NSW_9,238.740795802653,240.015800052667,3000.0,75,Whistle15248,/lustre/fsn1/projects/rech/vzf/uqe97pu/raw_data/all_categories/NSW_9Exp_28_Nov_2019_1345pm238.740795802653_240.015800052667.wav
7800,Exp_13_Dec_2019_1245pm,NSW_9,3218.44475286289,3219.67475659017,3300.0,71,Whistle14714,/lustre/fsn1/projects/rech/vzf/uqe97pu/raw_data/all_categories/NSW_9Exp_13_Dec_2019_1245pm3218.44475286289_3219.67475659017.wav
8213,Exp_08_Dec_2019_1045am,NSW_9,2615.48916652678,2617.08289930914,3300.0,77,Whistle14468,/lustre/fsn1/projects/rech/vzf/uqe97pu/raw_data/all_categories/NSW_9Exp_08_Dec_2019_1045am2615.48916652678_2617.08289930914.wav
7710,Exp_05_Jan_2020_1545pm,NSW_9,703.012130339789,703.807132748887,3300.0,71,Whistle14333,/lustre/fsn1/projects/rech/vzf/uqe97pu/raw_data/all_categories/NSW_9Exp_05_Jan_2020_1545pm703.012130339789_703.807132748887.wav
7789,Exp_11_Mar_2020_0945am,NSW_9,593.824656794389,594.661097605113,3000.0,71,Whistle14665,/lustre/fsn1/projects/rech/vzf/uqe97pu/raw_data/all_categories/NSW_9Exp_11_Mar_2020_0945am593.824656794389_594.661097605113.wav
7898,Exp_13_Dec_2019_1145am,NSW_9,536.000451983391,536.459806050376,3300.0,71,Whistle15343,/lustre/fsn1/projects/rech/vzf/uqe97pu/raw_data/all_categories/NSW_9Exp_13_Dec_2019_1145am536.000451983391_536.459806050376.wav
7910,Exp_16_Nov_2019_1045am,NSW_9,3240.04157540084,3241.05329780886,3600.0,71,Whistle15415,/lustre/fsn1/projects/rech/vzf/uqe97pu/raw_data/all_categories/NSW_9Exp_16_Nov_2019_1045am3240.04157540084_3241.05329780886.wav
8235,Exp_15_Dec_2019_0845am,NSW_9,181.675550531971,182.345552562281,3300.0,78,Whistle15310,/lustre/fsn1/projects/rech/vzf/uqe97pu/raw_data/all_categories/NSW_9Exp_15_Dec_2019_0845am181.675550531971_182.345552562281.wav
8278,Exp_28_Nov_2019_0945am,NSW_9,477.575998604909,477.989884860833,3000.0,83,Whistle15061,/lustre/fsn1/projects/rech/vzf/uqe97pu/raw_data/all_categories/NSW_9Exp_28_Nov_2019_0945am477.575998604909_477.989884860833.wav
7779,Exp_21_Nov_2019_1345pm,NSW_9,17.8928553744474,18.5790092206013,3600.0,71,Whistle14611,/lustre/fsn1/projects/rech/vzf/uqe97pu/raw_data/all_categories/NSW_9Exp_21_Nov_2019_1345pm17.8928553744474_18.5790092206013.wav
7665,Exp_07_Mar_2020_0945am,NSW_9,390.920615434793,391.5596133056,3000.0,71,Whistle14236,/lustre/fsn1/projects/rech/vzf/uqe97pu/raw_data/all_categories/NSW_9Exp_07_Mar_2020_0945am390.920615434793_391.5596133056.wav
7744,Exp_02_Mar_2020_1545pm,NSW_9,370.136233787446,371.451238170794,3000.0,71,Whistle14406,/lustre/fsn1/projects/rech/vzf/uqe97pu/raw_data/all_categories/NSW_9Exp_02_Mar_2020_1545pm370.136233787446_371.451238170794.wav
7837,Exp_22_Nov_2019_1245pm,NSW_9,3487.56159067427,3488.293663845,3600.0,71,Whistle14894,/lustre/fsn1/projects/rech/vzf/uqe97pu/raw_data/all_categories/NSW_9Exp_22_Nov_2019_1245pm3487.56159067427_3488.293663845.wav
7680,Exp_08_Jan_2020_1345pm,NSW_9,131.87869284045,132.829402810238,3300.0,71,Whistle14259,/lustre/fsn1/projects/rech/vzf/uqe97pu/raw_data/all_categories/NSW_9Exp_08_Jan_2020_1345pm131.87869284045_132.829402810238.wav
7914,Exp_22_Nov_2019_1145am,NSW_9,312.615868377412,313.040869557971,3600.0,71,Whistle15436,/lustre/fsn1/projects/rech/vzf/uqe97pu/raw_data/all_categories/NSW_9Exp_22_Nov_2019_1145am312.615868377412_313.040869557971.wav
7920,Exp_17_Feb_2020_1345pm,NSW_9,198.690744783209,199.115544783209,3300.0,71,Whistle15472,/lustre/fsn1/projects/rech/vzf/uqe97pu/raw_data/all_categories/NSW_9Exp_17_Feb_2020_1345pm198.690744783209_199.115544783209.wav
7901,Exp_14_Feb_2020_1145am,NSW_9,350.696062715342,351.931066457777,3300.0,71,Whistle15349,/lustre/fsn1/projects/rech/vzf/uqe97pu/raw_data/all_categories/NSW_9Exp_14_Feb_2020_1145am350.696062715342_351.931066457777.wav
8023,Exp_07_Mar_2020_0945am,NSW_9,394.895596000335,395.531271676011,3000.0,74,Whistle14361,/lustre/fsn1/projects/rech/vzf/uqe97pu/raw_data/all_categories/NSW_9Exp_07_Mar_2020_0945am394.895596000335_395.531271676011.wav
7916,Exp_22_Nov_2019_1245pm,NSW_9,3291.91109362275,3292.61225047194,3600.0,71,Whistle15440,/lustre/fsn1/projects/rech/vzf/uqe97pu/raw_data/all_categories/NSW_9Exp_22_Nov_2019_1245pm3291.91109362275_3292.61225047194.wav
8212,Exp_01_Jan_2020_1245pm,NSW_9,2906.19880848124,2907.35268445023,3300.0,77,Whistle14444,/lustre/fsn1/projects/rech/vzf/uqe97pu/raw_data/all_categories/NSW_9Exp_01_Jan_2020_1245pm2906.19880848124_2907.35268445023.wav
7648,Exp_05_Feb_2020_1345pm,NSW_9,117.090354819257,118.115357925327,3300.0,71,Whistle14205,/lustre/fsn1/projects/rech/vzf/uqe97pu/raw_data/all_categories/NSW_9Exp_05_Feb_2020_1345pm117.090354819257_118.115357925327.wav
7902,Exp_14_Feb_2020_1145am,NSW_9,359.5121049203,360.090365789866,3300.0,71,Whistle15354,/lustre/fsn1/projects/rech/vzf/uqe97pu/raw_data/all_categories/NSW_9Exp_14_Feb_2020_1145am359.5121049203_360.090365789866.wav
7805,Exp_14_Dec_2019_0945am,NSW_9,455.00817320034,456.086341139271,3300.0,71,Whistle14732,/lustre/fsn1/projects/rech/vzf/uqe97pu/raw_data/all_categories/NSW_9Exp_14_Dec_2019_0945am455.00817320034_456.086341139271.wav
8057,Exp_11_Mar_2020_1145am,NSW_9,51.5682717491125,52.1601138543756,3000.0,74,Whistle14580,/lustre/fsn1/projects/rech/vzf/uqe97pu/raw_data/all_categories/NSW_9Exp_11_Mar_2020_1145am51.5682717491125_52.1601138543756.wav
8245,Exp_07_Mar_2020_0945am,NSW_9,392.205007288058,392.945391903443,3000.0,79,Whistle14360,/lustre/fsn1/projects/rech/vzf/uqe97pu/raw_data/all_categories/NSW_9Exp_07_Mar_2020_0945am392.205007288058_392.945391903443.wav
7842,Exp_14_Dec_2019_0945am,NSW_9,464.939404815164,465.599932241324,3300.0,71,Whistle14965,/lustre/fsn1/projects/rech/vzf/uqe97pu/raw_data/all_categories/NSW_9Exp_14_Dec_2019_0945am464.939404815164_465.599932241324.wav
7734,Exp_08_Jan_2020_1245pm,NSW_9,1836.98840730176,1837.52635803064,3300.0,71,Whistle14387,/lustre/fsn1/projects/rech/vzf/uqe97pu/raw_data/all_categories/NSW_9Exp_08_Jan_2020_1245pm1836.98840730176_1837.52635803064.wav
8270,Exp_16_Jan_2020_1045am,NSW_9,3297.07999115149,3298.2249946212,3300.0,82,Whistle14988,/lustre/fsn1/projects/rech/vzf/uqe97pu/raw_data/all_categories/NSW_9Exp_16_Jan_2020_1045am3297.07999115149_3298.2249946212.wav
7706,Exp_01_Feb_2020_1345pm,NSW_9,261.304289733223,261.756849214757,3300.0,71,Whistle14322,/lustre/fsn1/projects/rech/vzf/uqe97pu/raw_data/all_categories/NSW_9Exp_01_Feb_2020_1345pm261.304289733223_261.756849214757.wav
8118,Exp_09_Feb_2020_1345pm,NSW_9,485.476471140822,486.501474246892,3300.0,75,Whistle14270,/lustre/fsn1/projects/rech/vzf/uqe97pu/raw_data/all_categories/NSW_9Exp_09_Feb_2020_1345pm485.476471140822_486.501474246892.wav
8142,Exp_22_Nov_2019_1245pm,NSW_9,3387.20440945669,3387.68192945669,3600.0,75,Whistle15372,/lustre/fsn1/projects/rech/vzf/uqe97pu/raw_data/all_categories/NSW_9Exp_22_Nov_2019_1245pm3387.20440945669_3387.68192945669.wav
7701,Exp_04_Jan_2020_1345pm,NSW_9,730.176585294523,730.625188533389,3300.0,71,Whistle14313,/lustre/fsn1/projects/rech/vzf/uqe97pu/raw_data/all_categories/NSW_9Exp_04_Jan_2020_1345pm730.176585294523_730.625188533389.wav
8152,Exp_02_Mar_2020_1545pm,NSW_9,387.079985326293,387.602853324456,3000.0,76,Whistle14300,/lustre/fsn1/projects/rech/vzf/uqe97pu/raw_data/all_categories/NSW_9Exp_02_Mar_2020_1545pm387.079985326293_387.602853324456.wav
7694,Exp_02_Mar_2020_1345pm,NSW_9,24.0728052979246,25.0437135866606,3000.0,71,Whistle14292,/lustre/fsn1/projects/rech/vzf/uqe97pu/raw_data/all_categories/NSW_9Exp_02_Mar_2020_1345pm24.0728052979246_25.0437135866606.wav
8029,Exp_08_Dec_2019_1045am,NSW_9,2404.05228500692,2404.64728680996,3300.0,74,Whistle14373,/lustre/fsn1/projects/rech/vzf/uqe97pu/raw_data/all_categories/NSW_9Exp_08_Dec_2019_1045am2404.05228500692_2404.64728680996.wav
8005,Exp_02_Mar_2020_1545pm,NSW_9,372.125451649537,372.583592849249,3000.0,74,Whistle14294,/lustre/fsn1/projects/rech/vzf/uqe97pu/raw_data/all_categories/NSW_9Exp_02_Mar_2020_1545pm372.125451649537_372.583592849249.wav
8166,Exp_08_Jan_2020_1245pm,NSW_9,3149.80609391048,3150.5959545916,3300.0,76,Whistle14385,/lustre/fsn1/projects/rech/vzf/uqe97pu/raw_data/all_categories/NSW_9Exp_08_Jan_2020_1245pm3149.80609391048_3150.5959545916.wav
7642,Exp_01_Feb_2020_1345pm,NSW_9,235.330713123373,236.255715926412,3300.0,71,Whistle14194,/lustre/fsn1/projects/rech/vzf/uqe97pu/raw_data/all_categories/NSW_9Exp_01_Feb_2020_1345pm235.330713123373_236.255715926412.wav
7851,Exp_15_Feb_2020_0945am,NSW_9,107.818905791328,108.51903494262,3300.0,71,Whistle14973,/lustre/fsn1/projects/rech/vzf/uqe97pu/raw_data/all_categories/NSW_9Exp_15_Feb_2020_0945am107.818905791328_108.51903494262.wav
8221,Exp_03_Jan_2020_1045am,NSW_9,3153.70955669563,3154.22955827139,3300.0,78,Whistle14448,/lustre/fsn1/projects/rech/vzf/uqe97pu/raw_data/all_categories/NSW_9Exp_03_Jan_2020_1045am3153.70955669563_3154.22955827139.wav
7988,Exp_06_Feb_2020_1145am,NSW_9,364.350076857157,365.049425131896,3300.0,74,Whistle14219,/lustre/fsn1/projects/rech/vzf/uqe97pu/raw_data/all_categories/NSW_9Exp_06_Feb_2020_1145am364.350076857157_365.049425131896.wav
7685,Exp_09_Dec_2019_1245pm,NSW_9,3066.99944178237,3067.65425659719,3300.0,71,Whistle14268,/lustre/fsn1/projects/rech/vzf/uqe97pu/raw_data/all_categories/NSW_9Exp_09_Dec_2019_1245pm3066.99944178237_3067.65425659719.wav
8203,Exp_17_Dec_2019_1245pm,NSW_9,3014.69682406336,3015.37908212788,3300.0,76,Whistle15187,/lustre/fsn1/projects/rech/vzf/uqe97pu/raw_data/all_categories/NSW_9Exp_17_Dec_2019_1245pm3014.69682406336_3015.37908212788.wav
7968,Exp_15_Feb_2020_1345pm,NSW_9,376.917848141941,377.855057444266,3300.0,73,Whistle14758,/lustre/fsn1/projects/rech/vzf/uqe97pu/raw_data/all_categories/NSW_9Exp_15_Feb_2020_1345pm376.917848141941_377.855057444266.wav
7653,Exp_06_Feb_2020_1145am,NSW_9,150.043457589533,150.727204146006,3300.0,71,Whistle14215,/lustre/fsn1/projects/rech/vzf/uqe97pu/raw_data/all_categories/NSW_9Exp_06_Feb_2020_1145am150.043457589533_150.727204146006.wav
7889,Exp_14_Feb_2020_1145am,NSW_9,579.051755914412,580.361717600236,3300.0,71,Whistle15348,/lustre/fsn1/projects/rech/vzf/uqe97pu/raw_data/all_categories/NSW_9Exp_14_Feb_2020_1145am579.051755914412_580.361717600236.wav
7772,Exp_13_Dec_2019_1345pm,NSW_9,459.075303881026,459.68004696403,3300.0,71,Whistle14556,/lustre/fsn1/projects/rech/vzf/uqe97pu/raw_data/all_categories/NSW_9Exp_13_Dec_2019_1345pm459.075303881026_459.68004696403.wav
7833,Exp_17_Feb_2020_1245pm,NSW_9,3159.77155758676,3160.6393053345,3300.0,71,Whistle14825,/lustre/fsn1/projects/rech/vzf/uqe97pu/raw_data/all_categories/NSW_9Exp_17_Feb_2020_1245pm3159.77155758676_3160.6393053345.wav
7958,Exp_05_Dec_2019_1145am,NSW_9,336.96648350352,338.223377729875,3000.0,73,Whistle14454,/lustre/fsn1/projects/rech/vzf/uqe97pu/raw_data/all_categories/NSW_9Exp_05_Dec_2019_1145am336.96648350352_338.223377729875.wav
8167,Exp_08_Jan_2020_1245pm,NSW_9,3166.89681591366,3167.51601386588,3300.0,76,Whistle14386,/lustre/fsn1/projects/rech/vzf/uqe97pu/raw_data/all_categories/NSW_9Exp_08_Jan_2020_1245pm3166.89681591366_3167.51601386588.wav
8139,Exp_22_Nov_2019_1245pm,NSW_9,3293.45414848375,3293.9241497893,3600.0,75,Whistle15249,/lustre/fsn1/projects/rech/vzf/uqe97pu/raw_data/all_categories/NSW_9Exp_22_Nov_2019_1245pm3293.45414848375_3293.9241497893.wav
7960,Exp_08_Dec_2019_1045am,NSW_9,2627.19450314706,2628.26620126026,3300.0,73,Whistle14469,/lustre/fsn1/projects/rech/vzf/uqe97pu/raw_data/all_categories/NSW_9Exp_08_Dec_2019_1045am2627.19450314706_2628.26620126026.wav
8071,Exp_21_Nov_2019_1145am,NSW_9,1127.04669553184,1127.5210473837,3600.0,74,Whistle14877,/lustre/fsn1/projects/rech/vzf/uqe97pu/raw_data/all_categories/NSW_9Exp_21_Nov_2019_1145am1127.04669553184_1127.5210473837.wav
7924,Exp_03_Jan_2020_1045am,NSW_9,3089.60051752854,3090.46588136551,3300.0,72,Whistle14303,/lustre/fsn1/projects/rech/vzf/uqe97pu/raw_data/all_categories/NSW_9Exp_03_Jan_2020_1045am3089.60051752854_3090.46588136551.wav
7955,Exp_02_Mar_2020_1145am,NSW_9,249.930835102784,251.179129417165,3000.0,73,Whistle14170,/lustre/fsn1/projects/rech/vzf/uqe97pu/raw_data/all_categories/NSW_9Exp_02_Mar_2020_1145am249.930835102784_251.179129417165.wav
7957,Exp_02_Mar_2020_1545pm,NSW_9,295.060985536618,296.085936517011,3000.0,73,Whistle14445,/lustre/fsn1/projects/rech/vzf/uqe97pu/raw_data/all_categories/NSW_9Exp_02_Mar_2020_1545pm295.060985536618_296.085936517011.wav
8093,Exp_20_Nov_2019_0845am,NSW_9,3399.98169238134,3401.35315300486,3600.0,74,Whistle15126,/lustre/fsn1/projects/rech/vzf/uqe97pu/raw_data/all_categories/NSW_9Exp_20_Nov_2019_0845am3399.98169238134_3401.35315300486.wav
8241,Exp_11_Mar_2020_1145am,NSW_9,30.3201010670036,31.3451044836816,3000.0,78,Whistle15322,/lustre/fsn1/projects/rech/vzf/uqe97pu/raw_data/all_categories/NSW_9Exp_11_Mar_2020_1145am30.3201010670036_31.3451044836816.wav
8110,Exp_02_Mar_2020_1545pm,NSW_9,403.616345387818,404.641348804496,3000.0,75,Whistle14179,/lustre/fsn1/projects/rech/vzf/uqe97pu/raw_data/all_categories/NSW_9Exp_02_Mar_2020_1545pm403.616345387818_404.641348804496.wav
8017,Exp_05_Jan_2020_1545pm,NSW_9,519.105464086966,519.468382103161,3300.0,74,Whistle14334,/lustre/fsn1/projects/rech/vzf/uqe97pu/raw_data/all_categories/NSW_9Exp_05_Jan_2020_1545pm519.105464086966_519.468382103161.wav
8236,Exp_16_Nov_2019_1045am,NSW_9,2935.67815466154,2936.37815660599,3600.0,78,Whistle15405,/lustre/fsn1/projects/rech/vzf/uqe97pu/raw_data/all_categories/NSW_9Exp_16_Nov_2019_1045am2935.67815466154_2936.37815660599.wav
8068,Exp_17_Jan_2020_1345pm,NSW_9,339.697212018273,340.48934838191,3300.0,74,Whistle14839,/lustre/fsn1/projects/rech/vzf/uqe97pu/raw_data/all_categories/NSW_9Exp_17_Jan_2020_1345pm339.697212018273_340.48934838191.wav
7994,Exp_01_Jan_2020_1345pm,NSW_9,1111.44292494547,1112.17334102912,3300.0,74,Whistle14235,/lustre/fsn1/projects/rech/vzf/uqe97pu/raw_data/all_categories/NSW_9Exp_01_Jan_2020_1345pm1111.44292494547_1112.17334102912.wav
7728,Exp_08_Dec_2019_1045am,NSW_9,2124.539110514,2125.10219591345,3300.0,71,Whistle14370,/lustre/fsn1/projects/rech/vzf/uqe97pu/raw_data/all_categories/NSW_9Exp_08_Dec_2019_1045am2124.539110514_2125.10219591345.wav
7738,Exp_09_Dec_2019_1245pm,NSW_9,2676.10738990677,2676.8830725636,3300.0,71,Whistle14394,/lustre/fsn1/projects/rech/vzf/uqe97pu/raw_data/all_categories/NSW_9Exp_09_Dec_2019_1245pm2676.10738990677_2676.8830725636.wav
7787,Exp_11_Dec_2019_1145am,NSW_9,263.153380604005,263.742697947178,3300.0,71,Whistle14655,/lustre/fsn1/projects/rech/vzf/uqe97pu/raw_data/all_categories/NSW_9Exp_11_Dec_2019_1145am263.153380604005_263.742697947178.wav
8056,Exp_11_Mar_2020_1145am,NSW_9,175.965587885293,176.972210401849,3000.0,74,Whistle14549,/lustre/fsn1/projects/rech/vzf/uqe97pu/raw_data/all_categories/NSW_9Exp_11_Mar_2020_1145am175.965587885293_176.972210401849.wav
7858,Exp_16_Jan_2020_1145am,NSW_9,250.597579941697,251.534632735257,3300.0,71,Whistle14992,/lustre/fsn1/projects/rech/vzf/uqe97pu/raw_data/all_categories/NSW_9Exp_16_Jan_2020_1145am250.597579941697_251.534632735257.wav
7631,Exp_02_Mar_2020_1545pm,NSW_9,297.945993153311,298.520995069984,3000.0,71,Whistle14177,/lustre/fsn1/projects/rech/vzf/uqe97pu/raw_data/all_categories/NSW_9Exp_02_Mar_2020_1545pm297.945993153311_298.520995069984.wav
7713,Exp_06_Jan_2020_0845am,NSW_9,254.871114515053,255.835757027131,3300.0,71,Whistle14340,/lustre/fsn1/projects/rech/vzf/uqe97pu/raw_data/all_categories/NSW_9Exp_06_Jan_2020_0845am254.871114515053_255.835757027131.wav
8109,Exp_17_Feb_2020_1245pm,NSW_9,3155.13281206166,3155.73395247188,3300.0,74,Whistle15113,/lustre/fsn1/projects/rech/vzf/uqe97pu/raw_data/all_categories/NSW_9Exp_17_Feb_2020_1245pm3155.13281206166_3155.73395247188.wav
8156,Exp_05_Jan_2020_1145am,NSW_9,2683.70313425192,2684.81009627724,3300.0,76,Whistle14329,/lustre/fsn1/projects/rech/vzf/uqe97pu/raw_data/all_categories/NSW_9Exp_05_Jan_2020_1145am2683.70313425192_2684.81009627724.wav
8147,Exp_03_Jan_2020_1045am,NSW_9,3149.86260357714,3150.43731432094,3300.0,76,Whistle14185,/lustre/fsn1/projects/rech/vzf/uqe97pu/raw_data/all_categories/NSW_9Exp_03_Jan_2020_1045am3149.86260357714_3150.43731432094.wav
7964,Exp_22_Nov_2019_1245pm,NSW_9,2634.15422235168,2635.04688468934,3600.0,73,Whistle14615,/lustre/fsn1/projects/rech/vzf/uqe97pu/raw_data/all_categories/NSW_9Exp_22_Nov_2019_1245pm2634.15422235168_2635.04688468934.wav
7956,Exp_09_Dec_2019_1145am,NSW_9,645.938447537615,646.72274953486,3300.0,73,Whistle14434,/lustre/fsn1/projects/rech/vzf/uqe97pu/raw_data/all_categories/NSW_9Exp_09_Dec_2019_1145am645.938447537615_646.72274953486.wav
7828,Exp_11_Mar_2020_1145am,NSW_9,169.846824813367,171.082255276944,3000.0,71,Whistle14940,/lustre/fsn1/projects/rech/vzf/uqe97pu/raw_data/all_categories/NSW_9Exp_11_Mar_2020_1145am169.846824813367_171.082255276944.wav
7764,Exp_07_Mar_2020_1145am,NSW_9,255.525851752839,257.260857536192,3000.0,71,Whistle14495,/lustre/fsn1/projects/rech/vzf/uqe97pu/raw_data/all_categories/NSW_9Exp_07_Mar_2020_1145am255.525851752839_257.260857536192.wav
7980,Exp_05_Dec_2019_1145am,NSW_9,370.586235287451,371.246237487458,3000.0,74,Whistle14198,/lustre/fsn1/projects/rech/vzf/uqe97pu/raw_data/all_categories/NSW_9Exp_05_Dec_2019_1145am370.586235287451_371.246237487458.wav
7667,Exp_07_Mar_2020_1545pm,NSW_9,840.27060605405,841.247764725636,3000.0,71,Whistle14239,/lustre/fsn1/projects/rech/vzf/uqe97pu/raw_data/all_categories/NSW_9Exp_07_Mar_2020_1545pm840.27060605405_841.247764725636.wav
7666,Exp_07_Mar_2020_0945am,NSW_9,59.5691441798296,60.2141441798296,3000.0,71,Whistle14237,/lustre/fsn1/projects/rech/vzf/uqe97pu/raw_data/all_categories/NSW_9Exp_07_Mar_2020_0945am59.5691441798296_60.2141441798296.wav
7697,Exp_02_Mar_2020_1545pm,NSW_9,402.880339364894,403.333972177394,3000.0,71,Whistle14302,/lustre/fsn1/projects/rech/vzf/uqe97pu/raw_data/all_categories/NSW_9Exp_02_Mar_2020_1545pm402.880339364894_403.333972177394.wav
7791,Exp_11_Mar_2020_1145am,NSW_9,141.998428900498,142.809947119122,3000.0,71,Whistle14674,/lustre/fsn1/projects/rech/vzf/uqe97pu/raw_data/all_categories/NSW_9Exp_11_Mar_2020_1145am141.998428900498_142.809947119122.wav
8172,Exp_08_Feb_2020_1345pm,NSW_9,191.360579880545,192.600583638132,3300.0,76,Whistle14430,/lustre/fsn1/projects/rech/vzf/uqe97pu/raw_data/all_categories/NSW_9Exp_08_Feb_2020_1345pm191.360579880545_192.600583638132.wav
8196,Exp_17_Dec_2019_1245pm,NSW_9,3015.64630187366,3017.11903274437,3300.0,76,Whistle15100,/lustre/fsn1/projects/rech/vzf/uqe97pu/raw_data/all_categories/NSW_9Exp_17_Dec_2019_1245pm3015.64630187366_3017.11903274437.wav
7690,Exp_01_Mar_2020_1145am,NSW_9,498.91121689364,499.521618679354,3000.0,71,Whistle14278,/lustre/fsn1/projects/rech/vzf/uqe97pu/raw_data/all_categories/NSW_9Exp_01_Mar_2020_1145am498.91121689364_499.521618679354.wav
7635,Exp_03_Jan_2020_1045am,NSW_9,3080.55433501314,3081.57933811921,3300.0,71,Whistle14184,/lustre/fsn1/projects/rech/vzf/uqe97pu/raw_data/all_categories/NSW_9Exp_03_Jan_2020_1045am3080.55433501314_3081.57933811921.wav
7834,Exp_21_Nov_2019_1345pm,NSW_9,146.328774561228,146.959621767225,3600.0,71,Whistle14884,/lustre/fsn1/projects/rech/vzf/uqe97pu/raw_data/all_categories/NSW_9Exp_21_Nov_2019_1345pm146.328774561228_146.959621767225.wav
8158,Exp_06_Jan_2020_0845am,NSW_9,253.182248676528,253.986717950271,3300.0,76,Whistle14341,/lustre/fsn1/projects/rech/vzf/uqe97pu/raw_data/all_categories/NSW_9Exp_06_Jan_2020_0845am253.182248676528_253.986717950271.wav
7985,Exp_05_Jan_2020_1345pm,NSW_9,437.511325791896,438.536328897966,3300.0,74,Whistle14209,/lustre/fsn1/projects/rech/vzf/uqe97pu/raw_data/all_categories/NSW_9Exp_05_Jan_2020_1345pm437.511325791896_438.536328897966.wav
7950,Exp_15_Feb_2020_1345pm,NSW_9,351.273094517807,352.649961685727,3300.0,72,Whistle15089,/lustre/fsn1/projects/rech/vzf/uqe97pu/raw_data/all_categories/NSW_9Exp_15_Feb_2020_1345pm351.273094517807_352.649961685727.wav
7835,Exp_22_Nov_2019_1145am,NSW_9,152.778050025471,153.528802921224,3600.0,71,Whistle14888,/lustre/fsn1/projects/rech/vzf/uqe97pu/raw_data/all_categories/NSW_9Exp_22_Nov_2019_1145am152.778050025471_153.528802921224.wav
8117,Exp_08_Jan_2020_1345pm,NSW_9,2567.12277915994,2568.14778226601,3300.0,75,Whistle14260,/lustre/fsn1/projects/rech/vzf/uqe97pu/raw_data/all_categories/NSW_9Exp_08_Jan_2020_1345pm2567.12277915994_2568.14778226601.wav
8222,Exp_04_Jan_2020_1345pm,NSW_9,549.824773726285,550.358996833855,3300.0,78,Whistle14449,/lustre/fsn1/projects/rech/vzf/uqe97pu/raw_data/all_categories/NSW_9Exp_04_Jan_2020_1345pm549.824773726285_550.358996833855.wav
7801,Exp_13_Dec_2019_1345pm,NSW_9,245.943631590211,246.674525899155,3300.0,71,Whistle14718,/lustre/fsn1/projects/rech/vzf/uqe97pu/raw_data/all_categories/NSW_9Exp_13_Dec_2019_1345pm245.943631590211_246.674525899155.wav
8032,Exp_08_Feb_2020_1345pm,NSW_9,337.676023260676,338.506025775836,3300.0,74,Whistle14378,/lustre/fsn1/projects/rech/vzf/uqe97pu/raw_data/all_categories/NSW_9Exp_08_Feb_2020_1345pm337.676023260676_338.506025775836.wav
8022,Exp_07_Jan_2020_1345pm,NSW_9,708.075526014922,708.549877866774,3300.0,74,Whistle14358,/lustre/fsn1/projects/rech/vzf/uqe97pu/raw_data/all_categories/NSW_9Exp_07_Jan_2020_1345pm708.075526014922_708.549877866774.wav
7707,Exp_01_Feb_2020_1345pm,NSW_9,263.019670408519,263.744740831054,3300.0,71,Whistle14323,/lustre/fsn1/projects/rech/vzf/uqe97pu/raw_data/all_categories/NSW_9Exp_01_Feb_2020_1345pm263.019670408519_263.744740831054.wav
8160,Exp_07_Mar_2020_0945am,NSW_9,393.546311821039,394.161313871046,3000.0,76,Whistle14359,/lustre/fsn1/projects/rech/vzf/uqe97pu/raw_data/all_categories/NSW_9Exp_07_Mar_2020_0945am393.546311821039_394.161313871046.wav
8088,Exp_24_Nov_2019_1245pm,NSW_9,2823.82674511385,2824.57763444192,3000.0,74,Whistle15057,/lustre/fsn1/projects/rech/vzf/uqe97pu/raw_data/all_categories/NSW_9Exp_24_Nov_2019_1245pm2823.82674511385_2824.57763444192.wav
8036,Exp_02_Mar_2020_1145am,NSW_9,20.3450678168927,21.3700712335708,3000.0,74,Whistle14404,/lustre/fsn1/projects/rech/vzf/uqe97pu/raw_data/all_categories/NSW_9Exp_02_Mar_2020_1145am20.3450678168927_21.3700712335708.wav
7703,Exp_04_Jan_2020_1345pm,NSW_9,831.757565628441,832.040088150963,3300.0,71,Whistle14315,/lustre/fsn1/projects/rech/vzf/uqe97pu/raw_data/all_categories/NSW_9Exp_04_Jan_2020_1345pm831.757565628441_832.040088150963.wav
7647,Exp_05_Feb_2020_0945am,NSW_9,622.39688605117,623.42188915724,3300.0,71,Whistle14201,/lustre/fsn1/projects/rech/vzf/uqe97pu/raw_data/all_categories/NSW_9Exp_05_Feb_2020_0945am622.39688605117_623.42188915724.wav
8234,Exp_16_Nov_2019_1345pm,NSW_9,45.6551268197967,46.3551287642466,3600.0,78,Whistle15304,/lustre/fsn1/projects/rech/vzf/uqe97pu/raw_data/all_categories/NSW_9Exp_16_Nov_2019_1345pm45.6551268197967_46.3551287642466.wav
8035,Exp_02_Feb_2020_1245pm,NSW_9,3215.58830873445,3216.22750015359,3300.0,74,Whistle14401,/lustre/fsn1/projects/rech/vzf/uqe97pu/raw_data/all_categories/NSW_9Exp_02_Feb_2020_1245pm3215.58830873445_3216.22750015359.wav
8001,Exp_01_Mar_2020_1145am,NSW_9,471.900707259889,472.491534218844,3000.0,74,Whistle14277,/lustre/fsn1/projects/rech/vzf/uqe97pu/raw_data/all_categories/NSW_9Exp_01_Mar_2020_1145am471.900707259889_472.491534218844.wav
8219,Exp_09_Dec_2019_1145am,NSW_9,654.021981884794,655.046984990864,3300.0,78,Whistle14265,/lustre/fsn1/projects/rech/vzf/uqe97pu/raw_data/all_categories/NSW_9Exp_09_Dec_2019_1145am654.021981884794_655.046984990864.wav
7874,Exp_16_Jan_2020_1145am,NSW_9,249.128454911378,250.130088244712,3300.0,71,Whistle15091,/lustre/fsn1/projects/rech/vzf/uqe97pu/raw_data/all_categories/NSW_9Exp_16_Jan_2020_1145am249.128454911378_250.130088244712.wav
7913,Exp_16_Nov_2019_1345pm,NSW_9,277.238969914811,277.72840375233,3600.0,71,Whistle15402,/lustre/fsn1/projects/rech/vzf/uqe97pu/raw_data/all_categories/NSW_9Exp_16_Nov_2019_1345pm277.238969914811_277.72840375233.wav
7888,Exp_17_Feb_2020_1245pm,NSW_9,2969.67873886621,2970.13394117835,3300.0,71,Whistle15193,/lustre/fsn1/projects/rech/vzf/uqe97pu/raw_data/all_categories/NSW_9Exp_17_Feb_2020_1245pm2969.67873886621_2970.13394117835.wav
7761,Exp_04_Mar_2020_1145am,NSW_9,230.312504321345,231.650748193894,3000.0,71,Whistle14463,/lustre/fsn1/projects/rech/vzf/uqe97pu/raw_data/all_categories/NSW_9Exp_04_Mar_2020_1145am230.312504321345_231.650748193894.wav
7976,Exp_02_Mar_2020_1545pm,NSW_9,390.389288405111,391.226270460433,3000.0,74,Whistle14178,/lustre/fsn1/projects/rech/vzf/uqe97pu/raw_data/all_categories/NSW_9Exp_02_Mar_2020_1545pm390.389288405111_391.226270460433.wav
8187,Exp_11_Jan_2020_0945am,NSW_9,509.938363777411,510.733316755467,3300.0,76,Whistle14662,/lustre/fsn1/projects/rech/vzf/uqe97pu/raw_data/all_categories/NSW_9Exp_11_Jan_2020_0945am509.938363777411_510.733316755467.wav
7836,Exp_22_Nov_2019_1545pm,NSW_9,11.2505283731153,12.4629060808115,3000.0,71,Whistle14902,/lustre/fsn1/projects/rech/vzf/uqe97pu/raw_data/all_categories/NSW_9Exp_22_Nov_2019_1545pm11.2505283731153_12.4629060808115.wav
7944,Exp_13_Feb_2020_1345pm,NSW_9,411.186247231052,411.987339185075,3300.0,72,Whistle14727,/lustre/fsn1/projects/rech/vzf/uqe97pu/raw_data/all_categories/NSW_9Exp_13_Feb_2020_1345pm411.186247231052_411.987339185075.wav
7633,Exp_03_Jan_2020_1045am,NSW_9,3083.22695608219,3084.17644539335,3300.0,71,Whistle14182,/lustre/fsn1/projects/rech/vzf/uqe97pu/raw_data/all_categories/NSW_9Exp_03_Jan_2020_1045am3083.22695608219_3084.17644539335.wav
7646,Exp_05_Feb_2020_0945am,NSW_9,448.541570605058,449.051312389096,3300.0,71,Whistle14200,/lustre/fsn1/projects/rech/vzf/uqe97pu/raw_data/all_categories/NSW_9Exp_05_Feb_2020_0945am448.541570605058_449.051312389096.wav
8058,Exp_24_Nov_2019_1245pm,NSW_9,2831.40256004125,2832.00385633755,3000.0,74,Whistle14618,/lustre/fsn1/projects/rech/vzf/uqe97pu/raw_data/all_categories/NSW_9Exp_24_Nov_2019_1245pm2831.40256004125_2832.00385633755.wav
7991,Exp_06_Jan_2020_0945am,NSW_9,767.750578983656,768.69629326937,3300.0,74,Whistle14226,/lustre/fsn1/projects/rech/vzf/uqe97pu/raw_data/all_categories/NSW_9Exp_06_Jan_2020_0945am767.750578983656_768.69629326937.wav
8267,Exp_17_Jan_2020_0945am,NSW_9,1.94500589395725,2.86500868184449,3300.0,81,Whistle15473,/lustre/fsn1/projects/rech/vzf/uqe97pu/raw_data/all_categories/NSW_9Exp_17_Jan_2020_0945am1.94500589395725_2.86500868184449.wav
7929,Exp_07_Mar_2020_1145am,NSW_9,360.766204554015,361.752871220682,3000.0,72,Whistle14427,/lustre/fsn1/projects/rech/vzf/uqe97pu/raw_data/all_categories/NSW_9Exp_07_Mar_2020_1145am360.766204554015_361.752871220682.wav
7708,Exp_05_Dec_2019_0945am,NSW_9,45.2679882791557,46.3188590656725,3000.0,71,Whistle14325,/lustre/fsn1/projects/rech/vzf/uqe97pu/raw_data/all_categories/NSW_9Exp_05_Dec_2019_0945am45.2679882791557_46.3188590656725.wav
8133,Exp_13_Dec_2019_1345pm,NSW_9,457.76638717087,458.131388276934,3300.0,75,Whistle14964,/lustre/fsn1/projects/rech/vzf/uqe97pu/raw_data/all_categories/NSW_9Exp_13_Dec_2019_1345pm457.76638717087_458.131388276934.wav
8074,Exp_15_Jan_2020_1045am,NSW_9,3106.05101422474,3106.90202845961,3300.0,74,Whistle14763,/lustre/fsn1/projects/rech/vzf/uqe97pu/raw_data/all_categories/NSW_9Exp_15_Jan_2020_1045am3106.05101422474_3106.90202845961.wav
7827,Exp_22_Nov_2019_1145am,NSW_9,159.865445181792,161.069929308776,3600.0,71,Whistle14890,/lustre/fsn1/projects/rech/vzf/uqe97pu/raw_data/all_categories/NSW_9Exp_22_Nov_2019_1145am159.865445181792_161.069929308776.wav
7820,Exp_20_Nov_2019_1145am,NSW_9,162.940453723483,164.029059301172,3600.0,71,Whistle14861,/lustre/fsn1/projects/rech/vzf/uqe97pu/raw_data/all_categories/NSW_9Exp_20_Nov_2019_1145am162.940453723483_164.029059301172.wav
8081,Exp_17_Dec_2019_1245pm,NSW_9,2859.02097404665,2859.87720763945,3300.0,74,Whistle15006,/lustre/fsn1/projects/rech/vzf/uqe97pu/raw_data/all_categories/NSW_9Exp_17_Dec_2019_1245pm2859.02097404665_2859.87720763945.wav
7717,Exp_06_Jan_2020_0945am,NSW_9,676.385988884998,677.130473733483,3300.0,71,Whistle14348,/lustre/fsn1/projects/rech/vzf/uqe97pu/raw_data/all_categories/NSW_9Exp_06_Jan_2020_0945am676.385988884998_677.130473733483.wav
7905,Exp_22_Nov_2019_1545pm,NSW_9,10.1666432957675,10.8575998175066,3000.0,71,Whistle15374,/lustre/fsn1/projects/rech/vzf/uqe97pu/raw_data/all_categories/NSW_9Exp_22_Nov_2019_1545pm10.1666432957675_10.8575998175066.wav
7868,Exp_24_Nov_2019_1245pm,NSW_9,2825.17619472423,2825.99793026142,3000.0,71,Whistle15058,/lustre/fsn1/projects/rech/vzf/uqe97pu/raw_data/all_categories/NSW_9Exp_24_Nov_2019_1245pm2825.17619472423_2825.99793026142.wav
8102,Exp_15_Jan_2020_0945am,NSW_9,260.282738397358,261.054221448206,3300.0,74,Whistle15392,/lustre/fsn1/projects/rech/vzf/uqe97pu/raw_data/all_categories/NSW_9Exp_15_Jan_2020_0945am260.282738397358_261.054221448206.wav
8237,Exp_16_Nov_2019_1045am,NSW_9,3294.43915121986,3295.13915316431,3600.0,78,Whistle15414,/lustre/fsn1/projects/rech/vzf/uqe97pu/raw_data/all_categories/NSW_9Exp_16_Nov_2019_1045am3294.43915121986_3295.13915316431.wav
7652,Exp_06_Dec_2019_1345pm,NSW_9,430.003074654782,430.804434654782,3000.0,71,Whistle14214,/lustre/fsn1/projects/rech/vzf/uqe97pu/raw_data/all_categories/NSW_9Exp_06_Dec_2019_1345pm430.003074654782_430.804434654782.wav
7808,Exp_21_Nov_2019_0945am,NSW_9,295.935823155064,297.225794620693,3600.0,71,Whistle14646,/lustre/fsn1/projects/rech/vzf/uqe97pu/raw_data/all_categories/NSW_9Exp_21_Nov_2019_0945am295.935823155064_297.225794620693.wav
8153,Exp_02_Mar_2020_1545pm,NSW_9,391.759097152029,392.413416088906,3000.0,76,Whistle14301,/lustre/fsn1/projects/rech/vzf/uqe97pu/raw_data/all_categories/NSW_9Exp_02_Mar_2020_1545pm391.759097152029_392.413416088906.wav
7883,Exp_21_Nov_2019_1345pm,NSW_9,189.983594543133,190.578838987577,3600.0,71,Whistle15139,/lustre/fsn1/projects/rech/vzf/uqe97pu/raw_data/all_categories/NSW_9Exp_21_Nov_2019_1345pm189.983594543133_190.578838987577.wav
7802,Exp_13_Dec_2019_1345pm,NSW_9,240.653957069012,241.350412384432,3300.0,71,Whistle14723,/lustre/fsn1/projects/rech/vzf/uqe97pu/raw_data/all_categories/NSW_9Exp_13_Dec_2019_1345pm240.653957069012_241.350412384432.wav
8211,Exp_09_Dec_2019_1145am,NSW_9,647.475145431554,648.405700987109,3300.0,77,Whistle14263,/lustre/fsn1/projects/rech/vzf/uqe97pu/raw_data/all_categories/NSW_9Exp_09_Dec_2019_1145am647.475145431554_648.405700987109.wav
7777,Exp_17_Jan_2020_1345pm,NSW_9,182.263487191555,182.953994930845,3300.0,71,Whistle14598,/lustre/fsn1/projects/rech/vzf/uqe97pu/raw_data/all_categories/NSW_9Exp_17_Jan_2020_1345pm182.263487191555_182.953994930845.wav
7699,Exp_04_Jan_2020_1045am,NSW_9,479.274773702955,480.171415494,3300.0,71,Whistle14310,/lustre/fsn1/projects/rech/vzf/uqe97pu/raw_data/all_categories/NSW_9Exp_04_Jan_2020_1045am479.274773702955_480.171415494.wav
7993,Exp_06_Jan_2020_1345pm,NSW_9,228.554995039802,229.240266357631,3300.0,74,Whistle14229,/lustre/fsn1/projects/rech/vzf/uqe97pu/raw_data/all_categories/NSW_9Exp_06_Jan_2020_1345pm228.554995039802_229.240266357631.wav
7716,Exp_06_Jan_2020_0945am,NSW_9,840.072545674381,840.872548098631,3300.0,71,Whistle14347,/lustre/fsn1/projects/rech/vzf/uqe97pu/raw_data/all_categories/NSW_9Exp_06_Jan_2020_0945am840.072545674381_840.872548098631.wav
8006,Exp_02_Mar_2020_1545pm,NSW_9,266.424373001445,266.912312395385,3000.0,74,Whistle14296,/lustre/fsn1/projects/rech/vzf/uqe97pu/raw_data/all_categories/NSW_9Exp_02_Mar_2020_1545pm266.424373001445_266.912312395385.wav
7692,Exp_02_Mar_2020_1145am,NSW_9,229.254782710802,229.888707944447,3000.0,71,Whistle14285,/lustre/fsn1/projects/rech/vzf/uqe97pu/raw_data/all_categories/NSW_9Exp_02_Mar_2020_1145am229.254782710802_229.888707944447.wav
7952,Exp_17_Dec_2019_1245pm,NSW_9,2927.35518739211,2928.18381897106,3300.0,72,Whistle15186,/lustre/fsn1/projects/rech/vzf/uqe97pu/raw_data/all_categories/NSW_9Exp_17_Dec_2019_1245pm2927.35518739211_2928.18381897106.wav
7970,Exp_20_Nov_2019_1145am,NSW_9,466.551616975825,467.589856975825,3600.0,73,Whistle14859,/lustre/fsn1/projects/rech/vzf/uqe97pu/raw_data/all_categories/NSW_9Exp_20_Nov_2019_1145am466.551616975825_467.589856975825.wav
8146,Exp_17_Jan_2020_0945am,NSW_9,5.23001584853287,6.13501859096543,3300.0,75,Whistle15447,/lustre/fsn1/projects/rech/vzf/uqe97pu/raw_data/all_categories/NSW_9Exp_17_Jan_2020_0945am5.23001584853287_6.13501859096543.wav
7812,Exp_16_Dec_2019_1145am,NSW_9,401.52289097719,402.29429265083,3300.0,71,Whistle14768,/lustre/fsn1/projects/rech/vzf/uqe97pu/raw_data/all_categories/NSW_9Exp_16_Dec_2019_1145am401.52289097719_402.29429265083.wav
7639,Exp_01_Feb_2020_1345pm,NSW_9,238.935724047649,240.250728032509,3300.0,71,Whistle14191,/lustre/fsn1/projects/rech/vzf/uqe97pu/raw_data/all_categories/NSW_9Exp_01_Feb_2020_1345pm238.935724047649_240.250728032509.wav
7880,Exp_22_Nov_2019_1145am,NSW_9,154.15311032686,154.913895767473,3600.0,71,Whistle15047,/lustre/fsn1/projects/rech/vzf/uqe97pu/raw_data/all_categories/NSW_9Exp_22_Nov_2019_1145am154.15311032686_154.913895767473.wav
8066,Exp_17_Feb_2020_0945am,NSW_9,1151.80361432808,1152.19749492509,3300.0,74,Whistle14823,/lustre/fsn1/projects/rech/vzf/uqe97pu/raw_data/all_categories/NSW_9Exp_17_Feb_2020_0945am1151.80361432808_1152.19749492509.wav
7860,Exp_16_Nov_2019_1345pm,NSW_9,317.543568216753,318.284642596918,3600.0,71,Whistle15000,/lustre/fsn1/projects/rech/vzf/uqe97pu/raw_data/all_categories/NSW_9Exp_16_Nov_2019_1345pm317.543568216753_318.284642596918.wav
7855,Exp_16_Dec_2019_1145am,NSW_9,403.086221473398,403.646223170373,3300.0,71,Whistle14984,/lustre/fsn1/projects/rech/vzf/uqe97pu/raw_data/all_categories/NSW_9Exp_16_Dec_2019_1145am403.086221473398_403.646223170373.wav
7712,Exp_06_Dec_2019_1345pm,NSW_9,520.974255119621,521.845389871394,3000.0,71,Whistle14339,/lustre/fsn1/projects/rech/vzf/uqe97pu/raw_data/all_categories/NSW_9Exp_06_Dec_2019_1345pm520.974255119621_521.845389871394.wav
8177,Exp_05_Feb_2020_1345pm,NSW_9,429.121302185764,430.16126424293,3300.0,76,Whistle14479,/lustre/fsn1/projects/rech/vzf/uqe97pu/raw_data/all_categories/NSW_9Exp_05_Feb_2020_1345pm429.121302185764_430.16126424293.wav
7741,Exp_01_Mar_2020_1145am,NSW_9,528.843799437444,529.746719791426,3000.0,71,Whistle14400,/lustre/fsn1/projects/rech/vzf/uqe97pu/raw_data/all_categories/NSW_9Exp_01_Mar_2020_1145am528.843799437444_529.746719791426.wav
8097,Exp_12_Feb_2020_1145am,NSW_9,275.6484175152,276.419688007003,3300.0,74,Whistle15334,/lustre/fsn1/projects/rech/vzf/uqe97pu/raw_data/all_categories/NSW_9Exp_12_Feb_2020_1145am275.6484175152_276.419688007003.wav
8125,Exp_15_Dec_2019_1245pm,NSW_9,2462.48246206807,2463.25746441656,3300.0,75,Whistle14515,/lustre/fsn1/projects/rech/vzf/uqe97pu/raw_data/all_categories/NSW_9Exp_15_Dec_2019_1245pm2462.48246206807_2463.25746441656.wav
7657,Exp_06_Jan_2020_0845am,NSW_9,84.135254955318,85.1602580613881,3300.0,71,Whistle14223,/lustre/fsn1/projects/rech/vzf/uqe97pu/raw_data/all_categories/NSW_9Exp_06_Jan_2020_0845am84.135254955318_85.1602580613881.wav
7862,Exp_20_Nov_2019_1145am,NSW_9,161.63705998814,162.553876467541,3600.0,71,Whistle15034,/lustre/fsn1/projects/rech/vzf/uqe97pu/raw_data/all_categories/NSW_9Exp_20_Nov_2019_1145am161.63705998814_162.553876467541.wav
7624,Exp_02_Jan_2020_1245pm,NSW_9,3270.8399116361,3272.15491562096,3300.0,71,Whistle14166,/lustre/fsn1/projects/rech/vzf/uqe97pu/raw_data/all_categories/NSW_9Exp_02_Jan_2020_1245pm3270.8399116361_3272.15491562096.wav
8274,Exp_22_Nov_2019_1245pm,NSW_9,2522.76200767224,2523.38700940836,3600.0,82,Whistle15437,/lustre/fsn1/projects/rech/vzf/uqe97pu/raw_data/all_categories/NSW_9Exp_22_Nov_2019_1245pm2522.76200767224_2523.38700940836.wav
7884,Exp_15_Feb_2020_1045am,NSW_9,2566.36625302,2566.97772360824,3300.0,71,Whistle15177,/lustre/fsn1/projects/rech/vzf/uqe97pu/raw_data/all_categories/NSW_9Exp_15_Feb_2020_1045am2566.36625302_2566.97772360824.wav
8049,Exp_06_Dec_2019_1345pm,NSW_9,345.911155037183,346.834146303559,3000.0,74,Whistle14460,/lustre/fsn1/projects/rech/vzf/uqe97pu/raw_data/all_categories/NSW_9Exp_06_Dec_2019_1345pm345.911155037183_346.834146303559.wav
7936,Exp_08_Feb_2020_1345pm,NSW_9,330.101000306061,331.836005563653,3300.0,72,Whistle14497,/lustre/fsn1/projects/rech/vzf/uqe97pu/raw_data/all_categories/NSW_9Exp_08_Feb_2020_1345pm330.101000306061_331.836005563653.wav
7740,Exp_09_Jan_2020_1145am,NSW_9,408.595615574364,408.933143876251,3300.0,71,Whistle14399,/lustre/fsn1/projects/rech/vzf/uqe97pu/raw_data/all_categories/NSW_9Exp_09_Jan_2020_1145am408.595615574364_408.933143876251.wav
7852,Exp_15_Feb_2020_1345pm,NSW_9,350.53106221534,351.276064472923,3300.0,71,Whistle14975,/lustre/fsn1/projects/rech/vzf/uqe97pu/raw_data/all_categories/NSW_9Exp_15_Feb_2020_1345pm350.53106221534_351.276064472923.wav
7908,Exp_22_Nov_2019_1145am,NSW_9,305.432303742258,305.994031014985,3600.0,71,Whistle15394,/lustre/fsn1/projects/rech/vzf/uqe97pu/raw_data/all_categories/NSW_9Exp_22_Nov_2019_1145am305.432303742258_305.994031014985.wav
8200,Exp_12_Feb_2020_1145am,NSW_9,206.55920901081,207.160572647174,3300.0,76,Whistle15168,/lustre/fsn1/projects/rech/vzf/uqe97pu/raw_data/all_categories/NSW_9Exp_12_Feb_2020_1145am206.55920901081_207.160572647174.wav
8020,Exp_06_Jan_2020_0945am,NSW_9,677.774725177315,678.403607164893,3300.0,74,Whistle14349,/lustre/fsn1/projects/rech/vzf/uqe97pu/raw_data/all_categories/NSW_9Exp_06_Jan_2020_0945am677.774725177315_678.403607164893.wav
7768,Exp_11_Mar_2020_1145am,NSW_9,171.419367086938,172.180530352244,3000.0,71,Whistle14579,/lustre/fsn1/projects/rech/vzf/uqe97pu/raw_data/all_categories/NSW_9Exp_11_Mar_2020_1145am171.419367086938_172.180530352244.wav
7973,Exp_17_Dec_2019_1245pm,NSW_9,2867.3536901627,2868.30219695003,3300.0,73,Whistle14811,/lustre/fsn1/projects/rech/vzf/uqe97pu/raw_data/all_categories/NSW_9Exp_17_Dec_2019_1245pm2867.3536901627_2868.30219695003.wav
7965,Exp_17_Dec_2019_1245pm,NSW_9,2866.23003999569,2866.99163388215,3300.0,73,Whistle14636,/lustre/fsn1/projects/rech/vzf/uqe97pu/raw_data/all_categories/NSW_9Exp_17_Dec_2019_1245pm2866.23003999569_2866.99163388215.wav
8217,Exp_24_Nov_2019_1245pm,NSW_9,2828.3025570049,2829.59940050622,3000.0,77,Whistle15150,/lustre/fsn1/projects/rech/vzf/uqe97pu/raw_data/all_categories/NSW_9Exp_24_Nov_2019_1245pm2828.3025570049_2829.59940050622.wav
8070,Exp_20_Nov_2019_0845am,NSW_9,3399.0961347367,3399.96275012131,3600.0,74,Whistle14854,/lustre/fsn1/projects/rech/vzf/uqe97pu/raw_data/all_categories/NSW_9Exp_20_Nov_2019_0845am3399.0961347367_3399.96275012131.wav
7892,Exp_11_Mar_2020_1145am,NSW_9,62.4202080673602,63.4452114840383,3000.0,71,Whistle15219,/lustre/fsn1/projects/rech/vzf/uqe97pu/raw_data/all_categories/NSW_9Exp_11_Mar_2020_1145am62.4202080673602_63.4452114840383.wav
8041,Exp_01_Jan_2020_1245pm,NSW_9,2900.28379055694,2901.27025920381,3300.0,74,Whistle14422,/lustre/fsn1/projects/rech/vzf/uqe97pu/raw_data/all_categories/NSW_9Exp_01_Jan_2020_1245pm2900.28379055694_2901.27025920381.wav
7670,Exp_08_Feb_2020_1345pm,NSW_9,328.740996184837,330.466001412125,3300.0,71,Whistle14244,/lustre/fsn1/projects/rech/vzf/uqe97pu/raw_data/all_categories/NSW_9Exp_08_Feb_2020_1345pm328.740996184837_330.466001412125.wav
7885,Exp_15_Feb_2020_1345pm,NSW_9,109.574736884123,110.019974979361,3300.0,71,Whistle15178,/lustre/fsn1/projects/rech/vzf/uqe97pu/raw_data/all_categories/NSW_9Exp_15_Feb_2020_1345pm109.574736884123_110.019974979361.wav
7819,Exp_16_Nov_2019_1345pm,NSW_9,273.554791318501,274.125707548868,3600.0,71,Whistle14800,/lustre/fsn1/projects/rech/vzf/uqe97pu/raw_data/all_categories/NSW_9Exp_16_Nov_2019_1345pm273.554791318501_274.125707548868.wav
8281,Exp_22_Nov_2019_1245pm,NSW_9,3272.92409201137,3273.40173428779,3600.0,83,Whistle15370,/lustre/fsn1/projects/rech/vzf/uqe97pu/raw_data/all_categories/NSW_9Exp_22_Nov_2019_1245pm3272.92409201137_3273.40173428779.wav
8171,Exp_09_Jan_2020_1145am,NSW_9,65.9188387508293,66.5676553188766,3300.0,76,Whistle14397,/lustre/fsn1/projects/rech/vzf/uqe97pu/raw_data/all_categories/NSW_9Exp_09_Jan_2020_1145am65.9188387508293_66.5676553188766.wav
7731,Exp_08_Feb_2020_1345pm,NSW_9,411.844152779061,412.921215485331,3300.0,71,Whistle14382,/lustre/fsn1/projects/rech/vzf/uqe97pu/raw_data/all_categories/NSW_9Exp_08_Feb_2020_1345pm411.844152779061_412.921215485331.wav
8046,Exp_06_Jan_2020_0945am,NSW_9,841.10255061379,842.307508947123,3300.0,74,Whistle14441,/lustre/fsn1/projects/rech/vzf/uqe97pu/raw_data/all_categories/NSW_9Exp_06_Jan_2020_0945am841.10255061379_842.307508947123.wav
8124,Exp_13_Dec_2019_1345pm,NSW_9,239.925727047658,241.200730911306,3300.0,75,Whistle14514,/lustre/fsn1/projects/rech/vzf/uqe97pu/raw_data/all_categories/NSW_9Exp_13_Dec_2019_1345pm239.925727047658_241.200730911306.wav
8045,Exp_08_Jan_2020_1245pm,NSW_9,3159.98957572599,3161.22957948357,3300.0,74,Whistle14432,/lustre/fsn1/projects/rech/vzf/uqe97pu/raw_data/all_categories/NSW_9Exp_08_Jan_2020_1245pm3159.98957572599_3161.22957948357.wav
8112,Exp_05_Feb_2020_1345pm,NSW_9,114.5053469859,115.015348531359,3300.0,75,Whistle14204,/lustre/fsn1/projects/rech/vzf/uqe97pu/raw_data/all_categories/NSW_9Exp_05_Feb_2020_1345pm114.5053469859_115.015348531359.wav
7943,Exp_12_Dec_2019_1145am,NSW_9,22.3300688789966,23.2220100554672,3300.0,72,Whistle14704,/lustre/fsn1/projects/rech/vzf/uqe97pu/raw_data/all_categories/NSW_9Exp_12_Dec_2019_1145am22.3300688789966_23.2220100554672.wav
8210,Exp_21_Nov_2019_1345pm,NSW_9,16.6186512475649,16.9262692733159,3600.0,76,Whistle15480,/lustre/fsn1/projects/rech/vzf/uqe97pu/raw_data/all_categories/NSW_9Exp_21_Nov_2019_1345pm16.6186512475649_16.9262692733159.wav
7928,Exp_06_Jan_2020_0845am,NSW_9,215.772463153499,216.939954820166,3300.0,72,Whistle14417,/lustre/fsn1/projects/rech/vzf/uqe97pu/raw_data/all_categories/NSW_9Exp_06_Jan_2020_0845am215.772463153499_216.939954820166.wav
8218,Exp_15_Dec_2019_1545pm,NSW_9,934.807833963133,935.884466251575,3300.0,77,Whistle15383,/lustre/fsn1/projects/rech/vzf/uqe97pu/raw_data/all_categories/NSW_9Exp_15_Dec_2019_1545pm934.807833963133_935.884466251575.wav
7942,Exp_17_Dec_2019_1245pm,NSW_9,2862.53582783896,2863.81321925127,3300.0,72,Whistle14632,/lustre/fsn1/projects/rech/vzf/uqe97pu/raw_data/all_categories/NSW_9Exp_17_Dec_2019_1245pm2862.53582783896_2863.81321925127.wav
7773,Exp_17_Dec_2019_1245pm,NSW_9,3026.64533412881,3027.52412200759,3300.0,71,Whistle14567,/lustre/fsn1/projects/rech/vzf/uqe97pu/raw_data/all_categories/NSW_9Exp_17_Dec_2019_1245pm3026.64533412881_3027.52412200759.wav
7748,Exp_05_Feb_2020_1345pm,NSW_9,115.005348501056,116.030351607126,3300.0,71,Whistle14412,/lustre/fsn1/projects/rech/vzf/uqe97pu/raw_data/all_categories/NSW_9Exp_05_Feb_2020_1345pm115.005348501056_116.030351607126.wav
8145,Exp_16_Nov_2019_1345pm,NSW_9,242.030672307423,242.355673210203,3600.0,75,Whistle15420,/lustre/fsn1/projects/rech/vzf/uqe97pu/raw_data/all_categories/NSW_9Exp_16_Nov_2019_1345pm242.030672307423_242.355673210203.wav
8191,Exp_21_Nov_2019_0945am,NSW_9,130.078559714904,130.743903844458,3600.0,76,Whistle14869,/lustre/fsn1/projects/rech/vzf/uqe97pu/raw_data/all_categories/NSW_9Exp_21_Nov_2019_0945am130.078559714904_130.743903844458.wav
7809,Exp_15_Feb_2020_1345pm,NSW_9,388.94996708013,389.656134481011,3300.0,71,Whistle14756,/lustre/fsn1/projects/rech/vzf/uqe97pu/raw_data/all_categories/NSW_9Exp_15_Feb_2020_1345pm388.94996708013_389.656134481011.wav
8263,Exp_02_Jan_2020_1045am,NSW_9,3122.79462171405,3123.42296396004,3300.0,81,Whistle14450,/lustre/fsn1/projects/rech/vzf/uqe97pu/raw_data/all_categories/NSW_9Exp_02_Jan_2020_1045am3122.79462171405_3123.42296396004.wav
7984,Exp_05_Jan_2020_1345pm,NSW_9,472.341431337671,472.881432974039,3300.0,74,Whistle14208,/lustre/fsn1/projects/rech/vzf/uqe97pu/raw_data/all_categories/NSW_9Exp_05_Jan_2020_1345pm472.341431337671_472.881432974039.wav
8272,Exp_15_Dec_2019_1545pm,NSW_9,973.482510327287,973.800971865749,3300.0,82,Whistle15382,/lustre/fsn1/projects/rech/vzf/uqe97pu/raw_data/all_categories/NSW_9Exp_15_Dec_2019_1545pm973.482510327287_973.800971865749.wav
8244,Exp_05_Feb_2020_0945am,NSW_9,495.818856082095,496.598654843705,3300.0,79,Whistle14326,/lustre/fsn1/projects/rech/vzf/uqe97pu/raw_data/all_categories/NSW_9Exp_05_Feb_2020_0945am495.818856082095_496.598654843705.wav
8230,Exp_16_Nov_2019_1345pm,NSW_9,116.380323278676,117.080325223126,3600.0,78,Whistle15282,/lustre/fsn1/projects/rech/vzf/uqe97pu/raw_data/all_categories/NSW_9Exp_16_Nov_2019_1345pm116.380323278676_117.080325223126.wav
7766,Exp_09_Feb_2020_1345pm,NSW_9,486.141473155979,487.876478413571,3300.0,71,Whistle14499,/lustre/fsn1/projects/rech/vzf/uqe97pu/raw_data/all_categories/NSW_9Exp_09_Feb_2020_1345pm486.141473155979_487.876478413571.wav
7765,Exp_08_Feb_2020_1345pm,NSW_9,336.771020518244,338.506025775836,3300.0,71,Whistle14498,/lustre/fsn1/projects/rech/vzf/uqe97pu/raw_data/all_categories/NSW_9Exp_08_Feb_2020_1345pm336.771020518244_338.506025775836.wav
8050,Exp_07_Dec_2019_1145am,NSW_9,296.869190586036,297.513280042905,3300.0,74,Whistle14461,/lustre/fsn1/projects/rech/vzf/uqe97pu/raw_data/all_categories/NSW_9Exp_07_Dec_2019_1145am296.869190586036_297.513280042905.wav
7643,Exp_01_Feb_2020_1345pm,NSW_9,236.895717865812,237.920720971882,3300.0,71,Whistle14195,/lustre/fsn1/projects/rech/vzf/uqe97pu/raw_data/all_categories/NSW_9Exp_01_Feb_2020_1345pm236.895717865812_237.920720971882.wav
7796,Exp_11_Mar_2020_1145am,NSW_9,42.2427591156213,43.0385045701668,3000.0,71,Whistle14690,/lustre/fsn1/projects/rech/vzf/uqe97pu/raw_data/all_categories/NSW_9Exp_11_Mar_2020_1145am42.2427591156213_43.0385045701668.wav
8157,Exp_05_Mar_2020_1345pm,NSW_9,403.233347154484,404.134127362817,3000.0,76,Whistle14336,/lustre/fsn1/projects/rech/vzf/uqe97pu/raw_data/all_categories/NSW_9Exp_05_Mar_2020_1345pm403.233347154484_404.134127362817.wav
7636,Exp_03_Jan_2020_1045am,NSW_9,3157.19956727142,3157.61956854415,3300.0,71,Whistle14186,/lustre/fsn1/projects/rech/vzf/uqe97pu/raw_data/all_categories/NSW_9Exp_03_Jan_2020_1045am3157.19956727142_3157.61956854415.wav
7649,Exp_05_Jan_2020_1345pm,NSW_9,474.126436746778,475.441440731639,3300.0,71,Whistle14206,/lustre/fsn1/projects/rech/vzf/uqe97pu/raw_data/all_categories/NSW_9Exp_05_Jan_2020_1345pm474.126436746778_475.441440731639.wav
8089,Exp_28_Nov_2019_1245pm,NSW_9,2239.97193626307,2240.67143933076,3000.0,74,Whistle15062,/lustre/fsn1/projects/rech/vzf/uqe97pu/raw_data/all_categories/NSW_9Exp_28_Nov_2019_1245pm2239.97193626307_2240.67143933076.wav
7793,Exp_11_Mar_2020_1145am,NSW_9,57.1369752996687,57.9637802789218,3000.0,71,Whistle14680,/lustre/fsn1/projects/rech/vzf/uqe97pu/raw_data/all_categories/NSW_9Exp_11_Mar_2020_1145am57.1369752996687_57.9637802789218.wav
8052,Exp_08_Jan_2020_1345pm,NSW_9,599.966818081267,601.701823338859,3300.0,74,Whistle14473,/lustre/fsn1/projects/rech/vzf/uqe97pu/raw_data/all_categories/NSW_9Exp_08_Jan_2020_1345pm599.966818081267_601.701823338859.wav
8229,Exp_12_Dec_2019_1045am,NSW_9,3130.37448598329,3130.5694865742,3300.0,78,Whistle15269,/lustre/fsn1/projects/rech/vzf/uqe97pu/raw_data/all_categories/NSW_9Exp_12_Dec_2019_1045am3130.37448598329_3130.5694865742.wav
7869,Exp_28_Nov_2019_0945am,NSW_9,359.93620112067,360.84015112067,3000.0,71,Whistle15060,/lustre/fsn1/projects/rech/vzf/uqe97pu/raw_data/all_categories/NSW_9Exp_28_Nov_2019_0945am359.93620112067_360.84015112067.wav
7922,Exp_02_Mar_2020_1145am,NSW_9,230.421817940797,231.488987563545,3000.0,72,Whistle14168,/lustre/fsn1/projects/rech/vzf/uqe97pu/raw_data/all_categories/NSW_9Exp_02_Mar_2020_1145am230.421817940797_231.488987563545.wav
8232,Exp_15_Jan_2020_1045am,NSW_9,3188.94466346868,3190.03966678687,3300.0,78,Whistle15293,/lustre/fsn1/projects/rech/vzf/uqe97pu/raw_data/all_categories/NSW_9Exp_15_Jan_2020_1045am3188.94466346868_3190.03966678687.wav
7896,Exp_11_Mar_2020_1145am,NSW_9,37.4651262170874,38.4450749350361,3000.0,71,Whistle15318,/lustre/fsn1/projects/rech/vzf/uqe97pu/raw_data/all_categories/NSW_9Exp_11_Mar_2020_1145am37.4651262170874_38.4450749350361.wav
7778,Exp_20_Nov_2019_1145am,NSW_9,296.798624474512,297.629624474512,3600.0,71,Whistle14603,/lustre/fsn1/projects/rech/vzf/uqe97pu/raw_data/all_categories/NSW_9Exp_20_Nov_2019_1145am296.798624474512_297.629624474512.wav
7750,Exp_06_Jan_2020_0945am,NSW_9,934.21457538418,935.055068805232,3300.0,71,Whistle14418,/lustre/fsn1/projects/rech/vzf/uqe97pu/raw_data/all_categories/NSW_9Exp_06_Jan_2020_0945am934.21457538418_935.055068805232.wav
8054,Exp_09_Feb_2020_1345pm,NSW_9,1065.05322925221,1066.49110804009,3300.0,74,Whistle14500,/lustre/fsn1/projects/rech/vzf/uqe97pu/raw_data/all_categories/NSW_9Exp_09_Feb_2020_1345pm1065.05322925221_1066.49110804009.wav
7911,Exp_16_Nov_2019_1345pm,NSW_9,272.310756418768,272.805757793772,3600.0,71,Whistle15424,/lustre/fsn1/projects/rech/vzf/uqe97pu/raw_data/all_categories/NSW_9Exp_16_Nov_2019_1345pm272.310756418768_272.805757793772.wav
7737,Exp_09_Dec_2019_1245pm,NSW_9,3062.95428167964,3063.49928333116,3300.0,71,Whistle14393,/lustre/fsn1/projects/rech/vzf/uqe97pu/raw_data/all_categories/NSW_9Exp_09_Dec_2019_1245pm3062.95428167964_3063.49928333116.wav
7959,Exp_07_Mar_2020_1145am,NSW_9,329.786101287004,330.984308183556,3000.0,73,Whistle14465,/lustre/fsn1/projects/rech/vzf/uqe97pu/raw_data/all_categories/NSW_9Exp_07_Mar_2020_1145am329.786101287004_330.984308183556.wav
7797,Exp_12_Dec_2019_1145am,NSW_9,27.0388138023147,27.5179848092592,3300.0,71,Whistle14705,/lustre/fsn1/projects/rech/vzf/uqe97pu/raw_data/all_categories/NSW_9Exp_12_Dec_2019_1145am27.0388138023147_27.5179848092592.wav
7681,Exp_09_Dec_2019_1145am,NSW_9,658.766996263625,659.311997915145,3300.0,71,Whistle14261,/lustre/fsn1/projects/rech/vzf/uqe97pu/raw_data/all_categories/NSW_9Exp_09_Dec_2019_1145am658.766996263625_659.311997915145.wav
8168,Exp_08_Jan_2020_1345pm,NSW_9,473.319804750611,473.857785252004,3300.0,76,Whistle14390,/lustre/fsn1/projects/rech/vzf/uqe97pu/raw_data/all_categories/NSW_9Exp_08_Jan_2020_1345pm473.319804750611_473.857785252004.wav
7846,Exp_13_Dec_2019_0945am,NSW_9,311.348264473487,312.324885633897,3300.0,71,Whistle14962,/lustre/fsn1/projects/rech/vzf/uqe97pu/raw_data/all_categories/NSW_9Exp_13_Dec_2019_0945am311.348264473487_312.324885633897.wav
7904,Exp_17_Jan_2020_1345pm,NSW_9,336.911022154613,337.903657813527,3300.0,71,Whistle15363,/lustre/fsn1/projects/rech/vzf/uqe97pu/raw_data/all_categories/NSW_9Exp_17_Jan_2020_1345pm336.911022154613_337.903657813527.wav
7641,Exp_01_Feb_2020_1345pm,NSW_9,227.175688411177,228.200691517247,3300.0,71,Whistle14193,/lustre/fsn1/projects/rech/vzf/uqe97pu/raw_data/all_categories/NSW_9Exp_01_Feb_2020_1345pm227.175688411177_228.200691517247.wav
8262,Exp_28_Nov_2019_1245pm,NSW_9,2202.2273407578,2203.26234420781,3000.0,80,Whistle15280,/lustre/fsn1/projects/rech/vzf/uqe97pu/raw_data/all_categories/NSW_9Exp_28_Nov_2019_1245pm2202.2273407578_2203.26234420781.wav
7946,Exp_22_Nov_2019_1145am,NSW_9,158.560847921958,159.553856052039,3600.0,72,Whistle14891,/lustre/fsn1/projects/rech/vzf/uqe97pu/raw_data/all_categories/NSW_9Exp_22_Nov_2019_1145am158.560847921958_159.553856052039.wav
7879,Exp_17_Jan_2020_0945am,NSW_9,92.3431803059323,92.9387000683934,3300.0,71,Whistle15118,/lustre/fsn1/projects/rech/vzf/uqe97pu/raw_data/all_categories/NSW_9Exp_17_Jan_2020_0945am92.3431803059323_92.9387000683934.wav
7999,Exp_09_Feb_2020_1345pm,NSW_9,743.262252309855,744.287255415925,3300.0,74,Whistle14271,/lustre/fsn1/projects/rech/vzf/uqe97pu/raw_data/all_categories/NSW_9Exp_09_Feb_2020_1345pm743.262252309855_744.287255415925.wav
8254,Exp_02_Mar_2020_1545pm,NSW_9,371.36623788746,372.64624215414,3000.0,80,Whistle14442,/lustre/fsn1/projects/rech/vzf/uqe97pu/raw_data/all_categories/NSW_9Exp_02_Mar_2020_1545pm371.36623788746_372.64624215414.wav
7814,Exp_16_Feb_2020_1245pm,NSW_9,2470.66045309408,2471.29579207713,3300.0,71,Whistle14777,/lustre/fsn1/projects/rech/vzf/uqe97pu/raw_data/all_categories/NSW_9Exp_16_Feb_2020_1245pm2470.66045309408_2471.29579207713.wav
8075,Exp_28_Nov_2019_1345pm,NSW_9,239.478514053236,240.129074398064,3000.0,74,Whistle14922,/lustre/fsn1/projects/rech/vzf/uqe97pu/raw_data/all_categories/NSW_9Exp_28_Nov_2019_1345pm239.478514053236_240.129074398064.wav
8202,Exp_16_Feb_2020_1245pm,NSW_9,2482.84260834432,2483.27746710138,3300.0,76,Whistle15180,/lustre/fsn1/projects/rech/vzf/uqe97pu/raw_data/all_categories/NSW_9Exp_16_Feb_2020_1245pm2482.84260834432_2483.27746710138.wav
7962,Exp_07_Mar_2020_1145am,NSW_9,362.236209454031,363.556181808277,3000.0,73,Whistle14485,/lustre/fsn1/projects/rech/vzf/uqe97pu/raw_data/all_categories/NSW_9Exp_07_Mar_2020_1145am362.236209454031_363.556181808277.wav
7718,Exp_06_Jan_2020_1345pm,NSW_9,436.295254910121,436.818973064883,3300.0,71,Whistle14350,/lustre/fsn1/projects/rech/vzf/uqe97pu/raw_data/all_categories/NSW_9Exp_06_Jan_2020_1345pm436.295254910121_436.818973064883.wav
7804,Exp_14_Dec_2019_0945am,NSW_9,453.668664268584,454.439600678468,3300.0,71,Whistle14728,/lustre/fsn1/projects/rech/vzf/uqe97pu/raw_data/all_categories/NSW_9Exp_14_Dec_2019_0945am453.668664268584_454.439600678468.wav
7925,Exp_04_Feb_2020_1145am,NSW_9,570.766731414338,572.125039106645,3300.0,72,Whistle14408,/lustre/fsn1/projects/rech/vzf/uqe97pu/raw_data/all_categories/NSW_9Exp_04_Feb_2020_1145am570.766731414338_572.125039106645.wav
8080,Exp_16_Nov_2019_1045am,NSW_9,3214.94070720107,3215.41889512053,3600.0,74,Whistle14998,/lustre/fsn1/projects/rech/vzf/uqe97pu/raw_data/all_categories/NSW_9Exp_16_Nov_2019_1045am3214.94070720107_3215.41889512053.wav
8031,Exp_08_Dec_2019_1045am,NSW_9,2696.2618530784,2696.9162449703,3300.0,74,Whistle14375,/lustre/fsn1/projects/rech/vzf/uqe97pu/raw_data/all_categories/NSW_9Exp_08_Dec_2019_1045am2696.2618530784_2696.9162449703.wav
8028,Exp_08_Dec_2019_1045am,NSW_9,2174.22078965089,2174.75377867671,3300.0,74,Whistle14371,/lustre/fsn1/projects/rech/vzf/uqe97pu/raw_data/all_categories/NSW_9Exp_08_Dec_2019_1045am2174.22078965089_2174.75377867671.wav
8114,Exp_07_Mar_2020_1145am,NSW_9,254.790849302831,255.815852719509,3000.0,75,Whistle14238,/lustre/fsn1/projects/rech/vzf/uqe97pu/raw_data/all_categories/NSW_9Exp_07_Mar_2020_1145am254.790849302831_255.815852719509.wav
7629,Exp_02_Mar_2020_1545pm,NSW_9,374.631248770829,375.131250437501,3000.0,71,Whistle14175,/lustre/fsn1/projects/rech/vzf/uqe97pu/raw_data/all_categories/NSW_9Exp_02_Mar_2020_1545pm374.631248770829_375.131250437501.wav
7669,Exp_08_Dec_2019_1045am,NSW_9,2435.11697990087,2435.86151977817,3300.0,71,Whistle14243,/lustre/fsn1/projects/rech/vzf/uqe97pu/raw_data/all_categories/NSW_9Exp_08_Dec_2019_1045am2435.11697990087_2435.86151977817.wav
7987,Exp_05_Jan_2020_1545pm,NSW_9,701.667126264019,702.692129370089,3300.0,74,Whistle14212,/lustre/fsn1/projects/rech/vzf/uqe97pu/raw_data/all_categories/NSW_9Exp_05_Jan_2020_1545pm701.667126264019_702.692129370089.wav
8104,Exp_16_Jan_2020_1145am,NSW_9,418.181267215961,419.006269715969,3300.0,74,Whistle15408,/lustre/fsn1/projects/rech/vzf/uqe97pu/raw_data/all_categories/NSW_9Exp_16_Jan_2020_1145am418.181267215961_419.006269715969.wav
8094,Exp_22_Nov_2019_1245pm,NSW_9,2613.61711951381,2614.16721297175,3600.0,74,Whistle15207,/lustre/fsn1/projects/rech/vzf/uqe97pu/raw_data/all_categories/NSW_9Exp_22_Nov_2019_1245pm2613.61711951381_2614.16721297175.wav
7640,Exp_01_Feb_2020_1345pm,NSW_9,146.559436948066,147.254491893121,3300.0,71,Whistle14192,/lustre/fsn1/projects/rech/vzf/uqe97pu/raw_data/all_categories/NSW_9Exp_01_Feb_2020_1345pm146.559436948066_147.254491893121.wav
7672,Exp_08_Feb_2020_1345pm,NSW_9,329.510998518177,330.536001624247,3300.0,71,Whistle14248,/lustre/fsn1/projects/rech/vzf/uqe97pu/raw_data/all_categories/NSW_9Exp_08_Feb_2020_1345pm329.510998518177_330.536001624247.wav
8260,Exp_11_Mar_2020_1145am,NSW_9,61.1702039006797,61.8702062340208,3000.0,80,Whistle15265,/lustre/fsn1/projects/rech/vzf/uqe97pu/raw_data/all_categories/NSW_9Exp_11_Mar_2020_1145am61.1702039006797_61.8702062340208.wav
8225,Exp_11_Mar_2020_1145am,NSW_9,59.7051990173301,60.2952009840033,3000.0,78,Whistle14512,/lustre/fsn1/projects/rech/vzf/uqe97pu/raw_data/all_categories/NSW_9Exp_11_Mar_2020_1145am59.7051990173301_60.2952009840033.wav
7627,Exp_02_Mar_2020_1145am,NSW_9,326.9760899203,328.001093336978,3000.0,71,Whistle14171,/lustre/fsn1/projects/rech/vzf/uqe97pu/raw_data/all_categories/NSW_9Exp_02_Mar_2020_1145am326.9760899203_328.001093336978.wav
8087,Exp_23_Nov_2019_1245pm,NSW_9,2896.31704406641,2897.07826453108,3000.0,74,Whistle15054,/lustre/fsn1/projects/rech/vzf/uqe97pu/raw_data/all_categories/NSW_9Exp_23_Nov_2019_1245pm2896.31704406641_2897.07826453108.wav
8228,Exp_12_Dec_2019_1045am,NSW_9,1568.12975190834,1568.32475249925,3300.0,78,Whistle15268,/lustre/fsn1/projects/rech/vzf/uqe97pu/raw_data/all_categories/NSW_9Exp_12_Dec_2019_1045am1568.12975190834_1568.32475249925.wav
7940,Exp_16_Nov_2019_1045am,NSW_9,3213.71015732604,3215.06889519012,3600.0,72,Whistle14629,/lustre/fsn1/projects/rech/vzf/uqe97pu/raw_data/all_categories/NSW_9Exp_16_Nov_2019_1045am3213.71015732604_3215.06889519012.wav
7907,Exp_15_Dec_2019_0845am,NSW_9,203.964780635844,204.575570109528,3300.0,71,Whistle15380,/lustre/fsn1/projects/rech/vzf/uqe97pu/raw_data/all_categories/NSW_9Exp_15_Dec_2019_0845am203.964780635844_204.575570109528.wav
8072,Exp_22_Nov_2019_1245pm,NSW_9,3184.08146203151,3184.55009484401,3600.0,74,Whistle14896,/lustre/fsn1/projects/rech/vzf/uqe97pu/raw_data/all_categories/NSW_9Exp_22_Nov_2019_1245pm3184.08146203151_3184.55009484401.wav
7909,Exp_15_Feb_2020_1345pm,NSW_9,110.497923592891,111.364022883671,3300.0,71,Whistle15385,/lustre/fsn1/projects/rech/vzf/uqe97pu/raw_data/all_categories/NSW_9Exp_15_Feb_2020_1345pm110.497923592891_111.364022883671.wav
8268,Exp_02_Jan_2020_1345pm,NSW_9,83.5705723701808,84.5115088781173,3300.0,82,Whistle14474,/lustre/fsn1/projects/rech/vzf/uqe97pu/raw_data/all_categories/NSW_9Exp_02_Jan_2020_1345pm83.5705723701808_84.5115088781173.wav
7849,Exp_14_Feb_2020_1145am,NSW_9,351.566065351713,352.111067003233,3300.0,71,Whistle14970,/lustre/fsn1/projects/rech/vzf/uqe97pu/raw_data/all_categories/NSW_9Exp_14_Feb_2020_1145am351.566065351713_352.111067003233.wav
7650,Exp_05_Jan_2020_1345pm,NSW_9,477.045050640393,477.720244438843,3300.0,71,Whistle14210,/lustre/fsn1/projects/rech/vzf/uqe97pu/raw_data/all_categories/NSW_9Exp_05_Jan_2020_1345pm477.045050640393_477.720244438843.wav
8141,Exp_21_Nov_2019_0945am,NSW_9,190.53052925147,191.805532793147,3600.0,75,Whistle15309,/lustre/fsn1/projects/rech/vzf/uqe97pu/raw_data/all_categories/NSW_9Exp_21_Nov_2019_0945am190.53052925147_191.805532793147.wav
7887,Exp_17_Dec_2019_1245pm,NSW_9,2893.29871125588,2893.74871125588,3300.0,71,Whistle15185,/lustre/fsn1/projects/rech/vzf/uqe97pu/raw_data/all_categories/NSW_9Exp_17_Dec_2019_1245pm2893.29871125588_2893.74871125588.wav
7674,Exp_08_Feb_2020_1345pm,NSW_9,334.971015063682,335.996018169752,3300.0,71,Whistle14250,/lustre/fsn1/projects/rech/vzf/uqe97pu/raw_data/all_categories/NSW_9Exp_08_Feb_2020_1345pm334.971015063682_335.996018169752.wav
7853,Exp_15_Feb_2020_1345pm,NSW_9,375.456137745872,376.31614035194,3300.0,71,Whistle14976,/lustre/fsn1/projects/rech/vzf/uqe97pu/raw_data/all_categories/NSW_9Exp_15_Feb_2020_1345pm375.456137745872_376.31614035194.wav
7661,Exp_01_Jan_2020_1045am,NSW_9,3149.16237728393,3150.03804503637,3300.0,71,Whistle14231,/lustre/fsn1/projects/rech/vzf/uqe97pu/raw_data/all_categories/NSW_9Exp_01_Jan_2020_1045am3149.16237728393_3150.03804503637.wav
7781,Exp_26_Nov_2019_1145am,NSW_9,252.73034966594,253.755824531892,3000.0,71,Whistle14619,/lustre/fsn1/projects/rech/vzf/uqe97pu/raw_data/all_categories/NSW_9Exp_26_Nov_2019_1145am252.73034966594_253.755824531892.wav
7861,Exp_17_Dec_2019_1245pm,NSW_9,2925.78528481475,2926.83788481475,3300.0,71,Whistle15009,/lustre/fsn1/projects/rech/vzf/uqe97pu/raw_data/all_categories/NSW_9Exp_17_Dec_2019_1245pm2925.78528481475_2926.83788481475.wav
8255,Exp_11_Dec_2019_1145am,NSW_9,263.881791768121,265.285178873977,3300.0,80,Whistle14652,/lustre/fsn1/projects/rech/vzf/uqe97pu/raw_data/all_categories/NSW_9Exp_11_Dec_2019_1145am263.881791768121_265.285178873977.wav
7799,Exp_12_Feb_2020_1145am,NSW_9,207.882126640661,208.703543963495,3300.0,71,Whistle14712,/lustre/fsn1/projects/rech/vzf/uqe97pu/raw_data/all_categories/NSW_9Exp_12_Feb_2020_1145am207.882126640661_208.703543963495.wav
8178,Exp_06_Feb_2020_1345pm,NSW_9,169.610515789442,171.020480202253,3300.0,76,Whistle14480,/lustre/fsn1/projects/rech/vzf/uqe97pu/raw_data/all_categories/NSW_9Exp_06_Feb_2020_1345pm169.610515789442_171.020480202253.wav
8053,Exp_07_Mar_2020_1145am,NSW_9,360.236200787336,361.961206537355,3000.0,74,Whistle14496,/lustre/fsn1/projects/rech/vzf/uqe97pu/raw_data/all_categories/NSW_9Exp_07_Mar_2020_1145am360.236200787336_361.961206537355.wav
7818,Exp_16_Nov_2019_1345pm,NSW_9,275.989145705897,276.523985888545,3600.0,71,Whistle14799,/lustre/fsn1/projects/rech/vzf/uqe97pu/raw_data/all_categories/NSW_9Exp_16_Nov_2019_1345pm275.989145705897_276.523985888545.wav
8180,Exp_07_Dec_2019_1245pm,NSW_9,2827.97357143506,2829.21034829457,3300.0,76,Whistle14482,/lustre/fsn1/projects/rech/vzf/uqe97pu/raw_data/all_categories/NSW_9Exp_07_Dec_2019_1245pm2827.97357143506_2829.21034829457.wav
8215,Exp_08_Dec_2019_1045am,NSW_9,1685.83511040943,1687.42007876386,3300.0,77,Whistle14487,/lustre/fsn1/projects/rech/vzf/uqe97pu/raw_data/all_categories/NSW_9Exp_08_Dec_2019_1045am1685.83511040943_1687.42007876386.wav
8259,Exp_17_Feb_2020_1245pm,NSW_9,2942.92891917854,2943.90216704179,3300.0,80,Whistle15013,/lustre/fsn1/projects/rech/vzf/uqe97pu/raw_data/all_categories/NSW_9Exp_17_Feb_2020_1245pm2942.92891917854_2943.90216704179.wav
8247,Exp_11_Jan_2020_0945am,NSW_9,511.396550898639,512.590106855318,3300.0,79,Whistle14658,/lustre/fsn1/projects/rech/vzf/uqe97pu/raw_data/all_categories/NSW_9Exp_11_Jan_2020_0945am511.396550898639_512.590106855318.wav
7691,Exp_02_Feb_2020_1545pm,NSW_9,32.0038844363155,32.7236352668802,3300.0,71,Whistle14279,/lustre/fsn1/projects/rech/vzf/uqe97pu/raw_data/all_categories/NSW_9Exp_02_Feb_2020_1545pm32.0038844363155_32.7236352668802.wav
8019,Exp_06_Dec_2019_1345pm,NSW_9,345.325277614556,345.909589882214,3000.0,74,Whistle14337,/lustre/fsn1/projects/rech/vzf/uqe97pu/raw_data/all_categories/NSW_9Exp_06_Dec_2019_1345pm345.325277614556_345.909589882214.wav
7792,Exp_11_Mar_2020_1145am,NSW_9,43.4401461338204,44.5335569865336,3000.0,71,Whistle14676,/lustre/fsn1/projects/rech/vzf/uqe97pu/raw_data/all_categories/NSW_9Exp_11_Mar_2020_1145am43.4401461338204_44.5335569865336.wav
8257,Exp_15_Jan_2020_0945am,NSW_9,46.3618720870058,47.3200971952309,3300.0,80,Whistle14762,/lustre/fsn1/projects/rech/vzf/uqe97pu/raw_data/all_categories/NSW_9Exp_15_Jan_2020_0945am46.3618720870058_47.3200971952309.wav
7786,Exp_11_Dec_2019_1145am,NSW_9,273.19858833502,273.804018199274,3300.0,71,Whistle14653,/lustre/fsn1/projects/rech/vzf/uqe97pu/raw_data/all_categories/NSW_9Exp_11_Dec_2019_1145am273.19858833502_273.804018199274.wav
7933,Exp_04_Feb_2020_1145am,NSW_9,532.3716150655,533.855645869527,3300.0,72,Whistle14453,/lustre/fsn1/projects/rech/vzf/uqe97pu/raw_data/all_categories/NSW_9Exp_04_Feb_2020_1145am532.3716150655_533.855645869527.wav
7817,Exp_16_Nov_2019_1345pm,NSW_9,243.234613568863,243.723905604261,3600.0,71,Whistle14797,/lustre/fsn1/projects/rech/vzf/uqe97pu/raw_data/all_categories/NSW_9Exp_16_Nov_2019_1345pm243.234613568863_243.723905604261.wav
8227,Exp_28_Nov_2019_0945am,NSW_9,297.90099300331,298.54099513665,3000.0,78,Whistle15252,/lustre/fsn1/projects/rech/vzf/uqe97pu/raw_data/all_categories/NSW_9Exp_28_Nov_2019_0945am297.90099300331_298.54099513665.wav
7989,Exp_06_Feb_2020_1345pm,NSW_9,202.375613259434,202.960615032167,3300.0,74,Whistle14220,/lustre/fsn1/projects/rech/vzf/uqe97pu/raw_data/all_categories/NSW_9Exp_06_Feb_2020_1345pm202.375613259434_202.960615032167.wav
8007,Exp_02_Mar_2020_1545pm,NSW_9,299.043849566001,299.648074918114,3000.0,74,Whistle14298,/lustre/fsn1/projects/rech/vzf/uqe97pu/raw_data/all_categories/NSW_9Exp_02_Mar_2020_1545pm299.043849566001_299.648074918114.wav
8067,Exp_17_Feb_2020_1345pm,NSW_9,171.87842002153,172.665486198,3300.0,74,Whistle14829,/lustre/fsn1/projects/rech/vzf/uqe97pu/raw_data/all_categories/NSW_9Exp_17_Feb_2020_1345pm171.87842002153_172.665486198.wav
7776,Exp_17_Dec_2019_1245pm,NSW_9,2891.88103411501,2892.54311519609,3300.0,71,Whistle14596,/lustre/fsn1/projects/rech/vzf/uqe97pu/raw_data/all_categories/NSW_9Exp_17_Dec_2019_1245pm2891.88103411501_2892.54311519609.wav
8027,Exp_08_Dec_2019_1045am,NSW_9,2105.08608942889,2105.49421684202,3300.0,74,Whistle14369,/lustre/fsn1/projects/rech/vzf/uqe97pu/raw_data/all_categories/NSW_9Exp_08_Dec_2019_1045am2105.08608942889_2105.49421684202.wav
8273,Exp_16_Jan_2020_1245pm,NSW_9,3182.17850831786,3182.62724781366,3300.0,82,Whistle15412,/lustre/fsn1/projects/rech/vzf/uqe97pu/raw_data/all_categories/NSW_9Exp_16_Jan_2020_1245pm3182.17850831786_3182.62724781366.wav
7850,Exp_14_Feb_2020_1145am,NSW_9,353.797753493159,354.46268399689,3300.0,71,Whistle14971,/lustre/fsn1/projects/rech/vzf/uqe97pu/raw_data/all_categories/NSW_9Exp_14_Feb_2020_1145am353.797753493159_354.46268399689.wav
8033,Exp_08_Jan_2020_1345pm,NSW_9,367.738918693175,368.297031175668,3300.0,74,Whistle14388,/lustre/fsn1/projects/rech/vzf/uqe97pu/raw_data/all_categories/NSW_9Exp_08_Jan_2020_1345pm367.738918693175_368.297031175668.wav
8151,Exp_02_Mar_2020_1545pm,NSW_9,391.141303804346,392.381307937693,3000.0,76,Whistle14295,/lustre/fsn1/projects/rech/vzf/uqe97pu/raw_data/all_categories/NSW_9Exp_02_Mar_2020_1545pm391.141303804346_392.381307937693.wav
7727,Exp_07_Mar_2020_1145am,NSW_9,256.539384830077,257.348824711849,3000.0,71,Whistle14366,/lustre/fsn1/projects/rech/vzf/uqe97pu/raw_data/all_categories/NSW_9Exp_07_Mar_2020_1145am256.539384830077_257.348824711849.wav
8107,Exp_16_Nov_2019_1345pm,NSW_9,282.558785029958,283.14887198648,3600.0,74,Whistle15427,/lustre/fsn1/projects/rech/vzf/uqe97pu/raw_data/all_categories/NSW_9Exp_16_Nov_2019_1345pm282.558785029958_283.14887198648.wav
7698,Exp_04_Feb_2020_1145am,NSW_9,531.429680099691,532.224894621143,3300.0,71,Whistle14305,/lustre/fsn1/projects/rech/vzf/uqe97pu/raw_data/all_categories/NSW_9Exp_04_Feb_2020_1145am531.429680099691_532.224894621143.wav
7739,Exp_09_Dec_2019_1245pm,NSW_9,2742.21661250644,2743.10770131658,3300.0,71,Whistle14396,/lustre/fsn1/projects/rech/vzf/uqe97pu/raw_data/all_categories/NSW_9Exp_09_Dec_2019_1245pm2742.21661250644_2743.10770131658.wav
8258,Exp_15_Jan_2020_1045am,NSW_9,3091.16700948513,3091.64693176492,3300.0,80,Whistle14764,/lustre/fsn1/projects/rech/vzf/uqe97pu/raw_data/all_categories/NSW_9Exp_15_Jan_2020_1045am3091.16700948513_3091.64693176492.wav
7743,Exp_02_Mar_2020_1145am,NSW_9,158.985529951767,160.300534335114,3000.0,71,Whistle14403,/lustre/fsn1/projects/rech/vzf/uqe97pu/raw_data/all_categories/NSW_9Exp_02_Mar_2020_1145am158.985529951767_160.300534335114.wav
8103,Exp_15_Jan_2020_1245pm,NSW_9,3097.16831212395,3097.72912364228,3300.0,74,Whistle15398,/lustre/fsn1/projects/rech/vzf/uqe97pu/raw_data/all_categories/NSW_9Exp_15_Jan_2020_1245pm3097.16831212395_3097.72912364228.wav
8130,Exp_16_Nov_2019_1045am,NSW_9,3241.83606317564,3242.83321119008,3600.0,75,Whistle14792,/lustre/fsn1/projects/rech/vzf/uqe97pu/raw_data/all_categories/NSW_9Exp_16_Nov_2019_1045am3241.83606317564_3242.83321119008.wav
8243,Exp_04_Jan_2020_0945am,NSW_9,865.745794830568,866.587583448454,3300.0,79,Whistle14308,/lustre/fsn1/projects/rech/vzf/uqe97pu/raw_data/all_categories/NSW_9Exp_04_Jan_2020_0945am865.745794830568_866.587583448454.wav
7831,Exp_21_Nov_2019_0945am,NSW_9,192.7335809977,193.374353724972,3600.0,71,Whistle14868,/lustre/fsn1/projects/rech/vzf/uqe97pu/raw_data/all_categories/NSW_9Exp_21_Nov_2019_0945am192.7335809977_193.374353724972.wav
8137,Exp_17_Jan_2020_1345pm,NSW_9,181.550550153182,182.82555401683,3300.0,75,Whistle15236,/lustre/fsn1/projects/rech/vzf/uqe97pu/raw_data/all_categories/NSW_9Exp_17_Jan_2020_1345pm181.550550153182_182.82555401683.wav
8060,Exp_21_Nov_2019_0945am,NSW_9,144.257864408118,145.560371654495,3600.0,74,Whistle14645,/lustre/fsn1/projects/rech/vzf/uqe97pu/raw_data/all_categories/NSW_9Exp_21_Nov_2019_0945am144.257864408118_145.560371654495.wav
8044,Exp_07_Mar_2020_0945am,NSW_9,70.6402354674515,71.2002373341244,3000.0,74,Whistle14425,/lustre/fsn1/projects/rech/vzf/uqe97pu/raw_data/all_categories/NSW_9Exp_07_Mar_2020_0945am70.6402354674515_71.2002373341244.wav
8123,Exp_13_Dec_2019_1345pm,NSW_9,457.006384867833,458.131388276934,3300.0,75,Whistle14513,/lustre/fsn1/projects/rech/vzf/uqe97pu/raw_data/all_categories/NSW_9Exp_13_Dec_2019_1345pm457.006384867833_458.131388276934.wav
7632,Exp_02_Mar_2020_1545pm,NSW_9,407.825053738714,408.282951827886,3000.0,71,Whistle14180,/lustre/fsn1/projects/rech/vzf/uqe97pu/raw_data/all_categories/NSW_9Exp_02_Mar_2020_1545pm407.825053738714_408.282951827886.wav
8092,Exp_12_Feb_2020_1145am,NSW_9,205.812691097822,207.230362123637,3300.0,74,Whistle15080,/lustre/fsn1/projects/rech/vzf/uqe97pu/raw_data/all_categories/NSW_9Exp_12_Feb_2020_1145am205.812691097822_207.230362123637.wav
7660,Exp_06_Jan_2020_1345pm,NSW_9,392.720398670274,393.416148670274,3300.0,71,Whistle14230,/lustre/fsn1/projects/rech/vzf/uqe97pu/raw_data/all_categories/NSW_9Exp_06_Jan_2020_1345pm392.720398670274_393.416148670274.wav
7763,Exp_05_Feb_2020_0945am,NSW_9,379.933055128057,380.851108225402,3300.0,71,Whistle14478,/lustre/fsn1/projects/rech/vzf/uqe97pu/raw_data/all_categories/NSW_9Exp_05_Feb_2020_0945am379.933055128057_380.851108225402.wav
7877,Exp_17_Dec_2019_1245pm,NSW_9,2855.26862482877,2856.24362482878,3300.0,71,Whistle15098,/lustre/fsn1/projects/rech/vzf/uqe97pu/raw_data/all_categories/NSW_9Exp_17_Dec_2019_1245pm2855.26862482877_2856.24362482878.wav
7927,Exp_06_Dec_2019_1345pm,NSW_9,516.61672205574,517.681725605752,3000.0,72,Whistle14416,/lustre/fsn1/projects/rech/vzf/uqe97pu/raw_data/all_categories/NSW_9Exp_06_Dec_2019_1345pm516.61672205574_517.681725605752.wav
8249,Exp_17_Dec_2019_1245pm,NSW_9,2902.00879517817,2903.04767448851,3300.0,79,Whistle14812,/lustre/fsn1/projects/rech/vzf/uqe97pu/raw_data/all_categories/NSW_9Exp_17_Dec_2019_1245pm2902.00879517817_2903.04767448851.wav
8106,Exp_16_Nov_2019_1345pm,NSW_9,16.6023443312187,17.6689281821504,3600.0,74,Whistle15423,/lustre/fsn1/projects/rech/vzf/uqe97pu/raw_data/all_categories/NSW_9Exp_16_Nov_2019_1345pm16.6023443312187_17.6689281821504.wav
7992,Exp_06_Jan_2020_1345pm,NSW_9,229.964568611525,230.810428367623,3300.0,74,Whistle14227,/lustre/fsn1/projects/rech/vzf/uqe97pu/raw_data/all_categories/NSW_9Exp_06_Jan_2020_1345pm229.964568611525_230.810428367623.wav
7683,Exp_09_Dec_2019_1145am,NSW_9,652.701977884781,653.726980990851,3300.0,71,Whistle14264,/lustre/fsn1/projects/rech/vzf/uqe97pu/raw_data/all_categories/NSW_9Exp_09_Dec_2019_1145am652.701977884781_653.726980990851.wav
7735,Exp_08_Jan_2020_1345pm,NSW_9,472.19710306494,472.791393974031,3300.0,71,Whistle14389,/lustre/fsn1/projects/rech/vzf/uqe97pu/raw_data/all_categories/NSW_9Exp_08_Jan_2020_1345pm472.19710306494_472.791393974031.wav
8061,Exp_27_Nov_2019_1145am,NSW_9,198.141100761444,198.990631592543,3000.0,74,Whistle14650,/lustre/fsn1/projects/rech/vzf/uqe97pu/raw_data/all_categories/NSW_9Exp_27_Nov_2019_1145am198.141100761444_198.990631592543.wav
8073,Exp_23_Nov_2019_1145am,NSW_9,490.495036204012,491.146584427363,3000.0,74,Whistle14907,/lustre/fsn1/projects/rech/vzf/uqe97pu/raw_data/all_categories/NSW_9Exp_23_Nov_2019_1145am490.495036204012_491.146584427363.wav
8064,Exp_16_Jan_2020_1145am,NSW_9,223.764068635752,224.535635159357,3300.0,74,Whistle14784,/lustre/fsn1/projects/rech/vzf/uqe97pu/raw_data/all_categories/NSW_9Exp_16_Jan_2020_1145am223.764068635752_224.535635159357.wav
7886,Exp_16_Jan_2020_1145am,NSW_9,380.119450554023,380.761099768682,3300.0,71,Whistle15181,/lustre/fsn1/projects/rech/vzf/uqe97pu/raw_data/all_categories/NSW_9Exp_16_Jan_2020_1145am380.119450554023_380.761099768682.wav
8174,Exp_02_Jan_2020_1345pm,NSW_9,2551.53428291469,2552.51647848665,3300.0,76,Whistle14475,/lustre/fsn1/projects/rech/vzf/uqe97pu/raw_data/all_categories/NSW_9Exp_02_Jan_2020_1345pm2551.53428291469_2552.51647848665.wav
7921,Exp_19_Nov_2019_1345pm,NSW_9,337.447009426153,338.433009553574,3600.0,71,Whistle15475,/lustre/fsn1/projects/rech/vzf/uqe97pu/raw_data/all_categories/NSW_9Exp_19_Nov_2019_1345pm337.447009426153_338.433009553574.wav
8038,Exp_02_Mar_2020_1545pm,NSW_9,386.331287770959,387.571291904306,3000.0,74,Whistle14407,/lustre/fsn1/projects/rech/vzf/uqe97pu/raw_data/all_categories/NSW_9Exp_02_Mar_2020_1545pm386.331287770959_387.571291904306.wav
7774,Exp_15_Jan_2020_1045am,NSW_9,3092.49278718816,3093.15932184163,3300.0,71,Whistle14588,/lustre/fsn1/projects/rech/vzf/uqe97pu/raw_data/all_categories/NSW_9Exp_15_Jan_2020_1045am3092.49278718816_3093.15932184163.wav
7890,Exp_22_Nov_2019_1245pm,NSW_9,3472.77464659624,3473.45464848513,3600.0,71,Whistle15442,/lustre/fsn1/projects/rech/vzf/uqe97pu/raw_data/all_categories/NSW_9Exp_22_Nov_2019_1245pm3472.77464659624_3473.45464848513.wav
8193,Exp_24_Nov_2019_1245pm,NSW_9,2804.55652284421,2805.32757027504,3000.0,76,Whistle14912,/lustre/fsn1/projects/rech/vzf/uqe97pu/raw_data/all_categories/NSW_9Exp_24_Nov_2019_1245pm2804.55652284421_2805.32757027504.wav
7983,Exp_05_Jan_2020_1345pm,NSW_9,523.17158536844,524.486589353301,3300.0,74,Whistle14207,/lustre/fsn1/projects/rech/vzf/uqe97pu/raw_data/all_categories/NSW_9Exp_05_Jan_2020_1345pm523.17158536844_524.486589353301.wav
8205,Exp_24_Nov_2019_1245pm,NSW_9,2803.14081861807,2804.0328704109,3000.0,76,Whistle15377,/lustre/fsn1/projects/rech/vzf/uqe97pu/raw_data/all_categories/NSW_9Exp_24_Nov_2019_1245pm2803.14081861807_2804.0328704109.wav
7662,Exp_07_Dec_2019_0845am,NSW_9,251.439549392876,252.375728794869,3300.0,71,Whistle14232,/lustre/fsn1/projects/rech/vzf/uqe97pu/raw_data/all_categories/NSW_9Exp_07_Dec_2019_0845am251.439549392876_252.375728794869.wav
7751,Exp_06_Jan_2020_0945am,NSW_9,935.83032812139,936.655850006912,3300.0,71,Whistle14419,/lustre/fsn1/projects/rech/vzf/uqe97pu/raw_data/all_categories/NSW_9Exp_06_Jan_2020_0945am935.83032812139_936.655850006912.wav
8047,Exp_03_Jan_2020_1045am,NSW_9,2799.96848657117,2800.90101473005,3300.0,74,Whistle14458,/lustre/fsn1/projects/rech/vzf/uqe97pu/raw_data/all_categories/NSW_9Exp_03_Jan_2020_1045am2799.96848657117_2800.90101473005.wav
8040,Exp_07_Dec_2019_1245pm,NSW_9,2512.0676123261,2513.09261543217,3300.0,74,Whistle14421,/lustre/fsn1/projects/rech/vzf/uqe97pu/raw_data/all_categories/NSW_9Exp_07_Dec_2019_1245pm2512.0676123261_2513.09261543217.wav
7931,Exp_06_Jan_2020_0845am,NSW_9,213.880649941363,215.348694018498,3300.0,72,Whistle14440,/lustre/fsn1/projects/rech/vzf/uqe97pu/raw_data/all_categories/NSW_9Exp_06_Jan_2020_0845am213.880649941363_215.348694018498.wav
7822,Exp_17_Feb_2020_1345pm,NSW_9,201.433428850335,202.03888339579,3300.0,71,Whistle14831,/lustre/fsn1/projects/rech/vzf/uqe97pu/raw_data/all_categories/NSW_9Exp_17_Feb_2020_1345pm201.433428850335_202.03888339579.wav
7975,Exp_02_Mar_2020_1545pm,NSW_9,400.691335637785,402.006340021133,3000.0,74,Whistle14174,/lustre/fsn1/projects/rech/vzf/uqe97pu/raw_data/all_categories/NSW_9Exp_02_Mar_2020_1545pm400.691335637785_402.006340021133.wav
8119,Exp_09_Jan_2020_1145am,NSW_9,416.531262215946,417.271264458377,3300.0,75,Whistle14276,/lustre/fsn1/projects/rech/vzf/uqe97pu/raw_data/all_categories/NSW_9Exp_09_Jan_2020_1145am416.531262215946_417.271264458377.wav
7770,Exp_12_Dec_2019_1145am,NSW_9,25.6994419221661,26.3398232780983,3300.0,71,Whistle14551,/lustre/fsn1/projects/rech/vzf/uqe97pu/raw_data/all_categories/NSW_9Exp_12_Dec_2019_1145am25.6994419221661_26.3398232780983.wav
8233,Exp_16_Jan_2020_1145am,NSW_9,416.251261367459,416.946263473526,3300.0,78,Whistle15294,/lustre/fsn1/projects/rech/vzf/uqe97pu/raw_data/all_categories/NSW_9Exp_16_Jan_2020_1145am416.251261367459_416.946263473526.wav
8252,Exp_17_Dec_2019_1245pm,NSW_9,3016.38637725401,3017.11749539747,3300.0,79,Whistle15105,/lustre/fsn1/projects/rech/vzf/uqe97pu/raw_data/all_categories/NSW_9Exp_17_Dec_2019_1245pm3016.38637725401_3017.11749539747.wav
8043,Exp_07_Mar_2020_0945am,NSW_9,391.416304721016,392.656308854363,3000.0,74,Whistle14424,/lustre/fsn1/projects/rech/vzf/uqe97pu/raw_data/all_categories/NSW_9Exp_07_Mar_2020_0945am391.416304721016_392.656308854363.wav
8207,Exp_16_Jan_2020_1245pm,NSW_9,1984.27683738097,1985.00248443979,3300.0,76,Whistle15455,/lustre/fsn1/projects/rech/vzf/uqe97pu/raw_data/all_categories/NSW_9Exp_16_Jan_2020_1245pm1984.27683738097_1985.00248443979.wav
7771,Exp_12_Feb_2020_1145am,NSW_9,126.857438313909,127.553341892969,3300.0,71,Whistle14555,/lustre/fsn1/projects/rech/vzf/uqe97pu/raw_data/all_categories/NSW_9Exp_12_Feb_2020_1145am126.857438313909_127.553341892969.wav
8140,Exp_17_Jan_2020_1345pm,NSW_9,339.146027715235,340.361031397065,3300.0,75,Whistle15307,/lustre/fsn1/projects/rech/vzf/uqe97pu/raw_data/all_categories/NSW_9Exp_17_Jan_2020_1345pm339.146027715235_340.361031397065.wav
7972,Exp_17_Dec_2019_1245pm,NSW_9,2924.3838629814,2925.54800292705,3300.0,73,Whistle14565,/lustre/fsn1/projects/rech/vzf/uqe97pu/raw_data/all_categories/NSW_9Exp_17_Dec_2019_1245pm2924.3838629814_2925.54800292705.wav
7949,Exp_21_Nov_2019_1345pm,NSW_9,423.816178378273,424.909755453372,3600.0,72,Whistle15044,/lustre/fsn1/projects/rech/vzf/uqe97pu/raw_data/all_categories/NSW_9Exp_21_Nov_2019_1345pm423.816178378273_424.909755453372.wav
8161,Exp_07_Mar_2020_1145am,NSW_9,253.074217094661,253.739004685241,3000.0,76,Whistle14365,/lustre/fsn1/projects/rech/vzf/uqe97pu/raw_data/all_categories/NSW_9Exp_07_Mar_2020_1145am253.074217094661_253.739004685241.wav
7747,Exp_05_Feb_2020_0945am,NSW_9,388.28347148163,389.199797508829,3300.0,71,Whistle14411,/lustre/fsn1/projects/rech/vzf/uqe97pu/raw_data/all_categories/NSW_9Exp_05_Feb_2020_0945am388.28347148163_389.199797508829.wav
8214,Exp_08_Dec_2019_1045am,NSW_9,2362.03215949139,2363.20644235992,3300.0,77,Whistle14486,/lustre/fsn1/projects/rech/vzf/uqe97pu/raw_data/all_categories/NSW_9Exp_08_Dec_2019_1045am2362.03215949139_2363.20644235992.wav
7720,Exp_06_Jan_2020_1345pm,NSW_9,321.219826156247,321.717737920953,3300.0,71,Whistle14352,/lustre/fsn1/projects/rech/vzf/uqe97pu/raw_data/all_categories/NSW_9Exp_06_Jan_2020_1345pm321.219826156247_321.717737920953.wav
7767,Exp_11_Mar_2020_1145am,NSW_9,149.525499751666,150.634035765878,3000.0,71,Whistle14538,/lustre/fsn1/projects/rech/vzf/uqe97pu/raw_data/all_categories/NSW_9Exp_11_Mar_2020_1145am149.525499751666_150.634035765878.wav
7863,Exp_20_Nov_2019_1145am,NSW_9,320.31588976636,320.905891405254,3600.0,71,Whistle15035,/lustre/fsn1/projects/rech/vzf/uqe97pu/raw_data/all_categories/NSW_9Exp_20_Nov_2019_1145am320.31588976636_320.905891405254.wav
8018,Exp_05_Mar_2020_1345pm,NSW_9,405.08920789736,405.813679947049,3000.0,74,Whistle14335,/lustre/fsn1/projects/rech/vzf/uqe97pu/raw_data/all_categories/NSW_9Exp_05_Mar_2020_1345pm405.08920789736_405.813679947049.wav
8091,Exp_11_Mar_2020_0945am,NSW_9,434.847729341268,435.522923139718,3000.0,74,Whistle15071,/lustre/fsn1/projects/rech/vzf/uqe97pu/raw_data/all_categories/NSW_9Exp_11_Mar_2020_0945am434.847729341268_435.522923139718.wav
7721,Exp_07_Dec_2019_0845am,NSW_9,62.9134964220653,63.3508931162802,3300.0,71,Whistle14354,/lustre/fsn1/projects/rech/vzf/uqe97pu/raw_data/all_categories/NSW_9Exp_07_Dec_2019_0845am62.9134964220653_63.3508931162802.wav
7995,Exp_08_Dec_2019_1045am,NSW_9,2297.84636479277,2298.57192463834,3300.0,74,Whistle14241,/lustre/fsn1/projects/rech/vzf/uqe97pu/raw_data/all_categories/NSW_9Exp_08_Dec_2019_1045am2297.84636479277_2298.57192463834.wav
7948,Exp_16_Dec_2019_1145am,NSW_9,399.756212594584,400.774260403349,3300.0,72,Whistle14985,/lustre/fsn1/projects/rech/vzf/uqe97pu/raw_data/all_categories/NSW_9Exp_16_Dec_2019_1145am399.756212594584_400.774260403349.wav
7903,Exp_17_Jan_2020_0945am,NSW_9,93.7939315445341,94.3352256621811,3300.0,71,Whistle15359,/lustre/fsn1/projects/rech/vzf/uqe97pu/raw_data/all_categories/NSW_9Exp_17_Jan_2020_0945am93.7939315445341_94.3352256621811.wav
7917,Exp_11_Jan_2020_0945am,NSW_9,627.656901990612,628.681905096682,3300.0,71,Whistle15216,/lustre/fsn1/projects/rech/vzf/uqe97pu/raw_data/all_categories/NSW_9Exp_11_Jan_2020_0945am627.656901990612_628.681905096682.wav
7878,Exp_17_Dec_2019_1245pm,NSW_9,2852.09183452058,2852.98232010495,3300.0,71,Whistle15108,/lustre/fsn1/projects/rech/vzf/uqe97pu/raw_data/all_categories/NSW_9Exp_17_Dec_2019_1245pm2852.09183452058_2852.98232010495.wav
8024,Exp_07_Mar_2020_0945am,NSW_9,54.6130473143818,55.1057470388997,3000.0,74,Whistle14363,/lustre/fsn1/projects/rech/vzf/uqe97pu/raw_data/all_categories/NSW_9Exp_07_Mar_2020_0945am54.6130473143818_55.1057470388997.wav
7746,Exp_04_Jan_2020_1345pm,NSW_9,567.25172076279,568.197651362159,3300.0,71,Whistle14410,/lustre/fsn1/projects/rech/vzf/uqe97pu/raw_data/all_categories/NSW_9Exp_04_Jan_2020_1345pm567.25172076279_568.197651362159.wav
7807,Exp_17_Jan_2020_1345pm,NSW_9,341.364159275861,342.355999553639,3300.0,71,Whistle14640,/lustre/fsn1/projects/rech/vzf/uqe97pu/raw_data/all_categories/NSW_9Exp_17_Jan_2020_1345pm341.364159275861_342.355999553639.wav
7826,Exp_20_Nov_2019_0845am,NSW_9,3400.63231282011,3401.44441271915,3600.0,71,Whistle14852,/lustre/fsn1/projects/rech/vzf/uqe97pu/raw_data/all_categories/NSW_9Exp_20_Nov_2019_0845am3400.63231282011_3401.44441271915.wav
8062,Exp_13_Dec_2019_1345pm,NSW_9,445.429418893221,445.939762808565,3300.0,74,Whistle14720,/lustre/fsn1/projects/rech/vzf/uqe97pu/raw_data/all_categories/NSW_9Exp_13_Dec_2019_1345pm445.429418893221_445.939762808565.wav
7947,Exp_15_Jan_2020_1245pm,NSW_9,3082.60934245255,3084.1434837013,3300.0,72,Whistle14979,/lustre/fsn1/projects/rech/vzf/uqe97pu/raw_data/all_categories/NSW_9Exp_15_Jan_2020_1245pm3082.60934245255_3084.1434837013.wav
7870,Exp_11_Dec_2019_1145am,NSW_9,264.638809277246,265.364741376012,3300.0,71,Whistle15065,/lustre/fsn1/projects/rech/vzf/uqe97pu/raw_data/all_categories/NSW_9Exp_11_Dec_2019_1145am264.638809277246_265.364741376012.wav
8039,Exp_05_Jan_2020_1545pm,NSW_9,702.317128233722,703.632132218583,3300.0,74,Whistle14415,/lustre/fsn1/projects/rech/vzf/uqe97pu/raw_data/all_categories/NSW_9Exp_05_Jan_2020_1545pm702.317128233722_703.632132218583.wav
7821,Exp_17_Feb_2020_1345pm,NSW_9,68.612265810908,69.4639526109738,3300.0,71,Whistle14828,/lustre/fsn1/projects/rech/vzf/uqe97pu/raw_data/all_categories/NSW_9Exp_17_Feb_2020_1345pm68.612265810908_69.4639526109738.wav
8169,Exp_09_Dec_2019_1145am,NSW_9,644.549059223624,645.31879606573,3300.0,76,Whistle14392,/lustre/fsn1/projects/rech/vzf/uqe97pu/raw_data/all_categories/NSW_9Exp_09_Dec_2019_1145am644.549059223624_645.31879606573.wav
8173,Exp_08_Feb_2020_1045am,NSW_9,3223.5523697827,3224.43196774311,3300.0,76,Whistle14470,/lustre/fsn1/projects/rech/vzf/uqe97pu/raw_data/all_categories/NSW_9Exp_08_Feb_2020_1045am3223.5523697827_3224.43196774311.wav
8131,Exp_28_Nov_2019_0945am,NSW_9,1064.70354901183,1065.72355241184,3000.0,75,Whistle14919,/lustre/fsn1/projects/rech/vzf/uqe97pu/raw_data/all_categories/NSW_9Exp_28_Nov_2019_0945am1064.70354901183_1065.72355241184.wav
8204,Exp_11_Mar_2020_1145am,NSW_9,462.461780031162,463.000444414723,3000.0,76,Whistle15320,/lustre/fsn1/projects/rech/vzf/uqe97pu/raw_data/all_categories/NSW_9Exp_11_Mar_2020_1145am462.461780031162_463.000444414723.wav
8105,Exp_16_Nov_2019_1045am,NSW_9,3214.41609980355,3214.87966569502,3600.0,74,Whistle15413,/lustre/fsn1/projects/rech/vzf/uqe97pu/raw_data/all_categories/NSW_9Exp_16_Nov_2019_1045am3214.41609980355_3214.87966569502.wav
7749,Exp_05_Jan_2020_1345pm,NSW_9,449.426361898066,450.741365882927,3300.0,71,Whistle14413,/lustre/fsn1/projects/rech/vzf/uqe97pu/raw_data/all_categories/NSW_9Exp_05_Jan_2020_1345pm449.426361898066_450.741365882927.wav
8026,Exp_07_Mar_2020_1545pm,NSW_9,841.650501984118,842.817774711391,3000.0,74,Whistle14368,/lustre/fsn1/projects/rech/vzf/uqe97pu/raw_data/all_categories/NSW_9Exp_07_Mar_2020_1545pm841.650501984118_842.817774711391.wav
8143,Exp_15_Jan_2020_1045am,NSW_9,3111.70942942251,3112.34443134676,3300.0,75,Whistle15395,/lustre/fsn1/projects/rech/vzf/uqe97pu/raw_data/all_categories/NSW_9Exp_15_Jan_2020_1045am3111.70942942251_3112.34443134676.wav
8250,Exp_17_Feb_2020_1145am,NSW_9,152.933041536759,153.689708203426,3300.0,79,Whistle15010,/lustre/fsn1/projects/rech/vzf/uqe97pu/raw_data/all_categories/NSW_9Exp_17_Feb_2020_1145am152.933041536759_153.689708203426.wav
7847,Exp_13_Dec_2019_1345pm,NSW_9,416.899673551168,417.449696592643,3300.0,71,Whistle14963,/lustre/fsn1/projects/rech/vzf/uqe97pu/raw_data/all_categories/NSW_9Exp_13_Dec_2019_1345pm416.899673551168_417.449696592643.wav
7966,Exp_17_Feb_2020_1245pm,NSW_9,3156.01549323064,3157.31851180649,3300.0,73,Whistle14638,/lustre/fsn1/projects/rech/vzf/uqe97pu/raw_data/all_categories/NSW_9Exp_17_Feb_2020_1245pm3156.01549323064_3157.31851180649.wav
7677,Exp_08_Jan_2020_1245pm,NSW_9,3159.40457395325,3160.13957618053,3300.0,71,Whistle14255,/lustre/fsn1/projects/rech/vzf/uqe97pu/raw_data/all_categories/NSW_9Exp_08_Jan_2020_1245pm3159.40457395325_3160.13957618053.wav
7843,Exp_11_Mar_2020_0945am,NSW_9,601.590485173351,602.406965173351,3000.0,71,Whistle14936,/lustre/fsn1/projects/rech/vzf/uqe97pu/raw_data/all_categories/NSW_9Exp_11_Mar_2020_0945am601.590485173351_602.406965173351.wav
7753,Exp_07_Mar_2020_0945am,NSW_9,71.5202384007947,72.5452418174727,3000.0,71,Whistle14426,/lustre/fsn1/projects/rech/vzf/uqe97pu/raw_data/all_categories/NSW_9Exp_07_Mar_2020_0945am71.5202384007947_72.5452418174727.wav
8220,Exp_04_Jan_2020_1345pm,NSW_9,547.656957671099,548.537733248657,3300.0,78,Whistle14439,/lustre/fsn1/projects/rech/vzf/uqe97pu/raw_data/all_categories/NSW_9Exp_04_Jan_2020_1345pm547.656957671099_548.537733248657.wav
8111,Exp_05_Feb_2020_0945am,NSW_9,623.701890005727,624.726893111797,3300.0,75,Whistle14202,/lustre/fsn1/projects/rech/vzf/uqe97pu/raw_data/all_categories/NSW_9Exp_05_Feb_2020_0945am623.701890005727_624.726893111797.wav
7810,Exp_15_Jan_2020_0945am,NSW_9,47.7724852493576,48.5289855199204,3300.0,71,Whistle14761,/lustre/fsn1/projects/rech/vzf/uqe97pu/raw_data/all_categories/NSW_9Exp_15_Jan_2020_0945am47.7724852493576_48.5289855199204.wav
8223,Exp_08_Dec_2019_1045am,NSW_9,2286.99477572683,2287.19671067887,3300.0,78,Whistle14451,/lustre/fsn1/projects/rech/vzf/uqe97pu/raw_data/all_categories/NSW_9Exp_08_Dec_2019_1045am2286.99477572683_2287.19671067887.wav
8063,Exp_15_Feb_2020_0945am,NSW_9,106.48915542423,106.902852965522,3300.0,74,Whistle14745,/lustre/fsn1/projects/rech/vzf/uqe97pu/raw_data/all_categories/NSW_9Exp_15_Feb_2020_0945am106.48915542423_106.902852965522.wav
8253,Exp_22_Nov_2019_1245pm,NSW_9,2614.18963348783,2615.43631812394,3600.0,79,Whistle15141,/lustre/fsn1/projects/rech/vzf/uqe97pu/raw_data/all_categories/NSW_9Exp_22_Nov_2019_1245pm2614.18963348783_2615.43631812394.wav
7724,Exp_07_Dec_2019_1245pm,NSW_9,2509.93760587153,2510.81760853821,3300.0,71,Whistle14357,/lustre/fsn1/projects/rech/vzf/uqe97pu/raw_data/all_categories/NSW_9Exp_07_Dec_2019_1245pm2509.93760587153_2510.81760853821.wav
8121,Exp_04_Feb_2020_1145am,NSW_9,175.540531941006,176.565535047076,3300.0,75,Whistle14306,/lustre/fsn1/projects/rech/vzf/uqe97pu/raw_data/all_categories/NSW_9Exp_04_Feb_2020_1145am175.540531941006_176.565535047076.wav
8010,Exp_04_Jan_2020_0945am,NSW_9,868.606686637789,869.151551502654,3300.0,74,Whistle14309,/lustre/fsn1/projects/rech/vzf/uqe97pu/raw_data/all_categories/NSW_9Exp_04_Jan_2020_0945am868.606686637789_869.151551502654.wav
8261,Exp_17_Dec_2019_1245pm,NSW_9,2926.29386755717,2926.99386967839,3300.0,80,Whistle15272,/lustre/fsn1/projects/rech/vzf/uqe97pu/raw_data/all_categories/NSW_9Exp_17_Dec_2019_1245pm2926.29386755717_2926.99386967839.wav
7918,Exp_23_Nov_2019_1245pm,NSW_9,2337.39615592862,2338.10269798469,3000.0,71,Whistle15445,/lustre/fsn1/projects/rech/vzf/uqe97pu/raw_data/all_categories/NSW_9Exp_23_Nov_2019_1245pm2337.39615592862_2338.10269798469.wav
7891,Exp_11_Mar_2020_1145am,NSW_9,58.2751942506475,59.2701975673252,3000.0,71,Whistle15217,/lustre/fsn1/projects/rech/vzf/uqe97pu/raw_data/all_categories/NSW_9Exp_11_Mar_2020_1145am58.2751942506475_59.2701975673252.wav
7675,Exp_08_Feb_2020_1345pm,NSW_9,124.905378501147,125.700380910245,3300.0,71,Whistle14251,/lustre/fsn1/projects/rech/vzf/uqe97pu/raw_data/all_categories/NSW_9Exp_08_Feb_2020_1345pm124.905378501147_125.700380910245.wav
8065,Exp_17_Dec_2019_1245pm,NSW_9,2863.23716782984,2863.8070385195,3300.0,74,Whistle14804,/lustre/fsn1/projects/rech/vzf/uqe97pu/raw_data/all_categories/NSW_9Exp_17_Dec_2019_1245pm2863.23716782984_2863.8070385195.wav
8136,Exp_16_Nov_2019_1345pm,NSW_9,275.245764571568,276.520768113245,3600.0,75,Whistle15228,/lustre/fsn1/projects/rech/vzf/uqe97pu/raw_data/all_categories/NSW_9Exp_16_Nov_2019_1345pm275.245764571568_276.520768113245.wav
7736,Exp_09_Dec_2019_1145am,NSW_9,743.261484796076,743.800079140316,3300.0,71,Whistle14391,/lustre/fsn1/projects/rech/vzf/uqe97pu/raw_data/all_categories/NSW_9Exp_09_Dec_2019_1145am743.261484796076_743.800079140316.wav
7803,Exp_13_Dec_2019_1345pm,NSW_9,456.435209731774,456.985770956263,3300.0,71,Whistle14726,/lustre/fsn1/projects/rech/vzf/uqe97pu/raw_data/all_categories/NSW_9Exp_13_Dec_2019_1345pm456.435209731774_456.985770956263.wav
7856,Exp_16_Dec_2019_1345pm,NSW_9,1151.65348985906,1152.23849163179,3300.0,71,Whistle14987,/lustre/fsn1/projects/rech/vzf/uqe97pu/raw_data/all_categories/NSW_9Exp_16_Dec_2019_1345pm1151.65348985906_1152.23849163179.wav
7314,Exp_04_Jan_2020_1345pm,SW_Dana,405.831231609793,407.00618887475,3300.0,66,Whistle13478,/lustre/fsn1/projects/rech/vzf/uqe97pu/raw_data/all_categories/SW_DanaExp_04_Jan_2020_1345pm405.831231609793_407.00618887475.wav
7398,Exp_17_Feb_2020_1345pm,SW_Dana,618.241874672347,619.436627758767,3300.0,66,Whistle13646,/lustre/fsn1/projects/rech/vzf/uqe97pu/raw_data/all_categories/SW_DanaExp_17_Feb_2020_1345pm618.241874672347_619.436627758767.wav
7365,Exp_03_Feb_2020_0945am,SW_Dana,88.2006733711853,89.3332570201751,3300.0,66,Whistle13548,/lustre/fsn1/projects/rech/vzf/uqe97pu/raw_data/all_categories/SW_DanaExp_03_Feb_2020_0945am88.2006733711853_89.3332570201751.wav
7485,Exp_23_Nov_2019_1545pm,SW_Dana,514.568406419868,515.691428002602,3000.0,66,Whistle13987,/lustre/fsn1/projects/rech/vzf/uqe97pu/raw_data/all_categories/SW_DanaExp_23_Nov_2019_1545pm514.568406419868_515.691428002602.wav
7346,Exp_01_Jan_2020_1345pm,SW_Dana,1087.44485120455,1088.44184767098,3300.0,66,Whistle13517,/lustre/fsn1/projects/rech/vzf/uqe97pu/raw_data/all_categories/SW_DanaExp_01_Jan_2020_1345pm1087.44485120455_1088.44184767098.wav
7544,Exp_01_Jan_2020_0845am,SW_Dana,2903.13547714067,2904.05616629052,3300.0,68,Whistle13575,/lustre/fsn1/projects/rech/vzf/uqe97pu/raw_data/all_categories/SW_DanaExp_01_Jan_2020_0845am2903.13547714067_2904.05616629052.wav
7471,Exp_17_Jan_2020_1045am,SW_Dana,2242.09955551765,2243.07175701019,3300.0,66,Whistle13951,/lustre/fsn1/projects/rech/vzf/uqe97pu/raw_data/all_categories/SW_DanaExp_17_Jan_2020_1045am2242.09955551765_2243.07175701019.wav
7470,Exp_17_Feb_2020_1345pm,SW_Dana,2261.6818547935,2262.75680806453,3300.0,66,Whistle13948,/lustre/fsn1/projects/rech/vzf/uqe97pu/raw_data/all_categories/SW_DanaExp_17_Feb_2020_1345pm2261.6818547935_2262.75680806453.wav
7563,Exp_16_Feb_2020_1345pm,SW_Dana,925.764464870048,926.377094180393,3300.0,68,Whistle13845,/lustre/fsn1/projects/rech/vzf/uqe97pu/raw_data/all_categories/SW_DanaExp_16_Feb_2020_1345pm925.764464870048_926.377094180393.wav
7487,Exp_23_Nov_2019_1545pm,SW_Dana,622.078752789108,623.411991175495,3000.0,66,Whistle13989,/lustre/fsn1/projects/rech/vzf/uqe97pu/raw_data/all_categories/SW_DanaExp_23_Nov_2019_1545pm622.078752789108_623.411991175495.wav
7361,Exp_10_Mar_2020_0945am,SW_Dana,206.050781664886,207.655657825877,3000.0,66,Whistle13537,/lustre/fsn1/projects/rech/vzf/uqe97pu/raw_data/all_categories/SW_DanaExp_10_Mar_2020_0945am206.050781664886_207.655657825877.wav
7298,Exp_03_Jan_2020_1045am,SW_Dana,908.797755750775,909.92771130633,3300.0,66,Whistle13459,/lustre/fsn1/projects/rech/vzf/uqe97pu/raw_data/all_categories/SW_DanaExp_03_Jan_2020_1045am908.797755750775_909.92771130633.wav
7560,Exp_13_Dec_2019_0945am,SW_Dana,1287.53115701985,1288.32385309828,3300.0,68,Whistle13759,/lustre/fsn1/projects/rech/vzf/uqe97pu/raw_data/all_categories/SW_DanaExp_13_Dec_2019_0945am1287.53115701985_1288.32385309828.wav
7605,Exp_17_Feb_2020_1345pm,SW_Dana,2415.03640207969,2415.43048584932,3300.0,69,Whistle14112,/lustre/fsn1/projects/rech/vzf/uqe97pu/raw_data/all_categories/SW_DanaExp_17_Feb_2020_1345pm2415.03640207969_2415.43048584932.wav
7461,Exp_16_Nov_2019_1045am,SW_Dana,1898.31221148526,1899.1889556713,3600.0,66,Whistle13920,/lustre/fsn1/projects/rech/vzf/uqe97pu/raw_data/all_categories/SW_DanaExp_16_Nov_2019_1045am1898.31221148526_1899.1889556713.wav
7491,Exp_28_Nov_2019_1545pm,SW_Dana,303.257327309512,304.45515625688,3000.0,66,Whistle13997,/lustre/fsn1/projects/rech/vzf/uqe97pu/raw_data/all_categories/SW_DanaExp_28_Nov_2019_1545pm303.257327309512_304.45515625688.wav
7364,Exp_02_Jan_2020_1045am,SW_Dana,3097.01614173848,3097.76682876138,3300.0,66,Whistle13540,/lustre/fsn1/projects/rech/vzf/uqe97pu/raw_data/all_categories/SW_DanaExp_02_Jan_2020_1045am3097.01614173848_3097.76682876138.wav
7607,Exp_16_Jan_2020_1245pm,SW_Dana,1934.36586292686,1934.89293775679,3300.0,69,Whistle14121,/lustre/fsn1/projects/rech/vzf/uqe97pu/raw_data/all_categories/SW_DanaExp_16_Jan_2020_1245pm1934.36586292686_1934.89293775679.wav
7366,Exp_03_Jan_2020_1045am,SW_Dana,2596.38386748356,2597.74598775368,3300.0,66,Whistle13549,/lustre/fsn1/projects/rech/vzf/uqe97pu/raw_data/all_categories/SW_DanaExp_03_Jan_2020_1045am2596.38386748356_2597.74598775368.wav
7613,Exp_03_Jan_2020_1045am,SW_Dana,2523.62764796257,2525.75762443316,3300.0,70,Whistle7348,/lustre/fsn1/projects/rech/vzf/uqe97pu/raw_data/all_categories/SW_DanaExp_03_Jan_2020_1045am2523.62764796257_2525.75762443316.wav
7400,Exp_17_Feb_2020_1545pm,SW_Dana,550.716741448784,551.940420020212,3300.0,66,Whistle13648,/lustre/fsn1/projects/rech/vzf/uqe97pu/raw_data/all_categories/SW_DanaExp_17_Feb_2020_1545pm550.716741448784_551.940420020212.wav
7527,Exp_15_Feb_2020_0945am,SW_Dana,3267.70208605926,3268.31404008225,3300.0,67,Whistle14103,/lustre/fsn1/projects/rech/vzf/uqe97pu/raw_data/all_categories/SW_DanaExp_15_Feb_2020_0945am3267.70208605926_3268.31404008225.wav
7432,Exp_15_Jan_2020_0945am,SW_Dana,668.208965002438,669.271021858625,3300.0,66,Whistle13804,/lustre/fsn1/projects/rech/vzf/uqe97pu/raw_data/all_categories/SW_DanaExp_15_Jan_2020_0945am668.208965002438_669.271021858625.wav
7614,Exp_12_Dec_2019_1045am,SW_Dana,1582.53710204512,1583.48072433286,3300.0,70,Whistle8095,/lustre/fsn1/projects/rech/vzf/uqe97pu/raw_data/all_categories/SW_DanaExp_12_Dec_2019_1045am1582.53710204512_1583.48072433286.wav
7294,Exp_02_Mar_2020_1545pm,SW_Dana,522.546743822479,523.448252913389,3000.0,66,Whistle13455,/lustre/fsn1/projects/rech/vzf/uqe97pu/raw_data/all_categories/SW_DanaExp_02_Mar_2020_1545pm522.546743822479_523.448252913389.wav
7436,Exp_15_Jan_2020_1345pm,SW_Dana,589.228347449763,590.331488713704,3300.0,66,Whistle13816,/lustre/fsn1/projects/rech/vzf/uqe97pu/raw_data/all_categories/SW_DanaExp_15_Jan_2020_1345pm589.228347449763_590.331488713704.wav
7352,Exp_09_Jan_2020_1145am,SW_Dana,188.8555741078,190.255538265506,3300.0,66,Whistle13526,/lustre/fsn1/projects/rech/vzf/uqe97pu/raw_data/all_categories/SW_DanaExp_09_Jan_2020_1145am188.8555741078_190.255538265506.wav
7403,Exp_15_Feb_2020_0945am,SW_Dana,3079.21633356616,3079.9023843069,3300.0,66,Whistle13675,/lustre/fsn1/projects/rech/vzf/uqe97pu/raw_data/all_categories/SW_DanaExp_15_Feb_2020_0945am3079.21633356616_3079.9023843069.wav
7428,Exp_15_Feb_2020_1345pm,SW_Dana,1799.41307267087,1800.2054167616,3300.0,66,Whistle13791,/lustre/fsn1/projects/rech/vzf/uqe97pu/raw_data/all_categories/SW_DanaExp_15_Feb_2020_1345pm1799.41307267087_1800.2054167616.wav
7390,Exp_15_Jan_2020_1245pm,SW_Dana,2806.80540180583,2807.58774777739,3300.0,66,Whistle13624,/lustre/fsn1/projects/rech/vzf/uqe97pu/raw_data/all_categories/SW_DanaExp_15_Jan_2020_1245pm2806.80540180583_2807.58774777739.wav
7383,Exp_13_Dec_2019_1145am,SW_Dana,2802.03463869126,2802.60368887047,3300.0,66,Whistle13610,/lustre/fsn1/projects/rech/vzf/uqe97pu/raw_data/all_categories/SW_DanaExp_13_Dec_2019_1145am2802.03463869126_2802.60368887047.wav
7571,Exp_16_Nov_2019_1045am,SW_Dana,2693.03331460411,2694.65600508031,3600.0,68,Whistle14125,/lustre/fsn1/projects/rech/vzf/uqe97pu/raw_data/all_categories/SW_DanaExp_16_Nov_2019_1045am2693.03331460411_2694.65600508031.wav
7292,Exp_02_Mar_2020_1545pm,SW_Dana,509.432864847456,510.232616060142,3000.0,66,Whistle13453,/lustre/fsn1/projects/rech/vzf/uqe97pu/raw_data/all_categories/SW_DanaExp_02_Mar_2020_1545pm509.432864847456_510.232616060142.wav
7514,Exp_01_Feb_2020_1545pm,SW_Dana,807.22827056713,808.03958429262,3300.0,67,Whistle13498,/lustre/fsn1/projects/rech/vzf/uqe97pu/raw_data/all_categories/SW_DanaExp_01_Feb_2020_1545pm807.22827056713_808.03958429262.wav
7508,Exp_17_Feb_2020_1245pm,SW_Dana,2544.99271331125,2546.21267215899,3300.0,66,Whistle14145,/lustre/fsn1/projects/rech/vzf/uqe97pu/raw_data/all_categories/SW_DanaExp_17_Feb_2020_1245pm2544.99271331125_2546.21267215899.wav
7599,Exp_28_Nov_2019_1345pm,SW_Dana,926.150423609199,926.619235084609,3000.0,69,Whistle14085,/lustre/fsn1/projects/rech/vzf/uqe97pu/raw_data/all_categories/SW_DanaExp_28_Nov_2019_1345pm926.150423609199_926.619235084609.wav
7472,Exp_17_Jan_2020_1545pm,SW_Dana,594.719151057764,595.696620368661,3300.0,66,Whistle13953,/lustre/fsn1/projects/rech/vzf/uqe97pu/raw_data/all_categories/SW_DanaExp_17_Jan_2020_1545pm594.719151057764_595.696620368661.wav
7591,Exp_12_Feb_2020_1145am,SW_Dana,274.113444441912,274.914467169184,3300.0,69,Whistle13750,/lustre/fsn1/projects/rech/vzf/uqe97pu/raw_data/all_categories/SW_DanaExp_12_Feb_2020_1145am274.113444441912_274.914467169184.wav
7429,Exp_14_Feb_2020_1145am,SW_Dana,469.019075913398,469.845039549762,3300.0,66,Whistle13765,/lustre/fsn1/projects/rech/vzf/uqe97pu/raw_data/all_categories/SW_DanaExp_14_Feb_2020_1145am469.019075913398_469.845039549762.wav
7517,Exp_01_Jan_2020_1345pm,SW_Dana,1083.94828469177,1084.43328616147,3300.0,67,Whistle13519,/lustre/fsn1/projects/rech/vzf/uqe97pu/raw_data/all_categories/SW_DanaExp_01_Jan_2020_1345pm1083.94828469177_1084.43328616147.wav
7322,Exp_05_Feb_2020_1545pm,SW_Dana,379.326151291368,380.639652920032,3300.0,66,Whistle13488,/lustre/fsn1/projects/rech/vzf/uqe97pu/raw_data/all_categories/SW_DanaExp_05_Feb_2020_1545pm379.326151291368_380.639652920032.wav
7331,Exp_05_Mar_2020_1545pm,SW_Dana,386.11221880352,387.048398205513,3000.0,66,Whistle13497,/lustre/fsn1/projects/rech/vzf/uqe97pu/raw_data/all_categories/SW_DanaExp_05_Mar_2020_1545pm386.11221880352_387.048398205513.wav
7462,Exp_16_Nov_2019_1045am,SW_Dana,3141.78665699951,3142.76342362263,3600.0,66,Whistle13922,/lustre/fsn1/projects/rech/vzf/uqe97pu/raw_data/all_categories/SW_DanaExp_16_Nov_2019_1045am3141.78665699951_3142.76342362263.wav
7413,Exp_12_Dec_2019_1045am,SW_Dana,1463.70149275965,1465.04344588465,3300.0,66,Whistle13746,/lustre/fsn1/projects/rech/vzf/uqe97pu/raw_data/all_categories/SW_DanaExp_12_Dec_2019_1045am1463.70149275965_1465.04344588465.wav
7619,Exp_16_Nov_2019_0545am,SW_Dana,1033.06933175477,1034.18283175477,3600.0,70,Whistle13917,/lustre/fsn1/projects/rech/vzf/uqe97pu/raw_data/all_categories/SW_DanaExp_16_Nov_2019_0545am1033.06933175477_1034.18283175477.wav
7335,Exp_06_Feb_2020_1345pm,SW_Dana,46.3306928737083,47.5423319921656,3300.0,66,Whistle13503,/lustre/fsn1/projects/rech/vzf/uqe97pu/raw_data/all_categories/SW_DanaExp_06_Feb_2020_1345pm46.3306928737083_47.5423319921656.wav
7362,Exp_10_Mar_2020_0945am,SW_Dana,393.92131507105,394.918488984094,3000.0,66,Whistle13538,/lustre/fsn1/projects/rech/vzf/uqe97pu/raw_data/all_categories/SW_DanaExp_10_Mar_2020_0945am393.92131507105_394.918488984094.wav
7468,Exp_17_Feb_2020_1145am,SW_Dana,995.030245724965,995.931684573886,3300.0,66,Whistle13941,/lustre/fsn1/projects/rech/vzf/uqe97pu/raw_data/all_categories/SW_DanaExp_17_Feb_2020_1145am995.030245724965_995.931684573886.wav
7334,Exp_06_Feb_2020_1345pm,SW_Dana,747.212266097776,748.555636003732,3300.0,66,Whistle13502,/lustre/fsn1/projects/rech/vzf/uqe97pu/raw_data/all_categories/SW_DanaExp_06_Feb_2020_1345pm747.212266097776_748.555636003732.wav
7474,Exp_17_Nov_2019_1545pm,SW_Dana,501.843197099962,502.945646079554,3600.0,66,Whistle13957,/lustre/fsn1/projects/rech/vzf/uqe97pu/raw_data/all_categories/SW_DanaExp_17_Nov_2019_1545pm501.843197099962_502.945646079554.wav
7603,Exp_15_Feb_2020_0945am,SW_Dana,11.665035348592,12.6350382879948,3300.0,69,Whistle14101,/lustre/fsn1/projects/rech/vzf/uqe97pu/raw_data/all_categories/SW_DanaExp_15_Feb_2020_0945am11.665035348592_12.6350382879948.wav
7454,Exp_16_Feb_2020_1545pm,SW_Dana,285.963254607782,287.120120279424,3300.0,66,Whistle13863,/lustre/fsn1/projects/rech/vzf/uqe97pu/raw_data/all_categories/SW_DanaExp_16_Feb_2020_1545pm285.963254607782_287.120120279424.wav
7379,Exp_14_Jan_2020_1045am,SW_Dana,330.756432648086,331.706688116836,2194.90133333334,66,Whistle13596,/lustre/fsn1/projects/rech/vzf/uqe97pu/raw_data/all_categories/SW_DanaExp_14_Jan_2020_1045am330.756432648086_331.706688116836.wav
7446,Exp_16_Dec_2019_1545pm,SW_Dana,463.832062328844,465.161175259879,3300.0,66,Whistle13841,/lustre/fsn1/projects/rech/vzf/uqe97pu/raw_data/all_categories/SW_DanaExp_16_Dec_2019_1545pm463.832062328844_465.161175259879.wav
7549,Exp_08_Feb_2020_1045am,SW_Dana,3237.8953472012,3238.84203759266,3300.0,68,Whistle13585,/lustre/fsn1/projects/rech/vzf/uqe97pu/raw_data/all_categories/SW_DanaExp_08_Feb_2020_1045am3237.8953472012_3238.84203759266.wav
7305,Exp_04_Feb_2020_1245pm,SW_Dana,2577.87982561675,2578.80076717519,3300.0,66,Whistle13468,/lustre/fsn1/projects/rech/vzf/uqe97pu/raw_data/all_categories/SW_DanaExp_04_Feb_2020_1245pm2577.87982561675_2578.80076717519.wav
7371,Exp_04_Mar_2020_1345pm,SW_Dana,705.483946507843,706.515352757843,3000.0,66,Whistle13566,/lustre/fsn1/projects/rech/vzf/uqe97pu/raw_data/all_categories/SW_DanaExp_04_Mar_2020_1345pm705.483946507843_706.515352757843.wav
7421,Exp_14_Feb_2020_1245pm,SW_Dana,1630.1332211275,1631.0941344402,3300.0,66,Whistle13769,/lustre/fsn1/projects/rech/vzf/uqe97pu/raw_data/all_categories/SW_DanaExp_14_Feb_2020_1245pm1630.1332211275_1631.0941344402.wav
7296,Exp_03_Feb_2020_1345pm,SW_Dana,444.861349882878,446.021306592835,3300.0,66,Whistle13457,/lustre/fsn1/projects/rech/vzf/uqe97pu/raw_data/all_categories/SW_DanaExp_03_Feb_2020_1345pm444.861349882878_446.021306592835.wav
7344,Exp_08_Dec_2019_1545pm,SW_Dana,798.000624457764,799.007167213756,3300.0,66,Whistle13514,/lustre/fsn1/projects/rech/vzf/uqe97pu/raw_data/all_categories/SW_DanaExp_08_Dec_2019_1545pm798.000624457764_799.007167213756.wav
7399,Exp_17_Feb_2020_1345pm,SW_Dana,603.701830611608,604.759785157062,3300.0,66,Whistle13647,/lustre/fsn1/projects/rech/vzf/uqe97pu/raw_data/all_categories/SW_DanaExp_17_Feb_2020_1345pm603.701830611608_604.759785157062.wav
7373,Exp_01_Feb_2020_1545pm,SW_Dana,528.252820628614,529.301560124412,3300.0,66,Whistle13573,/lustre/fsn1/projects/rech/vzf/uqe97pu/raw_data/all_categories/SW_DanaExp_01_Feb_2020_1545pm528.252820628614_529.301560124412.wav
7587,Exp_16_Nov_2019_0545am,SW_Dana,3025.63552359797,3026.1145490217,3600.0,69,Whistle13641,/lustre/fsn1/projects/rech/vzf/uqe97pu/raw_data/all_categories/SW_DanaExp_16_Nov_2019_0545am3025.63552359797_3026.1145490217.wav
7583,Exp_05_Feb_2020_1545pm,SW_Dana,243.841986384929,244.608300008719,3300.0,69,Whistle13569,/lustre/fsn1/projects/rech/vzf/uqe97pu/raw_data/all_categories/SW_DanaExp_05_Feb_2020_1545pm243.841986384929_244.608300008719.wav
7405,Exp_17_Feb_2020_1145am,SW_Dana,991.043105678637,992.321686759718,3300.0,66,Whistle13687,/lustre/fsn1/projects/rech/vzf/uqe97pu/raw_data/all_categories/SW_DanaExp_17_Feb_2020_1145am991.043105678637_992.321686759718.wav
7367,Exp_03_Jan_2020_1045am,SW_Dana,2524.89059908858,2525.89761663244,3300.0,66,Whistle13550,/lustre/fsn1/projects/rech/vzf/uqe97pu/raw_data/all_categories/SW_DanaExp_03_Jan_2020_1045am2524.89059908858_2525.89761663244.wav
7533,Exp_03_Jan_2020_1045am,SW_Dana,2594.21786308443,2595.62207100523,3300.0,68,Whistle13552,/lustre/fsn1/projects/rech/vzf/uqe97pu/raw_data/all_categories/SW_DanaExp_03_Jan_2020_1045am2594.21786308443_2595.62207100523.wav
7349,Exp_09_Feb_2020_1345pm,SW_Dana,394.121196124837,395.087682611323,3300.0,66,Whistle13523,/lustre/fsn1/projects/rech/vzf/uqe97pu/raw_data/all_categories/SW_DanaExp_09_Feb_2020_1345pm394.121196124837_395.087682611323.wav
7515,Exp_07_Dec_2019_0945am,SW_Dana,595.196803626678,595.681805096379,3300.0,67,Whistle13507,/lustre/fsn1/projects/rech/vzf/uqe97pu/raw_data/all_categories/SW_DanaExp_07_Dec_2019_0945am595.196803626678_595.681805096379.wav
7469,Exp_17_Feb_2020_1345pm,SW_Dana,2144.98817240906,2145.97447465986,3300.0,66,Whistle13947,/lustre/fsn1/projects/rech/vzf/uqe97pu/raw_data/all_categories/SW_DanaExp_17_Feb_2020_1345pm2144.98817240906_2145.97447465986.wav
7569,Exp_28_Nov_2019_1545pm,SW_Dana,314.733450753856,315.685224947405,3000.0,68,Whistle14093,/lustre/fsn1/projects/rech/vzf/uqe97pu/raw_data/all_categories/SW_DanaExp_28_Nov_2019_1545pm314.733450753856_315.685224947405.wav
7306,Exp_04_Feb_2020_1245pm,SW_Dana,2621.82894929087,2622.66902527871,3300.0,66,Whistle13469,/lustre/fsn1/projects/rech/vzf/uqe97pu/raw_data/all_categories/SW_DanaExp_04_Feb_2020_1245pm2621.82894929087_2622.66902527871.wav
7313,Exp_01_Feb_2020_1145am,SW_Dana,571.431733429495,572.549108844778,3300.0,66,Whistle13477,/lustre/fsn1/projects/rech/vzf/uqe97pu/raw_data/all_categories/SW_DanaExp_01_Feb_2020_1145am571.431733429495_572.549108844778.wav
7456,Exp_16_Jan_2020_0945am,SW_Dana,535.168645026891,536.130935103227,3300.0,66,Whistle13877,/lustre/fsn1/projects/rech/vzf/uqe97pu/raw_data/all_categories/SW_DanaExp_16_Jan_2020_0945am535.168645026891_536.130935103227.wav
7516,Exp_01_Jan_2020_1345pm,SW_Dana,1079.01326973718,1079.79827211598,3300.0,67,Whistle13512,/lustre/fsn1/projects/rech/vzf/uqe97pu/raw_data/all_categories/SW_DanaExp_01_Jan_2020_1345pm1079.01326973718_1079.79827211598.wav
7529,Exp_06_Feb_2020_1145am,SW_Dana,365.032322775999,366.108234378209,3300.0,68,Whistle13501,/lustre/fsn1/projects/rech/vzf/uqe97pu/raw_data/all_categories/SW_DanaExp_06_Feb_2020_1145am365.032322775999_366.108234378209.wav
7564,Exp_16_Jan_2020_1245pm,SW_Dana,1985.99601938188,1987.0359710727,3300.0,68,Whistle13891,/lustre/fsn1/projects/rech/vzf/uqe97pu/raw_data/all_categories/SW_DanaExp_16_Jan_2020_1245pm1985.99601938188_1987.0359710727.wav
7437,Exp_15_Jan_2020_1345pm,SW_Dana,598.938729484799,600.02585819767,3300.0,66,Whistle13817,/lustre/fsn1/projects/rech/vzf/uqe97pu/raw_data/all_categories/SW_DanaExp_15_Jan_2020_1345pm598.938729484799_600.02585819767.wav
7402,Exp_14_Jan_2020_1045am,SW_Dana,667.843450462969,668.374388845738,2194.90133333334,66,Whistle13674,/lustre/fsn1/projects/rech/vzf/uqe97pu/raw_data/all_categories/SW_DanaExp_14_Jan_2020_1045am667.843450462969_668.374388845738.wav
7433,Exp_15_Jan_2020_1245pm,SW_Dana,2801.08030359422,2802.15763236134,3300.0,66,Whistle13808,/lustre/fsn1/projects/rech/vzf/uqe97pu/raw_data/all_categories/SW_DanaExp_15_Jan_2020_1245pm2801.08030359422_2802.15763236134.wav
7601,Exp_16_Jan_2020_1245pm,SW_Dana,3041.82674140757,3042.12954514589,3300.0,69,Whistle14063,/lustre/fsn1/projects/rech/vzf/uqe97pu/raw_data/all_categories/SW_DanaExp_16_Jan_2020_1245pm3041.82674140757_3042.12954514589.wav
7407,Exp_11_Dec_2019_1145am,SW_Dana,82.3575980462108,83.6551719098472,3300.0,66,Whistle13728,/lustre/fsn1/projects/rech/vzf/uqe97pu/raw_data/all_categories/SW_DanaExp_11_Dec_2019_1145am82.3575980462108_83.6551719098472.wav
7466,Exp_17_Jan_2020_1545pm,SW_Dana,605.45900137096,606.8918177237,3300.0,66,Whistle13954,/lustre/fsn1/projects/rech/vzf/uqe97pu/raw_data/all_categories/SW_DanaExp_17_Jan_2020_1545pm605.45900137096_606.8918177237.wav
7368,Exp_04_Feb_2020_1045am,SW_Dana,3208.62972493856,3209.56564850544,3300.0,66,Whistle13556,/lustre/fsn1/projects/rech/vzf/uqe97pu/raw_data/all_categories/SW_DanaExp_04_Feb_2020_1045am3208.62972493856_3209.56564850544.wav
7621,Exp_06_Dec_2019_0945am,SW_Dana,870.595071497648,871.424910207325,3000.0,70,Whistle13541,/lustre/fsn1/projects/rech/vzf/uqe97pu/raw_data/all_categories/SW_DanaExp_06_Dec_2019_0945am870.595071497648_871.424910207325.wav
7408,Exp_11_Dec_2019_1545pm,SW_Dana,47.9124873918469,49.2901276541496,3300.0,66,Whistle13732,/lustre/fsn1/projects/rech/vzf/uqe97pu/raw_data/all_categories/SW_DanaExp_11_Dec_2019_1545pm47.9124873918469_49.2901276541496.wav
7570,Exp_16_Nov_2019_1045am,SW_Dana,2905.95603658819,2906.6766887621,3600.0,68,Whistle14116,/lustre/fsn1/projects/rech/vzf/uqe97pu/raw_data/all_categories/SW_DanaExp_16_Nov_2019_1045am2905.95603658819_2906.6766887621.wav
7320,Exp_05_Dec_2019_1545pm,SW_Dana,712.152375841253,713.240125841253,3000.0,66,Whistle13485,/lustre/fsn1/projects/rech/vzf/uqe97pu/raw_data/all_categories/SW_DanaExp_05_Dec_2019_1545pm712.152375841253_713.240125841253.wav
7521,Exp_23_Nov_2019_0945am,SW_Dana,2359.65430254116,2360.25614162162,3000.0,67,Whistle13724,/lustre/fsn1/projects/rech/vzf/uqe97pu/raw_data/all_categories/SW_DanaExp_23_Nov_2019_0945am2359.65430254116_2360.25614162162.wav
7543,Exp_06_Feb_2020_1045am,SW_Dana,2097.06635656472,2098.454644853,3300.0,68,Whistle13574,/lustre/fsn1/projects/rech/vzf/uqe97pu/raw_data/all_categories/SW_DanaExp_06_Feb_2020_1045am2097.06635656472_2098.454644853.wav
7444,Exp_16_Dec_2019_1345pm,SW_Dana,1168.84218682509,1169.52349523631,3300.0,66,Whistle13832,/lustre/fsn1/projects/rech/vzf/uqe97pu/raw_data/all_categories/SW_DanaExp_16_Dec_2019_1345pm1168.84218682509_1169.52349523631.wav
7557,Exp_16_Dec_2019_1345pm,SW_Dana,1162.50852396522,1163.29477046522,3300.0,68,Whistle13681,/lustre/fsn1/projects/rech/vzf/uqe97pu/raw_data/all_categories/SW_DanaExp_16_Dec_2019_1345pm1162.50852396522_1163.29477046522.wav
7397,Exp_16_Jan_2020_1345pm,SW_Dana,140.350426516444,141.469040130785,3300.0,66,Whistle13640,/lustre/fsn1/projects/rech/vzf/uqe97pu/raw_data/all_categories/SW_DanaExp_16_Jan_2020_1345pm140.350426516444_141.469040130785.wav
7435,Exp_15_Jan_2020_1345pm,SW_Dana,8.30186594542013,9.48407453437719,3300.0,66,Whistle13815,/lustre/fsn1/projects/rech/vzf/uqe97pu/raw_data/all_categories/SW_DanaExp_15_Jan_2020_1345pm8.30186594542013_9.48407453437719.wav
7348,Exp_09_Feb_2020_0945am,SW_Dana,257.905783350859,259.334039164812,3300.0,66,Whistle13522,/lustre/fsn1/projects/rech/vzf/uqe97pu/raw_data/all_categories/SW_DanaExp_09_Feb_2020_0945am257.905783350859_259.334039164812.wav
7616,Exp_16_Jan_2020_1245pm,SW_Dana,3123.87946751354,3125.00819254596,3300.0,70,Whistle11459,/lustre/fsn1/projects/rech/vzf/uqe97pu/raw_data/all_categories/SW_DanaExp_16_Jan_2020_1245pm3123.87946751354_3125.00819254596.wav
7304,Exp_04_Feb_2020_1245pm,SW_Dana,2730.1903369349,2731.26553110966,3300.0,66,Whistle13467,/lustre/fsn1/projects/rech/vzf/uqe97pu/raw_data/all_categories/SW_DanaExp_04_Feb_2020_1245pm2730.1903369349_2731.26553110966.wav
7295,Exp_03_Feb_2020_0945am,SW_Dana,82.7802526674323,84.5695964994533,3300.0,66,Whistle13456,/lustre/fsn1/projects/rech/vzf/uqe97pu/raw_data/all_categories/SW_DanaExp_03_Feb_2020_0945am82.7802526674323_84.5695964994533.wav
7520,Exp_22_Nov_2019_1145am,SW_Dana,3356.75594126459,3357.3074682107,3600.0,67,Whistle13721,/lustre/fsn1/projects/rech/vzf/uqe97pu/raw_data/all_categories/SW_DanaExp_22_Nov_2019_1145am3356.75594126459_3357.3074682107.wav
7499,Exp_17_Dec_2019_1345pm,SW_Dana,1096.83462481814,1097.69729558834,3300.0,66,Whistle14041,/lustre/fsn1/projects/rech/vzf/uqe97pu/raw_data/all_categories/SW_DanaExp_17_Dec_2019_1345pm1096.83462481814_1097.69729558834.wav
7382,Exp_11_Dec_2019_1145am,SW_Dana,351.266933331511,352.344363887067,3300.0,66,Whistle13600,/lustre/fsn1/projects/rech/vzf/uqe97pu/raw_data/all_categories/SW_DanaExp_11_Dec_2019_1145am351.266933331511_352.344363887067.wav
7319,Exp_05_Dec_2019_1545pm,SW_Dana,701.102339007797,702.144921425379,3000.0,66,Whistle13484,/lustre/fsn1/projects/rech/vzf/uqe97pu/raw_data/all_categories/SW_DanaExp_05_Dec_2019_1545pm701.102339007797_702.144921425379.wav
7311,Exp_04_Feb_2020_1545pm,SW_Dana,127.111049143558,128.323651667217,3300.0,66,Whistle13475,/lustre/fsn1/projects/rech/vzf/uqe97pu/raw_data/all_categories/SW_DanaExp_04_Feb_2020_1545pm127.111049143558_128.323651667217.wav
7574,Exp_12_Dec_2019_1045am,SW_Dana,1469.36945263471,1470.25945533168,3300.0,68,Whistle14154,/lustre/fsn1/projects/rech/vzf/uqe97pu/raw_data/all_categories/SW_DanaExp_12_Dec_2019_1045am1469.36945263471_1470.25945533168.wav
7584,Exp_09_Feb_2020_1345pm,SW_Dana,2583.66782929645,2584.19783090252,3300.0,69,Whistle13588,/lustre/fsn1/projects/rech/vzf/uqe97pu/raw_data/all_categories/SW_DanaExp_09_Feb_2020_1345pm2583.66782929645_2584.19783090252.wav
7345,Exp_01_Jan_2020_1345pm,SW_Dana,1076.77617148678,1077.49822315961,3300.0,66,Whistle13516,/lustre/fsn1/projects/rech/vzf/uqe97pu/raw_data/all_categories/SW_DanaExp_01_Jan_2020_1345pm1076.77617148678_1077.49822315961.wav
7465,Exp_17_Feb_2020_1045am,SW_Dana,3179.21188902148,3180.07459974783,3300.0,66,Whistle13934,/lustre/fsn1/projects/rech/vzf/uqe97pu/raw_data/all_categories/SW_DanaExp_17_Feb_2020_1045am3179.21188902148_3180.07459974783.wav
7299,Exp_04_Feb_2020_0845am,SW_Dana,2955.26895717866,2956.52670517917,3300.0,66,Whistle13462,/lustre/fsn1/projects/rech/vzf/uqe97pu/raw_data/all_categories/SW_DanaExp_04_Feb_2020_0845am2955.26895717866_2956.52670517917.wav
7509,Exp_21_Nov_2019_1145am,SW_Dana,1440.96912810023,1441.71876024956,3600.0,66,Whistle14162,/lustre/fsn1/projects/rech/vzf/uqe97pu/raw_data/all_categories/SW_DanaExp_21_Nov_2019_1145am1440.96912810023_1441.71876024956.wav
7518,Exp_15_Feb_2020_0945am,SW_Dana,3183.70197021594,3184.29958311917,3300.0,67,Whistle13699,/lustre/fsn1/projects/rech/vzf/uqe97pu/raw_data/all_categories/SW_DanaExp_15_Feb_2020_0945am3183.70197021594_3184.29958311917.wav
7370,Exp_04_Feb_2020_1245pm,SW_Dana,2796.34955050984,2797.40031408307,3300.0,66,Whistle13560,/lustre/fsn1/projects/rech/vzf/uqe97pu/raw_data/all_categories/SW_DanaExp_04_Feb_2020_1245pm2796.34955050984_2797.40031408307.wav
7457,Exp_16_Jan_2020_1245pm,SW_Dana,1933.91229626355,1934.84081478207,3300.0,66,Whistle13895,/lustre/fsn1/projects/rech/vzf/uqe97pu/raw_data/all_categories/SW_DanaExp_16_Jan_2020_1245pm1933.91229626355_1934.84081478207.wav
7328,Exp_05_Jan_2020_1145am,SW_Dana,2685.99814120649,2686.97349112614,3300.0,66,Whistle13494,/lustre/fsn1/projects/rech/vzf/uqe97pu/raw_data/all_categories/SW_DanaExp_05_Jan_2020_1145am2685.99814120649_2686.97349112614.wav
7526,Exp_15_Feb_2020_0945am,SW_Dana,3101.0543977406,3101.77290073461,3300.0,67,Whistle14102,/lustre/fsn1/projects/rech/vzf/uqe97pu/raw_data/all_categories/SW_DanaExp_15_Feb_2020_0945am3101.0543977406_3101.77290073461.wav
7393,Exp_16_Feb_2020_1345pm,SW_Dana,980.239366974747,981.242303520231,3300.0,66,Whistle13633,/lustre/fsn1/projects/rech/vzf/uqe97pu/raw_data/all_categories/SW_DanaExp_16_Feb_2020_1345pm980.239366974747_981.242303520231.wav
7551,Exp_10_Mar_2020_0945am,SW_Dana,407.716361054537,408.978275655088,3000.0,68,Whistle13591,/lustre/fsn1/projects/rech/vzf/uqe97pu/raw_data/all_categories/SW_DanaExp_10_Mar_2020_0945am407.716361054537_408.978275655088.wav
7483,Exp_23_Nov_2019_1345pm,SW_Dana,2116.68946969996,2117.66690265015,3000.0,66,Whistle13982,/lustre/fsn1/projects/rech/vzf/uqe97pu/raw_data/all_categories/SW_DanaExp_23_Nov_2019_1345pm2116.68946969996_2117.66690265015.wav
7604,Exp_15_Jan_2020_1045am,SW_Dana,2791.22253235728,2791.53581278056,3300.0,69,Whistle14110,/lustre/fsn1/projects/rech/vzf/uqe97pu/raw_data/all_categories/SW_DanaExp_15_Jan_2020_1045am2791.22253235728_2791.53581278056.wav
7415,Exp_12_Mar_2020_1345pm,SW_Dana,84.505541438299,86.107416438299,3000.0,66,Whistle13752,/lustre/fsn1/projects/rech/vzf/uqe97pu/raw_data/all_categories/SW_DanaExp_12_Mar_2020_1345pm84.505541438299_86.107416438299.wav
7426,Exp_14_Jan_2020_1545pm,SW_Dana,569.329165678388,570.586606154579,3300.0,66,Whistle13778,/lustre/fsn1/projects/rech/vzf/uqe97pu/raw_data/all_categories/SW_DanaExp_14_Jan_2020_1545pm569.329165678388_570.586606154579.wav
7355,Exp_09_Mar_2020_1545pm,SW_Dana,317.502366859741,318.629687121179,3000.0,66,Whistle13530,/lustre/fsn1/projects/rech/vzf/uqe97pu/raw_data/all_categories/SW_DanaExp_09_Mar_2020_1545pm317.502366859741_318.629687121179.wav
7500,Exp_17_Feb_2020_1245pm,SW_Dana,2536.81184851123,2537.44865571462,3300.0,66,Whistle14045,/lustre/fsn1/projects/rech/vzf/uqe97pu/raw_data/all_categories/SW_DanaExp_17_Feb_2020_1245pm2536.81184851123_2537.44865571462.wav
7307,Exp_04_Feb_2020_1245pm,SW_Dana,2758.11335973745,2759.23571947343,3300.0,66,Whistle13470,/lustre/fsn1/projects/rech/vzf/uqe97pu/raw_data/all_categories/SW_DanaExp_04_Feb_2020_1245pm2758.11335973745_2759.23571947343.wav
7486,Exp_23_Nov_2019_1545pm,SW_Dana,547.340087476171,548.571806796947,3000.0,66,Whistle13988,/lustre/fsn1/projects/rech/vzf/uqe97pu/raw_data/all_categories/SW_DanaExp_23_Nov_2019_1545pm547.340087476171_548.571806796947.wav
7539,Exp_04_Mar_2020_1345pm,SW_Dana,653.483980256882,654.501719720483,3000.0,68,Whistle13565,/lustre/fsn1/projects/rech/vzf/uqe97pu/raw_data/all_categories/SW_DanaExp_04_Mar_2020_1345pm653.483980256882_654.501719720483.wav
7441,Exp_16_Dec_2019_1345pm,SW_Dana,1166.28126135235,1167.1566539607,3300.0,66,Whistle13828,/lustre/fsn1/projects/rech/vzf/uqe97pu/raw_data/all_categories/SW_DanaExp_16_Dec_2019_1345pm1166.28126135235_1167.1566539607.wav
7308,Exp_04_Feb_2020_1245pm,SW_Dana,2790.22345704078,2790.97372205845,3300.0,66,Whistle13471,/lustre/fsn1/projects/rech/vzf/uqe97pu/raw_data/all_categories/SW_DanaExp_04_Feb_2020_1245pm2790.22345704078_2790.97372205845.wav
7488,Exp_27_Nov_2019_0945am,SW_Dana,1477.16701437856,1478.56989573449,3000.0,66,Whistle13993,/lustre/fsn1/projects/rech/vzf/uqe97pu/raw_data/all_categories/SW_DanaExp_27_Nov_2019_0945am1477.16701437856_1478.56989573449.wav
7381,Exp_26_Nov_2019_1345pm,SW_Dana,433.484402267961,434.736416352468,3000.0,66,Whistle13598,/lustre/fsn1/projects/rech/vzf/uqe97pu/raw_data/all_categories/SW_DanaExp_26_Nov_2019_1345pm433.484402267961_434.736416352468.wav
7358,Exp_10_Feb_2020_1545pm,SW_Dana,425.577913217437,426.604668184325,3300.0,66,Whistle13533,/lustre/fsn1/projects/rech/vzf/uqe97pu/raw_data/all_categories/SW_DanaExp_10_Feb_2020_1545pm425.577913217437_426.604668184325.wav
7498,Exp_17_Dec_2019_0945am,SW_Dana,923.855438288161,924.536808432583,3300.0,66,Whistle14039,/lustre/fsn1/projects/rech/vzf/uqe97pu/raw_data/all_categories/SW_DanaExp_17_Dec_2019_0945am923.855438288161_924.536808432583.wav
7385,Exp_15_Feb_2020_0945am,SW_Dana,11.265035348592,12.5744216301804,3300.0,66,Whistle13614,/lustre/fsn1/projects/rech/vzf/uqe97pu/raw_data/all_categories/SW_DanaExp_15_Feb_2020_0945am11.265035348592_12.5744216301804.wav
7386,Exp_15_Feb_2020_1045am,SW_Dana,1177.45408071448,1178.28675513308,3300.0,66,Whistle13616,/lustre/fsn1/projects/rech/vzf/uqe97pu/raw_data/all_categories/SW_DanaExp_15_Feb_2020_1045am1177.45408071448_1178.28675513308.wav
7534,Exp_04_Feb_2020_1145am,SW_Dana,585.648869824903,586.589386049092,3300.0,68,Whistle13557,/lustre/fsn1/projects/rech/vzf/uqe97pu/raw_data/all_categories/SW_DanaExp_04_Feb_2020_1145am585.648869824903_586.589386049092.wav
7357,Exp_10_Feb_2020_1545pm,SW_Dana,259.072045923156,260.054488671247,3300.0,66,Whistle13532,/lustre/fsn1/projects/rech/vzf/uqe97pu/raw_data/all_categories/SW_DanaExp_10_Feb_2020_1545pm259.072045923156_260.054488671247.wav
7312,Exp_04_Jan_2020_0945am,SW_Dana,2217.63672192946,2218.89168192946,3300.0,66,Whistle13476,/lustre/fsn1/projects/rech/vzf/uqe97pu/raw_data/all_categories/SW_DanaExp_04_Jan_2020_0945am2217.63672192946_2218.89168192946.wav
7326,Exp_08_Feb_2020_1045am,SW_Dana,3220.94575248408,3222.32423545622,3300.0,66,Whistle13515,/lustre/fsn1/projects/rech/vzf/uqe97pu/raw_data/all_categories/SW_DanaExp_08_Feb_2020_1045am3220.94575248408_3222.32423545622.wav
7537,Exp_04_Feb_2020_1545pm,SW_Dana,341.074810608067,341.723804416116,3300.0,68,Whistle13563,/lustre/fsn1/projects/rech/vzf/uqe97pu/raw_data/all_categories/SW_DanaExp_04_Feb_2020_1545pm341.074810608067_341.723804416116.wav
7356,Exp_09_Mar_2020_1545pm,SW_Dana,517.463030570247,518.343883413056,3000.0,66,Whistle13531,/lustre/fsn1/projects/rech/vzf/uqe97pu/raw_data/all_categories/SW_DanaExp_09_Mar_2020_1545pm517.463030570247_518.343883413056.wav
7556,Exp_14_Dec_2019_0945am,SW_Dana,546.061711177879,546.835164216553,3300.0,68,Whistle13673,/lustre/fsn1/projects/rech/vzf/uqe97pu/raw_data/all_categories/SW_DanaExp_14_Dec_2019_0945am546.061711177879_546.835164216553.wav
7434,Exp_15_Jan_2020_1345pm,SW_Dana,598.193560195393,600.006348472153,3300.0,66,Whistle13813,/lustre/fsn1/projects/rech/vzf/uqe97pu/raw_data/all_categories/SW_DanaExp_15_Jan_2020_1345pm598.193560195393_600.006348472153.wav
7414,Exp_12_Mar_2020_1345pm,SW_Dana,79.5116015411143,81.2641230928385,3000.0,66,Whistle13751,/lustre/fsn1/projects/rech/vzf/uqe97pu/raw_data/all_categories/SW_DanaExp_12_Mar_2020_1345pm79.5116015411143_81.2641230928385.wav
7464,Exp_17_Dec_2019_1545pm,SW_Dana,890.099551032453,891.056886939788,3300.0,66,Whistle13933,/lustre/fsn1/projects/rech/vzf/uqe97pu/raw_data/all_categories/SW_DanaExp_17_Dec_2019_1545pm890.099551032453_891.056886939788.wav
7375,Exp_07_Jan_2020_1545pm,SW_Dana,645.753213899031,646.72010278792,3300.0,66,Whistle13580,/lustre/fsn1/projects/rech/vzf/uqe97pu/raw_data/all_categories/SW_DanaExp_07_Jan_2020_1545pm645.753213899031_646.72010278792.wav
7572,Exp_20_Nov_2019_1245pm,SW_Dana,2584.37444833404,2585.20075602635,3600.0,68,Whistle14128,/lustre/fsn1/projects/rech/vzf/uqe97pu/raw_data/all_categories/SW_DanaExp_20_Nov_2019_1245pm2584.37444833404_2585.20075602635.wav
7442,Exp_16_Dec_2019_1345pm,SW_Dana,1149.67456813219,1151.11845358111,3300.0,66,Whistle13829,/lustre/fsn1/projects/rech/vzf/uqe97pu/raw_data/all_categories/SW_DanaExp_16_Dec_2019_1345pm1149.67456813219_1151.11845358111.wav
7573,Exp_12_Dec_2019_1045am,SW_Dana,1464.49443786193,1465.13443980133,3300.0,68,Whistle14153,/lustre/fsn1/projects/rech/vzf/uqe97pu/raw_data/all_categories/SW_DanaExp_12_Dec_2019_1045am1464.49443786193_1465.13443980133.wav
7610,Exp_12_Dec_2019_1045am,SW_Dana,1470.01945460441,1470.84945711957,3300.0,69,Whistle14158,/lustre/fsn1/projects/rech/vzf/uqe97pu/raw_data/all_categories/SW_DanaExp_12_Dec_2019_1045am1470.01945460441_1470.84945711957.wav
7542,Exp_05_Jan_2020_1345pm,SW_Dana,97.00032810578,98.0118329601489,3300.0,68,Whistle13572,/lustre/fsn1/projects/rech/vzf/uqe97pu/raw_data/all_categories/SW_DanaExp_05_Jan_2020_1345pm97.00032810578_98.0118329601489.wav
7452,Exp_16_Feb_2020_1345pm,SW_Dana,118.502737048221,119.458925973302,3300.0,66,Whistle13858,/lustre/fsn1/projects/rech/vzf/uqe97pu/raw_data/all_categories/SW_DanaExp_16_Feb_2020_1345pm118.502737048221_119.458925973302.wav
7513,Exp_05_Dec_2019_1145am,SW_Dana,227.072724961126,227.651434638546,3000.0,67,Whistle13481,/lustre/fsn1/projects/rech/vzf/uqe97pu/raw_data/all_categories/SW_DanaExp_05_Dec_2019_1145am227.072724961126_227.651434638546.wav
7447,Exp_16_Dec_2019_1545pm,SW_Dana,455.502619303368,456.896195154762,3300.0,66,Whistle13843,/lustre/fsn1/projects/rech/vzf/uqe97pu/raw_data/all_categories/SW_DanaExp_16_Dec_2019_1545pm455.502619303368_456.896195154762.wav
7510,Exp_16_Jan_2020_1245pm,SW_Dana,3145.37538834789,3146.52425994322,3300.0,66,Whistle14064,/lustre/fsn1/projects/rech/vzf/uqe97pu/raw_data/all_categories/SW_DanaExp_16_Jan_2020_1245pm3145.37538834789_3146.52425994322.wav
7418,Exp_12_Mar_2020_1345pm,SW_Dana,91.0510796948135,92.2049556638057,3000.0,66,Whistle13756,/lustre/fsn1/projects/rech/vzf/uqe97pu/raw_data/all_categories/SW_DanaExp_12_Mar_2020_1345pm91.0510796948135_92.2049556638057.wav
7327,Exp_01_Feb_2020_1545pm,SW_Dana,491.883023357033,492.808341276109,3300.0,66,Whistle13493,/lustre/fsn1/projects/rech/vzf/uqe97pu/raw_data/all_categories/SW_DanaExp_01_Feb_2020_1545pm491.883023357033_492.808341276109.wav
7528,Exp_04_Feb_2020_1545pm,SW_Dana,154.275469319604,155.50912656342,3300.0,68,Whistle13474,/lustre/fsn1/projects/rech/vzf/uqe97pu/raw_data/all_categories/SW_DanaExp_04_Feb_2020_1545pm154.275469319604_155.50912656342.wav
7497,Exp_16_Nov_2019_1045am,SW_Dana,2696.51254422096,2697.62239838763,3600.0,66,Whistle14037,/lustre/fsn1/projects/rech/vzf/uqe97pu/raw_data/all_categories/SW_DanaExp_16_Nov_2019_1045am2696.51254422096_2697.62239838763.wav
7586,Exp_15_Jan_2020_1245pm,SW_Dana,3027.91096491613,3028.81781615187,3300.0,69,Whistle13622,/lustre/fsn1/projects/rech/vzf/uqe97pu/raw_data/all_categories/SW_DanaExp_15_Jan_2020_1245pm3027.91096491613_3028.81781615187.wav
7401,Exp_17_Nov_2019_1545pm,SW_Dana,779.503891516955,780.16973222492,3600.0,66,Whistle13657,/lustre/fsn1/projects/rech/vzf/uqe97pu/raw_data/all_categories/SW_DanaExp_17_Nov_2019_1545pm779.503891516955_780.16973222492.wav
7492,Exp_28_Nov_2019_1545pm,SW_Dana,518.773883145411,520.016375790613,3000.0,66,Whistle13999,/lustre/fsn1/projects/rech/vzf/uqe97pu/raw_data/all_categories/SW_DanaExp_28_Nov_2019_1545pm518.773883145411_520.016375790613.wav
7484,Exp_23_Nov_2019_1545pm,SW_Dana,964.301145731219,965.628056725983,3000.0,66,Whistle13986,/lustre/fsn1/projects/rech/vzf/uqe97pu/raw_data/all_categories/SW_DanaExp_23_Nov_2019_1545pm964.301145731219_965.628056725983.wav
7406,Exp_17_Jan_2020_1345pm,SW_Dana,272.965828381298,274.169303558603,3300.0,66,Whistle13689,/lustre/fsn1/projects/rech/vzf/uqe97pu/raw_data/all_categories/SW_DanaExp_17_Jan_2020_1345pm272.965828381298_274.169303558603.wav
7598,Exp_13_Dec_2019_0945am,SW_Dana,1373.17916114897,1373.4241618914,3300.0,69,Whistle14075,/lustre/fsn1/projects/rech/vzf/uqe97pu/raw_data/all_categories/SW_DanaExp_13_Dec_2019_0945am1373.17916114897_1373.4241618914.wav
7612,Exp_16_Jan_2020_1245pm,SW_Dana,3124.88446934688,3125.08446995294,3300.0,70,Whistle14137,/lustre/fsn1/projects/rech/vzf/uqe97pu/raw_data/all_categories/SW_DanaExp_16_Jan_2020_1245pm3124.88446934688_3125.08446995294.wav
7592,Exp_13_Dec_2019_1345pm,SW_Dana,418.102075114011,418.79551651052,3300.0,69,Whistle13761,/lustre/fsn1/projects/rech/vzf/uqe97pu/raw_data/all_categories/SW_DanaExp_13_Dec_2019_1345pm418.102075114011_418.79551651052.wav
7453,Exp_16_Feb_2020_1345pm,SW_Dana,937.594986963156,938.602259690429,3300.0,66,Whistle13859,/lustre/fsn1/projects/rech/vzf/uqe97pu/raw_data/all_categories/SW_DanaExp_16_Feb_2020_1345pm937.594986963156_938.602259690429.wav
7581,Exp_04_Feb_2020_1245pm,SW_Dana,3104.92355142429,3105.62436732387,3300.0,69,Whistle13561,/lustre/fsn1/projects/rech/vzf/uqe97pu/raw_data/all_categories/SW_DanaExp_04_Feb_2020_1245pm3104.92355142429_3105.62436732387.wav
7585,Exp_14_Feb_2020_1245pm,SW_Dana,2138.9164815651,2139.29648271661,3300.0,69,Whistle13612,/lustre/fsn1/projects/rech/vzf/uqe97pu/raw_data/all_categories/SW_DanaExp_14_Feb_2020_1245pm2138.9164815651_2139.29648271661.wav
7443,Exp_16_Dec_2019_1345pm,SW_Dana,1158.99612928762,1159.78846573622,3300.0,66,Whistle13830,/lustre/fsn1/projects/rech/vzf/uqe97pu/raw_data/all_categories/SW_DanaExp_16_Dec_2019_1345pm1158.99612928762_1159.78846573622.wav
7555,Exp_28_Nov_2019_1245pm,SW_Dana,1993.1092337502,1993.96031288689,3000.0,68,Whistle13664,/lustre/fsn1/projects/rech/vzf/uqe97pu/raw_data/all_categories/SW_DanaExp_28_Nov_2019_1245pm1993.1092337502_1993.96031288689.wav
7291,Exp_02_Mar_2020_0845am,SW_Dana,145.1212595285,146.032098238177,3000.0,66,Whistle13452,/lustre/fsn1/projects/rech/vzf/uqe97pu/raw_data/all_categories/SW_DanaExp_02_Mar_2020_0845am145.1212595285_146.032098238177.wav
7404,Exp_15_Jan_2020_1545pm,SW_Dana,521.31283041388,522.279687556737,3300.0,66,Whistle13680,/lustre/fsn1/projects/rech/vzf/uqe97pu/raw_data/all_categories/SW_DanaExp_15_Jan_2020_1545pm521.31283041388_522.279687556737.wav
7512,Exp_03_Mar_2020_1345pm,SW_Dana,1477.19992399975,1477.68492561642,3000.0,67,Whistle13461,/lustre/fsn1/projects/rech/vzf/uqe97pu/raw_data/all_categories/SW_DanaExp_03_Mar_2020_1345pm1477.19992399975_1477.68492561642.wav
7535,Exp_04_Feb_2020_1245pm,SW_Dana,2566.09445912389,2567.05975388973,3300.0,68,Whistle13558,/lustre/fsn1/projects/rech/vzf/uqe97pu/raw_data/all_categories/SW_DanaExp_04_Feb_2020_1245pm2566.09445912389_2567.05975388973.wav
7409,Exp_11_Jan_2020_0945am,SW_Dana,398.848176274342,400.320382790518,3300.0,66,Whistle13735,/lustre/fsn1/projects/rech/vzf/uqe97pu/raw_data/all_categories/SW_DanaExp_11_Jan_2020_0945am398.848176274342_400.320382790518.wav
7547,Exp_01_Jan_2020_0945am,SW_Dana,149.487892919705,150.420413244908,3300.0,68,Whistle13579,/lustre/fsn1/projects/rech/vzf/uqe97pu/raw_data/all_categories/SW_DanaExp_01_Jan_2020_0945am149.487892919705_150.420413244908.wav
7579,Exp_03_Mar_2020_1345pm,SW_Dana,1101.24107023622,1102.03186359416,3000.0,69,Whistle13553,/lustre/fsn1/projects/rech/vzf/uqe97pu/raw_data/all_categories/SW_DanaExp_03_Mar_2020_1345pm1101.24107023622_1102.03186359416.wav
7416,Exp_15_Jan_2020_0945am,SW_Dana,319.177239091197,320.26581944834,3300.0,66,Whistle13796,/lustre/fsn1/projects/rech/vzf/uqe97pu/raw_data/all_categories/SW_DanaExp_15_Jan_2020_0945am319.177239091197_320.26581944834.wav
7363,Exp_01_Mar_2020_1745pm,SW_Dana,1853.67269538878,1854.31754387363,3000.0,66,Whistle13539,/lustre/fsn1/projects/rech/vzf/uqe97pu/raw_data/all_categories/SW_DanaExp_01_Mar_2020_1745pm1853.67269538878_1854.31754387363.wav
7318,Exp_05_Dec_2019_1545pm,SW_Dana,641.358427359391,642.319901935662,3000.0,66,Whistle13483,/lustre/fsn1/projects/rech/vzf/uqe97pu/raw_data/all_categories/SW_DanaExp_05_Dec_2019_1545pm641.358427359391_642.319901935662.wav
7372,Exp_01_Feb_2020_1545pm,SW_Dana,718.472699351299,719.647029059633,3300.0,66,Whistle13570,/lustre/fsn1/projects/rech/vzf/uqe97pu/raw_data/all_categories/SW_DanaExp_01_Feb_2020_1545pm718.472699351299_719.647029059633.wav
7567,Exp_13_Dec_2019_0945am,SW_Dana,1288.3989042391,1289.42390734517,3300.0,68,Whistle14070,/lustre/fsn1/projects/rech/vzf/uqe97pu/raw_data/all_categories/SW_DanaExp_13_Dec_2019_0945am1288.3989042391_1289.42390734517.wav
7396,Exp_16_Jan_2020_1145am,SW_Dana,640.981943581647,642.055781755921,3300.0,66,Whistle13638,/lustre/fsn1/projects/rech/vzf/uqe97pu/raw_data/all_categories/SW_DanaExp_16_Jan_2020_1145am640.981943581647_642.055781755921.wav
7482,Exp_23_Nov_2019_1345pm,SW_Dana,2139.50213300711,2140.43013300711,3000.0,66,Whistle13981,/lustre/fsn1/projects/rech/vzf/uqe97pu/raw_data/all_categories/SW_DanaExp_23_Nov_2019_1345pm2139.50213300711_2140.43013300711.wav
7606,Exp_14_Dec_2019_0945am,SW_Dana,1078.57326961597,1079.19610401087,3300.0,69,Whistle14118,/lustre/fsn1/projects/rech/vzf/uqe97pu/raw_data/all_categories/SW_DanaExp_14_Dec_2019_0945am1078.57326961597_1079.19610401087.wav
7422,Exp_15_Jan_2020_0945am,SW_Dana,678.544165822545,679.896535685558,3300.0,66,Whistle13798,/lustre/fsn1/projects/rech/vzf/uqe97pu/raw_data/all_categories/SW_DanaExp_15_Jan_2020_0945am678.544165822545_679.896535685558.wav
7473,Exp_17_Jan_2020_1545pm,SW_Dana,411.492643821105,412.636209858841,3300.0,66,Whistle13955,/lustre/fsn1/projects/rech/vzf/uqe97pu/raw_data/all_categories/SW_DanaExp_17_Jan_2020_1545pm411.492643821105_412.636209858841.wav
7523,Exp_24_Nov_2019_1345pm,SW_Dana,199.946184782396,200.669411734024,3000.0,67,Whistle13726,/lustre/fsn1/projects/rech/vzf/uqe97pu/raw_data/all_categories/SW_DanaExp_24_Nov_2019_1345pm199.946184782396_200.669411734024.wav
7333,Exp_06_Feb_2020_1145am,SW_Dana,667.212023672799,668.424484973109,3300.0,66,Whistle13500,/lustre/fsn1/projects/rech/vzf/uqe97pu/raw_data/all_categories/SW_DanaExp_06_Feb_2020_1145am667.212023672799_668.424484973109.wav
7609,Exp_20_Nov_2019_1545pm,SW_Dana,938.564855929682,939.099628457292,3600.0,69,Whistle14152,/lustre/fsn1/projects/rech/vzf/uqe97pu/raw_data/all_categories/SW_DanaExp_20_Nov_2019_1545pm938.564855929682_939.099628457292.wav
7354,Exp_01_Mar_2020_1545pm,SW_Dana,639.598918871396,640.530526014253,3000.0,66,Whistle13529,/lustre/fsn1/projects/rech/vzf/uqe97pu/raw_data/all_categories/SW_DanaExp_01_Mar_2020_1545pm639.598918871396_640.530526014253.wav
7590,Exp_22_Nov_2019_1245pm,SW_Dana,3474.17740368824,3474.8931526761,3600.0,69,Whistle13690,/lustre/fsn1/projects/rech/vzf/uqe97pu/raw_data/all_categories/SW_DanaExp_22_Nov_2019_1245pm3474.17740368824_3474.8931526761.wav
7374,Exp_01_Jan_2020_0945am,SW_Dana,199.95154385308,201.127990134071,3300.0,66,Whistle13578,/lustre/fsn1/projects/rech/vzf/uqe97pu/raw_data/all_categories/SW_DanaExp_01_Jan_2020_0945am199.95154385308_201.127990134071.wav
7475,Exp_17_Nov_2019_1545pm,SW_Dana,538.833715090938,539.730406820261,3600.0,66,Whistle13961,/lustre/fsn1/projects/rech/vzf/uqe97pu/raw_data/all_categories/SW_DanaExp_17_Nov_2019_1545pm538.833715090938_539.730406820261.wav
7359,Exp_10_Feb_2020_1545pm,SW_Dana,486.973042242107,487.79828185872,3300.0,66,Whistle13534,/lustre/fsn1/projects/rech/vzf/uqe97pu/raw_data/all_categories/SW_DanaExp_10_Feb_2020_1545pm486.973042242107_487.79828185872.wav
7448,Exp_16_Feb_2020_1345pm,SW_Dana,114.632259878274,115.789469909622,3300.0,66,Whistle13854,/lustre/fsn1/projects/rech/vzf/uqe97pu/raw_data/all_categories/SW_DanaExp_16_Feb_2020_1345pm114.632259878274_115.789469909622.wav
7301,Exp_04_Feb_2020_1045am,SW_Dana,3193.2346782869,3194.22039257262,3300.0,66,Whistle13464,/lustre/fsn1/projects/rech/vzf/uqe97pu/raw_data/all_categories/SW_DanaExp_04_Feb_2020_1045am3193.2346782869_3194.22039257262.wav
7324,Exp_05_Feb_2020_1545pm,SW_Dana,397.856207443053,398.877384083124,3300.0,66,Whistle13490,/lustre/fsn1/projects/rech/vzf/uqe97pu/raw_data/all_categories/SW_DanaExp_05_Feb_2020_1545pm397.856207443053_398.877384083124.wav
7317,Exp_05_Dec_2019_1545pm,SW_Dana,234.306574369276,235.183824369276,3000.0,66,Whistle13482,/lustre/fsn1/projects/rech/vzf/uqe97pu/raw_data/all_categories/SW_DanaExp_05_Dec_2019_1545pm234.306574369276_235.183824369276.wav
7459,Exp_16_Jan_2020_1345pm,SW_Dana,720.114144135984,721.162144135985,3300.0,66,Whistle13909,/lustre/fsn1/projects/rech/vzf/uqe97pu/raw_data/all_categories/SW_DanaExp_16_Jan_2020_1345pm720.114144135984_721.162144135985.wav
7431,Exp_15_Jan_2020_0945am,SW_Dana,673.383268865462,674.726673837946,3300.0,66,Whistle13794,/lustre/fsn1/projects/rech/vzf/uqe97pu/raw_data/all_categories/SW_DanaExp_15_Jan_2020_0945am673.383268865462_674.726673837946.wav
7600,Exp_14_Feb_2020_1145am,SW_Dana,589.449149435218,590.260942684163,3300.0,69,Whistle14090,/lustre/fsn1/projects/rech/vzf/uqe97pu/raw_data/all_categories/SW_DanaExp_14_Feb_2020_1145am589.449149435218_590.260942684163.wav
7420,Exp_14_Feb_2020_1145am,SW_Dana,468.349478637004,469.845901050797,3300.0,66,Whistle13763,/lustre/fsn1/projects/rech/vzf/uqe97pu/raw_data/all_categories/SW_DanaExp_14_Feb_2020_1145am468.349478637004_469.845901050797.wav
7511,Exp_03_Jan_2020_1145am,SW_Dana,363.341101033639,363.826102503341,3300.0,67,Whistle13460,/lustre/fsn1/projects/rech/vzf/uqe97pu/raw_data/all_categories/SW_DanaExp_03_Jan_2020_1145am363.341101033639_363.826102503341.wav
7340,Exp_01_Jan_2020_1245pm,SW_Dana,3282.55994896954,3283.94862821483,3300.0,66,Whistle13509,/lustre/fsn1/projects/rech/vzf/uqe97pu/raw_data/all_categories/SW_DanaExp_01_Jan_2020_1245pm3282.55994896954_3283.94862821483.wav
7384,Exp_14_Feb_2020_1145am,SW_Dana,524.991592095734,525.825463063476,3300.0,66,Whistle13611,/lustre/fsn1/projects/rech/vzf/uqe97pu/raw_data/all_categories/SW_DanaExp_14_Feb_2020_1145am524.991592095734_525.825463063476.wav
7545,Exp_06_Feb_2020_1345pm,SW_Dana,166.840507395477,167.854323184951,3300.0,68,Whistle13576,/lustre/fsn1/projects/rech/vzf/uqe97pu/raw_data/all_categories/SW_DanaExp_06_Feb_2020_1345pm166.840507395477_167.854323184951.wav
7467,Exp_17_Feb_2020_1145am,SW_Dana,806.249115394636,807.577288769249,3300.0,66,Whistle13939,/lustre/fsn1/projects/rech/vzf/uqe97pu/raw_data/all_categories/SW_DanaExp_17_Feb_2020_1145am806.249115394636_807.577288769249.wav
7493,Exp_28_Nov_2019_1545pm,SW_Dana,515.613321105731,516.561685364991,3000.0,66,Whistle14001,/lustre/fsn1/projects/rech/vzf/uqe97pu/raw_data/all_categories/SW_DanaExp_28_Nov_2019_1545pm515.613321105731_516.561685364991.wav
7412,Exp_11_Mar_2020_1145am,SW_Dana,528.029737164789,528.810505248742,3000.0,66,Whistle13742,/lustre/fsn1/projects/rech/vzf/uqe97pu/raw_data/all_categories/SW_DanaExp_11_Mar_2020_1145am528.029737164789_528.810505248742.wav
7330,Exp_01_Feb_2020_1545pm,SW_Dana,567.82672250522,569.076682344577,3300.0,66,Whistle13496,/lustre/fsn1/projects/rech/vzf/uqe97pu/raw_data/all_categories/SW_DanaExp_01_Feb_2020_1545pm567.82672250522_569.076682344577.wav
7378,Exp_17_Jan_2020_1545pm,SW_Dana,587.894492872034,588.630582542173,3300.0,66,Whistle13595,/lustre/fsn1/projects/rech/vzf/uqe97pu/raw_data/all_categories/SW_DanaExp_17_Jan_2020_1545pm587.894492872034_588.630582542173.wav
7550,Exp_01_Jan_2020_1545pm,SW_Dana,441.388594445212,442.614390169677,3300.0,68,Whistle13587,/lustre/fsn1/projects/rech/vzf/uqe97pu/raw_data/all_categories/SW_DanaExp_01_Jan_2020_1545pm441.388594445212_442.614390169677.wav
7495,Exp_16_Jan_2020_1245pm,SW_Dana,3131.31533089268,3132.29944304221,3300.0,66,Whistle14033,/lustre/fsn1/projects/rech/vzf/uqe97pu/raw_data/all_categories/SW_DanaExp_16_Jan_2020_1245pm3131.31533089268_3132.29944304221.wav
7425,Exp_14_Jan_2020_1245pm,SW_Dana,2531.41530084205,2532.7626433078,3300.0,66,Whistle13776,/lustre/fsn1/projects/rech/vzf/uqe97pu/raw_data/all_categories/SW_DanaExp_14_Jan_2020_1245pm2531.41530084205_2532.7626433078.wav
7315,Exp_04_Jan_2020_1345pm,SW_Dana,423.267039351506,424.801253853017,3300.0,66,Whistle13479,/lustre/fsn1/projects/rech/vzf/uqe97pu/raw_data/all_categories/SW_DanaExp_04_Jan_2020_1345pm423.267039351506_424.801253853017.wav
7617,Exp_01_Feb_2020_0945am,SW_Dana,1551.88970451426,1553.24966761389,3300.0,70,Whistle13536,/lustre/fsn1/projects/rech/vzf/uqe97pu/raw_data/all_categories/SW_DanaExp_01_Feb_2020_0945am1551.88970451426_1553.24966761389.wav
7430,Exp_15_Jan_2020_0945am,SW_Dana,185.307410554628,186.304316695743,3300.0,66,Whistle13799,/lustre/fsn1/projects/rech/vzf/uqe97pu/raw_data/all_categories/SW_DanaExp_15_Jan_2020_0945am185.307410554628_186.304316695743.wav
7568,Exp_14_Feb_2020_1145am,SW_Dana,480.992017086128,481.914879344711,3300.0,68,Whistle14091,/lustre/fsn1/projects/rech/vzf/uqe97pu/raw_data/all_categories/SW_DanaExp_14_Feb_2020_1145am480.992017086128_481.914879344711.wav
7536,Exp_04_Feb_2020_1245pm,SW_Dana,3272.75149741682,3274.1148875097,3300.0,68,Whistle13562,/lustre/fsn1/projects/rech/vzf/uqe97pu/raw_data/all_categories/SW_DanaExp_04_Feb_2020_1245pm3272.75149741682_3274.1148875097.wav
7289,Exp_02_Jan_2020_1245pm,SW_Dana,3228.98478480238,3230.22478855996,3300.0,66,Whistle13450,/lustre/fsn1/projects/rech/vzf/uqe97pu/raw_data/all_categories/SW_DanaExp_02_Jan_2020_1245pm3228.98478480238_3230.22478855996.wav
7589,Exp_23_Nov_2019_1545pm,SW_Dana,451.901506338354,452.631508771696,3000.0,69,Whistle13659,/lustre/fsn1/projects/rech/vzf/uqe97pu/raw_data/all_categories/SW_DanaExp_23_Nov_2019_1545pm451.901506338354_452.631508771696.wav
7576,Exp_02_Mar_2020_0845am,SW_Dana,93.9503131677106,94.5953153177177,3000.0,69,Whistle13543,/lustre/fsn1/projects/rech/vzf/uqe97pu/raw_data/all_categories/SW_DanaExp_02_Mar_2020_0845am93.9503131677106_94.5953153177177.wav
7593,Exp_16_Dec_2019_1545pm,SW_Dana,1043.14695250908,1043.58102833846,3300.0,69,Whistle13838,/lustre/fsn1/projects/rech/vzf/uqe97pu/raw_data/all_categories/SW_DanaExp_16_Dec_2019_1545pm1043.14695250908_1043.58102833846.wav
7389,Exp_15_Jan_2020_0945am,SW_Dana,659.742000430304,660.875073346971,3300.0,66,Whistle13620,/lustre/fsn1/projects/rech/vzf/uqe97pu/raw_data/all_categories/SW_DanaExp_15_Jan_2020_0945am659.742000430304_660.875073346971.wav
7481,Exp_21_Nov_2019_1545pm,SW_Dana,917.67106738671,918.361141460784,3600.0,66,Whistle13977,/lustre/fsn1/projects/rech/vzf/uqe97pu/raw_data/all_categories/SW_DanaExp_21_Nov_2019_1545pm917.67106738671_918.361141460784.wav
7577,Exp_02_Mar_2020_1545pm,SW_Dana,417.063622259595,417.596542369788,3000.0,69,Whistle13545,/lustre/fsn1/projects/rech/vzf/uqe97pu/raw_data/all_categories/SW_DanaExp_02_Mar_2020_1545pm417.063622259595_417.596542369788.wav
7507,Exp_17_Dec_2019_1045am,SW_Dana,2340.72842959203,2342.59142528168,3300.0,66,Whistle14130,/lustre/fsn1/projects/rech/vzf/uqe97pu/raw_data/all_categories/SW_DanaExp_17_Dec_2019_1045am2340.72842959203_2342.59142528168.wav
7502,Exp_20_Nov_2019_1145am,SW_Dana,825.639127005069,826.537210012882,3600.0,66,Whistle14053,/lustre/fsn1/projects/rech/vzf/uqe97pu/raw_data/all_categories/SW_DanaExp_20_Nov_2019_1145am825.639127005069_826.537210012882.wav
7392,Exp_16_Feb_2020_1345pm,SW_Dana,941.403046922478,942.486348080779,3300.0,66,Whistle13632,/lustre/fsn1/projects/rech/vzf/uqe97pu/raw_data/all_categories/SW_DanaExp_16_Feb_2020_1345pm941.403046922478_942.486348080779.wav
7460,Exp_16_Jan_2020_1245pm,SW_Dana,3076.77932478583,3078.28855555506,3300.0,66,Whistle13896,/lustre/fsn1/projects/rech/vzf/uqe97pu/raw_data/all_categories/SW_DanaExp_16_Jan_2020_1245pm3076.77932478583_3078.28855555506.wav
7387,Exp_15_Feb_2020_1045am,SW_Dana,1661.8503387394,1662.77826977388,3300.0,66,Whistle13617,/lustre/fsn1/projects/rech/vzf/uqe97pu/raw_data/all_categories/SW_DanaExp_15_Feb_2020_1045am1661.8503387394_1662.77826977388.wav
7325,Exp_05_Feb_2020_1545pm,SW_Dana,404.956228958269,406.279018128634,3300.0,66,Whistle13491,/lustre/fsn1/projects/rech/vzf/uqe97pu/raw_data/all_categories/SW_DanaExp_05_Feb_2020_1545pm404.956228958269_406.279018128634.wav
7504,Exp_16_Dec_2019_1345pm,SW_Dana,1171.45941837855,1171.95389326439,3300.0,66,Whistle14060,/lustre/fsn1/projects/rech/vzf/uqe97pu/raw_data/all_categories/SW_DanaExp_16_Dec_2019_1345pm1171.45941837855_1171.95389326439.wav
7350,Exp_01_Jan_2020_1545pm,SW_Dana,795.818765900201,796.87066358997,3300.0,66,Whistle13524,/lustre/fsn1/projects/rech/vzf/uqe97pu/raw_data/all_categories/SW_DanaExp_01_Jan_2020_1545pm795.818765900201_796.87066358997.wav
7439,Exp_16_Dec_2019_1345pm,SW_Dana,509.402940305545,510.570472773078,3300.0,66,Whistle13825,/lustre/fsn1/projects/rech/vzf/uqe97pu/raw_data/all_categories/SW_DanaExp_16_Dec_2019_1345pm509.402940305545_510.570472773078.wav
7336,Exp_06_Jan_2020_1245pm,SW_Dana,2131.12423799653,2131.91425397097,3300.0,66,Whistle13504,/lustre/fsn1/projects/rech/vzf/uqe97pu/raw_data/all_categories/SW_DanaExp_06_Jan_2020_1245pm2131.12423799653_2131.91425397097.wav
7538,Exp_04_Jan_2020_1545pm,SW_Dana,1149.01609890866,1149.65055584329,3300.0,68,Whistle13564,/lustre/fsn1/projects/rech/vzf/uqe97pu/raw_data/all_categories/SW_DanaExp_04_Jan_2020_1545pm1149.01609890866_1149.65055584329.wav
7566,Exp_20_Nov_2019_1145am,SW_Dana,831.053936386768,831.876226028994,3600.0,68,Whistle14054,/lustre/fsn1/projects/rech/vzf/uqe97pu/raw_data/all_categories/SW_DanaExp_20_Nov_2019_1145am831.053936386768_831.876226028994.wav
7300,Exp_04_Feb_2020_1045am,SW_Dana,2869.34403221804,2870.4010791979,3300.0,66,Whistle13463,/lustre/fsn1/projects/rech/vzf/uqe97pu/raw_data/all_categories/SW_DanaExp_04_Feb_2020_1045am2869.34403221804_2870.4010791979.wav
7620,Exp_17_Feb_2020_1345pm,SW_Dana,2341.7520974306,2342.52203207112,3300.0,70,Whistle14046,/lustre/fsn1/projects/rech/vzf/uqe97pu/raw_data/all_categories/SW_DanaExp_17_Feb_2020_1345pm2341.7520974306_2342.52203207112.wav
7489,Exp_27_Nov_2019_1545pm,SW_Dana,387.893515559867,388.911255023468,3000.0,66,Whistle13994,/lustre/fsn1/projects/rech/vzf/uqe97pu/raw_data/all_categories/SW_DanaExp_27_Nov_2019_1545pm387.893515559867_388.911255023468.wav
7588,Exp_17_Nov_2019_1545pm,SW_Dana,365.486015238931,366.171017141714,3600.0,69,Whistle13653,/lustre/fsn1/projects/rech/vzf/uqe97pu/raw_data/all_categories/SW_DanaExp_17_Nov_2019_1545pm365.486015238931_366.171017141714.wav
7316,Exp_04_Mar_2020_1345pm,SW_Dana,503.933969200606,505.266189909053,3000.0,66,Whistle13480,/lustre/fsn1/projects/rech/vzf/uqe97pu/raw_data/all_categories/SW_DanaExp_04_Mar_2020_1345pm503.933969200606_505.266189909053.wav
7578,Exp_03_Jan_2020_1045am,SW_Dana,2592.67561663742,2593.35965224573,3300.0,69,Whistle13551,/lustre/fsn1/projects/rech/vzf/uqe97pu/raw_data/all_categories/SW_DanaExp_03_Jan_2020_1045am2592.67561663742_2593.35965224573.wav
7519,Exp_17_Feb_2020_1345pm,SW_Dana,2848.6102989807,2849.33857484277,3300.0,67,Whistle13718,/lustre/fsn1/projects/rech/vzf/uqe97pu/raw_data/all_categories/SW_DanaExp_17_Feb_2020_1345pm2848.6102989807_2849.33857484277.wav
7522,Exp_24_Nov_2019_1245pm,SW_Dana,2516.38436395438,2517.07265663731,3000.0,67,Whistle13725,/lustre/fsn1/projects/rech/vzf/uqe97pu/raw_data/all_categories/SW_DanaExp_24_Nov_2019_1245pm2516.38436395438_2517.07265663731.wav
7293,Exp_02_Mar_2020_1545pm,SW_Dana,514.113257472107,515.20423543354,3000.0,66,Whistle13454,/lustre/fsn1/projects/rech/vzf/uqe97pu/raw_data/all_categories/SW_DanaExp_02_Mar_2020_1545pm514.113257472107_515.20423543354.wav
7411,Exp_11_Mar_2020_1145am,SW_Dana,180.143658458862,181.384470223567,3000.0,66,Whistle13741,/lustre/fsn1/projects/rech/vzf/uqe97pu/raw_data/all_categories/SW_DanaExp_11_Mar_2020_1145am180.143658458862_181.384470223567.wav
7321,Exp_05_Feb_2020_1545pm,SW_Dana,368.632860815076,369.703946529362,3300.0,66,Whistle13486,/lustre/fsn1/projects/rech/vzf/uqe97pu/raw_data/all_categories/SW_DanaExp_05_Feb_2020_1545pm368.632860815076_369.703946529362.wav
7554,Exp_17_Dec_2019_1045am,SW_Dana,2121.97643023161,2122.82643280737,3300.0,68,Whistle13643,/lustre/fsn1/projects/rech/vzf/uqe97pu/raw_data/all_categories/SW_DanaExp_17_Dec_2019_1045am2121.97643023161_2122.82643280737.wav
7451,Exp_16_Feb_2020_1345pm,SW_Dana,929.239263786047,930.30120457552,3300.0,66,Whistle13857,/lustre/fsn1/projects/rech/vzf/uqe97pu/raw_data/all_categories/SW_DanaExp_16_Feb_2020_1345pm929.239263786047_930.30120457552.wav
7608,Exp_21_Nov_2019_1545pm,SW_Dana,920.867557965439,921.88756079878,3600.0,69,Whistle14132,/lustre/fsn1/projects/rech/vzf/uqe97pu/raw_data/all_categories/SW_DanaExp_21_Nov_2019_1545pm920.867557965439_921.88756079878.wav
7575,Exp_08_Mar_2020_1545pm,SW_Dana,674.994608623205,675.594208003835,3000.0,69,Whistle13521,/lustre/fsn1/projects/rech/vzf/uqe97pu/raw_data/all_categories/SW_DanaExp_08_Mar_2020_1545pm674.994608623205_675.594208003835.wav
7531,Exp_02_Mar_2020_1545pm,SW_Dana,505.851688172294,506.811955361229,3000.0,68,Whistle13546,/lustre/fsn1/projects/rech/vzf/uqe97pu/raw_data/all_categories/SW_DanaExp_02_Mar_2020_1545pm505.851688172294_506.811955361229.wav
7427,Exp_15_Feb_2020_0945am,SW_Dana,2204.60468442859,2205.1639049609,3300.0,66,Whistle13781,/lustre/fsn1/projects/rech/vzf/uqe97pu/raw_data/all_categories/SW_DanaExp_15_Feb_2020_0945am2204.60468442859_2205.1639049609.wav
7351,Exp_09_Jan_2020_0945am,SW_Dana,332.916010654578,334.293984067853,3300.0,66,Whistle13525,/lustre/fsn1/projects/rech/vzf/uqe97pu/raw_data/all_categories/SW_DanaExp_09_Jan_2020_0945am332.916010654578_334.293984067853.wav
7424,Exp_14_Jan_2020_0945am,SW_Dana,130.756007337362,132.074888693294,3300.0,66,Whistle13772,/lustre/fsn1/projects/rech/vzf/uqe97pu/raw_data/all_categories/SW_DanaExp_14_Jan_2020_0945am130.756007337362_132.074888693294.wav
7417,Exp_12_Mar_2020_1345pm,SW_Dana,683.578501596487,684.767242337228,3000.0,66,Whistle13754,/lustre/fsn1/projects/rech/vzf/uqe97pu/raw_data/all_categories/SW_DanaExp_12_Mar_2020_1345pm683.578501596487_684.767242337228.wav
7297,Exp_03_Feb_2020_1345pm,SW_Dana,663.727846051554,664.693999897708,3300.0,66,Whistle13458,/lustre/fsn1/projects/rech/vzf/uqe97pu/raw_data/all_categories/SW_DanaExp_03_Feb_2020_1345pm663.727846051554_664.693999897708.wav
7353,Exp_01_Mar_2020_1145am,SW_Dana,861.050262633098,861.811184201725,3000.0,66,Whistle13528,/lustre/fsn1/projects/rech/vzf/uqe97pu/raw_data/all_categories/SW_DanaExp_01_Mar_2020_1145am861.050262633098_861.811184201725.wav
7303,Exp_04_Feb_2020_1145am,SW_Dana,168.040511031852,169.157626416467,3300.0,66,Whistle13466,/lustre/fsn1/projects/rech/vzf/uqe97pu/raw_data/all_categories/SW_DanaExp_04_Feb_2020_1145am168.040511031852_169.157626416467.wav
7445,Exp_16_Dec_2019_1545pm,SW_Dana,175.207713033027,176.519832157686,3300.0,66,Whistle13835,/lustre/fsn1/projects/rech/vzf/uqe97pu/raw_data/all_categories/SW_DanaExp_16_Dec_2019_1545pm175.207713033027_176.519832157686.wav
7329,Exp_01_Feb_2020_1545pm,SW_Dana,537.087980174469,538.040277471766,3300.0,66,Whistle13495,/lustre/fsn1/projects/rech/vzf/uqe97pu/raw_data/all_categories/SW_DanaExp_01_Feb_2020_1545pm537.087980174469_538.040277471766.wav
7596,Exp_17_Feb_2020_1345pm,SW_Dana,2412.84991349394,2413.37820502999,3300.0,69,Whistle13945,/lustre/fsn1/projects/rech/vzf/uqe97pu/raw_data/all_categories/SW_DanaExp_17_Feb_2020_1345pm2412.84991349394_2413.37820502999.wav
7561,Exp_13_Dec_2019_1145am,SW_Dana,54.0622068567197,54.9043132396984,3300.0,68,Whistle13760,/lustre/fsn1/projects/rech/vzf/uqe97pu/raw_data/all_categories/SW_DanaExp_13_Dec_2019_1145am54.0622068567197_54.9043132396984.wav
7505,Exp_15_Jan_2020_0945am,SW_Dana,435.026598727547,435.739475822519,3300.0,66,Whistle14107,/lustre/fsn1/projects/rech/vzf/uqe97pu/raw_data/all_categories/SW_DanaExp_15_Jan_2020_0945am435.026598727547_435.739475822519.wav
7580,Exp_04_Feb_2020_1045am,SW_Dana,3206.6247170446,3207.93972102946,3300.0,69,Whistle13554,/lustre/fsn1/projects/rech/vzf/uqe97pu/raw_data/all_categories/SW_DanaExp_04_Feb_2020_1045am3206.6247170446_3207.93972102946.wav
7525,Exp_16_Jan_2020_1145am,SW_Dana,645.843914501993,646.459322303412,3300.0,67,Whistle14031,/lustre/fsn1/projects/rech/vzf/uqe97pu/raw_data/all_categories/SW_DanaExp_16_Jan_2020_1145am645.843914501993_646.459322303412.wav
7496,Exp_16_Jan_2020_1345pm,SW_Dana,136.430229209549,137.56532835822,3300.0,66,Whistle14034,/lustre/fsn1/projects/rech/vzf/uqe97pu/raw_data/all_categories/SW_DanaExp_16_Jan_2020_1345pm136.430229209549_137.56532835822.wav
7501,Exp_17_Feb_2020_1345pm,SW_Dana,2850.22605860991,2850.78106807961,3300.0,66,Whistle14049,/lustre/fsn1/projects/rech/vzf/uqe97pu/raw_data/all_categories/SW_DanaExp_17_Feb_2020_1345pm2850.22605860991_2850.78106807961.wav
7594,Exp_16_Jan_2020_0945am,SW_Dana,109.947449746681,111.139228228824,3300.0,69,Whistle13876,/lustre/fsn1/projects/rech/vzf/uqe97pu/raw_data/all_categories/SW_DanaExp_16_Jan_2020_0945am109.947449746681_111.139228228824.wav
7540,Exp_01_Feb_2020_1345pm,SW_Dana,227.840692244522,229.095652244522,3300.0,68,Whistle13567,/lustre/fsn1/projects/rech/vzf/uqe97pu/raw_data/all_categories/SW_DanaExp_01_Feb_2020_1345pm227.840692244522_229.095652244522.wav
7615,Exp_16_Jan_2020_1245pm,SW_Dana,1978.44179104776,1979.80278159204,3300.0,70,Whistle11401,/lustre/fsn1/projects/rech/vzf/uqe97pu/raw_data/all_categories/SW_DanaExp_16_Jan_2020_1245pm1978.44179104776_1979.80278159204.wav
7595,Exp_17_Dec_2019_1345pm,SW_Dana,1191.19226157512,1191.7282166313,3300.0,69,Whistle14043,/lustre/fsn1/projects/rech/vzf/uqe97pu/raw_data/all_categories/SW_DanaExp_17_Dec_2019_1345pm1191.19226157512_1191.7282166313.wav
7558,Exp_16_Dec_2019_1545pm,SW_Dana,1042.64087134643,1043.73313643143,3300.0,68,Whistle13682,/lustre/fsn1/projects/rech/vzf/uqe97pu/raw_data/all_categories/SW_DanaExp_16_Dec_2019_1545pm1042.64087134643_1043.73313643143.wav
7490,Exp_28_Nov_2019_1245pm,SW_Dana,2008.86194844174,2009.51051568967,3000.0,66,Whistle13996,/lustre/fsn1/projects/rech/vzf/uqe97pu/raw_data/all_categories/SW_DanaExp_28_Nov_2019_1245pm2008.86194844174_2009.51051568967.wav
7450,Exp_16_Feb_2020_1345pm,SW_Dana,534.078840848339,535.236584956084,3300.0,66,Whistle13856,/lustre/fsn1/projects/rech/vzf/uqe97pu/raw_data/all_categories/SW_DanaExp_16_Feb_2020_1345pm534.078840848339_535.236584956084.wav
7332,Exp_06_Dec_2019_1345pm,SW_Dana,584.062907421664,585.124231367522,3000.0,66,Whistle13499,/lustre/fsn1/projects/rech/vzf/uqe97pu/raw_data/all_categories/SW_DanaExp_06_Dec_2019_1345pm584.062907421664_585.124231367522.wav
7506,Exp_16_Jan_2020_1245pm,SW_Dana,3114.6444395286,3115.97301095718,3300.0,66,Whistle14134,/lustre/fsn1/projects/rech/vzf/uqe97pu/raw_data/all_categories/SW_DanaExp_16_Jan_2020_1245pm3114.6444395286_3115.97301095718.wav
7479,Exp_21_Nov_2019_1345pm,SW_Dana,60.2283991618502,61.120129199873,3600.0,66,Whistle13971,/lustre/fsn1/projects/rech/vzf/uqe97pu/raw_data/all_categories/SW_DanaExp_21_Nov_2019_1345pm60.2283991618502_61.120129199873.wav
7548,Exp_07_Mar_2020_1345pm,SW_Dana,480.442986883915,481.411558312486,3000.0,68,Whistle13582,/lustre/fsn1/projects/rech/vzf/uqe97pu/raw_data/all_categories/SW_DanaExp_07_Mar_2020_1345pm480.442986883915_481.411558312486.wav
7394,Exp_16_Feb_2020_1345pm,SW_Dana,989.9530010697,991.042954986751,3300.0,66,Whistle13634,/lustre/fsn1/projects/rech/vzf/uqe97pu/raw_data/all_categories/SW_DanaExp_16_Feb_2020_1345pm989.9530010697_991.042954986751.wav
7342,Exp_01_Jan_2020_1345pm,SW_Dana,1072.91070492898,1073.89822233,3300.0,66,Whistle13511,/lustre/fsn1/projects/rech/vzf/uqe97pu/raw_data/all_categories/SW_DanaExp_01_Jan_2020_1345pm1072.91070492898_1073.89822233.wav
7290,Exp_02_Mar_2020_0845am,SW_Dana,130.515668198541,131.809158881985,3000.0,66,Whistle13451,/lustre/fsn1/projects/rech/vzf/uqe97pu/raw_data/all_categories/SW_DanaExp_02_Mar_2020_0845am130.515668198541_131.809158881985.wav
7338,Exp_06_Mar_2020_1545pm,SW_Dana,378.856264854216,379.944415797612,3000.0,66,Whistle13506,/lustre/fsn1/projects/rech/vzf/uqe97pu/raw_data/all_categories/SW_DanaExp_06_Mar_2020_1545pm378.856264854216_379.944415797612.wav
7369,Exp_04_Feb_2020_1245pm,SW_Dana,2761.95864700654,2763.35631338625,3300.0,66,Whistle13559,/lustre/fsn1/projects/rech/vzf/uqe97pu/raw_data/all_categories/SW_DanaExp_04_Feb_2020_1245pm2761.95864700654_2763.35631338625.wav
7494,Exp_16_Dec_2019_1345pm,SW_Dana,1152.84434528397,1153.62680914073,3300.0,66,Whistle14022,/lustre/fsn1/projects/rech/vzf/uqe97pu/raw_data/all_categories/SW_DanaExp_16_Dec_2019_1345pm1152.84434528397_1153.62680914073.wav
7323,Exp_05_Feb_2020_1545pm,SW_Dana,393.506194261195,394.477060522593,3300.0,66,Whistle13489,/lustre/fsn1/projects/rech/vzf/uqe97pu/raw_data/all_categories/SW_DanaExp_05_Feb_2020_1545pm393.506194261195_394.477060522593.wav
7552,Exp_02_Jan_2020_1045am,SW_Dana,3050.23424495226,3051.35738363839,3300.0,68,Whistle13593,/lustre/fsn1/projects/rech/vzf/uqe97pu/raw_data/all_categories/SW_DanaExp_02_Jan_2020_1045am3050.23424495226_3051.35738363839.wav
7380,Exp_16_Dec_2019_1345pm,SW_Dana,1151.21802747901,1152.13845774607,3300.0,66,Whistle13597,/lustre/fsn1/projects/rech/vzf/uqe97pu/raw_data/all_categories/SW_DanaExp_16_Dec_2019_1345pm1151.21802747901_1152.13845774607.wav
7341,Exp_01_Jan_2020_1245pm,SW_Dana,3036.88038771651,3037.79781628794,3300.0,66,Whistle13510,/lustre/fsn1/projects/rech/vzf/uqe97pu/raw_data/all_categories/SW_DanaExp_01_Jan_2020_1245pm3036.88038771651_3037.79781628794.wav
7553,Exp_11_Mar_2020_1145am,SW_Dana,133.995541199578,135.243251085706,3000.0,68,Whistle13602,/lustre/fsn1/projects/rech/vzf/uqe97pu/raw_data/all_categories/SW_DanaExp_11_Mar_2020_1145am133.995541199578_135.243251085706.wav
7530,Exp_09_Jan_2020_1245pm,SW_Dana,2717.35323622193,2718.62630193982,3300.0,68,Whistle13527,/lustre/fsn1/projects/rech/vzf/uqe97pu/raw_data/all_categories/SW_DanaExp_09_Jan_2020_1245pm2717.35323622193_2718.62630193982.wav
7302,Exp_04_Feb_2020_1145am,SW_Dana,587.947254643451,588.979157000353,3300.0,66,Whistle13465,/lustre/fsn1/projects/rech/vzf/uqe97pu/raw_data/all_categories/SW_DanaExp_04_Feb_2020_1145am587.947254643451_588.979157000353.wav
7377,Exp_01_Mar_2020_1145am,SW_Dana,860.477868259561,861.757872526242,3000.0,66,Whistle13589,/lustre/fsn1/projects/rech/vzf/uqe97pu/raw_data/all_categories/SW_DanaExp_01_Mar_2020_1145am860.477868259561_861.757872526242.wav
7562,Exp_15_Jan_2020_1345pm,SW_Dana,3.00752329633254,3.78948120926229,3300.0,68,Whistle13814,/lustre/fsn1/projects/rech/vzf/uqe97pu/raw_data/all_categories/SW_DanaExp_15_Jan_2020_1345pm3.00752329633254_3.78948120926229.wav
7455,Exp_16_Feb_2020_1545pm,SW_Dana,306.295929381604,307.760895135029,3300.0,66,Whistle13872,/lustre/fsn1/projects/rech/vzf/uqe97pu/raw_data/all_categories/SW_DanaExp_16_Feb_2020_1545pm306.295929381604_307.760895135029.wav
7618,Exp_01_Feb_2020_1045am,SW_Dana,3223.59633861616,3225.28432792732,3300.0,70,Whistle13592,/lustre/fsn1/projects/rech/vzf/uqe97pu/raw_data/all_categories/SW_DanaExp_01_Feb_2020_1045am3223.59633861616_3225.28432792732.wav
7423,Exp_14_Jan_2020_0945am,SW_Dana,111.927496959518,112.964551754038,3300.0,66,Whistle13771,/lustre/fsn1/projects/rech/vzf/uqe97pu/raw_data/all_categories/SW_DanaExp_14_Jan_2020_0945am111.927496959518_112.964551754038.wav
7611,Exp_13_Dec_2019_0945am,SW_Dana,2593.417858842,2593.61785944806,3300.0,70,Whistle14076,/lustre/fsn1/projects/rech/vzf/uqe97pu/raw_data/all_categories/SW_DanaExp_13_Dec_2019_0945am2593.417858842_2593.61785944806.wav
7532,Exp_02_Mar_2020_1545pm,SW_Dana,605.004135920121,605.648123459062,3000.0,68,Whistle13547,/lustre/fsn1/projects/rech/vzf/uqe97pu/raw_data/all_categories/SW_DanaExp_02_Mar_2020_1545pm605.004135920121_605.648123459062.wav
7343,Exp_08_Dec_2019_1045am,SW_Dana,1684.91765505023,1685.65841975611,3300.0,66,Whistle13513,/lustre/fsn1/projects/rech/vzf/uqe97pu/raw_data/all_categories/SW_DanaExp_08_Dec_2019_1045am1684.91765505023_1685.65841975611.wav
7339,Exp_07_Dec_2019_1245pm,SW_Dana,2901.5802262002,2902.4902124261,3300.0,66,Whistle13508,/lustre/fsn1/projects/rech/vzf/uqe97pu/raw_data/all_categories/SW_DanaExp_07_Dec_2019_1245pm2901.5802262002_2902.4902124261.wav
7463,Exp_17_Dec_2019_1345pm,SW_Dana,2987.06152007883,2987.95715299022,3300.0,66,Whistle13927,/lustre/fsn1/projects/rech/vzf/uqe97pu/raw_data/all_categories/SW_DanaExp_17_Dec_2019_1345pm2987.06152007883_2987.95715299022.wav
7478,Exp_16_Dec_2019_1545pm,SW_Dana,1044.57468305593,1045.86806300931,3300.0,66,Whistle14024,/lustre/fsn1/projects/rech/vzf/uqe97pu/raw_data/all_categories/SW_DanaExp_16_Dec_2019_1545pm1044.57468305593_1045.86806300931.wav
7622,Exp_06_Dec_2019_0945am,SW_Dana,1147.24382481275,1148.1854394697,3000.0,70,Whistle13542,/lustre/fsn1/projects/rech/vzf/uqe97pu/raw_data/all_categories/SW_DanaExp_06_Dec_2019_0945am1147.24382481275_1148.1854394697.wav
7476,Exp_17_Nov_2019_1545pm,SW_Dana,375.713474184562,376.66600406504,3600.0,66,Whistle13962,/lustre/fsn1/projects/rech/vzf/uqe97pu/raw_data/all_categories/SW_DanaExp_17_Nov_2019_1545pm375.713474184562_376.66600406504.wav
7458,Exp_16_Jan_2020_1345pm,SW_Dana,728.327286665337,729.597169018278,3300.0,66,Whistle13915,/lustre/fsn1/projects/rech/vzf/uqe97pu/raw_data/all_categories/SW_DanaExp_16_Jan_2020_1345pm728.327286665337_729.597169018278.wav
7347,Exp_01_Jan_2020_1345pm,SW_Dana,1097.07832629796,1097.96036173136,3300.0,66,Whistle13518,/lustre/fsn1/projects/rech/vzf/uqe97pu/raw_data/all_categories/SW_DanaExp_01_Jan_2020_1345pm1097.07832629796_1097.96036173136.wav
7337,Exp_06_Mar_2020_1545pm,SW_Dana,642.538824830996,643.620399754543,3000.0,66,Whistle13505,/lustre/fsn1/projects/rech/vzf/uqe97pu/raw_data/all_categories/SW_DanaExp_06_Mar_2020_1545pm642.538824830996_643.620399754543.wav
7524,Exp_16_Feb_2020_1545pm,SW_Dana,332.623997205686,333.429691155863,3300.0,67,Whistle13871,/lustre/fsn1/projects/rech/vzf/uqe97pu/raw_data/all_categories/SW_DanaExp_16_Feb_2020_1545pm332.623997205686_333.429691155863.wav
7541,Exp_05_Jan_2020_1345pm,SW_Dana,93.3206060776828,94.4069218671565,3300.0,68,Whistle13571,/lustre/fsn1/projects/rech/vzf/uqe97pu/raw_data/all_categories/SW_DanaExp_05_Jan_2020_1345pm93.3206060776828_94.4069218671565.wav
7310,Exp_04_Feb_2020_1245pm,SW_Dana,2579.64442553349,2580.71777847467,3300.0,66,Whistle13473,/lustre/fsn1/projects/rech/vzf/uqe97pu/raw_data/all_categories/SW_DanaExp_04_Feb_2020_1245pm2579.64442553349_2580.71777847467.wav
7602,Exp_28_Nov_2019_1545pm,SW_Dana,1247.04415681386,1247.47915826386,3000.0,69,Whistle14099,/lustre/fsn1/projects/rech/vzf/uqe97pu/raw_data/all_categories/SW_DanaExp_28_Nov_2019_1545pm1247.04415681386_1247.47915826386.wav
7449,Exp_16_Feb_2020_1345pm,SW_Dana,116.867910891007,117.739140394904,3300.0,66,Whistle13855,/lustre/fsn1/projects/rech/vzf/uqe97pu/raw_data/all_categories/SW_DanaExp_16_Feb_2020_1345pm116.867910891007_117.739140394904.wav
7565,Exp_17_Dec_2019_1245pm,SW_Dana,2654.12094469999,2654.73726594351,3300.0,68,Whistle14040,/lustre/fsn1/projects/rech/vzf/uqe97pu/raw_data/all_categories/SW_DanaExp_17_Dec_2019_1245pm2654.12094469999_2654.73726594351.wav
7480,Exp_21_Nov_2019_1345pm,SW_Dana,1162.07103702551,1162.89717934761,3600.0,66,Whistle13976,/lustre/fsn1/projects/rech/vzf/uqe97pu/raw_data/all_categories/SW_DanaExp_21_Nov_2019_1345pm1162.07103702551_1162.89717934761.wav
7582,Exp_01_Feb_2020_1545pm,SW_Dana,713.257053178791,713.824737264301,3300.0,69,Whistle13568,/lustre/fsn1/projects/rech/vzf/uqe97pu/raw_data/all_categories/SW_DanaExp_01_Feb_2020_1545pm713.257053178791_713.824737264301.wav
7546,Exp_06_Feb_2020_1345pm,SW_Dana,1.39610736778508,2.66304951654541,3300.0,68,Whistle13577,/lustre/fsn1/projects/rech/vzf/uqe97pu/raw_data/all_categories/SW_DanaExp_06_Feb_2020_1345pm1.39610736778508_2.66304951654541.wav
7597,Exp_17_Feb_2020_1545pm,SW_Dana,756.387292688766,756.871417152285,3300.0,69,Whistle14072,/lustre/fsn1/projects/rech/vzf/uqe97pu/raw_data/all_categories/SW_DanaExp_17_Feb_2020_1545pm756.387292688766_756.871417152285.wav
7438,Exp_15_Jan_2020_1545pm,SW_Dana,48.2921393476436,49.3801098273484,3300.0,66,Whistle13820,/lustre/fsn1/projects/rech/vzf/uqe97pu/raw_data/all_categories/SW_DanaExp_15_Jan_2020_1545pm48.2921393476436_49.3801098273484.wav
7419,Exp_13_Dec_2019_1545pm,SW_Dana,1057.67832970893,1058.88316509988,3300.0,66,Whistle13762,/lustre/fsn1/projects/rech/vzf/uqe97pu/raw_data/all_categories/SW_DanaExp_13_Dec_2019_1545pm1057.67832970893_1058.88316509988.wav
7440,Exp_16_Feb_2020_1545pm,SW_Dana,368.037683735511,369.105070495093,3300.0,66,Whistle13875,/lustre/fsn1/projects/rech/vzf/uqe97pu/raw_data/all_categories/SW_DanaExp_16_Feb_2020_1545pm368.037683735511_369.105070495093.wav
7388,Exp_15_Feb_2020_1145am,SW_Dana,1796.78695309964,1797.26167671774,3300.0,66,Whistle13618,/lustre/fsn1/projects/rech/vzf/uqe97pu/raw_data/all_categories/SW_DanaExp_15_Feb_2020_1145am1796.78695309964_1797.26167671774.wav
7376,Exp_08_Feb_2020_1045am,SW_Dana,3220.49975909018,3222.23476434777,3300.0,66,Whistle13583,/lustre/fsn1/projects/rech/vzf/uqe97pu/raw_data/all_categories/SW_DanaExp_08_Feb_2020_1045am3220.49975909018_3222.23476434777.wav
7503,Exp_23_Nov_2019_1345pm,SW_Dana,468.588564479311,469.385869094185,3000.0,66,Whistle14055,/lustre/fsn1/projects/rech/vzf/uqe97pu/raw_data/all_categories/SW_DanaExp_23_Nov_2019_1345pm468.588564479311_469.385869094185.wav
7410,Exp_11_Jan_2020_0945am,SW_Dana,697.239481382001,698.346718224106,3300.0,66,Whistle13737,/lustre/fsn1/projects/rech/vzf/uqe97pu/raw_data/all_categories/SW_DanaExp_11_Jan_2020_0945am697.239481382001_698.346718224106.wav
7623,Exp_07_Mar_2020_0945am,SW_Dana,1284.45428218094,1285.45631398306,3000.0,70,Whistle13581,/lustre/fsn1/projects/rech/vzf/uqe97pu/raw_data/all_categories/SW_DanaExp_07_Mar_2020_0945am1284.45428218094_1285.45631398306.wav
7309,Exp_04_Feb_2020_1245pm,SW_Dana,3283.06613442134,3284.04147877395,3300.0,66,Whistle13472,/lustre/fsn1/projects/rech/vzf/uqe97pu/raw_data/all_categories/SW_DanaExp_04_Feb_2020_1245pm3283.06613442134_3284.04147877395.wav
7477,Exp_17_Nov_2019_1545pm,SW_Dana,421.888895883853,422.866134689823,3600.0,66,Whistle13963,/lustre/fsn1/projects/rech/vzf/uqe97pu/raw_data/all_categories/SW_DanaExp_17_Nov_2019_1545pm421.888895883853_422.866134689823.wav
7360,Exp_10_Feb_2020_1545pm,SW_Dana,585.723304274888,587.001742813094,3300.0,66,Whistle13535,/lustre/fsn1/projects/rech/vzf/uqe97pu/raw_data/all_categories/SW_DanaExp_10_Feb_2020_1545pm585.723304274888_587.001742813094.wav
7395,Exp_16_Feb_2020_1545pm,SW_Dana,277.521013063935,278.54468827761,3300.0,66,Whistle13636,/lustre/fsn1/projects/rech/vzf/uqe97pu/raw_data/all_categories/SW_DanaExp_16_Feb_2020_1545pm277.521013063935_278.54468827761.wav
7559,Exp_12_Dec_2019_1045am,SW_Dana,1473.33171080655,1474.24942267095,3300.0,68,Whistle13748,/lustre/fsn1/projects/rech/vzf/uqe97pu/raw_data/all_categories/SW_DanaExp_12_Dec_2019_1045am1473.33171080655_1474.24942267095.wav
7391,Exp_12_Dec_2019_1045am,SW_Dana,3069.52930281607,3070.30670666222,3300.0,66,Whistle13605,/lustre/fsn1/projects/rech/vzf/uqe97pu/raw_data/all_categories/SW_DanaExp_12_Dec_2019_1045am3069.52930281607_3070.30670666222.wav
6066,Exp_02_Mar_2020_1345pm,SW_Luna,1490.95497184991,1492.16360494343,3000.0,43,Whistle7559,/lustre/fsn1/projects/rech/vzf/uqe97pu/raw_data/all_categories/SW_LunaExp_02_Mar_2020_1345pm1490.95497184991_1492.16360494343.wav
6256,Exp_02_Jan_2020_1245pm,SW_Luna,660.827002506068,661.508652752374,3300.0,46,Whistle6047,/lustre/fsn1/projects/rech/vzf/uqe97pu/raw_data/all_categories/SW_LunaExp_02_Jan_2020_1245pm660.827002506068_661.508652752374.wav
6570,Exp_12_Dec_2019_1045am,SW_Luna,3131.87449113482,3133.03444784478,3300.0,53,Whistle8735,/lustre/fsn1/projects/rech/vzf/uqe97pu/raw_data/all_categories/SW_LunaExp_12_Dec_2019_1045am3131.87449113482_3133.03444784478.wav
4333,Exp_01_Jan_2020_0845am,SW_Luna,1007.64012421768,1008.52300710057,3300.0,40,Whistle6512,/lustre/fsn1/projects/rech/vzf/uqe97pu/raw_data/all_categories/SW_LunaExp_01_Jan_2020_0845am1007.64012421768_1008.52300710057.wav
4689,Exp_05_Feb_2020_1345pm,SW_Luna,118.845361955642,119.813103891126,3300.0,40,Whistle7392,/lustre/fsn1/projects/rech/vzf/uqe97pu/raw_data/all_categories/SW_LunaExp_05_Feb_2020_1345pm118.845361955642_119.813103891126.wav
5285,Exp_04_Feb_2020_1145am,SW_Luna,248.759313354622,249.453991320724,3300.0,41,Whistle7030,/lustre/fsn1/projects/rech/vzf/uqe97pu/raw_data/all_categories/SW_LunaExp_04_Feb_2020_1145am248.759313354622_249.453991320724.wav
5876,Exp_17_Jan_2020_0945am,SW_Luna,89.2430998801027,89.9052268615339,3300.0,42,Whistle9078,/lustre/fsn1/projects/rech/vzf/uqe97pu/raw_data/all_categories/SW_LunaExp_17_Jan_2020_0945am89.2430998801027_89.9052268615339.wav
4058,Exp_02_Jan_2020_1345pm,SW_Luna,2257.89363888058,2258.80067013058,3300.0,40,Whistle6176,/lustre/fsn1/projects/rech/vzf/uqe97pu/raw_data/all_categories/SW_LunaExp_02_Jan_2020_1345pm2257.89363888058_2258.80067013058.wav
6564,Exp_12_Dec_2019_1245pm,SW_Luna,3212.21473398404,3213.22973705981,3300.0,53,Whistle8129,/lustre/fsn1/projects/rech/vzf/uqe97pu/raw_data/all_categories/SW_LunaExp_12_Dec_2019_1245pm3212.21473398404_3213.22973705981.wav
4084,Exp_03_Feb_2020_1545pm,SW_Luna,163.436645038985,164.365448866736,3300.0,40,Whistle6208,/lustre/fsn1/projects/rech/vzf/uqe97pu/raw_data/all_categories/SW_LunaExp_03_Feb_2020_1545pm163.436645038985_164.365448866736.wav
6118,Exp_07_Jan_2020_1245pm,SW_Luna,2694.61047947988,2695.69313072544,3300.0,43,Whistle7638,/lustre/fsn1/projects/rech/vzf/uqe97pu/raw_data/all_categories/SW_LunaExp_07_Jan_2020_1245pm2694.61047947988_2695.69313072544.wav
4339,Exp_06_Dec_2019_1345pm,SW_Luna,297.467573715323,298.375945808346,3000.0,40,Whistle6518,/lustre/fsn1/projects/rech/vzf/uqe97pu/raw_data/all_categories/SW_LunaExp_06_Dec_2019_1345pm297.467573715323_298.375945808346.wav
5982,Exp_02_Jan_2020_1245pm,SW_Luna,1692.90846401555,1693.67008682257,3300.0,43,Whistle6964,/lustre/fsn1/projects/rech/vzf/uqe97pu/raw_data/all_categories/SW_LunaExp_02_Jan_2020_1245pm1692.90846401555_1693.67008682257.wav
6566,Exp_11_Feb_2020_1145am,SW_Luna,746.071021353242,747.067228249794,3300.0,53,Whistle8637,/lustre/fsn1/projects/rech/vzf/uqe97pu/raw_data/all_categories/SW_LunaExp_11_Feb_2020_1145am746.071021353242_747.067228249794.wav
4298,Exp_05_Jan_2020_1545pm,SW_Luna,496.763018516905,497.477898241991,3300.0,40,Whistle6469,/lustre/fsn1/projects/rech/vzf/uqe97pu/raw_data/all_categories/SW_LunaExp_05_Jan_2020_1545pm496.763018516905_497.477898241991.wav
6365,Exp_06_Dec_2019_1345pm,SW_Luna,235.770786569289,237.008332581558,3000.0,48,Whistle7740,/lustre/fsn1/projects/rech/vzf/uqe97pu/raw_data/all_categories/SW_LunaExp_06_Dec_2019_1345pm235.770786569289_237.008332581558.wav
6462,Exp_15_Dec_2019_1245pm,SW_Luna,2318.98810377382,2320.23700192197,3300.0,50,Whistle9480,/lustre/fsn1/projects/rech/vzf/uqe97pu/raw_data/all_categories/SW_LunaExp_15_Dec_2019_1245pm2318.98810377382_2320.23700192197.wav
6149,Exp_17_Dec_2019_1045am,SW_Luna,911.449609736807,912.762648871422,3300.0,43,Whistle8276,/lustre/fsn1/projects/rech/vzf/uqe97pu/raw_data/all_categories/SW_LunaExp_17_Dec_2019_1045am911.449609736807_912.762648871422.wav
6189,Exp_05_Jan_2020_1545pm,SW_Luna,498.494007467347,500.076497446563,3300.0,44,Whistle7445,/lustre/fsn1/projects/rech/vzf/uqe97pu/raw_data/all_categories/SW_LunaExp_05_Jan_2020_1545pm498.494007467347_500.076497446563.wav
3772,Exp_17_Dec_2019_1045am,SW_Luna,484.752521291537,485.382778863316,3300.0,40,Whistle10701,/lustre/fsn1/projects/rech/vzf/uqe97pu/raw_data/all_categories/SW_LunaExp_17_Dec_2019_1045am484.752521291537_485.382778863316.wav
3899,Exp_12_Dec_2019_1245pm,SW_Luna,1926.40234914264,1927.48960501512,3300.0,40,Whistle11797,/lustre/fsn1/projects/rech/vzf/uqe97pu/raw_data/all_categories/SW_LunaExp_12_Dec_2019_1245pm1926.40234914264_1927.48960501512.wav
6416,Exp_15_Dec_2019_1245pm,SW_Luna,2056.57501674832,2057.29512389118,3300.0,50,Whistle10559,/lustre/fsn1/projects/rech/vzf/uqe97pu/raw_data/all_categories/SW_LunaExp_15_Dec_2019_1245pm2056.57501674832_2057.29512389118.wav
5747,Exp_17_Jan_2020_1245pm,SW_Luna,3209.45890222733,3209.95466693321,3300.0,42,Whistle12311,/lustre/fsn1/projects/rech/vzf/uqe97pu/raw_data/all_categories/SW_LunaExp_17_Jan_2020_1245pm3209.45890222733_3209.95466693321.wav
4384,Exp_01_Feb_2020_0945am,SW_Luna,827.914236535402,828.79553149943,3300.0,40,Whistle6578,/lustre/fsn1/projects/rech/vzf/uqe97pu/raw_data/all_categories/SW_LunaExp_01_Feb_2020_0945am827.914236535402_828.79553149943.wav
4002,Exp_15_Jan_2020_1045am,SW_Luna,3177.93463010494,3178.94963318071,3300.0,40,Whistle12441,/lustre/fsn1/projects/rech/vzf/uqe97pu/raw_data/all_categories/SW_LunaExp_15_Jan_2020_1045am3177.93463010494_3178.94963318071.wav
5857,Exp_17_Dec_2019_0845am,SW_Luna,972.579673185135,973.312033591226,3300.0,42,Whistle8747,/lustre/fsn1/projects/rech/vzf/uqe97pu/raw_data/all_categories/SW_LunaExp_17_Dec_2019_0845am972.579673185135_973.312033591226.wav
5924,Exp_17_Dec_2019_0945am,SW_Luna,2524.01764853833,2524.85265106864,3300.0,43,Whistle11471,/lustre/fsn1/projects/rech/vzf/uqe97pu/raw_data/all_categories/SW_LunaExp_17_Dec_2019_0945am2524.01764853833_2524.85265106864.wav
6158,Exp_13_Dec_2019_1245pm,SW_Luna,3219.01824751919,3219.46245804551,3300.0,43,Whistle8523,/lustre/fsn1/projects/rech/vzf/uqe97pu/raw_data/all_categories/SW_LunaExp_13_Dec_2019_1245pm3219.01824751919_3219.46245804551.wav
6375,Exp_17_Feb_2020_1545pm,SW_Luna,17.4100533637981,17.5961644749092,3300.0,49,Whistle10118,/lustre/fsn1/projects/rech/vzf/uqe97pu/raw_data/all_categories/SW_LunaExp_17_Feb_2020_1545pm17.4100533637981_17.5961644749092.wav
6121,Exp_07_Jan_2020_1545pm,SW_Luna,1009.83806011533,1010.8159462942,3300.0,43,Whistle7643,/lustre/fsn1/projects/rech/vzf/uqe97pu/raw_data/all_categories/SW_LunaExp_07_Jan_2020_1545pm1009.83806011533_1010.8159462942.wav
4606,Exp_09_Jan_2020_1145am,SW_Luna,346.878663584471,347.716016368394,3300.0,40,Whistle6883,/lustre/fsn1/projects/rech/vzf/uqe97pu/raw_data/all_categories/SW_LunaExp_09_Jan_2020_1145am346.878663584471_347.716016368394.wav
6025,Exp_07_Jan_2020_1245pm,SW_Luna,3024.28161865107,3024.76963421137,3300.0,43,Whistle7224,/lustre/fsn1/projects/rech/vzf/uqe97pu/raw_data/all_categories/SW_LunaExp_07_Jan_2020_1245pm3024.28161865107_3024.76963421137.wav
4610,Exp_09_Jan_2020_1145am,SW_Luna,177.773739684194,178.465488452667,3300.0,40,Whistle6887,/lustre/fsn1/projects/rech/vzf/uqe97pu/raw_data/all_categories/SW_LunaExp_09_Jan_2020_1145am177.773739684194_178.465488452667.wav
5384,Exp_06_Jan_2020_1345pm,SW_Luna,2529.15138139787,2530.11764198419,3300.0,41,Whistle7163,/lustre/fsn1/projects/rech/vzf/uqe97pu/raw_data/all_categories/SW_LunaExp_06_Jan_2020_1345pm2529.15138139787_2530.11764198419.wav
4326,Exp_05_Jan_2020_1545pm,SW_Luna,399.311211246095,400.391164734467,3300.0,40,Whistle6477,/lustre/fsn1/projects/rech/vzf/uqe97pu/raw_data/all_categories/SW_LunaExp_05_Jan_2020_1545pm399.311211246095_400.391164734467.wav
6106,Exp_06_Jan_2020_1345pm,SW_Luna,2608.9995656344,2610.0828667927,3300.0,43,Whistle7613,/lustre/fsn1/projects/rech/vzf/uqe97pu/raw_data/all_categories/SW_LunaExp_06_Jan_2020_1345pm2608.9995656344_2610.0828667927.wav
5996,Exp_04_Feb_2020_0945am,SW_Luna,1242.82346072851,1243.51872790408,3300.0,43,Whistle7024,/lustre/fsn1/projects/rech/vzf/uqe97pu/raw_data/all_categories/SW_LunaExp_04_Feb_2020_0945am1242.82346072851_1243.51872790408.wav
4087,Exp_03_Feb_2020_1545pm,SW_Luna,896.757717447629,897.777668186545,3300.0,40,Whistle6211,/lustre/fsn1/projects/rech/vzf/uqe97pu/raw_data/all_categories/SW_LunaExp_03_Feb_2020_1545pm896.757717447629_897.777668186545.wav
4459,Exp_07_Jan_2020_1345pm,SW_Luna,1984.8695798764,1985.66598330083,3300.0,40,Whistle6686,/lustre/fsn1/projects/rech/vzf/uqe97pu/raw_data/all_categories/SW_LunaExp_07_Jan_2020_1345pm1984.8695798764_1985.66598330083.wav
4016,Exp_06_Jan_2020_0945am,SW_Luna,597.547539187682,598.761782522612,3300.0,40,Whistle6088,/lustre/fsn1/projects/rech/vzf/uqe97pu/raw_data/all_categories/SW_LunaExp_06_Jan_2020_0945am597.547539187682_598.761782522612.wav
5385,Exp_06_Jan_2020_1345pm,SW_Luna,3162.76710916587,3163.49453184629,3300.0,41,Whistle7164,/lustre/fsn1/projects/rech/vzf/uqe97pu/raw_data/all_categories/SW_LunaExp_06_Jan_2020_1345pm3162.76710916587_3163.49453184629.wav
6410,Exp_12_Dec_2019_1045am,SW_Luna,2639.34799802424,2640.35800108485,3300.0,49,Whistle11266,/lustre/fsn1/projects/rech/vzf/uqe97pu/raw_data/all_categories/SW_LunaExp_12_Dec_2019_1045am2639.34799802424_2640.35800108485.wav
5779,Exp_04_Feb_2020_0945am,SW_Luna,1193.39709684429,1194.02709684429,3300.0,42,Whistle7468,/lustre/fsn1/projects/rech/vzf/uqe97pu/raw_data/all_categories/SW_LunaExp_04_Feb_2020_0945am1193.39709684429_1194.02709684429.wav
6264,Exp_02_Jan_2020_1245pm,SW_Luna,2717.11396780525,2718.29083712344,3300.0,46,Whistle6122,/lustre/fsn1/projects/rech/vzf/uqe97pu/raw_data/all_categories/SW_LunaExp_02_Jan_2020_1245pm2717.11396780525_2718.29083712344.wav
4877,Exp_16_Dec_2019_1145am,SW_Luna,778.340837885933,779.157317885933,3300.0,40,Whistle8630,/lustre/fsn1/projects/rech/vzf/uqe97pu/raw_data/all_categories/SW_LunaExp_16_Dec_2019_1145am778.340837885933_779.157317885933.wav
5359,Exp_06_Dec_2019_1345pm,SW_Luna,253.255542912953,253.86580926259,3000.0,41,Whistle7129,/lustre/fsn1/projects/rech/vzf/uqe97pu/raw_data/all_categories/SW_LunaExp_06_Dec_2019_1345pm253.255542912953_253.86580926259.wav
4229,Exp_05_Feb_2020_1345pm,SW_Luna,209.431479511785,210.273186339095,3300.0,40,Whistle6387,/lustre/fsn1/projects/rech/vzf/uqe97pu/raw_data/all_categories/SW_LunaExp_05_Feb_2020_1345pm209.431479511785_210.273186339095.wav
4776,Exp_13_Dec_2019_1245pm,SW_Luna,3206.2447171052,3207.22851003876,3300.0,40,Whistle7972,/lustre/fsn1/projects/rech/vzf/uqe97pu/raw_data/all_categories/SW_LunaExp_13_Dec_2019_1245pm3206.2447171052_3207.22851003876.wav
5869,Exp_17_Jan_2020_1245pm,SW_Luna,1924.11906084859,1924.88578651231,3300.0,42,Whistle8882,/lustre/fsn1/projects/rech/vzf/uqe97pu/raw_data/all_categories/SW_LunaExp_17_Jan_2020_1245pm1924.11906084859_1924.88578651231.wav
6162,Exp_17_Dec_2019_0845am,SW_Luna,886.2141087841,887.061138072803,3300.0,43,Whistle8759,/lustre/fsn1/projects/rech/vzf/uqe97pu/raw_data/all_categories/SW_LunaExp_17_Dec_2019_0845am886.2141087841_887.061138072803.wav
4477,Exp_07_Mar_2020_0845am,SW_Luna,2098.58009562674,2099.70697394985,3000.0,40,Whistle6712,/lustre/fsn1/projects/rech/vzf/uqe97pu/raw_data/all_categories/SW_LunaExp_07_Mar_2020_0845am2098.58009562674_2099.70697394985.wav
4807,Exp_27_Nov_2019_1145am,SW_Luna,290.681655470438,291.452824825276,3000.0,40,Whistle8296,/lustre/fsn1/projects/rech/vzf/uqe97pu/raw_data/all_categories/SW_LunaExp_27_Nov_2019_1145am290.681655470438_291.452824825276.wav
5058,Exp_16_Jan_2020_1245pm,SW_Luna,3191.9062271057,3192.91463046705,3300.0,40,Whistle9720,/lustre/fsn1/projects/rech/vzf/uqe97pu/raw_data/all_categories/SW_LunaExp_16_Jan_2020_1245pm3191.9062271057_3192.91463046705.wav
5561,Exp_14_Dec_2019_0845am,SW_Luna,2897.57135479918,2898.63835149885,3300.0,41,Whistle8539,/lustre/fsn1/projects/rech/vzf/uqe97pu/raw_data/all_categories/SW_LunaExp_14_Dec_2019_0845am2897.57135479918_2898.63835149885.wav
4947,Exp_11_Mar_2020_0945am,SW_Luna,556.475236282061,557.391454356578,3000.0,40,Whistle9064,/lustre/fsn1/projects/rech/vzf/uqe97pu/raw_data/all_categories/SW_LunaExp_11_Mar_2020_0945am556.475236282061_557.391454356578.wav
5155,Exp_11_Mar_2020_1545pm,SW_Luna,673.222244074147,673.587245290818,3000.0,41,Whistle10857,/lustre/fsn1/projects/rech/vzf/uqe97pu/raw_data/all_categories/SW_LunaExp_11_Mar_2020_1545pm673.222244074147_673.587245290818.wav
5564,Exp_16_Nov_2019_1045am,SW_Luna,2700.8092302067,2701.0457916685,3600.0,41,Whistle8713,/lustre/fsn1/projects/rech/vzf/uqe97pu/raw_data/all_categories/SW_LunaExp_16_Nov_2019_1045am2700.8092302067_2701.0457916685.wav
5202,Exp_13_Dec_2019_0945am,SW_Luna,1367.37988917653,1368.05718527154,3300.0,41,Whistle12181,/lustre/fsn1/projects/rech/vzf/uqe97pu/raw_data/all_categories/SW_LunaExp_13_Dec_2019_0945am1367.37988917653_1368.05718527154.wav
6446,Exp_04_Jan_2020_1345pm,SW_Luna,2271.64167225129,2272.49186170042,3300.0,50,Whistle7441,/lustre/fsn1/projects/rech/vzf/uqe97pu/raw_data/all_categories/SW_LunaExp_04_Jan_2020_1345pm2271.64167225129_2272.49186170042.wav
5823,Exp_11_Dec_2019_1145am,SW_Luna,2631.48565027747,2631.87100239015,3300.0,42,Whistle7825,/lustre/fsn1/projects/rech/vzf/uqe97pu/raw_data/all_categories/SW_LunaExp_11_Dec_2019_1145am2631.48565027747_2631.87100239015.wav
5014,Exp_15_Dec_2019_1245pm,SW_Luna,2427.69855816299,2428.86172070716,3300.0,40,Whistle9461,/lustre/fsn1/projects/rech/vzf/uqe97pu/raw_data/all_categories/SW_LunaExp_15_Dec_2019_1245pm2427.69855816299_2428.86172070716.wav
6060,Exp_05_Jan_2020_1045am,SW_Luna,2486.4601137251,2487.51249888411,3300.0,43,Whistle7478,/lustre/fsn1/projects/rech/vzf/uqe97pu/raw_data/all_categories/SW_LunaExp_05_Jan_2020_1045am2486.4601137251_2487.51249888411.wav
4592,Exp_09_Jan_2020_0945am,SW_Luna,544.866651111064,545.934773716428,3300.0,40,Whistle6861,/lustre/fsn1/projects/rech/vzf/uqe97pu/raw_data/all_categories/SW_LunaExp_09_Jan_2020_0945am544.866651111064_545.934773716428.wav
4068,Exp_02_Mar_2020_1345pm,SW_Luna,1878.08514469665,1878.94115176379,3000.0,40,Whistle6187,/lustre/fsn1/projects/rech/vzf/uqe97pu/raw_data/all_categories/SW_LunaExp_02_Mar_2020_1345pm1878.08514469665_1878.94115176379.wav
4696,Exp_08_Jan_2020_1245pm,SW_Luna,2084.21131761005,2085.32628293475,3300.0,40,Whistle7414,/lustre/fsn1/projects/rech/vzf/uqe97pu/raw_data/all_categories/SW_LunaExp_08_Jan_2020_1245pm2084.21131761005_2085.32628293475.wav
3946,Exp_11_Feb_2020_0945am,SW_Luna,862.534724588728,863.416206070209,3300.0,40,Whistle12069,/lustre/fsn1/projects/rech/vzf/uqe97pu/raw_data/all_categories/SW_LunaExp_11_Feb_2020_0945am862.534724588728_863.416206070209.wav
5238,Exp_08_Jan_2020_1345pm,SW_Luna,2378.46290230996,2378.99217504878,3300.0,41,Whistle6105,/lustre/fsn1/projects/rech/vzf/uqe97pu/raw_data/all_categories/SW_LunaExp_08_Jan_2020_1345pm2378.46290230996_2378.99217504878.wav
5071,Exp_17_Dec_2019_0845am,SW_Luna,926.077301662345,926.97278429055,3300.0,40,Whistle9898,/lustre/fsn1/projects/rech/vzf/uqe97pu/raw_data/all_categories/SW_LunaExp_17_Dec_2019_0845am926.077301662345_926.97278429055.wav
6130,Exp_09_Feb_2020_1345pm,SW_Luna,493.657574245796,494.403266553488,3300.0,43,Whistle7661,/lustre/fsn1/projects/rech/vzf/uqe97pu/raw_data/all_categories/SW_LunaExp_09_Feb_2020_1345pm493.657574245796_494.403266553488.wav
3699,Exp_24_Nov_2019_1345pm,SW_Luna,1003.12526554861,1004.41823049314,3000.0,40,Whistle10291,/lustre/fsn1/projects/rech/vzf/uqe97pu/raw_data/all_categories/SW_LunaExp_24_Nov_2019_1345pm1003.12526554861_1004.41823049314.wav
5073,Exp_17_Dec_2019_0845am,SW_Luna,927.843437644887,928.625357287744,3300.0,40,Whistle9899,/lustre/fsn1/projects/rech/vzf/uqe97pu/raw_data/all_categories/SW_LunaExp_17_Dec_2019_0845am927.843437644887_928.625357287744.wav
5760,Exp_08_Jan_2020_1345pm,SW_Luna,561.329166515374,561.980166515374,3300.0,42,Whistle6791,/lustre/fsn1/projects/rech/vzf/uqe97pu/raw_data/all_categories/SW_LunaExp_08_Jan_2020_1345pm561.329166515374_561.980166515374.wav
5530,Exp_12_Dec_2019_1045am,SW_Luna,1971.02298709565,1972.29559260742,3300.0,41,Whistle7887,/lustre/fsn1/projects/rech/vzf/uqe97pu/raw_data/all_categories/SW_LunaExp_12_Dec_2019_1045am1971.02298709565_1972.29559260742.wav
3823,Exp_14_Jan_2020_1045am,SW_Luna,2044.41055834233,2045.30963997498,2194.90133333334,40,Whistle10960,/lustre/fsn1/projects/rech/vzf/uqe97pu/raw_data/all_categories/SW_LunaExp_14_Jan_2020_1045am2044.41055834233_2045.30963997498.wav
5788,Exp_05_Jan_2020_1145am,SW_Luna,746.069820651647,746.800277457725,3300.0,42,Whistle7481,/lustre/fsn1/projects/rech/vzf/uqe97pu/raw_data/all_categories/SW_LunaExp_05_Jan_2020_1145am746.069820651647_746.800277457725.wav
4078,Exp_03_Feb_2020_1345pm,SW_Luna,884.403893280852,885.68591807424,3300.0,40,Whistle6201,/lustre/fsn1/projects/rech/vzf/uqe97pu/raw_data/all_categories/SW_LunaExp_03_Feb_2020_1345pm884.403893280852_885.68591807424.wav
4258,Exp_05_Jan_2020_1145am,SW_Luna,811.434218454036,812.265670480403,3300.0,40,Whistle6422,/lustre/fsn1/projects/rech/vzf/uqe97pu/raw_data/all_categories/SW_LunaExp_05_Jan_2020_1145am811.434218454036_812.265670480403.wav
4551,Exp_09_Dec_2019_1245pm,SW_Luna,3088.40480201448,3089.37930940364,3300.0,40,Whistle6806,/lustre/fsn1/projects/rech/vzf/uqe97pu/raw_data/all_categories/SW_LunaExp_09_Dec_2019_1245pm3088.40480201448_3089.37930940364.wav
6539,Exp_06_Jan_2020_1345pm,SW_Luna,2600.63003809468,2601.13861071689,3300.0,52,Whistle7771,/lustre/fsn1/projects/rech/vzf/uqe97pu/raw_data/all_categories/SW_LunaExp_06_Jan_2020_1345pm2600.63003809468_2601.13861071689.wav
5255,Exp_02_Mar_2020_1345pm,SW_Luna,1027.93440083957,1028.4583855139,3000.0,41,Whistle6981,/lustre/fsn1/projects/rech/vzf/uqe97pu/raw_data/all_categories/SW_LunaExp_02_Mar_2020_1345pm1027.93440083957_1028.4583855139.wav
5481,Exp_01_Mar_2020_1545pm,SW_Luna,2609.32181465068,2609.91585574657,3000.0,41,Whistle7325,/lustre/fsn1/projects/rech/vzf/uqe97pu/raw_data/all_categories/SW_LunaExp_01_Mar_2020_1545pm2609.32181465068_2609.91585574657.wav
5528,Exp_12_Dec_2019_1045am,SW_Luna,1653.73001130306,1654.29501301519,3300.0,41,Whistle8051,/lustre/fsn1/projects/rech/vzf/uqe97pu/raw_data/all_categories/SW_LunaExp_12_Dec_2019_1045am1653.73001130306_1654.29501301519.wav
6353,Exp_03_Jan_2020_1145am,SW_Luna,361.816097018476,363.103949779212,3300.0,48,Whistle7349,/lustre/fsn1/projects/rech/vzf/uqe97pu/raw_data/all_categories/SW_LunaExp_03_Jan_2020_1145am361.816097018476_363.103949779212.wav
5799,Exp_01_Jan_2020_0845am,SW_Luna,1026.93811193367,1027.40300323802,3300.0,42,Whistle7494,/lustre/fsn1/projects/rech/vzf/uqe97pu/raw_data/all_categories/SW_LunaExp_01_Jan_2020_0845am1026.93811193367_1027.40300323802.wav
6298,Exp_07_Dec_2019_1145am,SW_Luna,360.568277943834,361.591063823464,3300.0,46,Whistle7622,/lustre/fsn1/projects/rech/vzf/uqe97pu/raw_data/all_categories/SW_LunaExp_07_Dec_2019_1145am360.568277943834_361.591063823464.wav
6289,Exp_09_Dec_2019_1245pm,SW_Luna,3093.94553084427,3094.86835135709,3300.0,46,Whistle7417,/lustre/fsn1/projects/rech/vzf/uqe97pu/raw_data/all_categories/SW_LunaExp_09_Dec_2019_1245pm3093.94553084427_3094.86835135709.wav
4685,Exp_05_Dec_2019_0945am,SW_Luna,190.827637235457,191.805245078595,3000.0,40,Whistle7387,/lustre/fsn1/projects/rech/vzf/uqe97pu/raw_data/all_categories/SW_LunaExp_05_Dec_2019_0945am190.827637235457_191.805245078595.wav
5626,Exp_25_Nov_2019_0945am,SW_Luna,1167.97208111924,1168.56219028954,3000.0,42,Whistle10313,/lustre/fsn1/projects/rech/vzf/uqe97pu/raw_data/all_categories/SW_LunaExp_25_Nov_2019_0945am1167.97208111924_1168.56219028954.wav
5609,Exp_16_Nov_2019_1045am,SW_Luna,2426.78460428371,2427.45008146213,3600.0,41,Whistle9855,/lustre/fsn1/projects/rech/vzf/uqe97pu/raw_data/all_categories/SW_LunaExp_16_Nov_2019_1045am2426.78460428371_2427.45008146213.wav
4588,Exp_09_Feb_2020_1545pm,SW_Luna,73.2662700902082,74.7142039745057,3300.0,40,Whistle6856,/lustre/fsn1/projects/rech/vzf/uqe97pu/raw_data/all_categories/SW_LunaExp_09_Feb_2020_1545pm73.2662700902082_74.7142039745057.wav
3715,Exp_28_Nov_2019_0945am,SW_Luna,269.177438771634,270.064395293373,3000.0,40,Whistle10377,/lustre/fsn1/projects/rech/vzf/uqe97pu/raw_data/all_categories/SW_LunaExp_28_Nov_2019_0945am269.177438771634_270.064395293373.wav
6108,Exp_07_Dec_2019_1145am,SW_Luna,297.621208273718,298.628871108967,3300.0,43,Whistle7621,/lustre/fsn1/projects/rech/vzf/uqe97pu/raw_data/all_categories/SW_LunaExp_07_Dec_2019_1145am297.621208273718_298.628871108967.wav
6509,Exp_15_Dec_2019_1245pm,SW_Luna,2106.69908663114,2107.19064068519,3300.0,51,Whistle9498,/lustre/fsn1/projects/rech/vzf/uqe97pu/raw_data/all_categories/SW_LunaExp_15_Dec_2019_1245pm2106.69908663114_2107.19064068519.wav
4438,Exp_07_Jan_2020_1045am,SW_Luna,1886.46384444258,1887.3291205162,3300.0,40,Whistle6656,/lustre/fsn1/projects/rech/vzf/uqe97pu/raw_data/all_categories/SW_LunaExp_07_Jan_2020_1045am1886.46384444258_1887.3291205162.wav
6336,Exp_07_Jan_2020_1045am,SW_Luna,2791.1153417579,2792.2817683507,3300.0,47,Whistle7776,/lustre/fsn1/projects/rech/vzf/uqe97pu/raw_data/all_categories/SW_LunaExp_07_Jan_2020_1045am2791.1153417579_2792.2817683507.wav
5387,Exp_06_Mar_2020_1345pm,SW_Luna,981.53830435682,981.920820913112,3000.0,41,Whistle7166,/lustre/fsn1/projects/rech/vzf/uqe97pu/raw_data/all_categories/SW_LunaExp_06_Mar_2020_1345pm981.53830435682_981.920820913112.wav
5159,Exp_24_Nov_2019_1345pm,SW_Luna,1806.31657223704,1806.90322104657,3000.0,41,Whistle11212,/lustre/fsn1/projects/rech/vzf/uqe97pu/raw_data/all_categories/SW_LunaExp_24_Nov_2019_1345pm1806.31657223704_1806.90322104657.wav
5299,Exp_01_Feb_2020_0945am,SW_Luna,923.981770182302,924.535890032489,3300.0,41,Whistle7051,/lustre/fsn1/projects/rech/vzf/uqe97pu/raw_data/all_categories/SW_LunaExp_01_Feb_2020_0945am923.981770182302_924.535890032489.wav
5419,Exp_07_Jan_2020_1045am,SW_Luna,1935.74118526982,1936.20009084922,3300.0,41,Whistle7219,/lustre/fsn1/projects/rech/vzf/uqe97pu/raw_data/all_categories/SW_LunaExp_07_Jan_2020_1045am1935.74118526982_1936.20009084922.wav
5635,Exp_26_Nov_2019_1145am,SW_Luna,382.759345855029,383.329601668982,3000.0,42,Whistle10447,/lustre/fsn1/projects/rech/vzf/uqe97pu/raw_data/all_categories/SW_LunaExp_26_Nov_2019_1145am382.759345855029_383.329601668982.wav
4646,Exp_01_Mar_2020_1745pm,SW_Luna,1830.55045380408,1831.148732041,3000.0,40,Whistle6932,/lustre/fsn1/projects/rech/vzf/uqe97pu/raw_data/all_categories/SW_LunaExp_01_Mar_2020_1745pm1830.55045380408_1831.148732041.wav
5209,Exp_25_Nov_2019_0945am,SW_Luna,1286.37771211067,1286.9842338498,3000.0,41,Whistle12343,/lustre/fsn1/projects/rech/vzf/uqe97pu/raw_data/all_categories/SW_LunaExp_25_Nov_2019_0945am1286.37771211067_1286.9842338498.wav
5643,Exp_13_Dec_2019_1245pm,SW_Luna,2871.66006900115,2872.20342303842,3300.0,42,Whistle10510,/lustre/fsn1/projects/rech/vzf/uqe97pu/raw_data/all_categories/SW_LunaExp_13_Dec_2019_1245pm2871.66006900115_2872.20342303842.wav
4143,Exp_04_Jan_2020_0945am,SW_Luna,1051.35461562654,1052.29555213448,3300.0,40,Whistle6276,/lustre/fsn1/projects/rech/vzf/uqe97pu/raw_data/all_categories/SW_LunaExp_04_Jan_2020_0945am1051.35461562654_1052.29555213448.wav
5671,Exp_16_Nov_2019_1345pm,SW_Luna,155.12927310646,155.715378369618,3600.0,42,Whistle11113,/lustre/fsn1/projects/rech/vzf/uqe97pu/raw_data/all_categories/SW_LunaExp_16_Nov_2019_1345pm155.12927310646_155.715378369618.wav
5004,Exp_15_Dec_2019_1245pm,SW_Luna,2075.80132368106,2076.51125375099,3300.0,40,Whistle9437,/lustre/fsn1/projects/rech/vzf/uqe97pu/raw_data/all_categories/SW_LunaExp_15_Dec_2019_1245pm2075.80132368106_2076.51125375099.wav
4108,Exp_03_Jan_2020_1045am,SW_Luna,2028.41614853378,2029.50110223749,3300.0,40,Whistle6238,/lustre/fsn1/projects/rech/vzf/uqe97pu/raw_data/all_categories/SW_LunaExp_03_Jan_2020_1045am2028.41614853378_2029.50110223749.wav
6580,Exp_16_Jan_2020_1245pm,SW_Luna,3168.18778192303,3168.87900919576,3300.0,53,Whistle9212,/lustre/fsn1/projects/rech/vzf/uqe97pu/raw_data/all_categories/SW_LunaExp_16_Jan_2020_1245pm3168.18778192303_3168.87900919576.wav
4876,Exp_15_Jan_2020_1045am,SW_Luna,3175.94694068843,3176.79905598469,3300.0,40,Whistle8618,/lustre/fsn1/projects/rech/vzf/uqe97pu/raw_data/all_categories/SW_LunaExp_15_Jan_2020_1045am3175.94694068843_3176.79905598469.wav
6333,Exp_02_Mar_2020_1545pm,SW_Luna,142.910477034923,144.098824944229,3000.0,47,Whistle7768,/lustre/fsn1/projects/rech/vzf/uqe97pu/raw_data/all_categories/SW_LunaExp_02_Mar_2020_1545pm142.910477034923_144.098824944229.wav
5980,Exp_02_Feb_2020_1545pm,SW_Luna,66.9464390489516,67.8004770537022,3300.0,43,Whistle6120,/lustre/fsn1/projects/rech/vzf/uqe97pu/raw_data/all_categories/SW_LunaExp_02_Feb_2020_1545pm66.9464390489516_67.8004770537022.wav
5145,Exp_17_Dec_2019_1145am,SW_Luna,2052.22852976127,2052.72727976127,3300.0,41,Whistle10723,/lustre/fsn1/projects/rech/vzf/uqe97pu/raw_data/all_categories/SW_LunaExp_17_Dec_2019_1145am2052.22852976127_2052.72727976127.wav
5043,Exp_14_Jan_2020_1045am,SW_Luna,2130.70919760215,2131.4401402251,2194.90133333334,40,Whistle9665,/lustre/fsn1/projects/rech/vzf/uqe97pu/raw_data/all_categories/SW_LunaExp_14_Jan_2020_1045am2130.70919760215_2131.4401402251.wav
4050,Exp_01_Feb_2020_1045am,SW_Luna,3242.99599959305,3243.67664812861,3300.0,40,Whistle6167,/lustre/fsn1/projects/rech/vzf/uqe97pu/raw_data/all_categories/SW_LunaExp_01_Feb_2020_1045am3242.99599959305_3243.67664812861.wav
6578,Exp_16_Jan_2020_1045am,SW_Luna,2078.07943412752,2079.0012695986,3300.0,53,Whistle9193,/lustre/fsn1/projects/rech/vzf/uqe97pu/raw_data/all_categories/SW_LunaExp_16_Jan_2020_1045am2078.07943412752_2079.0012695986.wav
4205,Exp_05_Feb_2020_1345pm,SW_Luna,198.957388941252,199.95057172998,3300.0,40,Whistle6356,/lustre/fsn1/projects/rech/vzf/uqe97pu/raw_data/all_categories/SW_LunaExp_05_Feb_2020_1345pm198.957388941252_199.95057172998.wav
6090,Exp_05_Feb_2020_1345pm,SW_Luna,39.0901183336919,39.7250789636132,3300.0,43,Whistle7589,/lustre/fsn1/projects/rech/vzf/uqe97pu/raw_data/all_categories/SW_LunaExp_05_Feb_2020_1345pm39.0901183336919_39.7250789636132.wav
4907,Exp_17_Dec_2019_1545pm,SW_Luna,1266.95383986012,1268.00308430457,3300.0,40,Whistle8851,/lustre/fsn1/projects/rech/vzf/uqe97pu/raw_data/all_categories/SW_LunaExp_17_Dec_2019_1545pm1266.95383986012_1268.00308430457.wav
5970,Exp_05_Mar_2020_1545pm,SW_Luna,207.882922837813,209.140662775893,3000.0,43,Whistle6087,/lustre/fsn1/projects/rech/vzf/uqe97pu/raw_data/all_categories/SW_LunaExp_05_Mar_2020_1545pm207.882922837813_209.140662775893.wav
4855,Exp_15_Dec_2019_1245pm,SW_Luna,2413.10903719039,2413.93106305246,3300.0,40,Whistle8571,/lustre/fsn1/projects/rech/vzf/uqe97pu/raw_data/all_categories/SW_LunaExp_15_Dec_2019_1245pm2413.10903719039_2413.93106305246.wav
3826,Exp_16_Jan_2020_1145am,SW_Luna,985.331235973058,986.397112010881,3300.0,40,Whistle11047,/lustre/fsn1/projects/rech/vzf/uqe97pu/raw_data/all_categories/SW_LunaExp_16_Jan_2020_1145am985.331235973058_986.397112010881.wav
4392,Exp_07_Dec_2019_1145am,SW_Luna,968.166644256237,969.092288428017,3300.0,40,Whistle6586,/lustre/fsn1/projects/rech/vzf/uqe97pu/raw_data/all_categories/SW_LunaExp_07_Dec_2019_1145am968.166644256237_969.092288428017.wav
6263,Exp_02_Jan_2020_1245pm,SW_Luna,3240.35481986309,3241.63730565855,3300.0,46,Whistle6121,/lustre/fsn1/projects/rech/vzf/uqe97pu/raw_data/all_categories/SW_LunaExp_02_Jan_2020_1245pm3240.35481986309_3241.63730565855.wav
6309,Exp_07_Jan_2020_1545pm,SW_Luna,1010.61379966944,1012.12804241612,3300.0,46,Whistle7730,/lustre/fsn1/projects/rech/vzf/uqe97pu/raw_data/all_categories/SW_LunaExp_07_Jan_2020_1545pm1010.61379966944_1012.12804241612.wav
5566,Exp_17_Dec_2019_0845am,SW_Luna,889.709792638647,890.22929045524,3300.0,41,Whistle8761,/lustre/fsn1/projects/rech/vzf/uqe97pu/raw_data/all_categories/SW_LunaExp_17_Dec_2019_0845am889.709792638647_890.22929045524.wav
6094,Exp_06_Dec_2019_1345pm,SW_Luna,481.617775769859,482.641563648646,3000.0,43,Whistle7599,/lustre/fsn1/projects/rech/vzf/uqe97pu/raw_data/all_categories/SW_LunaExp_06_Dec_2019_1345pm481.617775769859_482.641563648646.wav
4844,Exp_13_Dec_2019_0945am,SW_Luna,2594.02588695624,2594.86013087009,3300.0,40,Whistle8499,/lustre/fsn1/projects/rech/vzf/uqe97pu/raw_data/all_categories/SW_LunaExp_13_Dec_2019_0945am2594.02588695624_2594.86013087009.wav
4133,Exp_01_Feb_2020_1145am,SW_Luna,2245.33842916668,2246.19175428984,3300.0,40,Whistle6266,/lustre/fsn1/projects/rech/vzf/uqe97pu/raw_data/all_categories/SW_LunaExp_01_Feb_2020_1145am2245.33842916668_2246.19175428984.wav
4134,Exp_04_Jan_2020_0945am,SW_Luna,796.359774606865,797.240142705024,3300.0,40,Whistle6267,/lustre/fsn1/projects/rech/vzf/uqe97pu/raw_data/all_categories/SW_LunaExp_04_Jan_2020_0945am796.359774606865_797.240142705024.wav
6243,Exp_13_Dec_2019_1545pm,SW_Luna,551.712531187354,552.8603662389,3300.0,45,Whistle9372,/lustre/fsn1/projects/rech/vzf/uqe97pu/raw_data/all_categories/SW_LunaExp_13_Dec_2019_1545pm551.712531187354_552.8603662389.wav
4695,Exp_07_Jan_2020_1345pm,SW_Luna,1951.42217001369,1952.36586768811,3300.0,40,Whistle7413,/lustre/fsn1/projects/rech/vzf/uqe97pu/raw_data/all_categories/SW_LunaExp_07_Jan_2020_1345pm1951.42217001369_1952.36586768811.wav
5497,Exp_07_Jan_2020_1345pm,SW_Luna,3057.69926514929,3058.05285489288,3300.0,41,Whistle7552,/lustre/fsn1/projects/rech/vzf/uqe97pu/raw_data/all_categories/SW_LunaExp_07_Jan_2020_1345pm3057.69926514929_3058.05285489288.wav
5262,Exp_02_Mar_2020_1345pm,SW_Luna,2301.03420041786,2301.88618388893,3000.0,41,Whistle6989,/lustre/fsn1/projects/rech/vzf/uqe97pu/raw_data/all_categories/SW_LunaExp_02_Mar_2020_1345pm2301.03420041786_2301.88618388893.wav
3937,Exp_17_Dec_2019_0945am,SW_Luna,2455.98422583193,2456.65941963038,3300.0,40,Whistle12006,/lustre/fsn1/projects/rech/vzf/uqe97pu/raw_data/all_categories/SW_LunaExp_17_Dec_2019_0945am2455.98422583193_2456.65941963038.wav
4324,Exp_06_Dec_2019_1345pm,SW_Luna,221.964574729807,222.819669852062,3000.0,40,Whistle6500,/lustre/fsn1/projects/rech/vzf/uqe97pu/raw_data/all_categories/SW_LunaExp_06_Dec_2019_1345pm221.964574729807_222.819669852062.wav
4175,Exp_04_Jan_2020_1545pm,SW_Luna,1145.39589613556,1146.1806863963,3300.0,40,Whistle6316,/lustre/fsn1/projects/rech/vzf/uqe97pu/raw_data/all_categories/SW_LunaExp_04_Jan_2020_1545pm1145.39589613556_1146.1806863963.wav
3680,Exp_17_Jan_2020_1345pm,SW_Luna,373.658923219834,374.535071629728,3300.0,40,Whistle10162,/lustre/fsn1/projects/rech/vzf/uqe97pu/raw_data/all_categories/SW_LunaExp_17_Jan_2020_1345pm373.658923219834_374.535071629728.wav
6031,Exp_01_Jan_2020_1345pm,SW_Luna,2642.87995024702,2643.6273134311,3300.0,43,Whistle7256,/lustre/fsn1/projects/rech/vzf/uqe97pu/raw_data/all_categories/SW_LunaExp_01_Jan_2020_1345pm2642.87995024702_2643.6273134311.wav
3944,Exp_16_Nov_2019_1345pm,SW_Luna,108.125300903614,109.12439293343,3600.0,40,Whistle11998,/lustre/fsn1/projects/rech/vzf/uqe97pu/raw_data/all_categories/SW_LunaExp_16_Nov_2019_1345pm108.125300903614_109.12439293343.wav
4180,Exp_05_Dec_2019_0945am,SW_Luna,476.718618823302,477.761549857784,3000.0,40,Whistle6324,/lustre/fsn1/projects/rech/vzf/uqe97pu/raw_data/all_categories/SW_LunaExp_05_Dec_2019_0945am476.718618823302_477.761549857784.wav
5886,Exp_13_Dec_2019_1545pm,SW_Luna,571.638179707004,572.455284970162,3300.0,42,Whistle9371,/lustre/fsn1/projects/rech/vzf/uqe97pu/raw_data/all_categories/SW_LunaExp_13_Dec_2019_1545pm571.638179707004_572.455284970162.wav
4098,Exp_03_Jan_2020_1045am,SW_Luna,2022.56319757116,2023.45358311448,3300.0,40,Whistle6225,/lustre/fsn1/projects/rech/vzf/uqe97pu/raw_data/all_categories/SW_LunaExp_03_Jan_2020_1045am2022.56319757116_2023.45358311448.wav
5640,Exp_14_Feb_2020_1345pm,SW_Luna,3174.5519023838,3175.22746254977,3300.0,42,Whistle10531,/lustre/fsn1/projects/rech/vzf/uqe97pu/raw_data/all_categories/SW_LunaExp_14_Feb_2020_1345pm3174.5519023838_3175.22746254977.wav
4545,Exp_09_Dec_2019_1245pm,SW_Luna,3089.69780499049,3090.51933178216,3300.0,40,Whistle6800,/lustre/fsn1/projects/rech/vzf/uqe97pu/raw_data/all_categories/SW_LunaExp_09_Dec_2019_1245pm3089.69780499049_3090.51933178216.wav
4921,Exp_25_Nov_2019_0945am,SW_Luna,1170.12390174634,1171.03860458872,3000.0,40,Whistle8933,/lustre/fsn1/projects/rech/vzf/uqe97pu/raw_data/all_categories/SW_LunaExp_25_Nov_2019_0945am1170.12390174634_1171.03860458872.wav
5008,Exp_14_Jan_2020_1045am,SW_Luna,333.297286962236,334.415131485204,2194.90133333334,40,Whistle9427,/lustre/fsn1/projects/rech/vzf/uqe97pu/raw_data/all_categories/SW_LunaExp_14_Jan_2020_1045am333.297286962236_334.415131485204.wav
4665,13-11-19-1221,SW_Luna,2385.57662826841,2386.59893042668,3600.0,40,Whistle6956,/lustre/fsn1/projects/rech/vzf/uqe97pu/raw_data/all_categories/SW_Luna13-11-19-12212385.57662826841_2386.59893042668.wav
5820,13-11-19-1221,SW_Luna,3159.55877821883,3160.67697010075,3600.0,42,Whistle7745,/lustre/fsn1/projects/rech/vzf/uqe97pu/raw_data/all_categories/SW_Luna13-11-19-12213159.55877821883_3160.67697010075.wav
4634,Exp_09_Jan_2020_1245pm,SW_Luna,2706.89923246941,2707.67469346232,3300.0,40,Whistle6917,/lustre/fsn1/projects/rech/vzf/uqe97pu/raw_data/all_categories/SW_LunaExp_09_Jan_2020_1245pm2706.89923246941_2707.67469346232.wav
6478,Exp_14_Feb_2020_1145am,SW_Luna,195.017304058292,195.899276169846,3300.0,51,Whistle12233,/lustre/fsn1/projects/rech/vzf/uqe97pu/raw_data/all_categories/SW_LunaExp_14_Feb_2020_1145am195.017304058292_195.899276169846.wav
4864,Exp_15_Jan_2020_1045am,SW_Luna,3137.12617380154,3137.90372282114,3300.0,40,Whistle8610,/lustre/fsn1/projects/rech/vzf/uqe97pu/raw_data/all_categories/SW_LunaExp_15_Jan_2020_1045am3137.12617380154_3137.90372282114.wav
5115,Exp_16_Jan_2020_1245pm,SW_Luna,3206.69531945424,3206.95339174339,3300.0,41,Whistle10088,/lustre/fsn1/projects/rech/vzf/uqe97pu/raw_data/all_categories/SW_LunaExp_16_Jan_2020_1245pm3206.69531945424_3206.95339174339.wav
5323,Exp_05_Feb_2020_1345pm,SW_Luna,62.0033739844422,62.4267610812164,3300.0,41,Whistle7084,/lustre/fsn1/projects/rech/vzf/uqe97pu/raw_data/all_categories/SW_LunaExp_05_Feb_2020_1345pm62.0033739844422_62.4267610812164.wav
6059,Exp_01_Feb_2020_1045am,SW_Luna,3258.73156873346,3259.5198312996,3300.0,43,Whistle7462,/lustre/fsn1/projects/rech/vzf/uqe97pu/raw_data/all_categories/SW_LunaExp_01_Feb_2020_1045am3258.73156873346_3259.5198312996.wav
3844,Exp_11_Mar_2020_0945am,SW_Luna,492.050064801919,493.08153808821,3000.0,40,Whistle11394,/lustre/fsn1/projects/rech/vzf/uqe97pu/raw_data/all_categories/SW_LunaExp_11_Mar_2020_0945am492.050064801919_493.08153808821.wav
3789,Exp_17_Dec_2019_1145am,SW_Luna,2045.7745755664,2046.79616647549,3300.0,40,Whistle10738,/lustre/fsn1/projects/rech/vzf/uqe97pu/raw_data/all_categories/SW_LunaExp_17_Dec_2019_1145am2045.7745755664_2046.79616647549.wav
5999,Exp_04_Jan_2020_1045am,SW_Luna,2644.06734791589,2644.69671854526,3300.0,43,Whistle7047,/lustre/fsn1/projects/rech/vzf/uqe97pu/raw_data/all_categories/SW_LunaExp_04_Jan_2020_1045am2644.06734791589_2644.69671854526.wav
5320,Exp_05_Feb_2020_1345pm,SW_Luna,1504.45678208452,1504.93026356601,3300.0,41,Whistle7081,/lustre/fsn1/projects/rech/vzf/uqe97pu/raw_data/all_categories/SW_LunaExp_05_Feb_2020_1345pm1504.45678208452_1504.93026356601.wav
4737,Exp_07_Mar_2020_1345pm,SW_Luna,1700.01066670222,1701.03061744114,3000.0,40,Whistle7742,/lustre/fsn1/projects/rech/vzf/uqe97pu/raw_data/all_categories/SW_LunaExp_07_Mar_2020_1345pm1700.01066670222_1701.03061744114.wav
6165,Exp_25_Nov_2019_0945am,SW_Luna,1264.72155675625,1265.34815250093,3000.0,43,Whistle8962,/lustre/fsn1/projects/rech/vzf/uqe97pu/raw_data/all_categories/SW_LunaExp_25_Nov_2019_0945am1264.72155675625_1265.34815250093.wav
5393,Exp_07_Dec_2019_1145am,SW_Luna,361.799702194985,362.539901952052,3300.0,41,Whistle7178,/lustre/fsn1/projects/rech/vzf/uqe97pu/raw_data/all_categories/SW_LunaExp_07_Dec_2019_1145am361.799702194985_362.539901952052.wav
5911,Exp_18_Nov_2019_1545pm,SW_Luna,931.424196141832,932.81662241529,3600.0,43,Whistle10170,/lustre/fsn1/projects/rech/vzf/uqe97pu/raw_data/all_categories/SW_LunaExp_18_Nov_2019_1545pm931.424196141832_932.81662241529.wav
5466,Exp_09_Feb_2020_1345pm,SW_Luna,162.50895997296,163.229178951062,3300.0,41,Whistle7293,/lustre/fsn1/projects/rech/vzf/uqe97pu/raw_data/all_categories/SW_LunaExp_09_Feb_2020_1345pm162.50895997296_163.229178951062.wav
4754,Exp_17_Dec_2019_1145am,SW_Luna,2405.54952365129,2406.61225258902,3300.0,40,Whistle7849,/lustre/fsn1/projects/rech/vzf/uqe97pu/raw_data/all_categories/SW_LunaExp_17_Dec_2019_1145am2405.54952365129_2406.61225258902.wav
5706,Exp_24_Nov_2019_1345pm,SW_Luna,997.029878766262,997.811391371305,3000.0,42,Whistle11543,/lustre/fsn1/projects/rech/vzf/uqe97pu/raw_data/all_categories/SW_LunaExp_24_Nov_2019_1345pm997.029878766262_997.811391371305.wav
6221,Exp_03_Jan_2020_1045am,SW_Luna,2493.69755847745,2494.89161370169,3300.0,45,Whistle7382,/lustre/fsn1/projects/rech/vzf/uqe97pu/raw_data/all_categories/SW_LunaExp_03_Jan_2020_1045am2493.69755847745_2494.89161370169.wav
6177,Exp_17_Dec_2019_0945am,SW_Luna,2440.86700031614,2441.4123468508,3300.0,43,Whistle9922,/lustre/fsn1/projects/rech/vzf/uqe97pu/raw_data/all_categories/SW_LunaExp_17_Dec_2019_0945am2440.86700031614_2441.4123468508.wav
4154,Exp_04_Jan_2020_1345pm,SW_Luna,2259.30950752679,2260.27680790702,3300.0,40,Whistle6292,/lustre/fsn1/projects/rech/vzf/uqe97pu/raw_data/all_categories/SW_LunaExp_04_Jan_2020_1345pm2259.30950752679_2260.27680790702.wav
4176,Exp_05_Dec_2019_0845am,SW_Luna,2519.24103473147,2520.44336601981,3000.0,40,Whistle6319,/lustre/fsn1/projects/rech/vzf/uqe97pu/raw_data/all_categories/SW_LunaExp_05_Dec_2019_0845am2519.24103473147_2520.44336601981.wav
5120,Exp_25_Nov_2019_0945am,SW_Luna,1311.37835623553,1312.08316723209,3000.0,41,Whistle10300,/lustre/fsn1/projects/rech/vzf/uqe97pu/raw_data/all_categories/SW_LunaExp_25_Nov_2019_0945am1311.37835623553_1312.08316723209.wav
5369,Exp_06_Feb_2020_1345pm,SW_Luna,2322.45757344105,2322.98200358289,3300.0,41,Whistle7145,/lustre/fsn1/projects/rech/vzf/uqe97pu/raw_data/all_categories/SW_LunaExp_06_Feb_2020_1345pm2322.45757344105_2322.98200358289.wav
3842,Exp_16_Nov_2019_1345pm,SW_Luna,5.87286016174204,6.85885404553409,3600.0,40,Whistle11325,/lustre/fsn1/projects/rech/vzf/uqe97pu/raw_data/all_categories/SW_LunaExp_16_Nov_2019_1345pm5.87286016174204_6.85885404553409.wav
5647,Exp_16_Jan_2020_1345pm,SW_Luna,57.0734243835669,57.5632027086901,3300.0,42,Whistle10635,/lustre/fsn1/projects/rech/vzf/uqe97pu/raw_data/all_categories/SW_LunaExp_16_Jan_2020_1345pm57.0734243835669_57.5632027086901.wav
3692,Exp_22_Nov_2019_1545pm,SW_Luna,25.6365583518353,26.5838451735408,3000.0,40,Whistle10263,/lustre/fsn1/projects/rech/vzf/uqe97pu/raw_data/all_categories/SW_LunaExp_22_Nov_2019_1545pm25.6365583518353_26.5838451735408.wav
5772,Exp_02_Jan_2020_1345pm,SW_Luna,1354.00576430361,1354.83728604274,3300.0,42,Whistle7457,/lustre/fsn1/projects/rech/vzf/uqe97pu/raw_data/all_categories/SW_LunaExp_02_Jan_2020_1345pm1354.00576430361_1354.83728604274.wav
4014,Exp_05_Dec_2019_0845am,SW_Luna,2513.57338057793,2514.7025609058,3000.0,40,Whistle6074,/lustre/fsn1/projects/rech/vzf/uqe97pu/raw_data/all_categories/SW_LunaExp_05_Dec_2019_0845am2513.57338057793_2514.7025609058.wav
3851,Exp_11_Mar_2020_1545pm,SW_Luna,672.812244040813,673.821633712175,3000.0,40,Whistle11510,/lustre/fsn1/projects/rech/vzf/uqe97pu/raw_data/all_categories/SW_LunaExp_11_Mar_2020_1545pm672.812244040813_673.821633712175.wav
4325,Exp_06_Dec_2019_1345pm,SW_Luna,256.526549403189,257.61033405455,3000.0,40,Whistle6501,/lustre/fsn1/projects/rech/vzf/uqe97pu/raw_data/all_categories/SW_LunaExp_06_Dec_2019_1345pm256.526549403189_257.61033405455.wav
5968,Exp_05_Jan_2020_1145am,SW_Luna,744.140450614271,745.070547033004,3300.0,43,Whistle6081,/lustre/fsn1/projects/rech/vzf/uqe97pu/raw_data/all_categories/SW_LunaExp_05_Jan_2020_1145am744.140450614271_745.070547033004.wav
5688,Exp_16_Nov_2019_1345pm,SW_Luna,1121.66590278279,1122.3615585205,3600.0,42,Whistle11302,/lustre/fsn1/projects/rech/vzf/uqe97pu/raw_data/all_categories/SW_LunaExp_16_Nov_2019_1345pm1121.66590278279_1122.3615585205.wav
4753,Exp_12_Dec_2019_1045am,SW_Luna,2650.40303273646,2651.46117227135,3300.0,40,Whistle7861,/lustre/fsn1/projects/rech/vzf/uqe97pu/raw_data/all_categories/SW_LunaExp_12_Dec_2019_1045am2650.40303273646_2651.46117227135.wav
4937,Exp_28_Nov_2019_0945am,SW_Luna,349.877287369895,350.889551246249,3000.0,40,Whistle9003,/lustre/fsn1/projects/rech/vzf/uqe97pu/raw_data/all_categories/SW_LunaExp_28_Nov_2019_0945am349.877287369895_350.889551246249.wav
5402,Exp_07_Jan_2020_0945am,SW_Luna,2093.6568537958,2094.29130609262,3300.0,41,Whistle7194,/lustre/fsn1/projects/rech/vzf/uqe97pu/raw_data/all_categories/SW_LunaExp_07_Jan_2020_0945am2093.6568537958_2094.29130609262.wav
6292,Exp_09_Jan_2020_1145am,SW_Luna,152.003499309415,152.830419140638,3300.0,46,Whistle7425,/lustre/fsn1/projects/rech/vzf/uqe97pu/raw_data/all_categories/SW_LunaExp_09_Jan_2020_1145am152.003499309415_152.830419140638.wav
5822,Exp_11_Mar_2020_0945am,SW_Luna,396.378821754406,396.969671754406,3000.0,42,Whistle7817,/lustre/fsn1/projects/rech/vzf/uqe97pu/raw_data/all_categories/SW_LunaExp_11_Mar_2020_0945am396.378821754406_396.969671754406.wav
4035,Exp_01_Feb_2020_1045am,SW_Luna,3207.54158124374,3208.2829448801,3300.0,40,Whistle6150,/lustre/fsn1/projects/rech/vzf/uqe97pu/raw_data/all_categories/SW_LunaExp_01_Feb_2020_1045am3207.54158124374_3208.2829448801.wav
3979,Exp_17_Dec_2019_0945am,SW_Luna,3110.89133516423,3111.59436984631,3300.0,40,Whistle12285,/lustre/fsn1/projects/rech/vzf/uqe97pu/raw_data/all_categories/SW_LunaExp_17_Dec_2019_0945am3110.89133516423_3111.59436984631.wav
5412,Exp_07_Jan_2020_0945am,SW_Luna,2182.24403782307,2182.87828024731,3300.0,41,Whistle7205,/lustre/fsn1/projects/rech/vzf/uqe97pu/raw_data/all_categories/SW_LunaExp_07_Jan_2020_0945am2182.24403782307_2182.87828024731.wav
4701,Exp_01_Mar_2020_1745pm,SW_Luna,2200.23733545778,2200.96863980561,3000.0,40,Whistle7428,/lustre/fsn1/projects/rech/vzf/uqe97pu/raw_data/all_categories/SW_LunaExp_01_Mar_2020_1745pm2200.23733545778_2200.96863980561.wav
4873,Exp_16_Jan_2020_1345pm,SW_Luna,62.5553821002589,63.5649514782494,3300.0,40,Whistle8685,/lustre/fsn1/projects/rech/vzf/uqe97pu/raw_data/all_categories/SW_LunaExp_16_Jan_2020_1345pm62.5553821002589_63.5649514782494.wav
5000,Exp_11_Jan_2020_1145am,SW_Luna,395.71724180801,396.800542966311,3300.0,40,Whistle9383,/lustre/fsn1/projects/rech/vzf/uqe97pu/raw_data/all_categories/SW_LunaExp_11_Jan_2020_1145am395.71724180801_396.800542966311.wav
5045,Exp_16_Jan_2020_1045am,SW_Luna,3295.04781123386,3295.97934833634,3300.0,40,Whistle9680,/lustre/fsn1/projects/rech/vzf/uqe97pu/raw_data/all_categories/SW_LunaExp_16_Jan_2020_1045am3295.04781123386_3295.97934833634.wav
5250,Exp_02_Mar_2020_0845am,SW_Luna,101.029119729193,101.587771044982,3000.0,41,Whistle6973,/lustre/fsn1/projects/rech/vzf/uqe97pu/raw_data/all_categories/SW_LunaExp_02_Mar_2020_0845am101.029119729193_101.587771044982.wav
4517,Exp_08_Jan_2020_1345pm,SW_Luna,610.869739227829,611.589278910369,3300.0,40,Whistle6762,/lustre/fsn1/projects/rech/vzf/uqe97pu/raw_data/all_categories/SW_LunaExp_08_Jan_2020_1345pm610.869739227829_611.589278910369.wav
6126,Exp_08_Jan_2020_1345pm,SW_Luna,2564.287770569,2565.30772130792,3300.0,43,Whistle7654,/lustre/fsn1/projects/rech/vzf/uqe97pu/raw_data/all_categories/SW_LunaExp_08_Jan_2020_1345pm2564.287770569_2565.30772130792.wav
3678,Exp_18_Nov_2019_1545pm,SW_Luna,958.545667752369,959.570349910489,3600.0,40,Whistle10172,/lustre/fsn1/projects/rech/vzf/uqe97pu/raw_data/all_categories/SW_LunaExp_18_Nov_2019_1545pm958.545667752369_959.570349910489.wav
5889,Exp_15_Feb_2020_0945am,SW_Luna,3176.16975482042,3176.83820041628,3300.0,42,Whistle9504,/lustre/fsn1/projects/rech/vzf/uqe97pu/raw_data/all_categories/SW_LunaExp_15_Feb_2020_0945am3176.16975482042_3176.83820041628.wav
4684,Exp_01_Feb_2020_1145am,SW_Luna,2959.79986398282,2960.88728666323,3300.0,40,Whistle7385,/lustre/fsn1/projects/rech/vzf/uqe97pu/raw_data/all_categories/SW_LunaExp_01_Feb_2020_1145am2959.79986398282_2960.88728666323.wav
5374,Exp_06_Feb_2020_1545pm,SW_Luna,1018.12808523662,1018.64799846478,3300.0,41,Whistle7150,/lustre/fsn1/projects/rech/vzf/uqe97pu/raw_data/all_categories/SW_LunaExp_06_Feb_2020_1545pm1018.12808523662_1018.64799846478.wav
6547,Exp_12_Dec_2019_1245pm,SW_Luna,3197.37468901421,3197.6746899233,3300.0,52,Whistle8122,/lustre/fsn1/projects/rech/vzf/uqe97pu/raw_data/all_categories/SW_LunaExp_12_Dec_2019_1245pm3197.37468901421_3197.6746899233.wav
4412,Exp_07_Jan_2020_0945am,SW_Luna,2199.59043716269,2200.24442489275,3300.0,40,Whistle6616,/lustre/fsn1/projects/rech/vzf/uqe97pu/raw_data/all_categories/SW_LunaExp_07_Jan_2020_0945am2199.59043716269_2200.24442489275.wav
5389,Exp_06_Mar_2020_1345pm,SW_Luna,1275.06270597166,1275.47521361692,3000.0,41,Whistle7170,/lustre/fsn1/projects/rech/vzf/uqe97pu/raw_data/all_categories/SW_LunaExp_06_Mar_2020_1345pm1275.06270597166_1275.47521361692.wav
6422,Exp_21_Nov_2019_0845am,SW_Luna,3165.8514034901,3166.86775569135,3600.0,50,Whistle11726,/lustre/fsn1/projects/rech/vzf/uqe97pu/raw_data/all_categories/SW_LunaExp_21_Nov_2019_0845am3165.8514034901_3166.86775569135.wav
4838,Exp_13_Dec_2019_0945am,SW_Luna,1372.38032009972,1373.48912926639,3300.0,40,Whistle8474,/lustre/fsn1/projects/rech/vzf/uqe97pu/raw_data/all_categories/SW_LunaExp_13_Dec_2019_0945am1372.38032009972_1373.48912926639.wav
5462,Exp_09_Dec_2019_1145am,SW_Luna,657.537760298949,657.966951852726,3300.0,41,Whistle7286,/lustre/fsn1/projects/rech/vzf/uqe97pu/raw_data/all_categories/SW_LunaExp_09_Dec_2019_1145am657.537760298949_657.966951852726.wav
6253,Exp_11_Dec_2019_1145am,SW_Luna,2607.2268332306,2608.23786926663,3300.0,46,Whistle12129,/lustre/fsn1/projects/rech/vzf/uqe97pu/raw_data/all_categories/SW_LunaExp_11_Dec_2019_1145am2607.2268332306_2608.23786926663.wav
6138,Exp_04_Jan_2020_1045am,SW_Luna,1414.33645167356,1415.22753414779,3300.0,43,Whistle7722,/lustre/fsn1/projects/rech/vzf/uqe97pu/raw_data/all_categories/SW_LunaExp_04_Jan_2020_1045am1414.33645167356_1415.22753414779.wav
6528,Exp_16_Jan_2020_1245pm,SW_Luna,3167.69459907454,3168.62960190788,3300.0,52,Whistle12557,/lustre/fsn1/projects/rech/vzf/uqe97pu/raw_data/all_categories/SW_LunaExp_16_Jan_2020_1245pm3167.69459907454_3168.62960190788.wav
3810,Exp_13_Dec_2019_1245pm,SW_Luna,2822.35570790387,2823.06849795912,3300.0,40,Whistle10928,/lustre/fsn1/projects/rech/vzf/uqe97pu/raw_data/all_categories/SW_LunaExp_13_Dec_2019_1245pm2822.35570790387_2823.06849795912.wav
5941,Exp_11_Feb_2020_1145am,SW_Luna,577.496749990151,578.441752853797,3300.0,43,Whistle12355,/lustre/fsn1/projects/rech/vzf/uqe97pu/raw_data/all_categories/SW_LunaExp_11_Feb_2020_1145am577.496749990151_578.441752853797.wav
4413,Exp_07_Jan_2020_0945am,SW_Luna,2242.06037129534,2242.68433295669,3300.0,40,Whistle6618,/lustre/fsn1/projects/rech/vzf/uqe97pu/raw_data/all_categories/SW_LunaExp_07_Jan_2020_0945am2242.06037129534_2242.68433295669.wav
6459,Exp_15_Dec_2019_1245pm,SW_Luna,2089.44231844983,2090.25992408364,3300.0,50,Whistle8566,/lustre/fsn1/projects/rech/vzf/uqe97pu/raw_data/all_categories/SW_LunaExp_15_Dec_2019_1245pm2089.44231844983_2090.25992408364.wav
3894,Exp_11_Mar_2020_0945am,SW_Luna,480.876604255348,481.806550201294,3000.0,40,Whistle11765,/lustre/fsn1/projects/rech/vzf/uqe97pu/raw_data/all_categories/SW_LunaExp_11_Mar_2020_0945am480.876604255348_481.806550201294.wav
3966,Exp_14_Jan_2020_1045am,SW_Luna,1996.76024392006,1997.58476653255,2194.90133333334,40,Whistle12200,/lustre/fsn1/projects/rech/vzf/uqe97pu/raw_data/all_categories/SW_LunaExp_14_Jan_2020_1045am1996.76024392006_1997.58476653255.wav
4732,Exp_01_Feb_2020_1045am,SW_Luna,3132.53152256664,3133.29943923331,3300.0,40,Whistle7716,/lustre/fsn1/projects/rech/vzf/uqe97pu/raw_data/all_categories/SW_LunaExp_01_Feb_2020_1045am3132.53152256664_3133.29943923331.wav
5693,Exp_17_Feb_2020_0945am,SW_Luna,456.668058697189,457.243217068229,3300.0,42,Whistle11347,/lustre/fsn1/projects/rech/vzf/uqe97pu/raw_data/all_categories/SW_LunaExp_17_Feb_2020_0945am456.668058697189_457.243217068229.wav
5023,Exp_15_Feb_2020_1245pm,SW_Luna,2185.32337876167,2186.54658822113,3300.0,40,Whistle9516,/lustre/fsn1/projects/rech/vzf/uqe97pu/raw_data/all_categories/SW_LunaExp_15_Feb_2020_1245pm2185.32337876167_2186.54658822113.wav
3721,Exp_28_Nov_2019_1245pm,SW_Luna,2005.03291549023,2006.46166305433,3000.0,40,Whistle10408,/lustre/fsn1/projects/rech/vzf/uqe97pu/raw_data/all_categories/SW_LunaExp_28_Nov_2019_1245pm2005.03291549023_2006.46166305433.wav
4041,Exp_02_Jan_2020_1245pm,SW_Luna,2604.88632264098,2605.73226522048,3300.0,40,Whistle6158,/lustre/fsn1/projects/rech/vzf/uqe97pu/raw_data/all_categories/SW_LunaExp_02_Jan_2020_1245pm2604.88632264098_2605.73226522048.wav
4467,Exp_07_Jan_2020_1345pm,SW_Luna,1940.33891043208,1940.97838692122,3300.0,40,Whistle6700,/lustre/fsn1/projects/rech/vzf/uqe97pu/raw_data/all_categories/SW_LunaExp_07_Jan_2020_1345pm1940.33891043208_1940.97838692122.wav
3859,Exp_12_Dec_2019_0945am,SW_Luna,108.566311188199,109.308180347077,3300.0,40,Whistle11539,/lustre/fsn1/projects/rech/vzf/uqe97pu/raw_data/all_categories/SW_LunaExp_12_Dec_2019_0945am108.566311188199_109.308180347077.wav
4692,Exp_05_Jan_2020_1545pm,SW_Luna,505.411533368283,506.348036864786,3300.0,40,Whistle7397,/lustre/fsn1/projects/rech/vzf/uqe97pu/raw_data/all_categories/SW_LunaExp_05_Jan_2020_1545pm505.411533368283_506.348036864786.wav
3711,Exp_27_Nov_2019_1145am,SW_Luna,105.810353367845,106.773702667335,3000.0,40,Whistle10342,/lustre/fsn1/projects/rech/vzf/uqe97pu/raw_data/all_categories/SW_LunaExp_27_Nov_2019_1145am105.810353367845_106.773702667335.wav
4762,Exp_28_Nov_2019_0945am,SW_Luna,245.914741746319,246.554626361703,3000.0,40,Whistle7904,/lustre/fsn1/projects/rech/vzf/uqe97pu/raw_data/all_categories/SW_LunaExp_28_Nov_2019_0945am245.914741746319_246.554626361703.wav
5123,Exp_25_Nov_2019_0945am,SW_Luna,1317.43792360806,1318.02324470898,3000.0,41,Whistle10304,/lustre/fsn1/projects/rech/vzf/uqe97pu/raw_data/all_categories/SW_LunaExp_25_Nov_2019_0945am1317.43792360806_1318.02324470898.wav
5877,Exp_19_Nov_2019_0945am,SW_Luna,1027.41961925548,1028.24765847116,3600.0,42,Whistle9085,/lustre/fsn1/projects/rech/vzf/uqe97pu/raw_data/all_categories/SW_LunaExp_19_Nov_2019_0945am1027.41961925548_1028.24765847116.wav
3693,Exp_22_Nov_2019_1545pm,SW_Luna,80.757263263592,81.7852403143732,3000.0,40,Whistle10264,/lustre/fsn1/projects/rech/vzf/uqe97pu/raw_data/all_categories/SW_LunaExp_22_Nov_2019_1545pm80.757263263592_81.7852403143732.wav
4764,Exp_28_Nov_2019_0945am,SW_Luna,261.663779304323,262.474488524182,3000.0,40,Whistle7918,/lustre/fsn1/projects/rech/vzf/uqe97pu/raw_data/all_categories/SW_LunaExp_28_Nov_2019_0945am261.663779304323_262.474488524182.wav
6475,Exp_19_Nov_2019_1245pm,SW_Luna,1084.88937561276,1085.90661575613,3600.0,51,Whistle12065,/lustre/fsn1/projects/rech/vzf/uqe97pu/raw_data/all_categories/SW_LunaExp_19_Nov_2019_1245pm1084.88937561276_1085.90661575613.wav
4609,Exp_09_Jan_2020_1145am,SW_Luna,3235.98255107244,3236.63743829048,3300.0,40,Whistle6886,/lustre/fsn1/projects/rech/vzf/uqe97pu/raw_data/all_categories/SW_LunaExp_09_Jan_2020_1145am3235.98255107244_3236.63743829048.wav
4119,Exp_01_Feb_2020_1145am,SW_Luna,2836.76196185006,2837.31548749108,3300.0,40,Whistle6250,/lustre/fsn1/projects/rech/vzf/uqe97pu/raw_data/all_categories/SW_LunaExp_01_Feb_2020_1145am2836.76196185006_2837.31548749108.wav
4127,Exp_04_Feb_2020_0945am,SW_Luna,2917.42026008089,2918.18090027834,3300.0,40,Whistle6260,/lustre/fsn1/projects/rech/vzf/uqe97pu/raw_data/all_categories/SW_LunaExp_04_Feb_2020_0945am2917.42026008089_2918.18090027834.wav
3728,Exp_17_Dec_2019_1145am,SW_Luna,2056.56259894051,2057.76619606281,3300.0,40,Whistle10437,/lustre/fsn1/projects/rech/vzf/uqe97pu/raw_data/all_categories/SW_LunaExp_17_Dec_2019_1145am2056.56259894051_2057.76619606281.wav
4748,Exp_11_Dec_2019_1145am,SW_Luna,2608.21421287456,2609.14785773437,3300.0,40,Whistle7803,/lustre/fsn1/projects/rech/vzf/uqe97pu/raw_data/all_categories/SW_LunaExp_11_Dec_2019_1145am2608.21421287456_2609.14785773437.wav
4299,Exp_05_Jan_2020_1545pm,SW_Luna,499.346514989439,500.178848322773,3300.0,40,Whistle6470,/lustre/fsn1/projects/rech/vzf/uqe97pu/raw_data/all_categories/SW_LunaExp_05_Jan_2020_1545pm499.346514989439_500.178848322773.wav
3741,Exp_11_Jan_2020_1345pm,SW_Luna,1114.87571875616,1116.12335747411,3300.0,40,Whistle10564,/lustre/fsn1/projects/rech/vzf/uqe97pu/raw_data/all_categories/SW_LunaExp_11_Jan_2020_1345pm1114.87571875616_1116.12335747411.wav
6061,Exp_06_Feb_2020_1545pm,SW_Luna,2341.79891535484,2342.34691810966,3300.0,43,Whistle7495,/lustre/fsn1/projects/rech/vzf/uqe97pu/raw_data/all_categories/SW_LunaExp_06_Feb_2020_1545pm2341.79891535484_2342.34691810966.wav
5829,Exp_27_Nov_2019_1145am,SW_Luna,93.4153113843713,93.8253127510425,3000.0,42,Whistle8031,/lustre/fsn1/projects/rech/vzf/uqe97pu/raw_data/all_categories/SW_LunaExp_27_Nov_2019_1145am93.4153113843713_93.8253127510425.wav
5861,Exp_16_Jan_2020_1345pm,SW_Luna,72.5269754360418,73.3486284972663,3300.0,42,Whistle8689,/lustre/fsn1/projects/rech/vzf/uqe97pu/raw_data/all_categories/SW_LunaExp_16_Jan_2020_1345pm72.5269754360418_73.3486284972663.wav
4773,Exp_12_Dec_2019_1245pm,SW_Luna,3173.9296185746,3175.07345125943,3300.0,40,Whistle7964,/lustre/fsn1/projects/rech/vzf/uqe97pu/raw_data/all_categories/SW_LunaExp_12_Dec_2019_1245pm3173.9296185746_3175.07345125943.wav
5899,Exp_16_Jan_2020_1245pm,SW_Luna,3147.60190526249,3148.62911374306,3300.0,42,Whistle9758,/lustre/fsn1/projects/rech/vzf/uqe97pu/raw_data/all_categories/SW_LunaExp_16_Jan_2020_1245pm3147.60190526249_3148.62911374306.wav
4111,Exp_03_Jan_2020_1045am,SW_Luna,2130.01703089887,2130.75262476861,3300.0,40,Whistle6241,/lustre/fsn1/projects/rech/vzf/uqe97pu/raw_data/all_categories/SW_LunaExp_03_Jan_2020_1045am2130.01703089887_2130.75262476861.wav
5092,Exp_17_Dec_2019_1045am,SW_Luna,460.12128479676,460.951361719837,3300.0,40,Whistle9947,/lustre/fsn1/projects/rech/vzf/uqe97pu/raw_data/all_categories/SW_LunaExp_17_Dec_2019_1045am460.12128479676_460.951361719837.wav
4292,Exp_05_Jan_2020_1545pm,SW_Luna,393.382126339437,394.349290518542,3300.0,40,Whistle6461,/lustre/fsn1/projects/rech/vzf/uqe97pu/raw_data/all_categories/SW_LunaExp_05_Jan_2020_1545pm393.382126339437_394.349290518542.wav
6045,Exp_09_Jan_2020_1145am,SW_Luna,340.565172971775,341.160991834665,3300.0,43,Whistle7316,/lustre/fsn1/projects/rech/vzf/uqe97pu/raw_data/all_categories/SW_LunaExp_09_Jan_2020_1145am340.565172971775_341.160991834665.wav
4159,Exp_04_Jan_2020_1345pm,SW_Luna,2277.23330057044,2278.25186880844,3300.0,40,Whistle6298,/lustre/fsn1/projects/rech/vzf/uqe97pu/raw_data/all_categories/SW_LunaExp_04_Jan_2020_1345pm2277.23330057044_2278.25186880844.wav
5214,Exp_17_Dec_2019_1045am,SW_Luna,2583.81562256863,2584.46616481648,3300.0,41,Whistle12162,/lustre/fsn1/projects/rech/vzf/uqe97pu/raw_data/all_categories/SW_LunaExp_17_Dec_2019_1045am2583.81562256863_2584.46616481648.wav
5185,Exp_14_Feb_2020_1345pm,SW_Luna,2756.86125444956,2757.37130444956,3300.0,41,Whistle11587,/lustre/fsn1/projects/rech/vzf/uqe97pu/raw_data/all_categories/SW_LunaExp_14_Feb_2020_1345pm2756.86125444956_2757.37130444956.wav
3750,Exp_13_Dec_2019_1245pm,SW_Luna,2867.92511038037,2868.97700807014,3300.0,40,Whistle10522,/lustre/fsn1/projects/rech/vzf/uqe97pu/raw_data/all_categories/SW_LunaExp_13_Dec_2019_1245pm2867.92511038037_2868.97700807014.wav
3969,Exp_17_Dec_2019_0845am,SW_Luna,887.051673639076,888.072668077375,3300.0,40,Whistle12210,/lustre/fsn1/projects/rech/vzf/uqe97pu/raw_data/all_categories/SW_LunaExp_17_Dec_2019_0845am887.051673639076_888.072668077375.wav
4059,Exp_02_Jan_2020_1345pm,SW_Luna,2255.51897197335,2256.33178750733,3300.0,40,Whistle6177,/lustre/fsn1/projects/rech/vzf/uqe97pu/raw_data/all_categories/SW_LunaExp_02_Jan_2020_1345pm2255.51897197335_2256.33178750733.wav
5593,Exp_17_Dec_2019_1045am,SW_Luna,436.214133200278,436.92563089613,3300.0,41,Whistle8802,/lustre/fsn1/projects/rech/vzf/uqe97pu/raw_data/all_categories/SW_LunaExp_17_Dec_2019_1045am436.214133200278_436.92563089613.wav
3904,Exp_11_Feb_2020_1145am,SW_Luna,748.004280550234,749.13723108027,3300.0,40,Whistle11823,/lustre/fsn1/projects/rech/vzf/uqe97pu/raw_data/all_categories/SW_LunaExp_11_Feb_2020_1145am748.004280550234_749.13723108027.wav
4348,Exp_06_Feb_2020_1145am,SW_Luna,151.164632732189,152.115436317311,3300.0,40,Whistle6527,/lustre/fsn1/projects/rech/vzf/uqe97pu/raw_data/all_categories/SW_LunaExp_06_Feb_2020_1145am151.164632732189_152.115436317311.wav
6399,Exp_12_Mar_2020_1545pm,SW_Luna,640.23713412378,640.752135840453,3000.0,49,Whistle9273,/lustre/fsn1/projects/rech/vzf/uqe97pu/raw_data/all_categories/SW_LunaExp_12_Mar_2020_1545pm640.23713412378_640.752135840453.wav
5678,Exp_19_Nov_2019_1345pm,SW_Luna,252.796775617647,253.429267819073,3600.0,42,Whistle11193,/lustre/fsn1/projects/rech/vzf/uqe97pu/raw_data/all_categories/SW_LunaExp_19_Nov_2019_1345pm252.796775617647_253.429267819073.wav
5677,Exp_19_Nov_2019_1145am,SW_Luna,958.701261221572,959.387616361759,3600.0,42,Whistle11191,/lustre/fsn1/projects/rech/vzf/uqe97pu/raw_data/all_categories/SW_LunaExp_19_Nov_2019_1145am958.701261221572_959.387616361759.wav
3887,Exp_11_Mar_2020_0945am,SW_Luna,549.016831389438,550.031781884487,3000.0,40,Whistle11720,/lustre/fsn1/projects/rech/vzf/uqe97pu/raw_data/all_categories/SW_LunaExp_11_Mar_2020_0945am549.016831389438_550.031781884487.wav
5711,Exp_11_Mar_2020_0945am,SW_Luna,638.567947243998,639.184952954658,3000.0,42,Whistle11624,/lustre/fsn1/projects/rech/vzf/uqe97pu/raw_data/all_categories/SW_LunaExp_11_Mar_2020_0945am638.567947243998_639.184952954658.wav
4680,Exp_02_Jan_2020_1245pm,SW_Luna,2368.04257608763,2369.04478623255,3300.0,40,Whistle7371,/lustre/fsn1/projects/rech/vzf/uqe97pu/raw_data/all_categories/SW_LunaExp_02_Jan_2020_1245pm2368.04257608763_2369.04478623255.wav
4343,Exp_06_Feb_2020_1045am,SW_Luna,717.777176900536,718.857130388908,3300.0,40,Whistle6521,/lustre/fsn1/projects/rech/vzf/uqe97pu/raw_data/all_categories/SW_LunaExp_06_Feb_2020_1045am717.777176900536_718.857130388908.wav
4216,Exp_05_Feb_2020_1345pm,SW_Luna,138.246178258996,139.232646905861,3300.0,40,Whistle6371,/lustre/fsn1/projects/rech/vzf/uqe97pu/raw_data/all_categories/SW_LunaExp_05_Feb_2020_1345pm138.246178258996_139.232646905861.wav
4940,Exp_20_Nov_2019_1145am,SW_Luna,981.214607515362,982.425355178914,3600.0,40,Whistle9033,/lustre/fsn1/projects/rech/vzf/uqe97pu/raw_data/all_categories/SW_LunaExp_20_Nov_2019_1145am981.214607515362_982.425355178914.wav
5364,Exp_06_Dec_2019_1345pm,SW_Luna,343.136426456013,343.549520795635,3000.0,41,Whistle7137,/lustre/fsn1/projects/rech/vzf/uqe97pu/raw_data/all_categories/SW_LunaExp_06_Dec_2019_1345pm343.136426456013_343.549520795635.wav
6505,Exp_16_Nov_2019_1345pm,SW_Luna,1254.29698889091,1254.8571758068,3600.0,51,Whistle8746,/lustre/fsn1/projects/rech/vzf/uqe97pu/raw_data/all_categories/SW_LunaExp_16_Nov_2019_1345pm1254.29698889091_1254.8571758068.wav
5610,Exp_16_Nov_2019_1045am,SW_Luna,2905.22486572863,2905.94532942933,3600.0,41,Whistle9863,/lustre/fsn1/projects/rech/vzf/uqe97pu/raw_data/all_categories/SW_LunaExp_16_Nov_2019_1045am2905.22486572863_2905.94532942933.wav
6227,Exp_04_Jan_2020_1345pm,SW_Luna,2292.68269476862,2293.82538968387,3300.0,45,Whistle7696,/lustre/fsn1/projects/rech/vzf/uqe97pu/raw_data/all_categories/SW_LunaExp_04_Jan_2020_1345pm2292.68269476862_2293.82538968387.wav
4703,Exp_02_Jan_2020_1245pm,SW_Luna,606.753106980782,607.56254224249,3300.0,40,Whistle7456,/lustre/fsn1/projects/rech/vzf/uqe97pu/raw_data/all_categories/SW_LunaExp_02_Jan_2020_1245pm606.753106980782_607.56254224249.wav
6134,Exp_09_Jan_2020_1145am,SW_Luna,123.920375516289,124.940326255206,3300.0,43,Whistle7672,/lustre/fsn1/projects/rech/vzf/uqe97pu/raw_data/all_categories/SW_LunaExp_09_Jan_2020_1145am123.920375516289_124.940326255206.wav
5663,Exp_15_Dec_2019_1245pm,SW_Luna,2053.41863930674,2053.87613930674,3300.0,42,Whistle10966,/lustre/fsn1/projects/rech/vzf/uqe97pu/raw_data/all_categories/SW_LunaExp_15_Dec_2019_1245pm2053.41863930674_2053.87613930674.wav
4126,Exp_03_Mar_2020_1345pm,SW_Luna,1991.09163897213,1992.23159491927,3000.0,40,Whistle6259,/lustre/fsn1/projects/rech/vzf/uqe97pu/raw_data/all_categories/SW_LunaExp_03_Mar_2020_1345pm1991.09163897213_1992.23159491927.wav
5067,Exp_16_Jan_2020_1345pm,SW_Luna,170.163515198531,170.97047172027,3300.0,40,Whistle9803,/lustre/fsn1/projects/rech/vzf/uqe97pu/raw_data/all_categories/SW_LunaExp_16_Jan_2020_1345pm170.163515198531_170.97047172027.wav
6291,Exp_09_Feb_2020_1345pm,SW_Luna,343.483326565925,344.160983708782,3300.0,46,Whistle7420,/lustre/fsn1/projects/rech/vzf/uqe97pu/raw_data/all_categories/SW_LunaExp_09_Feb_2020_1345pm343.483326565925_344.160983708782.wav
4203,Exp_05_Feb_2020_1345pm,SW_Luna,130.372088477587,131.032018419629,3300.0,40,Whistle6352,/lustre/fsn1/projects/rech/vzf/uqe97pu/raw_data/all_categories/SW_LunaExp_05_Feb_2020_1345pm130.372088477587_131.032018419629.wav
6454,Exp_02_Feb_2020_1245pm,SW_Luna,2640.84673744893,2641.50717313358,3300.0,50,Whistle7454,/lustre/fsn1/projects/rech/vzf/uqe97pu/raw_data/all_categories/SW_LunaExp_02_Feb_2020_1245pm2640.84673744893_2641.50717313358.wav
4974,Exp_12_Dec_2019_1045am,SW_Luna,3141.4215000705,3142.4487160599,3300.0,40,Whistle9236,/lustre/fsn1/projects/rech/vzf/uqe97pu/raw_data/all_categories/SW_LunaExp_12_Dec_2019_1045am3141.4215000705_3142.4487160599.wav
5039,Exp_13_Dec_2019_1245pm,SW_Luna,2869.20177735968,2870.03365235968,3300.0,40,Whistle9659,/lustre/fsn1/projects/rech/vzf/uqe97pu/raw_data/all_categories/SW_LunaExp_13_Dec_2019_1245pm2869.20177735968_2870.03365235968.wav
5507,Exp_01_Mar_2020_1745pm,SW_Luna,2201.37960323538,2202.35730966725,3000.0,41,Whistle7676,/lustre/fsn1/projects/rech/vzf/uqe97pu/raw_data/all_categories/SW_LunaExp_01_Mar_2020_1745pm2201.37960323538_2202.35730966725.wav
5907,Exp_16_Nov_2019_1045am,SW_Luna,2908.04477518681,2908.81174766388,3600.0,42,Whistle9864,/lustre/fsn1/projects/rech/vzf/uqe97pu/raw_data/all_categories/SW_LunaExp_16_Nov_2019_1045am2908.04477518681_2908.81174766388.wav
4809,Exp_27_Nov_2019_1145am,SW_Luna,107.044313198358,107.875143587051,3000.0,40,Whistle8230,/lustre/fsn1/projects/rech/vzf/uqe97pu/raw_data/all_categories/SW_LunaExp_27_Nov_2019_1145am107.044313198358_107.875143587051.wav
5085,Exp_16_Nov_2019_1345pm,SW_Luna,8.2100239167331,9.18306558339977,3600.0,40,Whistle9894,/lustre/fsn1/projects/rech/vzf/uqe97pu/raw_data/all_categories/SW_LunaExp_16_Nov_2019_1345pm8.2100239167331_9.18306558339977.wav
6432,Exp_02_Jan_2020_1245pm,SW_Luna,2580.16571447755,2581.36227778104,3300.0,50,Whistle6152,/lustre/fsn1/projects/rech/vzf/uqe97pu/raw_data/all_categories/SW_LunaExp_02_Jan_2020_1245pm2580.16571447755_2581.36227778104.wav
4560,Exp_09_Feb_2020_1345pm,SW_Luna,338.240624517974,339.120992616133,3300.0,40,Whistle6820,/lustre/fsn1/projects/rech/vzf/uqe97pu/raw_data/all_categories/SW_LunaExp_09_Feb_2020_1345pm338.240624517974_339.120992616133.wav
6406,Exp_07_Jan_2020_1345pm,SW_Luna,1984.23707938207,1985.02598485471,3300.0,49,Whistle15658,/lustre/fsn1/projects/rech/vzf/uqe97pu/raw_data/all_categories/SW_LunaExp_07_Jan_2020_1345pm1984.23707938207_1985.02598485471.wav
5802,Exp_07_Dec_2019_1245pm,SW_Luna,2104.60137697387,2104.9991684933,3300.0,42,Whistle7499,/lustre/fsn1/projects/rech/vzf/uqe97pu/raw_data/all_categories/SW_LunaExp_07_Dec_2019_1245pm2104.60137697387_2104.9991684933.wav
5424,Exp_07_Jan_2020_1245pm,SW_Luna,3025.11969550835,3025.52412000191,3300.0,41,Whistle7226,/lustre/fsn1/projects/rech/vzf/uqe97pu/raw_data/all_categories/SW_LunaExp_07_Jan_2020_1245pm3025.11969550835_3025.52412000191.wav
3957,Exp_11_Dec_2019_1145am,SW_Luna,2656.19305028197,2657.02904306175,3300.0,40,Whistle12141,/lustre/fsn1/projects/rech/vzf/uqe97pu/raw_data/all_categories/SW_LunaExp_11_Dec_2019_1145am2656.19305028197_2657.02904306175.wav
4242,Exp_05_Feb_2020_1345pm,SW_Luna,81.4252479552968,82.5052014436689,3300.0,40,Whistle6402,/lustre/fsn1/projects/rech/vzf/uqe97pu/raw_data/all_categories/SW_LunaExp_05_Feb_2020_1345pm81.4252479552968_82.5052014436689.wav
4341,Exp_06_Jan_2020_1345pm,SW_Luna,3166.1318508803,3166.93786591789,3300.0,40,Whistle6559,/lustre/fsn1/projects/rech/vzf/uqe97pu/raw_data/all_categories/SW_LunaExp_06_Jan_2020_1345pm3166.1318508803_3166.93786591789.wav
4624,Exp_09_Jan_2020_1145am,SW_Luna,337.738674953772,338.460326116563,3300.0,40,Whistle6905,/lustre/fsn1/projects/rech/vzf/uqe97pu/raw_data/all_categories/SW_LunaExp_09_Jan_2020_1145am337.738674953772_338.460326116563.wav
4522,Exp_08_Jan_2020_1345pm,SW_Luna,10.3000330304031,11.444989170754,3300.0,40,Whistle6769,/lustre/fsn1/projects/rech/vzf/uqe97pu/raw_data/all_categories/SW_LunaExp_08_Jan_2020_1345pm10.3000330304031_11.444989170754.wav
6179,Exp_23_Nov_2019_1345pm,SW_Luna,559.429735927081,560.761847885303,3000.0,44,Whistle10274,/lustre/fsn1/projects/rech/vzf/uqe97pu/raw_data/all_categories/SW_LunaExp_23_Nov_2019_1345pm559.429735927081_560.761847885303.wav
4155,Exp_04_Jan_2020_1345pm,SW_Luna,2265.59088244086,2266.40585176601,3300.0,40,Whistle6294,/lustre/fsn1/projects/rech/vzf/uqe97pu/raw_data/all_categories/SW_LunaExp_04_Jan_2020_1345pm2265.59088244086_2266.40585176601.wav
3972,Exp_12_Dec_2019_1045am,SW_Luna,2658.97305870624,2659.84300090277,3300.0,40,Whistle12246,/lustre/fsn1/projects/rech/vzf/uqe97pu/raw_data/all_categories/SW_LunaExp_12_Dec_2019_1045am2658.97305870624_2659.84300090277.wav
6014,Exp_06_Dec_2019_1345pm,SW_Luna,165.518356738425,166.470065847468,3000.0,43,Whistle7139,/lustre/fsn1/projects/rech/vzf/uqe97pu/raw_data/all_categories/SW_LunaExp_06_Dec_2019_1345pm165.518356738425_166.470065847468.wav
6038,Exp_09_Feb_2020_1345pm,SW_Luna,470.584709933607,471.641404798257,3300.0,43,Whistle7292,/lustre/fsn1/projects/rech/vzf/uqe97pu/raw_data/all_categories/SW_LunaExp_09_Feb_2020_1345pm470.584709933607_471.641404798257.wav
3718,Exp_28_Nov_2019_1245pm,SW_Luna,2838.43079706464,2839.69942720163,3000.0,40,Whistle10405,/lustre/fsn1/projects/rech/vzf/uqe97pu/raw_data/all_categories/SW_LunaExp_28_Nov_2019_1245pm2838.43079706464_2839.69942720163.wav
4978,Exp_16_Jan_2020_1245pm,SW_Luna,3193.02377883045,3193.90965160823,3300.0,40,Whistle9222,/lustre/fsn1/projects/rech/vzf/uqe97pu/raw_data/all_categories/SW_LunaExp_16_Jan_2020_1245pm3193.02377883045_3193.90965160823.wav
5625,Exp_23_Nov_2019_1545pm,SW_Luna,1161.71766693334,1162.42277642239,3000.0,42,Whistle10276,/lustre/fsn1/projects/rech/vzf/uqe97pu/raw_data/all_categories/SW_LunaExp_23_Nov_2019_1545pm1161.71766693334_1162.42277642239.wav
6532,Exp_12_Dec_2019_1245pm,SW_Luna,3066.36568951413,3066.9255366757,3300.0,52,Whistle12570,/lustre/fsn1/projects/rech/vzf/uqe97pu/raw_data/all_categories/SW_LunaExp_12_Dec_2019_1245pm3066.36568951413_3066.9255366757.wav
3704,Exp_27_Nov_2019_1145am,SW_Luna,152.262775903543,153.100461088728,3000.0,40,Whistle10343,/lustre/fsn1/projects/rech/vzf/uqe97pu/raw_data/all_categories/SW_LunaExp_27_Nov_2019_1145am152.262775903543_153.100461088728.wav
6565,Exp_15_Jan_2020_1245pm,SW_Luna,2824.33355858654,2825.19856120776,3300.0,53,Whistle8374,/lustre/fsn1/projects/rech/vzf/uqe97pu/raw_data/all_categories/SW_LunaExp_15_Jan_2020_1245pm2824.33355858654_2825.19856120776.wav
4950,Exp_17_Jan_2020_1045am,SW_Luna,2163.81787326675,2164.79263329631,3300.0,40,Whistle9079,/lustre/fsn1/projects/rech/vzf/uqe97pu/raw_data/all_categories/SW_LunaExp_17_Jan_2020_1045am2163.81787326675_2164.79263329631.wav
4446,Exp_01_Jan_2020_1245pm,SW_Luna,691.973492991557,692.831399968302,3300.0,40,Whistle6667,/lustre/fsn1/projects/rech/vzf/uqe97pu/raw_data/all_categories/SW_LunaExp_01_Jan_2020_1245pm691.973492991557_692.831399968302.wav
4433,Exp_07_Jan_2020_0945am,SW_Luna,2176.05826919616,2176.74459477756,3300.0,40,Whistle6650,/lustre/fsn1/projects/rech/vzf/uqe97pu/raw_data/all_categories/SW_LunaExp_07_Jan_2020_0945am2176.05826919616_2176.74459477756.wav
5459,Exp_08_Jan_2020_1345pm,SW_Luna,2641.79027073108,2642.57795546014,3300.0,41,Whistle7281,/lustre/fsn1/projects/rech/vzf/uqe97pu/raw_data/all_categories/SW_LunaExp_08_Jan_2020_1345pm2641.79027073108_2642.57795546014.wav
6154,Exp_13_Dec_2019_0945am,SW_Luna,2347.15497017956,2347.72137017956,3300.0,43,Whistle8479,/lustre/fsn1/projects/rech/vzf/uqe97pu/raw_data/all_categories/SW_LunaExp_13_Dec_2019_0945am2347.15497017956_2347.72137017956.wav
4442,Exp_07_Jan_2020_1045am,SW_Luna,2717.09236537757,2717.79119457867,3300.0,40,Whistle6661,/lustre/fsn1/projects/rech/vzf/uqe97pu/raw_data/all_categories/SW_LunaExp_07_Jan_2020_1045am2717.09236537757_2717.79119457867.wav
4246,Exp_05_Feb_2020_1345pm,SW_Luna,315.743097128849,316.720927858016,3300.0,40,Whistle6392,/lustre/fsn1/projects/rech/vzf/uqe97pu/raw_data/all_categories/SW_LunaExp_05_Feb_2020_1345pm315.743097128849_316.720927858016.wav
5378,Exp_06_Jan_2020_1245pm,SW_Luna,1772.51843837352,1773.41526540098,3300.0,41,Whistle7154,/lustre/fsn1/projects/rech/vzf/uqe97pu/raw_data/all_categories/SW_LunaExp_06_Jan_2020_1245pm1772.51843837352_1773.41526540098.wav
3970,Exp_12_Dec_2019_1245pm,SW_Luna,1933.04085830563,1934.10462261234,3300.0,40,Whistle12222,/lustre/fsn1/projects/rech/vzf/uqe97pu/raw_data/all_categories/SW_LunaExp_12_Dec_2019_1245pm1933.04085830563_1934.10462261234.wav
4600,Exp_09_Jan_2020_1145am,SW_Luna,349.799926655009,350.514392063814,3300.0,40,Whistle6875,/lustre/fsn1/projects/rech/vzf/uqe97pu/raw_data/all_categories/SW_LunaExp_09_Jan_2020_1145am349.799926655009_350.514392063814.wav
5759,Exp_07_Jan_2020_1345pm,SW_Luna,1970.10845405945,1970.65679761774,3300.0,42,Whistle6680,/lustre/fsn1/projects/rech/vzf/uqe97pu/raw_data/all_categories/SW_LunaExp_07_Jan_2020_1345pm1970.10845405945_1970.65679761774.wav
5725,Exp_13_Jan_2020_1145am,SW_Luna,55.8708290316358,56.5033140615759,3300.0,42,Whistle11909,/lustre/fsn1/projects/rech/vzf/uqe97pu/raw_data/all_categories/SW_LunaExp_13_Jan_2020_1145am55.8708290316358_56.5033140615759.wav
5910,Exp_11_Mar_2020_0945am,SW_Luna,633.987114623715,634.828722290053,3000.0,43,Whistle10036,/lustre/fsn1/projects/rech/vzf/uqe97pu/raw_data/all_categories/SW_LunaExp_11_Mar_2020_0945am633.987114623715_634.828722290053.wav
4146,Exp_01_Feb_2020_1145am,SW_Luna,2263.79011294116,2264.59182879032,3300.0,40,Whistle6280,/lustre/fsn1/projects/rech/vzf/uqe97pu/raw_data/all_categories/SW_LunaExp_01_Feb_2020_1145am2263.79011294116_2264.59182879032.wav
5506,Exp_09_Jan_2020_1145am,SW_Luna,332.794417729344,333.639624385691,3300.0,41,Whistle7671,/lustre/fsn1/projects/rech/vzf/uqe97pu/raw_data/all_categories/SW_LunaExp_09_Jan_2020_1145am332.794417729344_333.639624385691.wav
4982,Exp_12_Dec_2019_1245pm,SW_Luna,3098.76576206658,3099.7679461821,3300.0,40,Whistle9255,/lustre/fsn1/projects/rech/vzf/uqe97pu/raw_data/all_categories/SW_LunaExp_12_Dec_2019_1245pm3098.76576206658_3099.7679461821.wav
6044,Exp_09_Jan_2020_1145am,SW_Luna,298.393298346954,299.144665868322,3300.0,43,Whistle7314,/lustre/fsn1/projects/rech/vzf/uqe97pu/raw_data/all_categories/SW_LunaExp_09_Jan_2020_1145am298.393298346954_299.144665868322.wav
4105,Exp_03_Jan_2020_1045am,SW_Luna,1390.70627175227,1391.50768304259,3300.0,40,Whistle6233,/lustre/fsn1/projects/rech/vzf/uqe97pu/raw_data/all_categories/SW_LunaExp_03_Jan_2020_1045am1390.70627175227_1391.50768304259.wav
5765,Exp_07_Jan_2020_0945am,SW_Luna,2198.81534666947,2199.19768038624,3300.0,42,Whistle7191,/lustre/fsn1/projects/rech/vzf/uqe97pu/raw_data/all_categories/SW_LunaExp_07_Jan_2020_0945am2198.81534666947_2199.19768038624.wav
5653,Exp_19_Nov_2019_1345pm,SW_Luna,331.440562818032,332.145562818032,3600.0,42,Whistle10773,/lustre/fsn1/projects/rech/vzf/uqe97pu/raw_data/all_categories/SW_LunaExp_19_Nov_2019_1345pm331.440562818032_332.145562818032.wav
6214,Exp_12_Feb_2020_1145am,SW_Luna,291.87779381853,293.085186126222,3300.0,45,Whistle12224,/lustre/fsn1/projects/rech/vzf/uqe97pu/raw_data/all_categories/SW_LunaExp_12_Feb_2020_1145am291.87779381853_293.085186126222.wav
3768,Exp_17_Dec_2019_0945am,SW_Luna,2417.0098085565,2417.90037459424,3300.0,40,Whistle10683,/lustre/fsn1/projects/rech/vzf/uqe97pu/raw_data/all_categories/SW_LunaExp_17_Dec_2019_0945am2417.0098085565_2417.90037459424.wav
6035,Exp_08_Mar_2020_1345pm,SW_Luna,1852.88943989515,1853.46847498287,3000.0,43,Whistle7284,/lustre/fsn1/projects/rech/vzf/uqe97pu/raw_data/all_categories/SW_LunaExp_08_Mar_2020_1345pm1852.88943989515_1853.46847498287.wav
5568,Exp_17_Dec_2019_1045am,SW_Luna,472.079034098,472.799943188909,3300.0,41,Whistle8787,/lustre/fsn1/projects/rech/vzf/uqe97pu/raw_data/all_categories/SW_LunaExp_17_Dec_2019_1045am472.079034098_472.799943188909.wav
4250,Exp_05_Jan_2020_1045am,SW_Luna,950.809752083465,952.077482144815,3300.0,40,Whistle6413,/lustre/fsn1/projects/rech/vzf/uqe97pu/raw_data/all_categories/SW_LunaExp_05_Jan_2020_1045am950.809752083465_952.077482144815.wav
5065,Exp_16_Jan_2020_1345pm,SW_Luna,13.6950421061882,14.5787485738499,3300.0,40,Whistle9794,/lustre/fsn1/projects/rech/vzf/uqe97pu/raw_data/all_categories/SW_LunaExp_16_Jan_2020_1345pm13.6950421061882_14.5787485738499.wav
6357,Exp_08_Jan_2020_1245pm,SW_Luna,1172.67355355622,1173.9835256188,3300.0,48,Whistle7359,/lustre/fsn1/projects/rech/vzf/uqe97pu/raw_data/all_categories/SW_LunaExp_08_Jan_2020_1245pm1172.67355355622_1173.9835256188.wav
4918,Exp_19_Nov_2019_1345pm,SW_Luna,281.988671312044,282.783578144342,3600.0,40,Whistle8905,/lustre/fsn1/projects/rech/vzf/uqe97pu/raw_data/all_categories/SW_LunaExp_19_Nov_2019_1345pm281.988671312044_282.783578144342.wav
3881,Exp_15_Jan_2020_1045am,SW_Luna,3167.22612715683,3168.6145675238,3300.0,40,Whistle11696,/lustre/fsn1/projects/rech/vzf/uqe97pu/raw_data/all_categories/SW_LunaExp_15_Jan_2020_1045am3167.22612715683_3168.6145675238.wav
4961,Exp_12_Dec_2019_1045am,SW_Luna,3167.63608911911,3168.72455970734,3300.0,40,Whistle9149,/lustre/fsn1/projects/rech/vzf/uqe97pu/raw_data/all_categories/SW_LunaExp_12_Dec_2019_1045am3167.63608911911_3168.72455970734.wav
5136,Exp_16_Jan_2020_1245pm,SW_Luna,2467.18952622725,2467.73288026452,3300.0,41,Whistle10609,/lustre/fsn1/projects/rech/vzf/uqe97pu/raw_data/all_categories/SW_LunaExp_16_Jan_2020_1245pm2467.18952622725_2467.73288026452.wav
3759,Exp_17_Dec_2019_0845am,SW_Luna,914.571644423004,915.497737138236,3300.0,40,Whistle10674,/lustre/fsn1/projects/rech/vzf/uqe97pu/raw_data/all_categories/SW_LunaExp_17_Dec_2019_0845am914.571644423004_915.497737138236.wav
5005,Exp_15_Dec_2019_1245pm,SW_Luna,2411.1910158907,2411.82043285183,3300.0,40,Whistle9488,/lustre/fsn1/projects/rech/vzf/uqe97pu/raw_data/all_categories/SW_LunaExp_15_Dec_2019_1245pm2411.1910158907_2411.82043285183.wav
3866,Exp_14_Jan_2020_0945am,SW_Luna,3167.15235740164,3168.13836967158,3300.0,40,Whistle11590,/lustre/fsn1/projects/rech/vzf/uqe97pu/raw_data/all_categories/SW_LunaExp_14_Jan_2020_0945am3167.15235740164_3168.13836967158.wav
6275,Exp_02_Jan_2020_1245pm,SW_Luna,2720.50923802053,2721.33526743229,3300.0,46,Whistle7373,/lustre/fsn1/projects/rech/vzf/uqe97pu/raw_data/all_categories/SW_LunaExp_02_Jan_2020_1245pm2720.50923802053_2721.33526743229.wav
4931,Exp_12_Dec_2019_1045am,SW_Luna,3149.72202541375,3150.72450661675,3300.0,40,Whistle9026,/lustre/fsn1/projects/rech/vzf/uqe97pu/raw_data/all_categories/SW_LunaExp_12_Dec_2019_1045am3149.72202541375_3150.72450661675.wav
4213,Exp_05_Feb_2020_1345pm,SW_Luna,350.903488582812,351.718463084346,3300.0,40,Whistle6364,/lustre/fsn1/projects/rech/vzf/uqe97pu/raw_data/all_categories/SW_LunaExp_05_Feb_2020_1345pm350.903488582812_351.718463084346.wav
5024,Exp_15_Feb_2020_1345pm,SW_Luna,120.032078521129,120.814261921978,3300.0,40,Whistle9527,/lustre/fsn1/projects/rech/vzf/uqe97pu/raw_data/all_categories/SW_LunaExp_15_Feb_2020_1345pm120.032078521129_120.814261921978.wav
4247,Exp_05_Feb_2020_1345pm,SW_Luna,1136.38067661403,1137.21839754426,3300.0,40,Whistle6409,/lustre/fsn1/projects/rech/vzf/uqe97pu/raw_data/all_categories/SW_LunaExp_05_Feb_2020_1345pm1136.38067661403_1137.21839754426.wav
5427,Exp_07_Jan_2020_1345pm,SW_Luna,589.096784535711,589.42408950025,3300.0,41,Whistle7230,/lustre/fsn1/projects/rech/vzf/uqe97pu/raw_data/all_categories/SW_LunaExp_07_Jan_2020_1345pm589.096784535711_589.42408950025.wav
6352,Exp_03_Feb_2020_1345pm,SW_Luna,1437.82435886169,1438.97063985343,3300.0,48,Whistle7347,/lustre/fsn1/projects/rech/vzf/uqe97pu/raw_data/all_categories/SW_LunaExp_03_Feb_2020_1345pm1437.82435886169_1438.97063985343.wav
5388,Exp_06_Mar_2020_1345pm,SW_Luna,1727.05043191713,1727.48396017875,3000.0,41,Whistle7167,/lustre/fsn1/projects/rech/vzf/uqe97pu/raw_data/all_categories/SW_LunaExp_06_Mar_2020_1345pm1727.05043191713_1727.48396017875.wav
5655,Exp_25_Nov_2019_0945am,SW_Luna,1309.40104211652,1310.47265702335,3000.0,42,Whistle10806,/lustre/fsn1/projects/rech/vzf/uqe97pu/raw_data/all_categories/SW_LunaExp_25_Nov_2019_0945am1309.40104211652_1310.47265702335.wav
4848,Exp_27_Nov_2019_1145am,SW_Luna,193.865647552159,194.884665409301,3000.0,40,Whistle8448,/lustre/fsn1/projects/rech/vzf/uqe97pu/raw_data/all_categories/SW_LunaExp_27_Nov_2019_1145am193.865647552159_194.884665409301.wav
4492,Exp_08_Dec_2019_1045am,SW_Luna,1679.66681975323,1680.66353161764,3300.0,40,Whistle6728,/lustre/fsn1/projects/rech/vzf/uqe97pu/raw_data/all_categories/SW_LunaExp_08_Dec_2019_1045am1679.66681975323_1680.66353161764.wav
4739,Exp_09_Jan_2020_1145am,SW_Luna,265.020803699405,266.590374251552,3300.0,40,Whistle7744,/lustre/fsn1/projects/rech/vzf/uqe97pu/raw_data/all_categories/SW_LunaExp_09_Jan_2020_1145am265.020803699405_266.590374251552.wav
5181,Exp_12_Jan_2020_1545pm,SW_Luna,1106.83968023561,1107.4013669826,3300.0,41,Whistle11486,/lustre/fsn1/projects/rech/vzf/uqe97pu/raw_data/all_categories/SW_LunaExp_12_Jan_2020_1545pm1106.83968023561_1107.4013669826.wav
5522,Exp_12_Dec_2019_1045am,SW_Luna,3216.87243199134,3217.49771408354,3300.0,41,Whistle7891,/lustre/fsn1/projects/rech/vzf/uqe97pu/raw_data/all_categories/SW_LunaExp_12_Dec_2019_1045am3216.87243199134_3217.49771408354.wav
5763,Exp_01_Feb_2020_1145am,SW_Luna,2821.84102157713,2822.31325435622,3300.0,42,Whistle6996,/lustre/fsn1/projects/rech/vzf/uqe97pu/raw_data/all_categories/SW_LunaExp_01_Feb_2020_1145am2821.84102157713_2822.31325435622.wav
6074,Exp_03_Jan_2020_1045am,SW_Luna,119.710362758675,120.730323862944,3300.0,43,Whistle7568,/lustre/fsn1/projects/rech/vzf/uqe97pu/raw_data/all_categories/SW_LunaExp_03_Jan_2020_1045am119.710362758675_120.730323862944.wav
5902,Exp_16_Nov_2019_0545am,SW_Luna,2525.7739140665,2526.39017047676,3600.0,42,Whistle9840,/lustre/fsn1/projects/rech/vzf/uqe97pu/raw_data/all_categories/SW_LunaExp_16_Nov_2019_0545am2525.7739140665_2526.39017047676.wav
6504,Exp_16_Dec_2019_1145am,SW_Luna,407.81956886738,408.208994154737,3300.0,51,Whistle8635,/lustre/fsn1/projects/rech/vzf/uqe97pu/raw_data/all_categories/SW_LunaExp_16_Dec_2019_1145am407.81956886738_408.208994154737.wav
4741,Exp_07_Jan_2020_1345pm,SW_Luna,1874.47286615463,1875.31563359649,3300.0,40,Whistle7760,/lustre/fsn1/projects/rech/vzf/uqe97pu/raw_data/all_categories/SW_LunaExp_07_Jan_2020_1345pm1874.47286615463_1875.31563359649.wav
3677,Exp_17_Jan_2020_1545pm,SW_Luna,997.239956850714,998.217176259016,3300.0,40,Whistle10166,/lustre/fsn1/projects/rech/vzf/uqe97pu/raw_data/all_categories/SW_LunaExp_17_Jan_2020_1545pm997.239956850714_998.217176259016.wav
5582,Exp_25_Nov_2019_0945am,SW_Luna,1482.71213884491,1483.28157021746,3000.0,41,Whistle8964,/lustre/fsn1/projects/rech/vzf/uqe97pu/raw_data/all_categories/SW_LunaExp_25_Nov_2019_0945am1482.71213884491_1483.28157021746.wav
4580,Exp_09_Feb_2020_1345pm,SW_Luna,326.043067343929,327.170962883835,3300.0,40,Whistle6845,/lustre/fsn1/projects/rech/vzf/uqe97pu/raw_data/all_categories/SW_LunaExp_09_Feb_2020_1345pm326.043067343929_327.170962883835.wav
6516,Exp_15_Jan_2020_1045am,SW_Luna,3135.60950184698,3136.18950360456,3300.0,52,Whistle11359,/lustre/fsn1/projects/rech/vzf/uqe97pu/raw_data/all_categories/SW_LunaExp_15_Jan_2020_1045am3135.60950184698_3136.18950360456.wav
4988,Exp_13_Dec_2019_1245pm,SW_Luna,2847.34501178899,2848.24708688781,3300.0,40,Whistle9307,/lustre/fsn1/projects/rech/vzf/uqe97pu/raw_data/all_categories/SW_LunaExp_13_Dec_2019_1245pm2847.34501178899_2848.24708688781.wav
5213,Exp_16_Jan_2020_1345pm,SW_Luna,166.345504077285,167.445507410629,3300.0,41,Whistle12460,/lustre/fsn1/projects/rech/vzf/uqe97pu/raw_data/all_categories/SW_LunaExp_16_Jan_2020_1345pm166.345504077285_167.445507410629.wav
6163,Exp_17_Dec_2019_1545pm,SW_Luna,1354.15410470941,1355.17116764647,3300.0,43,Whistle8853,/lustre/fsn1/projects/rech/vzf/uqe97pu/raw_data/all_categories/SW_LunaExp_17_Dec_2019_1545pm1354.15410470941_1355.17116764647.wav
5928,Exp_15_Jan_2020_0945am,SW_Luna,2277.92690341486,2279.34686807917,3300.0,43,Whistle11605,/lustre/fsn1/projects/rech/vzf/uqe97pu/raw_data/all_categories/SW_LunaExp_15_Jan_2020_0945am2277.92690341486_2279.34686807917.wav
3836,Exp_26_Nov_2019_1245pm,SW_Luna,2280.45892775886,2281.10599958206,3000.0,40,Whistle11222,/lustre/fsn1/projects/rech/vzf/uqe97pu/raw_data/all_categories/SW_LunaExp_26_Nov_2019_1245pm2280.45892775886_2281.10599958206.wav
3818,Exp_15_Dec_2019_1245pm,SW_Luna,2079.76452677271,2080.45592864187,3300.0,40,Whistle10970,/lustre/fsn1/projects/rech/vzf/uqe97pu/raw_data/all_categories/SW_LunaExp_15_Dec_2019_1245pm2079.76452677271_2080.45592864187.wav
6403,Exp_09_Jan_2020_1145am,SW_Luna,172.85552441068,173.715644171159,3300.0,49,Whistle15644,/lustre/fsn1/projects/rech/vzf/uqe97pu/raw_data/all_categories/SW_LunaExp_09_Jan_2020_1145am172.85552441068_173.715644171159.wav
3691,Exp_22_Nov_2019_1345pm,SW_Luna,18.7328684629514,19.9249496558738,3600.0,40,Whistle10260,/lustre/fsn1/projects/rech/vzf/uqe97pu/raw_data/all_categories/SW_LunaExp_22_Nov_2019_1345pm18.7328684629514_19.9249496558738.wav
3735,Exp_15_Feb_2020_1345pm,SW_Luna,217.863570447965,219.084606887894,3300.0,40,Whistle10562,/lustre/fsn1/projects/rech/vzf/uqe97pu/raw_data/all_categories/SW_LunaExp_15_Feb_2020_1345pm217.863570447965_219.084606887894.wav
5007,Exp_14_Jan_2020_1045am,SW_Luna,2157.89382961223,2158.93111634662,2194.90133333334,40,Whistle9425,/lustre/fsn1/projects/rech/vzf/uqe97pu/raw_data/all_categories/SW_LunaExp_14_Jan_2020_1045am2157.89382961223_2158.93111634662.wav
4882,Exp_16_Jan_2020_1345pm,SW_Luna,168.350511365186,169.0172118728,3300.0,40,Whistle8695,/lustre/fsn1/projects/rech/vzf/uqe97pu/raw_data/all_categories/SW_LunaExp_16_Jan_2020_1345pm168.350511365186_169.0172118728.wav
3930,Exp_16_Nov_2019_0845am,SW_Luna,2858.04904016171,2858.86647135437,3600.0,40,Whistle11991,/lustre/fsn1/projects/rech/vzf/uqe97pu/raw_data/all_categories/SW_LunaExp_16_Nov_2019_0845am2858.04904016171_2858.86647135437.wav
5305,Exp_04_Jan_2020_1345pm,SW_Luna,1621.70354397973,1622.52987602607,3300.0,41,Whistle7059,/lustre/fsn1/projects/rech/vzf/uqe97pu/raw_data/all_categories/SW_LunaExp_04_Jan_2020_1345pm1621.70354397973_1622.52987602607.wav
4649,Exp_02_Feb_2020_1245pm,SW_Luna,1058.91158153891,1059.72816690477,3300.0,40,Whistle6936,/lustre/fsn1/projects/rech/vzf/uqe97pu/raw_data/all_categories/SW_LunaExp_02_Feb_2020_1245pm1058.91158153891_1059.72816690477.wav
5897,Exp_12_Dec_2019_1045am,SW_Luna,2894.27154844072,2894.78559605977,3300.0,42,Whistle9211,/lustre/fsn1/projects/rech/vzf/uqe97pu/raw_data/all_categories/SW_LunaExp_12_Dec_2019_1045am2894.27154844072_2894.78559605977.wav
4878,Exp_16_Jan_2020_1345pm,SW_Luna,63.5125527641821,64.669695621325,3300.0,40,Whistle8686,/lustre/fsn1/projects/rech/vzf/uqe97pu/raw_data/all_categories/SW_LunaExp_16_Jan_2020_1345pm63.5125527641821_64.669695621325.wav
5588,Exp_17_Dec_2019_1545pm,SW_Luna,1048.52702788761,1049.07587947772,3300.0,41,Whistle9074,/lustre/fsn1/projects/rech/vzf/uqe97pu/raw_data/all_categories/SW_LunaExp_17_Dec_2019_1545pm1048.52702788761_1049.07587947772.wav
6396,Exp_28_Nov_2019_1245pm,SW_Luna,2852.00450668169,2852.64450881503,3000.0,49,Whistle8004,/lustre/fsn1/projects/rech/vzf/uqe97pu/raw_data/all_categories/SW_LunaExp_28_Nov_2019_1245pm2852.00450668169_2852.64450881503.wav
5831,Exp_17_Dec_2019_1145am,SW_Luna,1953.24327785699,1953.87922125321,3300.0,42,Whistle8131,/lustre/fsn1/projects/rech/vzf/uqe97pu/raw_data/all_categories/SW_LunaExp_17_Dec_2019_1145am1953.24327785699_1953.87922125321.wav
5661,Exp_13_Dec_2019_1245pm,SW_Luna,2401.65140641501,2402.17223168572,3300.0,42,Whistle10937,/lustre/fsn1/projects/rech/vzf/uqe97pu/raw_data/all_categories/SW_LunaExp_13_Dec_2019_1245pm2401.65140641501_2402.17223168572.wav
6043,Exp_09_Jan_2020_1145am,SW_Luna,3190.09367462599,3190.89462968217,3300.0,43,Whistle7310,/lustre/fsn1/projects/rech/vzf/uqe97pu/raw_data/all_categories/SW_LunaExp_09_Jan_2020_1145am3190.09367462599_3190.89462968217.wav
3797,Exp_25_Nov_2019_0945am,SW_Luna,1296.74619811441,1297.59369811441,3000.0,40,Whistle10795,/lustre/fsn1/projects/rech/vzf/uqe97pu/raw_data/all_categories/SW_LunaExp_25_Nov_2019_0945am1296.74619811441_1297.59369811441.wav
5157,Exp_17_Jan_2020_1145am,SW_Luna,3003.07294651476,3003.63404541585,3300.0,41,Whistle11176,/lustre/fsn1/projects/rech/vzf/uqe97pu/raw_data/all_categories/SW_LunaExp_17_Jan_2020_1145am3003.07294651476_3003.63404541585.wav
4318,Exp_06_Dec_2019_1345pm,SW_Luna,271.737758047799,272.457852316779,3000.0,40,Whistle6492,/lustre/fsn1/projects/rech/vzf/uqe97pu/raw_data/all_categories/SW_LunaExp_06_Dec_2019_1345pm271.737758047799_272.457852316779.wav
6473,Exp_17_Feb_2020_1145am,SW_Luna,2404.70479795422,2405.45506845628,3300.0,51,Whistle11769,/lustre/fsn1/projects/rech/vzf/uqe97pu/raw_data/all_categories/SW_LunaExp_17_Feb_2020_1145am2404.70479795422_2405.45506845628.wav
6418,Exp_16_Nov_2019_1345pm,SW_Luna,155.547358648371,156.359743969472,3600.0,50,Whistle10653,/lustre/fsn1/projects/rech/vzf/uqe97pu/raw_data/all_categories/SW_LunaExp_16_Nov_2019_1345pm155.547358648371_156.359743969472.wav
6531,Exp_28_Nov_2019_0945am,SW_Luna,376.47625492085,377.416258054193,3000.0,52,Whistle12562,/lustre/fsn1/projects/rech/vzf/uqe97pu/raw_data/all_categories/SW_LunaExp_28_Nov_2019_0945am376.47625492085_377.416258054193.wav
6131,Exp_09_Feb_2020_1345pm,SW_Luna,2013.3182516132,2014.52606920278,3300.0,43,Whistle7662,/lustre/fsn1/projects/rech/vzf/uqe97pu/raw_data/all_categories/SW_LunaExp_09_Feb_2020_1345pm2013.3182516132_2014.52606920278.wav
3782,Exp_18_Nov_2019_1545pm,SW_Luna,938.000217923432,939.057343982754,3600.0,40,Whistle10764,/lustre/fsn1/projects/rech/vzf/uqe97pu/raw_data/all_categories/SW_LunaExp_18_Nov_2019_1545pm938.000217923432_939.057343982754.wav
6347,Exp_23_Nov_2019_1345pm,SW_Luna,560.992741823978,562.411838598172,3000.0,48,Whistle11351,/lustre/fsn1/projects/rech/vzf/uqe97pu/raw_data/all_categories/SW_LunaExp_23_Nov_2019_1345pm560.992741823978_562.411838598172.wav
4202,Exp_05_Feb_2020_1345pm,SW_Luna,129.232047836843,129.765299370586,3300.0,40,Whistle6351,/lustre/fsn1/projects/rech/vzf/uqe97pu/raw_data/all_categories/SW_LunaExp_05_Feb_2020_1345pm129.232047836843_129.765299370586.wav
4964,Exp_12_Dec_2019_1045am,SW_Luna,3161.07597098557,3162.07322373282,3300.0,40,Whistle9146,/lustre/fsn1/projects/rech/vzf/uqe97pu/raw_data/all_categories/SW_LunaExp_12_Dec_2019_1045am3161.07597098557_3162.07322373282.wav
4747,Exp_16_Dec_2019_1345pm,SW_Luna,1190.07076367264,1191.09294428954,3300.0,40,Whistle7858,/lustre/fsn1/projects/rech/vzf/uqe97pu/raw_data/all_categories/SW_LunaExp_16_Dec_2019_1345pm1190.07076367264_1191.09294428954.wav
5662,Exp_14_Jan_2020_1045am,SW_Luna,2006.03801796462,2006.67530120161,2194.90133333334,42,Whistle10959,/lustre/fsn1/projects/rech/vzf/uqe97pu/raw_data/all_categories/SW_LunaExp_14_Jan_2020_1045am2006.03801796462_2006.67530120161.wav
4183,Exp_05_Feb_2020_1345pm,SW_Luna,351.888182446435,353.176035207171,3300.0,40,Whistle6365,/lustre/fsn1/projects/rech/vzf/uqe97pu/raw_data/all_categories/SW_LunaExp_05_Feb_2020_1345pm351.888182446435_353.176035207171.wav
6512,Exp_13_Jan_2020_1145am,SW_Luna,995.366145525315,995.927955341266,3300.0,51,Whistle9660,/lustre/fsn1/projects/rech/vzf/uqe97pu/raw_data/all_categories/SW_LunaExp_13_Jan_2020_1145am995.366145525315_995.927955341266.wav
6426,Exp_12_Dec_2019_1145am,SW_Luna,978.382965402925,979.32165699171,3300.0,50,Whistle12174,/lustre/fsn1/projects/rech/vzf/uqe97pu/raw_data/all_categories/SW_LunaExp_12_Dec_2019_1145am978.382965402925_979.32165699171.wav
5785,Exp_05_Feb_2020_1345pm,SW_Luna,65.6825628356509,66.1773904218578,3300.0,42,Whistle7475,/lustre/fsn1/projects/rech/vzf/uqe97pu/raw_data/all_categories/SW_LunaExp_05_Feb_2020_1345pm65.6825628356509_66.1773904218578.wav
5569,Exp_17_Dec_2019_1045am,SW_Luna,2182.57257365143,2183.3596969391,3300.0,41,Whistle8794,/lustre/fsn1/projects/rech/vzf/uqe97pu/raw_data/all_categories/SW_LunaExp_17_Dec_2019_1045am2182.57257365143_2183.3596969391.wav
6005,Exp_05_Jan_2020_1145am,SW_Luna,737.701324817015,738.124447493594,3300.0,43,Whistle7094,/lustre/fsn1/projects/rech/vzf/uqe97pu/raw_data/all_categories/SW_LunaExp_05_Jan_2020_1145am737.701324817015_738.124447493594.wav
5542,Exp_25_Nov_2019_0945am,SW_Luna,1305.26364557671,1305.7118585731,3000.0,41,Whistle8214,/lustre/fsn1/projects/rech/vzf/uqe97pu/raw_data/all_categories/SW_LunaExp_25_Nov_2019_0945am1305.26364557671_1305.7118585731.wav
3869,Exp_15_Feb_2020_1345pm,SW_Luna,115.3853508647,116.383740695208,3300.0,40,Whistle11600,/lustre/fsn1/projects/rech/vzf/uqe97pu/raw_data/all_categories/SW_LunaExp_15_Feb_2020_1345pm115.3853508647_116.383740695208.wav
5457,Exp_08_Jan_2020_1345pm,SW_Luna,2386.72015144622,2387.29458724389,3300.0,41,Whistle7278,/lustre/fsn1/projects/rech/vzf/uqe97pu/raw_data/all_categories/SW_LunaExp_08_Jan_2020_1345pm2386.72015144622_2387.29458724389.wav
5142,Exp_17_Dec_2019_0845am,SW_Luna,881.364904320834,882.112088786853,3300.0,41,Whistle10679,/lustre/fsn1/projects/rech/vzf/uqe97pu/raw_data/all_categories/SW_LunaExp_17_Dec_2019_0845am881.364904320834_882.112088786853.wav
5360,Exp_01_Jan_2020_1245pm,SW_Luna,1873.37478262975,1874.03563084404,3300.0,41,Whistle7187,/lustre/fsn1/projects/rech/vzf/uqe97pu/raw_data/all_categories/SW_LunaExp_01_Jan_2020_1245pm1873.37478262975_1874.03563084404.wav
5737,Exp_22_Nov_2019_1245pm,SW_Luna,3353.53777106493,3354.16426321152,3600.0,42,Whistle12113,/lustre/fsn1/projects/rech/vzf/uqe97pu/raw_data/all_categories/SW_LunaExp_22_Nov_2019_1245pm3353.53777106493_3354.16426321152.wav
3821,Exp_15_Dec_2019_1245pm,SW_Luna,2428.72907033656,2429.51715323812,3300.0,40,Whistle10988,/lustre/fsn1/projects/rech/vzf/uqe97pu/raw_data/all_categories/SW_LunaExp_15_Dec_2019_1245pm2428.72907033656_2429.51715323812.wav
4071,Exp_02_Mar_2020_1545pm,SW_Luna,146.456772988384,147.494326636125,3000.0,40,Whistle6191,/lustre/fsn1/projects/rech/vzf/uqe97pu/raw_data/all_categories/SW_LunaExp_02_Mar_2020_1545pm146.456772988384_147.494326636125.wav
5605,Exp_15_Dec_2019_1245pm,SW_Luna,2337.29836410018,2337.85507141725,3300.0,41,Whistle9669,/lustre/fsn1/projects/rech/vzf/uqe97pu/raw_data/all_categories/SW_LunaExp_15_Dec_2019_1245pm2337.29836410018_2337.85507141725.wav
6465,Exp_11_Mar_2020_0945am,SW_Luna,431.107856554005,432.035108194425,3000.0,50,Whistle9987,/lustre/fsn1/projects/rech/vzf/uqe97pu/raw_data/all_categories/SW_LunaExp_11_Mar_2020_0945am431.107856554005_432.035108194425.wav
6100,Exp_06_Feb_2020_1345pm,SW_Luna,2324.57407526377,2325.44431768801,3300.0,43,Whistle7605,/lustre/fsn1/projects/rech/vzf/uqe97pu/raw_data/all_categories/SW_LunaExp_06_Feb_2020_1345pm2324.57407526377_2325.44431768801.wav
6482,Exp_07_Mar_2020_0845am,SW_Luna,2097.38886210561,2098.36481302586,3000.0,51,Whistle6710,/lustre/fsn1/projects/rech/vzf/uqe97pu/raw_data/all_categories/SW_LunaExp_07_Mar_2020_0845am2097.38886210561_2098.36481302586.wav
4212,Exp_05_Feb_2020_1345pm,SW_Luna,323.28260690274,324.278686849059,3300.0,40,Whistle6363,/lustre/fsn1/projects/rech/vzf/uqe97pu/raw_data/all_categories/SW_LunaExp_05_Feb_2020_1345pm323.28260690274_324.278686849059.wav
6378,Exp_12_Dec_2019_1045am,SW_Luna,1894.12573977497,1894.34574044164,3300.0,49,Whistle11422,/lustre/fsn1/projects/rech/vzf/uqe97pu/raw_data/all_categories/SW_LunaExp_12_Dec_2019_1045am1894.12573977497_1894.34574044164.wav
3962,Exp_11_Dec_2019_1145am,SW_Luna,2651.1996645057,2652.45735681339,3300.0,40,Whistle12165,/lustre/fsn1/projects/rech/vzf/uqe97pu/raw_data/all_categories/SW_LunaExp_11_Dec_2019_1145am2651.1996645057_2652.45735681339.wav
3800,Exp_28_Nov_2019_0945am,SW_Luna,348.671163570545,349.428855878237,3000.0,40,Whistle10837,/lustre/fsn1/projects/rech/vzf/uqe97pu/raw_data/all_categories/SW_LunaExp_28_Nov_2019_0945am348.671163570545_349.428855878237.wav
4181,Exp_05_Dec_2019_0945am,SW_Luna,104.980351934506,106.148667346693,3000.0,40,Whistle6327,/lustre/fsn1/projects/rech/vzf/uqe97pu/raw_data/all_categories/SW_LunaExp_05_Dec_2019_0945am104.980351934506_106.148667346693.wav
5240,Exp_09_Jan_2020_1145am,SW_Luna,341.076033563738,341.959654253393,3300.0,41,Whistle6115,/lustre/fsn1/projects/rech/vzf/uqe97pu/raw_data/all_categories/SW_LunaExp_09_Jan_2020_1145am341.076033563738_341.959654253393.wav
3920,Exp_15_Jan_2020_1045am,SW_Luna,3137.78184261362,3138.76374025054,3300.0,40,Whistle11942,/lustre/fsn1/projects/rech/vzf/uqe97pu/raw_data/all_categories/SW_LunaExp_15_Jan_2020_1045am3137.78184261362_3138.76374025054.wav
3918,Exp_15_Feb_2020_1345pm,SW_Luna,244.857014689651,245.855698900177,3300.0,40,Whistle11930,/lustre/fsn1/projects/rech/vzf/uqe97pu/raw_data/all_categories/SW_LunaExp_15_Feb_2020_1345pm244.857014689651_245.855698900177.wav
6491,Exp_09_Jan_2020_1145am,SW_Luna,211.385460044636,212.013903570807,3300.0,51,Whistle7554,/lustre/fsn1/projects/rech/vzf/uqe97pu/raw_data/all_categories/SW_LunaExp_09_Jan_2020_1145am211.385460044636_212.013903570807.wav
4843,Exp_13_Dec_2019_0945am,SW_Luna,2345.99533187157,2346.8002905919,3300.0,40,Whistle8493,/lustre/fsn1/projects/rech/vzf/uqe97pu/raw_data/all_categories/SW_LunaExp_13_Dec_2019_0945am2345.99533187157_2346.8002905919.wav
6183,Exp_02_Jan_2020_1245pm,SW_Luna,2594.19286058443,2595.86784102978,3300.0,44,Whistle7340,/lustre/fsn1/projects/rech/vzf/uqe97pu/raw_data/all_categories/SW_LunaExp_02_Jan_2020_1245pm2594.19286058443_2595.86784102978.wav
4215,Exp_05_Feb_2020_1345pm,SW_Luna,34.973101078494,36.2190914166582,3300.0,40,Whistle6370,/lustre/fsn1/projects/rech/vzf/uqe97pu/raw_data/all_categories/SW_LunaExp_05_Feb_2020_1345pm34.973101078494_36.2190914166582.wav
4169,Exp_04_Jan_2020_1345pm,SW_Luna,2278.3899695364,2279.26032557355,3300.0,40,Whistle6309,/lustre/fsn1/projects/rech/vzf/uqe97pu/raw_data/all_categories/SW_LunaExp_04_Jan_2020_1345pm2278.3899695364_2279.26032557355.wav
4389,Exp_07_Dec_2019_1145am,SW_Luna,965.095500544462,966.12678888802,3300.0,40,Whistle6583,/lustre/fsn1/projects/rech/vzf/uqe97pu/raw_data/all_categories/SW_LunaExp_07_Dec_2019_1145am965.095500544462_966.12678888802.wav
4220,Exp_05_Feb_2020_1345pm,SW_Luna,598.688022860084,599.915577039651,3300.0,40,Whistle6377,/lustre/fsn1/projects/rech/vzf/uqe97pu/raw_data/all_categories/SW_LunaExp_05_Feb_2020_1345pm598.688022860084_599.915577039651.wav
4479,Exp_07_Mar_2020_1145am,SW_Luna,2308.47918053719,2309.34526460669,3000.0,40,Whistle6714,/lustre/fsn1/projects/rech/vzf/uqe97pu/raw_data/all_categories/SW_LunaExp_07_Mar_2020_1145am2308.47918053719_2309.34526460669.wav
4677,Exp_08_Dec_2019_1045am,SW_Luna,1962.19100569876,1962.84091575104,3300.0,40,Whistle7246,/lustre/fsn1/projects/rech/vzf/uqe97pu/raw_data/all_categories/SW_LunaExp_08_Dec_2019_1045am1962.19100569876_1962.84091575104.wav
6249,Exp_22_Nov_2019_1545pm,SW_Luna,90.6562030676769,91.8340030676769,3000.0,46,Whistle10788,/lustre/fsn1/projects/rech/vzf/uqe97pu/raw_data/all_categories/SW_LunaExp_22_Nov_2019_1545pm90.6562030676769_91.8340030676769.wav
6181,Exp_15_Dec_2019_1245pm,SW_Luna,2090.04906201332,2091.51008555154,3300.0,44,Whistle11802,/lustre/fsn1/projects/rech/vzf/uqe97pu/raw_data/all_categories/SW_LunaExp_15_Dec_2019_1245pm2090.04906201332_2091.51008555154.wav
6010,Exp_01_Feb_2020_1545pm,SW_Luna,1625.27634395763,1626.11270411089,3300.0,43,Whistle7128,/lustre/fsn1/projects/rech/vzf/uqe97pu/raw_data/all_categories/SW_LunaExp_01_Feb_2020_1545pm1625.27634395763_1626.11270411089.wav
3905,Exp_15_Jan_2020_1245pm,SW_Luna,3123.60230680116,3124.2594106263,3300.0,40,Whistle11741,/lustre/fsn1/projects/rech/vzf/uqe97pu/raw_data/all_categories/SW_LunaExp_15_Jan_2020_1245pm3123.60230680116_3124.2594106263.wav
6028,Exp_08_Dec_2019_1045am,SW_Luna,2425.88155621918,2426.5668535603,3300.0,43,Whistle7245,/lustre/fsn1/projects/rech/vzf/uqe97pu/raw_data/all_categories/SW_LunaExp_08_Dec_2019_1045am2425.88155621918_2426.5668535603.wav
3787,Exp_17_Dec_2019_1145am,SW_Luna,2046.77188948944,2047.93117334361,3300.0,40,Whistle10722,/lustre/fsn1/projects/rech/vzf/uqe97pu/raw_data/all_categories/SW_LunaExp_17_Dec_2019_1145am2046.77188948944_2047.93117334361.wav
5993,Exp_03_Jan_2020_1145am,SW_Luna,1736.96899253159,1737.52849113989,3300.0,43,Whistle7018,/lustre/fsn1/projects/rech/vzf/uqe97pu/raw_data/all_categories/SW_LunaExp_03_Jan_2020_1145am1736.96899253159_1737.52849113989.wav
4559,Exp_09_Feb_2020_1345pm,SW_Luna,337.064827767453,337.7137889446,3300.0,40,Whistle6819,/lustre/fsn1/projects/rech/vzf/uqe97pu/raw_data/all_categories/SW_LunaExp_09_Feb_2020_1345pm337.064827767453_337.7137889446.wav
5260,Exp_02_Mar_2020_1345pm,SW_Luna,1874.70451538076,1875.2028487141,3000.0,41,Whistle6987,/lustre/fsn1/projects/rech/vzf/uqe97pu/raw_data/all_categories/SW_LunaExp_02_Mar_2020_1345pm1874.70451538076_1875.2028487141.wav
6435,Exp_05_Feb_2020_1345pm,SW_Luna,180.148121916042,181.1039501369,3300.0,50,Whistle6355,/lustre/fsn1/projects/rech/vzf/uqe97pu/raw_data/all_categories/SW_LunaExp_05_Feb_2020_1345pm180.148121916042_181.1039501369.wav
3902,Exp_12_Dec_2019_1045am,SW_Luna,1596.54483862072,1597.79382412797,3300.0,40,Whistle11814,/lustre/fsn1/projects/rech/vzf/uqe97pu/raw_data/all_categories/SW_LunaExp_12_Dec_2019_1045am1596.54483862072_1597.79382412797.wav
5110,Exp_11_Mar_2020_0945am,SW_Luna,478.537290049538,479.545453314844,3000.0,40,Whistle9981,/lustre/fsn1/projects/rech/vzf/uqe97pu/raw_data/all_categories/SW_LunaExp_11_Mar_2020_0945am478.537290049538_479.545453314844.wav
5191,Exp_14_Jan_2020_1045am,SW_Luna,1700.89112995607,1701.78182127439,2194.90133333334,41,Whistle11736,/lustre/fsn1/projects/rech/vzf/uqe97pu/raw_data/all_categories/SW_LunaExp_14_Jan_2020_1045am1700.89112995607_1701.78182127439.wav
4450,Exp_07_Jan_2020_1245pm,SW_Luna,3182.28964512014,3183.76916959425,3300.0,40,Whistle6672,/lustre/fsn1/projects/rech/vzf/uqe97pu/raw_data/all_categories/SW_LunaExp_07_Jan_2020_1245pm3182.28964512014_3183.76916959425.wav
4666,Exp_02_Jan_2020_0845am,SW_Luna,1226.22489115158,1227.24367376028,3300.0,40,Whistle6957,/lustre/fsn1/projects/rech/vzf/uqe97pu/raw_data/all_categories/SW_LunaExp_02_Jan_2020_0845am1226.22489115158_1227.24367376028.wav
3816,Exp_15_Dec_2019_1245pm,SW_Luna,2066.38414089776,2067.09121160483,3300.0,40,Whistle10967,/lustre/fsn1/projects/rech/vzf/uqe97pu/raw_data/all_categories/SW_LunaExp_15_Dec_2019_1245pm2066.38414089776_2067.09121160483.wav
6034,Exp_08_Jan_2020_1345pm,SW_Luna,2639.87437850125,2640.6671124914,3300.0,43,Whistle7280,/lustre/fsn1/projects/rech/vzf/uqe97pu/raw_data/all_categories/SW_LunaExp_08_Jan_2020_1345pm2639.87437850125_2640.6671124914.wav
5690,Exp_16_Nov_2019_1345pm,SW_Luna,35.0572587949985,35.7228520153375,3600.0,42,Whistle11320,/lustre/fsn1/projects/rech/vzf/uqe97pu/raw_data/all_categories/SW_LunaExp_16_Nov_2019_1345pm35.0572587949985_35.7228520153375.wav
6581,Exp_16_Dec_2019_1145am,SW_Luna,383.191161791399,384.224461386541,3300.0,53,Whistle9269,/lustre/fsn1/projects/rech/vzf/uqe97pu/raw_data/all_categories/SW_LunaExp_16_Dec_2019_1145am383.191161791399_384.224461386541.wav
6310,Exp_15_Dec_2019_1245pm,SW_Luna,2099.63636314049,2101.17074775588,3300.0,46,Whistle8557,/lustre/fsn1/projects/rech/vzf/uqe97pu/raw_data/all_categories/SW_LunaExp_15_Dec_2019_1245pm2099.63636314049_2101.17074775588.wav
3939,Exp_17_Dec_2019_0945am,SW_Luna,2641.12612341819,2641.55792341819,3300.0,40,Whistle12011,/lustre/fsn1/projects/rech/vzf/uqe97pu/raw_data/all_categories/SW_LunaExp_17_Dec_2019_0945am2641.12612341819_2641.55792341819.wav
5537,Exp_12_Dec_2019_1045am,SW_Luna,1594.86275294092,1595.55972423157,3300.0,41,Whistle8100,/lustre/fsn1/projects/rech/vzf/uqe97pu/raw_data/all_categories/SW_LunaExp_12_Dec_2019_1045am1594.86275294092_1595.55972423157.wav
4081,Exp_03_Feb_2020_1345pm,SW_Luna,1439.24651074325,1439.94031239614,3300.0,40,Whistle6204,/lustre/fsn1/projects/rech/vzf/uqe97pu/raw_data/all_categories/SW_LunaExp_03_Feb_2020_1345pm1439.24651074325_1439.94031239614.wav
5782,Exp_04_Jan_2020_1145am,SW_Luna,1293.28529169577,1294.23388511282,3300.0,42,Whistle7472,/lustre/fsn1/projects/rech/vzf/uqe97pu/raw_data/all_categories/SW_LunaExp_04_Jan_2020_1145am1293.28529169577_1294.23388511282.wav
6236,Exp_07_Jan_2020_1245pm,SW_Luna,2729.00975832534,2730.55824317382,3300.0,45,Whistle7759,/lustre/fsn1/projects/rech/vzf/uqe97pu/raw_data/all_categories/SW_LunaExp_07_Jan_2020_1245pm2729.00975832534_2730.55824317382.wav
4056,Exp_02_Jan_2020_1245pm,SW_Luna,2594.81786429656,2595.89781778493,3300.0,40,Whistle6174,/lustre/fsn1/projects/rech/vzf/uqe97pu/raw_data/all_categories/SW_LunaExp_02_Jan_2020_1245pm2594.81786429656_2595.89781778493.wav
4965,Exp_12_Dec_2019_1045am,SW_Luna,1541.46125610285,1542.40909759591,3300.0,40,Whistle9150,/lustre/fsn1/projects/rech/vzf/uqe97pu/raw_data/all_categories/SW_LunaExp_12_Dec_2019_1045am1541.46125610285_1542.40909759591.wav
5950,Exp_16_Nov_2019_1345pm,SW_Luna,140.970391584421,142.010394473318,3600.0,43,Whistle12583,/lustre/fsn1/projects/rech/vzf/uqe97pu/raw_data/all_categories/SW_LunaExp_16_Nov_2019_1345pm140.970391584421_142.010394473318.wav
3783,Exp_12_Dec_2019_0945am,SW_Luna,109.846779266938,110.814087251729,3300.0,40,Whistle10766,/lustre/fsn1/projects/rech/vzf/uqe97pu/raw_data/all_categories/SW_LunaExp_12_Dec_2019_0945am109.846779266938_110.814087251729.wav
4783,Exp_14_Dec_2019_0845am,SW_Luna,1211.04867105658,1212.16640624822,3300.0,40,Whistle7987,/lustre/fsn1/projects/rech/vzf/uqe97pu/raw_data/all_categories/SW_LunaExp_14_Dec_2019_0845am1211.04867105658_1212.16640624822.wav
5827,Exp_12_Dec_2019_1245pm,SW_Luna,3172.67820396449,3173.03577910791,3300.0,42,Whistle7962,/lustre/fsn1/projects/rech/vzf/uqe97pu/raw_data/all_categories/SW_LunaExp_12_Dec_2019_1245pm3172.67820396449_3173.03577910791.wav
4455,Exp_01_Feb_2020_0945am,SW_Luna,881.848745148795,882.852629077366,3300.0,40,Whistle6679,/lustre/fsn1/projects/rech/vzf/uqe97pu/raw_data/all_categories/SW_LunaExp_01_Feb_2020_0945am881.848745148795_882.852629077366.wav
4015,Exp_05_Dec_2019_0945am,SW_Luna,192.516855106689,193.291097530931,3000.0,40,Whistle6075,/lustre/fsn1/projects/rech/vzf/uqe97pu/raw_data/all_categories/SW_LunaExp_05_Dec_2019_0945am192.516855106689_193.291097530931.wav
6483,Exp_08_Jan_2020_1345pm,SW_Luna,2652.08075567543,2652.69003129381,3300.0,51,Whistle6783,/lustre/fsn1/projects/rech/vzf/uqe97pu/raw_data/all_categories/SW_LunaExp_08_Jan_2020_1345pm2652.08075567543_2652.69003129381.wav
5026,Exp_15_Jan_2020_1045am,SW_Luna,3106.99671396811,3107.92825788007,3300.0,40,Whistle9609,/lustre/fsn1/projects/rech/vzf/uqe97pu/raw_data/all_categories/SW_LunaExp_15_Jan_2020_1045am3106.99671396811_3107.92825788007.wav
5867,Exp_17_Feb_2020_0945am,SW_Luna,452.864748960869,453.490116926237,3300.0,42,Whistle8871,/lustre/fsn1/projects/rech/vzf/uqe97pu/raw_data/all_categories/SW_LunaExp_17_Feb_2020_0945am452.864748960869_453.490116926237.wav
6543,Exp_12_Dec_2019_1045am,SW_Luna,3145.33953133191,3146.28953421071,3300.0,52,Whistle8039,/lustre/fsn1/projects/rech/vzf/uqe97pu/raw_data/all_categories/SW_LunaExp_12_Dec_2019_1045am3145.33953133191_3146.28953421071.wav
5775,Exp_02_Jan_2020_1345pm,SW_Luna,2500.40594821857,2500.99029278786,3300.0,42,Whistle7461,/lustre/fsn1/projects/rech/vzf/uqe97pu/raw_data/all_categories/SW_LunaExp_02_Jan_2020_1345pm2500.40594821857_2500.99029278786.wav
6540,Exp_09_Feb_2020_1545pm,SW_Luna,2970.95228829181,2971.63709394552,3300.0,52,Whistle7779,/lustre/fsn1/projects/rech/vzf/uqe97pu/raw_data/all_categories/SW_LunaExp_09_Feb_2020_1545pm2970.95228829181_2971.63709394552.wav
4482,Exp_07_Mar_2020_1345pm,SW_Luna,1698.71066436888,1699.86835667657,3000.0,40,Whistle6717,/lustre/fsn1/projects/rech/vzf/uqe97pu/raw_data/all_categories/SW_LunaExp_07_Mar_2020_1345pm1698.71066436888_1699.86835667657.wav
4505,Exp_01_Jan_2020_1345pm,SW_Luna,1463.73719068286,1464.59690142667,3300.0,40,Whistle6745,/lustre/fsn1/projects/rech/vzf/uqe97pu/raw_data/all_categories/SW_LunaExp_01_Jan_2020_1345pm1463.73719068286_1464.59690142667.wav
5425,Exp_07_Jan_2020_1245pm,SW_Luna,2286.00589325102,2286.56395110226,3300.0,41,Whistle7227,/lustre/fsn1/projects/rech/vzf/uqe97pu/raw_data/all_categories/SW_LunaExp_07_Jan_2020_1245pm2286.00589325102_2286.56395110226.wav
4353,Exp_01_Feb_2020_0945am,SW_Luna,784.264165949585,785.200954270753,3300.0,40,Whistle6533,/lustre/fsn1/projects/rech/vzf/uqe97pu/raw_data/all_categories/SW_LunaExp_01_Feb_2020_0945am784.264165949585_785.200954270753.wav
4510,Exp_08_Jan_2020_1245pm,SW_Luna,1173.25568656694,1174.13734749058,3300.0,40,Whistle6751,/lustre/fsn1/projects/rech/vzf/uqe97pu/raw_data/all_categories/SW_LunaExp_08_Jan_2020_1245pm1173.25568656694_1174.13734749058.wav
4712,Exp_09_Jan_2020_0945am,SW_Luna,546.603193739282,547.48660720082,3300.0,40,Whistle7526,/lustre/fsn1/projects/rech/vzf/uqe97pu/raw_data/all_categories/SW_LunaExp_09_Jan_2020_0945am546.603193739282_547.48660720082.wav
6339,Exp_17_Jan_2020_1745pm,SW_Luna,2567.24777953873,2568.41778308419,3300.0,47,Whistle7853,/lustre/fsn1/projects/rech/vzf/uqe97pu/raw_data/all_categories/SW_LunaExp_17_Jan_2020_1745pm2567.24777953873_2568.41778308419.wav
3858,Exp_12_Dec_2019_1045am,SW_Luna,2660.52585311962,2661.46242555778,3300.0,40,Whistle11565,/lustre/fsn1/projects/rech/vzf/uqe97pu/raw_data/all_categories/SW_LunaExp_12_Dec_2019_1045am2660.52585311962_2661.46242555778.wav
5895,Exp_16_Jan_2020_1045am,SW_Luna,1849.4222158916,1849.95932998556,3300.0,42,Whistle9677,/lustre/fsn1/projects/rech/vzf/uqe97pu/raw_data/all_categories/SW_LunaExp_16_Jan_2020_1045am1849.4222158916_1849.95932998556.wav
4394,Exp_07_Dec_2019_1145am,SW_Luna,400.111214276407,401.11389767409,3300.0,40,Whistle6589,/lustre/fsn1/projects/rech/vzf/uqe97pu/raw_data/all_categories/SW_LunaExp_07_Dec_2019_1145am400.111214276407_401.11389767409.wav
6563,Exp_12_Dec_2019_1245pm,SW_Luna,3259.08987602993,3259.85987836327,3300.0,53,Whistle8126,/lustre/fsn1/projects/rech/vzf/uqe97pu/raw_data/all_categories/SW_LunaExp_12_Dec_2019_1245pm3259.08987602993_3259.85987836327.wav
5614,Exp_17_Dec_2019_0945am,SW_Luna,2440.01858409192,2440.46122948732,3300.0,41,Whistle9921,/lustre/fsn1/projects/rech/vzf/uqe97pu/raw_data/all_categories/SW_LunaExp_17_Dec_2019_0945am2440.01858409192_2440.46122948732.wav
4013,Exp_04_Jan_2020_1345pm,SW_Luna,2252.49441478628,2253.24021870785,3300.0,40,Whistle6071,/lustre/fsn1/projects/rech/vzf/uqe97pu/raw_data/all_categories/SW_LunaExp_04_Jan_2020_1345pm2252.49441478628_2253.24021870785.wav
4062,Exp_02_Jan_2020_1345pm,SW_Luna,2542.76270715972,2543.84266064809,3300.0,40,Whistle6180,/lustre/fsn1/projects/rech/vzf/uqe97pu/raw_data/all_categories/SW_LunaExp_02_Jan_2020_1345pm2542.76270715972_2543.84266064809.wav
3961,Exp_14_Jan_2020_0945am,SW_Luna,2609.40032176267,2610.40712448376,3300.0,40,Whistle12158,/lustre/fsn1/projects/rech/vzf/uqe97pu/raw_data/all_categories/SW_LunaExp_14_Jan_2020_0945am2609.40032176267_2610.40712448376.wav
5418,Exp_07_Jan_2020_1045am,SW_Luna,1952.246612315,1952.77087461008,3300.0,41,Whistle7217,/lustre/fsn1/projects/rech/vzf/uqe97pu/raw_data/all_categories/SW_LunaExp_07_Jan_2020_1045am1952.246612315_1952.77087461008.wav
4457,Exp_07_Jan_2020_1345pm,SW_Luna,1979.64501593823,1980.26378894437,3300.0,40,Whistle6682,/lustre/fsn1/projects/rech/vzf/uqe97pu/raw_data/all_categories/SW_LunaExp_07_Jan_2020_1345pm1979.64501593823_1980.26378894437.wav
6020,Exp_01_Jan_2020_1045am,SW_Luna,258.181655235306,259.09416560875,3300.0,43,Whistle7173,/lustre/fsn1/projects/rech/vzf/uqe97pu/raw_data/all_categories/SW_LunaExp_01_Jan_2020_1045am258.181655235306_259.09416560875.wav
5094,Exp_17_Dec_2019_1045am,SW_Luna,2459.71862416827,2461.15743333494,3300.0,40,Whistle9955,/lustre/fsn1/projects/rech/vzf/uqe97pu/raw_data/all_categories/SW_LunaExp_17_Dec_2019_1045am2459.71862416827_2461.15743333494.wav
6218,Exp_08_Jan_2020_1345pm,SW_Luna,578.779667146045,579.936722360769,3300.0,45,Whistle6106,/lustre/fsn1/projects/rech/vzf/uqe97pu/raw_data/all_categories/SW_LunaExp_08_Jan_2020_1345pm578.779667146045_579.936722360769.wav
5945,Exp_15_Feb_2020_1345pm,SW_Luna,108.695329379786,109.930333122222,3300.0,43,Whistle12429,/lustre/fsn1/projects/rech/vzf/uqe97pu/raw_data/all_categories/SW_LunaExp_15_Feb_2020_1345pm108.695329379786_109.930333122222.wav
6156,Exp_13_Dec_2019_0945am,SW_Luna,2362.64068203685,2363.42155324897,3300.0,43,Whistle8486,/lustre/fsn1/projects/rech/vzf/uqe97pu/raw_data/all_categories/SW_LunaExp_13_Dec_2019_0945am2362.64068203685_2363.42155324897.wav
4055,Exp_02_Jan_2020_1245pm,SW_Luna,2593.44043025542,2594.09280168399,3300.0,40,Whistle6173,/lustre/fsn1/projects/rech/vzf/uqe97pu/raw_data/all_categories/SW_LunaExp_02_Jan_2020_1245pm2593.44043025542_2594.09280168399.wav
5461,Exp_08_Mar_2020_1345pm,SW_Luna,1856.41504480925,1857.01914037239,3000.0,41,Whistle7285,/lustre/fsn1/projects/rech/vzf/uqe97pu/raw_data/all_categories/SW_LunaExp_08_Mar_2020_1345pm1856.41504480925_1857.01914037239.wav
3756,Exp_16_Jan_2020_1245pm,SW_Luna,3266.06989839363,3267.14845839363,3300.0,40,Whistle10621,/lustre/fsn1/projects/rech/vzf/uqe97pu/raw_data/all_categories/SW_LunaExp_16_Jan_2020_1245pm3266.06989839363_3267.14845839363.wav
4465,Exp_07_Jan_2020_1345pm,SW_Luna,164.132498546965,164.975450927918,3300.0,40,Whistle6698,/lustre/fsn1/projects/rech/vzf/uqe97pu/raw_data/all_categories/SW_LunaExp_07_Jan_2020_1345pm164.132498546965_164.975450927918.wav
6071,Exp_03_Jan_2020_1045am,SW_Luna,3083.81934490711,3084.93281234006,3300.0,43,Whistle7565,/lustre/fsn1/projects/rech/vzf/uqe97pu/raw_data/all_categories/SW_LunaExp_03_Jan_2020_1045am3083.81934490711_3084.93281234006.wav
6314,Exp_19_Nov_2019_1245pm,SW_Luna,1084.44801291115,1085.73798437678,3600.0,46,Whistle9169,/lustre/fsn1/projects/rech/vzf/uqe97pu/raw_data/all_categories/SW_LunaExp_19_Nov_2019_1245pm1084.44801291115_1085.73798437678.wav
5826,Exp_16_Feb_2020_1345pm,SW_Luna,471.13929351933,471.618022890245,3300.0,42,Whistle7956,/lustre/fsn1/projects/rech/vzf/uqe97pu/raw_data/all_categories/SW_LunaExp_16_Feb_2020_1345pm471.13929351933_471.618022890245.wav
3980,Exp_17_Dec_2019_1045am,SW_Luna,2828.34857196537,2829.2185141619,3300.0,40,Whistle12291,/lustre/fsn1/projects/rech/vzf/uqe97pu/raw_data/all_categories/SW_LunaExp_17_Dec_2019_1045am2828.34857196537_2829.2185141619.wav
5165,Exp_28_Nov_2019_0945am,SW_Luna,293.779296077621,294.455738385314,3000.0,41,Whistle11319,/lustre/fsn1/projects/rech/vzf/uqe97pu/raw_data/all_categories/SW_LunaExp_28_Nov_2019_0945am293.779296077621_294.455738385314.wav
5235,Exp_07_Jan_2020_1045am,SW_Luna,2547.19462668184,2547.91064363099,3300.0,41,Whistle6098,/lustre/fsn1/projects/rech/vzf/uqe97pu/raw_data/all_categories/SW_LunaExp_07_Jan_2020_1045am2547.19462668184_2547.91064363099.wav
4781,Exp_12_Dec_2019_1245pm,SW_Luna,3181.02264604831,3181.98960257005,3300.0,40,Whistle7985,/lustre/fsn1/projects/rech/vzf/uqe97pu/raw_data/all_categories/SW_LunaExp_12_Dec_2019_1245pm3181.02264604831_3181.98960257005.wav
2746,Exp_17_Jan_2020_1245pm,SW_Nana,429.671758621564,431.456285961823,3300.0,24,Whistle5975,/lustre/fsn1/projects/rech/vzf/uqe97pu/raw_data/all_categories/SW_NanaExp_17_Jan_2020_1245pm429.671758621564_431.456285961823.wav
2332,Exp_22_Nov_2019_1145am,SW_Nana,458.729724790386,459.741547042903,3600.0,16,Whistle5449,/lustre/fsn1/projects/rech/vzf/uqe97pu/raw_data/all_categories/SW_NanaExp_22_Nov_2019_1145am458.729724790386_459.741547042903.wav
2245,Exp_04_Jan_2020_1145am,SW_Nana,25.0600771517489,25.8901855108821,3300.0,16,Whistle5095,/lustre/fsn1/projects/rech/vzf/uqe97pu/raw_data/all_categories/SW_NanaExp_04_Jan_2020_1145am25.0600771517489_25.8901855108821.wav
2484,Exp_06_Dec_2019_1245pm,SW_Nana,488.726629755432,489.497036115857,3000.0,17,Whistle5153,/lustre/fsn1/projects/rech/vzf/uqe97pu/raw_data/all_categories/SW_NanaExp_06_Dec_2019_1245pm488.726629755432_489.497036115857.wav
2329,Exp_17_Dec_2019_1045am,SW_Nana,2478.23806127089,2479.17991630863,3300.0,16,Whistle5622,/lustre/fsn1/projects/rech/vzf/uqe97pu/raw_data/all_categories/SW_NanaExp_17_Dec_2019_1045am2478.23806127089_2479.17991630863.wav
2574,Exp_09_Mar_2020_1545pm,SW_Nana,914.026361518175,914.750211785554,3000.0,18,Whistle5206,/lustre/fsn1/projects/rech/vzf/uqe97pu/raw_data/all_categories/SW_NanaExp_09_Mar_2020_1545pm914.026361518175_914.750211785554.wav
2411,Exp_16_Nov_2019_1045am,SW_Nana,2392.87691539276,2393.80687517828,3600.0,16,Whistle5822,/lustre/fsn1/projects/rech/vzf/uqe97pu/raw_data/all_categories/SW_NanaExp_16_Nov_2019_1045am2392.87691539276_2393.80687517828.wav
2564,Exp_06_Dec_2019_1245pm,SW_Nana,100.767661970994,101.632260901476,3000.0,18,Whistle5143,/lustre/fsn1/projects/rech/vzf/uqe97pu/raw_data/all_categories/SW_NanaExp_06_Dec_2019_1245pm100.767661970994_101.632260901476.wav
2530,Exp_16_Jan_2020_0945am,SW_Nana,2676.47955146334,2677.35614923796,3300.0,17,Whistle5799,/lustre/fsn1/projects/rech/vzf/uqe97pu/raw_data/all_categories/SW_NanaExp_16_Jan_2020_0945am2676.47955146334_2677.35614923796.wav
2722,Exp_28_Nov_2019_0945am,SW_Nana,2922.72474441581,2923.9522969849,3000.0,23,Whistle5452,/lustre/fsn1/projects/rech/vzf/uqe97pu/raw_data/all_categories/SW_NanaExp_28_Nov_2019_0945am2922.72474441581_2923.9522969849.wav
2393,Exp_15_Feb_2020_0945am,SW_Nana,3169.79541874936,3170.49102850546,3300.0,16,Whistle5745,/lustre/fsn1/projects/rech/vzf/uqe97pu/raw_data/all_categories/SW_NanaExp_15_Feb_2020_0945am3169.79541874936_3170.49102850546.wav
2421,Exp_17_Dec_2019_1045am,SW_Nana,2467.71467558932,2468.55484586795,3300.0,16,Whistle5859,/lustre/fsn1/projects/rech/vzf/uqe97pu/raw_data/all_categories/SW_NanaExp_17_Dec_2019_1045am2467.71467558932_2468.55484586795.wav
2741,Exp_21_Nov_2019_1345pm,SW_Nana,1159.97378936048,1160.20536096173,3600.0,24,Whistle6012,/lustre/fsn1/projects/rech/vzf/uqe97pu/raw_data/all_categories/SW_NanaExp_21_Nov_2019_1345pm1159.97378936048_1160.20536096173.wav
2748,Exp_19_Nov_2019_1145am,SW_Nana,915.584886714423,917.336066253719,3600.0,24,Whistle5665,/lustre/fsn1/projects/rech/vzf/uqe97pu/raw_data/all_categories/SW_NanaExp_19_Nov_2019_1145am915.584886714423_917.336066253719.wav
2249,Exp_04_Jan_2020_1345pm,SW_Nana,2177.55659926242,2178.51720627,3300.0,16,Whistle5099,/lustre/fsn1/projects/rech/vzf/uqe97pu/raw_data/all_categories/SW_NanaExp_04_Jan_2020_1345pm2177.55659926242_2178.51720627.wav
2703,Exp_17_Dec_2019_1145am,SW_Nana,3253.70629516647,3254.47311012211,3300.0,22,Whistle5560,/lustre/fsn1/projects/rech/vzf/uqe97pu/raw_data/all_categories/SW_NanaExp_17_Dec_2019_1145am3253.70629516647_3254.47311012211.wav
2616,Exp_04_Jan_2020_1345pm,SW_Nana,2195.50255164086,2196.15154544891,3300.0,20,Whistle5106,/lustre/fsn1/projects/rech/vzf/uqe97pu/raw_data/all_categories/SW_NanaExp_04_Jan_2020_1345pm2195.50255164086_2196.15154544891.wav
2269,Exp_07_Jan_2020_0945am,SW_Nana,1274.23828769057,1275.35883495426,3300.0,16,Whistle5173,/lustre/fsn1/projects/rech/vzf/uqe97pu/raw_data/all_categories/SW_NanaExp_07_Jan_2020_0945am1274.23828769057_1275.35883495426.wav
2449,Exp_21_Nov_2019_1345pm,SW_Nana,1835.27060097645,1836.30922920169,3600.0,16,Whistle6013,/lustre/fsn1/projects/rech/vzf/uqe97pu/raw_data/all_categories/SW_NanaExp_21_Nov_2019_1345pm1835.27060097645_1836.30922920169.wav
2494,Exp_09_Feb_2020_1345pm,SW_Nana,679.454358319964,680.444625699644,3300.0,17,Whistle5194,/lustre/fsn1/projects/rech/vzf/uqe97pu/raw_data/all_categories/SW_NanaExp_09_Feb_2020_1345pm679.454358319964_680.444625699644.wav
2406,Exp_16_Jan_2020_1045am,SW_Nana,2173.2254592981,2173.95438883739,3300.0,16,Whistle5804,/lustre/fsn1/projects/rech/vzf/uqe97pu/raw_data/all_categories/SW_NanaExp_16_Jan_2020_1045am2173.2254592981_2173.95438883739.wav
2323,Exp_15_Feb_2020_0945am,SW_Nana,421.74127982206,422.941022001923,3300.0,16,Whistle5336,/lustre/fsn1/projects/rech/vzf/uqe97pu/raw_data/all_categories/SW_NanaExp_15_Feb_2020_0945am421.74127982206_422.941022001923.wav
2379,Exp_14_Dec_2019_0945am,SW_Nana,701.173595428007,701.73830131036,3300.0,16,Whistle5713,/lustre/fsn1/projects/rech/vzf/uqe97pu/raw_data/all_categories/SW_NanaExp_14_Dec_2019_0945am701.173595428007_701.73830131036.wav
2387,Exp_15_Feb_2020_1045am,SW_Nana,3084.89590739582,3085.70133112463,3300.0,16,Whistle5761,/lustre/fsn1/projects/rech/vzf/uqe97pu/raw_data/all_categories/SW_NanaExp_15_Feb_2020_1045am3084.89590739582_3085.70133112463.wav
2473,Exp_06_Dec_2019_1245pm,SW_Nana,124.790416634722,125.620260384722,3000.0,17,Whistle5126,/lustre/fsn1/projects/rech/vzf/uqe97pu/raw_data/all_categories/SW_NanaExp_06_Dec_2019_1245pm124.790416634722_125.620260384722.wav
2511,Exp_17_Feb_2020_1145am,SW_Nana,2950.8518681644,2951.58507745193,3300.0,17,Whistle5438,/lustre/fsn1/projects/rech/vzf/uqe97pu/raw_data/all_categories/SW_NanaExp_17_Feb_2020_1145am2950.8518681644_2951.58507745193.wav
2318,Exp_21_Nov_2019_0945am,SW_Nana,2060.79439320813,2061.77646195813,3600.0,16,Whistle5314,/lustre/fsn1/projects/rech/vzf/uqe97pu/raw_data/all_categories/SW_NanaExp_21_Nov_2019_0945am2060.79439320813_2061.77646195813.wav
2625,Exp_04_Jan_2020_1345pm,SW_Nana,2200.70666880809,2201.49768413376,3300.0,20,Whistle5222,/lustre/fsn1/projects/rech/vzf/uqe97pu/raw_data/all_categories/SW_NanaExp_04_Jan_2020_1345pm2200.70666880809_2201.49768413376.wav
2642,Exp_21_Nov_2019_1145am,SW_Nana,1388.77373773271,1389.41645836113,3600.0,20,Whistle5446,/lustre/fsn1/projects/rech/vzf/uqe97pu/raw_data/all_categories/SW_NanaExp_21_Nov_2019_1145am1388.77373773271_1389.41645836113.wav
2477,Exp_06_Dec_2019_1245pm,SW_Nana,137.134711550227,137.959101144701,3000.0,17,Whistle5139,/lustre/fsn1/projects/rech/vzf/uqe97pu/raw_data/all_categories/SW_NanaExp_06_Dec_2019_1245pm137.134711550227_137.959101144701.wav
2665,Exp_17_Dec_2019_1045am,SW_Nana,2467.13589783286,2467.57834922175,3300.0,21,Whistle5476,/lustre/fsn1/projects/rech/vzf/uqe97pu/raw_data/all_categories/SW_NanaExp_17_Dec_2019_1045am2467.13589783286_2467.57834922175.wav
2412,Exp_16_Nov_2019_1045am,SW_Nana,2394.2552380473,2395.06960917263,3600.0,16,Whistle5823,/lustre/fsn1/projects/rech/vzf/uqe97pu/raw_data/all_categories/SW_NanaExp_16_Nov_2019_1045am2394.2552380473_2395.06960917263.wav
2573,Exp_09_Mar_2020_1545pm,SW_Nana,889.847967493225,890.793104105247,3000.0,18,Whistle5204,/lustre/fsn1/projects/rech/vzf/uqe97pu/raw_data/all_categories/SW_NanaExp_09_Mar_2020_1545pm889.847967493225_890.793104105247.wav
2248,Exp_04_Jan_2020_1345pm,SW_Nana,2176.12659492908,2176.85584712849,3300.0,16,Whistle5098,/lustre/fsn1/projects/rech/vzf/uqe97pu/raw_data/all_categories/SW_NanaExp_04_Jan_2020_1345pm2176.12659492908_2176.85584712849.wav
2738,Exp_17_Feb_2020_1145am,SW_Nana,2352.1756105584,2352.57232359193,3300.0,24,Whistle5487,/lustre/fsn1/projects/rech/vzf/uqe97pu/raw_data/all_categories/SW_NanaExp_17_Feb_2020_1145am2352.1756105584_2352.57232359193.wav
2307,Exp_16_Feb_2020_1245pm,SW_Nana,1640.18820188799,1641.51197784138,3300.0,16,Whistle5291,/lustre/fsn1/projects/rech/vzf/uqe97pu/raw_data/all_categories/SW_NanaExp_16_Feb_2020_1245pm1640.18820188799_1641.51197784138.wav
2434,Exp_19_Nov_2019_1145am,SW_Nana,918.208587780233,919.231106298752,3600.0,16,Whistle5986,/lustre/fsn1/projects/rech/vzf/uqe97pu/raw_data/all_categories/SW_NanaExp_19_Nov_2019_1145am918.208587780233_919.231106298752.wav
2370,Exp_11_Mar_2020_1145am,SW_Nana,79.637946088895,80.3624886756457,3000.0,16,Whistle5678,/lustre/fsn1/projects/rech/vzf/uqe97pu/raw_data/all_categories/SW_NanaExp_11_Mar_2020_1145am79.637946088895_80.3624886756457.wav
2633,Exp_15_Feb_2020_0945am,SW_Nana,419.934016195777,420.961670321991,3300.0,20,Whistle5335,/lustre/fsn1/projects/rech/vzf/uqe97pu/raw_data/all_categories/SW_NanaExp_15_Feb_2020_0945am419.934016195777_420.961670321991.wav
2424,Exp_17_Feb_2020_1145am,SW_Nana,2493.24976674317,2493.95144943548,3300.0,16,Whistle5953,/lustre/fsn1/projects/rech/vzf/uqe97pu/raw_data/all_categories/SW_NanaExp_17_Feb_2020_1145am2493.24976674317_2493.95144943548.wav
2340,Exp_13_Jan_2020_1045am,SW_Nana,2244.23637839264,2244.71273169525,3300.0,16,Whistle5535,/lustre/fsn1/projects/rech/vzf/uqe97pu/raw_data/all_categories/SW_NanaExp_13_Jan_2020_1045am2244.23637839264_2244.71273169525.wav
2371,Exp_11_Mar_2020_1145am,SW_Nana,195.872603855021,196.632865179063,3000.0,16,Whistle5681,/lustre/fsn1/projects/rech/vzf/uqe97pu/raw_data/all_categories/SW_NanaExp_11_Mar_2020_1145am195.872603855021_196.632865179063.wav
2294,Exp_17_Feb_2020_1145am,SW_Nana,2490.98315378694,2491.59751092979,3300.0,16,Whistle5260,/lustre/fsn1/projects/rech/vzf/uqe97pu/raw_data/all_categories/SW_NanaExp_17_Feb_2020_1145am2490.98315378694_2491.59751092979.wav
2755,Exp_17_Dec_2019_1045am,SW_Nana,2475.26872827484,2475.75688355434,3300.0,24,Whistle5477,/lustre/fsn1/projects/rech/vzf/uqe97pu/raw_data/all_categories/SW_NanaExp_17_Dec_2019_1045am2475.26872827484_2475.75688355434.wav
2683,Exp_14_Dec_2019_0945am,SW_Nana,252.424635565806,253.265550149139,3300.0,22,Whistle5279,/lustre/fsn1/projects/rech/vzf/uqe97pu/raw_data/all_categories/SW_NanaExp_14_Dec_2019_0945am252.424635565806_253.265550149139.wav
2447,Exp_21_Nov_2019_1345pm,SW_Nana,1504.93496567011,1506.21711596773,3600.0,16,Whistle6006,/lustre/fsn1/projects/rech/vzf/uqe97pu/raw_data/all_categories/SW_NanaExp_21_Nov_2019_1345pm1504.93496567011_1506.21711596773.wav
2529,Exp_16_Jan_2020_0945am,SW_Nana,2675.04310679729,2676.26531747979,3300.0,17,Whistle5795,/lustre/fsn1/projects/rech/vzf/uqe97pu/raw_data/all_categories/SW_NanaExp_16_Jan_2020_0945am2675.04310679729_2676.26531747979.wav
2328,Exp_11_Mar_2020_1145am,SW_Nana,82.8588381170795,83.4833864326823,3000.0,16,Whistle5412,/lustre/fsn1/projects/rech/vzf/uqe97pu/raw_data/all_categories/SW_NanaExp_11_Mar_2020_1145am82.8588381170795_83.4833864326823.wav
2740,Exp_11_Jan_2020_0945am,SW_Nana,424.271286276625,425.066193108923,3300.0,24,Whistle5592,/lustre/fsn1/projects/rech/vzf/uqe97pu/raw_data/all_categories/SW_NanaExp_11_Jan_2020_0945am424.271286276625_425.066193108923.wav
2596,Exp_05_Feb_2020_1545pm,SW_Nana,388.471787153818,389.534818324604,3300.0,19,Whistle5114,/lustre/fsn1/projects/rech/vzf/uqe97pu/raw_data/all_categories/SW_NanaExp_05_Feb_2020_1545pm388.471787153818_389.534818324604.wav
2363,Exp_16_Jan_2020_0945am,SW_Nana,2677.78428992232,2678.48638471399,3300.0,16,Whistle5429,/lustre/fsn1/projects/rech/vzf/uqe97pu/raw_data/all_categories/SW_NanaExp_16_Jan_2020_0945am2677.78428992232_2678.48638471399.wav
2356,Exp_28_Nov_2019_0845am,SW_Nana,2026.29000065635,2027.31355237822,3000.0,16,Whistle5581,/lustre/fsn1/projects/rech/vzf/uqe97pu/raw_data/all_categories/SW_NanaExp_28_Nov_2019_0845am2026.29000065635_2027.31355237822.wav
2315,Exp_17_Feb_2020_1145am,SW_Nana,2947.49840308155,2948.04778508025,3300.0,16,Whistle5302,/lustre/fsn1/projects/rech/vzf/uqe97pu/raw_data/all_categories/SW_NanaExp_17_Feb_2020_1145am2947.49840308155_2948.04778508025.wav
2466,Exp_04_Jan_2020_0945am,SW_Nana,1268.4938445268,1269.47069965048,3300.0,17,Whistle5089,/lustre/fsn1/projects/rech/vzf/uqe97pu/raw_data/all_categories/SW_NanaExp_04_Jan_2020_0945am1268.4938445268_1269.47069965048.wav
2468,Exp_04_Jan_2020_1345pm,SW_Nana,2186.98724335586,2187.86737532067,3300.0,17,Whistle5101,/lustre/fsn1/projects/rech/vzf/uqe97pu/raw_data/all_categories/SW_NanaExp_04_Jan_2020_1345pm2186.98724335586_2187.86737532067.wav
2627,Exp_06_Dec_2019_1245pm,SW_Nana,119.934173589348,120.31626725326,3000.0,20,Whistle5224,/lustre/fsn1/projects/rech/vzf/uqe97pu/raw_data/all_categories/SW_NanaExp_06_Dec_2019_1245pm119.934173589348_120.31626725326.wav
2376,Exp_15_Feb_2020_1345pm,SW_Nana,538.807376023853,540.024868283915,3300.0,16,Whistle5769,/lustre/fsn1/projects/rech/vzf/uqe97pu/raw_data/all_categories/SW_NanaExp_15_Feb_2020_1345pm538.807376023853_540.024868283915.wav
2312,Exp_16_Nov_2019_1045am,SW_Nana,2400.35966697909,2401.24116499497,3600.0,16,Whistle5297,/lustre/fsn1/projects/rech/vzf/uqe97pu/raw_data/all_categories/SW_NanaExp_16_Nov_2019_1045am2400.35966697909_2401.24116499497.wav
2241,Exp_04_Jan_2020_1045am,SW_Nana,1405.64080838752,1406.59579526416,3300.0,16,Whistle5091,/lustre/fsn1/projects/rech/vzf/uqe97pu/raw_data/all_categories/SW_NanaExp_04_Jan_2020_1045am1405.64080838752_1406.59579526416.wav
2316,Exp_17_Jan_2020_1345pm,SW_Nana,274.798945934321,276.011785065611,3300.0,16,Whistle5309,/lustre/fsn1/projects/rech/vzf/uqe97pu/raw_data/all_categories/SW_NanaExp_17_Jan_2020_1345pm274.798945934321_276.011785065611.wav
2612,Exp_25_Nov_2019_0945am,SW_Nana,379.651384447416,380.9942838557,3000.0,19,Whistle6033,/lustre/fsn1/projects/rech/vzf/uqe97pu/raw_data/all_categories/SW_NanaExp_25_Nov_2019_0945am379.651384447416_380.9942838557.wav
2568,Exp_06_Dec_2019_1245pm,SW_Nana,240.355801852673,241.121178472225,3000.0,18,Whistle5152,/lustre/fsn1/projects/rech/vzf/uqe97pu/raw_data/all_categories/SW_NanaExp_06_Dec_2019_1245pm240.355801852673_241.121178472225.wav
2667,Exp_17_Dec_2019_1045am,SW_Nana,2483.99597919873,2484.3468943773,3300.0,21,Whistle5480,/lustre/fsn1/projects/rech/vzf/uqe97pu/raw_data/all_categories/SW_NanaExp_17_Dec_2019_1045am2483.99597919873_2484.3468943773.wav
2537,Exp_17_Feb_2020_1045am,SW_Nana,868.372632038279,869.479821580763,3300.0,17,Whistle5876,/lustre/fsn1/projects/rech/vzf/uqe97pu/raw_data/all_categories/SW_NanaExp_17_Feb_2020_1045am868.372632038279_869.479821580763.wav
2302,Exp_14_Jan_2020_0945am,SW_Nana,368.099960856207,369.122049745096,3300.0,16,Whistle5283,/lustre/fsn1/projects/rech/vzf/uqe97pu/raw_data/all_categories/SW_NanaExp_14_Jan_2020_0945am368.099960856207_369.122049745096.wav
2415,Exp_17_Dec_2019_1045am,SW_Nana,2455.77378346207,2456.58310431215,3300.0,16,Whistle5837,/lustre/fsn1/projects/rech/vzf/uqe97pu/raw_data/all_categories/SW_NanaExp_17_Dec_2019_1045am2455.77378346207_2456.58310431215.wav
2343,Exp_15_Jan_2020_0945am,SW_Nana,137.571734257547,138.780868561754,3300.0,16,Whistle5545,/lustre/fsn1/projects/rech/vzf/uqe97pu/raw_data/all_categories/SW_NanaExp_15_Jan_2020_0945am137.571734257547_138.780868561754.wav
2309,Exp_16_Jan_2020_0945am,SW_Nana,538.990389775431,539.991908465142,3300.0,16,Whistle5293,/lustre/fsn1/projects/rech/vzf/uqe97pu/raw_data/all_categories/SW_NanaExp_16_Jan_2020_0945am538.990389775431_539.991908465142.wav
2695,Exp_13_Dec_2019_1145am,SW_Nana,52.1095424880149,52.6617880306506,3300.0,22,Whistle5532,/lustre/fsn1/projects/rech/vzf/uqe97pu/raw_data/all_categories/SW_NanaExp_13_Dec_2019_1145am52.1095424880149_52.6617880306506.wav
2272,Exp_07_Mar_2020_1145am,SW_Nana,320.438554534576,321.373527796608,3000.0,16,Whistle5182,/lustre/fsn1/projects/rech/vzf/uqe97pu/raw_data/all_categories/SW_NanaExp_07_Mar_2020_1145am320.438554534576_321.373527796608.wav
2311,Exp_16_Jan_2020_1245pm,SW_Nana,2802.76792546965,2803.80078151759,3300.0,16,Whistle5295,/lustre/fsn1/projects/rech/vzf/uqe97pu/raw_data/all_categories/SW_NanaExp_16_Jan_2020_1245pm2802.76792546965_2803.80078151759.wav
2317,Exp_19_Nov_2019_1145am,SW_Nana,2360.40424654197,2362.42076677817,3600.0,16,Whistle5311,/lustre/fsn1/projects/rech/vzf/uqe97pu/raw_data/all_categories/SW_NanaExp_19_Nov_2019_1145am2360.40424654197_2362.42076677817.wav
2239,Exp_02_Jan_2020_1245pm,SW_Nana,3290.2868830741,3291.14724357567,3300.0,16,Whistle5077,/lustre/fsn1/projects/rech/vzf/uqe97pu/raw_data/all_categories/SW_NanaExp_02_Jan_2020_1245pm3290.2868830741_3291.14724357567.wav
2250,Exp_04_Jan_2020_1345pm,SW_Nana,2193.04801084954,2193.84215783116,3300.0,16,Whistle5102,/lustre/fsn1/projects/rech/vzf/uqe97pu/raw_data/all_categories/SW_NanaExp_04_Jan_2020_1345pm2193.04801084954_2193.84215783116.wav
2483,Exp_06_Dec_2019_1245pm,SW_Nana,126.277569711734,126.745131695205,3000.0,17,Whistle5150,/lustre/fsn1/projects/rech/vzf/uqe97pu/raw_data/all_categories/SW_NanaExp_06_Dec_2019_1245pm126.277569711734_126.745131695205.wav
2261,Exp_01_Jan_2020_0845am,SW_Nana,599.704277243533,600.369599824178,3300.0,16,Whistle5157,/lustre/fsn1/projects/rech/vzf/uqe97pu/raw_data/all_categories/SW_NanaExp_01_Jan_2020_0845am599.704277243533_600.369599824178.wav
2647,Exp_24_Nov_2019_0945am,SW_Nana,1034.29344964483,1035.29277477781,3000.0,20,Whistle5516,/lustre/fsn1/projects/rech/vzf/uqe97pu/raw_data/all_categories/SW_NanaExp_24_Nov_2019_0945am1034.29344964483_1035.29277477781.wav
2699,Exp_15_Jan_2020_1045am,SW_Nana,1993.13985636907,1993.80500076562,3300.0,22,Whistle5547,/lustre/fsn1/projects/rech/vzf/uqe97pu/raw_data/all_categories/SW_NanaExp_15_Jan_2020_1045am1993.13985636907_1993.80500076562.wav
2758,Exp_15_Jan_2020_1245pm,SW_Nana,3241.16719360555,3242.7097507021,3300.0,24,Whistle5289,/lustre/fsn1/projects/rech/vzf/uqe97pu/raw_data/all_categories/SW_NanaExp_15_Jan_2020_1245pm3241.16719360555_3242.7097507021.wav
2321,Exp_27_Nov_2019_1545pm,SW_Nana,635.907148436089,636.579890144422,3000.0,16,Whistle5322,/lustre/fsn1/projects/rech/vzf/uqe97pu/raw_data/all_categories/SW_NanaExp_27_Nov_2019_1545pm635.907148436089_636.579890144422.wav
2732,Exp_16_Nov_2019_0545am,SW_Nana,3027.89951196857,3028.47474132637,3600.0,23,Whistle5818,/lustre/fsn1/projects/rech/vzf/uqe97pu/raw_data/all_categories/SW_NanaExp_16_Nov_2019_0545am3027.89951196857_3028.47474132637.wav
2586,Exp_17_Dec_2019_1045am,SW_Nana,623.924349673865,624.794948379367,3300.0,18,Whistle5864,/lustre/fsn1/projects/rech/vzf/uqe97pu/raw_data/all_categories/SW_NanaExp_17_Dec_2019_1045am623.924349673865_624.794948379367.wav
2257,Exp_06_Dec_2019_1245pm,SW_Nana,239.020797402658,239.734961625532,3000.0,16,Whistle5129,/lustre/fsn1/projects/rech/vzf/uqe97pu/raw_data/all_categories/SW_NanaExp_06_Dec_2019_1245pm239.020797402658_239.734961625532.wav
2419,Exp_17_Dec_2019_1045am,SW_Nana,2479.71366683307,2480.45413151708,3300.0,16,Whistle5847,/lustre/fsn1/projects/rech/vzf/uqe97pu/raw_data/all_categories/SW_NanaExp_17_Dec_2019_1045am2479.71366683307_2480.45413151708.wav
2467,Exp_04_Jan_2020_1345pm,SW_Nana,2180.24844422976,2181.40448097516,3300.0,17,Whistle5100,/lustre/fsn1/projects/rech/vzf/uqe97pu/raw_data/all_categories/SW_NanaExp_04_Jan_2020_1345pm2180.24844422976_2181.40448097516.wav
2528,Exp_15_Jan_2020_1045am,SW_Nana,2838.75011792015,2839.79668626926,3300.0,17,Whistle5780,/lustre/fsn1/projects/rech/vzf/uqe97pu/raw_data/all_categories/SW_NanaExp_15_Jan_2020_1045am2838.75011792015_2839.79668626926.wav
2759,Exp_17_Dec_2019_1045am,SW_Nana,2458.03744920439,2459.49522400332,3300.0,24,Whistle5839,/lustre/fsn1/projects/rech/vzf/uqe97pu/raw_data/all_categories/SW_NanaExp_17_Dec_2019_1045am2458.03744920439_2459.49522400332.wav
2278,Exp_09_Jan_2020_1545pm,SW_Nana,562.22531253426,562.975246309095,3300.0,16,Whistle5201,/lustre/fsn1/projects/rech/vzf/uqe97pu/raw_data/all_categories/SW_NanaExp_09_Jan_2020_1545pm562.22531253426_562.975246309095.wav
2710,Exp_16_Feb_2020_1245pm,SW_Nana,1644.16167062982,1645.00894335709,3300.0,22,Whistle5649,/lustre/fsn1/projects/rech/vzf/uqe97pu/raw_data/all_categories/SW_NanaExp_16_Feb_2020_1245pm1644.16167062982_1645.00894335709.wav
2285,Exp_07_Dec_2019_1245pm,SW_Nana,497.878922555251,498.46759026685,3300.0,16,Whistle5237,/lustre/fsn1/projects/rech/vzf/uqe97pu/raw_data/all_categories/SW_NanaExp_07_Dec_2019_1245pm497.878922555251_498.46759026685.wav
2718,Exp_25_Nov_2019_1545pm,SW_Nana,969.09508965725,969.478908752728,3000.0,22,Whistle6038,/lustre/fsn1/projects/rech/vzf/uqe97pu/raw_data/all_categories/SW_NanaExp_25_Nov_2019_1545pm969.09508965725_969.478908752728.wav
2450,Exp_21_Nov_2019_1545pm,SW_Nana,144.18164643053,145.223433315776,3600.0,16,Whistle6014,/lustre/fsn1/projects/rech/vzf/uqe97pu/raw_data/all_categories/SW_NanaExp_21_Nov_2019_1545pm144.18164643053_145.223433315776.wav
2653,Exp_17_Jan_2020_1245pm,SW_Nana,1028.95948857222,1029.72722051667,3300.0,20,Whistle5641,/lustre/fsn1/projects/rech/vzf/uqe97pu/raw_data/all_categories/SW_NanaExp_17_Jan_2020_1245pm1028.95948857222_1029.72722051667.wav
2734,Exp_19_Nov_2019_0045am,SW_Nana,3093.54538933482,3093.99470972317,3600.0,23,Whistle5980,/lustre/fsn1/projects/rech/vzf/uqe97pu/raw_data/all_categories/SW_NanaExp_19_Nov_2019_0045am3093.54538933482_3093.99470972317.wav
2526,Exp_17_Feb_2020_1145am,SW_Nana,2489.90879110632,2490.7693976637,3300.0,17,Whistle5896,/lustre/fsn1/projects/rech/vzf/uqe97pu/raw_data/all_categories/SW_NanaExp_17_Feb_2020_1145am2489.90879110632_2490.7693976637.wav
2489,Exp_07_Jan_2020_1045am,SW_Nana,2525.69765484138,2526.6413525158,3300.0,17,Whistle5175,/lustre/fsn1/projects/rech/vzf/uqe97pu/raw_data/all_categories/SW_NanaExp_07_Jan_2020_1045am2525.69765484138_2526.6413525158.wav
2729,Exp_14_Feb_2020_1345pm,SW_Nana,813.499324485771,813.918495340042,3300.0,23,Whistle5725,/lustre/fsn1/projects/rech/vzf/uqe97pu/raw_data/all_categories/SW_NanaExp_14_Feb_2020_1345pm813.499324485771_813.918495340042.wav
2571,Exp_08_Dec_2019_1045am,SW_Nana,1767.41762845562,1768.57880492621,3300.0,18,Whistle5183,/lustre/fsn1/projects/rech/vzf/uqe97pu/raw_data/all_categories/SW_NanaExp_08_Dec_2019_1045am1767.41762845562_1768.57880492621.wav
2459,Exp_27_Nov_2019_1145am,SW_Nana,1939.78782485657,1940.92569942103,3000.0,16,Whistle6041,/lustre/fsn1/projects/rech/vzf/uqe97pu/raw_data/all_categories/SW_NanaExp_27_Nov_2019_1145am1939.78782485657_1940.92569942103.wav
2560,Exp_06_Dec_2019_1245pm,SW_Nana,79.7002663342211,80.5552516714645,3000.0,18,Whistle5128,/lustre/fsn1/projects/rech/vzf/uqe97pu/raw_data/all_categories/SW_NanaExp_06_Dec_2019_1245pm79.7002663342211_80.5552516714645.wav
2308,Exp_16_Feb_2020_1545pm,SW_Nana,1052.38613022337,1053.88989747597,3300.0,16,Whistle5292,/lustre/fsn1/projects/rech/vzf/uqe97pu/raw_data/all_categories/SW_NanaExp_16_Feb_2020_1545pm1052.38613022337_1053.88989747597.wav
2711,Exp_23_Nov_2019_1545pm,SW_Nana,1207.34511108189,1208.20170709287,3000.0,22,Whistle5656,/lustre/fsn1/projects/rech/vzf/uqe97pu/raw_data/all_categories/SW_NanaExp_23_Nov_2019_1545pm1207.34511108189_1208.20170709287.wav
2543,Exp_17_Feb_2020_1145am,SW_Nana,2462.1196104052,2463.32742799477,3300.0,17,Whistle5949,/lustre/fsn1/projects/rech/vzf/uqe97pu/raw_data/all_categories/SW_NanaExp_17_Feb_2020_1145am2462.1196104052_2463.32742799477.wav
2525,Exp_15_Feb_2020_1045am,SW_Nana,3089.70555859981,3090.59660584811,3300.0,17,Whistle5754,/lustre/fsn1/projects/rech/vzf/uqe97pu/raw_data/all_categories/SW_NanaExp_15_Feb_2020_1045am3089.70555859981_3090.59660584811.wav
2520,Exp_12_Feb_2020_1145am,SW_Nana,290.271656233515,291.318115860844,3300.0,17,Whistle5697,/lustre/fsn1/projects/rech/vzf/uqe97pu/raw_data/all_categories/SW_NanaExp_12_Feb_2020_1145am290.271656233515_291.318115860844.wav
2756,Exp_17_Feb_2020_1145am,SW_Nana,2462.68187973474,2463.45469901184,3300.0,24,Whistle5500,/lustre/fsn1/projects/rech/vzf/uqe97pu/raw_data/all_categories/SW_NanaExp_17_Feb_2020_1145am2462.68187973474_2463.45469901184.wav
2416,Exp_17_Dec_2019_1045am,SW_Nana,2459.28245297713,2460.18464173215,3300.0,16,Whistle5840,/lustre/fsn1/projects/rech/vzf/uqe97pu/raw_data/all_categories/SW_NanaExp_17_Dec_2019_1045am2459.28245297713_2460.18464173215.wav
2671,Exp_17_Feb_2020_1145am,SW_Nana,2365.4763702327,2365.8556691966,3300.0,21,Whistle5492,/lustre/fsn1/projects/rech/vzf/uqe97pu/raw_data/all_categories/SW_NanaExp_17_Feb_2020_1145am2365.4763702327_2365.8556691966.wav
2572,Exp_09_Jan_2020_1145am,SW_Nana,1136.76438124841,1137.87026360135,3300.0,18,Whistle5200,/lustre/fsn1/projects/rech/vzf/uqe97pu/raw_data/all_categories/SW_NanaExp_09_Jan_2020_1145am1136.76438124841_1137.87026360135.wav
2651,Exp_14_Jan_2020_1245pm,SW_Nana,1799.17865821871,1799.75959051037,3300.0,20,Whistle5631,/lustre/fsn1/projects/rech/vzf/uqe97pu/raw_data/all_categories/SW_NanaExp_14_Jan_2020_1245pm1799.17865821871_1799.75959051037.wav
2517,Exp_12_Dec_2019_1245pm,SW_Nana,1838.41443683544,1839.44479864736,3300.0,17,Whistle5652,/lustre/fsn1/projects/rech/vzf/uqe97pu/raw_data/all_categories/SW_NanaExp_12_Dec_2019_1245pm1838.41443683544_1839.44479864736.wav
2392,Exp_15_Dec_2019_1545pm,SW_Nana,481.387721890904,482.338690246582,3300.0,16,Whistle5743,/lustre/fsn1/projects/rech/vzf/uqe97pu/raw_data/all_categories/SW_NanaExp_15_Dec_2019_1545pm481.387721890904_482.338690246582.wav
2661,Exp_09_Feb_2020_1345pm,SW_Nana,1444.21251364695,1444.78698423519,3300.0,21,Whistle5231,/lustre/fsn1/projects/rech/vzf/uqe97pu/raw_data/all_categories/SW_NanaExp_09_Feb_2020_1345pm1444.21251364695_1444.78698423519.wav
2457,Exp_24_Nov_2019_1545pm,SW_Nana,232.728376075319,233.64866509266,3000.0,16,Whistle6032,/lustre/fsn1/projects/rech/vzf/uqe97pu/raw_data/all_categories/SW_NanaExp_24_Nov_2019_1545pm232.728376075319_233.64866509266.wav
2595,Exp_04_Jan_2020_0945am,SW_Nana,418.921638295228,420.278732291291,3300.0,19,Whistle5088,/lustre/fsn1/projects/rech/vzf/uqe97pu/raw_data/all_categories/SW_NanaExp_04_Jan_2020_0945am418.921638295228_420.278732291291.wav
2753,Exp_17_Jan_2020_1545pm,SW_Nana,439.496333625253,441.172055216163,3300.0,24,Whistle5442,/lustre/fsn1/projects/rech/vzf/uqe97pu/raw_data/all_categories/SW_NanaExp_17_Jan_2020_1545pm439.496333625253_441.172055216163.wav
2720,Exp_05_Jan_2020_1545pm,SW_Nana,366.450998543767,366.949665210433,3300.0,23,Whistle5242,/lustre/fsn1/projects/rech/vzf/uqe97pu/raw_data/all_categories/SW_NanaExp_05_Jan_2020_1545pm366.450998543767_366.949665210433.wav
2575,Exp_09_Mar_2020_1545pm,SW_Nana,915.925221091594,916.880306597387,3000.0,18,Whistle5208,/lustre/fsn1/projects/rech/vzf/uqe97pu/raw_data/all_categories/SW_NanaExp_09_Mar_2020_1545pm915.925221091594_916.880306597387.wav
2516,Exp_17_Feb_2020_1145am,SW_Nana,2341.10709608211,2341.86574191544,3300.0,17,Whistle5638,/lustre/fsn1/projects/rech/vzf/uqe97pu/raw_data/all_categories/SW_NanaExp_17_Feb_2020_1145am2341.10709608211_2341.86574191544.wav
2690,Exp_26_Nov_2019_1345pm,SW_Nana,442.385378502834,443.216246375641,3000.0,22,Whistle5318,/lustre/fsn1/projects/rech/vzf/uqe97pu/raw_data/all_categories/SW_NanaExp_26_Nov_2019_1345pm442.385378502834_443.216246375641.wav
2599,Exp_11_Mar_2020_1145am,SW_Nana,139.384992926942,140.251273059583,3000.0,19,Whistle5248,/lustre/fsn1/projects/rech/vzf/uqe97pu/raw_data/all_categories/SW_NanaExp_11_Mar_2020_1145am139.384992926942_140.251273059583.wav
2325,Exp_14_Jan_2020_1245pm,SW_Nana,2555.21100633491,2556.16904057583,3300.0,16,Whistle5365,/lustre/fsn1/projects/rech/vzf/uqe97pu/raw_data/all_categories/SW_NanaExp_14_Jan_2020_1245pm2555.21100633491_2556.16904057583.wav
2431,Exp_17_Jan_2020_1245pm,SW_Nana,2147.31268990633,2148.1587114117,3300.0,16,Whistle5973,/lustre/fsn1/projects/rech/vzf/uqe97pu/raw_data/all_categories/SW_NanaExp_17_Jan_2020_1245pm2147.31268990633_2148.1587114117.wav
2314,Exp_17_Dec_2019_1545pm,SW_Nana,1355.53552515653,1355.92554005139,3300.0,16,Whistle5301,/lustre/fsn1/projects/rech/vzf/uqe97pu/raw_data/all_categories/SW_NanaExp_17_Dec_2019_1545pm1355.53552515653_1355.92554005139.wav
2749,Exp_05_Mar_2020_1145am,SW_Nana,1933.46644555482,1934.16142750428,3000.0,24,Whistle5243,/lustre/fsn1/projects/rech/vzf/uqe97pu/raw_data/all_categories/SW_NanaExp_05_Mar_2020_1145am1933.46644555482_1934.16142750428.wav
2254,Exp_05_Feb_2020_1545pm,SW_Nana,568.506723353707,569.357452167266,3300.0,16,Whistle5115,/lustre/fsn1/projects/rech/vzf/uqe97pu/raw_data/all_categories/SW_NanaExp_05_Feb_2020_1545pm568.506723353707_569.357452167266.wav
2461,Exp_23_Nov_2019_1145am,SW_Nana,1202.5705649836,1203.38182957504,3000.0,16,Whistle6025,/lustre/fsn1/projects/rech/vzf/uqe97pu/raw_data/all_categories/SW_NanaExp_23_Nov_2019_1145am1202.5705649836_1203.38182957504.wav
2394,Exp_15_Feb_2020_0945am,SW_Nana,423.587026871279,424.724023775304,3300.0,16,Whistle5749,/lustre/fsn1/projects/rech/vzf/uqe97pu/raw_data/all_categories/SW_NanaExp_15_Feb_2020_0945am423.587026871279_424.724023775304.wav
2423,Exp_17_Dec_2019_1145am,SW_Nana,3247.71984218134,3248.78553174792,3300.0,16,Whistle5865,/lustre/fsn1/projects/rech/vzf/uqe97pu/raw_data/all_categories/SW_NanaExp_17_Dec_2019_1145am3247.71984218134_3248.78553174792.wav
2641,Exp_17_Feb_2020_1345pm,SW_Nana,37.184357565178,37.9417087556542,3300.0,20,Whistle5440,/lustre/fsn1/projects/rech/vzf/uqe97pu/raw_data/all_categories/SW_NanaExp_17_Feb_2020_1345pm37.184357565178_37.9417087556542.wav
2258,Exp_06_Dec_2019_1245pm,SW_Nana,116.070852380911,117.051889532614,3000.0,16,Whistle5149,/lustre/fsn1/projects/rech/vzf/uqe97pu/raw_data/all_categories/SW_NanaExp_06_Dec_2019_1245pm116.070852380911_117.051889532614.wav
2670,Exp_17_Feb_2020_1145am,SW_Nana,2361.0365618468,2361.41583097248,3300.0,21,Whistle5488,/lustre/fsn1/projects/rech/vzf/uqe97pu/raw_data/all_categories/SW_NanaExp_17_Feb_2020_1145am2361.0365618468_2361.41583097248.wav
2295,Exp_21_Nov_2019_1345pm,SW_Nana,1091.96811996594,1092.90986128539,3600.0,16,Whistle5264,/lustre/fsn1/projects/rech/vzf/uqe97pu/raw_data/all_categories/SW_NanaExp_21_Nov_2019_1345pm1091.96811996594_1092.90986128539.wav
2492,Exp_09_Feb_2020_1345pm,SW_Nana,1457.40441758914,1458.39309015552,3300.0,17,Whistle5192,/lustre/fsn1/projects/rech/vzf/uqe97pu/raw_data/all_categories/SW_NanaExp_09_Feb_2020_1345pm1457.40441758914_1458.39309015552.wav
2637,Exp_13_Dec_2019_1145am,SW_Nana,824.265632607656,825.267655675479,3300.0,20,Whistle5414,/lustre/fsn1/projects/rech/vzf/uqe97pu/raw_data/all_categories/SW_NanaExp_13_Dec_2019_1145am824.265632607656_825.267655675479.wav
2680,Exp_23_Nov_2019_1545pm,SW_Nana,397.295586514261,397.975619860298,3000.0,22,Whistle5266,/lustre/fsn1/projects/rech/vzf/uqe97pu/raw_data/all_categories/SW_NanaExp_23_Nov_2019_1545pm397.295586514261_397.975619860298.wav
2397,Exp_15_Feb_2020_1045am,SW_Nana,3082.84088829223,3083.53146319907,3300.0,16,Whistle5758,/lustre/fsn1/projects/rech/vzf/uqe97pu/raw_data/all_categories/SW_NanaExp_15_Feb_2020_1045am3082.84088829223_3083.53146319907.wav
2264,Exp_07_Dec_2019_0945am,SW_Nana,2984.41404428498,2985.26902962223,3300.0,16,Whistle5161,/lustre/fsn1/projects/rech/vzf/uqe97pu/raw_data/all_categories/SW_NanaExp_07_Dec_2019_0945am2984.41404428498_2985.26902962223.wav
2501,Exp_17_Feb_2020_1145am,SW_Nana,2949.83312382776,2950.66700507776,3300.0,17,Whistle5303,/lustre/fsn1/projects/rech/vzf/uqe97pu/raw_data/all_categories/SW_NanaExp_17_Feb_2020_1145am2949.83312382776_2950.66700507776.wav
2281,Exp_10_Feb_2020_1545pm,SW_Nana,279.265847472265,280.287132301986,3300.0,16,Whistle5214,/lustre/fsn1/projects/rech/vzf/uqe97pu/raw_data/all_categories/SW_NanaExp_10_Feb_2020_1545pm279.265847472265_280.287132301986.wav
2555,Exp_05_Feb_2020_0945am,SW_Nana,756.607320220405,757.863888735278,3300.0,18,Whistle5112,/lustre/fsn1/projects/rech/vzf/uqe97pu/raw_data/all_categories/SW_NanaExp_05_Feb_2020_0945am756.607320220405_757.863888735278.wav
2742,Exp_04_Jan_2020_1045am,SW_Nana,1993.84154082476,1995.39057308283,3300.0,24,Whistle5234,/lustre/fsn1/projects/rech/vzf/uqe97pu/raw_data/all_categories/SW_NanaExp_04_Jan_2020_1045am1993.84154082476_1995.39057308283.wav
2585,Exp_17_Dec_2019_0945am,SW_Nana,1631.36593553269,1632.80360309301,3300.0,18,Whistle5830,/lustre/fsn1/projects/rech/vzf/uqe97pu/raw_data/all_categories/SW_NanaExp_17_Dec_2019_0945am1631.36593553269_1632.80360309301.wav
2629,Exp_07_Jan_2020_1345pm,SW_Nana,529.025016145317,529.721556429677,3300.0,20,Whistle5227,/lustre/fsn1/projects/rech/vzf/uqe97pu/raw_data/all_categories/SW_NanaExp_07_Jan_2020_1345pm529.025016145317_529.721556429677.wav
2365,Exp_17_Feb_2020_1345pm,SW_Nana,54.9610522921006,56.2227885242275,3300.0,16,Whistle5664,/lustre/fsn1/projects/rech/vzf/uqe97pu/raw_data/all_categories/SW_NanaExp_17_Feb_2020_1345pm54.9610522921006_56.2227885242275.wav
2577,Exp_14_Dec_2019_0945am,SW_Nana,1034.60545780711,1035.82105034891,3300.0,18,Whistle5362,/lustre/fsn1/projects/rech/vzf/uqe97pu/raw_data/all_categories/SW_NanaExp_14_Dec_2019_0945am1034.60545780711_1035.82105034891.wav
2270,Exp_07_Mar_2020_0845am,SW_Nana,101.742591886718,102.60529458942,3000.0,16,Whistle5177,/lustre/fsn1/projects/rech/vzf/uqe97pu/raw_data/all_categories/SW_NanaExp_07_Mar_2020_0845am101.742591886718_102.60529458942.wav
2352,Exp_20_Nov_2019_1145am,SW_Nana,2816.87669196474,2817.48980951061,3600.0,16,Whistle5573,/lustre/fsn1/projects/rech/vzf/uqe97pu/raw_data/all_categories/SW_NanaExp_20_Nov_2019_1145am2816.87669196474_2817.48980951061.wav
2657,Exp_17_Jan_2020_1245pm,SW_Nana,3180.12698110257,3180.62167009778,3300.0,20,Whistle5968,/lustre/fsn1/projects/rech/vzf/uqe97pu/raw_data/all_categories/SW_NanaExp_17_Jan_2020_1245pm3180.12698110257_3180.62167009778.wav
2464,Exp_01_Feb_2020_1145am,SW_Nana,3037.86684156029,3038.69701936201,3300.0,17,Whistle5084,/lustre/fsn1/projects/rech/vzf/uqe97pu/raw_data/all_categories/SW_NanaExp_01_Feb_2020_1145am3037.86684156029_3038.69701936201.wav
2644,Exp_26_Nov_2019_1145am,SW_Nana,1788.17096123654,1789.36330634103,3000.0,20,Whistle5658,/lustre/fsn1/projects/rech/vzf/uqe97pu/raw_data/all_categories/SW_NanaExp_26_Nov_2019_1145am1788.17096123654_1789.36330634103.wav
2296,Exp_23_Nov_2019_1545pm,SW_Nana,1402.11366876592,1403.18628412975,3000.0,16,Whistle5265,/lustre/fsn1/projects/rech/vzf/uqe97pu/raw_data/all_categories/SW_NanaExp_23_Nov_2019_1545pm1402.11366876592_1403.18628412975.wav
2747,Exp_06_Dec_2019_1245pm,SW_Nana,104.126986762087,105.66032009542,3000.0,24,Whistle5236,/lustre/fsn1/projects/rech/vzf/uqe97pu/raw_data/all_categories/SW_NanaExp_06_Dec_2019_1245pm104.126986762087_105.66032009542.wav
2263,Exp_07_Dec_2019_0845am,SW_Nana,1112.72837311628,1113.71947218749,3300.0,16,Whistle5160,/lustre/fsn1/projects/rech/vzf/uqe97pu/raw_data/all_categories/SW_NanaExp_07_Dec_2019_0845am1112.72837311628_1113.71947218749.wav
2256,Exp_06_Dec_2019_0945am,SW_Nana,825.5637500819,826.428799324325,3000.0,16,Whistle5124,/lustre/fsn1/projects/rech/vzf/uqe97pu/raw_data/all_categories/SW_NanaExp_06_Dec_2019_0945am825.5637500819_826.428799324325.wav
2486,Exp_07_Dec_2019_1345pm,SW_Nana,1990.75347775026,1991.55346207627,3300.0,17,Whistle5164,/lustre/fsn1/projects/rech/vzf/uqe97pu/raw_data/all_categories/SW_NanaExp_07_Dec_2019_1345pm1990.75347775026_1991.55346207627.wav
2305,Exp_15_Feb_2020_1045am,SW_Nana,3087.34264517469,3088.14301976078,3300.0,16,Whistle5287,/lustre/fsn1/projects/rech/vzf/uqe97pu/raw_data/all_categories/SW_NanaExp_15_Feb_2020_1045am3087.34264517469_3088.14301976078.wav
2470,Exp_04_Jan_2020_1545pm,SW_Nana,1429.4393322404,1430.86263136064,3300.0,17,Whistle5111,/lustre/fsn1/projects/rech/vzf/uqe97pu/raw_data/all_categories/SW_NanaExp_04_Jan_2020_1545pm1429.4393322404_1430.86263136064.wav
2609,Exp_16_Feb_2020_1245pm,SW_Nana,1523.88461843824,1525.49320646326,3300.0,19,Whistle5787,/lustre/fsn1/projects/rech/vzf/uqe97pu/raw_data/all_categories/SW_NanaExp_16_Feb_2020_1245pm1523.88461843824_1525.49320646326.wav
2333,Exp_17_Feb_2020_1145am,SW_Nana,2373.14238388025,2373.56204549967,3300.0,16,Whistle5496,/lustre/fsn1/projects/rech/vzf/uqe97pu/raw_data/all_categories/SW_NanaExp_17_Feb_2020_1145am2373.14238388025_2373.56204549967.wav
2448,Exp_21_Nov_2019_1345pm,SW_Nana,573.337905746848,574.264101033043,3600.0,16,Whistle6010,/lustre/fsn1/projects/rech/vzf/uqe97pu/raw_data/all_categories/SW_NanaExp_21_Nov_2019_1345pm573.337905746848_574.264101033043.wav
2736,Exp_17_Dec_2019_1045am,SW_Nana,2460.97162467411,2461.18016336459,3300.0,24,Whistle5474,/lustre/fsn1/projects/rech/vzf/uqe97pu/raw_data/all_categories/SW_NanaExp_17_Dec_2019_1045am2460.97162467411_2461.18016336459.wav
2262,Exp_06_Jan_2020_1345pm,SW_Nana,545.947956623647,546.702605423957,3300.0,16,Whistle5158,/lustre/fsn1/projects/rech/vzf/uqe97pu/raw_data/all_categories/SW_NanaExp_06_Jan_2020_1345pm545.947956623647_546.702605423957.wav
2561,Exp_06_Dec_2019_1245pm,SW_Nana,113.901978897349,114.79252748669,3000.0,18,Whistle5131,/lustre/fsn1/projects/rech/vzf/uqe97pu/raw_data/all_categories/SW_NanaExp_06_Dec_2019_1245pm113.901978897349_114.79252748669.wav
2510,Exp_17_Feb_2020_1145am,SW_Nana,2363.9643595073,2364.7030627636,3300.0,17,Whistle5436,/lustre/fsn1/projects/rech/vzf/uqe97pu/raw_data/all_categories/SW_NanaExp_17_Feb_2020_1145am2363.9643595073_2364.7030627636.wav
2664,Exp_16_Jan_2020_0945am,SW_Nana,2676.90653945347,2677.3337946618,3300.0,21,Whistle5466,/lustre/fsn1/projects/rech/vzf/uqe97pu/raw_data/all_categories/SW_NanaExp_16_Jan_2020_0945am2676.90653945347_2677.3337946618.wav
2244,Exp_04_Jan_2020_1145am,SW_Nana,2414.74981168491,2415.39915964367,3300.0,16,Whistle5094,/lustre/fsn1/projects/rech/vzf/uqe97pu/raw_data/all_categories/SW_NanaExp_04_Jan_2020_1145am2414.74981168491_2415.39915964367.wav
2355,Exp_26_Nov_2019_1145am,SW_Nana,1787.13244502238,1789.34589901543,3000.0,16,Whistle5580,/lustre/fsn1/projects/rech/vzf/uqe97pu/raw_data/all_categories/SW_NanaExp_26_Nov_2019_1145am1787.13244502238_1789.34589901543.wav
2284,Exp_02_Jan_2020_1045am,SW_Nana,157.655889664641,158.683509534044,3300.0,16,Whistle5218,/lustre/fsn1/projects/rech/vzf/uqe97pu/raw_data/all_categories/SW_NanaExp_02_Jan_2020_1045am157.655889664641_158.683509534044.wav
2563,Exp_06_Dec_2019_1245pm,SW_Nana,134.950236968386,135.664078803971,3000.0,18,Whistle5137,/lustre/fsn1/projects/rech/vzf/uqe97pu/raw_data/all_categories/SW_NanaExp_06_Dec_2019_1245pm134.950236968386_135.664078803971.wav
2255,Exp_05_Jan_2020_1345pm,SW_Nana,1211.73187795133,1212.56317566125,3300.0,16,Whistle5119,/lustre/fsn1/projects/rech/vzf/uqe97pu/raw_data/all_categories/SW_NanaExp_05_Jan_2020_1345pm1211.73187795133_1212.56317566125.wav
2724,Exp_11_Dec_2019_1145am,SW_Nana,869.113467417073,869.437569981175,3300.0,23,Whistle5591,/lustre/fsn1/projects/rech/vzf/uqe97pu/raw_data/all_categories/SW_NanaExp_11_Dec_2019_1145am869.113467417073_869.437569981175.wav
2610,Exp_16_Feb_2020_1345pm,SW_Nana,545.831654641378,546.769671882757,3300.0,19,Whistle5790,/lustre/fsn1/projects/rech/vzf/uqe97pu/raw_data/all_categories/SW_NanaExp_16_Feb_2020_1345pm545.831654641378_546.769671882757.wav
2242,Exp_04_Jan_2020_1145am,SW_Nana,539.961636853445,540.702546617501,3300.0,16,Whistle5092,/lustre/fsn1/projects/rech/vzf/uqe97pu/raw_data/all_categories/SW_NanaExp_04_Jan_2020_1145am539.961636853445_540.702546617501.wav
2696,Exp_13_Dec_2019_1345pm,SW_Nana,521.290686702543,521.549325445013,3300.0,22,Whistle5533,/lustre/fsn1/projects/rech/vzf/uqe97pu/raw_data/all_categories/SW_NanaExp_13_Dec_2019_1345pm521.290686702543_521.549325445013.wav
2442,Exp_21_Nov_2019_0945am,SW_Nana,2051.13133077444,2052.36911558457,3600.0,16,Whistle5999,/lustre/fsn1/projects/rech/vzf/uqe97pu/raw_data/all_categories/SW_NanaExp_21_Nov_2019_0945am2051.13133077444_2052.36911558457.wav
2299,Exp_12_Feb_2020_1145am,SW_Nana,1788.87084072193,1790.20126356143,3300.0,16,Whistle5272,/lustre/fsn1/projects/rech/vzf/uqe97pu/raw_data/all_categories/SW_NanaExp_12_Feb_2020_1145am1788.87084072193_1790.20126356143.wav
2349,Exp_17_Feb_2020_1145am,SW_Nana,2944.9158169095,2945.78285414018,3300.0,16,Whistle5564,/lustre/fsn1/projects/rech/vzf/uqe97pu/raw_data/all_categories/SW_NanaExp_17_Feb_2020_1145am2944.9158169095_2945.78285414018.wav
2750,Exp_08_Dec_2019_1545pm,SW_Nana,1064.67589977626,1065.72146127359,3300.0,24,Whistle5245,/lustre/fsn1/projects/rech/vzf/uqe97pu/raw_data/all_categories/SW_NanaExp_08_Dec_2019_1545pm1064.67589977626_1065.72146127359.wav
2701,Exp_16_Jan_2020_0945am,SW_Nana,129.113653066546,129.980281576925,3300.0,22,Whistle5554,/lustre/fsn1/projects/rech/vzf/uqe97pu/raw_data/all_categories/SW_NanaExp_16_Jan_2020_0945am129.113653066546_129.980281576925.wav
2268,Exp_07_Jan_2020_0945am,SW_Nana,2476.55210508854,2477.30583643183,3300.0,16,Whistle5172,/lustre/fsn1/projects/rech/vzf/uqe97pu/raw_data/all_categories/SW_NanaExp_07_Jan_2020_0945am2476.55210508854_2477.30583643183.wav
2443,Exp_21_Nov_2019_0945am,SW_Nana,2062.47690366534,2063.47858151769,3600.0,16,Whistle6000,/lustre/fsn1/projects/rech/vzf/uqe97pu/raw_data/all_categories/SW_NanaExp_21_Nov_2019_0945am2062.47690366534_2063.47858151769.wav
2519,Exp_12_Dec_2019_1245pm,SW_Nana,1810.86641211365,1811.84960539096,3300.0,17,Whistle5686,/lustre/fsn1/projects/rech/vzf/uqe97pu/raw_data/all_categories/SW_NanaExp_12_Dec_2019_1245pm1810.86641211365_1811.84960539096.wav
2265,Exp_07_Dec_2019_0945am,SW_Nana,2906.26380746608,2906.84790640601,3300.0,16,Whistle5162,/lustre/fsn1/projects/rech/vzf/uqe97pu/raw_data/all_categories/SW_NanaExp_07_Dec_2019_0945am2906.26380746608_2906.84790640601.wav
2246,Exp_04_Jan_2020_1345pm,SW_Nana,1478.66596208687,1479.49584882874,3300.0,16,Whistle5096,/lustre/fsn1/projects/rech/vzf/uqe97pu/raw_data/all_categories/SW_NanaExp_04_Jan_2020_1345pm1478.66596208687_1479.49584882874.wav
2420,Exp_17_Dec_2019_1045am,SW_Nana,2444.22028517335,2445.01014585446,3300.0,16,Whistle5855,/lustre/fsn1/projects/rech/vzf/uqe97pu/raw_data/all_categories/SW_NanaExp_17_Dec_2019_1045am2444.22028517335_2445.01014585446.wav
2712,Exp_28_Nov_2019_0945am,SW_Nana,2462.20968599325,2462.87986109052,3000.0,22,Whistle5663,/lustre/fsn1/projects/rech/vzf/uqe97pu/raw_data/all_categories/SW_NanaExp_28_Nov_2019_0945am2462.20968599325_2462.87986109052.wav
2347,Exp_16_Feb_2020_1545pm,SW_Nana,196.252878529306,197.416040362879,3300.0,16,Whistle5553,/lustre/fsn1/projects/rech/vzf/uqe97pu/raw_data/all_categories/SW_NanaExp_16_Feb_2020_1545pm196.252878529306_197.416040362879.wav
2276,Exp_09_Feb_2020_0945am,SW_Nana,1154.93350040455,1156.12057363309,3300.0,16,Whistle5189,/lustre/fsn1/projects/rech/vzf/uqe97pu/raw_data/all_categories/SW_NanaExp_09_Feb_2020_0945am1154.93350040455_1156.12057363309.wav
2396,Exp_15_Feb_2020_1045am,SW_Nana,3086.05115549538,3086.75610764497,3300.0,16,Whistle5762,/lustre/fsn1/projects/rech/vzf/uqe97pu/raw_data/all_categories/SW_NanaExp_15_Feb_2020_1045am3086.05115549538_3086.75610764497.wav
2728,Exp_11_Jan_2020_0945am,SW_Nana,711.46259416719,711.734292280398,3300.0,23,Whistle5673,/lustre/fsn1/projects/rech/vzf/uqe97pu/raw_data/all_categories/SW_NanaExp_11_Jan_2020_0945am711.46259416719_711.734292280398.wav
2357,Exp_17_Feb_2020_1145am,SW_Nana,2953.98284660869,2954.8135062393,3300.0,16,Whistle5597,/lustre/fsn1/projects/rech/vzf/uqe97pu/raw_data/all_categories/SW_NanaExp_17_Feb_2020_1145am2953.98284660869_2954.8135062393.wav
2353,Exp_21_Nov_2019_0945am,SW_Nana,2052.85889892226,2053.51417164208,3600.0,16,Whistle5574,/lustre/fsn1/projects/rech/vzf/uqe97pu/raw_data/all_categories/SW_NanaExp_21_Nov_2019_0945am2052.85889892226_2053.51417164208.wav
2662,Exp_15_Feb_2020_0945am,SW_Nana,420.489608140227,420.970165800159,3300.0,21,Whistle5459,/lustre/fsn1/projects/rech/vzf/uqe97pu/raw_data/all_categories/SW_NanaExp_15_Feb_2020_0945am420.489608140227_420.970165800159.wav
2414,Exp_16_Nov_2019_1345pm,SW_Nana,437.806780697258,438.933802640831,3600.0,16,Whistle5827,/lustre/fsn1/projects/rech/vzf/uqe97pu/raw_data/all_categories/SW_NanaExp_16_Nov_2019_1345pm437.806780697258_438.933802640831.wav
2600,Exp_16_Feb_2020_1545pm,SW_Nana,188.891812670959,190.374974337626,3300.0,19,Whistle5374,/lustre/fsn1/projects/rech/vzf/uqe97pu/raw_data/all_categories/SW_NanaExp_16_Feb_2020_1545pm188.891812670959_190.374974337626.wav
2687,Exp_16_Nov_2019_0545am,SW_Nana,1999.06105948164,1999.60770992412,3600.0,22,Whistle5296,/lustre/fsn1/projects/rech/vzf/uqe97pu/raw_data/all_categories/SW_NanaExp_16_Nov_2019_0545am1999.06105948164_1999.60770992412.wav
2383,Exp_14_Jan_2020_0945am,SW_Nana,3066.0808614276,3066.74631597306,3300.0,16,Whistle5726,/lustre/fsn1/projects/rech/vzf/uqe97pu/raw_data/all_categories/SW_NanaExp_14_Jan_2020_0945am3066.0808614276_3066.74631597306.wav
2433,Exp_17_Jan_2020_1545pm,SW_Nana,227.526869626313,228.784633601468,3300.0,16,Whistle5977,/lustre/fsn1/projects/rech/vzf/uqe97pu/raw_data/all_categories/SW_NanaExp_17_Jan_2020_1545pm227.526869626313_228.784633601468.wav
2623,Exp_02_Mar_2020_1145am,SW_Nana,2145.63215344051,2146.54052553353,3000.0,20,Whistle5220,/lustre/fsn1/projects/rech/vzf/uqe97pu/raw_data/all_categories/SW_NanaExp_02_Mar_2020_1145am2145.63215344051_2146.54052553353.wav
2635,Exp_16_Feb_2020_1245pm,SW_Nana,1527.72334020695,1528.77668569306,3300.0,20,Whistle5373,/lustre/fsn1/projects/rech/vzf/uqe97pu/raw_data/all_categories/SW_NanaExp_16_Feb_2020_1245pm1527.72334020695_1528.77668569306.wav
2621,Exp_07_Mar_2020_0845am,SW_Nana,1587.15029116764,1587.96601554926,3000.0,20,Whistle5178,/lustre/fsn1/projects/rech/vzf/uqe97pu/raw_data/all_categories/SW_NanaExp_07_Mar_2020_0845am1587.15029116764_1587.96601554926.wav
2476,Exp_06_Dec_2019_1245pm,SW_Nana,136.017752750085,136.746629755433,3000.0,17,Whistle5138,/lustre/fsn1/projects/rech/vzf/uqe97pu/raw_data/all_categories/SW_NanaExp_06_Dec_2019_1245pm136.017752750085_136.746629755433.wav
2592,Exp_08_Dec_2019_1545pm,SW_Nana,8.84502801523641,10.0767773265312,3300.0,18,Whistle5240,/lustre/fsn1/projects/rech/vzf/uqe97pu/raw_data/all_categories/SW_NanaExp_08_Dec_2019_1545pm8.84502801523641_10.0767773265312.wav
2704,Exp_17_Dec_2019_1345pm,SW_Nana,673.739956794737,674.566232799465,3300.0,22,Whistle5561,/lustre/fsn1/projects/rech/vzf/uqe97pu/raw_data/all_categories/SW_NanaExp_17_Dec_2019_1345pm673.739956794737_674.566232799465.wav
2380,Exp_14_Dec_2019_0945am,SW_Nana,1065.84465846,1066.59053147588,3300.0,16,Whistle5718,/lustre/fsn1/projects/rech/vzf/uqe97pu/raw_data/all_categories/SW_NanaExp_14_Dec_2019_0945am1065.84465846_1066.59053147588.wav
2619,Exp_05_Mar_2020_1145am,SW_Nana,1342.90739149209,1344.03944478362,3000.0,20,Whistle5123,/lustre/fsn1/projects/rech/vzf/uqe97pu/raw_data/all_categories/SW_NanaExp_05_Mar_2020_1145am1342.90739149209_1344.03944478362.wav
2306,Exp_16_Dec_2019_1545pm,SW_Nana,806.041254390228,807.032676987327,3300.0,16,Whistle5290,/lustre/fsn1/projects/rech/vzf/uqe97pu/raw_data/all_categories/SW_NanaExp_16_Dec_2019_1545pm806.041254390228_807.032676987327.wav
2551,Exp_17_Feb_2020_1145am,SW_Nana,2361.59939428883,2362.43035096753,3300.0,17,Whistle5957,/lustre/fsn1/projects/rech/vzf/uqe97pu/raw_data/all_categories/SW_NanaExp_17_Feb_2020_1145am2361.59939428883_2362.43035096753.wav
2407,Exp_16_Jan_2020_1145am,SW_Nana,271.760824123709,273.238706161243,3300.0,16,Whistle5806,/lustre/fsn1/projects/rech/vzf/uqe97pu/raw_data/all_categories/SW_NanaExp_16_Jan_2020_1145am271.760824123709_273.238706161243.wav
2427,Exp_17_Jan_2020_1145am,SW_Nana,1953.28205863423,1954.41346889064,3300.0,16,Whistle5966,/lustre/fsn1/projects/rech/vzf/uqe97pu/raw_data/all_categories/SW_NanaExp_17_Jan_2020_1145am1953.28205863423_1954.41346889064.wav
2514,Exp_23_Nov_2019_0945am,SW_Nana,2328.60118174699,2329.38289738444,3000.0,17,Whistle5578,/lustre/fsn1/projects/rech/vzf/uqe97pu/raw_data/all_categories/SW_NanaExp_23_Nov_2019_0945am2328.60118174699_2329.38289738444.wav
2631,Exp_02_Jan_2020_1045am,SW_Nana,153.565198098565,154.184892755053,3300.0,20,Whistle5233,/lustre/fsn1/projects/rech/vzf/uqe97pu/raw_data/all_categories/SW_NanaExp_02_Jan_2020_1045am153.565198098565_154.184892755053.wav
2726,Exp_11_Dec_2019_1145am,SW_Nana,2610.10791002397,2610.51773145254,3300.0,23,Whistle5667,/lustre/fsn1/projects/rech/vzf/uqe97pu/raw_data/all_categories/SW_NanaExp_11_Dec_2019_1145am2610.10791002397_2610.51773145254.wav
2432,Exp_17_Jan_2020_1345pm,SW_Nana,275.240834669196,276.743850754987,3300.0,16,Whistle5976,/lustre/fsn1/projects/rech/vzf/uqe97pu/raw_data/all_categories/SW_NanaExp_17_Jan_2020_1345pm275.240834669196_276.743850754987.wav
2320,Exp_27_Nov_2019_1145am,SW_Nana,1566.3940928844,1567.10974985005,3000.0,16,Whistle5320,/lustre/fsn1/projects/rech/vzf/uqe97pu/raw_data/all_categories/SW_NanaExp_27_Nov_2019_1145am1566.3940928844_1567.10974985005.wav
2348,Exp_17_Feb_2020_1145am,SW_Nana,1509.24028722779,1510.45432917101,3300.0,16,Whistle5562,/lustre/fsn1/projects/rech/vzf/uqe97pu/raw_data/all_categories/SW_NanaExp_17_Feb_2020_1145am1509.24028722779_1510.45432917101.wav
2686,Exp_15_Jan_2020_1245pm,SW_Nana,3064.82696593364,3065.73714753741,3300.0,22,Whistle5288,/lustre/fsn1/projects/rech/vzf/uqe97pu/raw_data/all_categories/SW_NanaExp_15_Jan_2020_1245pm3064.82696593364_3065.73714753741.wav
2384,Exp_14_Jan_2020_0945am,SW_Nana,3073.29006597397,3074.14112332164,3300.0,16,Whistle5727,/lustre/fsn1/projects/rech/vzf/uqe97pu/raw_data/all_categories/SW_NanaExp_14_Jan_2020_0945am3073.29006597397_3074.14112332164.wav
2331,Exp_21_Nov_2019_0945am,SW_Nana,829.313100910383,830.712320453253,3600.0,16,Whistle5445,/lustre/fsn1/projects/rech/vzf/uqe97pu/raw_data/all_categories/SW_NanaExp_21_Nov_2019_0945am829.313100910383_830.712320453253.wav
2391,Exp_15_Dec_2019_1545pm,SW_Nana,932.213081229493,933.365405144562,3300.0,16,Whistle5742,/lustre/fsn1/projects/rech/vzf/uqe97pu/raw_data/all_categories/SW_NanaExp_15_Dec_2019_1545pm932.213081229493_933.365405144562.wav
2691,Exp_27_Nov_2019_1145am,SW_Nana,1560.0132201008,1560.99970776528,3000.0,22,Whistle5319,/lustre/fsn1/projects/rech/vzf/uqe97pu/raw_data/all_categories/SW_NanaExp_27_Nov_2019_1145am1560.0132201008_1560.99970776528.wav
2649,Exp_11_Jan_2020_0945am,SW_Nana,537.226040390853,537.76125034231,3300.0,20,Whistle5619,/lustre/fsn1/projects/rech/vzf/uqe97pu/raw_data/all_categories/SW_NanaExp_11_Jan_2020_0945am537.226040390853_537.76125034231.wav
2606,Exp_11_Dec_2019_1145am,SW_Nana,45.3301379701151,46.6080017472048,3300.0,19,Whistle5668,/lustre/fsn1/projects/rech/vzf/uqe97pu/raw_data/all_categories/SW_NanaExp_11_Dec_2019_1145am45.3301379701151_46.6080017472048.wav
2322,Exp_28_Nov_2019_0945am,SW_Nana,1065.7083018073,1066.52487016667,3000.0,16,Whistle5323,/lustre/fsn1/projects/rech/vzf/uqe97pu/raw_data/all_categories/SW_NanaExp_28_Nov_2019_0945am1065.7083018073_1066.52487016667.wav
2342,Exp_15_Feb_2020_0945am,SW_Nana,130.202162736883,131.340485683058,3300.0,16,Whistle5543,/lustre/fsn1/projects/rech/vzf/uqe97pu/raw_data/all_categories/SW_NanaExp_15_Feb_2020_0945am130.202162736883_131.340485683058.wav
2404,Exp_16_Feb_2020_1345pm,SW_Nana,770.108652007072,770.623288370708,3300.0,16,Whistle5791,/lustre/fsn1/projects/rech/vzf/uqe97pu/raw_data/all_categories/SW_NanaExp_16_Feb_2020_1345pm770.108652007072_770.623288370708.wav
2402,Exp_16_Feb_2020_1245pm,SW_Nana,1519.87960630184,1520.99677505184,3300.0,16,Whistle5785,/lustre/fsn1/projects/rech/vzf/uqe97pu/raw_data/all_categories/SW_NanaExp_16_Feb_2020_1245pm1519.87960630184_1520.99677505184.wav
2438,Exp_20_Nov_2019_1145am,SW_Nana,182.85083758063,183.722956922194,3600.0,16,Whistle5993,/lustre/fsn1/projects/rech/vzf/uqe97pu/raw_data/all_categories/SW_NanaExp_20_Nov_2019_1145am182.85083758063_183.722956922194.wav
2727,Exp_11_Jan_2020_0945am,SW_Nana,671.247034687984,671.868034687984,3300.0,23,Whistle5672,/lustre/fsn1/projects/rech/vzf/uqe97pu/raw_data/all_categories/SW_NanaExp_11_Jan_2020_0945am671.247034687984_671.868034687984.wav
2313,Exp_17_Dec_2019_1145am,SW_Nana,3246.54299974378,3247.75524666482,3300.0,16,Whistle5300,/lustre/fsn1/projects/rech/vzf/uqe97pu/raw_data/all_categories/SW_NanaExp_17_Dec_2019_1145am3246.54299974378_3247.75524666482.wav
2559,Exp_06_Dec_2019_1245pm,SW_Nana,127.050805580201,127.764974140807,3000.0,18,Whistle5127,/lustre/fsn1/projects/rech/vzf/uqe97pu/raw_data/all_categories/SW_NanaExp_06_Dec_2019_1245pm127.050805580201_127.764974140807.wav
2587,Exp_17_Feb_2020_1145am,SW_Nana,2946.24960475522,2947.18507534345,3300.0,18,Whistle5901,/lustre/fsn1/projects/rech/vzf/uqe97pu/raw_data/all_categories/SW_NanaExp_17_Feb_2020_1145am2946.24960475522_2947.18507534345.wav
2731,Exp_16_Jan_2020_1245pm,SW_Nana,2470.6793820926,2471.12870698135,3300.0,23,Whistle5807,/lustre/fsn1/projects/rech/vzf/uqe97pu/raw_data/all_categories/SW_NanaExp_16_Jan_2020_1245pm2470.6793820926_2471.12870698135.wav
2358,Exp_16_Jan_2020_1245pm,SW_Nana,3121.96496879851,3123.07698467153,3300.0,16,Whistle5655,/lustre/fsn1/projects/rech/vzf/uqe97pu/raw_data/all_categories/SW_NanaExp_16_Jan_2020_1245pm3121.96496879851_3123.07698467153.wav
2615,Exp_04_Feb_2020_1145am,SW_Nana,606.211837611629,607.062705667185,3300.0,20,Whistle5087,/lustre/fsn1/projects/rech/vzf/uqe97pu/raw_data/all_categories/SW_NanaExp_04_Feb_2020_1145am606.211837611629_607.062705667185.wav
2549,Exp_17_Feb_2020_1145am,SW_Nana,2374.29803095027,2375.14826314841,3300.0,17,Whistle5923,/lustre/fsn1/projects/rech/vzf/uqe97pu/raw_data/all_categories/SW_NanaExp_17_Feb_2020_1145am2374.29803095027_2375.14826314841.wav
2504,Exp_17_Dec_2019_1045am,SW_Nana,2474.73115816537,2475.55288846156,3300.0,17,Whistle5348,/lustre/fsn1/projects/rech/vzf/uqe97pu/raw_data/all_categories/SW_NanaExp_17_Dec_2019_1045am2474.73115816537_2475.55288846156.wav
2607,Exp_12_Feb_2020_1145am,SW_Nana,68.6952087733599,70.2082784784537,3300.0,19,Whistle5689,/lustre/fsn1/projects/rech/vzf/uqe97pu/raw_data/all_categories/SW_NanaExp_12_Feb_2020_1145am68.6952087733599_70.2082784784537.wav
2656,Exp_17_Feb_2020_1545pm,SW_Nana,306.38592904827,306.841131360409,3300.0,20,Whistle5662,/lustre/fsn1/projects/rech/vzf/uqe97pu/raw_data/all_categories/SW_NanaExp_17_Feb_2020_1545pm306.38592904827_306.841131360409.wav
2488,Exp_07_Dec_2019_1345pm,SW_Nana,1988.35102651826,1989.25940733222,3300.0,17,Whistle5169,/lustre/fsn1/projects/rech/vzf/uqe97pu/raw_data/all_categories/SW_NanaExp_07_Dec_2019_1345pm1988.35102651826_1989.25940733222.wav
2505,Exp_16_Nov_2019_1045am,SW_Nana,2389.61682433271,2390.559178194,3600.0,17,Whistle5379,/lustre/fsn1/projects/rech/vzf/uqe97pu/raw_data/all_categories/SW_NanaExp_16_Nov_2019_1045am2389.61682433271_2390.559178194.wav
2673,Exp_17_Feb_2020_1145am,SW_Nana,2371.41674644602,2371.82345279523,3300.0,21,Whistle5495,/lustre/fsn1/projects/rech/vzf/uqe97pu/raw_data/all_categories/SW_NanaExp_17_Feb_2020_1145am2371.41674644602_2371.82345279523.wav
2546,Exp_24_Nov_2019_0945am,SW_Nana,1033.81892900188,1035.29178422976,3000.0,17,Whistle6028,/lustre/fsn1/projects/rech/vzf/uqe97pu/raw_data/all_categories/SW_NanaExp_24_Nov_2019_0945am1033.81892900188_1035.29178422976.wav
2638,Exp_14_Dec_2019_0945am,SW_Nana,1045.4811104439,1046.14199553881,3300.0,20,Whistle5416,/lustre/fsn1/projects/rech/vzf/uqe97pu/raw_data/all_categories/SW_NanaExp_14_Dec_2019_0945am1045.4811104439_1046.14199553881.wav
2523,Exp_14_Jan_2020_1045am,SW_Nana,948.08489645191,948.887361240643,2194.90133333334,17,Whistle5734,/lustre/fsn1/projects/rech/vzf/uqe97pu/raw_data/all_categories/SW_NanaExp_14_Jan_2020_1045am948.08489645191_948.887361240643.wav
2275,Exp_08_Jan_2020_1245pm,SW_Nana,71.8602189703605,72.7104566187093,3300.0,16,Whistle5187,/lustre/fsn1/projects/rech/vzf/uqe97pu/raw_data/all_categories/SW_NanaExp_08_Jan_2020_1245pm71.8602189703605_72.7104566187093.wav
2435,Exp_19_Nov_2019_1145am,SW_Nana,2077.89670552992,2078.63319441881,3600.0,16,Whistle5987,/lustre/fsn1/projects/rech/vzf/uqe97pu/raw_data/all_categories/SW_NanaExp_19_Nov_2019_1145am2077.89670552992_2078.63319441881.wav
2378,Exp_14_Dec_2019_0945am,SW_Nana,563.49357551583,564.153374050628,3300.0,16,Whistle5712,/lustre/fsn1/projects/rech/vzf/uqe97pu/raw_data/all_categories/SW_NanaExp_14_Dec_2019_0945am563.49357551583_564.153374050628.wav
2646,Exp_16_Jan_2020_0945am,SW_Nana,2675.57310840336,2676.23318592274,3300.0,20,Whistle5514,/lustre/fsn1/projects/rech/vzf/uqe97pu/raw_data/all_categories/SW_NanaExp_16_Jan_2020_0945am2675.57310840336_2676.23318592274.wav
2500,Exp_17_Jan_2020_1145am,SW_Nana,2329.09672570701,2330.21542620206,3300.0,17,Whistle5262,/lustre/fsn1/projects/rech/vzf/uqe97pu/raw_data/all_categories/SW_NanaExp_17_Jan_2020_1145am2329.09672570701_2330.21542620206.wav
2681,Exp_12_Dec_2019_1045am,SW_Nana,3088.50523561603,3088.90022206515,3300.0,22,Whistle5271,/lustre/fsn1/projects/rech/vzf/uqe97pu/raw_data/all_categories/SW_NanaExp_12_Dec_2019_1045am3088.50523561603_3088.90022206515.wav
2535,Exp_17_Dec_2019_1345pm,SW_Nana,2051.0372410235,2052.34054230555,3300.0,17,Whistle5870,/lustre/fsn1/projects/rech/vzf/uqe97pu/raw_data/all_categories/SW_NanaExp_17_Dec_2019_1345pm2051.0372410235_2052.34054230555.wav
2298,Exp_11_Mar_2020_1145am,SW_Nana,222.704432042321,223.676067059627,3000.0,16,Whistle5270,/lustre/fsn1/projects/rech/vzf/uqe97pu/raw_data/all_categories/SW_NanaExp_11_Mar_2020_1145am222.704432042321_223.676067059627.wav
2709,Exp_15_Jan_2020_1045am,SW_Nana,2840.26536614898,2840.76494948231,3300.0,22,Whistle5648,/lustre/fsn1/projects/rech/vzf/uqe97pu/raw_data/all_categories/SW_NanaExp_15_Jan_2020_1045am2840.26536614898_2840.76494948231.wav
2487,Exp_07_Dec_2019_1345pm,SW_Nana,1989.54335500936,1990.28731222861,3300.0,17,Whistle5165,/lustre/fsn1/projects/rech/vzf/uqe97pu/raw_data/all_categories/SW_NanaExp_07_Dec_2019_1345pm1989.54335500936_1990.28731222861.wav
2350,Exp_17_Jan_2020_1145am,SW_Nana,1956.91384130756,1957.82574609435,3300.0,16,Whistle5566,/lustre/fsn1/projects/rech/vzf/uqe97pu/raw_data/all_categories/SW_NanaExp_17_Jan_2020_1145am1956.91384130756_1957.82574609435.wav
2513,Exp_19_Nov_2019_1145am,SW_Nana,916.585988788188,917.820258076022,3600.0,17,Whistle5569,/lustre/fsn1/projects/rech/vzf/uqe97pu/raw_data/all_categories/SW_NanaExp_19_Nov_2019_1145am916.585988788188_917.820258076022.wav
2663,Exp_16_Feb_2020_0945am,SW_Nana,3253.16799920756,3253.6635105919,3300.0,21,Whistle5464,/lustre/fsn1/projects/rech/vzf/uqe97pu/raw_data/all_categories/SW_NanaExp_16_Feb_2020_0945am3253.16799920756_3253.6635105919.wav
2614,Exp_03_Jan_2020_1145am,SW_Nana,1804.60046909233,1805.53089431227,3300.0,20,Whistle5085,/lustre/fsn1/projects/rech/vzf/uqe97pu/raw_data/all_categories/SW_NanaExp_03_Jan_2020_1145am1804.60046909233_1805.53089431227.wav
2389,Exp_15_Dec_2019_1245pm,SW_Nana,3277.80128808388,3278.70788149047,3300.0,16,Whistle5740,/lustre/fsn1/projects/rech/vzf/uqe97pu/raw_data/all_categories/SW_NanaExp_15_Dec_2019_1245pm3277.80128808388_3278.70788149047.wav
2636,Exp_26_Nov_2019_1145am,SW_Nana,1787.7009610032,1789.26088923799,3000.0,20,Whistle5409,/lustre/fsn1/projects/rech/vzf/uqe97pu/raw_data/all_categories/SW_NanaExp_26_Nov_2019_1145am1787.7009610032_1789.26088923799.wav
2277,Exp_09_Jan_2020_0945am,SW_Nana,1535.72829275776,1536.66461928837,3300.0,16,Whistle5199,/lustre/fsn1/projects/rech/vzf/uqe97pu/raw_data/all_categories/SW_NanaExp_09_Jan_2020_0945am1535.72829275776_1536.66461928837.wav
2580,Exp_11_Jan_2020_0945am,SW_Nana,432.592438030741,433.914496313807,3300.0,18,Whistle5674,/lustre/fsn1/projects/rech/vzf/uqe97pu/raw_data/all_categories/SW_NanaExp_11_Jan_2020_0945am432.592438030741_433.914496313807.wav
2437,Exp_19_Nov_2019_1545pm,SW_Nana,697.808462374329,698.694558683441,3600.0,16,Whistle5992,/lustre/fsn1/projects/rech/vzf/uqe97pu/raw_data/all_categories/SW_NanaExp_19_Nov_2019_1545pm697.808462374329_698.694558683441.wav
2507,Exp_17_Feb_2020_1145am,SW_Nana,2375.20286448555,2375.99093491465,3300.0,17,Whistle5387,/lustre/fsn1/projects/rech/vzf/uqe97pu/raw_data/all_categories/SW_NanaExp_17_Feb_2020_1145am2375.20286448555_2375.99093491465.wav
2385,Exp_14_Jan_2020_1045am,SW_Nana,754.16420947343,754.938614056763,2194.90133333334,16,Whistle5731,/lustre/fsn1/projects/rech/vzf/uqe97pu/raw_data/all_categories/SW_NanaExp_14_Jan_2020_1045am754.16420947343_754.938614056763.wav
2650,Exp_12_Feb_2020_1145am,SW_Nana,69.5171866251383,70.2082338907633,3300.0,20,Whistle5626,/lustre/fsn1/projects/rech/vzf/uqe97pu/raw_data/all_categories/SW_NanaExp_12_Feb_2020_1145am69.5171866251383_70.2082338907633.wav
2386,Exp_14_Dec_2019_0945am,SW_Nana,744.349429131999,745.38128531929,3300.0,16,Whistle5722,/lustre/fsn1/projects/rech/vzf/uqe97pu/raw_data/all_categories/SW_NanaExp_14_Dec_2019_0945am744.349429131999_745.38128531929.wav
2557,Exp_05_Jan_2020_1345pm,SW_Nana,1239.26964844529,1240.65186629306,3300.0,18,Whistle5117,/lustre/fsn1/projects/rech/vzf/uqe97pu/raw_data/all_categories/SW_NanaExp_05_Jan_2020_1345pm1239.26964844529_1240.65186629306.wav
2536,Exp_17_Feb_2020_1145am,SW_Nana,2365.90796552099,2366.82426309885,3300.0,17,Whistle5887,/lustre/fsn1/projects/rech/vzf/uqe97pu/raw_data/all_categories/SW_NanaExp_17_Feb_2020_1145am2365.90796552099_2366.82426309885.wav
2362,Exp_22_Nov_2019_1545pm,SW_Nana,75.0302521008403,75.8639536939776,3000.0,16,Whistle5644,/lustre/fsn1/projects/rech/vzf/uqe97pu/raw_data/all_categories/SW_NanaExp_22_Nov_2019_1545pm75.0302521008403_75.8639536939776.wav
2622,13-11-19-1221,SW_Nana,1217.11838143995,1217.9424875852,3600.0,20,Whistle5219,/lustre/fsn1/projects/rech/vzf/uqe97pu/raw_data/all_categories/SW_Nana13-11-19-12211217.11838143995_1217.9424875852.wav
2335,Exp_11_Jan_2020_0945am,SW_Nana,705.849809740343,706.575980194888,3300.0,16,Whistle5525,/lustre/fsn1/projects/rech/vzf/uqe97pu/raw_data/all_categories/SW_NanaExp_11_Jan_2020_0945am705.849809740343_706.575980194888.wav
2382,Exp_14_Feb_2020_1245pm,SW_Nana,2318.63871637426,2319.03237834609,3300.0,16,Whistle5724,/lustre/fsn1/projects/rech/vzf/uqe97pu/raw_data/all_categories/SW_NanaExp_14_Feb_2020_1245pm2318.63871637426_2319.03237834609.wav
2478,Exp_06_Dec_2019_1245pm,SW_Nana,139.333057734435,140.202683402884,3000.0,17,Whistle5140,/lustre/fsn1/projects/rech/vzf/uqe97pu/raw_data/all_categories/SW_NanaExp_06_Dec_2019_1245pm139.333057734435_140.202683402884.wav
2570,Exp_07_Dec_2019_1345pm,SW_Nana,1991.69920456662,1992.55453927142,3300.0,18,Whistle5167,/lustre/fsn1/projects/rech/vzf/uqe97pu/raw_data/all_categories/SW_NanaExp_07_Dec_2019_1345pm1991.69920456662_1992.55453927142.wav
2336,Exp_14_Jan_2020_1045am,SW_Nana,755.501394622784,756.403316813945,2194.90133333334,16,Whistle5539,/lustre/fsn1/projects/rech/vzf/uqe97pu/raw_data/all_categories/SW_NanaExp_14_Jan_2020_1045am755.501394622784_756.403316813945.wav
2603,Exp_17_Dec_2019_1045am,SW_Nana,2457.11842142733,2457.84605898192,3300.0,19,Whistle5473,/lustre/fsn1/projects/rech/vzf/uqe97pu/raw_data/all_categories/SW_NanaExp_17_Dec_2019_1045am2457.11842142733_2457.84605898192.wav
2361,Exp_17_Jan_2020_1245pm,SW_Nana,1763.58164197916,1764.31918087401,3300.0,16,Whistle5642,/lustre/fsn1/projects/rech/vzf/uqe97pu/raw_data/all_categories/SW_NanaExp_17_Jan_2020_1245pm1763.58164197916_1764.31918087401.wav
2422,Exp_17_Feb_2020_1145am,SW_Nana,2951.98080460784,2952.69017448013,3300.0,16,Whistle5934,/lustre/fsn1/projects/rech/vzf/uqe97pu/raw_data/all_categories/SW_NanaExp_17_Feb_2020_1145am2951.98080460784_2952.69017448013.wav
2441,Exp_21_Nov_2019_0945am,SW_Nana,1208.11584580947,1208.6550092336,3600.0,16,Whistle5998,/lustre/fsn1/projects/rech/vzf/uqe97pu/raw_data/all_categories/SW_NanaExp_21_Nov_2019_0945am1208.11584580947_1208.6550092336.wav
2485,Exp_07_Dec_2019_0945am,SW_Nana,2907.32487139858,2908.04492966566,3300.0,17,Whistle5163,/lustre/fsn1/projects/rech/vzf/uqe97pu/raw_data/all_categories/SW_NanaExp_07_Dec_2019_0945am2907.32487139858_2908.04492966566.wav
2556,Exp_05_Feb_2020_0945am,SW_Nana,759.794216906403,760.719990939841,3300.0,18,Whistle5113,/lustre/fsn1/projects/rech/vzf/uqe97pu/raw_data/all_categories/SW_NanaExp_05_Feb_2020_0945am759.794216906403_760.719990939841.wav
2672,Exp_17_Feb_2020_1145am,SW_Nana,2366.39621894381,2366.80285283894,3300.0,21,Whistle5493,/lustre/fsn1/projects/rech/vzf/uqe97pu/raw_data/all_categories/SW_NanaExp_17_Feb_2020_1145am2366.39621894381_2366.80285283894.wav
2604,Exp_23_Nov_2019_0945am,SW_Nana,1089.48668884499,1090.62564702227,3000.0,19,Whistle5577,/lustre/fsn1/projects/rech/vzf/uqe97pu/raw_data/all_categories/SW_NanaExp_23_Nov_2019_0945am1089.48668884499_1090.62564702227.wav
2550,Exp_17_Feb_2020_1145am,SW_Nana,2370.04996953494,2370.86599183977,3300.0,17,Whistle5944,/lustre/fsn1/projects/rech/vzf/uqe97pu/raw_data/all_categories/SW_NanaExp_17_Feb_2020_1145am2370.04996953494_2370.86599183977.wav
2737,Exp_17_Dec_2019_1045am,SW_Nana,2477.67592977236,2478.19974348657,3300.0,24,Whistle5478,/lustre/fsn1/projects/rech/vzf/uqe97pu/raw_data/all_categories/SW_NanaExp_17_Dec_2019_1045am2477.67592977236_2478.19974348657.wav
2541,Exp_17_Feb_2020_1145am,SW_Nana,2372.20855694284,2373.02927624108,3300.0,17,Whistle5890,/lustre/fsn1/projects/rech/vzf/uqe97pu/raw_data/all_categories/SW_NanaExp_17_Feb_2020_1145am2372.20855694284_2373.02927624108.wav
2364,Exp_11_Jan_2020_0945am,SW_Nana,536.752873839545,537.75927027192,3300.0,16,Whistle5671,/lustre/fsn1/projects/rech/vzf/uqe97pu/raw_data/all_categories/SW_NanaExp_11_Jan_2020_0945am536.752873839545_537.75927027192.wav
2553,Exp_02_Mar_2020_1145am,SW_Nana,2145.19383717049,2146.54101041024,3000.0,18,Whistle5082,/lustre/fsn1/projects/rech/vzf/uqe97pu/raw_data/all_categories/SW_NanaExp_02_Mar_2020_1145am2145.19383717049_2146.54101041024.wav
2462,Exp_01_Feb_2020_1045am,SW_Nana,2985.18470259845,2986.47169713397,3300.0,17,Whistle5078,/lustre/fsn1/projects/rech/vzf/uqe97pu/raw_data/all_categories/SW_NanaExp_01_Feb_2020_1045am2985.18470259845_2986.47169713397.wav
2675,Exp_17_Feb_2020_1145am,SW_Nana,2466.91666061412,2467.74535783211,3300.0,21,Whistle5501,/lustre/fsn1/projects/rech/vzf/uqe97pu/raw_data/all_categories/SW_NanaExp_17_Feb_2020_1145am2466.91666061412_2467.74535783211.wav
2458,Exp_25_Nov_2019_0945am,SW_Nana,382.832390406635,384.064390406635,3000.0,16,Whistle6034,/lustre/fsn1/projects/rech/vzf/uqe97pu/raw_data/all_categories/SW_NanaExp_25_Nov_2019_0945am382.832390406635_384.064390406635.wav
2368,Exp_11_Jan_2020_0945am,SW_Nana,2312.15322359317,2313.36052602478,3300.0,16,Whistle5675,/lustre/fsn1/projects/rech/vzf/uqe97pu/raw_data/all_categories/SW_NanaExp_11_Jan_2020_0945am2312.15322359317_2313.36052602478.wav
2677,Exp_04_Jan_2020_1345pm,SW_Nana,2033.2873443362,2034.14181092631,3300.0,22,Whistle5241,/lustre/fsn1/projects/rech/vzf/uqe97pu/raw_data/all_categories/SW_NanaExp_04_Jan_2020_1345pm2033.2873443362_2034.14181092631.wav
2538,Exp_17_Feb_2020_1145am,SW_Nana,2970.8590032091,2971.99693303366,3300.0,17,Whistle5907,/lustre/fsn1/projects/rech/vzf/uqe97pu/raw_data/all_categories/SW_NanaExp_17_Feb_2020_1145am2970.8590032091_2971.99693303366.wav
2579,Exp_15_Dec_2019_1545pm,SW_Nana,935.667836569202,937.443774405999,3300.0,18,Whistle5541,/lustre/fsn1/projects/rech/vzf/uqe97pu/raw_data/all_categories/SW_NanaExp_15_Dec_2019_1545pm935.667836569202_937.443774405999.wav
2632,Exp_13_Jan_2020_1145am,SW_Nana,1011.65245486517,1012.32778092727,3300.0,20,Whistle5278,/lustre/fsn1/projects/rech/vzf/uqe97pu/raw_data/all_categories/SW_NanaExp_13_Jan_2020_1145am1011.65245486517_1012.32778092727.wav
2540,Exp_17_Feb_2020_1145am,SW_Nana,2350.80310628076,2351.69431680707,3300.0,17,Whistle5880,/lustre/fsn1/projects/rech/vzf/uqe97pu/raw_data/all_categories/SW_NanaExp_17_Feb_2020_1145am2350.80310628076_2351.69431680707.wav
2608,Exp_15_Jan_2020_1045am,SW_Nana,2070.062735409,2070.95977098212,3300.0,19,Whistle5771,/lustre/fsn1/projects/rech/vzf/uqe97pu/raw_data/all_categories/SW_NanaExp_15_Jan_2020_1045am2070.062735409_2070.95977098212.wav
2544,Exp_20_Nov_2019_1145am,SW_Nana,1586.44440734558,1588.09437695044,3600.0,17,Whistle5995,/lustre/fsn1/projects/rech/vzf/uqe97pu/raw_data/all_categories/SW_NanaExp_20_Nov_2019_1145am1586.44440734558_1588.09437695044.wav
2533,Exp_17_Dec_2019_1045am,SW_Nana,2477.25872307493,2478.1140245417,3300.0,17,Whistle5846,/lustre/fsn1/projects/rech/vzf/uqe97pu/raw_data/all_categories/SW_NanaExp_17_Dec_2019_1045am2477.25872307493_2478.1140245417.wav
2620,Exp_07_Jan_2020_0845am,SW_Nana,2980.70403304252,2981.60032279517,3300.0,20,Whistle5170,/lustre/fsn1/projects/rech/vzf/uqe97pu/raw_data/all_categories/SW_NanaExp_07_Jan_2020_0845am2980.70403304252_2981.60032279517.wav
2591,Exp_07_Jan_2020_1345pm,SW_Nana,2247.74817989197,2248.903901285,3300.0,18,Whistle5238,/lustre/fsn1/projects/rech/vzf/uqe97pu/raw_data/all_categories/SW_NanaExp_07_Jan_2020_1345pm2247.74817989197_2248.903901285.wav
2351,Exp_17_Jan_2020_1245pm,SW_Nana,2799.26110009042,2800.24298013075,3300.0,16,Whistle5567,/lustre/fsn1/projects/rech/vzf/uqe97pu/raw_data/all_categories/SW_NanaExp_17_Jan_2020_1245pm2799.26110009042_2800.24298013075.wav
2418,Exp_17_Dec_2019_1045am,SW_Nana,2473.24800837741,2473.98720077414,3300.0,16,Whistle5844,/lustre/fsn1/projects/rech/vzf/uqe97pu/raw_data/all_categories/SW_NanaExp_17_Dec_2019_1045am2473.24800837741_2473.98720077414.wav
2708,Exp_11_Feb_2020_0945am,SW_Nana,1941.28701413349,1941.97316797964,3300.0,22,Whistle5615,/lustre/fsn1/projects/rech/vzf/uqe97pu/raw_data/all_categories/SW_NanaExp_11_Feb_2020_0945am1941.28701413349_1941.97316797964.wav
2594,Exp_03_Feb_2020_0945am,SW_Nana,1973.29343134314,1974.46594747218,3300.0,19,Whistle5083,/lustre/fsn1/projects/rech/vzf/uqe97pu/raw_data/all_categories/SW_NanaExp_03_Feb_2020_0945am1973.29343134314_1974.46594747218.wav
2581,Exp_12_Dec_2019_0945am,SW_Nana,3190.74601647127,3191.90417249964,3300.0,18,Whistle5685,/lustre/fsn1/projects/rech/vzf/uqe97pu/raw_data/all_categories/SW_NanaExp_12_Dec_2019_0945am3190.74601647127_3191.90417249964.wav
2744,Exp_07_Jan_2020_1545pm,SW_Nana,562.805047023883,563.936063066663,3300.0,24,Whistle5239,/lustre/fsn1/projects/rech/vzf/uqe97pu/raw_data/all_categories/SW_NanaExp_07_Jan_2020_1545pm562.805047023883_563.936063066663.wav
2613,Exp_14_Dec_2019_0945am,SW_Nana,1045.03391545196,1046.14580735877,3300.0,19,Whistle5719,/lustre/fsn1/projects/rech/vzf/uqe97pu/raw_data/all_categories/SW_NanaExp_14_Dec_2019_0945am1045.03391545196_1046.14580735877.wav
2472,Exp_06_Dec_2019_1245pm,SW_Nana,112.811724908193,113.636534292358,3000.0,17,Whistle5125,/lustre/fsn1/projects/rech/vzf/uqe97pu/raw_data/all_categories/SW_NanaExp_06_Dec_2019_1245pm112.811724908193_113.636534292358.wav
2706,Exp_17_Nov_2019_1545pm,SW_Nana,624.075704156143,624.806156391916,3600.0,22,Whistle5568,/lustre/fsn1/projects/rech/vzf/uqe97pu/raw_data/all_categories/SW_NanaExp_17_Nov_2019_1545pm624.075704156143_624.806156391916.wav
2562,Exp_06_Dec_2019_1245pm,SW_Nana,98.7466425259623,99.5359366118002,3000.0,18,Whistle5133,/lustre/fsn1/projects/rech/vzf/uqe97pu/raw_data/all_categories/SW_NanaExp_06_Dec_2019_1245pm98.7466425259623_99.5359366118002.wav
2403,Exp_16_Feb_2020_1245pm,SW_Nana,1521.42594365033,1522.56782243821,3300.0,16,Whistle5786,/lustre/fsn1/projects/rech/vzf/uqe97pu/raw_data/all_categories/SW_NanaExp_16_Feb_2020_1245pm1521.42594365033_1522.56782243821.wav
2375,Exp_15_Feb_2020_1045am,SW_Nana,3088.4302972904,3089.58646351024,3300.0,16,Whistle5753,/lustre/fsn1/projects/rech/vzf/uqe97pu/raw_data/all_categories/SW_NanaExp_15_Feb_2020_1045am3088.4302972904_3089.58646351024.wav
2436,Exp_17_Jan_2020_1245pm,SW_Nana,2153.68746309119,2154.88442940455,3300.0,16,Whistle5974,/lustre/fsn1/projects/rech/vzf/uqe97pu/raw_data/all_categories/SW_NanaExp_17_Jan_2020_1245pm2153.68746309119_2154.88442940455.wav
2497,Exp_09_Mar_2020_1545pm,SW_Nana,896.47798892663,897.208112601541,3000.0,17,Whistle5211,/lustre/fsn1/projects/rech/vzf/uqe97pu/raw_data/all_categories/SW_NanaExp_09_Mar_2020_1545pm896.47798892663_897.208112601541.wav
2471,Exp_05_Jan_2020_1145am,SW_Nana,3166.57069251304,3168.23956951838,3300.0,17,Whistle5116,/lustre/fsn1/projects/rech/vzf/uqe97pu/raw_data/all_categories/SW_NanaExp_05_Jan_2020_1145am3166.57069251304_3168.23956951838.wav
2354,Exp_22_Nov_2019_1245pm,SW_Nana,439.709283862809,440.569755209514,3600.0,16,Whistle5576,/lustre/fsn1/projects/rech/vzf/uqe97pu/raw_data/all_categories/SW_NanaExp_22_Nov_2019_1245pm439.709283862809_440.569755209514.wav
2359,Exp_13_Dec_2019_1345pm,SW_Nana,1115.21407052528,1115.70247774427,3300.0,16,Whistle5625,/lustre/fsn1/projects/rech/vzf/uqe97pu/raw_data/all_categories/SW_NanaExp_13_Dec_2019_1345pm1115.21407052528_1115.70247774427.wav
2601,Exp_16_Nov_2019_0845am,SW_Nana,988.098750993635,989.706750993635,3600.0,19,Whistle5378,/lustre/fsn1/projects/rech/vzf/uqe97pu/raw_data/all_categories/SW_NanaExp_16_Nov_2019_0845am988.098750993635_989.706750993635.wav
2463,Exp_02_Jan_2020_1345pm,SW_Nana,1848.92652560886,1850.21056816205,3300.0,17,Whistle5080,/lustre/fsn1/projects/rech/vzf/uqe97pu/raw_data/all_categories/SW_NanaExp_02_Jan_2020_1345pm1848.92652560886_1850.21056816205.wav
2659,Exp_08_Dec_2019_1045am,SW_Nana,1768.00204677456,1768.62187532848,3300.0,21,Whistle5228,/lustre/fsn1/projects/rech/vzf/uqe97pu/raw_data/all_categories/SW_NanaExp_08_Dec_2019_1045am1768.00204677456_1768.62187532848.wav
2588,Exp_17_Feb_2020_1145am,SW_Nana,1510.95652189057,1511.8219137401,3300.0,18,Whistle5939,/lustre/fsn1/projects/rech/vzf/uqe97pu/raw_data/all_categories/SW_NanaExp_17_Feb_2020_1145am1510.95652189057_1511.8219137401.wav
2366,Exp_11_Feb_2020_0945am,SW_Nana,2102.41339090703,2103.16507948139,3300.0,16,Whistle5669,/lustre/fsn1/projects/rech/vzf/uqe97pu/raw_data/all_categories/SW_NanaExp_11_Feb_2020_0945am2102.41339090703_2103.16507948139.wav
2524,Exp_15_Feb_2020_0945am,SW_Nana,419.532317987584,420.964966697369,3300.0,17,Whistle5746,/lustre/fsn1/projects/rech/vzf/uqe97pu/raw_data/all_categories/SW_NanaExp_15_Feb_2020_0945am419.532317987584_420.964966697369.wav
2668,Exp_17_Feb_2020_1045am,SW_Nana,869.067633780708,869.509908109567,3300.0,21,Whistle5483,/lustre/fsn1/projects/rech/vzf/uqe97pu/raw_data/all_categories/SW_NanaExp_17_Feb_2020_1045am869.067633780708_869.509908109567.wav
2346,Exp_16_Feb_2020_1245pm,SW_Nana,1642.58773113174,1643.78645047359,3300.0,16,Whistle5552,/lustre/fsn1/projects/rech/vzf/uqe97pu/raw_data/all_categories/SW_NanaExp_16_Feb_2020_1245pm1642.58773113174_1643.78645047359.wav
2692,Exp_27_Nov_2019_1145am,SW_Nana,1941.60718239517,1942.04288513907,3000.0,22,Whistle5321,/lustre/fsn1/projects/rech/vzf/uqe97pu/raw_data/all_categories/SW_NanaExp_27_Nov_2019_1145am1941.60718239517_1942.04288513907.wav
2654,Exp_16_Feb_2020_1245pm,SW_Nana,1640.8890362029,1641.50510602787,3300.0,20,Whistle5650,/lustre/fsn1/projects/rech/vzf/uqe97pu/raw_data/all_categories/SW_NanaExp_16_Feb_2020_1245pm1640.8890362029_1641.50510602787.wav
2372,Exp_11_Mar_2020_1145am,SW_Nana,235.587141218154,236.578819184256,3000.0,16,Whistle5682,/lustre/fsn1/projects/rech/vzf/uqe97pu/raw_data/all_categories/SW_NanaExp_11_Mar_2020_1145am235.587141218154_236.578819184256.wav
2676,Exp_19_Nov_2019_0945am,SW_Nana,2233.95681967733,2234.25178325018,3600.0,21,Whistle5512,/lustre/fsn1/projects/rech/vzf/uqe97pu/raw_data/all_categories/SW_NanaExp_19_Nov_2019_0945am2233.95681967733_2234.25178325018.wav
2283,Exp_02_Jan_2020_1045am,SW_Nana,1748.3463166771,1749.14104721602,3300.0,16,Whistle5216,/lustre/fsn1/projects/rech/vzf/uqe97pu/raw_data/all_categories/SW_NanaExp_02_Jan_2020_1045am1748.3463166771_1749.14104721602.wav
2721,Exp_10_Mar_2020_0845am,SW_Nana,1019.18041747346,1019.8815203152,3000.0,23,Whistle5246,/lustre/fsn1/projects/rech/vzf/uqe97pu/raw_data/all_categories/SW_NanaExp_10_Mar_2020_0845am1019.18041747346_1019.8815203152.wav
2304,Exp_15_Dec_2019_1245pm,SW_Nana,589.578066807906,590.033913162073,3300.0,16,Whistle5285,/lustre/fsn1/projects/rech/vzf/uqe97pu/raw_data/all_categories/SW_NanaExp_15_Dec_2019_1245pm589.578066807906_590.033913162073.wav
2522,Exp_14_Jan_2020_0945am,SW_Nana,3285.48131969684,3286.62491818169,3300.0,17,Whistle5729,/lustre/fsn1/projects/rech/vzf/uqe97pu/raw_data/all_categories/SW_NanaExp_14_Jan_2020_0945am3285.48131969684_3286.62491818169.wav
2324,Exp_17_Feb_2020_1145am,SW_Nana,2492.27804042697,2492.98250517056,3300.0,16,Whistle5355,/lustre/fsn1/projects/rech/vzf/uqe97pu/raw_data/all_categories/SW_NanaExp_17_Feb_2020_1145am2492.27804042697_2492.98250517056.wav
2481,Exp_06_Dec_2019_1245pm,SW_Nana,131.472817763938,132.216774983189,3000.0,17,Whistle5146,/lustre/fsn1/projects/rech/vzf/uqe97pu/raw_data/all_categories/SW_NanaExp_06_Dec_2019_1245pm131.472817763938_132.216774983189.wav
2425,Exp_17_Feb_2020_1545pm,SW_Nana,305.887186098959,306.843167165521,3300.0,16,Whistle5959,/lustre/fsn1/projects/rech/vzf/uqe97pu/raw_data/all_categories/SW_NanaExp_17_Feb_2020_1545pm305.887186098959_306.843167165521.wav
2639,Exp_15_Dec_2019_1545pm,SW_Nana,936.50058764895,937.44743963969,3300.0,20,Whistle5422,/lustre/fsn1/projects/rech/vzf/uqe97pu/raw_data/all_categories/SW_NanaExp_15_Dec_2019_1545pm936.50058764895_937.44743963969.wav
2398,Exp_15_Feb_2020_1345pm,SW_Nana,451.398350535493,452.180031569976,3300.0,16,Whistle5768,/lustre/fsn1/projects/rech/vzf/uqe97pu/raw_data/all_categories/SW_NanaExp_15_Feb_2020_1345pm451.398350535493_452.180031569976.wav
2251,Exp_04_Jan_2020_1345pm,SW_Nana,2168.91657368659,2169.85233220052,3300.0,16,Whistle5104,/lustre/fsn1/projects/rech/vzf/uqe97pu/raw_data/all_categories/SW_NanaExp_04_Jan_2020_1345pm2168.91657368659_2169.85233220052.wav
2274,Exp_08_Feb_2020_1345pm,SW_Nana,956.506100248784,957.286804714164,3300.0,16,Whistle5185,/lustre/fsn1/projects/rech/vzf/uqe97pu/raw_data/all_categories/SW_NanaExp_08_Feb_2020_1345pm956.506100248784_957.286804714164.wav
2267,Exp_07_Jan_2020_0845am,SW_Nana,2915.93612893536,2917.28353225028,3300.0,16,Whistle5171,/lustre/fsn1/projects/rech/vzf/uqe97pu/raw_data/all_categories/SW_NanaExp_07_Jan_2020_0845am2915.93612893536_2917.28353225028.wav
2409,Exp_16_Jan_2020_1245pm,SW_Nana,2805.5642590478,2806.65107292792,3300.0,16,Whistle5816,/lustre/fsn1/projects/rech/vzf/uqe97pu/raw_data/all_categories/SW_NanaExp_16_Jan_2020_1245pm2805.5642590478_2806.65107292792.wav
2381,Exp_14_Feb_2020_1145am,SW_Nana,674.273367191798,675.219438025131,3300.0,16,Whistle5723,/lustre/fsn1/projects/rech/vzf/uqe97pu/raw_data/all_categories/SW_NanaExp_14_Feb_2020_1145am674.273367191798_675.219438025131.wav
2655,Exp_17_Dec_2019_1145am,SW_Nana,3248.3390314854,3248.72454184322,3300.0,20,Whistle5661,/lustre/fsn1/projects/rech/vzf/uqe97pu/raw_data/all_categories/SW_NanaExp_17_Dec_2019_1145am3248.3390314854_3248.72454184322.wav
2593,Exp_17_Dec_2019_1045am,SW_Nana,2443.06783697698,2444.10973697698,3300.0,18,Whistle5854,/lustre/fsn1/projects/rech/vzf/uqe97pu/raw_data/all_categories/SW_NanaExp_17_Dec_2019_1045am2443.06783697698_2444.10973697698.wav
2460,Exp_28_Nov_2019_1545pm,SW_Nana,328.253137872815,329.198789399341,3000.0,16,Whistle6044,/lustre/fsn1/projects/rech/vzf/uqe97pu/raw_data/all_categories/SW_NanaExp_28_Nov_2019_1545pm328.253137872815_329.198789399341.wav
2334,Exp_11_Dec_2019_1145am,SW_Nana,2407.44982110929,2408.58758572918,3300.0,16,Whistle5522,/lustre/fsn1/projects/rech/vzf/uqe97pu/raw_data/all_categories/SW_NanaExp_11_Dec_2019_1145am2407.44982110929_2408.58758572918.wav
2290,Exp_15_Feb_2020_1045am,SW_Nana,289.84419775022,290.801679280953,3300.0,16,Whistle5252,/lustre/fsn1/projects/rech/vzf/uqe97pu/raw_data/all_categories/SW_NanaExp_15_Feb_2020_1045am289.84419775022_290.801679280953.wav
2479,Exp_06_Dec_2019_1245pm,SW_Nana,156.768142572596,157.587500861367,3000.0,17,Whistle5141,/lustre/fsn1/projects/rech/vzf/uqe97pu/raw_data/all_categories/SW_NanaExp_06_Dec_2019_1245pm156.768142572596_157.587500861367.wav
2678,Exp_17_Dec_2019_1145am,SW_Nana,1168.30878500983,1168.92109649465,3300.0,22,Whistle5256,/lustre/fsn1/projects/rech/vzf/uqe97pu/raw_data/all_categories/SW_NanaExp_17_Dec_2019_1145am1168.30878500983_1168.92109649465.wav
2590,Exp_27_Nov_2019_0945am,SW_Nana,1478.09131330504,1478.96487766147,3000.0,18,Whistle6040,/lustre/fsn1/projects/rech/vzf/uqe97pu/raw_data/all_categories/SW_NanaExp_27_Nov_2019_0945am1478.09131330504_1478.96487766147.wav
2634,Exp_13_Dec_2019_1345pm,SW_Nana,1114.13925925362,1114.84243129529,3300.0,20,Whistle5361,/lustre/fsn1/projects/rech/vzf/uqe97pu/raw_data/all_categories/SW_NanaExp_13_Dec_2019_1345pm1114.13925925362_1114.84243129529.wav
2417,Exp_17_Dec_2019_1045am,SW_Nana,2469.73390987159,2470.70944269448,3300.0,16,Whistle5843,/lustre/fsn1/projects/rech/vzf/uqe97pu/raw_data/all_categories/SW_NanaExp_17_Dec_2019_1045am2469.73390987159_2470.70944269448.wav
2280,Exp_09_Mar_2020_1545pm,SW_Nana,916.788055960187,918.008060026867,3000.0,16,Whistle5213,/lustre/fsn1/projects/rech/vzf/uqe97pu/raw_data/all_categories/SW_NanaExp_09_Mar_2020_1545pm916.788055960187_918.008060026867.wav
2694,Exp_11_Dec_2019_1145am,SW_Nana,84.6584854079012,85.3289226185493,3300.0,22,Whistle5524,/lustre/fsn1/projects/rech/vzf/uqe97pu/raw_data/all_categories/SW_NanaExp_11_Dec_2019_1145am84.6584854079012_85.3289226185493.wav
2643,Exp_17_Feb_2020_1145am,SW_Nana,2441.61085399212,2442.07370029588,3300.0,20,Whistle5499,/lustre/fsn1/projects/rech/vzf/uqe97pu/raw_data/all_categories/SW_NanaExp_17_Feb_2020_1145am2441.61085399212_2442.07370029588.wav
2445,Exp_21_Nov_2019_0945am,SW_Nana,2067.23754299057,2067.90763877601,3600.0,16,Whistle6002,/lustre/fsn1/projects/rech/vzf/uqe97pu/raw_data/all_categories/SW_NanaExp_21_Nov_2019_0945am2067.23754299057_2067.90763877601.wav
2521,Exp_17_Feb_2020_1145am,SW_Nana,2439.93414269305,2440.86113889076,3300.0,17,Whistle5893,/lustre/fsn1/projects/rech/vzf/uqe97pu/raw_data/all_categories/SW_NanaExp_17_Feb_2020_1145am2439.93414269305_2440.86113889076.wav
2597,Exp_05_Jan_2020_1545pm,SW_Nana,762.898258342846,764.064353924648,3300.0,19,Whistle5122,/lustre/fsn1/projects/rech/vzf/uqe97pu/raw_data/all_categories/SW_NanaExp_05_Jan_2020_1545pm762.898258342846_764.064353924648.wav
2493,Exp_09_Feb_2020_1345pm,SW_Nana,678.033525609614,679.043899941165,3300.0,17,Whistle5193,/lustre/fsn1/projects/rech/vzf/uqe97pu/raw_data/all_categories/SW_NanaExp_09_Feb_2020_1345pm678.033525609614_679.043899941165.wav
2685,Exp_15_Feb_2020_0945am,SW_Nana,362.885102703625,363.64557203842,3300.0,22,Whistle5286,/lustre/fsn1/projects/rech/vzf/uqe97pu/raw_data/all_categories/SW_NanaExp_15_Feb_2020_0945am362.885102703625_363.64557203842.wav
2243,Exp_04_Jan_2020_1145am,SW_Nana,27.9800860002606,29.0211563814923,3300.0,16,Whistle5093,/lustre/fsn1/projects/rech/vzf/uqe97pu/raw_data/all_categories/SW_NanaExp_04_Jan_2020_1145am27.9800860002606_29.0211563814923.wav
2495,Exp_09_Feb_2020_1345pm,SW_Nana,1450.98939814969,1451.94823535899,3300.0,17,Whistle5197,/lustre/fsn1/projects/rech/vzf/uqe97pu/raw_data/all_categories/SW_NanaExp_09_Feb_2020_1345pm1450.98939814969_1451.94823535899.wav
2707,Exp_28_Nov_2019_0945am,SW_Nana,2461.02278457665,2461.69127425555,3000.0,22,Whistle5582,/lustre/fsn1/projects/rech/vzf/uqe97pu/raw_data/all_categories/SW_NanaExp_28_Nov_2019_0945am2461.02278457665_2461.69127425555.wav
2339,Exp_13_Dec_2019_1345pm,SW_Nana,530.589473778663,531.546557786214,3300.0,16,Whistle5534,/lustre/fsn1/projects/rech/vzf/uqe97pu/raw_data/all_categories/SW_NanaExp_13_Dec_2019_1345pm530.589473778663_531.546557786214.wav
2465,Exp_04_Feb_2020_1145am,SW_Nana,1263.77688653774,1264.3569083718,3300.0,17,Whistle5086,/lustre/fsn1/projects/rech/vzf/uqe97pu/raw_data/all_categories/SW_NanaExp_04_Feb_2020_1145am1263.77688653774_1264.3569083718.wav
2723,Exp_14_Feb_2020_1345pm,SW_Nana,492.166860562055,492.530178534405,3300.0,23,Whistle5586,/lustre/fsn1/projects/rech/vzf/uqe97pu/raw_data/all_categories/SW_NanaExp_14_Feb_2020_1345pm492.166860562055_492.530178534405.wav
2452,Exp_22_Nov_2019_0845am,SW_Nana,865.05397628047,865.940130126624,3600.0,16,Whistle6017,/lustre/fsn1/projects/rech/vzf/uqe97pu/raw_data/all_categories/SW_NanaExp_22_Nov_2019_0845am865.05397628047_865.940130126624.wav
2679,Exp_17_Jan_2020_1045am,SW_Nana,2339.1713893073,2339.9874518073,3300.0,22,Whistle5261,/lustre/fsn1/projects/rech/vzf/uqe97pu/raw_data/all_categories/SW_NanaExp_17_Jan_2020_1045am2339.1713893073_2339.9874518073.wav
2410,Exp_16_Nov_2019_1045am,SW_Nana,2386.91183762299,2387.72349744565,3600.0,16,Whistle5820,/lustre/fsn1/projects/rech/vzf/uqe97pu/raw_data/all_categories/SW_NanaExp_16_Nov_2019_1045am2386.91183762299_2387.72349744565.wav
2337,Exp_12_Dec_2019_1245pm,SW_Nana,2824.84730384783,2825.69243847395,3300.0,16,Whistle5530,/lustre/fsn1/projects/rech/vzf/uqe97pu/raw_data/all_categories/SW_NanaExp_12_Dec_2019_1245pm2824.84730384783_2825.69243847395.wav
2531,Exp_17_Dec_2019_1045am,SW_Nana,2441.96815153522,2442.81266024836,3300.0,17,Whistle5834,/lustre/fsn1/projects/rech/vzf/uqe97pu/raw_data/all_categories/SW_NanaExp_17_Dec_2019_1045am2441.96815153522_2442.81266024836.wav
2454,Exp_22_Nov_2019_1245pm,SW_Nana,440.847293157248,441.578489738445,3600.0,16,Whistle6020,/lustre/fsn1/projects/rech/vzf/uqe97pu/raw_data/all_categories/SW_NanaExp_22_Nov_2019_1245pm440.847293157248_441.578489738445.wav
2300,Exp_13_Dec_2019_1545pm,SW_Nana,567.810644869065,568.626462613821,3300.0,16,Whistle5276,/lustre/fsn1/projects/rech/vzf/uqe97pu/raw_data/all_categories/SW_NanaExp_13_Dec_2019_1545pm567.810644869065_568.626462613821.wav
2286,Exp_01_Jan_2020_1245pm,SW_Nana,3169.31162501133,3170.03540453889,3300.0,16,Whistle5244,/lustre/fsn1/projects/rech/vzf/uqe97pu/raw_data/all_categories/SW_NanaExp_01_Jan_2020_1245pm3169.31162501133_3170.03540453889.wav
2271,Exp_01_Jan_2020_1345pm,SW_Nana,1108.31079149859,1109.31613909217,3300.0,16,Whistle5181,/lustre/fsn1/projects/rech/vzf/uqe97pu/raw_data/all_categories/SW_NanaExp_01_Jan_2020_1345pm1108.31079149859_1109.31613909217.wav
2506,Exp_17_Dec_2019_1045am,SW_Nana,2462.98827914392,2463.83398113068,3300.0,17,Whistle5380,/lustre/fsn1/projects/rech/vzf/uqe97pu/raw_data/all_categories/SW_NanaExp_17_Dec_2019_1045am2462.98827914392_2463.83398113068.wav
2566,Exp_06_Dec_2019_1245pm,SW_Nana,130.33225471054,131.201885197394,3000.0,18,Whistle5145,/lustre/fsn1/projects/rech/vzf/uqe97pu/raw_data/all_categories/SW_NanaExp_06_Dec_2019_1245pm130.33225471054_131.201885197394.wav
2439,Exp_20_Nov_2019_1145am,SW_Nana,865.758048535538,867.115287141437,3600.0,16,Whistle5994,/lustre/fsn1/projects/rech/vzf/uqe97pu/raw_data/all_categories/SW_NanaExp_20_Nov_2019_1145am865.758048535538_867.115287141437.wav
2752,Exp_16_Feb_2020_0945am,SW_Nana,3252.54822821725,3253.67282653958,3300.0,24,Whistle5372,/lustre/fsn1/projects/rech/vzf/uqe97pu/raw_data/all_categories/SW_NanaExp_16_Feb_2020_0945am3252.54822821725_3253.67282653958.wav
2266,Exp_01_Jan_2020_1245pm,SW_Nana,3168.33638783181,3168.9696983633,3300.0,16,Whistle5168,/lustre/fsn1/projects/rech/vzf/uqe97pu/raw_data/all_categories/SW_NanaExp_01_Jan_2020_1245pm3168.33638783181_3168.9696983633.wav
2645,Exp_20_Nov_2019_1145am,SW_Nana,1586.93440981781,1587.96440776862,3600.0,20,Whistle5513,/lustre/fsn1/projects/rech/vzf/uqe97pu/raw_data/all_categories/SW_NanaExp_20_Nov_2019_1145am1586.93440981781_1587.96440776862.wav
2469,Exp_04_Jan_2020_1345pm,SW_Nana,2199.202793417,2200.32364643537,3300.0,17,Whistle5103,/lustre/fsn1/projects/rech/vzf/uqe97pu/raw_data/all_categories/SW_NanaExp_04_Jan_2020_1345pm2199.202793417_2200.32364643537.wav
2499,Exp_02_Jan_2020_1045am,SW_Nana,154.656113644977,155.73840178057,3300.0,17,Whistle5217,/lustre/fsn1/projects/rech/vzf/uqe97pu/raw_data/all_categories/SW_NanaExp_02_Jan_2020_1045am154.656113644977_155.73840178057.wav
2617,Exp_04_Jan_2020_1345pm,SW_Nana,1491.86100733939,1492.59049650347,3300.0,20,Whistle5108,/lustre/fsn1/projects/rech/vzf/uqe97pu/raw_data/all_categories/SW_NanaExp_04_Jan_2020_1345pm1491.86100733939_1492.59049650347.wav
2527,Exp_15_Jan_2020_1045am,SW_Nana,2837.51030760958,2838.74228766656,3300.0,17,Whistle5779,/lustre/fsn1/projects/rech/vzf/uqe97pu/raw_data/all_categories/SW_NanaExp_15_Jan_2020_1045am2837.51030760958_2838.74228766656.wav
2401,Exp_16_Dec_2019_1345pm,SW_Nana,529.143124371952,529.888751748378,3300.0,16,Whistle5784,/lustre/fsn1/projects/rech/vzf/uqe97pu/raw_data/all_categories/SW_NanaExp_16_Dec_2019_1345pm529.143124371952_529.888751748378.wav
2630,Exp_02_Jan_2020_1045am,SW_Nana,1747.33529495544,1747.91596588114,3300.0,20,Whistle5232,/lustre/fsn1/projects/rech/vzf/uqe97pu/raw_data/all_categories/SW_NanaExp_02_Jan_2020_1045am1747.33529495544_1747.91596588114.wav
2688,Exp_17_Dec_2019_1045am,SW_Nana,2472.22781888922,2472.88565331905,3300.0,22,Whistle5298,/lustre/fsn1/projects/rech/vzf/uqe97pu/raw_data/all_categories/SW_NanaExp_17_Dec_2019_1045am2472.22781888922_2472.88565331905.wav
2377,Exp_13_Feb_2020_1145am,SW_Nana,2456.74402734865,2457.51508107888,3300.0,16,Whistle5711,/lustre/fsn1/projects/rech/vzf/uqe97pu/raw_data/all_categories/SW_NanaExp_13_Feb_2020_1145am2456.74402734865_2457.51508107888.wav
2301,Exp_14_Feb_2020_1345pm,SW_Nana,518.881968472587,519.423831190928,3300.0,16,Whistle5281,/lustre/fsn1/projects/rech/vzf/uqe97pu/raw_data/all_categories/SW_NanaExp_14_Feb_2020_1345pm518.881968472587_519.423831190928.wav
2374,Exp_12_Feb_2020_1145am,SW_Nana,301.053968751845,301.677917796431,3300.0,16,Whistle5690,/lustre/fsn1/projects/rech/vzf/uqe97pu/raw_data/all_categories/SW_NanaExp_12_Feb_2020_1145am301.053968751845_301.677917796431.wav
2367,Exp_11_Jan_2020_0945am,SW_Nana,522.847798807459,523.733575310191,3300.0,16,Whistle5670,/lustre/fsn1/projects/rech/vzf/uqe97pu/raw_data/all_categories/SW_NanaExp_11_Jan_2020_0945am522.847798807459_523.733575310191.wav
2739,Exp_17_Dec_2019_0945am,SW_Nana,910.145679386975,910.321990248399,3300.0,24,Whistle5660,/lustre/fsn1/projects/rech/vzf/uqe97pu/raw_data/all_categories/SW_NanaExp_17_Dec_2019_0945am910.145679386975_910.321990248399.wav
2247,Exp_04_Jan_2020_1345pm,SW_Nana,2155.076531141,2156.12263084775,3300.0,16,Whistle5097,/lustre/fsn1/projects/rech/vzf/uqe97pu/raw_data/all_categories/SW_NanaExp_04_Jan_2020_1345pm2155.076531141_2156.12263084775.wav
2565,Exp_06_Dec_2019_1245pm,SW_Nana,158.796707614511,159.661311335545,3000.0,18,Whistle5144,/lustre/fsn1/projects/rech/vzf/uqe97pu/raw_data/all_categories/SW_NanaExp_06_Dec_2019_1245pm158.796707614511_159.661311335545.wav
2725,Exp_11_Jan_2020_0945am,SW_Nana,2723.09200853166,2723.52798658044,3300.0,23,Whistle5618,/lustre/fsn1/projects/rech/vzf/uqe97pu/raw_data/all_categories/SW_NanaExp_11_Jan_2020_0945am2723.09200853166_2723.52798658044.wav
2303,Exp_14_Jan_2020_0945am,SW_Nana,370.533737020062,371.791542575618,3300.0,16,Whistle5284,/lustre/fsn1/projects/rech/vzf/uqe97pu/raw_data/all_categories/SW_NanaExp_14_Jan_2020_0945am370.533737020062_371.791542575618.wav
2539,Exp_17_Feb_2020_1145am,SW_Nana,2362.88716087018,2363.70343993995,3300.0,17,Whistle5879,/lustre/fsn1/projects/rech/vzf/uqe97pu/raw_data/all_categories/SW_NanaExp_17_Feb_2020_1145am2362.88716087018_2363.70343993995.wav
2253,Exp_04_Jan_2020_1345pm,SW_Nana,1477.37947811963,1478.2900818348,3300.0,16,Whistle5107,/lustre/fsn1/projects/rech/vzf/uqe97pu/raw_data/all_categories/SW_NanaExp_04_Jan_2020_1345pm1477.37947811963_1478.2900818348.wav
2395,Exp_14_Jan_2020_1045am,SW_Nana,757.92525131906,758.609799814044,2194.90133333334,16,Whistle5733,/lustre/fsn1/projects/rech/vzf/uqe97pu/raw_data/all_categories/SW_NanaExp_14_Jan_2020_1045am757.92525131906_758.609799814044.wav
2279,Exp_09_Mar_2020_1545pm,SW_Nana,960.268201560672,961.128216223428,3000.0,16,Whistle5203,/lustre/fsn1/projects/rech/vzf/uqe97pu/raw_data/all_categories/SW_NanaExp_09_Mar_2020_1545pm960.268201560672_961.128216223428.wav
2618,Exp_05_Jan_2020_1345pm,SW_Nana,1026.80311213064,1027.66128520757,3300.0,20,Whistle5121,/lustre/fsn1/projects/rech/vzf/uqe97pu/raw_data/all_categories/SW_NanaExp_05_Jan_2020_1345pm1026.80311213064_1027.66128520757.wav
2719,Exp_28_Nov_2019_0945am,SW_Nana,2350.53412341968,2351.12271237673,3000.0,22,Whistle6042,/lustre/fsn1/projects/rech/vzf/uqe97pu/raw_data/all_categories/SW_NanaExp_28_Nov_2019_0945am2350.53412341968_2351.12271237673.wav
2660,Exp_01_Jan_2020_1545pm,SW_Nana,10.5558407953933,11.0246997165552,3300.0,21,Whistle5230,/lustre/fsn1/projects/rech/vzf/uqe97pu/raw_data/all_categories/SW_NanaExp_01_Jan_2020_1545pm10.5558407953933_11.0246997165552.wav
2455,Exp_22_Nov_2019_1345pm,SW_Nana,1009.24447185501,1009.94022784459,3600.0,16,Whistle6021,/lustre/fsn1/projects/rech/vzf/uqe97pu/raw_data/all_categories/SW_NanaExp_22_Nov_2019_1345pm1009.24447185501_1009.94022784459.wav
2648,Exp_11_Jan_2020_0945am,SW_Nana,2312.63644760691,2313.37292237836,3300.0,20,Whistle5617,/lustre/fsn1/projects/rech/vzf/uqe97pu/raw_data/all_categories/SW_NanaExp_11_Jan_2020_0945am2312.63644760691_2313.37292237836.wav
2518,Exp_12_Feb_2020_1145am,SW_Nana,299.706427112181,300.794427112181,3300.0,17,Whistle5696,/lustre/fsn1/projects/rech/vzf/uqe97pu/raw_data/all_categories/SW_NanaExp_12_Feb_2020_1145am299.706427112181_300.794427112181.wav
2693,Exp_16_Dec_2019_1145am,SW_Nana,461.981769738977,462.472882013198,3300.0,22,Whistle5371,/lustre/fsn1/projects/rech/vzf/uqe97pu/raw_data/all_categories/SW_NanaExp_16_Dec_2019_1145am461.981769738977_462.472882013198.wav
2689,Exp_17_Jan_2020_1545pm,SW_Nana,619.835874618925,620.722019798948,3300.0,22,Whistle5310,/lustre/fsn1/projects/rech/vzf/uqe97pu/raw_data/all_categories/SW_NanaExp_17_Jan_2020_1545pm619.835874618925_620.722019798948.wav
2576,Exp_09_Mar_2020_1545pm,SW_Nana,917.43153319602,918.245864746822,3000.0,18,Whistle5209,/lustre/fsn1/projects/rech/vzf/uqe97pu/raw_data/all_categories/SW_NanaExp_09_Mar_2020_1545pm917.43153319602_918.245864746822.wav
2475,Exp_06_Dec_2019_1245pm,SW_Nana,99.6670187477661,100.46124774732,3000.0,17,Whistle5136,/lustre/fsn1/projects/rech/vzf/uqe97pu/raw_data/all_categories/SW_NanaExp_06_Dec_2019_1245pm99.6670187477661_100.46124774732.wav
2446,Exp_21_Nov_2019_0945am,SW_Nana,827.633536478469,828.529489655726,3600.0,16,Whistle6003,/lustre/fsn1/projects/rech/vzf/uqe97pu/raw_data/all_categories/SW_NanaExp_21_Nov_2019_0945am827.633536478469_828.529489655726.wav
2451,Exp_22_Nov_2019_0845am,SW_Nana,860.94249924525,862.686802194312,3600.0,16,Whistle6016,/lustre/fsn1/projects/rech/vzf/uqe97pu/raw_data/all_categories/SW_NanaExp_22_Nov_2019_0845am860.94249924525_862.686802194312.wav
2534,Exp_17_Dec_2019_1045am,SW_Nana,622.74188770269,623.697698100243,3300.0,17,Whistle5848,/lustre/fsn1/projects/rech/vzf/uqe97pu/raw_data/all_categories/SW_NanaExp_17_Dec_2019_1045am622.74188770269_623.697698100243.wav
2716,Exp_17_Jan_2020_1745pm,SW_Nana,2306.31828885451,2307.34508885451,3300.0,22,Whistle5979,/lustre/fsn1/projects/rech/vzf/uqe97pu/raw_data/all_categories/SW_NanaExp_17_Jan_2020_1745pm2306.31828885451_2307.34508885451.wav
2490,Exp_09_Feb_2020_1345pm,SW_Nana,1449.97620505209,1450.77537828044,3300.0,17,Whistle5190,/lustre/fsn1/projects/rech/vzf/uqe97pu/raw_data/all_categories/SW_NanaExp_09_Feb_2020_1345pm1449.97620505209_1450.77537828044.wav
2751,Exp_17_Dec_2019_1145am,SW_Nana,1167.03199695827,1167.57042644545,3300.0,24,Whistle5866,/lustre/fsn1/projects/rech/vzf/uqe97pu/raw_data/all_categories/SW_NanaExp_17_Dec_2019_1145am1167.03199695827_1167.57042644545.wav
2717,Exp_25_Nov_2019_0945am,SW_Nana,1849.57287833463,1850.24821698005,3000.0,22,Whistle6035,/lustre/fsn1/projects/rech/vzf/uqe97pu/raw_data/all_categories/SW_NanaExp_25_Nov_2019_0945am1849.57287833463_1850.24821698005.wav
2542,Exp_16_Jan_2020_1245pm,SW_Nana,2804.19448883793,2805.30679016494,3300.0,17,Whistle5809,/lustre/fsn1/projects/rech/vzf/uqe97pu/raw_data/all_categories/SW_NanaExp_16_Jan_2020_1245pm2804.19448883793_2805.30679016494.wav
2589,Exp_17_Jan_2020_1045am,SW_Nana,2997.16535457257,2998.36332273032,3300.0,18,Whistle5962,/lustre/fsn1/projects/rech/vzf/uqe97pu/raw_data/all_categories/SW_NanaExp_17_Jan_2020_1045am2997.16535457257_2998.36332273032.wav
2508,Exp_17_Feb_2020_1145am,SW_Nana,2360.45773061976,2361.42206251481,3300.0,17,Whistle5633,/lustre/fsn1/projects/rech/vzf/uqe97pu/raw_data/all_categories/SW_NanaExp_17_Feb_2020_1145am2360.45773061976_2361.42206251481.wav
2440,Exp_21_Nov_2019_0845am,SW_Nana,383.567122231734,384.448726005319,3600.0,16,Whistle5997,/lustre/fsn1/projects/rech/vzf/uqe97pu/raw_data/all_categories/SW_NanaExp_21_Nov_2019_0845am383.567122231734_384.448726005319.wav
2400,Exp_15_Jan_2020_1045am,SW_Nana,3278.17112551946,3278.89221062585,3300.0,16,Whistle5775,/lustre/fsn1/projects/rech/vzf/uqe97pu/raw_data/all_categories/SW_NanaExp_15_Jan_2020_1045am3278.17112551946_3278.89221062585.wav
2282,Exp_02_Feb_2020_1545pm,SW_Nana,1912.26335831237,1913.06824144245,3300.0,16,Whistle5215,/lustre/fsn1/projects/rech/vzf/uqe97pu/raw_data/all_categories/SW_NanaExp_02_Feb_2020_1545pm1912.26335831237_1913.06824144245.wav
2456,Exp_23_Nov_2019_0945am,SW_Nana,287.742153056102,288.889132796163,3000.0,16,Whistle6022,/lustre/fsn1/projects/rech/vzf/uqe97pu/raw_data/all_categories/SW_NanaExp_23_Nov_2019_0945am287.742153056102_288.889132796163.wav
2640,Exp_17_Feb_2020_1345pm,SW_Nana,1505.37046734847,1506.11151673118,3300.0,20,Whistle5439,/lustre/fsn1/projects/rech/vzf/uqe97pu/raw_data/all_categories/SW_NanaExp_17_Feb_2020_1345pm1505.37046734847_1506.11151673118.wav
2429,Exp_17_Jan_2020_1245pm,SW_Nana,1514.34483596804,1515.68715103653,3300.0,16,Whistle5971,/lustre/fsn1/projects/rech/vzf/uqe97pu/raw_data/all_categories/SW_NanaExp_17_Jan_2020_1245pm1514.34483596804_1515.68715103653.wav
2548,Exp_17_Feb_2020_1145am,SW_Nana,2370.9744776572,2371.82471530554,3300.0,17,Whistle5920,/lustre/fsn1/projects/rech/vzf/uqe97pu/raw_data/all_categories/SW_NanaExp_17_Feb_2020_1145am2370.9744776572_2371.82471530554.wav
2498,Exp_09_Mar_2020_1545pm,SW_Nana,915.024353269084,915.811609083038,3000.0,17,Whistle5212,/lustre/fsn1/projects/rech/vzf/uqe97pu/raw_data/all_categories/SW_NanaExp_09_Mar_2020_1545pm915.024353269084_915.811609083038.wav
2344,Exp_15_Jan_2020_0945am,SW_Nana,661.57947812038,662.687062928639,3300.0,16,Whistle5546,/lustre/fsn1/projects/rech/vzf/uqe97pu/raw_data/all_categories/SW_NanaExp_15_Jan_2020_0945am661.57947812038_662.687062928639.wav
2292,Exp_15_Jan_2020_1345pm,SW_Nana,595.291205281559,596.413567140533,3300.0,16,Whistle5254,/lustre/fsn1/projects/rech/vzf/uqe97pu/raw_data/all_categories/SW_NanaExp_15_Jan_2020_1345pm595.291205281559_596.413567140533.wav
2628,Exp_06_Jan_2020_0845am,SW_Nana,1902.75576713869,1903.69946481311,3300.0,20,Whistle5225,/lustre/fsn1/projects/rech/vzf/uqe97pu/raw_data/all_categories/SW_NanaExp_06_Jan_2020_0845am1902.75576713869_1903.69946481311.wav
2240,Exp_02_Jan_2020_1545pm,SW_Nana,1109.75920375496,1110.86516581458,3300.0,16,Whistle5081,/lustre/fsn1/projects/rech/vzf/uqe97pu/raw_data/all_categories/SW_NanaExp_02_Jan_2020_1545pm1109.75920375496_1110.86516581458.wav
2700,Exp_16_Dec_2019_1345pm,SW_Nana,837.795564198169,838.626948126741,3300.0,22,Whistle5551,/lustre/fsn1/projects/rech/vzf/uqe97pu/raw_data/all_categories/SW_NanaExp_16_Dec_2019_1345pm837.795564198169_838.626948126741.wav
2745,Exp_11_Mar_2020_0945am,SW_Nana,502.295275882513,503.246639518877,3000.0,24,Whistle5590,/lustre/fsn1/projects/rech/vzf/uqe97pu/raw_data/all_categories/SW_NanaExp_11_Mar_2020_0945am502.295275882513_503.246639518877.wav
2288,Exp_13_Dec_2019_1245pm,SW_Nana,3001.38819743111,3002.19410157054,3300.0,16,Whistle5250,/lustre/fsn1/projects/rech/vzf/uqe97pu/raw_data/all_categories/SW_NanaExp_13_Dec_2019_1245pm3001.38819743111_3002.19410157054.wav
2658,Exp_07_Jan_2020_1045am,SW_Nana,2530.3965434395,2530.75998841558,3300.0,21,Whistle5226,/lustre/fsn1/projects/rech/vzf/uqe97pu/raw_data/all_categories/SW_NanaExp_07_Jan_2020_1045am2530.3965434395_2530.75998841558.wav
2319,Exp_21_Nov_2019_1345pm,SW_Nana,536.806166727272,537.773078119677,3600.0,16,Whistle5316,/lustre/fsn1/projects/rech/vzf/uqe97pu/raw_data/all_categories/SW_NanaExp_21_Nov_2019_1345pm536.806166727272_537.773078119677.wav
2444,Exp_21_Nov_2019_0945am,SW_Nana,2063.98142390338,2065.11348454209,3600.0,16,Whistle6001,/lustre/fsn1/projects/rech/vzf/uqe97pu/raw_data/all_categories/SW_NanaExp_21_Nov_2019_0945am2063.98142390338_2065.11348454209.wav
2273,Exp_08_Dec_2019_1545pm,SW_Nana,576.661748671966,577.587480759193,3300.0,16,Whistle5184,/lustre/fsn1/projects/rech/vzf/uqe97pu/raw_data/all_categories/SW_NanaExp_08_Dec_2019_1545pm576.661748671966_577.587480759193.wav
2669,Exp_17_Feb_2020_1145am,SW_Nana,2971.53345810683,2972.04680179662,3300.0,21,Whistle5485,/lustre/fsn1/projects/rech/vzf/uqe97pu/raw_data/all_categories/SW_NanaExp_17_Feb_2020_1145am2971.53345810683_2972.04680179662.wav
2502,Exp_21_Nov_2019_1145am,SW_Nana,2445.3639458864,2446.76800450812,3600.0,17,Whistle5315,/lustre/fsn1/projects/rech/vzf/uqe97pu/raw_data/all_categories/SW_NanaExp_21_Nov_2019_1145am2445.3639458864_2446.76800450812.wav
2666,Exp_17_Dec_2019_1045am,SW_Nana,2478.82649362546,2479.17746765143,3300.0,21,Whistle5479,/lustre/fsn1/projects/rech/vzf/uqe97pu/raw_data/all_categories/SW_NanaExp_17_Dec_2019_1045am2478.82649362546_2479.17746765143.wav
2733,Exp_17_Jan_2020_1245pm,SW_Nana,3262.7613157529,3263.41116537696,3300.0,23,Whistle5970,/lustre/fsn1/projects/rech/vzf/uqe97pu/raw_data/all_categories/SW_NanaExp_17_Jan_2020_1245pm3262.7613157529_3263.41116537696.wav
2605,Exp_13_Dec_2019_1345pm,SW_Nana,1112.95185429861,1113.6915930695,3300.0,19,Whistle5624,/lustre/fsn1/projects/rech/vzf/uqe97pu/raw_data/all_categories/SW_NanaExp_13_Dec_2019_1345pm1112.95185429861_1113.6915930695.wav
2330,Exp_19_Nov_2019_1345pm,SW_Nana,3562.7798477771,3563.41206013993,3600.0,16,Whistle5443,/lustre/fsn1/projects/rech/vzf/uqe97pu/raw_data/all_categories/SW_NanaExp_19_Nov_2019_1345pm3562.7798477771_3563.41206013993.wav
2578,Exp_15_Feb_2020_1045am,SW_Nana,3081.59246921579,3082.61520501125,3300.0,18,Whistle5367,/lustre/fsn1/projects/rech/vzf/uqe97pu/raw_data/all_categories/SW_NanaExp_15_Feb_2020_1045am3081.59246921579_3082.61520501125.wav
2735,Exp_26_Nov_2019_1145am,SW_Nana,1019.63971847923,1020.63609167055,3000.0,23,Whistle6039,/lustre/fsn1/projects/rech/vzf/uqe97pu/raw_data/all_categories/SW_NanaExp_26_Nov_2019_1145am1019.63971847923_1020.63609167055.wav
2291,Exp_15_Jan_2020_1245pm,SW_Nana,3064.00785679595,3064.88398448634,3300.0,16,Whistle5253,/lustre/fsn1/projects/rech/vzf/uqe97pu/raw_data/all_categories/SW_NanaExp_15_Jan_2020_1245pm3064.00785679595_3064.88398448634.wav
2584,Exp_16_Jan_2020_0945am,SW_Nana,2690.85315470653,2692.17083799099,3300.0,18,Whistle5798,/lustre/fsn1/projects/rech/vzf/uqe97pu/raw_data/all_categories/SW_NanaExp_16_Jan_2020_0945am2690.85315470653_2692.17083799099.wav
2503,Exp_06_Dec_2019_1245pm,SW_Nana,157.803707169933,158.542637651216,3000.0,17,Whistle5142,/lustre/fsn1/projects/rech/vzf/uqe97pu/raw_data/all_categories/SW_NanaExp_06_Dec_2019_1245pm157.803707169933_158.542637651216.wav
2480,Exp_09_Mar_2020_1545pm,SW_Nana,926.619401562922,927.634703400192,3000.0,17,Whistle5202,/lustre/fsn1/projects/rech/vzf/uqe97pu/raw_data/all_categories/SW_NanaExp_09_Mar_2020_1545pm926.619401562922_927.634703400192.wav
2252,Exp_04_Jan_2020_1345pm,SW_Nana,2194.2569602432,2195.50967725172,3300.0,16,Whistle5105,/lustre/fsn1/projects/rech/vzf/uqe97pu/raw_data/all_categories/SW_NanaExp_04_Jan_2020_1345pm2194.2569602432_2195.50967725172.wav
2554,Exp_04_Jan_2020_1045am,SW_Nana,619.526877960236,620.487479133257,3300.0,18,Whistle5090,/lustre/fsn1/projects/rech/vzf/uqe97pu/raw_data/all_categories/SW_NanaExp_04_Jan_2020_1045am619.526877960236_620.487479133257.wav
2327,Exp_15_Jan_2020_1345pm,SW_Nana,1246.44678296279,1247.33922671279,3300.0,16,Whistle5370,/lustre/fsn1/projects/rech/vzf/uqe97pu/raw_data/all_categories/SW_NanaExp_15_Jan_2020_1345pm1246.44678296279_1247.33922671279.wav
2626,Exp_04_Jan_2020_1345pm,SW_Nana,2171.06657898963,2171.77853203766,3300.0,20,Whistle5223,/lustre/fsn1/projects/rech/vzf/uqe97pu/raw_data/all_categories/SW_NanaExp_04_Jan_2020_1345pm2171.06657898963_2171.77853203766.wav
2512,Exp_17_Feb_2020_1145am,SW_Nana,2952.88583765416,2953.67931351554,3300.0,17,Whistle5508,/lustre/fsn1/projects/rech/vzf/uqe97pu/raw_data/all_categories/SW_NanaExp_17_Feb_2020_1145am2952.88583765416_2953.67931351554.wav
2405,Exp_14_Jan_2020_1045am,SW_Nana,756.405919512581,757.316529064954,2194.90133333334,16,Whistle5735,/lustre/fsn1/projects/rech/vzf/uqe97pu/raw_data/all_categories/SW_NanaExp_14_Jan_2020_1045am756.405919512581_757.316529064954.wav
2567,Exp_06_Dec_2019_1245pm,SW_Nana,132.708596798353,133.46260749354,3000.0,18,Whistle5147,/lustre/fsn1/projects/rech/vzf/uqe97pu/raw_data/all_categories/SW_NanaExp_06_Dec_2019_1245pm132.708596798353_133.46260749354.wav
2754,Exp_07_Jan_2020_0945am,SW_Nana,2301.75235613324,2302.16443424506,3300.0,24,Whistle5247,/lustre/fsn1/projects/rech/vzf/uqe97pu/raw_data/all_categories/SW_NanaExp_07_Jan_2020_0945am2301.75235613324_2302.16443424506.wav
2373,Exp_12_Dec_2019_1245pm,SW_Nana,1813.44674536514,1814.44381679371,3300.0,16,Whistle5687,/lustre/fsn1/projects/rech/vzf/uqe97pu/raw_data/all_categories/SW_NanaExp_12_Dec_2019_1245pm1813.44674536514_1814.44381679371.wav
2545,Exp_21_Nov_2019_1345pm,SW_Nana,1834.11549725615,1835.22642218912,3600.0,17,Whistle6007,/lustre/fsn1/projects/rech/vzf/uqe97pu/raw_data/all_categories/SW_NanaExp_21_Nov_2019_1345pm1834.11549725615_1835.22642218912.wav
2743,Exp_04_Jan_2020_1345pm,SW_Nana,2166.43203451598,2168.06153598226,3300.0,24,Whistle5235,/lustre/fsn1/projects/rech/vzf/uqe97pu/raw_data/all_categories/SW_NanaExp_04_Jan_2020_1345pm2166.43203451598_2168.06153598226.wav
2558,Exp_05_Jan_2020_1345pm,SW_Nana,1240.99376179928,1242.36654767891,3300.0,18,Whistle5118,/lustre/fsn1/projects/rech/vzf/uqe97pu/raw_data/all_categories/SW_NanaExp_05_Jan_2020_1345pm1240.99376179928_1242.36654767891.wav
2482,Exp_06_Dec_2019_1245pm,SW_Nana,111.796024466622,112.611045170956,3000.0,17,Whistle5148,/lustre/fsn1/projects/rech/vzf/uqe97pu/raw_data/all_categories/SW_NanaExp_06_Dec_2019_1245pm111.796024466622_112.611045170956.wav
2293,Exp_17_Dec_2019_1345pm,SW_Nana,476.949013798394,478.107002477386,3300.0,16,Whistle5257,/lustre/fsn1/projects/rech/vzf/uqe97pu/raw_data/all_categories/SW_NanaExp_17_Dec_2019_1345pm476.949013798394_478.107002477386.wav
2602,Exp_23_Nov_2019_1145am,SW_Nana,1201.16123554156,1202.45509270025,3000.0,19,Whistle5450,/lustre/fsn1/projects/rech/vzf/uqe97pu/raw_data/all_categories/SW_NanaExp_23_Nov_2019_1145am1201.16123554156_1202.45509270025.wav
2289,Exp_15_Dec_2019_1545pm,SW_Nana,727.621258279715,728.552923571245,3300.0,16,Whistle5251,/lustre/fsn1/projects/rech/vzf/uqe97pu/raw_data/all_categories/SW_NanaExp_15_Dec_2019_1545pm727.621258279715_728.552923571245.wav
2715,Exp_16_Nov_2019_1345pm,SW_Nana,95.2214523043718,96.4783583817199,3600.0,22,Whistle5828,/lustre/fsn1/projects/rech/vzf/uqe97pu/raw_data/all_categories/SW_NanaExp_16_Nov_2019_1345pm95.2214523043718_96.4783583817199.wav
2413,Exp_16_Nov_2019_1045am,SW_Nana,2396.84665846294,2398.06939731644,3600.0,16,Whistle5824,/lustre/fsn1/projects/rech/vzf/uqe97pu/raw_data/all_categories/SW_NanaExp_16_Nov_2019_1045am2396.84665846294_2398.06939731644.wav
2684,Exp_14_Feb_2020_1145am,SW_Nana,443.25588288584,443.820315300538,3300.0,22,Whistle5280,/lustre/fsn1/projects/rech/vzf/uqe97pu/raw_data/all_categories/SW_NanaExp_14_Feb_2020_1145am443.25588288584_443.820315300538.wav
2428,Exp_17_Jan_2020_1145am,SW_Nana,1955.16592535129,1956.30296584973,3300.0,16,Whistle5967,/lustre/fsn1/projects/rech/vzf/uqe97pu/raw_data/all_categories/SW_NanaExp_17_Jan_2020_1145am1955.16592535129_1956.30296584973.wav
2757,Exp_08_Feb_2020_1345pm,SW_Nana,632.967234599592,634.451540593283,3300.0,24,Whistle5186,/lustre/fsn1/projects/rech/vzf/uqe97pu/raw_data/all_categories/SW_NanaExp_08_Feb_2020_1345pm632.967234599592_634.451540593283.wav
2702,Exp_16_Nov_2019_1345pm,SW_Nana,135.837443776716,136.860093397928,3600.0,22,Whistle5558,/lustre/fsn1/projects/rech/vzf/uqe97pu/raw_data/all_categories/SW_NanaExp_16_Nov_2019_1345pm135.837443776716_136.860093397928.wav
2426,Exp_17_Feb_2020_1545pm,SW_Nana,310.246770831464,311.339279481984,3300.0,16,Whistle5960,/lustre/fsn1/projects/rech/vzf/uqe97pu/raw_data/all_categories/SW_NanaExp_17_Feb_2020_1545pm310.246770831464_311.339279481984.wav
2714,Exp_16_Feb_2020_1245pm,SW_Nana,1638.65145109805,1639.41695834443,3300.0,22,Whistle5788,/lustre/fsn1/projects/rech/vzf/uqe97pu/raw_data/all_categories/SW_NanaExp_16_Feb_2020_1245pm1638.65145109805_1639.41695834443.wav
2408,Exp_16_Jan_2020_1245pm,SW_Nana,1645.26637356698,1646.20299278406,3300.0,16,Whistle5812,/lustre/fsn1/projects/rech/vzf/uqe97pu/raw_data/all_categories/SW_NanaExp_16_Jan_2020_1245pm1645.26637356698_1646.20299278406.wav
2297,Exp_11_Dec_2019_1145am,SW_Nana,47.1934625352571,48.2652791768234,3300.0,16,Whistle5267,/lustre/fsn1/projects/rech/vzf/uqe97pu/raw_data/all_categories/SW_NanaExp_11_Dec_2019_1145am47.1934625352571_48.2652791768234.wav
2713,Exp_11_Jan_2020_1145am,SW_Nana,1016.98975649897,1017.50463688175,3300.0,22,Whistle5676,/lustre/fsn1/projects/rech/vzf/uqe97pu/raw_data/all_categories/SW_NanaExp_11_Jan_2020_1145am1016.98975649897_1017.50463688175.wav
2287,Exp_13_Dec_2019_0945am,SW_Nana,2972.10246060612,2973.26572229168,3300.0,16,Whistle5249,/lustre/fsn1/projects/rech/vzf/uqe97pu/raw_data/all_categories/SW_NanaExp_13_Dec_2019_0945am2972.10246060612_2973.26572229168.wav
2583,Exp_14_Dec_2019_0945am,SW_Nana,1033.48813238828,1034.4993552985,3300.0,18,Whistle5720,/lustre/fsn1/projects/rech/vzf/uqe97pu/raw_data/all_categories/SW_NanaExp_14_Dec_2019_0945am1033.48813238828_1034.4993552985.wav
2474,Exp_06_Dec_2019_1245pm,SW_Nana,123.963077694846,124.687591801429,3000.0,17,Whistle5132,/lustre/fsn1/projects/rech/vzf/uqe97pu/raw_data/all_categories/SW_NanaExp_06_Dec_2019_1245pm123.963077694846_124.687591801429.wav
2491,Exp_09_Feb_2020_1345pm,SW_Nana,1453.2698692821,1454.24516982855,3300.0,17,Whistle5191,/lustre/fsn1/projects/rech/vzf/uqe97pu/raw_data/all_categories/SW_NanaExp_09_Feb_2020_1345pm1453.2698692821_1454.24516982855.wav
2260,Exp_06_Dec_2019_1245pm,SW_Nana,81.160271200904,81.9105362185718,3000.0,16,Whistle5154,/lustre/fsn1/projects/rech/vzf/uqe97pu/raw_data/all_categories/SW_NanaExp_06_Dec_2019_1245pm81.160271200904_81.9105362185718.wav
2552,Exp_02_Jan_2020_1345pm,SW_Nana,1847.48559965333,1848.62848159778,3300.0,18,Whistle5079,/lustre/fsn1/projects/rech/vzf/uqe97pu/raw_data/all_categories/SW_NanaExp_02_Jan_2020_1345pm1847.48559965333_1848.62848159778.wav
2698,Exp_15_Dec_2019_0845am,SW_Nana,205.107166539793,205.99424823914,3300.0,22,Whistle5540,/lustre/fsn1/projects/rech/vzf/uqe97pu/raw_data/all_categories/SW_NanaExp_15_Dec_2019_0845am205.107166539793_205.99424823914.wav
2399,Exp_15_Jan_2020_1045am,SW_Nana,2512.74389469383,2513.68536528207,3300.0,16,Whistle5772,/lustre/fsn1/projects/rech/vzf/uqe97pu/raw_data/all_categories/SW_NanaExp_15_Jan_2020_1045am2512.74389469383_2513.68536528207.wav
2515,Exp_14_Dec_2019_0945am,SW_Nana,1033.89134841642,1034.54333856421,3300.0,17,Whistle5630,/lustre/fsn1/projects/rech/vzf/uqe97pu/raw_data/all_categories/SW_NanaExp_14_Dec_2019_0945am1033.89134841642_1034.54333856421.wav
2682,Exp_13_Dec_2019_1245pm,SW_Nana,2091.14649821889,2091.67602020506,3300.0,22,Whistle5274,/lustre/fsn1/projects/rech/vzf/uqe97pu/raw_data/all_categories/SW_NanaExp_13_Dec_2019_1245pm2091.14649821889_2091.67602020506.wav
2430,Exp_17_Jan_2020_1245pm,SW_Nana,1761.76173942757,1762.64271834537,3300.0,16,Whistle5972,/lustre/fsn1/projects/rech/vzf/uqe97pu/raw_data/all_categories/SW_NanaExp_17_Jan_2020_1245pm1761.76173942757_1762.64271834537.wav
2624,Exp_04_Jan_2020_1045am,SW_Nana,621.041677057367,621.586103286875,3300.0,20,Whistle5221,/lustre/fsn1/projects/rech/vzf/uqe97pu/raw_data/all_categories/SW_NanaExp_04_Jan_2020_1045am621.041677057367_621.586103286875.wav
2532,Exp_17_Dec_2019_1045am,SW_Nana,2466.63376803376,2467.56397007613,3300.0,17,Whistle5842,/lustre/fsn1/projects/rech/vzf/uqe97pu/raw_data/all_categories/SW_NanaExp_17_Dec_2019_1045am2466.63376803376_2467.56397007613.wav
2652,Exp_17_Feb_2020_1145am,SW_Nana,1509.87175980943,1510.45313633045,3300.0,20,Whistle5637,/lustre/fsn1/projects/rech/vzf/uqe97pu/raw_data/all_categories/SW_NanaExp_17_Feb_2020_1145am1509.87175980943_1510.45313633045.wav
2730,Exp_16_Jan_2020_1145am,SW_Nana,2542.10352559267,2542.71405070682,3300.0,23,Whistle5805,/lustre/fsn1/projects/rech/vzf/uqe97pu/raw_data/all_categories/SW_NanaExp_16_Jan_2020_1145am2542.10352559267_2542.71405070682.wav
1513,Exp_26_Nov_2019_1145am,SW_Neo,417.331391104637,418.146393821313,3000.0,4,Whistle3208,/lustre/fsn1/projects/rech/vzf/uqe97pu/raw_data/all_categories/SW_NeoExp_26_Nov_2019_1145am417.331391104637_418.146393821313.wav
111,Exp_13_Dec_2019_1545pm,SW_Neo,538.134751877073,538.731572686321,3300.0,1,Whistle2402,/lustre/fsn1/projects/rech/vzf/uqe97pu/raw_data/all_categories/SW_NeoExp_13_Dec_2019_1545pm538.134751877073_538.731572686321.wav
1922,Exp_08_Jan_2020_1245pm,SW_Neo,1828.4618246036,1829.44844622523,3300.0,7,Whistle464,/lustre/fsn1/projects/rech/vzf/uqe97pu/raw_data/all_categories/SW_NeoExp_08_Jan_2020_1245pm1828.4618246036_1829.44844622523.wav
461,Exp_16_Jan_2020_1045am,SW_Neo,1427.7293264525,1428.46932869494,3300.0,2,Whistle2613,/lustre/fsn1/projects/rech/vzf/uqe97pu/raw_data/all_categories/SW_NeoExp_16_Jan_2020_1045am1427.7293264525_1428.46932869494.wav
2171,Exp_05_Jan_2020_1545pm,SW_Neo,231.480351817627,232.344950748109,3300.0,13,Whistle954,/lustre/fsn1/projects/rech/vzf/uqe97pu/raw_data/all_categories/SW_NeoExp_05_Jan_2020_1545pm231.480351817627_232.344950748109.wav
1544,Exp_17_Nov_2019_1545pm,SW_Neo,465.549767732641,465.998538919082,3600.0,4,Whistle3466,/lustre/fsn1/projects/rech/vzf/uqe97pu/raw_data/all_categories/SW_NeoExp_17_Nov_2019_1545pm465.549767732641_465.998538919082.wav
599,Exp_17_Feb_2020_1545pm,SW_Neo,582.56839344263,583.291707396118,3300.0,2,Whistle3120,/lustre/fsn1/projects/rech/vzf/uqe97pu/raw_data/all_categories/SW_NeoExp_17_Feb_2020_1545pm582.56839344263_583.291707396118.wav
617,Exp_19_Nov_2019_1545pm,SW_Neo,1407.23186741018,1407.8288496587,3600.0,2,Whistle3162,/lustre/fsn1/projects/rech/vzf/uqe97pu/raw_data/all_categories/SW_NeoExp_19_Nov_2019_1545pm1407.23186741018_1407.8288496587.wav
544,Exp_26_Nov_2019_1345pm,SW_Neo,579.804383486834,580.551638388795,3000.0,2,Whistle2880,/lustre/fsn1/projects/rech/vzf/uqe97pu/raw_data/all_categories/SW_NeoExp_26_Nov_2019_1345pm579.804383486834_580.551638388795.wav
809,Exp_06_Mar_2020_1345pm,SW_Neo,141.541558127229,142.554086217116,3000.0,3,Whistle1148,/lustre/fsn1/projects/rech/vzf/uqe97pu/raw_data/all_categories/SW_NeoExp_06_Mar_2020_1345pm141.541558127229_142.554086217116.wav
1551,Exp_17_Dec_2019_0945am,SW_Neo,2535.64398582368,2537.13601752658,3300.0,4,Whistle3476,/lustre/fsn1/projects/rech/vzf/uqe97pu/raw_data/all_categories/SW_NeoExp_17_Dec_2019_0945am2535.64398582368_2537.13601752658.wav
1463,Exp_19_Nov_2019_1545pm,SW_Neo,1288.68089141403,1289.14523103667,3600.0,4,Whistle2787,/lustre/fsn1/projects/rech/vzf/uqe97pu/raw_data/all_categories/SW_NeoExp_19_Nov_2019_1545pm1288.68089141403_1289.14523103667.wav
1769,Exp_01_Mar_2020_1545pm,SW_Neo,596.753212785335,597.644775169594,3000.0,5,Whistle1619,/lustre/fsn1/projects/rech/vzf/uqe97pu/raw_data/all_categories/SW_NeoExp_01_Mar_2020_1545pm596.753212785335_597.644775169594.wav
555,Exp_07_Dec_2019_1245pm,SW_Neo,2781.01537868507,2781.69901504871,3300.0,2,Whistle293,/lustre/fsn1/projects/rech/vzf/uqe97pu/raw_data/all_categories/SW_NeoExp_07_Dec_2019_1245pm2781.01537868507_2781.69901504871.wav
259,Exp_01_Jan_2020_1345pm,SW_Neo,569.707635747657,570.625156408814,3300.0,2,Whistle1227,/lustre/fsn1/projects/rech/vzf/uqe97pu/raw_data/all_categories/SW_NeoExp_01_Jan_2020_1345pm569.707635747657_570.625156408814.wav
1110,Exp_07_Dec_2019_1245pm,SW_Neo,2798.03201056847,2798.73073101745,3300.0,3,Whistle296,/lustre/fsn1/projects/rech/vzf/uqe97pu/raw_data/all_categories/SW_NeoExp_07_Dec_2019_1245pm2798.03201056847_2798.73073101745.wav
2049,Exp_14_Dec_2019_0845am,SW_Neo,1202.3586441171,1203.77765370177,3300.0,11,Whistle2957,/lustre/fsn1/projects/rech/vzf/uqe97pu/raw_data/all_categories/SW_NeoExp_14_Dec_2019_0845am1202.3586441171_1203.77765370177.wav
440,Exp_15_Jan_2020_1245pm,SW_Neo,1949.85908758286,1950.40954861525,3300.0,2,Whistle2510,/lustre/fsn1/projects/rech/vzf/uqe97pu/raw_data/all_categories/SW_NeoExp_15_Jan_2020_1245pm1949.85908758286_1950.40954861525.wav
1283,Exp_10_Feb_2020_1545pm,SW_Neo,255.996219839874,256.942636222126,3300.0,3,Whistle559,/lustre/fsn1/projects/rech/vzf/uqe97pu/raw_data/all_categories/SW_NeoExp_10_Feb_2020_1545pm255.996219839874_256.942636222126.wav
303,Exp_12_Mar_2020_1345pm,SW_Neo,86.2352874509582,87.2802909343031,3000.0,2,Whistle1938,/lustre/fsn1/projects/rech/vzf/uqe97pu/raw_data/all_categories/SW_NeoExp_12_Mar_2020_1345pm86.2352874509582_87.2802909343031.wav
2201,Exp_07_Dec_2019_1245pm,SW_Neo,2687.11941343918,2688.53312219176,3300.0,14,Whistle1637,/lustre/fsn1/projects/rech/vzf/uqe97pu/raw_data/all_categories/SW_NeoExp_07_Dec_2019_1245pm2687.11941343918_2688.53312219176.wav
2013,Exp_13_Jan_2020_1145am,SW_Neo,1010.08997185245,1010.45455783971,3300.0,10,Whistle2221,/lustre/fsn1/projects/rech/vzf/uqe97pu/raw_data/all_categories/SW_NeoExp_13_Jan_2020_1145am1010.08997185245_1010.45455783971.wav
786,Exp_06_Dec_2019_1345pm,SW_Neo,816.095137051893,816.975560652254,3000.0,3,Whistle1117,/lustre/fsn1/projects/rech/vzf/uqe97pu/raw_data/all_categories/SW_NeoExp_06_Dec_2019_1345pm816.095137051893_816.975560652254.wav
1782,Exp_02_Jan_2020_1045am,SW_Neo,1610.3208184762,1611.16234870895,3300.0,5,Whistle593,/lustre/fsn1/projects/rech/vzf/uqe97pu/raw_data/all_categories/SW_NeoExp_02_Jan_2020_1045am1610.3208184762_1611.16234870895.wav
1401,Exp_17_Jan_2020_1145am,SW_Neo,888.743898924344,889.202125874699,3300.0,4,Whistle2124,/lustre/fsn1/projects/rech/vzf/uqe97pu/raw_data/all_categories/SW_NeoExp_17_Jan_2020_1145am888.743898924344_889.202125874699.wav
680,Exp_10_Feb_2020_1545pm,SW_Neo,404.951979798736,406.020819283416,3300.0,2,Whistle580,/lustre/fsn1/projects/rech/vzf/uqe97pu/raw_data/all_categories/SW_NeoExp_10_Feb_2020_1545pm404.951979798736_406.020819283416.wav
1189,Exp_03_Feb_2020_1345pm,SW_Neo,667.037825353118,668.110607173373,3300.0,3,Whistle39,/lustre/fsn1/projects/rech/vzf/uqe97pu/raw_data/all_categories/SW_NeoExp_03_Feb_2020_1345pm667.037825353118_668.110607173373.wav
1676,Exp_03_Mar_2020_1345pm,SW_Neo,500.372690758295,501.404044118718,3000.0,4,Whistle772,/lustre/fsn1/projects/rech/vzf/uqe97pu/raw_data/all_categories/SW_NeoExp_03_Mar_2020_1345pm500.372690758295_501.404044118718.wav
819,Exp_06_Mar_2020_1545pm,SW_Neo,337.242167701467,338.36947171884,3000.0,3,Whistle1160,/lustre/fsn1/projects/rech/vzf/uqe97pu/raw_data/all_categories/SW_NeoExp_06_Mar_2020_1545pm337.242167701467_338.36947171884.wav
1968,Exp_10_Feb_2020_1545pm,SW_Neo,105.19768684626,106.215280831222,3300.0,9,Whistle1330,/lustre/fsn1/projects/rech/vzf/uqe97pu/raw_data/all_categories/SW_NeoExp_10_Feb_2020_1545pm105.19768684626_106.215280831222.wav
218,Exp_06_Jan_2020_1345pm,SW_Neo,2755.3616815859,2756.63332200585,3300.0,1,Whistle700,/lustre/fsn1/projects/rech/vzf/uqe97pu/raw_data/all_categories/SW_NeoExp_06_Jan_2020_1345pm2755.3616815859_2756.63332200585.wav
907,Exp_09_Jan_2020_1545pm,SW_Neo,43.6457448362088,44.5569012987939,3300.0,3,Whistle1315,/lustre/fsn1/projects/rech/vzf/uqe97pu/raw_data/all_categories/SW_NeoExp_09_Jan_2020_1545pm43.6457448362088_44.5569012987939.wav
527,Exp_19_Nov_2019_1545pm,SW_Neo,1441.88697374724,1442.5639529139,3600.0,2,Whistle2793,/lustre/fsn1/projects/rech/vzf/uqe97pu/raw_data/all_categories/SW_NeoExp_19_Nov_2019_1545pm1441.88697374724_1442.5639529139.wav
705,Exp_03_Jan_2020_1145am,SW_Neo,1962.50165930445,1963.33176766358,3300.0,3,Whistle1008,/lustre/fsn1/projects/rech/vzf/uqe97pu/raw_data/all_categories/SW_NeoExp_03_Jan_2020_1145am1962.50165930445_1963.33176766358.wav
1022,Exp_17_Feb_2020_1145am,SW_Neo,773.102426643465,774.146051643465,3300.0,3,Whistle2098,/lustre/fsn1/projects/rech/vzf/uqe97pu/raw_data/all_categories/SW_NeoExp_17_Feb_2020_1145am773.102426643465_774.146051643465.wav
1896,Exp_07_Jan_2020_1045am,SW_Neo,2402.91669962368,2403.92725210987,3300.0,7,Whistle1552,/lustre/fsn1/projects/rech/vzf/uqe97pu/raw_data/all_categories/SW_NeoExp_07_Jan_2020_1045am2402.91669962368_2403.92725210987.wav
289,Exp_16_Jan_2020_1145am,SW_Neo,639.744915333272,640.359630664675,3300.0,2,Whistle1697,/lustre/fsn1/projects/rech/vzf/uqe97pu/raw_data/all_categories/SW_NeoExp_16_Jan_2020_1145am639.744915333272_640.359630664675.wav
1710,Exp_07_Jan_2020_1045am,SW_Neo,2489.34754408347,2490.48454098749,3300.0,4,Whistle869,/lustre/fsn1/projects/rech/vzf/uqe97pu/raw_data/all_categories/SW_NeoExp_07_Jan_2020_1045am2489.34754408347_2490.48454098749.wav
1041,Exp_01_Feb_2020_1545pm,SW_Neo,756.323299137373,757.364616686916,3300.0,3,Whistle220,/lustre/fsn1/projects/rech/vzf/uqe97pu/raw_data/all_categories/SW_NeoExp_01_Feb_2020_1545pm756.323299137373_757.364616686916.wav
1454,Exp_17_Dec_2019_0845am,SW_Neo,1289.00467218669,1289.89260011462,3300.0,4,Whistle2669,/lustre/fsn1/projects/rech/vzf/uqe97pu/raw_data/all_categories/SW_NeoExp_17_Dec_2019_0845am1289.00467218669_1289.89260011462.wav
231,Exp_04_Jan_2020_0945am,SW_Neo,1773.27037415265,1774.11637415265,3300.0,1,Whistle99,/lustre/fsn1/projects/rech/vzf/uqe97pu/raw_data/all_categories/SW_NeoExp_04_Jan_2020_0945am1773.27037415265_1774.11637415265.wav
2021,Exp_23_Nov_2019_0945am,SW_Neo,1005.99518078901,1006.60632292099,3000.0,10,Whistle2843,/lustre/fsn1/projects/rech/vzf/uqe97pu/raw_data/all_categories/SW_NeoExp_23_Nov_2019_0945am1005.99518078901_1006.60632292099.wav
1543,Exp_17_Feb_2020_1245pm,SW_Neo,2587.43284070558,2588.16284291771,3300.0,4,Whistle3461,/lustre/fsn1/projects/rech/vzf/uqe97pu/raw_data/all_categories/SW_NeoExp_17_Feb_2020_1245pm2587.43284070558_2588.16284291771.wav
1574,Exp_03_Mar_2020_1345pm,SW_Neo,502.148625143902,503.656646534276,3000.0,4,Whistle617,/lustre/fsn1/projects/rech/vzf/uqe97pu/raw_data/all_categories/SW_NeoExp_03_Mar_2020_1345pm502.148625143902_503.656646534276.wav
1985,Exp_11_Mar_2020_1145am,SW_Neo,1010.87836959457,1011.82837276124,3000.0,10,Whistle1721,/lustre/fsn1/projects/rech/vzf/uqe97pu/raw_data/all_categories/SW_NeoExp_11_Mar_2020_1145am1010.87836959457_1011.82837276124.wav
414,Exp_12_Mar_2020_1345pm,SW_Neo,81.3018096957759,82.0202120626398,3000.0,2,Whistle2385,/lustre/fsn1/projects/rech/vzf/uqe97pu/raw_data/all_categories/SW_NeoExp_12_Mar_2020_1345pm81.3018096957759_82.0202120626398.wav
1222,Exp_08_Jan_2020_1245pm,SW_Neo,2671.57381761341,2672.40952208077,3300.0,3,Whistle446,/lustre/fsn1/projects/rech/vzf/uqe97pu/raw_data/all_categories/SW_NeoExp_08_Jan_2020_1245pm2671.57381761341_2672.40952208077.wav
179,Exp_08_Dec_2019_1545pm,SW_Neo,451.167184391547,452.143524260828,3300.0,1,Whistle402,/lustre/fsn1/projects/rech/vzf/uqe97pu/raw_data/all_categories/SW_NeoExp_08_Dec_2019_1545pm451.167184391547_452.143524260828.wav
134,Exp_18_Nov_2019_1545pm,SW_Neo,110.201980361773,111.125260904759,3600.0,1,Whistle2781,/lustre/fsn1/projects/rech/vzf/uqe97pu/raw_data/all_categories/SW_NeoExp_18_Nov_2019_1545pm110.201980361773_111.125260904759.wav
100,Exp_15_Jan_2020_1345pm,SW_Neo,593.499039869609,594.176741019034,3300.0,1,Whistle2241,/lustre/fsn1/projects/rech/vzf/uqe97pu/raw_data/all_categories/SW_NeoExp_15_Jan_2020_1345pm593.499039869609_594.176741019034.wav
1170,Exp_07_Jan_2020_1545pm,SW_Neo,21.5710620940755,22.5829693105703,3300.0,3,Whistle367,/lustre/fsn1/projects/rech/vzf/uqe97pu/raw_data/all_categories/SW_NeoExp_07_Jan_2020_1545pm21.5710620940755_22.5829693105703.wav
1573,Exp_03_Jan_2020_1145am,SW_Neo,2011.10217791283,2012.54606336175,3300.0,4,Whistle613,/lustre/fsn1/projects/rech/vzf/uqe97pu/raw_data/all_categories/SW_NeoExp_03_Jan_2020_1145am2011.10217791283_2012.54606336175.wav
1117,Exp_07_Dec_2019_1245pm,SW_Neo,2681.62680914424,2682.48207230213,3300.0,3,Whistle303,/lustre/fsn1/projects/rech/vzf/uqe97pu/raw_data/all_categories/SW_NeoExp_07_Dec_2019_1245pm2681.62680914424_2682.48207230213.wav
56,Exp_05_Dec_2019_1545pm,SW_Neo,230.555769185897,231.457191639601,3000.0,1,Whistle1403,/lustre/fsn1/projects/rech/vzf/uqe97pu/raw_data/all_categories/SW_NeoExp_05_Dec_2019_1545pm230.555769185897_231.457191639601.wav
96,Exp_11_Mar_2020_1145am,SW_Neo,508.964037869069,509.751647625167,3000.0,1,Whistle2213,/lustre/fsn1/projects/rech/vzf/uqe97pu/raw_data/all_categories/SW_NeoExp_11_Mar_2020_1145am508.964037869069_509.751647625167.wav
324,Exp_05_Mar_2020_1345pm,SW_Neo,141.72547308491,142.047184314857,3000.0,2,Whistle203,/lustre/fsn1/projects/rech/vzf/uqe97pu/raw_data/all_categories/SW_NeoExp_05_Mar_2020_1345pm141.72547308491_142.047184314857.wav
1606,Exp_05_Dec_2019_1245pm,SW_Neo,2651.70674832951,2652.85380715304,3000.0,4,Whistle665,/lustre/fsn1/projects/rech/vzf/uqe97pu/raw_data/all_categories/SW_NeoExp_05_Dec_2019_1245pm2651.70674832951_2652.85380715304.wav
290,Exp_16_Nov_2019_1345pm,SW_Neo,703.090925228083,703.775663904041,3600.0,2,Whistle1699,/lustre/fsn1/projects/rech/vzf/uqe97pu/raw_data/all_categories/SW_NeoExp_16_Nov_2019_1345pm703.090925228083_703.775663904041.wav
610,Exp_17_Nov_2019_1545pm,SW_Neo,527.318140884501,528.066409040925,3600.0,2,Whistle3148,/lustre/fsn1/projects/rech/vzf/uqe97pu/raw_data/all_categories/SW_NeoExp_17_Nov_2019_1545pm527.318140884501_528.066409040925.wav
670,Exp_09_Jan_2020_1145am,SW_Neo,507.722313745746,508.598734409952,3300.0,2,Whistle519,/lustre/fsn1/projects/rech/vzf/uqe97pu/raw_data/all_categories/SW_NeoExp_09_Jan_2020_1145am507.722313745746_508.598734409952.wav
1921,Exp_08_Jan_2020_1245pm,SW_Neo,2306.40949623081,2307.32009994598,3300.0,7,Whistle437,/lustre/fsn1/projects/rech/vzf/uqe97pu/raw_data/all_categories/SW_NeoExp_08_Jan_2020_1245pm2306.40949623081_2307.32009994598.wav
1900,Exp_09_Mar_2020_1545pm,SW_Neo,319.523921679739,320.048048663866,3000.0,7,Whistle1561,/lustre/fsn1/projects/rech/vzf/uqe97pu/raw_data/all_categories/SW_NeoExp_09_Mar_2020_1545pm319.523921679739_320.048048663866.wav
1616,Exp_05_Jan_2020_1145am,SW_Neo,1085.78329085846,1087.4032598987,3300.0,4,Whistle675,/lustre/fsn1/projects/rech/vzf/uqe97pu/raw_data/all_categories/SW_NeoExp_05_Jan_2020_1145am1085.78329085846_1087.4032598987.wav
1549,Exp_21_Nov_2019_0545am,SW_Neo,38.8901080280779,39.8801107780855,3600.0,4,Whistle3474,/lustre/fsn1/projects/rech/vzf/uqe97pu/raw_data/all_categories/SW_NeoExp_21_Nov_2019_0545am38.8901080280779_39.8801107780855.wav
1288,Exp_10_Feb_2020_1545pm,SW_Neo,115.491783134907,116.523460659337,3300.0,3,Whistle566,/lustre/fsn1/projects/rech/vzf/uqe97pu/raw_data/all_categories/SW_NeoExp_10_Feb_2020_1545pm115.491783134907_116.523460659337.wav
1340,Exp_06_Mar_2020_1545pm,SW_Neo,2979.1797563371,2980.38264620727,3000.0,3,Whistle851,/lustre/fsn1/projects/rech/vzf/uqe97pu/raw_data/all_categories/SW_NeoExp_06_Mar_2020_1545pm2979.1797563371_2980.38264620727.wav
988,Exp_05_Feb_2020_1545pm,SW_Neo,284.387007331629,285.629654390453,3300.0,3,Whistle187,/lustre/fsn1/projects/rech/vzf/uqe97pu/raw_data/all_categories/SW_NeoExp_05_Feb_2020_1545pm284.387007331629_285.629654390453.wav
782,Exp_01_Feb_2020_1545pm,SW_Neo,803.017865878868,804.049193039362,3300.0,3,Whistle1109,/lustre/fsn1/projects/rech/vzf/uqe97pu/raw_data/all_categories/SW_NeoExp_01_Feb_2020_1545pm803.017865878868_804.049193039362.wav
1061,Exp_06_Feb_2020_1345pm,SW_Neo,740.872753920775,741.76878781908,3300.0,3,Whistle236,/lustre/fsn1/projects/rech/vzf/uqe97pu/raw_data/all_categories/SW_NeoExp_06_Feb_2020_1345pm740.872753920775_741.76878781908.wav
979,Exp_05_Feb_2020_0945am,SW_Neo,469.622551189457,470.538099969944,3300.0,3,Whistle177,/lustre/fsn1/projects/rech/vzf/uqe97pu/raw_data/all_categories/SW_NeoExp_05_Feb_2020_0945am469.622551189457_470.538099969944.wav
1928,Exp_10_Jan_2020_1545pm,SW_Neo,850.263892342736,851.069155500631,3300.0,7,Whistle586,/lustre/fsn1/projects/rech/vzf/uqe97pu/raw_data/all_categories/SW_NeoExp_10_Jan_2020_1545pm850.263892342736_851.069155500631.wav
1577,Exp_03_Mar_2020_1345pm,SW_Neo,2568.22356141187,2569.84353045212,3000.0,4,Whistle621,/lustre/fsn1/projects/rech/vzf/uqe97pu/raw_data/all_categories/SW_NeoExp_03_Mar_2020_1345pm2568.22356141187_2569.84353045212.wav
519,Exp_17_Nov_2019_1545pm,SW_Neo,654.918997023446,655.489908950998,3600.0,2,Whistle2775,/lustre/fsn1/projects/rech/vzf/uqe97pu/raw_data/all_categories/SW_NeoExp_17_Nov_2019_1545pm654.918997023446_655.489908950998.wav
422,Exp_16_Feb_2020_1345pm,SW_Neo,927.254685008515,927.907747508515,3300.0,2,Whistle2250,/lustre/fsn1/projects/rech/vzf/uqe97pu/raw_data/all_categories/SW_NeoExp_16_Feb_2020_1345pm927.254685008515_927.907747508515.wav
463,Exp_16_Jan_2020_1145am,SW_Neo,637.148366663279,637.785217273035,3300.0,2,Whistle2620,/lustre/fsn1/projects/rech/vzf/uqe97pu/raw_data/all_categories/SW_NeoExp_16_Jan_2020_1145am637.148366663279_637.785217273035.wav
430,Exp_14_Jan_2020_0945am,SW_Neo,110.2258695945,110.625287599621,3300.0,2,Whistle2447,/lustre/fsn1/projects/rech/vzf/uqe97pu/raw_data/all_categories/SW_NeoExp_14_Jan_2020_0945am110.2258695945_110.625287599621.wav
1455,Exp_17_Feb_2020_1145am,SW_Neo,716.032169794454,716.617171567186,3300.0,4,Whistle2692,/lustre/fsn1/projects/rech/vzf/uqe97pu/raw_data/all_categories/SW_NeoExp_17_Feb_2020_1145am716.032169794454_716.617171567186.wav
1739,Exp_03_Feb_2020_1345pm,SW_Neo,442.513116914324,443.309217300424,3300.0,5,Whistle1360,/lustre/fsn1/projects/rech/vzf/uqe97pu/raw_data/all_categories/SW_NeoExp_03_Feb_2020_1345pm442.513116914324_443.309217300424.wav
838,Exp_07_Jan_2020_1345pm,SW_Neo,939.033890548747,939.829215955593,3300.0,3,Whistle1201,/lustre/fsn1/projects/rech/vzf/uqe97pu/raw_data/all_categories/SW_NeoExp_07_Jan_2020_1345pm939.033890548747_939.829215955593.wav
1317,Exp_01_Feb_2020_1145am,SW_Neo,346.526050685002,347.648442482739,3300.0,3,Whistle759,/lustre/fsn1/projects/rech/vzf/uqe97pu/raw_data/all_categories/SW_NeoExp_01_Feb_2020_1145am346.526050685002_347.648442482739.wav
1672,Exp_03_Mar_2020_1345pm,SW_Neo,2569.02856409521,2570.43220186611,3000.0,4,Whistle767,/lustre/fsn1/projects/rech/vzf/uqe97pu/raw_data/all_categories/SW_NeoExp_03_Mar_2020_1345pm2569.02856409521_2570.43220186611.wav
70,Exp_10_Jan_2020_1545pm,SW_Neo,859.763495398468,860.53920504353,3300.0,1,Whistle1496,/lustre/fsn1/projects/rech/vzf/uqe97pu/raw_data/all_categories/SW_NeoExp_10_Jan_2020_1545pm859.763495398468_860.53920504353.wav
694,Exp_07_Mar_2020_0845am,SW_Neo,113.752948110704,114.894975974481,3000.0,2,Whistle718,/lustre/fsn1/projects/rech/vzf/uqe97pu/raw_data/all_categories/SW_NeoExp_07_Mar_2020_0845am113.752948110704_114.894975974481.wav
366,Exp_15_Jan_2020_0945am,SW_Neo,663.472010521244,664.51701368792,3300.0,2,Whistle1999,/lustre/fsn1/projects/rech/vzf/uqe97pu/raw_data/all_categories/SW_NeoExp_15_Jan_2020_0945am663.472010521244_664.51701368792.wav
637,Exp_17_Nov_2019_1545pm,SW_Neo,223.335620376723,224.310623085064,3600.0,2,Whistle3330,/lustre/fsn1/projects/rech/vzf/uqe97pu/raw_data/all_categories/SW_NeoExp_17_Nov_2019_1545pm223.335620376723_224.310623085064.wav
1640,Exp_07_Dec_2019_1345pm,SW_Neo,2192.20198403195,2193.76661251492,3300.0,4,Whistle710,/lustre/fsn1/projects/rech/vzf/uqe97pu/raw_data/all_categories/SW_NeoExp_07_Dec_2019_1345pm2192.20198403195_2193.76661251492.wav
408,Exp_12_Mar_2020_1345pm,SW_Neo,651.631132779533,652.097106805508,3000.0,2,Whistle2378,/lustre/fsn1/projects/rech/vzf/uqe97pu/raw_data/all_categories/SW_NeoExp_12_Mar_2020_1345pm651.631132779533_652.097106805508.wav
1788,Exp_08_Dec_2019_1545pm,SW_Neo,781.392368461723,782.329577764048,3300.0,6,Whistle1228,/lustre/fsn1/projects/rech/vzf/uqe97pu/raw_data/all_categories/SW_NeoExp_08_Dec_2019_1545pm781.392368461723_782.329577764048.wav
485,Exp_17_Dec_2019_1345pm,SW_Neo,463.889181426336,464.505405410075,3300.0,2,Whistle2682,/lustre/fsn1/projects/rech/vzf/uqe97pu/raw_data/all_categories/SW_NeoExp_17_Dec_2019_1345pm463.889181426336_464.505405410075.wav
1642,Exp_07_Jan_2020_1045am,SW_Neo,2493.89255785624,2494.87863228864,3300.0,4,Whistle713,/lustre/fsn1/projects/rech/vzf/uqe97pu/raw_data/all_categories/SW_NeoExp_07_Jan_2020_1045am2493.89255785624_2494.87863228864.wav
1071,Exp_02_Mar_2020_1545pm,SW_Neo,620.488131546485,621.373978722565,3000.0,3,Whistle25,/lustre/fsn1/projects/rech/vzf/uqe97pu/raw_data/all_categories/SW_NeoExp_02_Mar_2020_1545pm620.488131546485_621.373978722565.wav
307,Exp_13_Dec_2019_1545pm,SW_Neo,725.562198673329,726.187200567274,3300.0,2,Whistle1954,/lustre/fsn1/projects/rech/vzf/uqe97pu/raw_data/all_categories/SW_NeoExp_13_Dec_2019_1545pm725.562198673329_726.187200567274.wav
479,Exp_17_Dec_2019_0945am,SW_Neo,802.817213032891,803.706660401313,3300.0,2,Whistle2672,/lustre/fsn1/projects/rech/vzf/uqe97pu/raw_data/all_categories/SW_NeoExp_17_Dec_2019_0945am802.817213032891_803.706660401313.wav
29,Exp_04_Jan_2020_1345pm,SW_Neo,2409.7043141333,2410.53442249243,3300.0,1,Whistle121,/lustre/fsn1/projects/rech/vzf/uqe97pu/raw_data/all_categories/SW_NeoExp_04_Jan_2020_1345pm2409.7043141333_2410.53442249243.wav
1970,Exp_05_Dec_2019_1545pm,SW_Neo,595.873978626546,596.881358700347,3000.0,9,Whistle1533,/lustre/fsn1/projects/rech/vzf/uqe97pu/raw_data/all_categories/SW_NeoExp_05_Dec_2019_1545pm595.873978626546_596.881358700347.wav
1488,Exp_15_Feb_2020_0945am,SW_Neo,1323.0064450611,1324.01285531751,3300.0,4,Whistle2989,/lustre/fsn1/projects/rech/vzf/uqe97pu/raw_data/all_categories/SW_NeoExp_15_Feb_2020_0945am1323.0064450611_1324.01285531751.wav
812,Exp_06_Mar_2020_1545pm,SW_Neo,335.507976211835,336.469428914538,3000.0,3,Whistle1152,/lustre/fsn1/projects/rech/vzf/uqe97pu/raw_data/all_categories/SW_NeoExp_06_Mar_2020_1545pm335.507976211835_336.469428914538.wav
1561,Exp_02_Mar_2020_1545pm,SW_Neo,466.145234042194,466.876511098471,3000.0,4,Whistle598,/lustre/fsn1/projects/rech/vzf/uqe97pu/raw_data/all_categories/SW_NeoExp_02_Mar_2020_1545pm466.145234042194_466.876511098471.wav
1833,Exp_01_Feb_2020_1145am,SW_Neo,388.128657212317,388.773397953058,3300.0,7,Whistle1357,/lustre/fsn1/projects/rech/vzf/uqe97pu/raw_data/all_categories/SW_NeoExp_01_Feb_2020_1145am388.128657212317_388.773397953058.wav
856,Exp_08_Dec_2019_1545pm,SW_Neo,306.991296553449,308.193583138814,3300.0,3,Whistle1232,/lustre/fsn1/projects/rech/vzf/uqe97pu/raw_data/all_categories/SW_NeoExp_08_Dec_2019_1545pm306.991296553449_308.193583138814.wav
2010,Exp_26_Nov_2019_1345pm,SW_Neo,579.271930906436,580.16693388978,3000.0,10,Whistle1900,/lustre/fsn1/projects/rech/vzf/uqe97pu/raw_data/all_categories/SW_NeoExp_26_Nov_2019_1345pm579.271930906436_580.16693388978.wav
1908,Exp_07_Dec_2019_1145am,SW_Neo,2723.21061243397,2723.67960385028,3300.0,7,Whistle1687,/lustre/fsn1/projects/rech/vzf/uqe97pu/raw_data/all_categories/SW_NeoExp_07_Dec_2019_1145am2723.21061243397_2723.67960385028.wav
471,Exp_15_Jan_2020_1545pm,SW_Neo,206.695093235707,207.600060106411,3300.0,2,Whistle2544,/lustre/fsn1/projects/rech/vzf/uqe97pu/raw_data/all_categories/SW_NeoExp_15_Jan_2020_1545pm206.695093235707_207.600060106411.wav
1018,Exp_05_Mar_2020_1545pm,SW_Neo,41.6508299399375,42.8134286241481,3000.0,3,Whistle207,/lustre/fsn1/projects/rech/vzf/uqe97pu/raw_data/all_categories/SW_NeoExp_05_Mar_2020_1545pm41.6508299399375_42.8134286241481.wav
1258,Exp_09_Jan_2020_1145am,SW_Neo,525.538480761838,526.630199028092,3300.0,3,Whistle521,/lustre/fsn1/projects/rech/vzf/uqe97pu/raw_data/all_categories/SW_NeoExp_09_Jan_2020_1145am525.538480761838_526.630199028092.wav
1179,Exp_07_Jan_2020_1545pm,SW_Neo,512.433042955818,513.278485512453,3300.0,3,Whistle375,/lustre/fsn1/projects/rech/vzf/uqe97pu/raw_data/all_categories/SW_NeoExp_07_Jan_2020_1545pm512.433042955818_513.278485512453.wav
2129,Exp_06_Mar_2020_1345pm,SW_Neo,24.4675370488617,25.3069479712451,3000.0,12,Whistle1685,/lustre/fsn1/projects/rech/vzf/uqe97pu/raw_data/all_categories/SW_NeoExp_06_Mar_2020_1345pm24.4675370488617_25.3069479712451.wav
2057,Exp_07_Dec_2019_0945am,SW_Neo,388.437045037201,389.916156685808,3300.0,11,Whistle705,/lustre/fsn1/projects/rech/vzf/uqe97pu/raw_data/all_categories/SW_NeoExp_07_Dec_2019_0945am388.437045037201_389.916156685808.wav
1111,Exp_15_Jan_2020_0945am,SW_Neo,354.492604050971,355.600813006195,3300.0,3,Whistle2997,/lustre/fsn1/projects/rech/vzf/uqe97pu/raw_data/all_categories/SW_NeoExp_15_Jan_2020_0945am354.492604050971_355.600813006195.wav
561,Exp_13_Dec_2019_1545pm,SW_Neo,426.041118150724,426.416221599,3300.0,2,Whistle2953,/lustre/fsn1/projects/rech/vzf/uqe97pu/raw_data/all_categories/SW_NeoExp_13_Dec_2019_1545pm426.041118150724_426.416221599.wav
1187,Exp_08_Jan_2020_1245pm,SW_Neo,2387.47132820752,2388.40127988422,3300.0,3,Whistle420,/lustre/fsn1/projects/rech/vzf/uqe97pu/raw_data/all_categories/SW_NeoExp_08_Jan_2020_1245pm2387.47132820752_2388.40127988422.wav
1441,Exp_15_Feb_2020_1345pm,SW_Neo,1438.26172607064,1439.54705897442,3300.0,4,Whistle2481,/lustre/fsn1/projects/rech/vzf/uqe97pu/raw_data/all_categories/SW_NeoExp_15_Feb_2020_1345pm1438.26172607064_1439.54705897442.wav
1221,Exp_08_Jan_2020_1245pm,SW_Neo,2666.79308179722,2667.67054960838,3300.0,3,Whistle445,/lustre/fsn1/projects/rech/vzf/uqe97pu/raw_data/all_categories/SW_NeoExp_08_Jan_2020_1245pm2666.79308179722_2667.67054960838.wav
1878,Exp_01_Mar_2020_1145am,SW_Neo,891.024064046711,892.015594020497,3000.0,7,Whistle1479,/lustre/fsn1/projects/rech/vzf/uqe97pu/raw_data/all_categories/SW_NeoExp_01_Mar_2020_1145am891.024064046711_892.015594020497.wav
719,Exp_01_Feb_2020_1145am,SW_Neo,569.662875361433,570.724428156464,3300.0,3,Whistle1029,/lustre/fsn1/projects/rech/vzf/uqe97pu/raw_data/all_categories/SW_NeoExp_01_Feb_2020_1145am569.662875361433_570.724428156464.wav
1211,Exp_08_Jan_2020_1245pm,SW_Neo,2280.19416923437,2281.03937047276,3300.0,3,Whistle431,/lustre/fsn1/projects/rech/vzf/uqe97pu/raw_data/all_categories/SW_NeoExp_08_Jan_2020_1245pm2280.19416923437_2281.03937047276.wav
387,Exp_17_Jan_2020_1545pm,SW_Neo,1023.11892437332,1023.54805058691,3300.0,2,Whistle2273,/lustre/fsn1/projects/rech/vzf/uqe97pu/raw_data/all_categories/SW_NeoExp_17_Jan_2020_1545pm1023.11892437332_1023.54805058691.wav
552,Exp_13_Dec_2019_1545pm,SW_Neo,612.963141125059,613.781804226663,3300.0,2,Whistle2949,/lustre/fsn1/projects/rech/vzf/uqe97pu/raw_data/all_categories/SW_NeoExp_13_Dec_2019_1545pm612.963141125059_613.781804226663.wav
1269,Exp_09_Jan_2020_1545pm,SW_Neo,4.89094746077814,5.77660662476528,3300.0,3,Whistle534,/lustre/fsn1/projects/rech/vzf/uqe97pu/raw_data/all_categories/SW_NeoExp_09_Jan_2020_1545pm4.89094746077814_5.77660662476528.wav
420,Exp_13_Dec_2019_1545pm,SW_Neo,619.618675500923,620.351821568339,3300.0,2,Whistle2405,/lustre/fsn1/projects/rech/vzf/uqe97pu/raw_data/all_categories/SW_NeoExp_13_Dec_2019_1545pm619.618675500923_620.351821568339.wav
410,Exp_01_Jan_2020_0845am,SW_Neo,2896.31235516542,2897.18373892925,3300.0,2,Whistle238,/lustre/fsn1/projects/rech/vzf/uqe97pu/raw_data/all_categories/SW_NeoExp_01_Jan_2020_0845am2896.31235516542_2897.18373892925.wav
360,Exp_18_Nov_2019_1545pm,SW_Neo,117.890328028689,118.878962389922,3600.0,2,Whistle2155,/lustre/fsn1/projects/rech/vzf/uqe97pu/raw_data/all_categories/SW_NeoExp_18_Nov_2019_1545pm117.890328028689_118.878962389922.wav
1386,Exp_07_Mar_2020_1345pm,SW_Neo,897.267991559972,898.354685832418,3000.0,4,Whistle1519,/lustre/fsn1/projects/rech/vzf/uqe97pu/raw_data/all_categories/SW_NeoExp_07_Mar_2020_1345pm897.267991559972_898.354685832418.wav
409,Exp_12_Mar_2020_1345pm,SW_Neo,661.070790080532,661.662148776184,3000.0,2,Whistle2379,/lustre/fsn1/projects/rech/vzf/uqe97pu/raw_data/all_categories/SW_NeoExp_12_Mar_2020_1345pm661.070790080532_661.662148776184.wav
321,Exp_15_Jan_2020_1545pm,SW_Neo,706.497140900427,707.37214355195,3300.0,2,Whistle2012,/lustre/fsn1/projects/rech/vzf/uqe97pu/raw_data/all_categories/SW_NeoExp_15_Jan_2020_1545pm706.497140900427_707.37214355195.wav
2111,Exp_03_Mar_2020_1345pm,SW_Neo,2552.63955388782,2553.39196682314,3000.0,11,Whistle933,/lustre/fsn1/projects/rech/vzf/uqe97pu/raw_data/all_categories/SW_NeoExp_03_Mar_2020_1345pm2552.63955388782_2553.39196682314.wav
196,Exp_08_Jan_2020_1245pm,SW_Neo,2630.98390309005,2631.95531505018,3300.0,1,Whistle487,/lustre/fsn1/projects/rech/vzf/uqe97pu/raw_data/all_categories/SW_NeoExp_08_Jan_2020_1245pm2630.98390309005_2631.95531505018.wav
69,Exp_10_Jan_2020_1545pm,SW_Neo,931.348747120633,932.063610134331,3300.0,1,Whistle1494,/lustre/fsn1/projects/rech/vzf/uqe97pu/raw_data/all_categories/SW_NeoExp_10_Jan_2020_1545pm931.348747120633_932.063610134331.wav
746,Exp_04_Mar_2020_1345pm,SW_Neo,1137.87449630205,1138.72012088399,3000.0,3,Whistle1061,/lustre/fsn1/projects/rech/vzf/uqe97pu/raw_data/all_categories/SW_NeoExp_04_Mar_2020_1345pm1137.87449630205_1138.72012088399.wav
1337,Exp_06_Mar_2020_1545pm,SW_Neo,187.662078577085,188.703762952085,3000.0,3,Whistle847,/lustre/fsn1/projects/rech/vzf/uqe97pu/raw_data/all_categories/SW_NeoExp_06_Mar_2020_1545pm187.662078577085_188.703762952085.wav
2216,Exp_07_Mar_2020_0845am,SW_Neo,103.738608303127,104.542316972482,3000.0,15,Whistle1645,/lustre/fsn1/projects/rech/vzf/uqe97pu/raw_data/all_categories/SW_NeoExp_07_Mar_2020_0845am103.738608303127_104.542316972482.wav
1451,Exp_16_Nov_2019_0845am,SW_Neo,965.177681049114,966.2226839519,3600.0,4,Whistle2638,/lustre/fsn1/projects/rech/vzf/uqe97pu/raw_data/all_categories/SW_NeoExp_16_Nov_2019_0845am965.177681049114_966.2226839519.wav
367,Exp_16_Nov_2019_1345pm,SW_Neo,716.416990047195,717.226992297201,3600.0,2,Whistle2070,/lustre/fsn1/projects/rech/vzf/uqe97pu/raw_data/all_categories/SW_NeoExp_16_Nov_2019_1345pm716.416990047195_717.226992297201.wav
1379,Exp_04_Jan_2020_1345pm,SW_Neo,1735.760013584,1736.11734145285,3300.0,4,Whistle1382,/lustre/fsn1/projects/rech/vzf/uqe97pu/raw_data/all_categories/SW_NeoExp_04_Jan_2020_1345pm1735.760013584_1736.11734145285.wav
282,Exp_04_Mar_2020_1545pm,SW_Neo,878.869045837118,879.714905593215,3000.0,2,Whistle157,/lustre/fsn1/projects/rech/vzf/uqe97pu/raw_data/all_categories/SW_NeoExp_04_Mar_2020_1545pm878.869045837118_879.714905593215.wav
254,Exp_07_Dec_2019_1345pm,SW_Neo,1954.49092330583,1955.20531959066,3300.0,2,Whistle1192,/lustre/fsn1/projects/rech/vzf/uqe97pu/raw_data/all_categories/SW_NeoExp_07_Dec_2019_1345pm1954.49092330583_1955.20531959066.wav
2230,Exp_01_Jan_2020_0845am,SW_Neo,3092.13037400344,3092.8103925908,3300.0,15,Whistle1513,/lustre/fsn1/projects/rech/vzf/uqe97pu/raw_data/all_categories/SW_NeoExp_01_Jan_2020_0845am3092.13037400344_3092.8103925908.wav
188,Exp_08_Jan_2020_1245pm,SW_Neo,1730.10256410436,1730.84401331039,3300.0,1,Whistle459,/lustre/fsn1/projects/rech/vzf/uqe97pu/raw_data/all_categories/SW_NeoExp_08_Jan_2020_1245pm1730.10256410436_1730.84401331039.wav
1349,Exp_07_Mar_2020_0945am,SW_Neo,930.108457986526,931.160243700812,3000.0,3,Whistle885,/lustre/fsn1/projects/rech/vzf/uqe97pu/raw_data/all_categories/SW_NeoExp_07_Mar_2020_0945am930.108457986526_931.160243700812.wav
1249,Exp_01_Jan_2020_1545pm,SW_Neo,732.867998875417,733.734369245788,3300.0,3,Whistle508,/lustre/fsn1/projects/rech/vzf/uqe97pu/raw_data/all_categories/SW_NeoExp_01_Jan_2020_1545pm732.867998875417_733.734369245788.wav
679,Exp_10_Feb_2020_1545pm,SW_Neo,367.668159217935,368.588830754313,3300.0,2,Whistle561,/lustre/fsn1/projects/rech/vzf/uqe97pu/raw_data/all_categories/SW_NeoExp_10_Feb_2020_1545pm367.668159217935_368.588830754313.wav
383,Exp_17_Feb_2020_1145am,SW_Neo,777.218895450028,777.992310800303,3300.0,2,Whistle2267,/lustre/fsn1/projects/rech/vzf/uqe97pu/raw_data/all_categories/SW_NeoExp_17_Feb_2020_1145am777.218895450028_777.992310800303.wav
2006,Exp_20_Nov_2019_1545pm,SW_Neo,939.292609146137,940.307611965589,3600.0,10,Whistle1871,/lustre/fsn1/projects/rech/vzf/uqe97pu/raw_data/all_categories/SW_NeoExp_20_Nov_2019_1545pm939.292609146137_940.307611965589.wav
73,Exp_03_Jan_2020_1145am,SW_Neo,1946.15686861618,1947.73511008599,3300.0,1,Whistle1508,/lustre/fsn1/projects/rech/vzf/uqe97pu/raw_data/all_categories/SW_NeoExp_03_Jan_2020_1145am1946.15686861618_1947.73511008599.wav
109,Exp_02_Mar_2020_1545pm,SW_Neo,609.297614171669,610.2591620812,3000.0,1,Whistle24,/lustre/fsn1/projects/rech/vzf/uqe97pu/raw_data/all_categories/SW_NeoExp_02_Mar_2020_1545pm609.297614171669_610.2591620812.wav
1890,Exp_04_Jan_2020_1345pm,SW_Neo,1694.60550452925,1695.34608304074,3300.0,7,Whistle1532,/lustre/fsn1/projects/rech/vzf/uqe97pu/raw_data/all_categories/SW_NeoExp_04_Jan_2020_1345pm1694.60550452925_1695.34608304074.wav
1490,Exp_15_Feb_2020_1045am,SW_Neo,3244.59940491119,3245.32480378759,3300.0,4,Whistle2990,/lustre/fsn1/projects/rech/vzf/uqe97pu/raw_data/all_categories/SW_NeoExp_15_Feb_2020_1045am3244.59940491119_3245.32480378759.wav
810,Exp_06_Mar_2020_1345pm,SW_Neo,147.436074342578,148.518032271381,3000.0,3,Whistle1149,/lustre/fsn1/projects/rech/vzf/uqe97pu/raw_data/all_categories/SW_NeoExp_06_Mar_2020_1345pm147.436074342578_148.518032271381.wav
985,Exp_05_Feb_2020_1545pm,SW_Neo,390.552483767729,391.614016275469,3300.0,3,Whistle183,/lustre/fsn1/projects/rech/vzf/uqe97pu/raw_data/all_categories/SW_NeoExp_05_Feb_2020_1545pm390.552483767729_391.614016275469.wav
48,Exp_01_Feb_2020_1145am,SW_Neo,345.553985666019,346.840704826124,3300.0,1,Whistle1350,/lustre/fsn1/projects/rech/vzf/uqe97pu/raw_data/all_categories/SW_NeoExp_01_Feb_2020_1145am345.553985666019_346.840704826124.wav
2123,Exp_04_Jan_2020_1345pm,SW_Neo,2210.92669769551,2211.46776247284,3300.0,12,Whistle1621,/lustre/fsn1/projects/rech/vzf/uqe97pu/raw_data/all_categories/SW_NeoExp_04_Jan_2020_1345pm2210.92669769551_2211.46776247284.wav
514,Exp_17_Nov_2019_1545pm,SW_Neo,405.785707592049,406.271070720541,3600.0,2,Whistle2767,/lustre/fsn1/projects/rech/vzf/uqe97pu/raw_data/all_categories/SW_NeoExp_17_Nov_2019_1545pm405.785707592049_406.271070720541.wav
211,Exp_01_Feb_2020_1145am,SW_Neo,2929.61458044564,2930.47664656134,3300.0,1,Whistle61,/lustre/fsn1/projects/rech/vzf/uqe97pu/raw_data/all_categories/SW_NeoExp_01_Feb_2020_1145am2929.61458044564_2930.47664656134.wav
1830,Exp_02_Mar_2020_1545pm,SW_Neo,680.32579591932,681.181059077214,3000.0,7,Whistle1352,/lustre/fsn1/projects/rech/vzf/uqe97pu/raw_data/all_categories/SW_NeoExp_02_Mar_2020_1545pm680.32579591932_681.181059077214.wav
1864,Exp_07_Jan_2020_1045am,SW_Neo,2362.094655233,2362.81382478567,3300.0,7,Whistle1435,/lustre/fsn1/projects/rech/vzf/uqe97pu/raw_data/all_categories/SW_NeoExp_07_Jan_2020_1045am2362.094655233_2362.81382478567.wav
930,Exp_02_Mar_2020_1545pm,SW_Neo,450.692613616119,451.307454885961,3000.0,3,Whistle1351,/lustre/fsn1/projects/rech/vzf/uqe97pu/raw_data/all_categories/SW_NeoExp_02_Mar_2020_1545pm450.692613616119_451.307454885961.wav
2170,Exp_02_Jan_2020_1545pm,SW_Neo,2545.09159614966,2545.6531783143,3300.0,13,Whistle925,/lustre/fsn1/projects/rech/vzf/uqe97pu/raw_data/all_categories/SW_NeoExp_02_Jan_2020_1545pm2545.09159614966_2545.6531783143.wav
435,Exp_15_Dec_2019_0845am,SW_Neo,985.316663594208,985.867927962025,3300.0,2,Whistle2467,/lustre/fsn1/projects/rech/vzf/uqe97pu/raw_data/all_categories/SW_NeoExp_15_Dec_2019_0845am985.316663594208_985.867927962025.wav
251,Exp_07_Dec_2019_1245pm,SW_Neo,2733.21863529211,2733.95765168555,3300.0,2,Whistle1172,/lustre/fsn1/projects/rech/vzf/uqe97pu/raw_data/all_categories/SW_NeoExp_07_Dec_2019_1245pm2733.21863529211_2733.95765168555.wav
678,Exp_03_Mar_2020_1345pm,SW_Neo,1092.01831452805,1092.80743955539,3000.0,2,Whistle56,/lustre/fsn1/projects/rech/vzf/uqe97pu/raw_data/all_categories/SW_NeoExp_03_Mar_2020_1345pm1092.01831452805_1092.80743955539.wav
450,Exp_11_Mar_2020_0945am,SW_Neo,934.248080363042,934.740118437755,3000.0,2,Whistle2353,/lustre/fsn1/projects/rech/vzf/uqe97pu/raw_data/all_categories/SW_NeoExp_11_Mar_2020_0945am934.248080363042_934.740118437755.wav
464,Exp_16_Dec_2019_1545pm,SW_Neo,487.616366854016,488.368347652787,3300.0,2,Whistle2579,/lustre/fsn1/projects/rech/vzf/uqe97pu/raw_data/all_categories/SW_NeoExp_16_Dec_2019_1545pm487.616366854016_488.368347652787.wav
1742,Exp_04_Jan_2020_1345pm,SW_Neo,2229.84226290534,2230.74876110028,3300.0,5,Whistle1385,/lustre/fsn1/projects/rech/vzf/uqe97pu/raw_data/all_categories/SW_NeoExp_04_Jan_2020_1345pm2229.84226290534_2230.74876110028.wav
973,Exp_12_Mar_2020_1545pm,SW_Neo,1.4411383754927,2.40838365851157,3000.0,3,Whistle1692,/lustre/fsn1/projects/rech/vzf/uqe97pu/raw_data/all_categories/SW_NeoExp_12_Mar_2020_1545pm1.4411383754927_2.40838365851157.wav
1860,Exp_04_Mar_2020_1345pm,SW_Neo,699.312331707772,700.274706225147,3000.0,7,Whistle143,/lustre/fsn1/projects/rech/vzf/uqe97pu/raw_data/all_categories/SW_NeoExp_04_Mar_2020_1345pm699.312331707772_700.274706225147.wav
1558,Exp_09_Feb_2020_1345pm,SW_Neo,1099.46049842003,1100.40631885347,3300.0,4,Whistle510,/lustre/fsn1/projects/rech/vzf/uqe97pu/raw_data/all_categories/SW_NeoExp_09_Feb_2020_1345pm1099.46049842003_1100.40631885347.wav
1814,Exp_06_Dec_2019_1345pm,SW_Neo,558.301861672872,559.289400134411,3000.0,7,Whistle1114,/lustre/fsn1/projects/rech/vzf/uqe97pu/raw_data/all_categories/SW_NeoExp_06_Dec_2019_1345pm558.301861672872_559.289400134411.wav
1453,Exp_16_Nov_2019_1345pm,SW_Neo,597.956944481816,598.820010519552,3600.0,4,Whistle2665,/lustre/fsn1/projects/rech/vzf/uqe97pu/raw_data/all_categories/SW_NeoExp_16_Nov_2019_1345pm597.956944481816_598.820010519552.wav
18,Exp_06_Mar_2020_1345pm,SW_Neo,138.511358486597,139.508186072804,3000.0,1,Whistle1146,/lustre/fsn1/projects/rech/vzf/uqe97pu/raw_data/all_categories/SW_NeoExp_06_Mar_2020_1345pm138.511358486597_139.508186072804.wav
1514,Exp_28_Nov_2019_0945am,SW_Neo,1034.18437791072,1034.96838953862,3000.0,4,Whistle3226,/lustre/fsn1/projects/rech/vzf/uqe97pu/raw_data/all_categories/SW_NeoExp_28_Nov_2019_0945am1034.18437791072_1034.96838953862.wav
1193,Exp_08_Dec_2019_1545pm,SW_Neo,785.327867171715,786.299133405481,3300.0,3,Whistle399,/lustre/fsn1/projects/rech/vzf/uqe97pu/raw_data/all_categories/SW_NeoExp_08_Dec_2019_1545pm785.327867171715_786.299133405481.wav
564,Exp_07_Dec_2019_1245pm,SW_Neo,2885.26243156303,2886.05665616196,3300.0,2,Whistle298,/lustre/fsn1/projects/rech/vzf/uqe97pu/raw_data/all_categories/SW_NeoExp_07_Dec_2019_1245pm2885.26243156303_2886.05665616196.wav
1137,Exp_07_Dec_2019_1245pm,SW_Neo,2682.52443172032,2683.27971341046,3300.0,3,Whistle321,/lustre/fsn1/projects/rech/vzf/uqe97pu/raw_data/all_categories/SW_NeoExp_07_Dec_2019_1245pm2682.52443172032_2683.27971341046.wav
764,Exp_01_Feb_2020_1545pm,SW_Neo,616.527361096572,617.484558066269,3300.0,3,Whistle1089,/lustre/fsn1/projects/rech/vzf/uqe97pu/raw_data/all_categories/SW_NeoExp_01_Feb_2020_1545pm616.527361096572_617.484558066269.wav
67,Exp_04_Mar_2020_1345pm,SW_Neo,1162.38548432004,1163.28099515595,3000.0,1,Whistle148,/lustre/fsn1/projects/rech/vzf/uqe97pu/raw_data/all_categories/SW_NeoExp_04_Mar_2020_1345pm1162.38548432004_1163.28099515595.wav
342,Exp_17_Feb_2020_1345pm,SW_Neo,721.620903526536,722.222133893028,3300.0,2,Whistle2100,/lustre/fsn1/projects/rech/vzf/uqe97pu/raw_data/all_categories/SW_NeoExp_17_Feb_2020_1345pm721.620903526536_722.222133893028.wav
426,Exp_14_Dec_2019_0945am,SW_Neo,571.968143761663,572.641669402689,3300.0,2,Whistle2424,/lustre/fsn1/projects/rech/vzf/uqe97pu/raw_data/all_categories/SW_NeoExp_14_Dec_2019_0945am571.968143761663_572.641669402689.wav
353,Exp_16_Nov_2019_1345pm,SW_Neo,606.487198894228,607.510222609643,3600.0,2,Whistle2066,/lustre/fsn1/projects/rech/vzf/uqe97pu/raw_data/all_categories/SW_NeoExp_16_Nov_2019_1345pm606.487198894228_607.510222609643.wav
1671,Exp_03_Mar_2020_1345pm,SW_Neo,341.50197803652,342.559642270097,3000.0,4,Whistle765,/lustre/fsn1/projects/rech/vzf/uqe97pu/raw_data/all_categories/SW_NeoExp_03_Mar_2020_1345pm341.50197803652_342.559642270097.wav
1083,Exp_06_Mar_2020_1545pm,SW_Neo,846.524179700764,847.469982169899,3000.0,3,Whistle266,/lustre/fsn1/projects/rech/vzf/uqe97pu/raw_data/all_categories/SW_NeoExp_06_Mar_2020_1545pm846.524179700764_847.469982169899.wav
2073,Exp_01_Feb_2020_1145am,SW_Neo,3026.30981249177,3027.55413324649,3300.0,11,Whistle780,/lustre/fsn1/projects/rech/vzf/uqe97pu/raw_data/all_categories/SW_NeoExp_01_Feb_2020_1145am3026.30981249177_3027.55413324649.wav
168,Exp_26_Nov_2019_1345pm,SW_Neo,639.193941564057,640.237091170356,3000.0,1,Whistle3213,/lustre/fsn1/projects/rech/vzf/uqe97pu/raw_data/all_categories/SW_NeoExp_26_Nov_2019_1345pm639.193941564057_640.237091170356.wav
1536,Exp_15_Jan_2020_0945am,SW_Neo,676.037049809242,676.991499809242,3300.0,4,Whistle3438,/lustre/fsn1/projects/rech/vzf/uqe97pu/raw_data/all_categories/SW_NeoExp_15_Jan_2020_0945am676.037049809242_676.991499809242.wav
2168,Exp_27_Nov_2019_1145am,SW_Neo,247.625825419418,247.990826636089,3000.0,13,Whistle3453,/lustre/fsn1/projects/rech/vzf/uqe97pu/raw_data/all_categories/SW_NeoExp_27_Nov_2019_1145am247.625825419418_247.990826636089.wav
1073,Exp_06_Jan_2020_0945am,SW_Neo,914.234119898455,915.180625088766,3300.0,3,Whistle253,/lustre/fsn1/projects/rech/vzf/uqe97pu/raw_data/all_categories/SW_NeoExp_06_Jan_2020_0945am914.234119898455_915.180625088766.wav
1355,Exp_08_Jan_2020_1345pm,SW_Neo,237.01071882036,238.068043515482,3300.0,3,Whistle905,/lustre/fsn1/projects/rech/vzf/uqe97pu/raw_data/all_categories/SW_NeoExp_08_Jan_2020_1345pm237.01071882036_238.068043515482.wav
332,Exp_16_Nov_2019_1345pm,SW_Neo,542.546507073631,543.211508920858,3600.0,2,Whistle2064,/lustre/fsn1/projects/rech/vzf/uqe97pu/raw_data/all_categories/SW_NeoExp_16_Nov_2019_1345pm542.546507073631_543.211508920858.wav
865,Exp_08_Jan_2020_1245pm,SW_Neo,2276.00438858122,2276.83452876814,3300.0,3,Whistle1245,/lustre/fsn1/projects/rech/vzf/uqe97pu/raw_data/all_categories/SW_NeoExp_08_Jan_2020_1245pm2276.00438858122_2276.83452876814.wav
1526,Exp_07_Jan_2020_1045am,SW_Neo,2495.03444893144,2495.8092167333,3300.0,4,Whistle334,/lustre/fsn1/projects/rech/vzf/uqe97pu/raw_data/all_categories/SW_NeoExp_07_Jan_2020_1045am2495.03444893144_2495.8092167333.wav
1502,Exp_16_Feb_2020_1345pm,SW_Neo,968.949973799985,970.307212405884,3300.0,4,Whistle3046,/lustre/fsn1/projects/rech/vzf/uqe97pu/raw_data/all_categories/SW_NeoExp_16_Feb_2020_1345pm968.949973799985_970.307212405884.wav
1320,Exp_04_Mar_2020_1345pm,SW_Neo,108.67036290121,110.164567525823,3000.0,3,Whistle795,/lustre/fsn1/projects/rech/vzf/uqe97pu/raw_data/all_categories/SW_NeoExp_04_Mar_2020_1345pm108.67036290121_110.164567525823.wav
602,Exp_17_Jan_2020_1545pm,SW_Neo,517.967980474957,518.819992923089,3300.0,2,Whistle3139,/lustre/fsn1/projects/rech/vzf/uqe97pu/raw_data/all_categories/SW_NeoExp_17_Jan_2020_1545pm517.967980474957_518.819992923089.wav
886,Exp_10_Feb_2020_1545pm,SW_Neo,360.027731658057,361.270378716881,3300.0,3,Whistle1327,/lustre/fsn1/projects/rech/vzf/uqe97pu/raw_data/all_categories/SW_NeoExp_10_Feb_2020_1545pm360.027731658057_361.270378716881.wav
944,Exp_04_Mar_2020_1345pm,SW_Neo,107.971593284533,109.290326617866,3000.0,3,Whistle144,/lustre/fsn1/projects/rech/vzf/uqe97pu/raw_data/all_categories/SW_NeoExp_04_Mar_2020_1345pm107.971593284533_109.290326617866.wav
861,Exp_08_Jan_2020_1245pm,SW_Neo,2267.74258409735,2268.96078748718,3300.0,3,Whistle1241,/lustre/fsn1/projects/rech/vzf/uqe97pu/raw_data/all_categories/SW_NeoExp_08_Jan_2020_1245pm2267.74258409735_2268.96078748718.wav
1977,Exp_06_Mar_2020_1345pm,SW_Neo,743.48279403031,743.995473984378,3000.0,9,Whistle1686,/lustre/fsn1/projects/rech/vzf/uqe97pu/raw_data/all_categories/SW_NeoExp_06_Mar_2020_1345pm743.48279403031_743.995473984378.wav
445,Exp_15_Jan_2020_1545pm,SW_Neo,738.111453101519,738.592175993085,3300.0,2,Whistle2535,/lustre/fsn1/projects/rech/vzf/uqe97pu/raw_data/all_categories/SW_NeoExp_15_Jan_2020_1545pm738.111453101519_738.592175993085.wav
845,Exp_07_Jan_2020_1545pm,SW_Neo,8.34099449232533,9.26812627527107,3300.0,3,Whistle1212,/lustre/fsn1/projects/rech/vzf/uqe97pu/raw_data/all_categories/SW_NeoExp_07_Jan_2020_1545pm8.34099449232533_9.26812627527107.wav
1976,Exp_05_Dec_2019_1545pm,SW_Neo,203.254075711646,203.974417090688,3000.0,9,Whistle1680,/lustre/fsn1/projects/rech/vzf/uqe97pu/raw_data/all_categories/SW_NeoExp_05_Dec_2019_1545pm203.254075711646_203.974417090688.wav
1538,Exp_17_Nov_2019_1545pm,SW_Neo,378.261051836255,379.47354410463,3600.0,4,Whistle3465,/lustre/fsn1/projects/rech/vzf/uqe97pu/raw_data/all_categories/SW_NeoExp_17_Nov_2019_1545pm378.261051836255_379.47354410463.wav
2020,Exp_16_Dec_2019_1545pm,SW_Neo,439.686332382825,440.2463340798,3300.0,10,Whistle2564,/lustre/fsn1/projects/rech/vzf/uqe97pu/raw_data/all_categories/SW_NeoExp_16_Dec_2019_1545pm439.686332382825_440.2463340798.wav
677,Exp_09_Mar_2020_1545pm,SW_Neo,147.292269541096,148.335451359278,3000.0,2,Whistle554,/lustre/fsn1/projects/rech/vzf/uqe97pu/raw_data/all_categories/SW_NeoExp_09_Mar_2020_1545pm147.292269541096_148.335451359278.wav
135,Exp_03_Feb_2020_0945am,SW_Neo,80.0655645748394,80.9028482483088,3300.0,1,Whistle28,/lustre/fsn1/projects/rech/vzf/uqe97pu/raw_data/all_categories/SW_NeoExp_03_Feb_2020_0945am80.0655645748394_80.9028482483088.wav
25,Exp_07_Dec_2019_1245pm,SW_Neo,2882.22461832432,2883.05967929993,3300.0,1,Whistle1186,/lustre/fsn1/projects/rech/vzf/uqe97pu/raw_data/all_categories/SW_NeoExp_07_Dec_2019_1245pm2882.22461832432_2883.05967929993.wav
298,Exp_11_Mar_2020_1145am,SW_Neo,502.646675488918,503.371677905593,3000.0,2,Whistle1917,/lustre/fsn1/projects/rech/vzf/uqe97pu/raw_data/all_categories/SW_NeoExp_11_Mar_2020_1145am502.646675488918_503.371677905593.wav
1043,Exp_28_Nov_2019_1545pm,SW_Neo,590.72841306666,591.621931546228,3000.0,3,Whistle2202,/lustre/fsn1/projects/rech/vzf/uqe97pu/raw_data/all_categories/SW_NeoExp_28_Nov_2019_1545pm590.72841306666_591.621931546228.wav
1494,Exp_15_Feb_2020_1245pm,SW_Neo,2477.01250670457,2478.05072242502,3300.0,4,Whistle2994,/lustre/fsn1/projects/rech/vzf/uqe97pu/raw_data/all_categories/SW_NeoExp_15_Feb_2020_1245pm2477.01250670457_2478.05072242502.wav
350,Exp_17_Jan_2020_1545pm,SW_Neo,607.923025255827,608.746788696688,3300.0,2,Whistle2132,/lustre/fsn1/projects/rech/vzf/uqe97pu/raw_data/all_categories/SW_NeoExp_17_Jan_2020_1545pm607.923025255827_608.746788696688.wav
368,Exp_26_Nov_2019_1345pm,SW_Neo,645.105750107167,645.5870834405,3000.0,2,Whistle2188,/lustre/fsn1/projects/rech/vzf/uqe97pu/raw_data/all_categories/SW_NeoExp_26_Nov_2019_1345pm645.105750107167_645.5870834405.wav
1725,Exp_08_Jan_2020_1245pm,SW_Neo,2642.36349191442,2643.45046691442,3300.0,4,Whistle901,/lustre/fsn1/projects/rech/vzf/uqe97pu/raw_data/all_categories/SW_NeoExp_08_Jan_2020_1245pm2642.36349191442_2643.45046691442.wav
1000,Exp_14_Jan_2020_1545pm,SW_Neo,435.567414939966,436.645225158944,3300.0,3,Whistle1977,/lustre/fsn1/projects/rech/vzf/uqe97pu/raw_data/all_categories/SW_NeoExp_14_Jan_2020_1545pm435.567414939966_436.645225158944.wav
192,Exp_10_Feb_2020_1545pm,SW_Neo,201.671828136424,202.795568720759,3300.0,1,Whistle577,/lustre/fsn1/projects/rech/vzf/uqe97pu/raw_data/all_categories/SW_NeoExp_10_Feb_2020_1545pm201.671828136424_202.795568720759.wav
921,Exp_10_Feb_2020_1545pm,SW_Neo,447.976445725429,448.851368127588,3300.0,3,Whistle1333,/lustre/fsn1/projects/rech/vzf/uqe97pu/raw_data/all_categories/SW_NeoExp_10_Feb_2020_1545pm447.976445725429_448.851368127588.wav
2081,Exp_05_Dec_2019_1245pm,SW_Neo,2631.61377271258,2632.69133455003,3000.0,11,Whistle809,/lustre/fsn1/projects/rech/vzf/uqe97pu/raw_data/all_categories/SW_NeoExp_05_Dec_2019_1245pm2631.61377271258_2632.69133455003.wav
1691,Exp_05_Dec_2019_1245pm,SW_Neo,2757.55462571717,2758.5960343859,3000.0,4,Whistle814,/lustre/fsn1/projects/rech/vzf/uqe97pu/raw_data/all_categories/SW_NeoExp_05_Dec_2019_1245pm2757.55462571717_2758.5960343859.wav
1192,Exp_08_Dec_2019_1545pm,SW_Neo,472.632629490469,473.579249208779,3300.0,3,Whistle398,/lustre/fsn1/projects/rech/vzf/uqe97pu/raw_data/all_categories/SW_NeoExp_08_Dec_2019_1545pm472.632629490469_473.579249208779.wav
2079,Exp_05_Dec_2019_1245pm,SW_Neo,2746.07415424718,2747.37608659455,3000.0,11,Whistle805,/lustre/fsn1/projects/rech/vzf/uqe97pu/raw_data/all_categories/SW_NeoExp_05_Dec_2019_1245pm2746.07415424718_2747.37608659455.wav
1750,Exp_07_Mar_2020_0845am,SW_Neo,111.478775990657,112.545339458149,3000.0,5,Whistle1453,/lustre/fsn1/projects/rech/vzf/uqe97pu/raw_data/all_categories/SW_NeoExp_07_Mar_2020_0845am111.478775990657_112.545339458149.wav
1318,Exp_04_Feb_2020_1545pm,SW_Neo,141.597533915972,142.56850914817,3300.0,3,Whistle76,/lustre/fsn1/projects/rech/vzf/uqe97pu/raw_data/all_categories/SW_NeoExp_04_Feb_2020_1545pm141.597533915972_142.56850914817.wav
240,Exp_01_Feb_2020_1145am,SW_Neo,530.073003717365,531.033935394383,3300.0,2,Whistle1019,/lustre/fsn1/projects/rech/vzf/uqe97pu/raw_data/all_categories/SW_NeoExp_01_Feb_2020_1145am530.073003717365_531.033935394383.wav
128,Exp_16_Jan_2020_0945am,SW_Neo,532.817393577705,533.651569792983,3300.0,1,Whistle2610,/lustre/fsn1/projects/rech/vzf/uqe97pu/raw_data/all_categories/SW_NeoExp_16_Jan_2020_0945am532.817393577705_533.651569792983.wav
997,Exp_14_Dec_2019_0945am,SW_Neo,538.237959493984,539.22015506594,3300.0,3,Whistle1962,/lustre/fsn1/projects/rech/vzf/uqe97pu/raw_data/all_categories/SW_NeoExp_14_Dec_2019_0945am538.237959493984_539.22015506594.wav
867,Exp_08_Jan_2020_1245pm,SW_Neo,2281.22386494132,2282.00366870164,3300.0,3,Whistle1247,/lustre/fsn1/projects/rech/vzf/uqe97pu/raw_data/all_categories/SW_NeoExp_08_Jan_2020_1245pm2281.22386494132_2282.00366870164.wav
2050,Exp_03_Feb_2020_0945am,SW_Neo,84.7308976610832,85.642338942222,3300.0,11,Whistle30,/lustre/fsn1/projects/rech/vzf/uqe97pu/raw_data/all_categories/SW_NeoExp_03_Feb_2020_0945am84.7308976610832_85.642338942222.wav
643,Exp_16_Feb_2020_1545pm,SW_Neo,372.666129897363,373.503744576262,3300.0,2,Whistle3303,/lustre/fsn1/projects/rech/vzf/uqe97pu/raw_data/all_categories/SW_NeoExp_16_Feb_2020_1545pm372.666129897363_373.503744576262.wav
1025,Exp_05_Mar_2020_1545pm,SW_Neo,475.85322682216,477.035502363955,3000.0,3,Whistle212,/lustre/fsn1/projects/rech/vzf/uqe97pu/raw_data/all_categories/SW_NeoExp_05_Mar_2020_1545pm475.85322682216_477.035502363955.wav
1113,Exp_02_Mar_2020_0845am,SW_Neo,126.606070832238,127.42663397217,3000.0,3,Whistle3,/lustre/fsn1/projects/rech/vzf/uqe97pu/raw_data/all_categories/SW_NeoExp_02_Mar_2020_0845am126.606070832238_127.42663397217.wav
51,Exp_04_Jan_2020_0945am,SW_Neo,1743.85149309803,1744.52564602631,3300.0,1,Whistle1378,/lustre/fsn1/projects/rech/vzf/uqe97pu/raw_data/all_categories/SW_NeoExp_04_Jan_2020_0945am1743.85149309803_1744.52564602631.wav
44,Exp_01_Mar_2020_1545pm,SW_Neo,606.937488673024,607.833402294287,3000.0,1,Whistle1322,/lustre/fsn1/projects/rech/vzf/uqe97pu/raw_data/all_categories/SW_NeoExp_01_Mar_2020_1545pm606.937488673024_607.833402294287.wav
247,Exp_01_Feb_2020_1545pm,SW_Neo,648.046966202928,648.839901769032,3300.0,2,Whistle1112,/lustre/fsn1/projects/rech/vzf/uqe97pu/raw_data/all_categories/SW_NeoExp_01_Feb_2020_1545pm648.046966202928_648.839901769032.wav
926,Exp_01_Mar_2020_1545pm,SW_Neo,593.632535290856,594.578685481488,3000.0,3,Whistle1340,/lustre/fsn1/projects/rech/vzf/uqe97pu/raw_data/all_categories/SW_NeoExp_01_Mar_2020_1545pm593.632535290856_594.578685481488.wav
486,Exp_17_Dec_2019_1345pm,SW_Neo,471.681429337665,472.201430913427,3300.0,2,Whistle2683,/lustre/fsn1/projects/rech/vzf/uqe97pu/raw_data/all_categories/SW_NeoExp_17_Dec_2019_1345pm471.681429337665_472.201430913427.wav
700,Exp_01_Jan_2020_1545pm,SW_Neo,446.612238601732,447.663617190401,3300.0,2,Whistle515,/lustre/fsn1/projects/rech/vzf/uqe97pu/raw_data/all_categories/SW_NeoExp_01_Jan_2020_1545pm446.612238601732_447.663617190401.wav
642,Exp_07_Jan_2020_1045am,SW_Neo,2496.32442855787,2496.79011527171,3300.0,2,Whistle335,/lustre/fsn1/projects/rech/vzf/uqe97pu/raw_data/all_categories/SW_NeoExp_07_Jan_2020_1045am2496.32442855787_2496.79011527171.wav
1040,Exp_02_Mar_2020_1545pm,SW_Neo,596.883941719427,597.83983019982,3000.0,3,Whistle22,/lustre/fsn1/projects/rech/vzf/uqe97pu/raw_data/all_categories/SW_NeoExp_02_Mar_2020_1545pm596.883941719427_597.83983019982.wav
998,Exp_14_Dec_2019_0945am,SW_Neo,539.491634823136,540.371637489811,3300.0,3,Whistle1963,/lustre/fsn1/projects/rech/vzf/uqe97pu/raw_data/all_categories/SW_NeoExp_14_Dec_2019_0945am539.491634823136_540.371637489811.wav
1621,Exp_06_Dec_2019_1345pm,SW_Neo,20.6208308646217,21.9427409422682,3000.0,4,Whistle683,/lustre/fsn1/projects/rech/vzf/uqe97pu/raw_data/all_categories/SW_NeoExp_06_Dec_2019_1345pm20.6208308646217_21.9427409422682.wav
1902,Exp_02_Jan_2020_1045am,SW_Neo,1573.58419410751,1574.28852847284,3300.0,7,Whistle1566,/lustre/fsn1/projects/rech/vzf/uqe97pu/raw_data/all_categories/SW_NeoExp_02_Jan_2020_1045am1573.58419410751_1574.28852847284.wav
1660,Exp_10_Mar_2020_0845am,SW_Neo,331.32110507035,333.050143346816,3000.0,4,Whistle737,/lustre/fsn1/projects/rech/vzf/uqe97pu/raw_data/all_categories/SW_NeoExp_10_Mar_2020_0845am331.32110507035_333.050143346816.wav
1378,Exp_03_Mar_2020_1345pm,SW_Neo,277.771267298444,278.616473954791,3000.0,4,Whistle1374,/lustre/fsn1/projects/rech/vzf/uqe97pu/raw_data/all_categories/SW_NeoExp_03_Mar_2020_1345pm277.771267298444_278.616473954791.wav
495,Exp_17_Feb_2020_1545pm,SW_Neo,581.389104580935,582.111718887229,3300.0,2,Whistle2716,/lustre/fsn1/projects/rech/vzf/uqe97pu/raw_data/all_categories/SW_NeoExp_17_Feb_2020_1545pm581.389104580935_582.111718887229.wav
647,Exp_17_Feb_2020_1145am,SW_Neo,382.945306602555,383.306078960279,3300.0,2,Whistle3414,/lustre/fsn1/projects/rech/vzf/uqe97pu/raw_data/all_categories/SW_NeoExp_17_Feb_2020_1145am382.945306602555_383.306078960279.wav
184,Exp_08_Jan_2020_1245pm,SW_Neo,2274.86902931956,2275.76957111522,3300.0,1,Whistle429,/lustre/fsn1/projects/rech/vzf/uqe97pu/raw_data/all_categories/SW_NeoExp_08_Jan_2020_1245pm2274.86902931956_2275.76957111522.wav
548,Exp_28_Nov_2019_1545pm,SW_Neo,91.5426353928242,92.4502625114683,3000.0,2,Whistle2897,/lustre/fsn1/projects/rech/vzf/uqe97pu/raw_data/all_categories/SW_NeoExp_28_Nov_2019_1545pm91.5426353928242_92.4502625114683.wav
618,Exp_20_Nov_2019_1545pm,SW_Neo,977.726331612565,978.892687776949,3600.0,2,Whistle3172,/lustre/fsn1/projects/rech/vzf/uqe97pu/raw_data/all_categories/SW_NeoExp_20_Nov_2019_1545pm977.726331612565_978.892687776949.wav
529,Exp_20_Nov_2019_1545pm,SW_Neo,975.454661979602,976.115192133111,3600.0,2,Whistle2805,/lustre/fsn1/projects/rech/vzf/uqe97pu/raw_data/all_categories/SW_NeoExp_20_Nov_2019_1545pm975.454661979602_976.115192133111.wav
1910,Exp_06_Dec_2019_1345pm,SW_Neo,552.358480367066,553.088234465426,3000.0,7,Whistle223,/lustre/fsn1/projects/rech/vzf/uqe97pu/raw_data/all_categories/SW_NeoExp_06_Dec_2019_1345pm552.358480367066_553.088234465426.wav
1289,Exp_10_Feb_2020_1545pm,SW_Neo,491.807484886465,492.73861709535,3300.0,3,Whistle569,/lustre/fsn1/projects/rech/vzf/uqe97pu/raw_data/all_categories/SW_NeoExp_10_Feb_2020_1545pm491.807484886465_492.73861709535.wav
1811,Exp_04_Mar_2020_1345pm,SW_Neo,481.087157991447,482.13538789922,3000.0,7,Whistle1056,/lustre/fsn1/projects/rech/vzf/uqe97pu/raw_data/all_categories/SW_NeoExp_04_Mar_2020_1345pm481.087157991447_482.13538789922.wav
620,Exp_23_Nov_2019_1545pm,SW_Neo,550.055741655646,550.821803740639,3000.0,2,Whistle3204,/lustre/fsn1/projects/rech/vzf/uqe97pu/raw_data/all_categories/SW_NeoExp_23_Nov_2019_1545pm550.055741655646_550.821803740639.wav
829,Exp_07_Dec_2019_1245pm,SW_Neo,2699.48157464065,2700.25569228771,3300.0,3,Whistle1180,/lustre/fsn1/projects/rech/vzf/uqe97pu/raw_data/all_categories/SW_NeoExp_07_Dec_2019_1245pm2699.48157464065_2700.25569228771.wav
1644,Exp_01_Jan_2020_1245pm,SW_Neo,3280.77994236346,3281.83718374277,3300.0,4,Whistle715,/lustre/fsn1/projects/rech/vzf/uqe97pu/raw_data/all_categories/SW_NeoExp_01_Jan_2020_1245pm3280.77994236346_3281.83718374277.wav
2126,Exp_07_Jan_2020_1245pm,SW_Neo,3164.97459325634,3166.34487376636,3300.0,12,Whistle1652,/lustre/fsn1/projects/rech/vzf/uqe97pu/raw_data/all_categories/SW_NeoExp_07_Jan_2020_1245pm3164.97459325634_3166.34487376636.wav
233,Exp_03_Feb_2020_0945am,SW_Neo,101.481257034688,102.497649439751,3300.0,1,Whistle994,/lustre/fsn1/projects/rech/vzf/uqe97pu/raw_data/all_categories/SW_NeoExp_03_Feb_2020_0945am101.481257034688_102.497649439751.wav
1647,Exp_07_Mar_2020_1345pm,SW_Neo,533.616779389265,535.236748429512,3000.0,4,Whistle721,/lustre/fsn1/projects/rech/vzf/uqe97pu/raw_data/all_categories/SW_NeoExp_07_Mar_2020_1345pm533.616779389265_535.236748429512.wav
855,Exp_08_Dec_2019_1545pm,SW_Neo,795.693587690016,796.780274996518,3300.0,3,Whistle1229,/lustre/fsn1/projects/rech/vzf/uqe97pu/raw_data/all_categories/SW_NeoExp_08_Dec_2019_1545pm795.693587690016_796.780274996518.wav
1804,Exp_26_Nov_2019_1545pm,SW_Neo,542.993447599601,543.711751693168,3000.0,6,Whistle2895,/lustre/fsn1/projects/rech/vzf/uqe97pu/raw_data/all_categories/SW_NeoExp_26_Nov_2019_1545pm542.993447599601_543.711751693168.wav
438,Exp_15_Jan_2020_0945am,SW_Neo,285.753676540707,286.420811675842,3300.0,2,Whistle2502,/lustre/fsn1/projects/rech/vzf/uqe97pu/raw_data/all_categories/SW_NeoExp_15_Jan_2020_0945am285.753676540707_286.420811675842.wav
433,Exp_14_Jan_2020_1545pm,SW_Neo,567.883094707346,568.671666135918,3300.0,2,Whistle2463,/lustre/fsn1/projects/rech/vzf/uqe97pu/raw_data/all_categories/SW_NeoExp_14_Jan_2020_1545pm567.883094707346_568.671666135918.wav
1615,Exp_05_Jan_2020_1145am,SW_Neo,1085.20983634607,1086.5782573987,3300.0,4,Whistle674,/lustre/fsn1/projects/rech/vzf/uqe97pu/raw_data/all_categories/SW_NeoExp_05_Jan_2020_1145am1085.20983634607_1086.5782573987.wav
1442,Exp_16_Dec_2019_1545pm,SW_Neo,366.436110412456,366.826111594278,3300.0,4,Whistle2574,/lustre/fsn1/projects/rech/vzf/uqe97pu/raw_data/all_categories/SW_NeoExp_16_Dec_2019_1545pm366.436110412456_366.826111594278.wav
1564,Exp_03_Feb_2020_1045am,SW_Neo,2901.90208483408,2903.34749647326,3300.0,4,Whistle601,/lustre/fsn1/projects/rech/vzf/uqe97pu/raw_data/all_categories/SW_NeoExp_03_Feb_2020_1045am2901.90208483408_2903.34749647326.wav
1785,Exp_04_Jan_2020_1345pm,SW_Neo,2234.2105152263,2235.22173813652,3300.0,6,Whistle1037,/lustre/fsn1/projects/rech/vzf/uqe97pu/raw_data/all_categories/SW_NeoExp_04_Jan_2020_1345pm2234.2105152263_2235.22173813652.wav
1667,Exp_03_Jan_2020_1145am,SW_Neo,2013.42707246528,2014.88971026055,3300.0,4,Whistle753,/lustre/fsn1/projects/rech/vzf/uqe97pu/raw_data/all_categories/SW_NeoExp_03_Jan_2020_1145am2013.42707246528_2014.88971026055.wav
1233,Exp_08_Jan_2020_1245pm,SW_Neo,1825.52853412789,1826.50957127959,3300.0,3,Whistle462,/lustre/fsn1/projects/rech/vzf/uqe97pu/raw_data/all_categories/SW_NeoExp_08_Jan_2020_1245pm1825.52853412789_1826.50957127959.wav
1080,Exp_06_Mar_2020_1345pm,SW_Neo,997.929095958525,998.795109944539,3000.0,3,Whistle263,/lustre/fsn1/projects/rech/vzf/uqe97pu/raw_data/all_categories/SW_NeoExp_06_Mar_2020_1345pm997.929095958525_998.795109944539.wav
999,Exp_14_Feb_2020_1145am,SW_Neo,467.441416489141,468.426419473998,3300.0,3,Whistle1967,/lustre/fsn1/projects/rech/vzf/uqe97pu/raw_data/all_categories/SW_NeoExp_14_Feb_2020_1145am467.441416489141_468.426419473998.wav
903,Exp_04_Jan_2020_1545pm,SW_Neo,882.238058502275,883.114142418359,3300.0,3,Whistle131,/lustre/fsn1/projects/rech/vzf/uqe97pu/raw_data/all_categories/SW_NeoExp_04_Jan_2020_1545pm882.238058502275_883.114142418359.wav
1084,Exp_06_Mar_2020_1545pm,SW_Neo,492.427403593567,493.569609942774,3000.0,3,Whistle267,/lustre/fsn1/projects/rech/vzf/uqe97pu/raw_data/all_categories/SW_NeoExp_06_Mar_2020_1545pm492.427403593567_493.569609942774.wav
1342,Exp_07_Dec_2019_1145am,SW_Neo,1090.6890801434,1091.86633227188,3300.0,3,Whistle858,/lustre/fsn1/projects/rech/vzf/uqe97pu/raw_data/all_categories/SW_NeoExp_07_Dec_2019_1145am1090.6890801434_1091.86633227188.wav
2197,Exp_05_Jan_2020_1345pm,SW_Neo,455.092421860685,456.771352341969,3300.0,14,Whistle1632,/lustre/fsn1/projects/rech/vzf/uqe97pu/raw_data/all_categories/SW_NeoExp_05_Jan_2020_1345pm455.092421860685_456.771352341969.wav
1735,Exp_03_Mar_2020_1345pm,SW_Neo,2639.44379881266,2640.9883133573,3000.0,5,Whistle1013,/lustre/fsn1/projects/rech/vzf/uqe97pu/raw_data/all_categories/SW_NeoExp_03_Mar_2020_1345pm2639.44379881266_2640.9883133573.wav
1010,Exp_01_Feb_2020_1545pm,SW_Neo,706.377929407596,707.404364738826,3300.0,3,Whistle202,/lustre/fsn1/projects/rech/vzf/uqe97pu/raw_data/all_categories/SW_NeoExp_01_Feb_2020_1545pm706.377929407596_707.404364738826.wav
2106,Exp_09_Feb_2020_1345pm,SW_Neo,911.11276337201,912.509151377434,3300.0,11,Whistle909,/lustre/fsn1/projects/rech/vzf/uqe97pu/raw_data/all_categories/SW_NeoExp_09_Feb_2020_1345pm911.11276337201_912.509151377434.wav
174,Exp_07_Jan_2020_1345pm,SW_Neo,821.429222677915,822.304609674819,3300.0,1,Whistle341,/lustre/fsn1/projects/rech/vzf/uqe97pu/raw_data/all_categories/SW_NeoExp_07_Jan_2020_1345pm821.429222677915_822.304609674819.wav
900,Exp_09_Jan_2020_1145am,SW_Neo,571.352920408425,572.18295089623,3300.0,3,Whistle1306,/lustre/fsn1/projects/rech/vzf/uqe97pu/raw_data/all_categories/SW_NeoExp_09_Jan_2020_1145am571.352920408425_572.18295089623.wav
120,Exp_17_Feb_2020_1345pm,SW_Neo,825.579640875952,826.557471605118,3300.0,1,Whistle3109,/lustre/fsn1/projects/rech/vzf/uqe97pu/raw_data/all_categories/SW_NeoExp_17_Feb_2020_1345pm825.579640875952_826.557471605118.wav
472,Exp_16_Nov_2019_1345pm,SW_Neo,669.709824857065,670.411809781688,3600.0,2,Whistle2651,/lustre/fsn1/projects/rech/vzf/uqe97pu/raw_data/all_categories/SW_NeoExp_16_Nov_2019_1345pm669.709824857065_670.411809781688.wav
1226,Exp_08_Jan_2020_1245pm,SW_Neo,1633.01643447705,1634.05784314578,3300.0,3,Whistle453,/lustre/fsn1/projects/rech/vzf/uqe97pu/raw_data/all_categories/SW_NeoExp_08_Jan_2020_1245pm1633.01643447705_1634.05784314578.wav
1332,Exp_05_Jan_2020_1145am,SW_Neo,1104.97334901015,1106.04131893496,3300.0,3,Whistle826,/lustre/fsn1/projects/rech/vzf/uqe97pu/raw_data/all_categories/SW_NeoExp_05_Jan_2020_1145am1104.97334901015_1106.04131893496.wav
1872,Exp_08_Jan_2020_1245pm,SW_Neo,1832.72200870095,1833.62758145636,3300.0,7,Whistle1462,/lustre/fsn1/projects/rech/vzf/uqe97pu/raw_data/all_categories/SW_NeoExp_08_Jan_2020_1245pm1832.72200870095_1833.62758145636.wav
275,Exp_01_Jan_2020_1545pm,SW_Neo,607.814206741718,608.585555289436,3300.0,2,Whistle1474,/lustre/fsn1/projects/rech/vzf/uqe97pu/raw_data/all_categories/SW_NeoExp_01_Jan_2020_1545pm607.814206741718_608.585555289436.wav
1703,Exp_07_Dec_2019_0845am,SW_Neo,26.1355956898794,27.2024343995568,3300.0,4,Whistle853,/lustre/fsn1/projects/rech/vzf/uqe97pu/raw_data/all_categories/SW_NeoExp_07_Dec_2019_0845am26.1355956898794_27.2024343995568.wav
650,Exp_15_Feb_2020_1045am,SW_Neo,1064.93322707038,1065.44322861584,3300.0,2,Whistle3442,/lustre/fsn1/projects/rech/vzf/uqe97pu/raw_data/all_categories/SW_NeoExp_15_Feb_2020_1045am1064.93322707038_1065.44322861584.wav
2155,Exp_08_Jan_2020_1345pm,SW_Neo,1349.41592401619,1349.9381725901,3300.0,13,Whistle972,/lustre/fsn1/projects/rech/vzf/uqe97pu/raw_data/all_categories/SW_NeoExp_08_Jan_2020_1345pm1349.41592401619_1349.9381725901.wav
538,Exp_07_Dec_2019_0845am,SW_Neo,21.6072940872126,22.4072166878318,3300.0,2,Whistle284,/lustre/fsn1/projects/rech/vzf/uqe97pu/raw_data/all_categories/SW_NeoExp_07_Dec_2019_0845am21.6072940872126_22.4072166878318.wav
480,Exp_17_Dec_2019_0945am,SW_Neo,804.337981318982,805.212383492895,3300.0,2,Whistle2673,/lustre/fsn1/projects/rech/vzf/uqe97pu/raw_data/all_categories/SW_NeoExp_17_Dec_2019_0945am804.337981318982_805.212383492895.wav
554,Exp_11_Mar_2020_1145am,SW_Neo,984.705662455184,986.198266275516,3000.0,2,Whistle2928,/lustre/fsn1/projects/rech/vzf/uqe97pu/raw_data/all_categories/SW_NeoExp_11_Mar_2020_1145am984.705662455184_986.198266275516.wav
1245,Exp_09_Dec_2019_1145am,SW_Neo,1351.55035132595,1352.43145523855,3300.0,3,Whistle498,/lustre/fsn1/projects/rech/vzf/uqe97pu/raw_data/all_categories/SW_NeoExp_09_Dec_2019_1145am1351.55035132595_1352.43145523855.wav
1960,Exp_10_Mar_2020_0845am,SW_Neo,337.716126387088,338.928587687398,3000.0,8,Whistle739,/lustre/fsn1/projects/rech/vzf/uqe97pu/raw_data/all_categories/SW_NeoExp_10_Mar_2020_0845am337.716126387088_338.928587687398.wav
1839,Exp_04_Jan_2020_0945am,SW_Neo,1742.99276761672,1743.80709916752,3300.0,7,Whistle1376,/lustre/fsn1/projects/rech/vzf/uqe97pu/raw_data/all_categories/SW_NeoExp_04_Jan_2020_0945am1742.99276761672_1743.80709916752.wav
1114,Exp_07_Dec_2019_1245pm,SW_Neo,2688.92124868957,2689.63504548102,3300.0,3,Whistle300,/lustre/fsn1/projects/rech/vzf/uqe97pu/raw_data/all_categories/SW_NeoExp_07_Dec_2019_1245pm2688.92124868957_2689.63504548102.wav
163,Exp_17_Jan_2020_1545pm,SW_Neo,523.308808030058,523.976527328304,3300.0,1,Whistle3136,/lustre/fsn1/projects/rech/vzf/uqe97pu/raw_data/all_categories/SW_NeoExp_17_Jan_2020_1545pm523.308808030058_523.976527328304.wav
2207,Exp_26_Nov_2019_1345pm,SW_Neo,14.4850489501632,15.8747093522611,3000.0,14,Whistle2335,/lustre/fsn1/projects/rech/vzf/uqe97pu/raw_data/all_categories/SW_NeoExp_26_Nov_2019_1345pm14.4850489501632_15.8747093522611.wav
1610,Exp_05_Dec_2019_1245pm,SW_Neo,2900.06966756556,2901.00113609703,3000.0,4,Whistle669,/lustre/fsn1/projects/rech/vzf/uqe97pu/raw_data/all_categories/SW_NeoExp_05_Dec_2019_1245pm2900.06966756556_2901.00113609703.wav
2224,Exp_02_Mar_2020_1345pm,SW_Neo,1455.63186244422,1456.40634146208,3000.0,15,Whistle929,/lustre/fsn1/projects/rech/vzf/uqe97pu/raw_data/all_categories/SW_NeoExp_02_Mar_2020_1345pm1455.63186244422_1456.40634146208.wav
2080,Exp_05_Dec_2019_1245pm,SW_Neo,2984.68225589213,2985.72797017785,3000.0,11,Whistle806,/lustre/fsn1/projects/rech/vzf/uqe97pu/raw_data/all_categories/SW_NeoExp_05_Dec_2019_1245pm2984.68225589213_2985.72797017785.wav
2237,Exp_17_Jan_2020_1545pm,SW_Neo,1040.79381468995,1041.06636185976,3300.0,15,Whistle2744,/lustre/fsn1/projects/rech/vzf/uqe97pu/raw_data/all_categories/SW_NeoExp_17_Jan_2020_1545pm1040.79381468995_1041.06636185976.wav
1435,Exp_15_Feb_2020_1345pm,SW_Neo,1173.03394906391,1173.94614615442,3300.0,4,Whistle2482,/lustre/fsn1/projects/rech/vzf/uqe97pu/raw_data/all_categories/SW_NeoExp_15_Feb_2020_1345pm1173.03394906391_1173.94614615442.wav
2225,Exp_04_Jan_2020_1045am,SW_Neo,629.3200764643,630.43184093631,3300.0,15,Whistle1023,/lustre/fsn1/projects/rech/vzf/uqe97pu/raw_data/all_categories/SW_NeoExp_04_Jan_2020_1045am629.3200764643_630.43184093631.wav
532,Exp_22_Nov_2019_1145am,SW_Neo,1031.28837792569,1032.21781382313,3600.0,2,Whistle2817,/lustre/fsn1/projects/rech/vzf/uqe97pu/raw_data/all_categories/SW_NeoExp_22_Nov_2019_1145am1031.28837792569_1032.21781382313.wav
1232,Exp_08_Jan_2020_1245pm,SW_Neo,1822.18645055786,1823.23387912929,3300.0,3,Whistle460,/lustre/fsn1/projects/rech/vzf/uqe97pu/raw_data/all_categories/SW_NeoExp_08_Jan_2020_1245pm1822.18645055786_1823.23387912929.wav
230,Exp_02_Mar_2020_1545pm,SW_Neo,455.332725020807,456.257554417132,3000.0,1,Whistle988,/lustre/fsn1/projects/rech/vzf/uqe97pu/raw_data/all_categories/SW_NeoExp_02_Mar_2020_1545pm455.332725020807_456.257554417132.wav
1304,Exp_02_Feb_2020_1545pm,SW_Neo,1941.10632868175,1942.7197538786,3300.0,3,Whistle592,/lustre/fsn1/projects/rech/vzf/uqe97pu/raw_data/all_categories/SW_NeoExp_02_Feb_2020_1545pm1941.10632868175_1942.7197538786.wav
2142,Exp_03_Mar_2020_1345pm,SW_Neo,1498.17592545153,1498.73609362014,3000.0,13,Whistle935,/lustre/fsn1/projects/rech/vzf/uqe97pu/raw_data/all_categories/SW_NeoExp_03_Mar_2020_1345pm1498.17592545153_1498.73609362014.wav
402,Exp_23_Nov_2019_1545pm,SW_Neo,592.136973789913,593.181977273258,3000.0,2,Whistle2183,/lustre/fsn1/projects/rech/vzf/uqe97pu/raw_data/all_categories/SW_NeoExp_23_Nov_2019_1545pm592.136973789913_593.181977273258.wav
1760,Exp_01_Feb_2020_1145am,SW_Neo,2768.38394664945,2769.24927172685,3300.0,5,Whistle1528,/lustre/fsn1/projects/rech/vzf/uqe97pu/raw_data/all_categories/SW_NeoExp_01_Feb_2020_1145am2768.38394664945_2769.24927172685.wav
432,Exp_14_Jan_2020_1545pm,SW_Neo,824.470901126489,824.975102807161,3300.0,2,Whistle2458,/lustre/fsn1/projects/rech/vzf/uqe97pu/raw_data/all_categories/SW_NeoExp_14_Jan_2020_1545pm824.470901126489_824.975102807161.wav
2160,Exp_01_Feb_2020_1145am,SW_Neo,2774.62461743018,2775.14114779575,3300.0,13,Whistle1602,/lustre/fsn1/projects/rech/vzf/uqe97pu/raw_data/all_categories/SW_NeoExp_01_Feb_2020_1145am2774.62461743018_2775.14114779575.wav
297,Exp_01_Feb_2020_1545pm,SW_Neo,515.616564898681,516.458855591432,3300.0,2,Whistle191,/lustre/fsn1/projects/rech/vzf/uqe97pu/raw_data/all_categories/SW_NeoExp_01_Feb_2020_1545pm515.616564898681_516.458855591432.wav
1393,Exp_19_Nov_2019_1345pm,SW_Neo,3160.7587798855,3161.50878196884,3600.0,4,Whistle1864,/lustre/fsn1/projects/rech/vzf/uqe97pu/raw_data/all_categories/SW_NeoExp_19_Nov_2019_1345pm3160.7587798855_3161.50878196884.wav
239,Exp_04_Feb_2020_0945am,SW_Neo,2789.56191427656,2790.41225069631,3300.0,2,Whistle1018,/lustre/fsn1/projects/rech/vzf/uqe97pu/raw_data/all_categories/SW_NeoExp_04_Feb_2020_0945am2789.56191427656_2790.41225069631.wav
99,Exp_15_Jan_2020_1345pm,SW_Neo,596.967234946489,598.070000903936,3300.0,1,Whistle2239,/lustre/fsn1/projects/rech/vzf/uqe97pu/raw_data/all_categories/SW_NeoExp_15_Jan_2020_1345pm596.967234946489_598.070000903936.wav
879,Exp_08_Jan_2020_1245pm,SW_Neo,2311.35005195322,2312.49197268493,3300.0,3,Whistle1273,/lustre/fsn1/projects/rech/vzf/uqe97pu/raw_data/all_categories/SW_NeoExp_08_Jan_2020_1245pm2311.35005195322_2312.49197268493.wav
281,Exp_02_Jan_2020_1045am,SW_Neo,1572.47677335657,1573.02622649922,3300.0,2,Whistle1565,/lustre/fsn1/projects/rech/vzf/uqe97pu/raw_data/all_categories/SW_NeoExp_02_Jan_2020_1045am1572.47677335657_1573.02622649922.wav
543,Exp_26_Nov_2019_1345pm,SW_Neo,405.380553398831,405.845447015852,3000.0,2,Whistle2878,/lustre/fsn1/projects/rech/vzf/uqe97pu/raw_data/all_categories/SW_NeoExp_26_Nov_2019_1345pm405.380553398831_405.845447015852.wav
1029,Exp_17_Jan_2020_1545pm,SW_Neo,445.882326947184,447.181316494223,3300.0,3,Whistle2136,/lustre/fsn1/projects/rech/vzf/uqe97pu/raw_data/all_categories/SW_NeoExp_17_Jan_2020_1545pm445.882326947184_447.181316494223.wav
2184,Exp_16_Dec_2019_1345pm,SW_Neo,1189.24360437456,1189.83351890447,3300.0,13,Whistle3406,/lustre/fsn1/projects/rech/vzf/uqe97pu/raw_data/all_categories/SW_NeoExp_16_Dec_2019_1345pm1189.24360437456_1189.83351890447.wav
1237,Exp_08_Jan_2020_1245pm,SW_Neo,1860.62867143645,1861.52418227236,3300.0,3,Whistle474,/lustre/fsn1/projects/rech/vzf/uqe97pu/raw_data/all_categories/SW_NeoExp_08_Jan_2020_1245pm1860.62867143645_1861.52418227236.wav
1598,Exp_04_Jan_2020_1345pm,SW_Neo,1733.23025221289,1734.25525531896,3300.0,4,Whistle648,/lustre/fsn1/projects/rech/vzf/uqe97pu/raw_data/all_categories/SW_NeoExp_04_Jan_2020_1345pm1733.23025221289_1734.25525531896.wav
354,Exp_17_Nov_2019_1545pm,SW_Neo,499.450967819766,499.93134064227,3600.0,2,Whistle2145,/lustre/fsn1/projects/rech/vzf/uqe97pu/raw_data/all_categories/SW_NeoExp_17_Nov_2019_1545pm499.450967819766_499.93134064227.wav
1993,Exp_16_Nov_2019_1045am,SW_Neo,3293.74914930319,3294.48415134486,3600.0,10,Whistle1799,/lustre/fsn1/projects/rech/vzf/uqe97pu/raw_data/all_categories/SW_NeoExp_16_Nov_2019_1045am3293.74914930319_3294.48415134486.wav
124,Exp_16_Dec_2019_1545pm,SW_Neo,371.977011541923,372.806072315404,3300.0,1,Whistle2575,/lustre/fsn1/projects/rech/vzf/uqe97pu/raw_data/all_categories/SW_NeoExp_16_Dec_2019_1545pm371.977011541923_372.806072315404.wav
1893,Exp_06_Mar_2020_1345pm,SW_Neo,27.7576911462129,28.5129597865638,3000.0,7,Whistle1544,/lustre/fsn1/projects/rech/vzf/uqe97pu/raw_data/all_categories/SW_NeoExp_06_Mar_2020_1345pm27.7576911462129_28.5129597865638.wav
185,Exp_08_Jan_2020_1245pm,SW_Neo,2283.16691929369,2284.07805488691,3300.0,1,Whistle432,/lustre/fsn1/projects/rech/vzf/uqe97pu/raw_data/all_categories/SW_NeoExp_08_Jan_2020_1245pm2283.16691929369_2284.07805488691.wav
1466,Exp_19_Nov_2019_1545pm,SW_Neo,1465.91180812426,1466.49727982237,3600.0,4,Whistle2795,/lustre/fsn1/projects/rech/vzf/uqe97pu/raw_data/all_categories/SW_NeoExp_19_Nov_2019_1545pm1465.91180812426_1466.49727982237.wav
590,Exp_17_Feb_2020_1145am,SW_Neo,710.153565231818,710.947097840514,3300.0,2,Whistle3102,/lustre/fsn1/projects/rech/vzf/uqe97pu/raw_data/all_categories/SW_NeoExp_17_Feb_2020_1145am710.153565231818_710.947097840514.wav
406,Exp_26_Nov_2019_1345pm,SW_Neo,665.157217190724,666.202220674069,3000.0,2,Whistle2195,/lustre/fsn1/projects/rech/vzf/uqe97pu/raw_data/all_categories/SW_NeoExp_26_Nov_2019_1345pm665.157217190724_666.202220674069.wav
65,Exp_08_Jan_2020_1245pm,SW_Neo,1861.61818196732,1862.61934937573,3300.0,1,Whistle1468,/lustre/fsn1/projects/rech/vzf/uqe97pu/raw_data/all_categories/SW_NeoExp_08_Jan_2020_1245pm1861.61818196732_1862.61934937573.wav
807,Exp_06_Mar_2020_1345pm,SW_Neo,976.864212326541,977.670094679482,3000.0,3,Whistle1144,/lustre/fsn1/projects/rech/vzf/uqe97pu/raw_data/all_categories/SW_NeoExp_06_Mar_2020_1345pm976.864212326541_977.670094679482.wav
1560,Exp_02_Mar_2020_1545pm,SW_Neo,447.475458249699,448.19144981088,3000.0,4,Whistle597,/lustre/fsn1/projects/rech/vzf/uqe97pu/raw_data/all_categories/SW_NeoExp_02_Mar_2020_1545pm447.475458249699_448.19144981088.wav
788,Exp_06_Feb_2020_1145am,SW_Neo,664.408382661106,665.608244387791,3300.0,3,Whistle1119,/lustre/fsn1/projects/rech/vzf/uqe97pu/raw_data/all_categories/SW_NeoExp_06_Feb_2020_1145am664.408382661106_665.608244387791.wav
1457,Exp_17_Feb_2020_1345pm,SW_Neo,944.463847533379,945.38281305062,3300.0,4,Whistle2712,/lustre/fsn1/projects/rech/vzf/uqe97pu/raw_data/all_categories/SW_NeoExp_17_Feb_2020_1345pm944.463847533379_945.38281305062.wav
1157,Exp_07_Jan_2020_1345pm,SW_Neo,931.019010305667,931.869162744691,3300.0,3,Whistle349,/lustre/fsn1/projects/rech/vzf/uqe97pu/raw_data/all_categories/SW_NeoExp_07_Jan_2020_1345pm931.019010305667_931.869162744691.wav
1075,Exp_16_Feb_2020_1345pm,SW_Neo,931.05411618171,931.952062610282,3300.0,3,Whistle2592,/lustre/fsn1/projects/rech/vzf/uqe97pu/raw_data/all_categories/SW_NeoExp_16_Feb_2020_1345pm931.05411618171_931.952062610282.wav
507,Exp_17_Jan_2020_1545pm,SW_Neo,476.779935613486,477.331385317628,3300.0,2,Whistle2746,/lustre/fsn1/projects/rech/vzf/uqe97pu/raw_data/all_categories/SW_NeoExp_17_Jan_2020_1545pm476.779935613486_477.331385317628.wav
767,Exp_01_Feb_2020_1545pm,SW_Neo,653.20256856616,654.535781446706,3300.0,3,Whistle1092,/lustre/fsn1/projects/rech/vzf/uqe97pu/raw_data/all_categories/SW_NeoExp_01_Feb_2020_1545pm653.20256856616_654.535781446706.wav
674,Exp_09_Mar_2020_1545pm,SW_Neo,3.34015151129102,4.03179578888842,3000.0,2,Whistle545,/lustre/fsn1/projects/rech/vzf/uqe97pu/raw_data/all_categories/SW_NeoExp_09_Mar_2020_1545pm3.34015151129102_4.03179578888842.wav
219,Exp_08_Feb_2020_1345pm,SW_Neo,687.133537220729,688.144760130946,3300.0,1,Whistle725,/lustre/fsn1/projects/rech/vzf/uqe97pu/raw_data/all_categories/SW_NeoExp_08_Feb_2020_1345pm687.133537220729_688.144760130946.wav
937,Exp_04_Mar_2020_1345pm,SW_Neo,668.107921284976,669.156411080894,3000.0,3,Whistle140,/lustre/fsn1/projects/rech/vzf/uqe97pu/raw_data/all_categories/SW_NeoExp_04_Mar_2020_1345pm668.107921284976_669.156411080894.wav
1957,Exp_15_Dec_2019_0845am,SW_Neo,1211.34867075355,1212.6236746172,3300.0,8,Whistle3426,/lustre/fsn1/projects/rech/vzf/uqe97pu/raw_data/all_categories/SW_NeoExp_15_Dec_2019_0845am1211.34867075355_1212.6236746172.wav
1753,Exp_09_Jan_2020_1145am,SW_Neo,365.559368535439,366.670277626348,3300.0,5,Whistle1480,/lustre/fsn1/projects/rech/vzf/uqe97pu/raw_data/all_categories/SW_NeoExp_09_Jan_2020_1145am365.559368535439_366.670277626348.wav
1654,Exp_09_Feb_2020_0945am,SW_Neo,1162.55056795251,1163.83850190504,3300.0,4,Whistle731,/lustre/fsn1/projects/rech/vzf/uqe97pu/raw_data/all_categories/SW_NeoExp_09_Feb_2020_0945am1162.55056795251_1163.83850190504.wav
212,Exp_03_Mar_2020_1345pm,SW_Neo,2528.71010062139,2529.68610681334,3000.0,1,Whistle620,/lustre/fsn1/projects/rech/vzf/uqe97pu/raw_data/all_categories/SW_NeoExp_03_Mar_2020_1345pm2528.71010062139_2529.68610681334.wav
1690,Exp_05_Dec_2019_1245pm,SW_Neo,2747.42961014343,2748.29515853053,3000.0,4,Whistle813,/lustre/fsn1/projects/rech/vzf/uqe97pu/raw_data/all_categories/SW_NeoExp_05_Dec_2019_1245pm2747.42961014343_2748.29515853053.wav
1566,Exp_03_Feb_2020_1545pm,SW_Neo,1501.02454855924,1502.30955245319,3300.0,4,Whistle603,/lustre/fsn1/projects/rech/vzf/uqe97pu/raw_data/all_categories/SW_NeoExp_03_Feb_2020_1545pm1501.02454855924_1502.30955245319.wav
2141,Exp_03_Feb_2020_1045am,SW_Neo,2763.93569574543,2764.44218340725,3300.0,13,Whistle931,/lustre/fsn1/projects/rech/vzf/uqe97pu/raw_data/all_categories/SW_NeoExp_03_Feb_2020_1045am2763.93569574543_2764.44218340725.wav
1356,Exp_04_Feb_2020_1545pm,SW_Neo,937.053937175641,938.014760346373,3300.0,3,Whistle91,/lustre/fsn1/projects/rech/vzf/uqe97pu/raw_data/all_categories/SW_NeoExp_04_Feb_2020_1545pm937.053937175641_938.014760346373.wav
1708,Exp_07_Dec_2019_1345pm,SW_Neo,1945.85136988478,1946.83295772262,3300.0,4,Whistle865,/lustre/fsn1/projects/rech/vzf/uqe97pu/raw_data/all_categories/SW_NeoExp_07_Dec_2019_1345pm1945.85136988478_1946.83295772262.wav
1509,Exp_15_Jan_2020_1345pm,SW_Neo,1035.56966210194,1036.60679755465,3300.0,4,Whistle3013,/lustre/fsn1/projects/rech/vzf/uqe97pu/raw_data/all_categories/SW_NeoExp_15_Jan_2020_1345pm1035.56966210194_1036.60679755465.wav
1424,Exp_14_Feb_2020_1345pm,SW_Neo,759.378198307354,760.397256603319,3300.0,4,Whistle2436,/lustre/fsn1/projects/rech/vzf/uqe97pu/raw_data/all_categories/SW_NeoExp_14_Feb_2020_1345pm759.378198307354_760.397256603319.wav
1402,Exp_15_Feb_2020_1245pm,SW_Neo,2480.60751759854,2482.02249251727,3300.0,4,Whistle1986,/lustre/fsn1/projects/rech/vzf/uqe97pu/raw_data/all_categories/SW_NeoExp_15_Feb_2020_1245pm2480.60751759854_2482.02249251727.wav
1726,Exp_08_Jan_2020_1345pm,SW_Neo,260.671432790197,261.663095128316,3300.0,4,Whistle906,/lustre/fsn1/projects/rech/vzf/uqe97pu/raw_data/all_categories/SW_NeoExp_08_Jan_2020_1345pm260.671432790197_261.663095128316.wav
1847,Exp_04_Jan_2020_1345pm,SW_Neo,1681.91009730333,1682.97666760776,3300.0,7,Whistle1392,/lustre/fsn1/projects/rech/vzf/uqe97pu/raw_data/all_categories/SW_NeoExp_04_Jan_2020_1345pm1681.91009730333_1682.97666760776.wav
351,Exp_17_Dec_2019_0945am,SW_Neo,814.907469416574,815.677471749914,3300.0,2,Whistle2077,/lustre/fsn1/projects/rech/vzf/uqe97pu/raw_data/all_categories/SW_NeoExp_17_Dec_2019_0945am814.907469416574_815.677471749914.wav
2096,Exp_07_Jan_2020_1045am,SW_Neo,2492.05755229561,2493.27008354561,3300.0,11,Whistle870,/lustre/fsn1/projects/rech/vzf/uqe97pu/raw_data/all_categories/SW_NeoExp_07_Jan_2020_1045am2492.05755229561_2493.27008354561.wav
1855,Exp_05_Dec_2019_1545pm,SW_Neo,549.977245707416,550.748548562354,3000.0,7,Whistle1404,/lustre/fsn1/projects/rech/vzf/uqe97pu/raw_data/all_categories/SW_NeoExp_05_Dec_2019_1545pm549.977245707416_550.748548562354.wav
210,Exp_02_Mar_2020_1345pm,SW_Neo,1268.72343447283,1269.37319462043,3000.0,1,Whistle596,/lustre/fsn1/projects/rech/vzf/uqe97pu/raw_data/all_categories/SW_NeoExp_02_Mar_2020_1345pm1268.72343447283_1269.37319462043.wav
2159,Exp_01_Jan_2020_1545pm,SW_Neo,766.922765449108,767.64407157062,3300.0,13,Whistle1476,/lustre/fsn1/projects/rech/vzf/uqe97pu/raw_data/all_categories/SW_NeoExp_01_Jan_2020_1545pm766.922765449108_767.64407157062.wav
299,Exp_11_Dec_2019_1545pm,SW_Neo,40.1720463229247,41.140079795728,3300.0,2,Whistle2921,/lustre/fsn1/projects/rech/vzf/uqe97pu/raw_data/all_categories/SW_NeoExp_11_Dec_2019_1545pm40.1720463229247_41.140079795728.wav
306,Exp_26_Nov_2019_1345pm,SW_Neo,665.574872845049,666.172156795667,3000.0,2,Whistle2885,/lustre/fsn1/projects/rech/vzf/uqe97pu/raw_data/all_categories/SW_NeoExp_26_Nov_2019_1345pm665.574872845049_666.172156795667.wav
1459,Exp_17_Jan_2020_1545pm,SW_Neo,402.887130306731,403.741167739886,3300.0,4,Whistle2737,/lustre/fsn1/projects/rech/vzf/uqe97pu/raw_data/all_categories/SW_NeoExp_17_Jan_2020_1545pm402.887130306731_403.741167739886.wav
862,Exp_08_Jan_2020_1245pm,SW_Neo,2268.99987798044,2270.13184392472,3300.0,3,Whistle1242,/lustre/fsn1/projects/rech/vzf/uqe97pu/raw_data/all_categories/SW_NeoExp_08_Jan_2020_1245pm2268.99987798044_2270.13184392472.wav
1892,Exp_06_Mar_2020_1345pm,SW_Neo,145.821954566422,146.81384267831,3000.0,7,Whistle1542,/lustre/fsn1/projects/rech/vzf/uqe97pu/raw_data/all_categories/SW_NeoExp_06_Mar_2020_1345pm145.821954566422_146.81384267831.wav
978,Exp_05_Dec_2019_1545pm,SW_Neo,714.184152178145,715.232341154523,3000.0,3,Whistle174,/lustre/fsn1/projects/rech/vzf/uqe97pu/raw_data/all_categories/SW_NeoExp_05_Dec_2019_1545pm714.184152178145_715.232341154523.wav
220,Exp_08_Feb_2020_1345pm,SW_Neo,689.318543841961,690.349890591187,3300.0,1,Whistle726,/lustre/fsn1/projects/rech/vzf/uqe97pu/raw_data/all_categories/SW_NeoExp_08_Feb_2020_1345pm689.318543841961_690.349890591187.wav
1946,Exp_05_Dec_2019_1245pm,SW_Neo,2979.63306650966,2980.37724730062,3000.0,8,Whistle1605,/lustre/fsn1/projects/rech/vzf/uqe97pu/raw_data/all_categories/SW_NeoExp_05_Dec_2019_1245pm2979.63306650966_2980.37724730062.wav
1273,Exp_09_Jan_2020_1545pm,SW_Neo,11.7311918410169,12.5865043410169,3300.0,3,Whistle540,/lustre/fsn1/projects/rech/vzf/uqe97pu/raw_data/all_categories/SW_NeoExp_09_Jan_2020_1545pm11.7311918410169_12.5865043410169.wav
237,Exp_03_Feb_2020_1345pm,SW_Neo,426.486294806954,427.178106487124,3300.0,2,Whistle1006,/lustre/fsn1/projects/rech/vzf/uqe97pu/raw_data/all_categories/SW_NeoExp_03_Feb_2020_1345pm426.486294806954_427.178106487124.wav
2143,Exp_03_Mar_2020_1345pm,SW_Neo,2385.32122421452,2385.86506763089,3000.0,13,Whistle936,/lustre/fsn1/projects/rech/vzf/uqe97pu/raw_data/all_categories/SW_NeoExp_03_Mar_2020_1345pm2385.32122421452_2385.86506763089.wav
1412,Exp_22_Nov_2019_1545pm,SW_Neo,983.653892501811,984.653232124453,3000.0,4,Whistle2291,/lustre/fsn1/projects/rech/vzf/uqe97pu/raw_data/all_categories/SW_NeoExp_22_Nov_2019_1545pm983.653892501811_984.653232124453.wav
1044,Exp_28_Nov_2019_1545pm,SW_Neo,506.256687522292,507.126690422301,3000.0,3,Whistle2206,/lustre/fsn1/projects/rech/vzf/uqe97pu/raw_data/all_categories/SW_NeoExp_28_Nov_2019_1545pm506.256687522292_507.126690422301.wav
1565,Exp_03_Feb_2020_1045am,SW_Neo,3190.30466819596,3191.25551958915,3300.0,4,Whistle602,/lustre/fsn1/projects/rech/vzf/uqe97pu/raw_data/all_categories/SW_NeoExp_03_Feb_2020_1045am3190.30466819596_3191.25551958915.wav
596,Exp_17_Feb_2020_1345pm,SW_Neo,796.775845379864,797.30094341908,3300.0,2,Whistle3113,/lustre/fsn1/projects/rech/vzf/uqe97pu/raw_data/all_categories/SW_NeoExp_17_Feb_2020_1345pm796.775845379864_797.30094341908.wav
1491,Exp_07_Dec_2019_1245pm,SW_Neo,3135.83615994947,3136.89177492273,3300.0,4,Whistle299,/lustre/fsn1/projects/rech/vzf/uqe97pu/raw_data/all_categories/SW_NeoExp_07_Dec_2019_1245pm3135.83615994947_3136.89177492273.wav
780,Exp_01_Feb_2020_1545pm,SW_Neo,701.228289710151,702.118861545843,3300.0,3,Whistle1105,/lustre/fsn1/projects/rech/vzf/uqe97pu/raw_data/all_categories/SW_NeoExp_01_Feb_2020_1545pm701.228289710151_702.118861545843.wav
1034,Exp_23_Nov_2019_0945am,SW_Neo,1003.53834579449,1004.21954490572,3000.0,3,Whistle2172,/lustre/fsn1/projects/rech/vzf/uqe97pu/raw_data/all_categories/SW_NeoExp_23_Nov_2019_0945am1003.53834579449_1004.21954490572.wav
1005,Exp_15_Jan_2020_0945am,SW_Neo,467.736417383083,468.781420549759,3300.0,3,Whistle1998,/lustre/fsn1/projects/rech/vzf/uqe97pu/raw_data/all_categories/SW_NeoExp_15_Jan_2020_0945am467.736417383083_468.781420549759.wav
13,Exp_06_Feb_2020_1345pm,SW_Neo,1006.44484522033,1007.30513933798,3300.0,1,Whistle1129,/lustre/fsn1/projects/rech/vzf/uqe97pu/raw_data/all_categories/SW_NeoExp_06_Feb_2020_1345pm1006.44484522033_1007.30513933798.wav
361,Exp_22_Nov_2019_1145am,SW_Neo,1022.03283898011,1022.94284150789,3600.0,2,Whistle2165,/lustre/fsn1/projects/rech/vzf/uqe97pu/raw_data/all_categories/SW_NeoExp_22_Nov_2019_1145am1022.03283898011_1022.94284150789.wav
765,Exp_01_Feb_2020_1545pm,SW_Neo,623.037816022591,623.964139046646,3300.0,3,Whistle1090,/lustre/fsn1/projects/rech/vzf/uqe97pu/raw_data/all_categories/SW_NeoExp_01_Feb_2020_1545pm623.037816022591_623.964139046646.wav
296,Exp_05_Feb_2020_1545pm,SW_Neo,381.61704164659,382.572840363561,3300.0,2,Whistle189,/lustre/fsn1/projects/rech/vzf/uqe97pu/raw_data/all_categories/SW_NeoExp_05_Feb_2020_1545pm381.61704164659_382.572840363561.wav
1112,Exp_14_Dec_2019_0945am,SW_Neo,529.287740565467,530.071547383649,3300.0,3,Whistle2964,/lustre/fsn1/projects/rech/vzf/uqe97pu/raw_data/all_categories/SW_NeoExp_14_Dec_2019_0945am529.287740565467_530.071547383649.wav
1510,Exp_20_Nov_2019_1545pm,SW_Neo,939.944139405421,940.751126304984,3600.0,4,Whistle3178,/lustre/fsn1/projects/rech/vzf/uqe97pu/raw_data/all_categories/SW_NeoExp_20_Nov_2019_1545pm939.944139405421_940.751126304984.wav
787,Exp_06_Dec_2019_1345pm,SW_Neo,612.382986529474,613.223831772772,3000.0,3,Whistle1118,/lustre/fsn1/projects/rech/vzf/uqe97pu/raw_data/all_categories/SW_NeoExp_06_Dec_2019_1345pm612.382986529474_613.223831772772.wav
530,Exp_22_Nov_2019_1145am,SW_Neo,408.969050358816,409.53108299331,3600.0,2,Whistle2815,/lustre/fsn1/projects/rech/vzf/uqe97pu/raw_data/all_categories/SW_NeoExp_22_Nov_2019_1145am408.969050358816_409.53108299331.wav
1854,Exp_05_Dec_2019_1545pm,SW_Neo,634.090002603586,634.944469193699,3000.0,7,Whistle1402,/lustre/fsn1/projects/rech/vzf/uqe97pu/raw_data/all_categories/SW_NeoExp_05_Dec_2019_1545pm634.090002603586_634.944469193699.wav
1521,Exp_15_Jan_2020_1345pm,SW_Neo,9.33502828796451,10.4300316061564,3300.0,4,Whistle3292,/lustre/fsn1/projects/rech/vzf/uqe97pu/raw_data/all_categories/SW_NeoExp_15_Jan_2020_1345pm9.33502828796451_10.4300316061564.wav
1765,Exp_08_Jan_2020_1245pm,SW_Neo,1850.38466156272,1851.21476992186,3300.0,5,Whistle1557,/lustre/fsn1/projects/rech/vzf/uqe97pu/raw_data/all_categories/SW_NeoExp_08_Jan_2020_1245pm1850.38466156272_1851.21476992186.wav
1131,Exp_07_Dec_2019_1245pm,SW_Neo,2806.68049230038,2807.43011962957,3300.0,3,Whistle315,/lustre/fsn1/projects/rech/vzf/uqe97pu/raw_data/all_categories/SW_NeoExp_07_Dec_2019_1245pm2806.68049230038_2807.43011962957.wav
382,Exp_16_Jan_2020_1145am,SW_Neo,643.849498931319,644.626902777473,3300.0,2,Whistle2258,/lustre/fsn1/projects/rech/vzf/uqe97pu/raw_data/all_categories/SW_NeoExp_16_Jan_2020_1145am643.849498931319_644.626902777473.wav
1263,Exp_09_Jan_2020_1145am,SW_Neo,567.307878884967,568.233494484561,3300.0,3,Whistle527,/lustre/fsn1/projects/rech/vzf/uqe97pu/raw_data/all_categories/SW_NeoExp_09_Jan_2020_1145am567.307878884967_568.233494484561.wav
1756,Exp_02_Jan_2020_1045am,SW_Neo,1581.26832000204,1582.1587998782,3300.0,5,Whistle1501,/lustre/fsn1/projects/rech/vzf/uqe97pu/raw_data/all_categories/SW_NeoExp_02_Jan_2020_1045am1581.26832000204_1582.1587998782.wav
1116,Exp_07_Dec_2019_1245pm,SW_Neo,3193.83525554331,3194.97249913306,3300.0,3,Whistle301,/lustre/fsn1/projects/rech/vzf/uqe97pu/raw_data/all_categories/SW_NeoExp_07_Dec_2019_1245pm3193.83525554331_3194.97249913306.wav
1817,Exp_07_Dec_2019_1345pm,SW_Neo,1169.10009217144,1169.87486493976,3300.0,7,Whistle1189,/lustre/fsn1/projects/rech/vzf/uqe97pu/raw_data/all_categories/SW_NeoExp_07_Dec_2019_1345pm1169.10009217144_1169.87486493976.wav
629,Exp_12_Mar_2020_1545pm,SW_Neo,816.982723275744,817.49272497575,3000.0,2,Whistle3268,/lustre/fsn1/projects/rech/vzf/uqe97pu/raw_data/all_categories/SW_NeoExp_12_Mar_2020_1545pm816.982723275744_817.49272497575.wav
1555,Exp_03_Jan_2020_1145am,SW_Neo,2012.10748893202,2012.85145027338,3300.0,4,Whistle47,/lustre/fsn1/projects/rech/vzf/uqe97pu/raw_data/all_categories/SW_NeoExp_03_Jan_2020_1145am2012.10748893202_2012.85145027338.wav
177,Exp_07_Mar_2020_0945am,SW_Neo,228.266340504163,229.257346601724,3000.0,1,Whistle385,/lustre/fsn1/projects/rech/vzf/uqe97pu/raw_data/all_categories/SW_NeoExp_07_Mar_2020_0945am228.266340504163_229.257346601724.wav
2089,Exp_06_Jan_2020_0945am,SW_Neo,1627.96321736413,1628.94929179654,3300.0,11,Whistle841,/lustre/fsn1/projects/rech/vzf/uqe97pu/raw_data/all_categories/SW_NeoExp_06_Jan_2020_0945am1627.96321736413_1628.94929179654.wav
1023,Exp_05_Mar_2020_1545pm,SW_Neo,406.332245511931,407.411322754163,3000.0,3,Whistle210,/lustre/fsn1/projects/rech/vzf/uqe97pu/raw_data/all_categories/SW_NeoExp_05_Mar_2020_1545pm406.332245511931_407.411322754163.wav
203,Exp_09_Jan_2020_1545pm,SW_Neo,37.5910525829689,38.3059882745198,3300.0,1,Whistle542,/lustre/fsn1/projects/rech/vzf/uqe97pu/raw_data/all_categories/SW_NeoExp_09_Jan_2020_1545pm37.5910525829689_38.3059882745198.wav
1822,Exp_08_Jan_2020_1245pm,SW_Neo,1607.64064398268,1608.89983515915,3300.0,7,Whistle1259,/lustre/fsn1/projects/rech/vzf/uqe97pu/raw_data/all_categories/SW_NeoExp_08_Jan_2020_1245pm1607.64064398268_1608.89983515915.wav
1475,Exp_14_Feb_2020_1345pm,SW_Neo,754.370288799871,755.502254744144,3300.0,4,Whistle2980,/lustre/fsn1/projects/rech/vzf/uqe97pu/raw_data/all_categories/SW_NeoExp_14_Feb_2020_1345pm754.370288799871_755.502254744144.wav
582,Exp_16_Jan_2020_0945am,SW_Neo,516.63959586838,517.101489807774,3300.0,2,Whistle3065,/lustre/fsn1/projects/rech/vzf/uqe97pu/raw_data/all_categories/SW_NeoExp_16_Jan_2020_0945am516.63959586838_517.101489807774.wav
1104,Exp_28_Nov_2019_1545pm,SW_Neo,546.854021758956,547.601770450055,3000.0,3,Whistle2906,/lustre/fsn1/projects/rech/vzf/uqe97pu/raw_data/all_categories/SW_NeoExp_28_Nov_2019_1545pm546.854021758956_547.601770450055.wav
1905,Exp_07_Dec_2019_1245pm,SW_Neo,2914.15217519365,2915.06704657288,3300.0,7,Whistle1628,/lustre/fsn1/projects/rech/vzf/uqe97pu/raw_data/all_categories/SW_NeoExp_07_Dec_2019_1245pm2914.15217519365_2915.06704657288.wav
621,Exp_26_Nov_2019_1145am,SW_Neo,420.338319842655,420.950354726376,3000.0,2,Whistle3210,/lustre/fsn1/projects/rech/vzf/uqe97pu/raw_data/all_categories/SW_NeoExp_26_Nov_2019_1145am420.338319842655_420.950354726376.wav
1100,Exp_23_Nov_2019_0945am,SW_Neo,998.074642950564,998.903274529511,3000.0,3,Whistle2840,/lustre/fsn1/projects/rech/vzf/uqe97pu/raw_data/all_categories/SW_NeoExp_23_Nov_2019_0945am998.074642950564_998.903274529511.wav
2138,Exp_07_Dec_2019_1245pm,SW_Neo,2783.3748284265,2783.89922118318,3300.0,13,Whistle859,/lustre/fsn1/projects/rech/vzf/uqe97pu/raw_data/all_categories/SW_NeoExp_07_Dec_2019_1245pm2783.3748284265_2783.89922118318.wav
2076,Exp_04_Mar_2020_1145am,SW_Neo,206.276466080562,207.303682069961,3000.0,11,Whistle792,/lustre/fsn1/projects/rech/vzf/uqe97pu/raw_data/all_categories/SW_NeoExp_04_Mar_2020_1145am206.276466080562_207.303682069961.wav
316,Exp_15_Jan_2020_0945am,SW_Neo,331.566004745469,332.451007427295,3300.0,2,Whistle1995,/lustre/fsn1/projects/rech/vzf/uqe97pu/raw_data/all_categories/SW_NeoExp_15_Jan_2020_0945am331.566004745469_332.451007427295.wav
888,Exp_04_Jan_2020_1345pm,SW_Neo,2213.85277188568,2214.74868550694,3300.0,3,Whistle129,/lustre/fsn1/projects/rech/vzf/uqe97pu/raw_data/all_categories/SW_NeoExp_04_Jan_2020_1345pm2213.85277188568_2214.74868550694.wav
1851,Exp_04_Mar_2020_1545pm,SW_Neo,859.422754400409,860.001314771926,3000.0,7,Whistle1399,/lustre/fsn1/projects/rech/vzf/uqe97pu/raw_data/all_categories/SW_NeoExp_04_Mar_2020_1545pm859.422754400409_860.001314771926.wav
374,Exp_11_Mar_2020_1145am,SW_Neo,506.556689188964,507.176318065844,3000.0,2,Whistle2211,/lustre/fsn1/projects/rech/vzf/uqe97pu/raw_data/all_categories/SW_NeoExp_11_Mar_2020_1145am506.556689188964_507.176318065844.wav
105,Exp_17_Feb_2020_1545pm,SW_Neo,97.4173297238379,98.34025180176,3300.0,1,Whistle2324,/lustre/fsn1/projects/rech/vzf/uqe97pu/raw_data/all_categories/SW_NeoExp_17_Feb_2020_1545pm97.4173297238379_98.34025180176.wav
1177,Exp_07_Jan_2020_1545pm,SW_Neo,650.763097483663,651.613531567264,3300.0,3,Whistle373,/lustre/fsn1/projects/rech/vzf/uqe97pu/raw_data/all_categories/SW_NeoExp_07_Jan_2020_1545pm650.763097483663_651.613531567264.wav
121,Exp_15_Jan_2020_1545pm,SW_Neo,518.39361733457,519.251524311314,3300.0,1,Whistle2523,/lustre/fsn1/projects/rech/vzf/uqe97pu/raw_data/all_categories/SW_NeoExp_15_Jan_2020_1545pm518.39361733457_519.251524311314.wav
508,Exp_17_Jan_2020_1545pm,SW_Neo,494.987472099399,495.739953141066,3300.0,2,Whistle2747,/lustre/fsn1/projects/rech/vzf/uqe97pu/raw_data/all_categories/SW_NeoExp_17_Jan_2020_1545pm494.987472099399_495.739953141066.wav
1225,Exp_08_Jan_2020_1245pm,SW_Neo,1624.75709022788,1625.89911809166,3300.0,3,Whistle452,/lustre/fsn1/projects/rech/vzf/uqe97pu/raw_data/all_categories/SW_NeoExp_08_Jan_2020_1245pm1624.75709022788_1625.89911809166.wav
1316,Exp_03_Jan_2020_1145am,SW_Neo,1548.09565537421,1548.98218068285,3300.0,3,Whistle756,/lustre/fsn1/projects/rech/vzf/uqe97pu/raw_data/all_categories/SW_NeoExp_03_Jan_2020_1145am1548.09565537421_1548.98218068285.wav
649,Exp_15_Feb_2020_1045am,SW_Neo,1057.93820587335,1058.4282073582,3300.0,2,Whistle3441,/lustre/fsn1/projects/rech/vzf/uqe97pu/raw_data/all_categories/SW_NeoExp_15_Feb_2020_1045am1057.93820587335_1058.4282073582.wav
1974,Exp_03_Jan_2020_1045am,SW_Neo,2024.39113512465,2025.39255447949,3300.0,9,Whistle1600,/lustre/fsn1/projects/rech/vzf/uqe97pu/raw_data/all_categories/SW_NeoExp_03_Jan_2020_1045am2024.39113512465_2025.39255447949.wav
1403,Exp_19_Nov_2019_1545pm,SW_Neo,920.785768391278,921.711395302593,3600.0,4,Whistle2157,/lustre/fsn1/projects/rech/vzf/uqe97pu/raw_data/all_categories/SW_NeoExp_19_Nov_2019_1545pm920.785768391278_921.711395302593.wav
1068,Exp_06_Jan_2020_0945am,SW_Neo,1071.31470140608,1072.4516983101,3300.0,3,Whistle247,/lustre/fsn1/projects/rech/vzf/uqe97pu/raw_data/all_categories/SW_NeoExp_06_Jan_2020_0945am1071.31470140608_1072.4516983101.wav
849,Exp_07_Jan_2020_1545pm,SW_Neo,304.542026838295,305.387481383749,3300.0,3,Whistle1216,/lustre/fsn1/projects/rech/vzf/uqe97pu/raw_data/all_categories/SW_NeoExp_07_Jan_2020_1545pm304.542026838295_305.387481383749.wav
115,Exp_14_Dec_2019_0945am,SW_Neo,437.986327837357,438.856270033889,3300.0,1,Whistle2425,/lustre/fsn1/projects/rech/vzf/uqe97pu/raw_data/all_categories/SW_NeoExp_14_Dec_2019_0945am437.986327837357_438.856270033889.wav
76,Exp_08_Jan_2020_1245pm,SW_Neo,2284.22853330205,2285.58690114261,3300.0,1,Whistle1659,/lustre/fsn1/projects/rech/vzf/uqe97pu/raw_data/all_categories/SW_NeoExp_08_Jan_2020_1245pm2284.22853330205_2285.58690114261.wav
416,Exp_12_Mar_2020_1345pm,SW_Neo,89.3468321252359,90.095241216145,3000.0,2,Whistle2387,/lustre/fsn1/projects/rech/vzf/uqe97pu/raw_data/all_categories/SW_NeoExp_12_Mar_2020_1345pm89.3468321252359_90.095241216145.wav
1406,Exp_14_Feb_2020_1345pm,SW_Neo,752.143390375594,753.627249234453,3300.0,4,Whistle2228,/lustre/fsn1/projects/rech/vzf/uqe97pu/raw_data/all_categories/SW_NeoExp_14_Feb_2020_1345pm752.143390375594_753.627249234453.wav
1559,Exp_02_Jan_2020_1245pm,SW_Neo,3272.63636071365,3273.32502381526,3300.0,4,Whistle595,/lustre/fsn1/projects/rech/vzf/uqe97pu/raw_data/all_categories/SW_NeoExp_02_Jan_2020_1245pm3272.63636071365_3273.32502381526.wav
457,Exp_16_Feb_2020_1345pm,SW_Neo,923.108840176638,923.46774127554,3300.0,2,Whistle2582,/lustre/fsn1/projects/rech/vzf/uqe97pu/raw_data/all_categories/SW_NeoExp_16_Feb_2020_1345pm923.108840176638_923.46774127554.wav
1231,Exp_03_Jan_2020_1045am,SW_Neo,2021.15206995869,2022.04749678796,3300.0,3,Whistle46,/lustre/fsn1/projects/rech/vzf/uqe97pu/raw_data/all_categories/SW_NeoExp_03_Jan_2020_1045am2021.15206995869_2022.04749678796.wav
2043,Exp_04_Jan_2020_1345pm,SW_Neo,1706.53791129342,1707.33861010099,3300.0,11,Whistle1577,/lustre/fsn1/projects/rech/vzf/uqe97pu/raw_data/all_categories/SW_NeoExp_04_Jan_2020_1345pm1706.53791129342_1707.33861010099.wav
839,Exp_07_Jan_2020_1345pm,SW_Neo,950.02406789675,950.85912887236,3300.0,3,Whistle1202,/lustre/fsn1/projects/rech/vzf/uqe97pu/raw_data/all_categories/SW_NeoExp_07_Jan_2020_1345pm950.02406789675_950.85912887236.wav
1912,Exp_12_Mar_2020_1345pm,SW_Neo,162.59881415469,163.300503808135,3000.0,7,Whistle2306,/lustre/fsn1/projects/rech/vzf/uqe97pu/raw_data/all_categories/SW_NeoExp_12_Mar_2020_1345pm162.59881415469_163.300503808135.wav
1103,Exp_07_Dec_2019_1145am,SW_Neo,2711.35936863641,2712.18023805338,3300.0,3,Whistle289,/lustre/fsn1/projects/rech/vzf/uqe97pu/raw_data/all_categories/SW_NeoExp_07_Dec_2019_1145am2711.35936863641_2712.18023805338.wav
423,Exp_13_Dec_2019_1545pm,SW_Neo,457.05867550699,457.751329138275,3300.0,2,Whistle2412,/lustre/fsn1/projects/rech/vzf/uqe97pu/raw_data/all_categories/SW_NeoExp_13_Dec_2019_1545pm457.05867550699_457.751329138275.wav
1428,Exp_14_Jan_2020_1545pm,SW_Neo,128.945390743608,129.580392667857,3300.0,4,Whistle2452,/lustre/fsn1/projects/rech/vzf/uqe97pu/raw_data/all_categories/SW_NeoExp_14_Jan_2020_1545pm128.945390743608_129.580392667857.wav
752,Exp_05_Dec_2019_1545pm,SW_Neo,223.346587697693,224.54570647164,3000.0,3,Whistle1068,/lustre/fsn1/projects/rech/vzf/uqe97pu/raw_data/all_categories/SW_NeoExp_05_Dec_2019_1545pm223.346587697693_224.54570647164.wav
859,Exp_08_Jan_2020_1245pm,SW_Neo,2609.50219925979,2610.42217208588,3300.0,3,Whistle1236,/lustre/fsn1/projects/rech/vzf/uqe97pu/raw_data/all_categories/SW_NeoExp_08_Jan_2020_1245pm2609.50219925979_2610.42217208588.wav
1951,Exp_07_Jan_2020_1345pm,SW_Neo,2647.60043974285,2648.17924768987,3300.0,8,Whistle1655,/lustre/fsn1/projects/rech/vzf/uqe97pu/raw_data/all_categories/SW_NeoExp_07_Jan_2020_1345pm2647.60043974285_2648.17924768987.wav
1784,Exp_04_Jan_2020_1345pm,SW_Neo,2207.97169142937,2209.29665355058,3300.0,6,Whistle1036,/lustre/fsn1/projects/rech/vzf/uqe97pu/raw_data/all_categories/SW_NeoExp_04_Jan_2020_1345pm2207.97169142937_2209.29665355058.wav
1713,Exp_07_Jan_2020_1345pm,SW_Neo,1074.67399113924,1075.57021491546,3300.0,4,Whistle874,/lustre/fsn1/projects/rech/vzf/uqe97pu/raw_data/all_categories/SW_NeoExp_07_Jan_2020_1345pm1074.67399113924_1075.57021491546.wav
1537,Exp_15_Feb_2020_1345pm,SW_Neo,599.131815550956,599.531816763081,3300.0,4,Whistle3443,/lustre/fsn1/projects/rech/vzf/uqe97pu/raw_data/all_categories/SW_NeoExp_15_Feb_2020_1345pm599.131815550956_599.531816763081.wav
1357,Exp_09_Mar_2020_0945am,SW_Neo,70.3502351674505,71.3522919050392,3000.0,3,Whistle915,/lustre/fsn1/projects/rech/vzf/uqe97pu/raw_data/all_categories/SW_NeoExp_09_Mar_2020_0945am70.3502351674505_71.3522919050392.wav
494,Exp_17_Feb_2020_1345pm,SW_Neo,788.050282698624,788.592322172308,3300.0,2,Whistle2709,/lustre/fsn1/projects/rech/vzf/uqe97pu/raw_data/all_categories/SW_NeoExp_17_Feb_2020_1345pm788.050282698624_788.592322172308.wav
727,Exp_04_Jan_2020_1345pm,SW_Neo,2248.85764833883,2249.68415627534,3300.0,3,Whistle1039,/lustre/fsn1/projects/rech/vzf/uqe97pu/raw_data/all_categories/SW_NeoExp_04_Jan_2020_1345pm2248.85764833883_2249.68415627534.wav
1650,Exp_08_Jan_2020_0945am,SW_Neo,1441.18554495174,1442.3074561682,3300.0,4,Whistle727,/lustre/fsn1/projects/rech/vzf/uqe97pu/raw_data/all_categories/SW_NeoExp_08_Jan_2020_0945am1441.18554495174_1442.3074561682.wav
1582,Exp_03_Mar_2020_1345pm,SW_Neo,460.82796013706,462.045452397122,3000.0,4,Whistle628,/lustre/fsn1/projects/rech/vzf/uqe97pu/raw_data/all_categories/SW_NeoExp_03_Mar_2020_1345pm460.82796013706_462.045452397122.wav
2165,Exp_13_Dec_2019_1545pm,SW_Neo,529.327664695698,529.782615588555,3300.0,13,Whistle2414,/lustre/fsn1/projects/rech/vzf/uqe97pu/raw_data/all_categories/SW_NeoExp_13_Dec_2019_1545pm529.327664695698_529.782615588555.wav
1387,Exp_15_Feb_2020_1345pm,SW_Neo,1188.64360255637,1189.76763089645,3300.0,4,Whistle1991,/lustre/fsn1/projects/rech/vzf/uqe97pu/raw_data/all_categories/SW_NeoExp_15_Feb_2020_1345pm1188.64360255637_1189.76763089645.wav
178,Exp_07_Mar_2020_1145am,SW_Neo,1026.45322154756,1027.47066102497,3000.0,1,Whistle391,/lustre/fsn1/projects/rech/vzf/uqe97pu/raw_data/all_categories/SW_NeoExp_07_Mar_2020_1145am1026.45322154756_1027.47066102497.wav
478,Exp_17_Dec_2019_0845am,SW_Neo,73.2960826854249,74.1501687069303,3300.0,2,Whistle2668,/lustre/fsn1/projects/rech/vzf/uqe97pu/raw_data/all_categories/SW_NeoExp_17_Dec_2019_0845am73.2960826854249_74.1501687069303.wav
1270,Exp_09_Jan_2020_1545pm,SW_Neo,163.058651062898,164.039688214601,3300.0,3,Whistle536,/lustre/fsn1/projects/rech/vzf/uqe97pu/raw_data/all_categories/SW_NeoExp_09_Jan_2020_1545pm163.058651062898_164.039688214601.wav
2163,Exp_17_Feb_2020_0945am,SW_Neo,582.631765550805,583.211767308386,3300.0,13,Whistle1824,/lustre/fsn1/projects/rech/vzf/uqe97pu/raw_data/all_categories/SW_NeoExp_17_Feb_2020_0945am582.631765550805_583.211767308386.wav
1272,Exp_09_Jan_2020_1545pm,SW_Neo,198.172246646313,199.208527134118,3300.0,3,Whistle539,/lustre/fsn1/projects/rech/vzf/uqe97pu/raw_data/all_categories/SW_NeoExp_09_Jan_2020_1545pm198.172246646313_199.208527134118.wav
1366,Exp_01_Feb_2020_1145am,SW_Neo,2636.61507720303,2637.42836712741,3300.0,3,Whistle987,/lustre/fsn1/projects/rech/vzf/uqe97pu/raw_data/all_categories/SW_NeoExp_01_Feb_2020_1145am2636.61507720303_2637.42836712741.wav
869,Exp_08_Jan_2020_1245pm,SW_Neo,2310.3745391906,2311.30023578503,3300.0,3,Whistle1251,/lustre/fsn1/projects/rech/vzf/uqe97pu/raw_data/all_categories/SW_NeoExp_08_Jan_2020_1245pm2310.3745391906_2311.30023578503.wav
841,Exp_07_Jan_2020_1545pm,SW_Neo,481.167233107501,482.168400515912,3300.0,3,Whistle1207,/lustre/fsn1/projects/rech/vzf/uqe97pu/raw_data/all_categories/SW_NeoExp_07_Jan_2020_1545pm481.167233107501_482.168400515912.wav
1121,Exp_07_Dec_2019_1245pm,SW_Neo,2739.86022177223,2740.74567068864,3300.0,3,Whistle308,/lustre/fsn1/projects/rech/vzf/uqe97pu/raw_data/all_categories/SW_NeoExp_07_Dec_2019_1245pm2739.86022177223_2740.74567068864.wav
1307,Exp_01_Feb_2020_1145am,SW_Neo,360.091969775625,361.023219775625,3300.0,3,Whistle64,/lustre/fsn1/projects/rech/vzf/uqe97pu/raw_data/all_categories/SW_NeoExp_01_Feb_2020_1145am360.091969775625_361.023219775625.wav
1055,Exp_06_Feb_2020_1145am,SW_Neo,689.523111238765,690.720479659817,3300.0,3,Whistle230,/lustre/fsn1/projects/rech/vzf/uqe97pu/raw_data/all_categories/SW_NeoExp_06_Feb_2020_1145am689.523111238765_690.720479659817.wav
482,Exp_17_Dec_2019_0945am,SW_Neo,910.949437663363,911.622698532928,3300.0,2,Whistle2677,/lustre/fsn1/projects/rech/vzf/uqe97pu/raw_data/all_categories/SW_NeoExp_17_Dec_2019_0945am910.949437663363_911.622698532928.wav
1138,Exp_26_Nov_2019_1345pm,SW_Neo,805.979240123681,806.852638181933,3000.0,3,Whistle3217,/lustre/fsn1/projects/rech/vzf/uqe97pu/raw_data/all_categories/SW_NeoExp_26_Nov_2019_1345pm805.979240123681_806.852638181933.wav
686,Exp_04_Jan_2020_1345pm,SW_Neo,1736.36526171291,1737.34526468262,3300.0,2,Whistle650,/lustre/fsn1/projects/rech/vzf/uqe97pu/raw_data/all_categories/SW_NeoExp_04_Jan_2020_1345pm1736.36526171291_1737.34526468262.wav
2002,Exp_17_Jan_2020_1045am,SW_Neo,3233.93979981758,3234.63480192364,3300.0,10,Whistle1849,/lustre/fsn1/projects/rech/vzf/uqe97pu/raw_data/all_categories/SW_NeoExp_17_Jan_2020_1045am3233.93979981758_3234.63480192364.wav
1223,Exp_08_Jan_2020_1245pm,SW_Neo,1603.46575791915,1604.40152243153,3300.0,3,Whistle449,/lustre/fsn1/projects/rech/vzf/uqe97pu/raw_data/all_categories/SW_NeoExp_08_Jan_2020_1245pm1603.46575791915_1604.40152243153.wav
2009,Exp_23_Nov_2019_1145am,SW_Neo,1205.78401928006,1206.2740209134,3000.0,10,Whistle1892,/lustre/fsn1/projects/rech/vzf/uqe97pu/raw_data/all_categories/SW_NeoExp_23_Nov_2019_1145am1205.78401928006_1206.2740209134.wav
1266,Exp_09_Jan_2020_1145am,SW_Neo,639.59383003696,640.449018362672,3300.0,3,Whistle531,/lustre/fsn1/projects/rech/vzf/uqe97pu/raw_data/all_categories/SW_NeoExp_09_Jan_2020_1145am639.59383003696_640.449018362672.wav
1086,Exp_06_Mar_2020_1545pm,SW_Neo,509.177669307438,510.279764068765,3000.0,3,Whistle268,/lustre/fsn1/projects/rech/vzf/uqe97pu/raw_data/all_categories/SW_NeoExp_06_Mar_2020_1545pm509.177669307438_510.279764068765.wav
949,Exp_08_Jan_2020_1245pm,SW_Neo,1844.30136381699,1845.22203535337,3300.0,3,Whistle1465,/lustre/fsn1/projects/rech/vzf/uqe97pu/raw_data/all_categories/SW_NeoExp_08_Jan_2020_1245pm1844.30136381699_1845.22203535337.wav
1430,Exp_15_Dec_2019_0845am,SW_Neo,1103.49466284297,1104.28828921659,3300.0,4,Whistle2469,/lustre/fsn1/projects/rech/vzf/uqe97pu/raw_data/all_categories/SW_NeoExp_15_Dec_2019_0845am1103.49466284297_1104.28828921659.wav
63,Exp_07_Jan_2020_1045am,SW_Neo,2407.73840746655,2408.46412175227,3300.0,1,Whistle1437,/lustre/fsn1/projects/rech/vzf/uqe97pu/raw_data/all_categories/SW_NeoExp_07_Jan_2020_1045am2407.73840746655_2408.46412175227.wav
1486,Exp_11_Dec_2019_1545pm,SW_Neo,69.3067044807833,70.0501527566454,3300.0,4,Whistle2923,/lustre/fsn1/projects/rech/vzf/uqe97pu/raw_data/all_categories/SW_NeoExp_11_Dec_2019_1545pm69.3067044807833_70.0501527566454.wav
71,Exp_02_Jan_2020_1045am,SW_Neo,1621.59124183087,1622.29200946573,3300.0,1,Whistle1502,/lustre/fsn1/projects/rech/vzf/uqe97pu/raw_data/all_categories/SW_NeoExp_02_Jan_2020_1045am1621.59124183087_1622.29200946573.wav
990,Exp_17_Nov_2019_1545pm,SW_Neo,514.886767338336,516.145156600081,3600.0,3,Whistle1705,/lustre/fsn1/projects/rech/vzf/uqe97pu/raw_data/all_categories/SW_NeoExp_17_Nov_2019_1545pm514.886767338336_516.145156600081.wav
981,Exp_05_Feb_2020_1545pm,SW_Neo,375.570471405077,376.651120327868,3300.0,3,Whistle179,/lustre/fsn1/projects/rech/vzf/uqe97pu/raw_data/all_categories/SW_NeoExp_05_Feb_2020_1545pm375.570471405077_376.651120327868.wav
1580,Exp_03_Mar_2020_1345pm,SW_Neo,339.487339067446,340.911100677353,3000.0,4,Whistle624,/lustre/fsn1/projects/rech/vzf/uqe97pu/raw_data/all_categories/SW_NeoExp_03_Mar_2020_1345pm339.487339067446_340.911100677353.wav
1334,Exp_04_Feb_2020_1545pm,SW_Neo,14.6654098575791,15.8842419743674,3300.0,3,Whistle83,/lustre/fsn1/projects/rech/vzf/uqe97pu/raw_data/all_categories/SW_NeoExp_04_Feb_2020_1545pm14.6654098575791_15.8842419743674.wav
1552,Exp_19_Nov_2019_1545pm,SW_Neo,1283.65356570435,1284.0835668988,3600.0,4,Whistle3477,/lustre/fsn1/projects/rech/vzf/uqe97pu/raw_data/all_categories/SW_NeoExp_19_Nov_2019_1545pm1283.65356570435_1284.0835668988.wav
1844,Exp_04_Jan_2020_1345pm,SW_Neo,1653.11109296973,1653.89759296973,3300.0,7,Whistle1389,/lustre/fsn1/projects/rech/vzf/uqe97pu/raw_data/all_categories/SW_NeoExp_04_Jan_2020_1345pm1653.11109296973_1653.89759296973.wav
2236,Exp_16_Jan_2020_0945am,SW_Neo,1727.87145354353,1728.12362745658,3300.0,15,Whistle2611,/lustre/fsn1/projects/rech/vzf/uqe97pu/raw_data/all_categories/SW_NeoExp_16_Jan_2020_0945am1727.87145354353_1728.12362745658.wav
1641,Exp_07_Jan_2020_1045am,SW_Neo,2479.12751493186,2479.92174443611,3300.0,4,Whistle712,/lustre/fsn1/projects/rech/vzf/uqe97pu/raw_data/all_categories/SW_NeoExp_07_Jan_2020_1045am2479.12751493186_2479.92174443611.wav
2034,Exp_04_Mar_2020_1145am,SW_Neo,160.235534785116,160.809224105504,3000.0,10,Whistle793,/lustre/fsn1/projects/rech/vzf/uqe97pu/raw_data/all_categories/SW_NeoExp_04_Mar_2020_1145am160.235534785116_160.809224105504.wav
1146,Exp_14_Feb_2020_1345pm,SW_Neo,833.307525174319,834.352528340995,3300.0,3,Whistle3276,/lustre/fsn1/projects/rech/vzf/uqe97pu/raw_data/all_categories/SW_NeoExp_14_Feb_2020_1345pm833.307525174319_834.352528340995.wav
1194,Exp_02_Mar_2020_0845am,SW_Neo,128.536278357965,129.46229142986,3000.0,3,Whistle4,/lustre/fsn1/projects/rech/vzf/uqe97pu/raw_data/all_categories/SW_NeoExp_02_Mar_2020_0845am128.536278357965_129.46229142986.wav
1204,Exp_08_Jan_2020_1245pm,SW_Neo,2612.40291939898,2613.31789725645,3300.0,3,Whistle416,/lustre/fsn1/projects/rech/vzf/uqe97pu/raw_data/all_categories/SW_NeoExp_08_Jan_2020_1245pm2612.40291939898_2613.31789725645.wav
528,Exp_20_Nov_2019_1545pm,SW_Neo,980.757724327012,981.777727160353,3600.0,2,Whistle2802,/lustre/fsn1/projects/rech/vzf/uqe97pu/raw_data/all_categories/SW_NeoExp_20_Nov_2019_1545pm980.757724327012_981.777727160353.wav
1422,Exp_22_Nov_2019_1245pm,SW_Neo,417.361159892111,418.761124049817,3600.0,4,Whistle2332,/lustre/fsn1/projects/rech/vzf/uqe97pu/raw_data/all_categories/SW_NeoExp_22_Nov_2019_1245pm417.361159892111_418.761124049817.wav
2120,Exp_04_Jan_2020_1345pm,SW_Neo,2238.45568144125,2239.03792231378,3300.0,12,Whistle1531,/lustre/fsn1/projects/rech/vzf/uqe97pu/raw_data/all_categories/SW_NeoExp_04_Jan_2020_1345pm2238.45568144125_2239.03792231378.wav
205,Exp_03_Mar_2020_1345pm,SW_Neo,1068.67900930422,1069.49326570186,3000.0,1,Whistle55,/lustre/fsn1/projects/rech/vzf/uqe97pu/raw_data/all_categories/SW_NeoExp_03_Mar_2020_1345pm1068.67900930422_1069.49326570186.wav
613,Exp_17_Nov_2019_1545pm,SW_Neo,950.087639132331,950.717640882336,3600.0,2,Whistle3151,/lustre/fsn1/projects/rech/vzf/uqe97pu/raw_data/all_categories/SW_NeoExp_17_Nov_2019_1545pm950.087639132331_950.717640882336.wav
695,Exp_04_Feb_2020_0945am,SW_Neo,2787.63604732661,2788.2598863359,3300.0,2,Whistle72,/lustre/fsn1/projects/rech/vzf/uqe97pu/raw_data/all_categories/SW_NeoExp_04_Feb_2020_0945am2787.63604732661_2788.2598863359.wav
2024,Exp_12_Mar_2020_1345pm,SW_Neo,656.257187523958,656.897189657299,3000.0,10,Whistle3262,/lustre/fsn1/projects/rech/vzf/uqe97pu/raw_data/all_categories/SW_NeoExp_12_Mar_2020_1345pm656.257187523958_656.897189657299.wav
916,Exp_10_Feb_2020_1545pm,SW_Neo,381.632012824229,382.729191346707,3300.0,3,Whistle1328,/lustre/fsn1/projects/rech/vzf/uqe97pu/raw_data/all_categories/SW_NeoExp_10_Feb_2020_1545pm381.632012824229_382.729191346707.wav
2167,Exp_27_Nov_2019_1145am,SW_Neo,222.60574201914,223.225744085814,3000.0,13,Whistle3452,/lustre/fsn1/projects/rech/vzf/uqe97pu/raw_data/all_categories/SW_NeoExp_27_Nov_2019_1145am222.60574201914_223.225744085814.wav
1553,Exp_08_Jan_2020_0945am,SW_Neo,1055.14398420836,1055.91471454544,3300.0,4,Whistle411,/lustre/fsn1/projects/rech/vzf/uqe97pu/raw_data/all_categories/SW_NeoExp_08_Jan_2020_0945am1055.14398420836_1055.91471454544.wav
1198,Exp_08_Dec_2019_1545pm,SW_Neo,802.188010457478,803.229321433088,3300.0,3,Whistle404,/lustre/fsn1/projects/rech/vzf/uqe97pu/raw_data/all_categories/SW_NeoExp_08_Dec_2019_1545pm802.188010457478_803.229321433088.wav
1821,Exp_04_Jan_2020_1345pm,SW_Neo,1364.15913623981,1364.75758676064,3300.0,7,Whistle123,/lustre/fsn1/projects/rech/vzf/uqe97pu/raw_data/all_categories/SW_NeoExp_04_Jan_2020_1345pm1364.15913623981_1364.75758676064.wav
23,Exp_07_Dec_2019_0845am,SW_Neo,105.480784412406,106.698276672468,3300.0,1,Whistle1169,/lustre/fsn1/projects/rech/vzf/uqe97pu/raw_data/all_categories/SW_NeoExp_07_Dec_2019_0845am105.480784412406_106.698276672468.wav
3040,Exp_19_Nov_2019_1545pm,SW_Nikita,923.73180273627,924.367988554655,3600.0,31,Whistle4693,/lustre/fsn1/projects/rech/vzf/uqe97pu/raw_data/all_categories/SW_NikitaExp_19_Nov_2019_1545pm923.73180273627_924.367988554655.wav
3194,Exp_23_Nov_2019_1145am,SW_Nikita,1344.05407212886,1344.56512732588,3000.0,32,Whistle4262,/lustre/fsn1/projects/rech/vzf/uqe97pu/raw_data/all_categories/SW_NikitaExp_23_Nov_2019_1145am1344.05407212886_1344.56512732588.wav
2799,Exp_27_Nov_2019_0945am,SW_Nikita,1705.20762723184,1706.35064843326,3000.0,25,Whistle4345,/lustre/fsn1/projects/rech/vzf/uqe97pu/raw_data/all_categories/SW_NikitaExp_27_Nov_2019_0945am1705.20762723184_1706.35064843326.wav
3177,Exp_17_Dec_2019_0945am,SW_Nikita,2962.88266602252,2963.35374220595,3300.0,32,Whistle4158,/lustre/fsn1/projects/rech/vzf/uqe97pu/raw_data/all_categories/SW_NikitaExp_17_Dec_2019_0945am2962.88266602252_2963.35374220595.wav
3344,Exp_05_Dec_2019_1145am,SW_Nikita,313.831046103487,314.030789693231,3000.0,34,Whistle3685,/lustre/fsn1/projects/rech/vzf/uqe97pu/raw_data/all_categories/SW_NikitaExp_05_Dec_2019_1145am313.831046103487_314.030789693231.wav
3563,Exp_01_Jan_2020_1245pm,SW_Nikita,1285.70174265827,1285.8082009916,3300.0,38,Whistle3813,/lustre/fsn1/projects/rech/vzf/uqe97pu/raw_data/all_categories/SW_NikitaExp_01_Jan_2020_1245pm1285.70174265827_1285.8082009916.wav
3102,Exp_07_Dec_2019_1145am,SW_Nikita,1082.56328049479,1083.04317523163,3300.0,32,Whistle3564,/lustre/fsn1/projects/rech/vzf/uqe97pu/raw_data/all_categories/SW_NikitaExp_07_Dec_2019_1145am1082.56328049479_1083.04317523163.wav
3594,Exp_14_Feb_2020_1345pm,SW_Nikita,761.575860580391,762.845844478696,3300.0,39,Whistle4388,/lustre/fsn1/projects/rech/vzf/uqe97pu/raw_data/all_categories/SW_NikitaExp_14_Feb_2020_1345pm761.575860580391_762.845844478696.wav
3340,Exp_03_Feb_2020_1545pm,SW_Nikita,274.955833199495,275.375723008731,3300.0,34,Whistle3671,/lustre/fsn1/projects/rech/vzf/uqe97pu/raw_data/all_categories/SW_NikitaExp_03_Feb_2020_1545pm274.955833199495_275.375723008731.wav
3296,Exp_17_Dec_2019_1245pm,SW_Nikita,2939.39426270614,2939.87491973599,3300.0,33,Whistle4793,/lustre/fsn1/projects/rech/vzf/uqe97pu/raw_data/all_categories/SW_NikitaExp_17_Dec_2019_1245pm2939.39426270614_2939.87491973599.wav
3550,Exp_13_Jan_2020_1045am,SW_Nikita,3254.38403011102,3254.74461277231,3300.0,37,Whistle3997,/lustre/fsn1/projects/rech/vzf/uqe97pu/raw_data/all_categories/SW_NikitaExp_13_Jan_2020_1045am3254.38403011102_3254.74461277231.wav
2901,Exp_09_Jan_2020_1245pm,SW_Nikita,3213.4265579386,3214.23599782037,3300.0,28,Whistle3783,/lustre/fsn1/projects/rech/vzf/uqe97pu/raw_data/all_categories/SW_NikitaExp_09_Jan_2020_1245pm3213.4265579386_3214.23599782037.wav
3390,Exp_21_Nov_2019_1145am,SW_Nikita,143.620141556534,143.929498699391,3600.0,34,Whistle4197,/lustre/fsn1/projects/rech/vzf/uqe97pu/raw_data/all_categories/SW_NikitaExp_21_Nov_2019_1145am143.620141556534_143.929498699391.wav
2832,Exp_17_Dec_2019_0945am,SW_Nikita,2504.31062579873,2505.01749785062,3300.0,25,Whistle4678,/lustre/fsn1/projects/rech/vzf/uqe97pu/raw_data/all_categories/SW_NikitaExp_17_Dec_2019_0945am2504.31062579873_2505.01749785062.wav
3472,Exp_22_Nov_2019_1145am,SW_Nikita,3485.7002433206,3486.30145260959,3600.0,35,Whistle3984,/lustre/fsn1/projects/rech/vzf/uqe97pu/raw_data/all_categories/SW_NikitaExp_22_Nov_2019_1145am3485.7002433206_3486.30145260959.wav
3267,Exp_15_Dec_2019_1245pm,SW_Nikita,2322.19068985542,2322.63343864418,3300.0,33,Whistle3873,/lustre/fsn1/projects/rech/vzf/uqe97pu/raw_data/all_categories/SW_NikitaExp_15_Dec_2019_1245pm2322.19068985542_2322.63343864418.wav
3303,Exp_16_Nov_2019_1345pm,SW_Nikita,96.7067057518044,97.5439288530702,3600.0,33,Whistle4963,/lustre/fsn1/projects/rech/vzf/uqe97pu/raw_data/all_categories/SW_NikitaExp_16_Nov_2019_1345pm96.7067057518044_97.5439288530702.wav
3290,Exp_11_Mar_2020_1145am,SW_Nikita,25.9920323576751,26.4165705701104,3000.0,33,Whistle4659,/lustre/fsn1/projects/rech/vzf/uqe97pu/raw_data/all_categories/SW_NikitaExp_11_Mar_2020_1145am25.9920323576751_26.4165705701104.wav
3576,Exp_04_Jan_2020_1345pm,SW_Nikita,556.371787621682,556.491481499233,3300.0,39,Whistle3818,/lustre/fsn1/projects/rech/vzf/uqe97pu/raw_data/all_categories/SW_NikitaExp_04_Jan_2020_1345pm556.371787621682_556.491481499233.wav
3497,Exp_06_Jan_2020_0845am,SW_Nikita,210.440637698902,210.94241852082,3300.0,36,Whistle3769,/lustre/fsn1/projects/rech/vzf/uqe97pu/raw_data/all_categories/SW_NikitaExp_06_Jan_2020_0845am210.440637698902_210.94241852082.wav
2830,Exp_28_Nov_2019_1345pm,SW_Nikita,250.40093709335,251.096526320323,3000.0,25,Whistle4575,/lustre/fsn1/projects/rech/vzf/uqe97pu/raw_data/all_categories/SW_NikitaExp_28_Nov_2019_1345pm250.40093709335_251.096526320323.wav
2925,Exp_07_Dec_2019_0945am,SW_Nikita,1258.46660657904,1258.86378288758,3300.0,29,Whistle3560,/lustre/fsn1/projects/rech/vzf/uqe97pu/raw_data/all_categories/SW_NikitaExp_07_Dec_2019_0945am1258.46660657904_1258.86378288758.wav
2956,Exp_07_Jan_2020_1545pm,SW_Nikita,561.907125149335,562.570996117077,3300.0,29,Whistle3751,/lustre/fsn1/projects/rech/vzf/uqe97pu/raw_data/all_categories/SW_NikitaExp_07_Jan_2020_1545pm561.907125149335_562.570996117077.wav
3054,Exp_16_Dec_2019_1345pm,SW_Nikita,204.940449593476,205.545087353893,3300.0,31,Whistle4920,/lustre/fsn1/projects/rech/vzf/uqe97pu/raw_data/all_categories/SW_NikitaExp_16_Dec_2019_1345pm204.940449593476_205.545087353893.wav
3348,Exp_07_Dec_2019_1245pm,SW_Nikita,2856.19554839852,2856.56315554138,3300.0,34,Whistle3696,/lustre/fsn1/projects/rech/vzf/uqe97pu/raw_data/all_categories/SW_NikitaExp_07_Dec_2019_1245pm2856.19554839852_2856.56315554138.wav
2790,Exp_23_Nov_2019_0945am,SW_Nikita,2353.76953400451,2354.92196906944,3000.0,25,Whistle4365,/lustre/fsn1/projects/rech/vzf/uqe97pu/raw_data/all_categories/SW_NikitaExp_23_Nov_2019_0945am2353.76953400451_2354.92196906944.wav
3051,Exp_14_Jan_2020_1045am,SW_Nikita,950.740231336019,951.299155177078,2194.90133333334,31,Whistle4892,/lustre/fsn1/projects/rech/vzf/uqe97pu/raw_data/all_categories/SW_NikitaExp_14_Jan_2020_1045am950.740231336019_951.299155177078.wav
3062,Exp_22_Nov_2019_1345pm,SW_Nikita,283.153939792781,283.914747485089,3600.0,31,Whistle5032,/lustre/fsn1/projects/rech/vzf/uqe97pu/raw_data/all_categories/SW_NikitaExp_22_Nov_2019_1345pm283.153939792781_283.914747485089.wav
3361,Exp_12_Dec_2019_1245pm,SW_Nikita,2848.55352357995,2848.89446329626,3300.0,34,Whistle3861,/lustre/fsn1/projects/rech/vzf/uqe97pu/raw_data/all_categories/SW_NikitaExp_12_Dec_2019_1245pm2848.55352357995_2848.89446329626.wav
3378,Exp_14_Jan_2020_0945am,SW_Nikita,3179.38975171767,3179.80289038954,3300.0,34,Whistle4076,/lustre/fsn1/projects/rech/vzf/uqe97pu/raw_data/all_categories/SW_NikitaExp_14_Jan_2020_0945am3179.38975171767_3179.80289038954.wav
2783,Exp_17_Dec_2019_0945am,SW_Nikita,2605.64803019477,2606.47277813259,3300.0,25,Whistle4149,/lustre/fsn1/projects/rech/vzf/uqe97pu/raw_data/all_categories/SW_NikitaExp_17_Dec_2019_0945am2605.64803019477_2606.47277813259.wav
3059,Exp_21_Nov_2019_1345pm,SW_Nikita,383.864612983962,384.45857014122,3600.0,31,Whistle5013,/lustre/fsn1/projects/rech/vzf/uqe97pu/raw_data/all_categories/SW_NikitaExp_21_Nov_2019_1345pm383.864612983962_384.45857014122.wav
2846,Exp_17_Dec_2019_0945am,SW_Nikita,2612.08919665277,2613.20110290277,3300.0,25,Whistle4531,/lustre/fsn1/projects/rech/vzf/uqe97pu/raw_data/all_categories/SW_NikitaExp_17_Dec_2019_0945am2612.08919665277_2613.20110290277.wav
3342,Exp_04_Jan_2020_0945am,SW_Nikita,796.852415916412,797.02909055756,3300.0,34,Whistle3679,/lustre/fsn1/projects/rech/vzf/uqe97pu/raw_data/all_categories/SW_NikitaExp_04_Jan_2020_0945am796.852415916412_797.02909055756.wav
3119,Exp_09_Dec_2019_1245pm,SW_Nikita,3156.63456555929,3157.11446029613,3300.0,32,Whistle3589,/lustre/fsn1/projects/rech/vzf/uqe97pu/raw_data/all_categories/SW_NikitaExp_09_Dec_2019_1245pm3156.63456555929_3157.11446029613.wav
2896,Exp_07_Dec_2019_0945am,SW_Nikita,835.717532477371,836.175952454007,3300.0,28,Whistle3775,/lustre/fsn1/projects/rech/vzf/uqe97pu/raw_data/all_categories/SW_NikitaExp_07_Dec_2019_0945am835.717532477371_836.175952454007.wav
3207,Exp_11_Mar_2020_0945am,SW_Nikita,599.302031352455,599.996412134182,3000.0,32,Whistle4383,/lustre/fsn1/projects/rech/vzf/uqe97pu/raw_data/all_categories/SW_NikitaExp_11_Mar_2020_0945am599.302031352455_599.996412134182.wav
3496,Exp_06_Jan_2020_0845am,SW_Nikita,247.710750638638,248.164398158881,3300.0,36,Whistle3766,/lustre/fsn1/projects/rech/vzf/uqe97pu/raw_data/all_categories/SW_NikitaExp_06_Jan_2020_0845am247.710750638638_248.164398158881.wav
3343,Exp_04_Jan_2020_1145am,SW_Nikita,141.623722868938,142.031826317214,3300.0,34,Whistle3680,/lustre/fsn1/projects/rech/vzf/uqe97pu/raw_data/all_categories/SW_NikitaExp_04_Jan_2020_1145am141.623722868938_142.031826317214.wav
2880,Exp_09_Jan_2020_1145am,SW_Nikita,169.758151036295,170.814903447871,3300.0,27,Whistle3852,/lustre/fsn1/projects/rech/vzf/uqe97pu/raw_data/all_categories/SW_NikitaExp_09_Jan_2020_1145am169.758151036295_170.814903447871.wav
3156,Exp_22_Nov_2019_1345pm,SW_Nikita,324.815133219895,325.433698437286,3600.0,32,Whistle3900,/lustre/fsn1/projects/rech/vzf/uqe97pu/raw_data/all_categories/SW_NikitaExp_22_Nov_2019_1345pm324.815133219895_325.433698437286.wav
3488,Exp_06_Dec_2019_1345pm,SW_Nikita,134.118848456905,134.603582447053,3000.0,36,Whistle3691,/lustre/fsn1/projects/rech/vzf/uqe97pu/raw_data/all_categories/SW_NikitaExp_06_Dec_2019_1345pm134.118848456905_134.603582447053.wav
3493,Exp_02_Feb_2020_1245pm,SW_Nikita,2721.48972520413,2721.8517328643,3300.0,36,Whistle3722,/lustre/fsn1/projects/rech/vzf/uqe97pu/raw_data/all_categories/SW_NikitaExp_02_Feb_2020_1245pm2721.48972520413_2721.8517328643.wav
3628,Exp_12_Mar_2020_1545pm,SW_Nikita,102.550856423321,102.74995552242,3000.0,39,Whistle4648,/lustre/fsn1/projects/rech/vzf/uqe97pu/raw_data/all_categories/SW_NikitaExp_12_Mar_2020_1545pm102.550856423321_102.74995552242.wav
3206,Exp_16_Jan_2020_0945am,SW_Nikita,2692.71270441866,2693.0662397722,3300.0,32,Whistle4359,/lustre/fsn1/projects/rech/vzf/uqe97pu/raw_data/all_categories/SW_NikitaExp_16_Jan_2020_0945am2692.71270441866_2693.0662397722.wav
2968,Exp_07_Dec_2019_0945am,SW_Nikita,665.62378036424,665.975708738895,3300.0,29,Whistle3792,/lustre/fsn1/projects/rech/vzf/uqe97pu/raw_data/all_categories/SW_NikitaExp_07_Dec_2019_0945am665.62378036424_665.975708738895.wav
3071,Exp_03_Mar_2020_1345pm,SW_Nikita,1781.58160357021,1782.07566996026,3000.0,32,Whistle3513,/lustre/fsn1/projects/rech/vzf/uqe97pu/raw_data/all_categories/SW_NikitaExp_03_Mar_2020_1345pm1781.58160357021_1782.07566996026.wav
2969,Exp_07_Dec_2019_0945am,SW_Nikita,100.987495028658,101.340136538092,3300.0,29,Whistle3793,/lustre/fsn1/projects/rech/vzf/uqe97pu/raw_data/all_categories/SW_NikitaExp_07_Dec_2019_0945am100.987495028658_101.340136538092.wav
3481,Exp_14_Dec_2019_0945am,SW_Nikita,287.736985987171,288.025615028119,3300.0,35,Whistle4826,/lustre/fsn1/projects/rech/vzf/uqe97pu/raw_data/all_categories/SW_NikitaExp_14_Dec_2019_0945am287.736985987171_288.025615028119.wav
3058,Exp_16_Dec_2019_1345pm,SW_Nikita,198.110390856788,198.750131820643,3300.0,31,Whistle4923,/lustre/fsn1/projects/rech/vzf/uqe97pu/raw_data/all_categories/SW_NikitaExp_16_Dec_2019_1345pm198.110390856788_198.750131820643.wav
3294,Exp_15_Feb_2020_1145am,SW_Nikita,1111.68630482327,1112.47343839727,3300.0,33,Whistle4762,/lustre/fsn1/projects/rech/vzf/uqe97pu/raw_data/all_categories/SW_NikitaExp_15_Feb_2020_1145am1111.68630482327_1112.47343839727.wav
2804,Exp_23_Nov_2019_0945am,SW_Nikita,2355.40679083621,2356.70278664158,3000.0,25,Whistle4248,/lustre/fsn1/projects/rech/vzf/uqe97pu/raw_data/all_categories/SW_NikitaExp_23_Nov_2019_0945am2355.40679083621_2356.70278664158.wav
3154,Exp_17_Jan_2020_0745am,SW_Nikita,1756.8168626279,1757.28321602297,3300.0,32,Whistle3884,/lustre/fsn1/projects/rech/vzf/uqe97pu/raw_data/all_categories/SW_NikitaExp_17_Jan_2020_0745am1756.8168626279_1757.28321602297.wav
2995,Exp_11_Jan_2020_1145am,SW_Nikita,387.282461753492,387.959378652501,3300.0,30,Whistle3993,/lustre/fsn1/projects/rech/vzf/uqe97pu/raw_data/all_categories/SW_NikitaExp_11_Jan_2020_1145am387.282461753492_387.959378652501.wav
3205,Exp_28_Nov_2019_0945am,SW_Nikita,1052.53574447248,1053.1887542764,3000.0,32,Whistle4309,/lustre/fsn1/projects/rech/vzf/uqe97pu/raw_data/all_categories/SW_NikitaExp_28_Nov_2019_0945am1052.53574447248_1053.1887542764.wav
3186,Exp_22_Nov_2019_1145am,SW_Nikita,696.201141189697,696.84816079754,3600.0,32,Whistle4204,/lustre/fsn1/projects/rech/vzf/uqe97pu/raw_data/all_categories/SW_NikitaExp_22_Nov_2019_1145am696.201141189697_696.84816079754.wav
3121,Exp_09_Dec_2019_1245pm,SW_Nikita,3172.82154302765,3173.35500707994,3300.0,32,Whistle3591,/lustre/fsn1/projects/rech/vzf/uqe97pu/raw_data/all_categories/SW_NikitaExp_09_Dec_2019_1245pm3172.82154302765_3173.35500707994.wav
3287,Exp_11_Dec_2019_1145am,SW_Nikita,41.8901281519035,42.7066907565936,3300.0,33,Whistle4578,/lustre/fsn1/projects/rech/vzf/uqe97pu/raw_data/all_categories/SW_NikitaExp_11_Dec_2019_1145am41.8901281519035_42.7066907565936.wav
2897,Exp_07_Dec_2019_1245pm,SW_Nikita,2695.43033248514,2696.04009626467,3300.0,28,Whistle3776,/lustre/fsn1/projects/rech/vzf/uqe97pu/raw_data/all_categories/SW_NikitaExp_07_Dec_2019_1245pm2695.43033248514_2696.04009626467.wav
2978,Exp_19_Nov_2019_1545pm,SW_Nikita,887.757465992961,888.347467631855,3600.0,29,Whistle4611,/lustre/fsn1/projects/rech/vzf/uqe97pu/raw_data/all_categories/SW_NikitaExp_19_Nov_2019_1545pm887.757465992961_888.347467631855.wav
2827,Exp_12_Dec_2019_1045am,SW_Nikita,2715.52516843768,2716.46318567906,3300.0,25,Whistle4422,/lustre/fsn1/projects/rech/vzf/uqe97pu/raw_data/all_categories/SW_NikitaExp_12_Dec_2019_1045am2715.52516843768_2716.46318567906.wav
3182,Exp_20_Nov_2019_1145am,SW_Nikita,528.109588710237,528.585966969082,3600.0,32,Whistle4187,/lustre/fsn1/projects/rech/vzf/uqe97pu/raw_data/all_categories/SW_NikitaExp_20_Nov_2019_1145am528.109588710237_528.585966969082.wav
3125,Exp_01_Mar_2020_1145am,SW_Nikita,769.773754057011,770.200773059386,3000.0,32,Whistle3595,/lustre/fsn1/projects/rech/vzf/uqe97pu/raw_data/all_categories/SW_NikitaExp_01_Mar_2020_1145am769.773754057011_770.200773059386.wav
3041,Exp_22_Nov_2019_1545pm,SW_Nikita,5.21214537413674,6.17402917043304,3000.0,31,Whistle4704,/lustre/fsn1/projects/rech/vzf/uqe97pu/raw_data/all_categories/SW_NikitaExp_22_Nov_2019_1545pm5.21214537413674_6.17402917043304.wav
3476,Exp_20_Nov_2019_1145am,SW_Nikita,460.732194544056,460.9945728296,3600.0,35,Whistle4612,/lustre/fsn1/projects/rech/vzf/uqe97pu/raw_data/all_categories/SW_NikitaExp_20_Nov_2019_1145am460.732194544056_460.9945728296.wav
2987,Exp_17_Jan_2020_0745am,SW_Nikita,1760.85868451217,1761.22208073858,3300.0,29,Whistle4992,/lustre/fsn1/projects/rech/vzf/uqe97pu/raw_data/all_categories/SW_NikitaExp_17_Jan_2020_0745am1760.85868451217_1761.22208073858.wav
3241,Exp_15_Feb_2020_1345pm,SW_Nikita,497.403430007769,498.042336257769,3300.0,32,Whistle4908,/lustre/fsn1/projects/rech/vzf/uqe97pu/raw_data/all_categories/SW_NikitaExp_15_Feb_2020_1345pm497.403430007769_498.042336257769.wav
2928,Exp_01_Jan_2020_1345pm,SW_Nikita,498.305375051618,498.966474421773,3300.0,29,Whistle3582,/lustre/fsn1/projects/rech/vzf/uqe97pu/raw_data/all_categories/SW_NikitaExp_01_Jan_2020_1345pm498.305375051618_498.966474421773.wav
3593,Exp_05_Feb_2020_1345pm,SW_Nikita,266.27934765715,266.955759140404,3300.0,39,Whistle3807,/lustre/fsn1/projects/rech/vzf/uqe97pu/raw_data/all_categories/SW_NikitaExp_05_Feb_2020_1345pm266.27934765715_266.955759140404.wav
3128,Exp_03_Jan_2020_1045am,SW_Nikita,2047.94120588244,2048.42110061928,3300.0,32,Whistle3608,/lustre/fsn1/projects/rech/vzf/uqe97pu/raw_data/all_categories/SW_NikitaExp_03_Jan_2020_1045am2047.94120588244_2048.42110061928.wav
3643,Exp_11_Dec_2019_1145am,SW_Nikita,822.072966217622,822.31089048564,3300.0,39,Whistle4822,/lustre/fsn1/projects/rech/vzf/uqe97pu/raw_data/all_categories/SW_NikitaExp_11_Dec_2019_1145am822.072966217622_822.31089048564.wav
3056,Exp_16_Dec_2019_1545pm,SW_Nikita,94.0973871877291,94.6917390627291,3300.0,31,Whistle4935,/lustre/fsn1/projects/rech/vzf/uqe97pu/raw_data/all_categories/SW_NikitaExp_16_Dec_2019_1545pm94.0973871877291_94.6917390627291.wav
2899,Exp_08_Jan_2020_1245pm,SW_Nikita,94.9629760062486,95.5269903431661,3300.0,28,Whistle3779,/lustre/fsn1/projects/rech/vzf/uqe97pu/raw_data/all_categories/SW_NikitaExp_08_Jan_2020_1245pm94.9629760062486_95.5269903431661.wav
3580,Exp_11_Mar_2020_1545pm,SW_Nikita,395.611318704396,396.351321171071,3000.0,39,Whistle4634,/lustre/fsn1/projects/rech/vzf/uqe97pu/raw_data/all_categories/SW_NikitaExp_11_Mar_2020_1545pm395.611318704396_396.351321171071.wav
3318,Exp_03_Jan_2020_1045am,SW_Nikita,3274.01992127249,3274.49981600933,3300.0,34,Whistle3609,/lustre/fsn1/projects/rech/vzf/uqe97pu/raw_data/all_categories/SW_NikitaExp_03_Jan_2020_1045am3274.01992127249_3274.49981600933.wav
2970,Exp_07_Jan_2020_0945am,SW_Nikita,2336.45678489622,2337.0597730803,3300.0,29,Whistle3830,/lustre/fsn1/projects/rech/vzf/uqe97pu/raw_data/all_categories/SW_NikitaExp_07_Jan_2020_0945am2336.45678489622_2337.0597730803.wav
2826,Exp_22_Nov_2019_1345pm,SW_Nikita,271.457261611069,272.84072314953,3600.0,25,Whistle4410,/lustre/fsn1/projects/rech/vzf/uqe97pu/raw_data/all_categories/SW_NikitaExp_22_Nov_2019_1345pm271.457261611069_272.84072314953.wav
3349,Exp_07_Dec_2019_1245pm,SW_Nikita,2962.54897742114,2963.028882465,3300.0,34,Whistle3698,/lustre/fsn1/projects/rech/vzf/uqe97pu/raw_data/all_categories/SW_NikitaExp_07_Dec_2019_1245pm2962.54897742114_2963.028882465.wav
2964,Exp_01_Jan_2020_0845am,SW_Nikita,2922.74208388844,2923.11499727427,3300.0,29,Whistle3765,/lustre/fsn1/projects/rech/vzf/uqe97pu/raw_data/all_categories/SW_NikitaExp_01_Jan_2020_0845am2922.74208388844_2923.11499727427.wav
3541,Exp_21_Nov_2019_0945am,SW_Nikita,449.603223623255,450.167298664374,3600.0,36,Whistle5009,/lustre/fsn1/projects/rech/vzf/uqe97pu/raw_data/all_categories/SW_NikitaExp_21_Nov_2019_0945am449.603223623255_450.167298664374.wav
3035,Exp_11_Jan_2020_1145am,SW_Nikita,397.330478235892,398.051123105835,3300.0,31,Whistle4835,/lustre/fsn1/projects/rech/vzf/uqe97pu/raw_data/all_categories/SW_NikitaExp_11_Jan_2020_1145am397.330478235892_398.051123105835.wav
3600,Exp_12_Dec_2019_1145am,SW_Nikita,397.964473079413,398.435673079413,3300.0,39,Whistle15674,/lustre/fsn1/projects/rech/vzf/uqe97pu/raw_data/all_categories/SW_NikitaExp_12_Dec_2019_1145am397.964473079413_398.435673079413.wav
3176,Exp_17_Dec_2019_0945am,SW_Nikita,2505.71472429986,2506.06118121596,3300.0,32,Whistle4144,/lustre/fsn1/projects/rech/vzf/uqe97pu/raw_data/all_categories/SW_NikitaExp_17_Dec_2019_0945am2505.71472429986_2506.06118121596.wav
3332,Exp_08_Feb_2020_1045am,SW_Nikita,3215.98132411326,3216.22127148168,3300.0,34,Whistle3640,/lustre/fsn1/projects/rech/vzf/uqe97pu/raw_data/all_categories/SW_NikitaExp_08_Feb_2020_1045am3215.98132411326_3216.22127148168.wav
3164,Exp_17_Dec_2019_0945am,SW_Nikita,2586.35348368504,2587.08915002954,3300.0,32,Whistle4146,/lustre/fsn1/projects/rech/vzf/uqe97pu/raw_data/all_categories/SW_NikitaExp_17_Dec_2019_0945am2586.35348368504_2587.08915002954.wav
3549,Exp_13_Dec_2019_1245pm,SW_Nikita,2774.7502946337,2775.05330428135,3300.0,37,Whistle3996,/lustre/fsn1/projects/rech/vzf/uqe97pu/raw_data/all_categories/SW_NikitaExp_13_Dec_2019_1245pm2774.7502946337_2775.05330428135.wav
3603,Exp_01_Jan_2020_1245pm,SW_Nikita,2721.96562538747,2722.77680039545,3300.0,39,Whistle3496,/lustre/fsn1/projects/rech/vzf/uqe97pu/raw_data/all_categories/SW_NikitaExp_01_Jan_2020_1245pm2721.96562538747_2722.77680039545.wav
3417,Exp_11_Feb_2020_0945am,SW_Nikita,791.827093388404,792.185426721737,3300.0,34,Whistle4563,/lustre/fsn1/projects/rech/vzf/uqe97pu/raw_data/all_categories/SW_NikitaExp_11_Feb_2020_0945am791.827093388404_792.185426721737.wav
3544,Exp_05_Dec_2019_1145am,SW_Nikita,354.696183653945,354.983910926673,3000.0,37,Whistle3682,/lustre/fsn1/projects/rech/vzf/uqe97pu/raw_data/all_categories/SW_NikitaExp_05_Dec_2019_1145am354.696183653945_354.983910926673.wav
2836,Exp_13_Feb_2020_1345pm,SW_Nikita,425.50179036799,426.090930705414,3300.0,25,Whistle4875,/lustre/fsn1/projects/rech/vzf/uqe97pu/raw_data/all_categories/SW_NikitaExp_13_Feb_2020_1345pm425.50179036799_426.090930705414.wav
3503,Exp_13_Dec_2019_0945am,SW_Nikita,432.69496337303,433.096304375075,3300.0,36,Whistle3865,/lustre/fsn1/projects/rech/vzf/uqe97pu/raw_data/all_categories/SW_NikitaExp_13_Dec_2019_0945am432.69496337303_433.096304375075.wav
3233,Exp_11_Jan_2020_1345pm,SW_Nikita,376.129283439677,376.688635917155,3300.0,32,Whistle4837,/lustre/fsn1/projects/rech/vzf/uqe97pu/raw_data/all_categories/SW_NikitaExp_11_Jan_2020_1345pm376.129283439677_376.688635917155.wav
2971,Exp_22_Nov_2019_1345pm,SW_Nikita,301.753958821586,302.086173586687,3600.0,29,Whistle3898,/lustre/fsn1/projects/rech/vzf/uqe97pu/raw_data/all_categories/SW_NikitaExp_22_Nov_2019_1345pm301.753958821586_302.086173586687.wav
3478,Exp_12_Dec_2019_1245pm,SW_Nikita,3048.56198419382,3048.81862406521,3300.0,35,Whistle4653,/lustre/fsn1/projects/rech/vzf/uqe97pu/raw_data/all_categories/SW_NikitaExp_12_Dec_2019_1245pm3048.56198419382_3048.81862406521.wav
3585,Exp_14_Dec_2019_0945am,SW_Nikita,1940.91588156328,1941.1608823057,3300.0,39,Whistle4759,/lustre/fsn1/projects/rech/vzf/uqe97pu/raw_data/all_categories/SW_NikitaExp_14_Dec_2019_0945am1940.91588156328_1941.1608823057.wav
2870,Exp_09_Jan_2020_1245pm,SW_Nikita,1196.81474024377,1197.51859699308,3300.0,27,Whistle3809,/lustre/fsn1/projects/rech/vzf/uqe97pu/raw_data/all_categories/SW_NikitaExp_09_Jan_2020_1245pm1196.81474024377_1197.51859699308.wav
3094,Exp_06_Jan_2020_0845am,SW_Nikita,270.103060750708,270.663247666596,3300.0,32,Whistle3553,/lustre/fsn1/projects/rech/vzf/uqe97pu/raw_data/all_categories/SW_NikitaExp_06_Jan_2020_0845am270.103060750708_270.663247666596.wav
3571,Exp_11_Mar_2020_1145am,SW_Nikita,980.986113545291,981.250889750742,3000.0,38,Whistle4633,/lustre/fsn1/projects/rech/vzf/uqe97pu/raw_data/all_categories/SW_NikitaExp_11_Mar_2020_1145am980.986113545291_981.250889750742.wav
3627,Exp_22_Nov_2019_1345pm,SW_Nikita,347.996861495534,348.261337372727,3600.0,39,Whistle4626,/lustre/fsn1/projects/rech/vzf/uqe97pu/raw_data/all_categories/SW_NikitaExp_22_Nov_2019_1345pm347.996861495534_348.261337372727.wav
3319,Exp_03_Jan_2020_1045am,SW_Nikita,3274.71223859716,3275.27583988333,3300.0,34,Whistle3611,/lustre/fsn1/projects/rech/vzf/uqe97pu/raw_data/all_categories/SW_NikitaExp_03_Jan_2020_1045am3274.71223859716_3275.27583988333.wav
3543,Exp_23_Nov_2019_1345pm,SW_Nikita,1721.73203802382,1722.30129894336,3000.0,36,Whistle5066,/lustre/fsn1/projects/rech/vzf/uqe97pu/raw_data/all_categories/SW_NikitaExp_23_Nov_2019_1345pm1721.73203802382_1722.30129894336.wav
3448,Exp_19_Nov_2019_1545pm,SW_Nikita,885.327892160029,885.668765472823,3600.0,34,Whistle5004,/lustre/fsn1/projects/rech/vzf/uqe97pu/raw_data/all_categories/SW_NikitaExp_19_Nov_2019_1545pm885.327892160029_885.668765472823.wav
3393,Exp_22_Nov_2019_1145am,SW_Nikita,3556.94965573722,3557.45563850336,3600.0,34,Whistle4221,/lustre/fsn1/projects/rech/vzf/uqe97pu/raw_data/all_categories/SW_NikitaExp_22_Nov_2019_1145am3556.94965573722_3557.45563850336.wav
3528,Exp_28_Nov_2019_1345pm,SW_Nikita,191.021227111646,191.507491661911,3000.0,36,Whistle4562,/lustre/fsn1/projects/rech/vzf/uqe97pu/raw_data/all_categories/SW_NikitaExp_28_Nov_2019_1345pm191.021227111646_191.507491661911.wav
3329,Exp_07_Jan_2020_1345pm,SW_Nikita,150.225455228652,150.705349965494,3300.0,34,Whistle3637,/lustre/fsn1/projects/rech/vzf/uqe97pu/raw_data/all_categories/SW_NikitaExp_07_Jan_2020_1345pm150.225455228652_150.705349965494.wav
3427,Exp_28_Nov_2019_0945am,SW_Nikita,264.009945843844,264.492518537694,3000.0,34,Whistle4716,/lustre/fsn1/projects/rech/vzf/uqe97pu/raw_data/all_categories/SW_NikitaExp_28_Nov_2019_0945am264.009945843844_264.492518537694.wav
2975,Exp_26_Nov_2019_1145am,SW_Nikita,1015.95811992695,1016.4415121531,3000.0,29,Whistle4348,/lustre/fsn1/projects/rech/vzf/uqe97pu/raw_data/all_categories/SW_NikitaExp_26_Nov_2019_1145am1015.95811992695_1016.4415121531.wav
3611,Exp_05_Feb_2020_1345pm,SW_Nikita,390.395345717694,390.940232595522,3300.0,39,Whistle3808,/lustre/fsn1/projects/rech/vzf/uqe97pu/raw_data/all_categories/SW_NikitaExp_05_Feb_2020_1345pm390.395345717694_390.940232595522.wav
3312,Exp_02_Jan_2020_1345pm,SW_Nikita,2069.37627083718,2069.70115633337,3300.0,34,Whistle3601,/lustre/fsn1/projects/rech/vzf/uqe97pu/raw_data/all_categories/SW_NikitaExp_02_Jan_2020_1345pm2069.37627083718_2069.70115633337.wav
3411,Exp_12_Dec_2019_1045am,SW_Nikita,1896.16542225539,1897.06717282804,3300.0,34,Whistle4446,/lustre/fsn1/projects/rech/vzf/uqe97pu/raw_data/all_categories/SW_NikitaExp_12_Dec_2019_1045am1896.16542225539_1897.06717282804.wav
3633,Exp_17_Jan_2020_1245pm,SW_Nikita,4.89501483337828,5.14501559095634,3300.0,39,Whistle4744,/lustre/fsn1/projects/rech/vzf/uqe97pu/raw_data/all_categories/SW_NikitaExp_17_Jan_2020_1245pm4.89501483337828_5.14501559095634.wav
2856,Exp_09_Feb_2020_1345pm,SW_Nikita,689.704299322565,690.961968034222,3300.0,26,Whistle3498,/lustre/fsn1/projects/rech/vzf/uqe97pu/raw_data/all_categories/SW_NikitaExp_09_Feb_2020_1345pm689.704299322565_690.961968034222.wav
3025,Exp_23_Nov_2019_1345pm,SW_Nikita,323.518565629459,324.484890337792,3000.0,31,Whistle4282,/lustre/fsn1/projects/rech/vzf/uqe97pu/raw_data/all_categories/SW_NikitaExp_23_Nov_2019_1345pm323.518565629459_324.484890337792.wav
3142,Exp_09_Feb_2020_1545pm,SW_Nikita,16.8734976292916,17.3091989262011,3300.0,32,Whistle3658,/lustre/fsn1/projects/rech/vzf/uqe97pu/raw_data/all_categories/SW_NikitaExp_09_Feb_2020_1545pm16.8734976292916_17.3091989262011.wav
2973,Exp_13_Feb_2020_1345pm,SW_Nikita,398.39608073856,399.00873905971,3300.0,29,Whistle4065,/lustre/fsn1/projects/rech/vzf/uqe97pu/raw_data/all_categories/SW_NikitaExp_13_Feb_2020_1345pm398.39608073856_399.00873905971.wav
2934,Exp_06_Dec_2019_0945am,SW_Nikita,272.187645387672,272.490806571882,3000.0,29,Whistle3688,/lustre/fsn1/projects/rech/vzf/uqe97pu/raw_data/all_categories/SW_NikitaExp_06_Dec_2019_0945am272.187645387672_272.490806571882.wav
3076,Exp_05_Dec_2019_1145am,SW_Nikita,346.16615388718,346.646048624022,3000.0,32,Whistle3527,/lustre/fsn1/projects/rech/vzf/uqe97pu/raw_data/all_categories/SW_NikitaExp_05_Dec_2019_1145am346.16615388718_346.646048624022.wav
3225,Exp_17_Jan_2020_1345pm,SW_Nikita,320.923057557741,321.565855416538,3300.0,32,Whistle4687,/lustre/fsn1/projects/rech/vzf/uqe97pu/raw_data/all_categories/SW_NikitaExp_17_Jan_2020_1345pm320.923057557741_321.565855416538.wav
2838,Exp_15_Jan_2020_1045am,SW_Nikita,2471.94428628904,2473.18311519759,3300.0,25,Whistle4913,/lustre/fsn1/projects/rech/vzf/uqe97pu/raw_data/all_categories/SW_NikitaExp_15_Jan_2020_1045am2471.94428628904_2473.18311519759.wav
3092,Exp_01_Jan_2020_0845am,SW_Nikita,2925.39886484504,2925.87875958189,3300.0,32,Whistle3551,/lustre/fsn1/projects/rech/vzf/uqe97pu/raw_data/all_categories/SW_NikitaExp_01_Jan_2020_0845am2925.39886484504_2925.87875958189.wav
2952,Exp_07_Dec_2019_1245pm,SW_Nikita,2953.90762079198,2954.56814821814,3300.0,29,Whistle3746,/lustre/fsn1/projects/rech/vzf/uqe97pu/raw_data/all_categories/SW_NikitaExp_07_Dec_2019_1245pm2953.90762079198_2954.56814821814.wav
3279,Exp_23_Nov_2019_1345pm,SW_Nikita,2136.94842819121,2137.95016479835,3000.0,33,Whistle4278,/lustre/fsn1/projects/rech/vzf/uqe97pu/raw_data/all_categories/SW_NikitaExp_23_Nov_2019_1345pm2136.94842819121_2137.95016479835.wav
3530,Exp_15_Jan_2020_1045am,SW_Nikita,766.498237382126,766.854627184758,3300.0,36,Whistle4603,/lustre/fsn1/projects/rech/vzf/uqe97pu/raw_data/all_categories/SW_NikitaExp_15_Jan_2020_1045am766.498237382126_766.854627184758.wav
3297,Exp_17_Dec_2019_1245pm,SW_Nikita,3281.51624805137,3281.82503808715,3300.0,33,Whistle4795,/lustre/fsn1/projects/rech/vzf/uqe97pu/raw_data/all_categories/SW_NikitaExp_17_Dec_2019_1245pm3281.51624805137_3281.82503808715.wav
3050,Exp_14_Feb_2020_1345pm,SW_Nikita,444.752348746907,445.250597628339,3300.0,31,Whistle4888,/lustre/fsn1/projects/rech/vzf/uqe97pu/raw_data/all_categories/SW_NikitaExp_14_Feb_2020_1345pm444.752348746907_445.250597628339.wav
3607,Exp_17_Dec_2019_0845am,SW_Nikita,1277.19887029961,1277.92887251173,3300.0,39,Whistle15683,/lustre/fsn1/projects/rech/vzf/uqe97pu/raw_data/all_categories/SW_NikitaExp_17_Dec_2019_0845am1277.19887029961_1277.92887251173.wav
2823,Exp_16_Feb_2020_0945am,SW_Nikita,1187.50059050143,1188.41769987643,3300.0,25,Whistle4523,/lustre/fsn1/projects/rech/vzf/uqe97pu/raw_data/all_categories/SW_NikitaExp_16_Feb_2020_0945am1187.50059050143_1188.41769987643.wav
3336,Exp_09_Jan_2020_1145am,SW_Nikita,573.095036119083,573.403041045191,3300.0,34,Whistle3661,/lustre/fsn1/projects/rech/vzf/uqe97pu/raw_data/all_categories/SW_NikitaExp_09_Jan_2020_1145am573.095036119083_573.403041045191.wav
3260,Exp_01_Jan_2020_1245pm,SW_Nikita,1959.710938518,1960.19083325484,3300.0,33,Whistle3574,/lustre/fsn1/projects/rech/vzf/uqe97pu/raw_data/all_categories/SW_NikitaExp_01_Jan_2020_1245pm1959.710938518_1960.19083325484.wav
3453,Exp_05_Dec_2019_1145am,SW_Nikita,363.754369898777,364.081106740882,3000.0,35,Whistle3614,/lustre/fsn1/projects/rech/vzf/uqe97pu/raw_data/all_categories/SW_NikitaExp_05_Dec_2019_1145am363.754369898777_364.081106740882.wav
2825,Exp_16_Jan_2020_1045am,SW_Nikita,1651.14153447461,1652.22497462984,3300.0,25,Whistle4529,/lustre/fsn1/projects/rech/vzf/uqe97pu/raw_data/all_categories/SW_NikitaExp_16_Jan_2020_1045am1651.14153447461_1652.22497462984.wav
3599,Exp_17_Dec_2019_0945am,SW_Nikita,5.0600153333798,5.35001621217034,3300.0,39,Whistle15673,/lustre/fsn1/projects/rech/vzf/uqe97pu/raw_data/all_categories/SW_NikitaExp_17_Dec_2019_0945am5.0600153333798_5.35001621217034.wav
3424,Exp_22_Nov_2019_1545pm,SW_Nikita,1.27826209676119,1.75396992196444,3000.0,34,Whistle4703,/lustre/fsn1/projects/rech/vzf/uqe97pu/raw_data/all_categories/SW_NikitaExp_22_Nov_2019_1545pm1.27826209676119_1.75396992196444.wav
3357,Exp_09_Feb_2020_1545pm,SW_Nikita,3004.73858663469,3005.21826643765,3300.0,34,Whistle3714,/lustre/fsn1/projects/rech/vzf/uqe97pu/raw_data/all_categories/SW_NikitaExp_09_Feb_2020_1545pm3004.73858663469_3005.21826643765.wav
3074,Exp_05_Dec_2019_1145am,SW_Nikita,466.180333842819,466.574065900236,3000.0,32,Whistle3522,/lustre/fsn1/projects/rech/vzf/uqe97pu/raw_data/all_categories/SW_NikitaExp_05_Dec_2019_1145am466.180333842819_466.574065900236.wav
3560,Exp_06_Dec_2019_1145am,SW_Nikita,405.958707579998,406.276180741762,3000.0,38,Whistle3791,/lustre/fsn1/projects/rech/vzf/uqe97pu/raw_data/all_categories/SW_NikitaExp_06_Dec_2019_1145am405.958707579998_406.276180741762.wav
3564,Exp_01_Jan_2020_1245pm,SW_Nikita,2742.70331122216,2742.83545998249,3300.0,38,Whistle3816,/lustre/fsn1/projects/rech/vzf/uqe97pu/raw_data/all_categories/SW_NikitaExp_01_Jan_2020_1245pm2742.70331122216_2742.83545998249.wav
3104,Exp_07_Dec_2019_1245pm,SW_Nikita,3011.1331193567,3011.67739257804,3300.0,32,Whistle3567,/lustre/fsn1/projects/rech/vzf/uqe97pu/raw_data/all_categories/SW_NikitaExp_07_Dec_2019_1245pm3011.1331193567_3011.67739257804.wav
2809,Exp_24_Nov_2019_1245pm,SW_Nikita,2698.13045471894,2699.30805212154,3000.0,25,Whistle4372,/lustre/fsn1/projects/rech/vzf/uqe97pu/raw_data/all_categories/SW_NikitaExp_24_Nov_2019_1245pm2698.13045471894_2699.30805212154.wav
3410,Exp_17_Dec_2019_0945am,SW_Nikita,2519.72791386696,2520.11751937771,3300.0,34,Whistle4435,/lustre/fsn1/projects/rech/vzf/uqe97pu/raw_data/all_categories/SW_NikitaExp_17_Dec_2019_0945am2519.72791386696_2520.11751937771.wav
3014,Exp_16_Dec_2019_1345pm,SW_Nikita,193.312885246291,194.061758029979,3300.0,31,Whistle4113,/lustre/fsn1/projects/rech/vzf/uqe97pu/raw_data/all_categories/SW_NikitaExp_16_Dec_2019_1345pm193.312885246291_194.061758029979.wav
3415,Exp_15_Dec_2019_1245pm,SW_Nikita,2042.61068468824,2043.11959941692,3300.0,34,Whistle4509,/lustre/fsn1/projects/rech/vzf/uqe97pu/raw_data/all_categories/SW_NikitaExp_15_Dec_2019_1245pm2042.61068468824_2043.11959941692.wav
3202,Exp_27_Nov_2019_1145am,SW_Nikita,472.701258237038,473.192061655842,3000.0,32,Whistle4302,/lustre/fsn1/projects/rech/vzf/uqe97pu/raw_data/all_categories/SW_NikitaExp_27_Nov_2019_1145am472.701258237038_473.192061655842.wav
3642,Exp_12_Dec_2019_1245pm,SW_Nikita,3116.14046715736,3116.36915726153,3300.0,39,Whistle4812,/lustre/fsn1/projects/rech/vzf/uqe97pu/raw_data/all_categories/SW_NikitaExp_12_Dec_2019_1245pm3116.14046715736_3116.36915726153.wav
3065,Exp_02_Jan_2020_1345pm,SW_Nikita,2328.89205724866,2329.3719519855,3300.0,32,Whistle3505,/lustre/fsn1/projects/rech/vzf/uqe97pu/raw_data/all_categories/SW_NikitaExp_02_Jan_2020_1345pm2328.89205724866_2329.3719519855.wav
3007,Exp_02_Jan_2020_1345pm,SW_Nikita,2520.66763838678,2521.32581448741,3300.0,31,Whistle3503,/lustre/fsn1/projects/rech/vzf/uqe97pu/raw_data/all_categories/SW_NikitaExp_02_Jan_2020_1345pm2520.66763838678_2521.32581448741.wav
2793,Exp_15_Jan_2020_1045am,SW_Nikita,2465.23089326424,2465.96242479577,3300.0,25,Whistle4331,/lustre/fsn1/projects/rech/vzf/uqe97pu/raw_data/all_categories/SW_NikitaExp_15_Jan_2020_1045am2465.23089326424_2465.96242479577.wav
2791,Exp_21_Nov_2019_1145am,SW_Nikita,92.3804035672022,93.1351288553228,3600.0,25,Whistle4199,/lustre/fsn1/projects/rech/vzf/uqe97pu/raw_data/all_categories/SW_NikitaExp_21_Nov_2019_1145am92.3804035672022_93.1351288553228.wav
3426,Exp_23_Nov_2019_1345pm,SW_Nikita,2151.13529854552,2151.58011902645,3000.0,34,Whistle4712,/lustre/fsn1/projects/rech/vzf/uqe97pu/raw_data/all_categories/SW_NikitaExp_23_Nov_2019_1345pm2151.13529854552_2151.58011902645.wav
3257,Exp_28_Nov_2019_1345pm,SW_Nikita,1909.02653881592,1909.63169354826,3000.0,32,Whistle5076,/lustre/fsn1/projects/rech/vzf/uqe97pu/raw_data/all_categories/SW_NikitaExp_28_Nov_2019_1345pm1909.02653881592_1909.63169354826.wav
3273,Exp_23_Nov_2019_1145am,SW_Nikita,327.379305013941,327.838873728176,3000.0,33,Whistle4005,/lustre/fsn1/projects/rech/vzf/uqe97pu/raw_data/all_categories/SW_NikitaExp_23_Nov_2019_1145am327.379305013941_327.838873728176.wav
3185,Exp_21_Nov_2019_1145am,SW_Nikita,2266.82947585524,2267.57749548665,3600.0,32,Whistle4194,/lustre/fsn1/projects/rech/vzf/uqe97pu/raw_data/all_categories/SW_NikitaExp_21_Nov_2019_1145am2266.82947585524_2267.57749548665.wav
2869,Exp_07_Dec_2019_1245pm,SW_Nikita,481.886460868063,483.59643154255,3300.0,27,Whistle3486,/lustre/fsn1/projects/rech/vzf/uqe97pu/raw_data/all_categories/SW_NikitaExp_07_Dec_2019_1245pm481.886460868063_483.59643154255.wav
2837,Exp_14_Jan_2020_1045am,SW_Nikita,964.886631965259,965.905627277759,2194.90133333334,25,Whistle4894,/lustre/fsn1/projects/rech/vzf/uqe97pu/raw_data/all_categories/SW_NikitaExp_14_Jan_2020_1045am964.886631965259_965.905627277759.wav
3291,Exp_16_Nov_2019_1345pm,SW_Nikita,14.6222068800955,15.1051173229676,3600.0,33,Whistle4674,/lustre/fsn1/projects/rech/vzf/uqe97pu/raw_data/all_categories/SW_NikitaExp_16_Nov_2019_1345pm14.6222068800955_15.1051173229676.wav
3377,Exp_13_Jan_2020_1145am,SW_Nikita,1001.55453574279,1001.97211512043,3300.0,34,Whistle4072,/lustre/fsn1/projects/rech/vzf/uqe97pu/raw_data/all_categories/SW_NikitaExp_13_Jan_2020_1145am1001.55453574279_1001.97211512043.wav
2842,Exp_16_Feb_2020_1345pm,SW_Nikita,185.312477109157,186.511138697699,3300.0,25,Whistle4942,/lustre/fsn1/projects/rech/vzf/uqe97pu/raw_data/all_categories/SW_NikitaExp_16_Feb_2020_1345pm185.312477109157_186.511138697699.wav
3504,Exp_22_Nov_2019_1545pm,SW_Nikita,6.91212618599424,7.43492622433779,3000.0,36,Whistle3905,/lustre/fsn1/projects/rech/vzf/uqe97pu/raw_data/all_categories/SW_NikitaExp_22_Nov_2019_1545pm6.91212618599424_7.43492622433779.wav
3385,Exp_16_Jan_2020_1045am,SW_Nikita,1651.9702892265,1652.35989512928,3300.0,34,Whistle4132,/lustre/fsn1/projects/rech/vzf/uqe97pu/raw_data/all_categories/SW_NikitaExp_16_Jan_2020_1045am1651.9702892265_1652.35989512928.wav
3171,Exp_15_Feb_2020_1345pm,SW_Nikita,341.605553685152,342.15708538318,3300.0,32,Whistle4097,/lustre/fsn1/projects/rech/vzf/uqe97pu/raw_data/all_categories/SW_NikitaExp_15_Feb_2020_1345pm341.605553685152_342.15708538318.wav
3026,Exp_23_Nov_2019_1545pm,SW_Nikita,2402.17677663672,2402.88597588632,3000.0,31,Whistle4284,/lustre/fsn1/projects/rech/vzf/uqe97pu/raw_data/all_categories/SW_NikitaExp_23_Nov_2019_1545pm2402.17677663672_2402.88597588632.wav
3066,Exp_03_Feb_2020_0845am,SW_Nikita,2963.99167702989,2964.45618683381,3300.0,32,Whistle3507,/lustre/fsn1/projects/rech/vzf/uqe97pu/raw_data/all_categories/SW_NikitaExp_03_Feb_2020_0845am2963.99167702989_2964.45618683381.wav
3338,Exp_02_Feb_2020_1245pm,SW_Nikita,1104.98334843439,1105.28834935863,3300.0,34,Whistle3666,/lustre/fsn1/projects/rech/vzf/uqe97pu/raw_data/all_categories/SW_NikitaExp_02_Feb_2020_1245pm1104.98334843439_1105.28834935863.wav
2765,Exp_07_Dec_2019_1245pm,SW_Nikita,2704.05819411574,2705.07815522001,3300.0,25,Whistle3487,/lustre/fsn1/projects/rech/vzf/uqe97pu/raw_data/all_categories/SW_NikitaExp_07_Dec_2019_1245pm2704.05819411574_2705.07815522001.wav
2814,Exp_22_Nov_2019_1345pm,SW_Nikita,24.4219036768727,25.4385266276924,3600.0,25,Whistle4409,/lustre/fsn1/projects/rech/vzf/uqe97pu/raw_data/all_categories/SW_NikitaExp_22_Nov_2019_1345pm24.4219036768727_25.4385266276924.wav
3010,Exp_17_Dec_2019_0945am,SW_Nikita,3255.11184668347,3255.65996031983,3300.0,31,Whistle3882,/lustre/fsn1/projects/rech/vzf/uqe97pu/raw_data/all_categories/SW_NikitaExp_17_Dec_2019_0945am3255.11184668347_3255.65996031983.wav
3216,Exp_14_Dec_2019_0945am,SW_Nikita,286.061266639272,286.685848161011,3300.0,32,Whistle4592,/lustre/fsn1/projects/rech/vzf/uqe97pu/raw_data/all_categories/SW_NikitaExp_14_Dec_2019_0945am286.061266639272_286.685848161011.wav
3079,Exp_05_Dec_2019_1145am,SW_Nikita,799.674787995381,800.198132046828,3000.0,32,Whistle3531,/lustre/fsn1/projects/rech/vzf/uqe97pu/raw_data/all_categories/SW_NikitaExp_05_Dec_2019_1145am799.674787995381_800.198132046828.wav
3122,Exp_09_Feb_2020_1345pm,SW_Nikita,1070.57456835743,1071.05809776919,3300.0,32,Whistle3592,/lustre/fsn1/projects/rech/vzf/uqe97pu/raw_data/all_categories/SW_NikitaExp_09_Feb_2020_1345pm1070.57456835743_1071.05809776919.wav
2857,Exp_09_Mar_2020_1545pm,SW_Nikita,293.9659798866,295.275951949179,3000.0,26,Whistle3501,/lustre/fsn1/projects/rech/vzf/uqe97pu/raw_data/all_categories/SW_NikitaExp_09_Mar_2020_1545pm293.9659798866_295.275951949179.wav
2958,Exp_08_Jan_2020_1245pm,SW_Nikita,65.7411032299268,66.4351782668,3300.0,29,Whistle3753,/lustre/fsn1/projects/rech/vzf/uqe97pu/raw_data/all_categories/SW_NikitaExp_08_Jan_2020_1245pm65.7411032299268_66.4351782668.wav
3330,Exp_01_Jan_2020_1345pm,SW_Nikita,1078.54497311485,1078.94822514737,3300.0,34,Whistle3638,/lustre/fsn1/projects/rech/vzf/uqe97pu/raw_data/all_categories/SW_NikitaExp_01_Jan_2020_1345pm1078.54497311485_1078.94822514737.wav
3610,Exp_17_Nov_2019_1545pm,SW_Nikita,1053.47292631368,1053.9179275498,3600.0,39,Whistle15686,/lustre/fsn1/projects/rech/vzf/uqe97pu/raw_data/all_categories/SW_NikitaExp_17_Nov_2019_1545pm1053.47292631368_1053.9179275498.wav
3192,Exp_22_Nov_2019_1345pm,SW_Nikita,280.495280550756,281.163162129703,3600.0,32,Whistle4235,/lustre/fsn1/projects/rech/vzf/uqe97pu/raw_data/all_categories/SW_NikitaExp_22_Nov_2019_1345pm280.495280550756_281.163162129703.wav
3566,Exp_11_Mar_2020_1145am,SW_Nikita,210.827592388104,210.968641077243,3000.0,38,Whistle3854,/lustre/fsn1/projects/rech/vzf/uqe97pu/raw_data/all_categories/SW_NikitaExp_11_Mar_2020_1145am210.827592388104_210.968641077243.wav
2785,Exp_19_Nov_2019_1345pm,SW_Nikita,425.561488804791,426.381062280401,3600.0,25,Whistle4182,/lustre/fsn1/projects/rech/vzf/uqe97pu/raw_data/all_categories/SW_NikitaExp_19_Nov_2019_1345pm425.561488804791_426.381062280401.wav
2844,Exp_17_Feb_2020_1045am,SW_Nikita,3171.62461158973,3172.77342384842,3300.0,25,Whistle4978,/lustre/fsn1/projects/rech/vzf/uqe97pu/raw_data/all_categories/SW_NikitaExp_17_Feb_2020_1045am3171.62461158973_3172.77342384842.wav
2770,Exp_03_Jan_2020_1045am,SW_Nikita,3282.24994742408,3282.90001151722,3300.0,25,Whistle3610,/lustre/fsn1/projects/rech/vzf/uqe97pu/raw_data/all_categories/SW_NikitaExp_03_Jan_2020_1045am3282.24994742408_3282.90001151722.wav
3467,Exp_02_Jan_2020_1245pm,SW_Nikita,3281.48496226298,3281.91321896796,3300.0,35,Whistle3822,/lustre/fsn1/projects/rech/vzf/uqe97pu/raw_data/all_categories/SW_NikitaExp_02_Jan_2020_1245pm3281.48496226298_3281.91321896796.wav
2999,Exp_15_Dec_2019_1245pm,SW_Nikita,2342.42552494698,2343.35706204945,3300.0,30,Whistle4505,/lustre/fsn1/projects/rech/vzf/uqe97pu/raw_data/all_categories/SW_NikitaExp_15_Dec_2019_1245pm2342.42552494698_2343.35706204945.wav
3141,Exp_09_Dec_2019_1245pm,SW_Nikita,3052.47424992197,3052.95414465881,3300.0,32,Whistle3651,/lustre/fsn1/projects/rech/vzf/uqe97pu/raw_data/all_categories/SW_NikitaExp_09_Dec_2019_1245pm3052.47424992197_3052.95414465881.wav
3551,Exp_28_Nov_2019_1345pm,SW_Nikita,236.841308038726,237.232540015151,3000.0,37,Whistle4560,/lustre/fsn1/projects/rech/vzf/uqe97pu/raw_data/all_categories/SW_NikitaExp_28_Nov_2019_1345pm236.841308038726_237.232540015151.wav
3442,Exp_16_Nov_2019_1045am,SW_Nikita,3242.49681429136,3242.94463332122,3600.0,34,Whistle4961,/lustre/fsn1/projects/rech/vzf/uqe97pu/raw_data/all_categories/SW_NikitaExp_16_Nov_2019_1045am3242.49681429136_3242.94463332122.wav
2878,Exp_07_Dec_2019_1345pm,SW_Nikita,956.427898872421,957.976931130485,3300.0,27,Whistle3847,/lustre/fsn1/projects/rech/vzf/uqe97pu/raw_data/all_categories/SW_NikitaExp_07_Dec_2019_1345pm956.427898872421_957.976931130485.wav
3046,Exp_11_Jan_2020_1145am,SW_Nikita,389.807784431827,390.386743967084,3300.0,31,Whistle4833,/lustre/fsn1/projects/rech/vzf/uqe97pu/raw_data/all_categories/SW_NikitaExp_11_Jan_2020_1145am389.807784431827_390.386743967084.wav
3072,Exp_03_Mar_2020_1345pm,SW_Nikita,1801.26173394767,1801.70510910731,3000.0,32,Whistle3514,/lustre/fsn1/projects/rech/vzf/uqe97pu/raw_data/all_categories/SW_NikitaExp_03_Mar_2020_1345pm1801.26173394767_1801.70510910731.wav
2789,Exp_23_Nov_2019_0945am,SW_Nikita,2355.8158071414,2357.02544436538,3000.0,25,Whistle4245,/lustre/fsn1/projects/rech/vzf/uqe97pu/raw_data/all_categories/SW_NikitaExp_23_Nov_2019_0945am2355.8158071414_2357.02544436538.wav
2815,Exp_26_Nov_2019_1345pm,SW_Nikita,19.5218796220312,20.338134448286,3000.0,25,Whistle4417,/lustre/fsn1/projects/rech/vzf/uqe97pu/raw_data/all_categories/SW_NikitaExp_26_Nov_2019_1345pm19.5218796220312_20.338134448286.wav
3172,Exp_15_Jan_2020_1045am,SW_Nikita,791.662462252954,792.062462252954,3300.0,32,Whistle4107,/lustre/fsn1/projects/rech/vzf/uqe97pu/raw_data/all_categories/SW_NikitaExp_15_Jan_2020_1045am791.662462252954_792.062462252954.wav
3353,Exp_01_Jan_2020_1245pm,SW_Nikita,2715.17822781281,2715.43859623386,3300.0,34,Whistle3704,/lustre/fsn1/projects/rech/vzf/uqe97pu/raw_data/all_categories/SW_NikitaExp_01_Jan_2020_1245pm2715.17822781281_2715.43859623386.wav
3060,Exp_22_Nov_2019_1145am,SW_Nikita,3447.08491607119,3447.62866555036,3600.0,31,Whistle5017,/lustre/fsn1/projects/rech/vzf/uqe97pu/raw_data/all_categories/SW_NikitaExp_22_Nov_2019_1145am3447.08491607119_3447.62866555036.wav
3123,Exp_09_Feb_2020_1545pm,SW_Nikita,17.7300537274355,18.2099484642776,3300.0,32,Whistle3593,/lustre/fsn1/projects/rech/vzf/uqe97pu/raw_data/all_categories/SW_NikitaExp_09_Feb_2020_1545pm17.7300537274355_18.2099484642776.wav
2841,Exp_22_Nov_2019_1345pm,SW_Nikita,273.99800386118,275.160737661348,3600.0,25,Whistle5031,/lustre/fsn1/projects/rech/vzf/uqe97pu/raw_data/all_categories/SW_NikitaExp_22_Nov_2019_1345pm273.99800386118_275.160737661348.wav
3454,Exp_05_Jan_2020_1045am,SW_Nikita,953.562889584514,953.797890296637,3300.0,35,Whistle3619,/lustre/fsn1/projects/rech/vzf/uqe97pu/raw_data/all_categories/SW_NikitaExp_05_Jan_2020_1045am953.562889584514_953.797890296637.wav
3130,Exp_05_Feb_2020_1345pm,SW_Nikita,20.43459946976,20.8170457452155,3300.0,32,Whistle3617,/lustre/fsn1/projects/rech/vzf/uqe97pu/raw_data/all_categories/SW_NikitaExp_05_Feb_2020_1345pm20.43459946976_20.8170457452155.wav
3314,Exp_02_Jan_2020_1345pm,SW_Nikita,2276.20189758151,2276.58176424817,3300.0,34,Whistle3603,/lustre/fsn1/projects/rech/vzf/uqe97pu/raw_data/all_categories/SW_NikitaExp_02_Jan_2020_1345pm2276.20189758151_2276.58176424817.wav
3237,Exp_12_Dec_2019_1045am,SW_Nikita,1471.73456967209,1472.50378908137,3300.0,32,Whistle4858,/lustre/fsn1/projects/rech/vzf/uqe97pu/raw_data/all_categories/SW_NikitaExp_12_Dec_2019_1045am1471.73456967209_1472.50378908137.wav
3539,Exp_17_Dec_2019_1345pm,SW_Nikita,1101.22980137839,1101.7722458414,3300.0,36,Whistle4976,/lustre/fsn1/projects/rech/vzf/uqe97pu/raw_data/all_categories/SW_NikitaExp_17_Dec_2019_1345pm1101.22980137839_1101.7722458414.wav
3483,Exp_03_Jan_2020_1045am,SW_Nikita,3279.07993781799,3279.67373203021,3300.0,36,Whistle3675,/lustre/fsn1/projects/rech/vzf/uqe97pu/raw_data/all_categories/SW_NikitaExp_03_Jan_2020_1045am3279.07993781799_3279.67373203021.wav
3168,Exp_22_Nov_2019_1145am,SW_Nikita,1273.72242935042,1274.32454594306,3600.0,32,Whistle4211,/lustre/fsn1/projects/rech/vzf/uqe97pu/raw_data/all_categories/SW_NikitaExp_22_Nov_2019_1145am1273.72242935042_1274.32454594306.wav
3020,Exp_22_Nov_2019_1145am,SW_Nikita,57.1793549868661,57.8984918489076,3600.0,31,Whistle4206,/lustre/fsn1/projects/rech/vzf/uqe97pu/raw_data/all_categories/SW_NikitaExp_22_Nov_2019_1145am57.1793549868661_57.8984918489076.wav
3293,Exp_21_Nov_2019_0945am,SW_Nikita,3077.93539585893,3078.51118348029,3600.0,33,Whistle4697,/lustre/fsn1/projects/rech/vzf/uqe97pu/raw_data/all_categories/SW_NikitaExp_21_Nov_2019_0945am3077.93539585893_3078.51118348029.wav
3274,Exp_11_Mar_2020_0945am,SW_Nikita,454.43674908224,455.196394042973,3000.0,33,Whistle4025,/lustre/fsn1/projects/rech/vzf/uqe97pu/raw_data/all_categories/SW_NikitaExp_11_Mar_2020_0945am454.43674908224_455.196394042973.wav
3520,Exp_17_Jan_2020_1945pm,SW_Nikita,2126.41699615387,2126.84187115387,3300.0,36,Whistle4407,/lustre/fsn1/projects/rech/vzf/uqe97pu/raw_data/all_categories/SW_NikitaExp_17_Jan_2020_1945pm2126.41699615387_2126.84187115387.wav
3259,Exp_01_Feb_2020_0945am,SW_Nikita,901.071749586424,901.697682600778,3300.0,33,Whistle3545,/lustre/fsn1/projects/rech/vzf/uqe97pu/raw_data/all_categories/SW_NikitaExp_01_Feb_2020_0945am901.071749586424_901.697682600778.wav
3471,Exp_07_Dec_2019_0945am,SW_Nikita,584.903122761571,585.234940943389,3300.0,35,Whistle3829,/lustre/fsn1/projects/rech/vzf/uqe97pu/raw_data/all_categories/SW_NikitaExp_07_Dec_2019_0945am584.903122761571_585.234940943389.wav
3569,Exp_15_Dec_2019_1245pm,SW_Nikita,2355.51749616795,2355.78036909613,3300.0,38,Whistle4506,/lustre/fsn1/projects/rech/vzf/uqe97pu/raw_data/all_categories/SW_NikitaExp_15_Dec_2019_1245pm2355.51749616795_2355.78036909613.wav
3254,Exp_22_Nov_2019_1345pm,SW_Nikita,278.155157845855,278.870007555907,3600.0,32,Whistle5038,/lustre/fsn1/projects/rech/vzf/uqe97pu/raw_data/all_categories/SW_NikitaExp_22_Nov_2019_1345pm278.155157845855_278.870007555907.wav
3069,Exp_03_Jan_2020_1045am,SW_Nikita,2696.2381704187,2696.5181704187,3300.0,32,Whistle3510,/lustre/fsn1/projects/rech/vzf/uqe97pu/raw_data/all_categories/SW_NikitaExp_03_Jan_2020_1045am2696.2381704187_2696.5181704187.wav
3363,Exp_12_Dec_2019_1045am,SW_Nikita,3065.56431420573,3066.10611015168,3300.0,34,Whistle4044,/lustre/fsn1/projects/rech/vzf/uqe97pu/raw_data/all_categories/SW_NikitaExp_12_Dec_2019_1045am3065.56431420573_3066.10611015168.wav
3247,Exp_16_Feb_2020_1345pm,SW_Nikita,751.572139590337,752.039572663254,3300.0,32,Whistle4944,/lustre/fsn1/projects/rech/vzf/uqe97pu/raw_data/all_categories/SW_NikitaExp_16_Feb_2020_1345pm751.572139590337_752.039572663254.wav
3004,Exp_16_Feb_2020_1345pm,SW_Nikita,1906.60721684275,1906.99403462881,3300.0,30,Whistle4946,/lustre/fsn1/projects/rech/vzf/uqe97pu/raw_data/all_categories/SW_NikitaExp_16_Feb_2020_1345pm1906.60721684275_1906.99403462881.wav
3227,Exp_23_Nov_2019_1345pm,SW_Nikita,558.604546132528,559.252381928915,3000.0,32,Whistle4710,/lustre/fsn1/projects/rech/vzf/uqe97pu/raw_data/all_categories/SW_NikitaExp_23_Nov_2019_1345pm558.604546132528_559.252381928915.wav
3525,Exp_15_Dec_2019_1245pm,SW_Nikita,44.2160223810558,44.7496525180421,3300.0,36,Whistle4497,/lustre/fsn1/projects/rech/vzf/uqe97pu/raw_data/all_categories/SW_NikitaExp_15_Dec_2019_1245pm44.2160223810558_44.7496525180421.wav
2767,Exp_08_Jan_2020_1345pm,SW_Nikita,703.062130491305,704.087081471697,3300.0,25,Whistle3489,/lustre/fsn1/projects/rech/vzf/uqe97pu/raw_data/all_categories/SW_NikitaExp_08_Jan_2020_1345pm703.062130491305_704.087081471697.wav
2991,Exp_13_Jan_2020_1045am,SW_Nikita,3263.37837392653,3263.953121144,3300.0,30,Whistle3868,/lustre/fsn1/projects/rech/vzf/uqe97pu/raw_data/all_categories/SW_NikitaExp_13_Jan_2020_1045am3263.37837392653_3263.953121144.wav
2915,Exp_04_Jan_2020_1345pm,SW_Nikita,586.159639337704,586.683505508708,3300.0,29,Whistle3517,/lustre/fsn1/projects/rech/vzf/uqe97pu/raw_data/all_categories/SW_NikitaExp_04_Jan_2020_1345pm586.159639337704_586.683505508708.wav
3464,Exp_02_Feb_2020_1545pm,SW_Nikita,321.764659289239,322.168487040435,3300.0,35,Whistle3668,/lustre/fsn1/projects/rech/vzf/uqe97pu/raw_data/all_categories/SW_NikitaExp_02_Feb_2020_1545pm321.764659289239_322.168487040435.wav
3184,Exp_21_Nov_2019_0945am,SW_Nikita,3085.66089026998,3086.4400450832,3600.0,32,Whistle4191,/lustre/fsn1/projects/rech/vzf/uqe97pu/raw_data/all_categories/SW_NikitaExp_21_Nov_2019_0945am3085.66089026998_3086.4400450832.wav
2861,Exp_14_Feb_2020_1345pm,SW_Nikita,443.76441610657,444.47275804082,3300.0,26,Whistle4074,/lustre/fsn1/projects/rech/vzf/uqe97pu/raw_data/all_categories/SW_NikitaExp_14_Feb_2020_1345pm443.76441610657_444.47275804082.wav
2959,Exp_08_Jan_2020_1345pm,SW_Nikita,286.477519333798,287.279617548083,3300.0,29,Whistle3754,/lustre/fsn1/projects/rech/vzf/uqe97pu/raw_data/all_categories/SW_NikitaExp_08_Jan_2020_1345pm286.477519333798_287.279617548083.wav
3158,Exp_11_Feb_2020_0945am,SW_Nikita,874.76234878988,875.414455288637,3300.0,32,Whistle4008,/lustre/fsn1/projects/rech/vzf/uqe97pu/raw_data/all_categories/SW_NikitaExp_11_Feb_2020_0945am874.76234878988_875.414455288637.wav
3428,Exp_28_Nov_2019_0945am,SW_Nikita,292.151622387226,292.485908101512,3000.0,34,Whistle4721,/lustre/fsn1/projects/rech/vzf/uqe97pu/raw_data/all_categories/SW_NikitaExp_28_Nov_2019_0945am292.151622387226_292.485908101512.wav
3135,Exp_07_Dec_2019_1245pm,SW_Nikita,2960.38397086052,2960.86386559736,3300.0,32,Whistle3631,/lustre/fsn1/projects/rech/vzf/uqe97pu/raw_data/all_categories/SW_NikitaExp_07_Dec_2019_1245pm2960.38397086052_2960.86386559736.wav
3217,Exp_14_Feb_2020_1345pm,SW_Nikita,128.203401139377,128.754966411554,3300.0,32,Whistle4597,/lustre/fsn1/projects/rech/vzf/uqe97pu/raw_data/all_categories/SW_NikitaExp_14_Feb_2020_1345pm128.203401139377_128.754966411554.wav
3491,Exp_08_Dec_2019_1545pm,SW_Nikita,1066.05323046433,1066.53312520118,3300.0,36,Whistle3709,/lustre/fsn1/projects/rech/vzf/uqe97pu/raw_data/all_categories/SW_NikitaExp_08_Dec_2019_1545pm1066.05323046433_1066.53312520118.wav
3266,Exp_12_Dec_2019_1245pm,SW_Nikita,2860.3567715831,2860.91572386804,3300.0,33,Whistle3859,/lustre/fsn1/projects/rech/vzf/uqe97pu/raw_data/all_categories/SW_NikitaExp_12_Dec_2019_1245pm2860.3567715831_2860.91572386804.wav
3588,Exp_08_Jan_2020_1345pm,SW_Nikita,706.333230470244,707.142123410059,3300.0,39,Whistle15638,/lustre/fsn1/projects/rech/vzf/uqe97pu/raw_data/all_categories/SW_NikitaExp_08_Jan_2020_1345pm706.333230470244_707.142123410059.wav
2762,Exp_02_Jan_2020_1345pm,SW_Nikita,2330.45706380928,2331.43394324191,3300.0,25,Whistle3482,/lustre/fsn1/projects/rech/vzf/uqe97pu/raw_data/all_categories/SW_NikitaExp_02_Jan_2020_1345pm2330.45706380928_2331.43394324191.wav
3115,Exp_08_Jan_2020_1245pm,SW_Nikita,2114.50676326571,2115.05562851394,3300.0,32,Whistle3583,/lustre/fsn1/projects/rech/vzf/uqe97pu/raw_data/all_categories/SW_NikitaExp_08_Jan_2020_1245pm2114.50676326571_2115.05562851394.wav
3261,Exp_01_Jan_2020_1345pm,SW_Nikita,1100.10813494758,1100.67758376648,3300.0,33,Whistle3708,/lustre/fsn1/projects/rech/vzf/uqe97pu/raw_data/all_categories/SW_NikitaExp_01_Jan_2020_1345pm1100.10813494758_1100.67758376648.wav
3019,Exp_12_Dec_2019_0945am,SW_Nikita,1256.11385208145,1256.6331482186,3300.0,31,Whistle4460,/lustre/fsn1/projects/rech/vzf/uqe97pu/raw_data/all_categories/SW_NikitaExp_12_Dec_2019_0945am1256.11385208145_1256.6331482186.wav
3382,Exp_15_Feb_2020_1345pm,SW_Nikita,356.400871445427,356.836350867717,3300.0,34,Whistle4098,/lustre/fsn1/projects/rech/vzf/uqe97pu/raw_data/all_categories/SW_NikitaExp_15_Feb_2020_1345pm356.400871445427_356.836350867717.wav
2918,Exp_05_Dec_2019_1145am,SW_Nikita,320.43152647409,320.688990242206,3000.0,29,Whistle3523,/lustre/fsn1/projects/rech/vzf/uqe97pu/raw_data/all_categories/SW_NikitaExp_05_Dec_2019_1145am320.43152647409_320.688990242206.wav
3276,Exp_12_Dec_2019_1245pm,SW_Nikita,3032.73488393808,3033.19534499132,3300.0,33,Whistle4049,/lustre/fsn1/projects/rech/vzf/uqe97pu/raw_data/all_categories/SW_NikitaExp_12_Dec_2019_1245pm3032.73488393808_3033.19534499132.wav
3587,Exp_08_Jan_2020_1345pm,SW_Nikita,647.145636665031,647.603949202909,3300.0,39,Whistle15637,/lustre/fsn1/projects/rech/vzf/uqe97pu/raw_data/all_categories/SW_NikitaExp_08_Jan_2020_1345pm647.145636665031_647.603949202909.wav
3572,Exp_14_Feb_2020_1345pm,SW_Nikita,763.264564287585,763.416530433419,3300.0,38,Whistle4666,/lustre/fsn1/projects/rech/vzf/uqe97pu/raw_data/all_categories/SW_NikitaExp_14_Feb_2020_1345pm763.264564287585_763.416530433419.wav
3088,Exp_06_Dec_2019_0945am,SW_Nikita,305.256417452234,305.548639674457,3000.0,32,Whistle3543,/lustre/fsn1/projects/rech/vzf/uqe97pu/raw_data/all_categories/SW_NikitaExp_06_Dec_2019_0945am305.256417452234_305.548639674457.wav
3345,Exp_01_Jan_2020_0845am,SW_Nikita,2923.61885945109,2923.94853571008,3300.0,34,Whistle3690,/lustre/fsn1/projects/rech/vzf/uqe97pu/raw_data/all_categories/SW_NikitaExp_01_Jan_2020_0845am2923.61885945109_2923.94853571008.wav
3445,Exp_17_Jan_2020_0745am,SW_Nikita,216.702275372672,217.034346493361,3300.0,34,Whistle4990,/lustre/fsn1/projects/rech/vzf/uqe97pu/raw_data/all_categories/SW_NikitaExp_17_Jan_2020_0745am216.702275372672_217.034346493361.wav
3191,Exp_22_Nov_2019_1245pm,SW_Nikita,3415.00775162875,3415.68097836486,3600.0,32,Whistle4226,/lustre/fsn1/projects/rech/vzf/uqe97pu/raw_data/all_categories/SW_NikitaExp_22_Nov_2019_1245pm3415.00775162875_3415.68097836486.wav
3281,Exp_27_Nov_2019_0945am,SW_Nikita,1705.83302824463,1706.43338860499,3000.0,33,Whistle4346,/lustre/fsn1/projects/rech/vzf/uqe97pu/raw_data/all_categories/SW_NikitaExp_27_Nov_2019_0945am1705.83302824463_1706.43338860499.wav
3475,Exp_11_Mar_2020_0945am,SW_Nikita,584.788711662276,585.056775246091,3000.0,35,Whistle4582,/lustre/fsn1/projects/rech/vzf/uqe97pu/raw_data/all_categories/SW_NikitaExp_11_Mar_2020_0945am584.788711662276_585.056775246091.wav
3112,Exp_07_Jan_2020_1345pm,SW_Nikita,56.7211688660754,57.1897320844662,3300.0,32,Whistle3577,/lustre/fsn1/projects/rech/vzf/uqe97pu/raw_data/all_categories/SW_NikitaExp_07_Jan_2020_1345pm56.7211688660754_57.1897320844662.wav
3242,Exp_15_Feb_2020_1345pm,SW_Nikita,1814.08205985433,1814.57061304582,3300.0,32,Whistle4909,/lustre/fsn1/projects/rech/vzf/uqe97pu/raw_data/all_categories/SW_NikitaExp_15_Feb_2020_1345pm1814.08205985433_1814.57061304582.wav
3418,Exp_22_Nov_2019_1245pm,SW_Nikita,3337.88065816864,3338.10801418958,3600.0,34,Whistle4622,/lustre/fsn1/projects/rech/vzf/uqe97pu/raw_data/all_categories/SW_NikitaExp_22_Nov_2019_1245pm3337.88065816864_3338.10801418958.wav
3412,Exp_13_Jan_2020_1045am,SW_Nikita,3255.3104176633,3255.57905158168,3300.0,34,Whistle4469,/lustre/fsn1/projects/rech/vzf/uqe97pu/raw_data/all_categories/SW_NikitaExp_13_Jan_2020_1045am3255.3104176633_3255.57905158168.wav
2972,Exp_13_Dec_2019_1245pm,SW_Nikita,3255.27123272051,3255.61315778511,3300.0,29,Whistle4057,/lustre/fsn1/projects/rech/vzf/uqe97pu/raw_data/all_categories/SW_NikitaExp_13_Dec_2019_1245pm3255.27123272051_3255.61315778511.wav
3208,Exp_12_Dec_2019_1045am,SW_Nikita,2716.8232340098,2717.37881827064,3300.0,32,Whistle4585,/lustre/fsn1/projects/rech/vzf/uqe97pu/raw_data/all_categories/SW_NikitaExp_12_Dec_2019_1045am2716.8232340098_2717.37881827064.wav
2839,Exp_17_Dec_2019_0945am,SW_Nikita,2619.13586897715,2620.13790077927,3300.0,25,Whistle4479,/lustre/fsn1/projects/rech/vzf/uqe97pu/raw_data/all_categories/SW_NikitaExp_17_Dec_2019_0945am2619.13586897715_2620.13790077927.wav
2908,Exp_07_Jan_2020_1045am,SW_Nikita,2044.09992840038,2044.74311579673,3300.0,28,Whistle3849,/lustre/fsn1/projects/rech/vzf/uqe97pu/raw_data/all_categories/SW_NikitaExp_07_Jan_2020_1045am2044.09992840038_2044.74311579673.wav
3595,Exp_28_Nov_2019_0945am,SW_Nikita,510.396701322338,510.946703155677,3000.0,39,Whistle15667,/lustre/fsn1/projects/rech/vzf/uqe97pu/raw_data/all_categories/SW_NikitaExp_28_Nov_2019_0945am510.396701322338_510.946703155677.wav
2820,Exp_17_Dec_2019_0945am,SW_Nikita,2605.13304034211,2606.49285852392,3300.0,25,Whistle4476,/lustre/fsn1/projects/rech/vzf/uqe97pu/raw_data/all_categories/SW_NikitaExp_17_Dec_2019_0945am2605.13304034211_2606.49285852392.wav
3299,Exp_19_Nov_2019_0045am,SW_Nikita,3094.91441015814,3095.69745504385,3600.0,33,Whistle4803,/lustre/fsn1/projects/rech/vzf/uqe97pu/raw_data/all_categories/SW_NikitaExp_19_Nov_2019_0045am3094.91441015814_3095.69745504385.wav
3634,Exp_16_Nov_2019_1345pm,SW_Nikita,190.352510493142,190.636890436645,3600.0,39,Whistle4752,/lustre/fsn1/projects/rech/vzf/uqe97pu/raw_data/all_categories/SW_NikitaExp_16_Nov_2019_1345pm190.352510493142_190.636890436645.wav
3558,Exp_05_Dec_2019_1145am,SW_Nikita,770.607568691896,770.853884481369,3000.0,38,Whistle3686,/lustre/fsn1/projects/rech/vzf/uqe97pu/raw_data/all_categories/SW_NikitaExp_05_Dec_2019_1145am770.607568691896_770.853884481369.wav
3137,Exp_01_Jan_2020_1245pm,SW_Nikita,2726.00512590104,2726.56872718722,3300.0,32,Whistle3635,/lustre/fsn1/projects/rech/vzf/uqe97pu/raw_data/all_categories/SW_NikitaExp_01_Jan_2020_1245pm2726.00512590104_2726.56872718722.wav
3086,Exp_01_Feb_2020_0945am,SW_Nikita,1046.25341010871,1046.85813943942,3300.0,32,Whistle3539,/lustre/fsn1/projects/rech/vzf/uqe97pu/raw_data/all_categories/SW_NikitaExp_01_Feb_2020_0945am1046.25341010871_1046.85813943942.wav
2893,Exp_07_Dec_2019_0845am,SW_Nikita,1681.70919113639,1682.31760921549,3300.0,28,Whistle3772,/lustre/fsn1/projects/rech/vzf/uqe97pu/raw_data/all_categories/SW_NikitaExp_07_Dec_2019_0845am1681.70919113639_1682.31760921549.wav
3222,Exp_15_Feb_2020_1345pm,SW_Nikita,642.940923014679,643.496784902791,3300.0,32,Whistle4668,/lustre/fsn1/projects/rech/vzf/uqe97pu/raw_data/all_categories/SW_NikitaExp_15_Feb_2020_1345pm642.940923014679_643.496784902791.wav
3302,Exp_16_Nov_2019_1045am,SW_Nikita,2851.30291106473,2851.587880881,3600.0,33,Whistle4962,/lustre/fsn1/projects/rech/vzf/uqe97pu/raw_data/all_categories/SW_NikitaExp_16_Nov_2019_1045am2851.30291106473_2851.587880881.wav
3224,Exp_17_Jan_2020_1345pm,SW_Nikita,284.241473133881,284.710687379376,3300.0,32,Whistle4686,/lustre/fsn1/projects/rech/vzf/uqe97pu/raw_data/all_categories/SW_NikitaExp_17_Jan_2020_1345pm284.241473133881_284.710687379376.wav
3213,Exp_15_Dec_2019_1245pm,SW_Nikita,2088.29449569074,2088.73996152925,3300.0,32,Whistle4501,/lustre/fsn1/projects/rech/vzf/uqe97pu/raw_data/all_categories/SW_NikitaExp_15_Dec_2019_1245pm2088.29449569074_2088.73996152925.wav
3391,Exp_22_Nov_2019_1145am,SW_Nikita,1272.01875757201,1272.45393527538,3600.0,34,Whistle4210,/lustre/fsn1/projects/rech/vzf/uqe97pu/raw_data/all_categories/SW_NikitaExp_22_Nov_2019_1145am1272.01875757201_1272.45393527538.wav
3452,Exp_23_Nov_2019_1145am,SW_Nikita,215.077766244269,215.651139587072,3000.0,34,Whistle5055,/lustre/fsn1/projects/rech/vzf/uqe97pu/raw_data/all_categories/SW_NikitaExp_23_Nov_2019_1145am215.077766244269_215.651139587072.wav
3500,Exp_02_Feb_2020_1245pm,SW_Nikita,2723.003251525,2723.46504256978,3300.0,36,Whistle3786,/lustre/fsn1/projects/rech/vzf/uqe97pu/raw_data/all_categories/SW_NikitaExp_02_Feb_2020_1245pm2723.003251525_2723.46504256978.wav
3189,Exp_22_Nov_2019_1145am,SW_Nikita,76.9405169209865,77.6337152174275,3600.0,32,Whistle4220,/lustre/fsn1/projects/rech/vzf/uqe97pu/raw_data/all_categories/SW_NikitaExp_22_Nov_2019_1145am76.9405169209865_77.6337152174275.wav
3245,Exp_16_Dec_2019_1145am,SW_Nikita,418.724849968032,419.409489458255,3300.0,32,Whistle4918,/lustre/fsn1/projects/rech/vzf/uqe97pu/raw_data/all_categories/SW_NikitaExp_16_Dec_2019_1145am418.724849968032_419.409489458255.wav
3052,Exp_15_Feb_2020_1345pm,SW_Nikita,327.936403891501,328.475801223635,3300.0,31,Whistle4906,/lustre/fsn1/projects/rech/vzf/uqe97pu/raw_data/all_categories/SW_NikitaExp_15_Feb_2020_1345pm327.936403891501_328.475801223635.wav
2932,Exp_02_Feb_2020_1245pm,SW_Nikita,1052.58724742761,1053.17685852505,3300.0,29,Whistle3599,/lustre/fsn1/projects/rech/vzf/uqe97pu/raw_data/all_categories/SW_NikitaExp_02_Feb_2020_1245pm1052.58724742761_1053.17685852505.wav
3209,Exp_17_Feb_2020_1345pm,SW_Nikita,2138.98331457311,2139.60505625766,3300.0,32,Whistle4437,/lustre/fsn1/projects/rech/vzf/uqe97pu/raw_data/all_categories/SW_NikitaExp_17_Feb_2020_1345pm2138.98331457311_2139.60505625766.wav
3120,Exp_09_Dec_2019_1245pm,SW_Nikita,3159.05149496845,3159.54292550101,3300.0,32,Whistle3590,/lustre/fsn1/projects/rech/vzf/uqe97pu/raw_data/all_categories/SW_NikitaExp_09_Dec_2019_1245pm3159.05149496845_3159.54292550101.wav
3091,Exp_06_Dec_2019_1345pm,SW_Nikita,226.222394423898,226.831285099139,3000.0,32,Whistle3550,/lustre/fsn1/projects/rech/vzf/uqe97pu/raw_data/all_categories/SW_NikitaExp_06_Dec_2019_1345pm226.222394423898_226.831285099139.wav
3559,Exp_01_Feb_2020_1345pm,SW_Nikita,356.425101894569,356.68785321732,3300.0,38,Whistle3788,/lustre/fsn1/projects/rech/vzf/uqe97pu/raw_data/all_categories/SW_NikitaExp_01_Feb_2020_1345pm356.425101894569_356.68785321732.wav
2850,Exp_23_Nov_2019_1345pm,SW_Nikita,99.7617432345343,100.94619311661,3000.0,25,Whistle5063,/lustre/fsn1/projects/rech/vzf/uqe97pu/raw_data/all_categories/SW_NikitaExp_23_Nov_2019_1345pm99.7617432345343_100.94619311661.wav
3592,Exp_09_Mar_2020_1545pm,SW_Nikita,526.717406780181,527.916525554127,3000.0,39,Whistle3500,/lustre/fsn1/projects/rech/vzf/uqe97pu/raw_data/all_categories/SW_NikitaExp_09_Mar_2020_1545pm526.717406780181_527.916525554127.wav
2941,Exp_05_Dec_2019_1145am,SW_Nikita,333.249651590226,333.825106135681,3000.0,29,Whistle3731,/lustre/fsn1/projects/rech/vzf/uqe97pu/raw_data/all_categories/SW_NikitaExp_05_Dec_2019_1145am333.249651590226_333.825106135681.wav
3228,Exp_27_Nov_2019_1145am,SW_Nikita,503.895949816707,504.304553566707,3000.0,32,Whistle4722,/lustre/fsn1/projects/rech/vzf/uqe97pu/raw_data/all_categories/SW_NikitaExp_27_Nov_2019_1145am503.895949816707_504.304553566707.wav
3553,Exp_11_Mar_2020_1145am,SW_Nikita,475.716585721952,475.951586505288,3000.0,37,Whistle4753,/lustre/fsn1/projects/rech/vzf/uqe97pu/raw_data/all_categories/SW_NikitaExp_11_Mar_2020_1145am475.716585721952_475.951586505288.wav
2829,Exp_21_Nov_2019_1145am,SW_Nikita,93.4971342708426,94.6502345726683,3600.0,25,Whistle4543,/lustre/fsn1/projects/rech/vzf/uqe97pu/raw_data/all_categories/SW_NikitaExp_21_Nov_2019_1145am93.4971342708426_94.6502345726683.wav
2891,Exp_06_Jan_2020_0845am,SW_Nikita,233.142696721702,233.907279804031,3300.0,28,Whistle3768,/lustre/fsn1/projects/rech/vzf/uqe97pu/raw_data/all_categories/SW_NikitaExp_06_Jan_2020_0845am233.142696721702_233.907279804031.wav
3093,Exp_01_Jan_2020_0845am,SW_Nikita,2574.35446246742,2574.98428872225,3300.0,32,Whistle3552,/lustre/fsn1/projects/rech/vzf/uqe97pu/raw_data/all_categories/SW_NikitaExp_01_Jan_2020_0845am2574.35446246742_2574.98428872225.wav
3440,Exp_16_Dec_2019_1345pm,SW_Nikita,202.220212187468,202.662302596273,3300.0,34,Whistle4919,/lustre/fsn1/projects/rech/vzf/uqe97pu/raw_data/all_categories/SW_NikitaExp_16_Dec_2019_1345pm202.220212187468_202.662302596273.wav
2895,Exp_07_Dec_2019_0945am,SW_Nikita,98.79451919734,99.2641925641742,3300.0,28,Whistle3774,/lustre/fsn1/projects/rech/vzf/uqe97pu/raw_data/all_categories/SW_NikitaExp_07_Dec_2019_0945am98.79451919734_99.2641925641742.wav
2924,Exp_07_Dec_2019_0945am,SW_Nikita,566.918629923931,567.210227720074,3300.0,29,Whistle3558,/lustre/fsn1/projects/rech/vzf/uqe97pu/raw_data/all_categories/SW_NikitaExp_07_Dec_2019_0945am566.918629923931_567.210227720074.wav
2788,Exp_16_Feb_2020_1345pm,SW_Nikita,187.35247564408,188.500532181182,3300.0,25,Whistle4355,/lustre/fsn1/projects/rech/vzf/uqe97pu/raw_data/all_categories/SW_NikitaExp_16_Feb_2020_1345pm187.35247564408_188.500532181182.wav
3253,Exp_11_Feb_2020_0945am,SW_Nikita,869.784566599535,870.358945779471,3300.0,32,Whistle4827,/lustre/fsn1/projects/rech/vzf/uqe97pu/raw_data/all_categories/SW_NikitaExp_11_Feb_2020_0945am869.784566599535_870.358945779471.wav
2953,Exp_07_Dec_2019_1245pm,SW_Nikita,3009.12410323837,3009.59166522184,3300.0,29,Whistle3747,/lustre/fsn1/projects/rech/vzf/uqe97pu/raw_data/all_categories/SW_NikitaExp_07_Dec_2019_1245pm3009.12410323837_3009.59166522184.wav
3246,Exp_16_Dec_2019_1345pm,SW_Nikita,325.865694767286,326.409516730794,3300.0,32,Whistle4927,/lustre/fsn1/projects/rech/vzf/uqe97pu/raw_data/all_categories/SW_NikitaExp_16_Dec_2019_1345pm325.865694767286_326.409516730794.wav
3470,Exp_05_Dec_2019_1145am,SW_Nikita,776.218118325826,776.637509860218,3000.0,35,Whistle3827,/lustre/fsn1/projects/rech/vzf/uqe97pu/raw_data/all_categories/SW_NikitaExp_05_Dec_2019_1145am776.218118325826_776.637509860218.wav
3598,Exp_17_Nov_2019_1545pm,SW_Nikita,1061.78294939708,1062.45795127209,3600.0,39,Whistle15672,/lustre/fsn1/projects/rech/vzf/uqe97pu/raw_data/all_categories/SW_NikitaExp_17_Nov_2019_1545pm1061.78294939708_1062.45795127209.wav
3140,Exp_09_Dec_2019_1245pm,SW_Nikita,3169.97960599881,3170.42000972551,3300.0,32,Whistle3650,/lustre/fsn1/projects/rech/vzf/uqe97pu/raw_data/all_categories/SW_NikitaExp_09_Dec_2019_1245pm3169.97960599881_3170.42000972551.wav
2900,Exp_08_Jan_2020_1245pm,SW_Nikita,81.1028854341155,81.7267363657925,3300.0,28,Whistle3780,/lustre/fsn1/projects/rech/vzf/uqe97pu/raw_data/all_categories/SW_NikitaExp_08_Jan_2020_1245pm81.1028854341155_81.7267363657925.wav
2933,Exp_03_Feb_2020_0845am,SW_Nikita,2965.21898551208,2965.54572235418,3300.0,29,Whistle3670,/lustre/fsn1/projects/rech/vzf/uqe97pu/raw_data/all_categories/SW_NikitaExp_03_Feb_2020_0845am2965.21898551208_2965.54572235418.wav
2766,Exp_07_Mar_2020_1345pm,SW_Nikita,1823.08607695359,1823.94446006114,3000.0,25,Whistle3488,/lustre/fsn1/projects/rech/vzf/uqe97pu/raw_data/all_categories/SW_NikitaExp_07_Mar_2020_1345pm1823.08607695359_1823.94446006114.wav
3335,Exp_09_Feb_2020_1345pm,SW_Nikita,399.206209715787,399.686104452629,3300.0,34,Whistle3656,/lustre/fsn1/projects/rech/vzf/uqe97pu/raw_data/all_categories/SW_NikitaExp_09_Feb_2020_1345pm399.206209715787_399.686104452629.wav
3204,Exp_28_Nov_2019_0945am,SW_Nikita,995.363448290649,996.006046581248,3000.0,32,Whistle4308,/lustre/fsn1/projects/rech/vzf/uqe97pu/raw_data/all_categories/SW_NikitaExp_28_Nov_2019_0945am995.363448290649_996.006046581248.wav
2833,Exp_21_Nov_2019_0945am,SW_Nikita,1001.22640579775,1002.01270396654,3600.0,25,Whistle4698,/lustre/fsn1/projects/rech/vzf/uqe97pu/raw_data/all_categories/SW_NikitaExp_21_Nov_2019_0945am1001.22640579775_1002.01270396654.wav
3429,Exp_15_Dec_2019_1545pm,SW_Nikita,935.265020589301,935.622001867454,3300.0,34,Whistle4727,/lustre/fsn1/projects/rech/vzf/uqe97pu/raw_data/all_categories/SW_NikitaExp_15_Dec_2019_1545pm935.265020589301_935.622001867454.wav
3087,Exp_05_Jan_2020_1345pm,SW_Nikita,44.7301367579902,45.3849161697549,3300.0,32,Whistle3541,/lustre/fsn1/projects/rech/vzf/uqe97pu/raw_data/all_categories/SW_NikitaExp_05_Jan_2020_1345pm44.7301367579902_45.3849161697549.wav
3422,Exp_15_Jan_2020_1045am,SW_Nikita,2485.69796497145,2486.01464232652,3300.0,34,Whistle4670,/lustre/fsn1/projects/rech/vzf/uqe97pu/raw_data/all_categories/SW_NikitaExp_15_Jan_2020_1045am2485.69796497145_2486.01464232652.wav
2905,Exp_06_Dec_2019_0945am,SW_Nikita,776.685040582596,777.705632869098,3000.0,28,Whistle3840,/lustre/fsn1/projects/rech/vzf/uqe97pu/raw_data/all_categories/SW_NikitaExp_06_Dec_2019_0945am776.685040582596_777.705632869098.wav
2994,Exp_20_Nov_2019_1145am,SW_Nikita,80.6764158523641,81.4383311131003,3600.0,30,Whistle3890,/lustre/fsn1/projects/rech/vzf/uqe97pu/raw_data/all_categories/SW_NikitaExp_20_Nov_2019_1145am80.6764158523641_81.4383311131003.wav
2980,Exp_12_Dec_2019_1045am,SW_Nikita,2692.42387216173,2692.86470511627,3300.0,29,Whistle4649,/lustre/fsn1/projects/rech/vzf/uqe97pu/raw_data/all_categories/SW_NikitaExp_12_Dec_2019_1045am2692.42387216173_2692.86470511627.wav
3285,Exp_16_Jan_2020_1345pm,SW_Nikita,28.1929977428293,28.6473666748681,3300.0,33,Whistle4483,/lustre/fsn1/projects/rech/vzf/uqe97pu/raw_data/all_categories/SW_NikitaExp_16_Jan_2020_1345pm28.1929977428293_28.6473666748681.wav
3148,Exp_04_Feb_2020_1145am,SW_Nikita,2281.60102152598,2282.17575181644,3300.0,32,Whistle3727,/lustre/fsn1/projects/rech/vzf/uqe97pu/raw_data/all_categories/SW_NikitaExp_04_Feb_2020_1145am2281.60102152598_2282.17575181644.wav
2892,Exp_07_Dec_2019_0845am,SW_Nikita,159.787357658493,160.566627630944,3300.0,28,Whistle3771,/lustre/fsn1/projects/rech/vzf/uqe97pu/raw_data/all_categories/SW_NikitaExp_07_Dec_2019_0845am159.787357658493_160.566627630944.wav
3579,Exp_14_Feb_2020_1245pm,SW_Nikita,2469.88702345309,2470.00412665249,3300.0,39,Whistle4596,/lustre/fsn1/projects/rech/vzf/uqe97pu/raw_data/all_categories/SW_NikitaExp_14_Feb_2020_1245pm2469.88702345309_2470.00412665249.wav
3083,Exp_05_Jan_2020_1045am,SW_Nikita,3160.14957742296,3160.69476973065,3300.0,32,Whistle3536,/lustre/fsn1/projects/rech/vzf/uqe97pu/raw_data/all_categories/SW_NikitaExp_05_Jan_2020_1045am3160.14957742296_3160.69476973065.wav
2945,Exp_05_Feb_2020_0945am,SW_Nikita,375.591138154964,376.241060635584,3300.0,29,Whistle3736,/lustre/fsn1/projects/rech/vzf/uqe97pu/raw_data/all_categories/SW_NikitaExp_05_Feb_2020_0945am375.591138154964_376.241060635584.wav
2801,Exp_15_Jan_2020_1045am,SW_Nikita,2464.43246858324,2465.85243324755,3300.0,25,Whistle4337,/lustre/fsn1/projects/rech/vzf/uqe97pu/raw_data/all_categories/SW_NikitaExp_15_Jan_2020_1045am2464.43246858324_2465.85243324755.wav
3305,Exp_17_Dec_2019_1345pm,SW_Nikita,413.301298890508,414.09854659693,3300.0,33,Whistle4975,/lustre/fsn1/projects/rech/vzf/uqe97pu/raw_data/all_categories/SW_NikitaExp_17_Dec_2019_1345pm413.301298890508_414.09854659693.wav
2868,Exp_28_Nov_2019_0945am,SW_Nikita,344.824347301608,346.186070515894,3000.0,26,Whistle5073,/lustre/fsn1/projects/rech/vzf/uqe97pu/raw_data/all_categories/SW_NikitaExp_28_Nov_2019_0945am344.824347301608_346.186070515894.wav
3180,Exp_19_Nov_2019_1145am,SW_Nikita,124.253558443692,124.927077722299,3600.0,32,Whistle4178,/lustre/fsn1/projects/rech/vzf/uqe97pu/raw_data/all_categories/SW_NikitaExp_19_Nov_2019_1145am124.253558443692_124.927077722299.wav
2816,Exp_28_Nov_2019_1245pm,SW_Nikita,2748.63416278054,2749.09273140799,3000.0,25,Whistle4419,/lustre/fsn1/projects/rech/vzf/uqe97pu/raw_data/all_categories/SW_NikitaExp_28_Nov_2019_1245pm2748.63416278054_2749.09273140799.wav
3081,Exp_01_Feb_2020_1345pm,SW_Nikita,253.665769896272,254.119632557217,3300.0,32,Whistle3534,/lustre/fsn1/projects/rech/vzf/uqe97pu/raw_data/all_categories/SW_NikitaExp_01_Feb_2020_1345pm253.665769896272_254.119632557217.wav
3106,Exp_07_Dec_2019_1245pm,SW_Nikita,2717.33823435829,2717.81812909513,3300.0,32,Whistle3570,/lustre/fsn1/projects/rech/vzf/uqe97pu/raw_data/all_categories/SW_NikitaExp_07_Dec_2019_1245pm2717.33823435829_2717.81812909513.wav
3255,Exp_24_Nov_2019_1245pm,SW_Nikita,2905.48871560053,2905.85605878235,3000.0,32,Whistle5067,/lustre/fsn1/projects/rech/vzf/uqe97pu/raw_data/all_categories/SW_NikitaExp_24_Nov_2019_1245pm2905.48871560053_2905.85605878235.wav
2784,Exp_17_Feb_2020_1245pm,SW_Nikita,3115.42429824752,3116.27432097479,3300.0,25,Whistle4165,/lustre/fsn1/projects/rech/vzf/uqe97pu/raw_data/all_categories/SW_NikitaExp_17_Feb_2020_1245pm3115.42429824752_3116.27432097479.wav
3110,Exp_01_Jan_2020_1245pm,SW_Nikita,2710.72321431277,2711.20310904961,3300.0,32,Whistle3575,/lustre/fsn1/projects/rech/vzf/uqe97pu/raw_data/all_categories/SW_NikitaExp_01_Jan_2020_1245pm2710.72321431277_2711.20310904961.wav
3188,Exp_22_Nov_2019_1145am,SW_Nikita,703.540368629097,704.209104325614,3600.0,32,Whistle4205,/lustre/fsn1/projects/rech/vzf/uqe97pu/raw_data/all_categories/SW_NikitaExp_22_Nov_2019_1145am703.540368629097_704.209104325614.wav
3193,Exp_22_Nov_2019_1345pm,SW_Nikita,1292.2331774859,1292.73412745079,3600.0,32,Whistle4238,/lustre/fsn1/projects/rech/vzf/uqe97pu/raw_data/all_categories/SW_NikitaExp_22_Nov_2019_1345pm1292.2331774859_1292.73412745079.wav
2811,Exp_16_Feb_2020_1345pm,SW_Nikita,172.973227690701,173.8468858204,3300.0,25,Whistle4396,/lustre/fsn1/projects/rech/vzf/uqe97pu/raw_data/all_categories/SW_NikitaExp_16_Feb_2020_1345pm172.973227690701_173.8468858204.wav
3511,Exp_14_Jan_2020_1045am,SW_Nikita,965.375641508981,965.978255124646,2194.90133333334,36,Whistle4080,/lustre/fsn1/projects/rech/vzf/uqe97pu/raw_data/all_categories/SW_NikitaExp_14_Jan_2020_1045am965.375641508981_965.978255124646.wav
3574,Exp_16_Dec_2019_1145am,SW_Nikita,324.460983215101,324.690983912072,3300.0,38,Whistle4763,/lustre/fsn1/projects/rech/vzf/uqe97pu/raw_data/all_categories/SW_NikitaExp_16_Dec_2019_1145am324.460983215101_324.690983912072.wav
3327,Exp_01_Jan_2020_1245pm,SW_Nikita,2711.56821687338,2712.04812191724,3300.0,34,Whistle3634,/lustre/fsn1/projects/rech/vzf/uqe97pu/raw_data/all_categories/SW_NikitaExp_01_Jan_2020_1245pm2711.56821687338_2712.04812191724.wav
3024,Exp_23_Nov_2019_1345pm,SW_Nikita,100.289772901153,101.032346177015,3000.0,31,Whistle4268,/lustre/fsn1/projects/rech/vzf/uqe97pu/raw_data/all_categories/SW_NikitaExp_23_Nov_2019_1345pm100.289772901153_101.032346177015.wav
3646,Exp_11_Mar_2020_1545pm,SW_Nikita,920.728069760232,921.536274888438,3000.0,39,Whistle4635,/lustre/fsn1/projects/rech/vzf/uqe97pu/raw_data/all_categories/SW_NikitaExp_11_Mar_2020_1545pm920.728069760232_921.536274888438.wav
3371,Exp_11_Feb_2020_1145am,SW_Nikita,578.318316721123,578.629762977162,3300.0,34,Whistle4015,/lustre/fsn1/projects/rech/vzf/uqe97pu/raw_data/all_categories/SW_NikitaExp_11_Feb_2020_1145am578.318316721123_578.629762977162.wav
3169,Exp_15_Feb_2020_0945am,SW_Nikita,3265.85458381221,3266.32008808572,3300.0,32,Whistle4086,/lustre/fsn1/projects/rech/vzf/uqe97pu/raw_data/all_categories/SW_NikitaExp_15_Feb_2020_0945am3265.85458381221_3266.32008808572.wav
3111,Exp_01_Jan_2020_1245pm,SW_Nikita,1958.86025184821,1959.25862791659,3300.0,32,Whistle3576,/lustre/fsn1/projects/rech/vzf/uqe97pu/raw_data/all_categories/SW_NikitaExp_01_Jan_2020_1245pm1958.86025184821_1959.25862791659.wav
2778,Exp_17_Dec_2019_0945am,SW_Nikita,2618.65760543801,2619.5428307287,3300.0,25,Whistle4141,/lustre/fsn1/projects/rech/vzf/uqe97pu/raw_data/all_categories/SW_NikitaExp_17_Dec_2019_0945am2618.65760543801_2619.5428307287.wav
3466,Exp_01_Jan_2020_1245pm,SW_Nikita,2540.26432203773,2540.49117388958,3300.0,35,Whistle3820,/lustre/fsn1/projects/rech/vzf/uqe97pu/raw_data/all_categories/SW_NikitaExp_01_Jan_2020_1245pm2540.26432203773_2540.49117388958.wav
3098,Exp_07_Dec_2019_0845am,SW_Nikita,2724.09522466533,2724.68598821213,3300.0,32,Whistle3557,/lustre/fsn1/projects/rech/vzf/uqe97pu/raw_data/all_categories/SW_NikitaExp_07_Dec_2019_0845am2724.09522466533_2724.68598821213.wav
2843,Exp_16_Feb_2020_1345pm,SW_Nikita,168.327214902222,169.465585272593,3300.0,25,Whistle4949,/lustre/fsn1/projects/rech/vzf/uqe97pu/raw_data/all_categories/SW_NikitaExp_16_Feb_2020_1345pm168.327214902222_169.465585272593.wav
2821,Exp_21_Nov_2019_1145am,SW_Nikita,92.7943294456171,93.6902234853522,3600.0,25,Whistle4540,/lustre/fsn1/projects/rech/vzf/uqe97pu/raw_data/all_categories/SW_NikitaExp_21_Nov_2019_1145am92.7943294456171_93.6902234853522.wav
3032,Exp_16_Dec_2019_1545pm,SW_Nikita,172.625906616966,173.105473924659,3300.0,31,Whistle4517,/lustre/fsn1/projects/rech/vzf/uqe97pu/raw_data/all_categories/SW_NikitaExp_16_Dec_2019_1545pm172.625906616966_173.105473924659.wav
3045,Exp_21_Nov_2019_0945am,SW_Nikita,447.581879912432,448.196206153567,3600.0,31,Whistle4783,/lustre/fsn1/projects/rech/vzf/uqe97pu/raw_data/all_categories/SW_NikitaExp_21_Nov_2019_0945am447.581879912432_448.196206153567.wav
3117,Exp_08_Jan_2020_1345pm,SW_Nikita,704.732135551926,705.212030288768,3300.0,32,Whistle3585,/lustre/fsn1/projects/rech/vzf/uqe97pu/raw_data/all_categories/SW_NikitaExp_08_Jan_2020_1345pm704.732135551926_705.212030288768.wav
3494,Exp_05_Dec_2019_1145am,SW_Nikita,364.608300676953,365.104312946892,3000.0,36,Whistle3732,/lustre/fsn1/projects/rech/vzf/uqe97pu/raw_data/all_categories/SW_NikitaExp_05_Dec_2019_1145am364.608300676953_365.104312946892.wav
2772,Exp_09_Dec_2019_1245pm,SW_Nikita,3047.67110670674,3048.3982003028,3300.0,25,Whistle3647,/lustre/fsn1/projects/rech/vzf/uqe97pu/raw_data/all_categories/SW_NikitaExp_09_Dec_2019_1245pm3047.67110670674_3048.3982003028.wav
2942,Exp_05_Dec_2019_1145am,SW_Nikita,465.33155110517,465.750182684118,3000.0,29,Whistle3733,/lustre/fsn1/projects/rech/vzf/uqe97pu/raw_data/all_categories/SW_NikitaExp_05_Dec_2019_1145am465.33155110517_465.750182684118.wav
3165,Exp_12_Dec_2019_1045am,SW_Nikita,2698.97796999494,2699.58515263742,3300.0,32,Whistle4037,/lustre/fsn1/projects/rech/vzf/uqe97pu/raw_data/all_categories/SW_NikitaExp_12_Dec_2019_1045am2698.97796999494_2699.58515263742.wav
3389,Exp_21_Nov_2019_0945am,SW_Nikita,1003.18485633627,1003.49617779767,3600.0,34,Whistle4188,/lustre/fsn1/projects/rech/vzf/uqe97pu/raw_data/all_categories/SW_NikitaExp_21_Nov_2019_0945am1003.18485633627_1003.49617779767.wav
2983,Exp_17_Dec_2019_1245pm,SW_Nikita,3280.49684569584,3280.9339133754,3300.0,29,Whistle4794,/lustre/fsn1/projects/rech/vzf/uqe97pu/raw_data/all_categories/SW_NikitaExp_17_Dec_2019_1245pm3280.49684569584_3280.9339133754.wav
3272,Exp_16_Jan_2020_1245pm,SW_Nikita,3169.98180148731,3170.75394490249,3300.0,33,Whistle3979,/lustre/fsn1/projects/rech/vzf/uqe97pu/raw_data/all_categories/SW_NikitaExp_16_Jan_2020_1245pm3169.98180148731_3170.75394490249.wav
3386,Exp_17_Dec_2019_0945am,SW_Nikita,2609.37719072234,2609.81811462771,3300.0,34,Whistle4151,/lustre/fsn1/projects/rech/vzf/uqe97pu/raw_data/all_categories/SW_NikitaExp_17_Dec_2019_0945am2609.37719072234_2609.81811462771.wav
3150,Exp_09_Jan_2020_1345pm,SW_Nikita,199.033159971856,199.588010834558,3300.0,32,Whistle3758,/lustre/fsn1/projects/rech/vzf/uqe97pu/raw_data/all_categories/SW_NikitaExp_09_Jan_2020_1345pm199.033159971856_199.588010834558.wav
3395,Exp_22_Nov_2019_1345pm,SW_Nikita,22.6654687850949,23.0449513036592,3600.0,34,Whistle4240,/lustre/fsn1/projects/rech/vzf/uqe97pu/raw_data/all_categories/SW_NikitaExp_22_Nov_2019_1345pm22.6654687850949_23.0449513036592.wav
3282,Exp_11_Feb_2020_1145am,SW_Nikita,745.108956147675,745.796160334089,3300.0,33,Whistle4428,/lustre/fsn1/projects/rech/vzf/uqe97pu/raw_data/all_categories/SW_NikitaExp_11_Feb_2020_1145am745.108956147675_745.796160334089.wav
3304,Exp_17_Dec_2019_1345pm,SW_Nikita,2053.18516601843,2053.63424858724,3300.0,33,Whistle4973,/lustre/fsn1/projects/rech/vzf/uqe97pu/raw_data/all_categories/SW_NikitaExp_17_Dec_2019_1345pm2053.18516601843_2053.63424858724.wav
2936,Exp_01_Jan_2020_1345pm,SW_Nikita,1084.84726823387,1085.17319415979,3300.0,29,Whistle3707,/lustre/fsn1/projects/rech/vzf/uqe97pu/raw_data/all_categories/SW_NikitaExp_01_Jan_2020_1345pm1084.84726823387_1085.17319415979.wav
3358,Exp_01_Feb_2020_0945am,SW_Nikita,1132.64535112017,1133.00324907936,3300.0,34,Whistle3715,/lustre/fsn1/projects/rech/vzf/uqe97pu/raw_data/all_categories/SW_NikitaExp_01_Feb_2020_0945am1132.64535112017_1133.00324907936.wav
3200,Exp_27_Nov_2019_1145am,SW_Nikita,470.547790077859,470.970653931363,3000.0,32,Whistle4300,/lustre/fsn1/projects/rech/vzf/uqe97pu/raw_data/all_categories/SW_NikitaExp_27_Nov_2019_1145am470.547790077859_470.970653931363.wav
2923,Exp_01_Jan_2020_0845am,SW_Nikita,2573.45927087698,2573.82202949767,3300.0,29,Whistle3546,/lustre/fsn1/projects/rech/vzf/uqe97pu/raw_data/all_categories/SW_NikitaExp_01_Jan_2020_0845am2573.45927087698_2573.82202949767.wav
3008,Exp_05_Dec_2019_1145am,SW_Nikita,768.914604284329,769.636726123052,3000.0,31,Whistle3520,/lustre/fsn1/projects/rech/vzf/uqe97pu/raw_data/all_categories/SW_NikitaExp_05_Dec_2019_1145am768.914604284329_769.636726123052.wav
3328,Exp_01_Jan_2020_1245pm,SW_Nikita,2729.7051919185,2730.18648330923,3300.0,34,Whistle3636,/lustre/fsn1/projects/rech/vzf/uqe97pu/raw_data/all_categories/SW_NikitaExp_01_Jan_2020_1245pm2729.7051919185_2730.18648330923.wav
3545,Exp_01_Jan_2020_0845am,SW_Nikita,120.33536465262,120.513868298453,3300.0,37,Whistle3797,/lustre/fsn1/projects/rech/vzf/uqe97pu/raw_data/all_categories/SW_NikitaExp_01_Jan_2020_0845am120.33536465262_120.513868298453.wav
2834,Exp_22_Nov_2019_1245pm,SW_Nikita,2586.53573804612,2587.23710887945,3600.0,25,Whistle4739,/lustre/fsn1/projects/rech/vzf/uqe97pu/raw_data/all_categories/SW_NikitaExp_22_Nov_2019_1245pm2586.53573804612_2587.23710887945.wav
2873,Exp_04_Feb_2020_1145am,SW_Nikita,2655.38366338044,2656.84720599408,3300.0,27,Whistle3837,/lustre/fsn1/projects/rech/vzf/uqe97pu/raw_data/all_categories/SW_NikitaExp_04_Feb_2020_1145am2655.38366338044_2656.84720599408.wav
3356,Exp_08_Jan_2020_1345pm,SW_Nikita,574.872655431598,575.275697256693,3300.0,34,Whistle3711,/lustre/fsn1/projects/rech/vzf/uqe97pu/raw_data/all_categories/SW_NikitaExp_08_Jan_2020_1345pm574.872655431598_575.275697256693.wav
3292,Exp_19_Nov_2019_0845am,SW_Nikita,923.230193693132,924.012476136709,3600.0,33,Whistle4689,/lustre/fsn1/projects/rech/vzf/uqe97pu/raw_data/all_categories/SW_NikitaExp_19_Nov_2019_0845am923.230193693132_924.012476136709.wav
2864,Exp_17_Jan_2020_1345pm,SW_Nikita,279.26047490576,280.130730941586,3300.0,26,Whistle4173,/lustre/fsn1/projects/rech/vzf/uqe97pu/raw_data/all_categories/SW_NikitaExp_17_Jan_2020_1345pm279.26047490576_280.130730941586.wav
2874,Exp_05_Dec_2019_1145am,SW_Nikita,767.688327486854,769.252501528151,3000.0,27,Whistle3838,/lustre/fsn1/projects/rech/vzf/uqe97pu/raw_data/all_categories/SW_NikitaExp_05_Dec_2019_1145am767.688327486854_769.252501528151.wav
3127,Exp_02_Feb_2020_1245pm,SW_Nikita,1053.86319473695,1054.38721018097,3300.0,32,Whistle3600,/lustre/fsn1/projects/rech/vzf/uqe97pu/raw_data/all_categories/SW_NikitaExp_02_Feb_2020_1245pm1053.86319473695_1054.38721018097.wav
2852,Exp_07_Dec_2019_0945am,SW_Nikita,664.922704297641,665.93036713289,3300.0,26,Whistle3485,/lustre/fsn1/projects/rech/vzf/uqe97pu/raw_data/all_categories/SW_NikitaExp_07_Dec_2019_0945am664.922704297641_665.93036713289.wav
3307,Exp_23_Nov_2019_0945am,SW_Nikita,2356.44361205976,2357.027497872,3000.0,33,Whistle5052,/lustre/fsn1/projects/rech/vzf/uqe97pu/raw_data/all_categories/SW_NikitaExp_23_Nov_2019_0945am2356.44361205976_2357.027497872.wav
2849,Exp_22_Nov_2019_1345pm,SW_Nikita,22.2342346214877,23.0600357110048,3600.0,25,Whistle5043,/lustre/fsn1/projects/rech/vzf/uqe97pu/raw_data/all_categories/SW_NikitaExp_22_Nov_2019_1345pm22.2342346214877_23.0600357110048.wav
3096,Exp_06_Jan_2020_0845am,SW_Nikita,229.715697320295,230.35012297819,3300.0,32,Whistle3555,/lustre/fsn1/projects/rech/vzf/uqe97pu/raw_data/all_categories/SW_NikitaExp_06_Jan_2020_0845am229.715697320295_230.35012297819.wav
3636,Exp_13_Jan_2020_1045am,SW_Nikita,3260.05929835385,3260.26351502052,3300.0,39,Whistle4757,/lustre/fsn1/projects/rech/vzf/uqe97pu/raw_data/all_categories/SW_NikitaExp_13_Jan_2020_1045am3260.05929835385_3260.26351502052.wav
3575,Exp_15_Dec_2019_0845am,SW_Nikita,182.886656825351,183.100776934046,3300.0,38,Whistle4895,/lustre/fsn1/projects/rech/vzf/uqe97pu/raw_data/all_categories/SW_NikitaExp_15_Dec_2019_0845am182.886656825351_183.100776934046.wav
3586,Exp_12_Dec_2019_1245pm,SW_Nikita,2683.02112437077,2683.14335107884,3300.0,39,Whistle4811,/lustre/fsn1/projects/rech/vzf/uqe97pu/raw_data/all_categories/SW_NikitaExp_12_Dec_2019_1245pm2683.02112437077_2683.14335107884.wav
3301,Exp_16_Jan_2020_1145am,SW_Nikita,44.2295229456168,44.7921445097529,3300.0,33,Whistle4951,/lustre/fsn1/projects/rech/vzf/uqe97pu/raw_data/all_categories/SW_NikitaExp_16_Jan_2020_1145am44.2295229456168_44.7921445097529.wav
3435,Exp_12_Dec_2019_1045am,SW_Nikita,1896.7091262157,1897.06434827159,3300.0,34,Whistle4855,/lustre/fsn1/projects/rech/vzf/uqe97pu/raw_data/all_categories/SW_NikitaExp_12_Dec_2019_1045am1896.7091262157_1897.06434827159.wav
2854,Exp_04_Jan_2020_1345pm,SW_Nikita,557.86669232331,559.060914113193,3300.0,26,Whistle3493,/lustre/fsn1/projects/rech/vzf/uqe97pu/raw_data/all_categories/SW_NikitaExp_04_Jan_2020_1345pm557.86669232331_559.060914113193.wav
2771,Exp_05_Dec_2019_1145am,SW_Nikita,343.961147870493,344.793384712598,3000.0,25,Whistle3616,/lustre/fsn1/projects/rech/vzf/uqe97pu/raw_data/all_categories/SW_NikitaExp_05_Dec_2019_1145am343.961147870493_344.793384712598.wav
3190,Exp_22_Nov_2019_1145am,SW_Nikita,3557.70446902907,3558.28128954189,3600.0,32,Whistle4222,/lustre/fsn1/projects/rech/vzf/uqe97pu/raw_data/all_categories/SW_NikitaExp_22_Nov_2019_1145am3557.70446902907_3558.28128954189.wav
2803,Exp_23_Nov_2019_0945am,SW_Nikita,2363.05983670959,2363.96199670959,3000.0,25,Whistle4368,/lustre/fsn1/projects/rech/vzf/uqe97pu/raw_data/all_categories/SW_NikitaExp_23_Nov_2019_0945am2363.05983670959_2363.96199670959.wav
2802,Exp_15_Jan_2020_1045am,SW_Nikita,2477.39259929868,2478.08748070328,3300.0,25,Whistle4339,/lustre/fsn1/projects/rech/vzf/uqe97pu/raw_data/all_categories/SW_NikitaExp_15_Jan_2020_1045am2477.39259929868_2478.08748070328.wav
3089,Exp_06_Dec_2019_0945am,SW_Nikita,876.891998961392,877.379671137701,3000.0,32,Whistle3544,/lustre/fsn1/projects/rech/vzf/uqe97pu/raw_data/all_categories/SW_NikitaExp_06_Dec_2019_0945am876.891998961392_877.379671137701.wav
2927,Exp_07_Mar_2020_1545pm,SW_Nikita,871.737091904172,872.290122207203,3000.0,29,Whistle3580,/lustre/fsn1/projects/rech/vzf/uqe97pu/raw_data/all_categories/SW_NikitaExp_07_Mar_2020_1545pm871.737091904172_872.290122207203.wav
3537,Exp_13_Jan_2020_1145am,SW_Nikita,198.244500324587,198.762441114061,3300.0,36,Whistle4881,/lustre/fsn1/projects/rech/vzf/uqe97pu/raw_data/all_categories/SW_NikitaExp_13_Jan_2020_1145am198.244500324587_198.762441114061.wav
3295,Exp_16_Feb_2020_1345pm,SW_Nikita,705.845861486417,706.289611486417,3300.0,33,Whistle4767,/lustre/fsn1/projects/rech/vzf/uqe97pu/raw_data/all_categories/SW_NikitaExp_16_Feb_2020_1345pm705.845861486417_706.289611486417.wav
3526,Exp_16_Dec_2019_1145am,SW_Nikita,406.592443320342,407.141205856261,3300.0,36,Whistle4515,/lustre/fsn1/projects/rech/vzf/uqe97pu/raw_data/all_categories/SW_NikitaExp_16_Dec_2019_1145am406.592443320342_407.141205856261.wav
3626,Exp_22_Nov_2019_1345pm,SW_Nikita,317.083710786427,317.282570161427,3600.0,39,Whistle4625,/lustre/fsn1/projects/rech/vzf/uqe97pu/raw_data/all_categories/SW_NikitaExp_22_Nov_2019_1345pm317.083710786427_317.282570161427.wav
2938,Exp_03_Feb_2020_0845am,SW_Nikita,2966.07898933027,2966.66331768848,3300.0,29,Whistle3725,/lustre/fsn1/projects/rech/vzf/uqe97pu/raw_data/all_categories/SW_NikitaExp_03_Feb_2020_0845am2966.07898933027_2966.66331768848.wav
3341,Exp_04_Feb_2020_1145am,SW_Nikita,2862.55092888126,2862.93310030983,3300.0,34,Whistle3676,/lustre/fsn1/projects/rech/vzf/uqe97pu/raw_data/all_categories/SW_NikitaExp_04_Feb_2020_1145am2862.55092888126_2862.93310030983.wav
3605,Exp_14_Feb_2020_1345pm,SW_Nikita,806.255077553351,807.514112417297,3300.0,39,Whistle4386,/lustre/fsn1/projects/rech/vzf/uqe97pu/raw_data/all_categories/SW_NikitaExp_14_Feb_2020_1345pm806.255077553351_807.514112417297.wav
3351,Exp_07_Jan_2020_1045am,SW_Nikita,2527.91192371394,2528.49760998845,3300.0,34,Whistle3702,/lustre/fsn1/projects/rech/vzf/uqe97pu/raw_data/all_categories/SW_NikitaExp_07_Jan_2020_1045am2527.91192371394_2528.49760998845.wav
2937,13-11-19-1221,SW_Nikita,1597.21135914582,1597.78129364363,3600.0,29,Whistle3724,/lustre/fsn1/projects/rech/vzf/uqe97pu/raw_data/all_categories/SW_Nikita13-11-19-12211597.21135914582_1597.78129364363.wav
3366,Exp_22_Nov_2019_1345pm,SW_Nikita,347.158145738511,347.440024933142,3600.0,34,Whistle3899,/lustre/fsn1/projects/rech/vzf/uqe97pu/raw_data/all_categories/SW_NikitaExp_22_Nov_2019_1345pm347.158145738511_347.440024933142.wav
3468,Exp_04_Feb_2020_1145am,SW_Nikita,365.576312751286,365.93829622236,3300.0,35,Whistle3825,/lustre/fsn1/projects/rech/vzf/uqe97pu/raw_data/all_categories/SW_NikitaExp_04_Feb_2020_1145am365.576312751286_365.93829622236.wav
3373,Exp_12_Dec_2019_1045am,SW_Nikita,1367.10352566737,1367.54411155919,3300.0,34,Whistle4033,/lustre/fsn1/projects/rech/vzf/uqe97pu/raw_data/all_categories/SW_NikitaExp_12_Dec_2019_1045am1367.10352566737_1367.54411155919.wav
3143,Exp_09_Jan_2020_1545pm,SW_Nikita,34.2701038487995,34.7500088926592,3300.0,32,Whistle3662,/lustre/fsn1/projects/rech/vzf/uqe97pu/raw_data/all_categories/SW_NikitaExp_09_Jan_2020_1545pm34.2701038487995_34.7500088926592.wav
3017,Exp_16_Jan_2020_1345pm,SW_Nikita,350.702914945583,351.250592310448,3300.0,31,Whistle4135,/lustre/fsn1/projects/rech/vzf/uqe97pu/raw_data/all_categories/SW_NikitaExp_16_Jan_2020_1345pm350.702914945583_351.250592310448.wav
3196,Exp_23_Nov_2019_1345pm,SW_Nikita,592.470522453455,593.163672684936,3000.0,32,Whistle4273,/lustre/fsn1/projects/rech/vzf/uqe97pu/raw_data/all_categories/SW_NikitaExp_23_Nov_2019_1345pm592.470522453455_593.163672684936.wav
3095,Exp_06_Jan_2020_0845am,SW_Nikita,207.150627729175,207.630522466017,3300.0,32,Whistle3554,/lustre/fsn1/projects/rech/vzf/uqe97pu/raw_data/all_categories/SW_NikitaExp_06_Jan_2020_0845am207.150627729175_207.630522466017.wav
3309,Exp_24_Nov_2019_1345pm,SW_Nikita,1008.21770723116,1008.77577337994,3000.0,33,Whistle5068,/lustre/fsn1/projects/rech/vzf/uqe97pu/raw_data/all_categories/SW_NikitaExp_24_Nov_2019_1345pm1008.21770723116_1008.77577337994.wav
2775,Exp_09_Feb_2020_1345pm,SW_Nikita,400.859612685123,401.359489532413,3300.0,25,Whistle3653,/lustre/fsn1/projects/rech/vzf/uqe97pu/raw_data/all_categories/SW_NikitaExp_09_Feb_2020_1345pm400.859612685123_401.359489532413.wav
2763,Exp_04_Jan_2020_1545pm,SW_Nikita,1141.36345988927,1142.41699050152,3300.0,25,Whistle3483,/lustre/fsn1/projects/rech/vzf/uqe97pu/raw_data/all_categories/SW_NikitaExp_04_Jan_2020_1545pm1141.36345988927_1142.41699050152.wav
3451,Exp_19_Nov_2019_1545pm,SW_Nikita,889.311342493347,889.775269608536,3600.0,34,Whistle5006,/lustre/fsn1/projects/rech/vzf/uqe97pu/raw_data/all_categories/SW_NikitaExp_19_Nov_2019_1545pm889.311342493347_889.775269608536.wav
3016,Exp_16_Feb_2020_1345pm,SW_Nikita,991.362937339779,992.081398444519,3300.0,31,Whistle4127,/lustre/fsn1/projects/rech/vzf/uqe97pu/raw_data/all_categories/SW_NikitaExp_16_Feb_2020_1345pm991.362937339779_992.081398444519.wav
3210,Exp_13_Feb_2020_1345pm,SW_Nikita,401.231216458232,401.639932054562,3300.0,32,Whistle4463,/lustre/fsn1/projects/rech/vzf/uqe97pu/raw_data/all_categories/SW_NikitaExp_13_Feb_2020_1345pm401.231216458232_401.639932054562.wav
3355,Exp_07_Jan_2020_1345pm,SW_Nikita,252.125764017467,252.605658754309,3300.0,34,Whistle3706,/lustre/fsn1/projects/rech/vzf/uqe97pu/raw_data/all_categories/SW_NikitaExp_07_Jan_2020_1345pm252.125764017467_252.605658754309.wav
3623,Exp_14_Jan_2020_0945am,SW_Nikita,2576.87328532909,2577.38161866242,3300.0,39,Whistle4456,/lustre/fsn1/projects/rech/vzf/uqe97pu/raw_data/all_categories/SW_NikitaExp_14_Jan_2020_0945am2576.87328532909_2577.38161866242.wav
3153,Exp_13_Dec_2019_1245pm,SW_Nikita,2843.25872808548,2843.79720274047,3300.0,32,Whistle3866,/lustre/fsn1/projects/rech/vzf/uqe97pu/raw_data/all_categories/SW_NikitaExp_13_Dec_2019_1245pm2843.25872808548_2843.79720274047.wav
2982,Exp_11_Mar_2020_1145am,SW_Nikita,461.857929009678,462.257894563656,3000.0,29,Whistle4754,/lustre/fsn1/projects/rech/vzf/uqe97pu/raw_data/all_categories/SW_NikitaExp_11_Mar_2020_1145am461.857929009678_462.257894563656.wav
3283,Exp_12_Dec_2019_1245pm,SW_Nikita,3250.36841346204,3250.92385900659,3300.0,33,Whistle4462,/lustre/fsn1/projects/rech/vzf/uqe97pu/raw_data/all_categories/SW_NikitaExp_12_Dec_2019_1245pm3250.36841346204_3250.92385900659.wav
3211,Exp_13_Feb_2020_1345pm,SW_Nikita,399.657929565982,400.050688620753,3300.0,32,Whistle4468,/lustre/fsn1/projects/rech/vzf/uqe97pu/raw_data/all_categories/SW_NikitaExp_13_Feb_2020_1345pm399.657929565982_400.050688620753.wav
3362,Exp_13_Dec_2019_1245pm,SW_Nikita,2840.91387155808,2841.32543214482,3300.0,34,Whistle3867,/lustre/fsn1/projects/rech/vzf/uqe97pu/raw_data/all_categories/SW_NikitaExp_13_Dec_2019_1245pm2840.91387155808_2841.32543214482.wav
3084,Exp_05_Jan_2020_1045am,SW_Nikita,997.435415323355,997.94020001235,3300.0,32,Whistle3537,/lustre/fsn1/projects/rech/vzf/uqe97pu/raw_data/all_categories/SW_NikitaExp_05_Jan_2020_1045am997.435415323355_997.94020001235.wav
3288,Exp_17_Dec_2019_0945am,SW_Nikita,2493.53650284226,2494.04381078497,3300.0,33,Whistle4606,/lustre/fsn1/projects/rech/vzf/uqe97pu/raw_data/all_categories/SW_NikitaExp_17_Dec_2019_0945am2493.53650284226_2494.04381078497.wav
2769,Exp_02_Jan_2020_1345pm,SW_Nikita,2329.49206027897,2330.39943732815,3300.0,25,Whistle3604,/lustre/fsn1/projects/rech/vzf/uqe97pu/raw_data/all_categories/SW_NikitaExp_02_Jan_2020_1345pm2329.49206027897_2330.39943732815.wav
3009,Exp_16_Feb_2020_1345pm,SW_Nikita,1910.20435526176,1910.84986803954,3300.0,31,Whistle3881,/lustre/fsn1/projects/rech/vzf/uqe97pu/raw_data/all_categories/SW_NikitaExp_16_Feb_2020_1345pm1910.20435526176_1910.84986803954.wav
2782,Exp_17_Dec_2019_0945am,SW_Nikita,2510.51330933005,2511.25248210492,3300.0,25,Whistle4145,/lustre/fsn1/projects/rech/vzf/uqe97pu/raw_data/all_categories/SW_NikitaExp_17_Dec_2019_0945am2510.51330933005_2511.25248210492.wav
3116,Exp_08_Jan_2020_1345pm,SW_Nikita,681.588986006705,682.139355464833,3300.0,32,Whistle3584,/lustre/fsn1/projects/rech/vzf/uqe97pu/raw_data/all_categories/SW_NikitaExp_08_Jan_2020_1345pm681.588986006705_682.139355464833.wav
2981,Exp_15_Dec_2019_0845am,SW_Nikita,3228.77712236841,3229.09020694552,3300.0,29,Whistle4717,/lustre/fsn1/projects/rech/vzf/uqe97pu/raw_data/all_categories/SW_NikitaExp_15_Dec_2019_0845am3228.77712236841_3229.09020694552.wav
3359,Exp_09_Jan_2020_1345pm,SW_Nikita,196.321707754223,196.579222686489,3300.0,34,Whistle3718,/lustre/fsn1/projects/rech/vzf/uqe97pu/raw_data/all_categories/SW_NikitaExp_09_Jan_2020_1345pm196.321707754223_196.579222686489.wav
3524,Exp_14_Feb_2020_1345pm,SW_Nikita,445.697695443313,446.191311679475,3300.0,36,Whistle4486,/lustre/fsn1/projects/rech/vzf/uqe97pu/raw_data/all_categories/SW_NikitaExp_14_Feb_2020_1345pm445.697695443313_446.191311679475.wav
3631,Exp_20_Nov_2019_1145am,SW_Nikita,966.247753187977,966.455924458695,3600.0,39,Whistle4741,/lustre/fsn1/projects/rech/vzf/uqe97pu/raw_data/all_categories/SW_NikitaExp_20_Nov_2019_1145am966.247753187977_966.455924458695.wav
3286,Exp_17_Dec_2019_0945am,SW_Nikita,2621.49151937256,2621.97227694831,3300.0,33,Whistle4536,/lustre/fsn1/projects/rech/vzf/uqe97pu/raw_data/all_categories/SW_NikitaExp_17_Dec_2019_0945am2621.49151937256_2621.97227694831.wav
3100,Exp_07_Dec_2019_0945am,SW_Nikita,593.816799444847,594.296694181689,3300.0,32,Whistle3562,/lustre/fsn1/projects/rech/vzf/uqe97pu/raw_data/all_categories/SW_NikitaExp_07_Dec_2019_0945am593.816799444847_594.296694181689.wav
3501,Exp_11_Mar_2020_1145am,SW_Nikita,27.4304905694193,27.8008552672215,3000.0,36,Whistle3855,/lustre/fsn1/projects/rech/vzf/uqe97pu/raw_data/all_categories/SW_NikitaExp_11_Mar_2020_1145am27.4304905694193_27.8008552672215.wav
3278,Exp_15_Dec_2019_1245pm,SW_Nikita,2319.89241189212,2320.59958749766,3300.0,33,Whistle4083,/lustre/fsn1/projects/rech/vzf/uqe97pu/raw_data/all_categories/SW_NikitaExp_15_Dec_2019_1245pm2319.89241189212_2320.59958749766.wav
2963,Exp_02_Jan_2020_1045am,SW_Nikita,229.111640005208,229.852427406783,3300.0,29,Whistle3760,/lustre/fsn1/projects/rech/vzf/uqe97pu/raw_data/all_categories/SW_NikitaExp_02_Jan_2020_1045am229.111640005208_229.852427406783.wav
2997,Exp_23_Nov_2019_1345pm,SW_Nikita,2143.48487444784,2144.49868906083,3000.0,30,Whistle4415,/lustre/fsn1/projects/rech/vzf/uqe97pu/raw_data/all_categories/SW_NikitaExp_23_Nov_2019_1345pm2143.48487444784_2144.49868906083.wav
2853,Exp_02_Jan_2020_1245pm,SW_Nikita,3261.74988590874,3262.75204418213,3300.0,26,Whistle3491,/lustre/fsn1/projects/rech/vzf/uqe97pu/raw_data/all_categories/SW_NikitaExp_02_Jan_2020_1245pm3261.74988590874_3262.75204418213.wav
3243,Exp_15_Jan_2020_1045am,SW_Nikita,2321.17861714907,2321.56638693324,3300.0,32,Whistle4915,/lustre/fsn1/projects/rech/vzf/uqe97pu/raw_data/all_categories/SW_NikitaExp_15_Jan_2020_1045am2321.17861714907_2321.56638693324.wav
3199,Exp_11_Jan_2020_1345pm,SW_Nikita,401.699960558173,402.31597041039,3300.0,32,Whistle4458,/lustre/fsn1/projects/rech/vzf/uqe97pu/raw_data/all_categories/SW_NikitaExp_11_Jan_2020_1345pm401.699960558173_402.31597041039.wav
3317,Exp_03_Feb_2020_1345pm,SW_Nikita,866.567625962503,866.81742188087,3300.0,34,Whistle3607,/lustre/fsn1/projects/rech/vzf/uqe97pu/raw_data/all_categories/SW_NikitaExp_03_Feb_2020_1345pm866.567625962503_866.81742188087.wav
3044,Exp_16_Nov_2019_1045am,SW_Nikita,2698.61638018256,2699.55564407145,3600.0,31,Whistle4775,/lustre/fsn1/projects/rech/vzf/uqe97pu/raw_data/all_categories/SW_NikitaExp_16_Nov_2019_1045am2698.61638018256_2699.55564407145.wav
2944,Exp_01_Feb_2020_1345pm,SW_Nikita,322.255976533262,322.849454794132,3300.0,29,Whistle3735,/lustre/fsn1/projects/rech/vzf/uqe97pu/raw_data/all_categories/SW_NikitaExp_01_Feb_2020_1345pm322.255976533262_322.849454794132.wav
3477,Exp_22_Nov_2019_1245pm,SW_Nikita,3317.92903397056,3318.11757226943,3600.0,35,Whistle4617,/lustre/fsn1/projects/rech/vzf/uqe97pu/raw_data/all_categories/SW_NikitaExp_22_Nov_2019_1245pm3317.92903397056_3318.11757226943.wav
3238,Exp_12_Dec_2019_1045am,SW_Nikita,3064.04846043643,3064.7200927357,3300.0,32,Whistle4860,/lustre/fsn1/projects/rech/vzf/uqe97pu/raw_data/all_categories/SW_NikitaExp_12_Dec_2019_1045am3064.04846043643_3064.7200927357.wav
2913,Exp_07_Dec_2019_1145am,SW_Nikita,1429.67933357374,1430.36475190043,3300.0,29,Whistle3495,/lustre/fsn1/projects/rech/vzf/uqe97pu/raw_data/all_categories/SW_NikitaExp_07_Dec_2019_1145am1429.67933357374_1430.36475190043.wav
2835,Exp_20_Nov_2019_1145am,SW_Nikita,190.679484791013,192.345486015145,3600.0,25,Whistle4807,/lustre/fsn1/projects/rech/vzf/uqe97pu/raw_data/all_categories/SW_NikitaExp_20_Nov_2019_1145am190.679484791013_192.345486015145.wav
3548,Exp_16_Feb_2020_1245pm,SW_Nikita,151.475660489171,151.659923647066,3300.0,37,Whistle3978,/lustre/fsn1/projects/rech/vzf/uqe97pu/raw_data/all_categories/SW_NikitaExp_16_Feb_2020_1245pm151.475660489171_151.659923647066.wav
3308,Exp_23_Nov_2019_1345pm,SW_Nikita,570.817597291057,571.482404296551,3000.0,33,Whistle5065,/lustre/fsn1/projects/rech/vzf/uqe97pu/raw_data/all_categories/SW_NikitaExp_23_Nov_2019_1345pm570.817597291057_571.482404296551.wav
3037,Exp_17_Jan_2020_0745am,SW_Nikita,217.440522564711,217.890959522176,3300.0,31,Whistle4608,/lustre/fsn1/projects/rech/vzf/uqe97pu/raw_data/all_categories/SW_NikitaExp_17_Jan_2020_0745am217.440522564711_217.890959522176.wav
2828,Exp_21_Nov_2019_1145am,SW_Nikita,88.1252453479037,89.5902111013284,3600.0,25,Whistle4542,/lustre/fsn1/projects/rech/vzf/uqe97pu/raw_data/all_categories/SW_NikitaExp_21_Nov_2019_1145am88.1252453479037_89.5902111013284.wav
3473,Exp_15_Dec_2019_1245pm,SW_Nikita,2334.71370023586,2335.13163309805,3300.0,35,Whistle4504,/lustre/fsn1/projects/rech/vzf/uqe97pu/raw_data/all_categories/SW_NikitaExp_15_Dec_2019_1245pm2334.71370023586_2335.13163309805.wav
2948,Exp_06_Jan_2020_0845am,SW_Nikita,160.631825590218,161.519682733075,3300.0,29,Whistle3739,/lustre/fsn1/projects/rech/vzf/uqe97pu/raw_data/all_categories/SW_NikitaExp_06_Jan_2020_0845am160.631825590218_161.519682733075.wav
3031,Exp_15_Dec_2019_1245pm,SW_Nikita,42.9654641894353,43.6250931647003,3300.0,31,Whistle4496,/lustre/fsn1/projects/rech/vzf/uqe97pu/raw_data/all_categories/SW_NikitaExp_15_Dec_2019_1245pm42.9654641894353_43.6250931647003.wav
3420,Exp_15_Feb_2020_0945am,SW_Nikita,1455.44334574917,1455.60502795256,3300.0,34,Whistle4643,/lustre/fsn1/projects/rech/vzf/uqe97pu/raw_data/all_categories/SW_NikitaExp_15_Feb_2020_0945am1455.44334574917_1455.60502795256.wav
3495,Exp_03_Mar_2020_1345pm,SW_Nikita,1834.10111367038,1834.59447573934,3000.0,36,Whistle3763,/lustre/fsn1/projects/rech/vzf/uqe97pu/raw_data/all_categories/SW_NikitaExp_03_Mar_2020_1345pm1834.10111367038_1834.59447573934.wav
2996,Exp_23_Nov_2019_1345pm,SW_Nikita,2118.97720077131,2119.60499071976,3000.0,30,Whistle4277,/lustre/fsn1/projects/rech/vzf/uqe97pu/raw_data/all_categories/SW_NikitaExp_23_Nov_2019_1345pm2118.97720077131_2119.60499071976.wav
2848,Exp_22_Nov_2019_1345pm,SW_Nikita,21.21083655199,22.520023831142,3600.0,25,Whistle5042,/lustre/fsn1/projects/rech/vzf/uqe97pu/raw_data/all_categories/SW_NikitaExp_22_Nov_2019_1345pm21.21083655199_22.520023831142.wav
3515,Exp_21_Nov_2019_1345pm,SW_Nikita,383.140402137665,383.676819294528,3600.0,36,Whistle4203,/lustre/fsn1/projects/rech/vzf/uqe97pu/raw_data/all_categories/SW_NikitaExp_21_Nov_2019_1345pm383.140402137665_383.676819294528.wav
2877,Exp_07_Dec_2019_1145am,SW_Nikita,1429.11021055125,1430.38262990609,3300.0,27,Whistle3846,/lustre/fsn1/projects/rech/vzf/uqe97pu/raw_data/all_categories/SW_NikitaExp_07_Dec_2019_1145am1429.11021055125_1430.38262990609.wav
2885,Exp_22_Nov_2019_1345pm,SW_Nikita,300.990836085656,302.080839113442,3600.0,27,Whistle4702,/lustre/fsn1/projects/rech/vzf/uqe97pu/raw_data/all_categories/SW_NikitaExp_22_Nov_2019_1345pm300.990836085656_302.080839113442.wav
3562,Exp_01_Jan_2020_0845am,SW_Nikita,551.821672186885,552.030855860355,3300.0,38,Whistle3812,/lustre/fsn1/projects/rech/vzf/uqe97pu/raw_data/all_categories/SW_NikitaExp_01_Jan_2020_0845am551.821672186885_552.030855860355.wav
3049,Exp_11_Jan_2020_1345pm,SW_Nikita,385.06598266654,385.685593819235,3300.0,31,Whistle4841,/lustre/fsn1/projects/rech/vzf/uqe97pu/raw_data/all_categories/SW_NikitaExp_11_Jan_2020_1345pm385.06598266654_385.685593819235.wav
2998,Exp_23_Nov_2019_1345pm,SW_Nikita,2133.59701822798,2134.11063674785,3000.0,30,Whistle4455,/lustre/fsn1/projects/rech/vzf/uqe97pu/raw_data/all_categories/SW_NikitaExp_23_Nov_2019_1345pm2133.59701822798_2134.11063674785.wav
2760,Exp_02_Jan_2020_1245pm,SW_Nikita,3037.19920545214,3038.41416412982,3300.0,25,Whistle3480,/lustre/fsn1/projects/rech/vzf/uqe97pu/raw_data/all_categories/SW_NikitaExp_02_Jan_2020_1245pm3037.19920545214_3038.41416412982.wav
3638,Exp_16_Jan_2020_0945am,SW_Nikita,125.740381031458,126.230382516311,3300.0,39,Whistle4768,/lustre/fsn1/projects/rech/vzf/uqe97pu/raw_data/all_categories/SW_NikitaExp_16_Jan_2020_0945am125.740381031458_126.230382516311.wav
3637,Exp_14_Dec_2019_0945am,SW_Nikita,228.730693123312,228.975693865739,3300.0,39,Whistle4758,/lustre/fsn1/projects/rech/vzf/uqe97pu/raw_data/all_categories/SW_NikitaExp_14_Dec_2019_0945am228.730693123312_228.975693865739.wav
3534,Exp_15_Feb_2020_0945am,SW_Nikita,3102.74932786682,3103.2997175029,3300.0,36,Whistle4730,/lustre/fsn1/projects/rech/vzf/uqe97pu/raw_data/all_categories/SW_NikitaExp_15_Feb_2020_0945am3102.74932786682_3103.2997175029.wav
3155,Exp_22_Nov_2019_1145am,SW_Nikita,1275.47116007792,1276.00174276022,3600.0,32,Whistle3894,/lustre/fsn1/projects/rech/vzf/uqe97pu/raw_data/all_categories/SW_NikitaExp_22_Nov_2019_1145am1275.47116007792_1276.00174276022.wav
3289,Exp_22_Nov_2019_1245pm,SW_Nikita,3367.66000455284,3368.19114170562,3600.0,33,Whistle4638,/lustre/fsn1/projects/rech/vzf/uqe97pu/raw_data/all_categories/SW_NikitaExp_22_Nov_2019_1245pm3367.66000455284_3368.19114170562.wav
2886,Exp_04_Feb_2020_1145am,SW_Nikita,2822.83990438818,2823.81022119259,3300.0,28,Whistle3492,/lustre/fsn1/projects/rech/vzf/uqe97pu/raw_data/all_categories/SW_NikitaExp_04_Feb_2020_1145am2822.83990438818_2823.81022119259.wav
3038,Exp_12_Dec_2019_1245pm,SW_Nikita,3191.2163699207,3191.98820793675,3300.0,31,Whistle4662,/lustre/fsn1/projects/rech/vzf/uqe97pu/raw_data/all_categories/SW_NikitaExp_12_Dec_2019_1245pm3191.2163699207_3191.98820793675.wav
3449,Exp_22_Nov_2019_1245pm,SW_Nikita,686.467416875279,686.961122566704,3600.0,34,Whistle5026,/lustre/fsn1/projects/rech/vzf/uqe97pu/raw_data/all_categories/SW_NikitaExp_22_Nov_2019_1245pm686.467416875279_686.961122566704.wav
2876,Exp_07_Dec_2019_0945am,SW_Nikita,99.4159227527271,100.135269257286,3300.0,27,Whistle3844,/lustre/fsn1/projects/rech/vzf/uqe97pu/raw_data/all_categories/SW_NikitaExp_07_Dec_2019_0945am99.4159227527271_100.135269257286.wav
2988,Exp_09_Jan_2020_1245pm,SW_Nikita,2695.1942014166,2696.10811767276,3300.0,30,Whistle3499,/lustre/fsn1/projects/rech/vzf/uqe97pu/raw_data/all_categories/SW_NikitaExp_09_Jan_2020_1245pm2695.1942014166_2696.10811767276.wav
3380,Exp_15_Dec_2019_1245pm,SW_Nikita,2410.46229551099,2410.90759241718,3300.0,34,Whistle4084,/lustre/fsn1/projects/rech/vzf/uqe97pu/raw_data/all_categories/SW_NikitaExp_15_Dec_2019_1245pm2410.46229551099_2410.90759241718.wav
3413,Exp_15_Dec_2019_1245pm,SW_Nikita,2084.84073122143,2085.28974023044,3300.0,34,Whistle4500,/lustre/fsn1/projects/rech/vzf/uqe97pu/raw_data/all_categories/SW_NikitaExp_15_Dec_2019_1245pm2084.84073122143_2085.28974023044.wav
3577,Exp_12_Dec_2019_0945am,SW_Nikita,52.9000120637632,52.9965718944924,3300.0,39,Whistle3857,/lustre/fsn1/projects/rech/vzf/uqe97pu/raw_data/all_categories/SW_NikitaExp_12_Dec_2019_0945am52.9000120637632_52.9965718944924.wav
3583,Exp_17_Feb_2020_1045am,SW_Nikita,3024.95416652778,3025.07916690657,3300.0,39,Whistle4749,/lustre/fsn1/projects/rech/vzf/uqe97pu/raw_data/all_categories/SW_NikitaExp_17_Feb_2020_1045am3024.95416652778_3025.07916690657.wav
3034,Exp_16_Dec_2019_1545pm,SW_Nikita,91.9207700279514,92.5498818700567,3300.0,31,Whistle4519,/lustre/fsn1/projects/rech/vzf/uqe97pu/raw_data/all_categories/SW_NikitaExp_16_Dec_2019_1545pm91.9207700279514_92.5498818700567.wav
3078,Exp_05_Dec_2019_1145am,SW_Nikita,323.021076736922,323.470964377372,3000.0,32,Whistle3529,/lustre/fsn1/projects/rech/vzf/uqe97pu/raw_data/all_categories/SW_NikitaExp_05_Dec_2019_1145am323.021076736922_323.470964377372.wav
3364,Exp_15_Dec_2019_1245pm,SW_Nikita,42.0152127431978,42.3612797721833,3300.0,34,Whistle3875,/lustre/fsn1/projects/rech/vzf/uqe97pu/raw_data/all_categories/SW_NikitaExp_15_Dec_2019_1245pm42.0152127431978_42.3612797721833.wav
2904,Exp_02_Feb_2020_1245pm,SW_Nikita,1966.07595780593,1966.68595965442,3300.0,28,Whistle3833,/lustre/fsn1/projects/rech/vzf/uqe97pu/raw_data/all_categories/SW_NikitaExp_02_Feb_2020_1245pm1966.07595780593_1966.68595965442.wav
3456,Exp_06_Jan_2020_1245pm,SW_Nikita,2467.70598693863,2468.33949668793,3300.0,35,Whistle3624,/lustre/fsn1/projects/rech/vzf/uqe97pu/raw_data/all_categories/SW_NikitaExp_06_Jan_2020_1245pm2467.70598693863_2468.33949668793.wav
3474,Exp_28_Nov_2019_1345pm,SW_Nikita,231.2920819738,231.715418779356,3000.0,35,Whistle4559,/lustre/fsn1/projects/rech/vzf/uqe97pu/raw_data/all_categories/SW_NikitaExp_28_Nov_2019_1345pm231.2920819738_231.715418779356.wav
3567,Exp_22_Nov_2019_1245pm,SW_Nikita,3419.21666854203,3419.52867710459,3600.0,38,Whistle3896,/lustre/fsn1/projects/rech/vzf/uqe97pu/raw_data/all_categories/SW_NikitaExp_22_Nov_2019_1245pm3419.21666854203_3419.52867710459.wav
3400,Exp_24_Nov_2019_1245pm,SW_Nikita,2698.82947043018,2699.30502466868,3000.0,34,Whistle4285,/lustre/fsn1/projects/rech/vzf/uqe97pu/raw_data/all_categories/SW_NikitaExp_24_Nov_2019_1245pm2698.82947043018_2699.30502466868.wav
3129,Exp_05_Dec_2019_1145am,SW_Nikita,358.421194737316,358.956100397693,3000.0,32,Whistle3613,/lustre/fsn1/projects/rech/vzf/uqe97pu/raw_data/all_categories/SW_NikitaExp_05_Dec_2019_1145am358.421194737316_358.956100397693.wav
3028,Exp_28_Nov_2019_0945am,SW_Nikita,1091.3175995486,1091.91468241482,3000.0,31,Whistle4310,/lustre/fsn1/projects/rech/vzf/uqe97pu/raw_data/all_categories/SW_NikitaExp_28_Nov_2019_0945am1091.3175995486_1091.91468241482.wav
3381,Exp_15_Feb_2020_1045am,SW_Nikita,3250.3158244399,3250.90188133766,3300.0,34,Whistle4090,/lustre/fsn1/projects/rech/vzf/uqe97pu/raw_data/all_categories/SW_NikitaExp_15_Feb_2020_1045am3250.3158244399_3250.90188133766.wav
3067,Exp_03_Feb_2020_0845am,SW_Nikita,2972.49678837819,2972.95274864309,3300.0,32,Whistle3508,/lustre/fsn1/projects/rech/vzf/uqe97pu/raw_data/all_categories/SW_NikitaExp_03_Feb_2020_0845am2972.49678837819_2972.95274864309.wav
3183,Exp_21_Nov_2019_0945am,SW_Nikita,3079.17185824471,3079.71862117575,3600.0,32,Whistle4190,/lustre/fsn1/projects/rech/vzf/uqe97pu/raw_data/all_categories/SW_NikitaExp_21_Nov_2019_0945am3079.17185824471_3079.71862117575.wav
3070,Exp_03_Jan_2020_1045am,SW_Nikita,2691.83815708532,2692.10297190014,3300.0,32,Whistle3511,/lustre/fsn1/projects/rech/vzf/uqe97pu/raw_data/all_categories/SW_NikitaExp_03_Jan_2020_1045am2691.83815708532_2692.10297190014.wav
3114,Exp_08_Dec_2019_1045am,SW_Nikita,1677.0650820154,1677.54497675224,3300.0,32,Whistle3581,/lustre/fsn1/projects/rech/vzf/uqe97pu/raw_data/all_categories/SW_NikitaExp_08_Dec_2019_1045am1677.0650820154_1677.54497675224.wav
2806,Exp_23_Nov_2019_0945am,SW_Nikita,2348.84513898892,2350.09780850815,3000.0,25,Whistle4363,/lustre/fsn1/projects/rech/vzf/uqe97pu/raw_data/all_categories/SW_NikitaExp_23_Nov_2019_0945am2348.84513898892_2350.09780850815.wav
3109,Exp_07_Jan_2020_1045am,SW_Nikita,1884.74071133549,1885.22060607233,3300.0,32,Whistle3573,/lustre/fsn1/projects/rech/vzf/uqe97pu/raw_data/all_categories/SW_NikitaExp_07_Jan_2020_1045am1884.74071133549_1885.22060607233.wav
3131,Exp_07_Dec_2019_0945am,SW_Nikita,591.844333417292,592.288805075499,3300.0,32,Whistle3625,/lustre/fsn1/projects/rech/vzf/uqe97pu/raw_data/all_categories/SW_NikitaExp_07_Dec_2019_0945am591.844333417292_592.288805075499.wav
3239,Exp_12_Dec_2019_1245pm,SW_Nikita,3041.35827918491,3041.80540185572,3300.0,32,Whistle4865,/lustre/fsn1/projects/rech/vzf/uqe97pu/raw_data/all_categories/SW_NikitaExp_12_Dec_2019_1245pm3041.35827918491_3041.80540185572.wav
3492,Exp_10_Jan_2020_1545pm,SW_Nikita,399.240856121357,399.513614093295,3300.0,36,Whistle3721,/lustre/fsn1/projects/rech/vzf/uqe97pu/raw_data/all_categories/SW_NikitaExp_10_Jan_2020_1545pm399.240856121357_399.513614093295.wav
3021,Exp_22_Nov_2019_1145am,SW_Nikita,3442.17270795579,3442.99738338569,3600.0,31,Whistle4216,/lustre/fsn1/projects/rech/vzf/uqe97pu/raw_data/all_categories/SW_NikitaExp_22_Nov_2019_1145am3442.17270795579_3442.99738338569.wav
2955,Exp_07_Jan_2020_1345pm,SW_Nikita,891.720397419951,892.361622910147,3300.0,29,Whistle3750,/lustre/fsn1/projects/rech/vzf/uqe97pu/raw_data/all_categories/SW_NikitaExp_07_Jan_2020_1345pm891.720397419951_892.361622910147.wav
3647,Exp_17_Jan_2020_0945am,SW_Nikita,90.7300904539855,91.2952280686644,3300.0,39,Whistle4996,/lustre/fsn1/projects/rech/vzf/uqe97pu/raw_data/all_categories/SW_NikitaExp_17_Jan_2020_0945am90.7300904539855_91.2952280686644.wav
3502,Exp_12_Dec_2019_1245pm,SW_Nikita,2865.12948727715,2865.34867619382,3300.0,36,Whistle3860,/lustre/fsn1/projects/rech/vzf/uqe97pu/raw_data/all_categories/SW_NikitaExp_12_Dec_2019_1245pm2865.12948727715_2865.34867619382.wav
2867,Exp_17_Feb_2020_1045am,SW_Nikita,3057.89438841511,3058.45834601228,3300.0,26,Whistle4979,/lustre/fsn1/projects/rech/vzf/uqe97pu/raw_data/all_categories/SW_NikitaExp_17_Feb_2020_1045am3057.89438841511_3058.45834601228.wav
3624,Exp_17_Jan_2020_1145am,SW_Nikita,1791.62736087118,1791.78055405299,3300.0,39,Whistle4609,/lustre/fsn1/projects/rech/vzf/uqe97pu/raw_data/all_categories/SW_NikitaExp_17_Jan_2020_1145am1791.62736087118_1791.78055405299.wav
2819,Exp_17_Dec_2019_0945am,SW_Nikita,2499.76852931383,2500.91658585093,3300.0,25,Whistle4470,/lustre/fsn1/projects/rech/vzf/uqe97pu/raw_data/all_categories/SW_NikitaExp_17_Dec_2019_0945am2499.76852931383_2500.91658585093.wav
3416,Exp_17_Dec_2019_0945am,SW_Nikita,2617.64374452297,2618.02669025941,3300.0,34,Whistle4535,/lustre/fsn1/projects/rech/vzf/uqe97pu/raw_data/all_categories/SW_NikitaExp_17_Dec_2019_0945am2617.64374452297_2618.02669025941.wav
3023,Exp_22_Nov_2019_1245pm,SW_Nikita,685.396368175431,685.937775570719,3600.0,31,Whistle4227,/lustre/fsn1/projects/rech/vzf/uqe97pu/raw_data/all_categories/SW_NikitaExp_22_Nov_2019_1245pm685.396368175431_685.937775570719.wav
3601,Exp_12_Dec_2019_1245pm,SW_Nikita,1918.2336106295,1918.75074349664,3300.0,39,Whistle15675,/lustre/fsn1/projects/rech/vzf/uqe97pu/raw_data/all_categories/SW_NikitaExp_12_Dec_2019_1245pm1918.2336106295_1918.75074349664.wav
2860,Exp_11_Dec_2019_1145am,SW_Nikita,1425.43364636214,1426.17292791852,3300.0,26,Whistle4007,/lustre/fsn1/projects/rech/vzf/uqe97pu/raw_data/all_categories/SW_NikitaExp_11_Dec_2019_1145am1425.43364636214_1426.17292791852.wav
3203,Exp_28_Nov_2019_0945am,SW_Nikita,291.070373929467,291.657311112208,3000.0,32,Whistle4305,/lustre/fsn1/projects/rech/vzf/uqe97pu/raw_data/all_categories/SW_NikitaExp_28_Nov_2019_0945am291.070373929467_291.657311112208.wav
7238,Exp_16_Feb_2020_1345pm,SW_Shy,618.641874672347,619.281876611747,3300.0,62,Whistle13416,/lustre/fsn1/projects/rech/vzf/uqe97pu/raw_data/all_categories/SW_ShyExp_16_Feb_2020_1345pm618.641874672347_619.281876611747.wav
7208,13-11-19-1221,SW_Shy,2067.64074400207,2068.95340593388,3600.0,62,Whistle13308,/lustre/fsn1/projects/rech/vzf/uqe97pu/raw_data/all_categories/SW_Shy13-11-19-12212067.64074400207_2068.95340593388.wav
7230,Exp_10_Mar_2020_0845am,SW_Shy,330.296100987003,331.611105370351,3000.0,62,Whistle13342,/lustre/fsn1/projects/rech/vzf/uqe97pu/raw_data/all_categories/SW_ShyExp_10_Mar_2020_0845am330.296100987003_331.611105370351.wav
7239,Exp_16_Nov_2019_1045am,SW_Shy,1464.23906733074,1464.89906916408,3600.0,62,Whistle13418,/lustre/fsn1/projects/rech/vzf/uqe97pu/raw_data/all_categories/SW_ShyExp_16_Nov_2019_1045am1464.23906733074_1464.89906916408.wav
7226,Exp_07_Jan_2020_0845am,SW_Shy,2803.15349440453,2803.93349676817,3300.0,62,Whistle13331,/lustre/fsn1/projects/rech/vzf/uqe97pu/raw_data/all_categories/SW_ShyExp_07_Jan_2020_0845am2803.15349440453_2803.93349676817.wav
7236,Exp_17_Dec_2019_0945am,SW_Shy,1342.01117201533,1342.72103914895,3300.0,62,Whistle13387,/lustre/fsn1/projects/rech/vzf/uqe97pu/raw_data/all_categories/SW_ShyExp_17_Dec_2019_0945am1342.01117201533_1342.72103914895.wav
7218,Exp_05_Feb_2020_1545pm,SW_Shy,1182.03358191995,1183.14858529874,3300.0,62,Whistle13319,/lustre/fsn1/projects/rech/vzf/uqe97pu/raw_data/all_categories/SW_ShyExp_05_Feb_2020_1545pm1182.03358191995_1183.14858529874.wav
7278,Exp_20_Nov_2019_1145am,SW_Shy,945.377626048961,946.372628812858,3600.0,64,Whistle13420,/lustre/fsn1/projects/rech/vzf/uqe97pu/raw_data/all_categories/SW_ShyExp_20_Nov_2019_1145am945.377626048961_946.372628812858.wav
7212,Exp_04_Feb_2020_1145am,SW_Shy,179.825544925894,180.265546259231,3300.0,62,Whistle13313,/lustre/fsn1/projects/rech/vzf/uqe97pu/raw_data/all_categories/SW_ShyExp_04_Feb_2020_1145am179.825544925894_180.265546259231.wav
7220,Exp_05_Jan_2020_1545pm,SW_Shy,404.291225124925,404.931227064324,3300.0,62,Whistle13322,/lustre/fsn1/projects/rech/vzf/uqe97pu/raw_data/all_categories/SW_ShyExp_05_Jan_2020_1545pm404.291225124925_404.931227064324.wav
7257,Exp_17_Jan_2020_1345pm,SW_Shy,14.0750426516444,15.1350458637753,3300.0,63,Whistle13368,/lustre/fsn1/projects/rech/vzf/uqe97pu/raw_data/all_categories/SW_ShyExp_17_Jan_2020_1345pm14.0750426516444_15.1350458637753.wav
7241,Exp_21_Nov_2019_1145am,SW_Shy,1363.82603851052,1364.85241351052,3600.0,62,Whistle13423,/lustre/fsn1/projects/rech/vzf/uqe97pu/raw_data/all_categories/SW_ShyExp_21_Nov_2019_1145am1363.82603851052_1364.85241351052.wav
7275,Exp_26_Nov_2019_0845am,SW_Shy,67.6419627388871,68.2420051117684,3000.0,64,Whistle13395,/lustre/fsn1/projects/rech/vzf/uqe97pu/raw_data/all_categories/SW_ShyExp_26_Nov_2019_0845am67.6419627388871_68.2420051117684.wav
7243,Exp_16_Jan_2020_1345pm,SW_Shy,104.06541087569,104.333786671869,3300.0,62,Whistle13435,/lustre/fsn1/projects/rech/vzf/uqe97pu/raw_data/all_categories/SW_ShyExp_16_Jan_2020_1345pm104.06541087569_104.333786671869.wav
7276,Exp_14_Dec_2019_0945am,SW_Shy,387.466174139922,387.766175049015,3300.0,64,Whistle13399,/lustre/fsn1/projects/rech/vzf/uqe97pu/raw_data/all_categories/SW_ShyExp_14_Dec_2019_0945am387.466174139922_387.766175049015.wav
7253,Exp_01_Jan_2020_1345pm,SW_Shy,1114.59337755569,1115.90838154055,3300.0,63,Whistle13337,/lustre/fsn1/projects/rech/vzf/uqe97pu/raw_data/all_categories/SW_ShyExp_01_Jan_2020_1345pm1114.59337755569_1115.90838154055.wav
7281,Exp_17_Dec_2019_1145am,SW_Shy,1260.25881957218,1261.13147443944,3300.0,64,Whistle13449,/lustre/fsn1/projects/rech/vzf/uqe97pu/raw_data/all_categories/SW_ShyExp_17_Dec_2019_1145am1260.25881957218_1261.13147443944.wav
7269,Exp_11_Jan_2020_0945am,SW_Shy,521.576580535093,522.191582398734,3300.0,64,Whistle13376,/lustre/fsn1/projects/rech/vzf/uqe97pu/raw_data/all_categories/SW_ShyExp_11_Jan_2020_0945am521.576580535093_522.191582398734.wav
7263,Exp_04_Jan_2020_1145am,SW_Shy,178.640541334974,179.225543107706,3300.0,64,Whistle13349,/lustre/fsn1/projects/rech/vzf/uqe97pu/raw_data/all_categories/SW_ShyExp_04_Jan_2020_1145am178.640541334974_179.225543107706.wav
7248,Exp_14_Feb_2020_1345pm,SW_Shy,508.989267304968,509.621218983209,3300.0,62,Whistle13400,/lustre/fsn1/projects/rech/vzf/uqe97pu/raw_data/all_categories/SW_ShyExp_14_Feb_2020_1345pm508.989267304968_509.621218983209.wav
7217,Exp_05_Feb_2020_0945am,SW_Shy,1023.13310040333,1024.1581035094,3300.0,62,Whistle13318,/lustre/fsn1/projects/rech/vzf/uqe97pu/raw_data/all_categories/SW_ShyExp_05_Feb_2020_0945am1023.13310040333_1024.1581035094.wav
7272,Exp_11_Mar_2020_0945am,SW_Shy,886.912956376521,887.422958076527,3000.0,64,Whistle13380,/lustre/fsn1/projects/rech/vzf/uqe97pu/raw_data/all_categories/SW_ShyExp_11_Mar_2020_0945am886.912956376521_887.422958076527.wav
7213,Exp_04_Feb_2020_1245pm,SW_Shy,2617.56293200888,2618.48293479677,3300.0,62,Whistle13314,/lustre/fsn1/projects/rech/vzf/uqe97pu/raw_data/all_categories/SW_ShyExp_04_Feb_2020_1245pm2617.56293200888_2618.48293479677.wav
7255,Exp_02_Feb_2020_1545pm,SW_Shy,1940.09587907842,1941.41088306328,3300.0,63,Whistle13344,/lustre/fsn1/projects/rech/vzf/uqe97pu/raw_data/all_categories/SW_ShyExp_02_Feb_2020_1545pm1940.09587907842_1941.41088306328.wav
7242,Exp_22_Nov_2019_0845am,SW_Shy,861.950205700107,862.826397870925,3600.0,62,Whistle13427,/lustre/fsn1/projects/rech/vzf/uqe97pu/raw_data/all_categories/SW_ShyExp_22_Nov_2019_0845am861.950205700107_862.826397870925.wav
7270,Exp_11_Jan_2020_0945am,SW_Shy,401.20121576126,401.771217488538,3300.0,64,Whistle13377,/lustre/fsn1/projects/rech/vzf/uqe97pu/raw_data/all_categories/SW_ShyExp_11_Jan_2020_0945am401.20121576126_401.771217488538.wav
7250,Exp_07_Dec_2019_1245pm,SW_Shy,1829.78165377336,1831.27052528034,3300.0,63,Whistle13328,/lustre/fsn1/projects/rech/vzf/uqe97pu/raw_data/all_categories/SW_ShyExp_07_Dec_2019_1245pm1829.78165377336_1831.27052528034.wav
7262,Exp_02_Feb_2020_1545pm,SW_Shy,1913.7657992903,1914.77080233576,3300.0,64,Whistle13345,/lustre/fsn1/projects/rech/vzf/uqe97pu/raw_data/all_categories/SW_ShyExp_02_Feb_2020_1545pm1913.7657992903_1914.77080233576.wav
7224,Exp_06_Mar_2020_1545pm,SW_Shy,729.672432241441,730.657435524785,3000.0,62,Whistle13327,/lustre/fsn1/projects/rech/vzf/uqe97pu/raw_data/all_categories/SW_ShyExp_06_Mar_2020_1545pm729.672432241441_730.657435524785.wav
7247,Exp_01_Jan_2020_1345pm,SW_Shy,1115.69304106508,1116.29155138957,3300.0,62,Whistle13356,/lustre/fsn1/projects/rech/vzf/uqe97pu/raw_data/all_categories/SW_ShyExp_01_Jan_2020_1345pm1115.69304106508_1116.29155138957.wav
7264,Exp_15_Jan_2020_1045am,SW_Shy,2525.33765253834,2526.36265564441,3300.0,64,Whistle13362,/lustre/fsn1/projects/rech/vzf/uqe97pu/raw_data/all_categories/SW_ShyExp_15_Jan_2020_1045am2525.33765253834_2526.36265564441.wav
7288,Exp_11_Mar_2020_1545pm,SW_Shy,908.986332829061,909.531286957501,3000.0,65,Whistle13383,/lustre/fsn1/projects/rech/vzf/uqe97pu/raw_data/all_categories/SW_ShyExp_11_Mar_2020_1545pm908.986332829061_909.531286957501.wav
7215,Exp_05_Dec_2019_1245pm,SW_Shy,2653.78165127896,2654.38294757526,3000.0,62,Whistle13316,/lustre/fsn1/projects/rech/vzf/uqe97pu/raw_data/all_categories/SW_ShyExp_05_Dec_2019_1245pm2653.78165127896_2654.38294757526.wav
7258,Exp_14_Jan_2020_1045am,SW_Shy,947.674895367573,948.999389952411,2194.90133333334,63,Whistle13357,/lustre/fsn1/projects/rech/vzf/uqe97pu/raw_data/all_categories/SW_ShyExp_14_Jan_2020_1045am947.674895367573_948.999389952411.wav
7261,Exp_01_Jan_2020_1345pm,SW_Shy,1116.5084101774,1116.94296044195,3300.0,64,Whistle13340,/lustre/fsn1/projects/rech/vzf/uqe97pu/raw_data/all_categories/SW_ShyExp_01_Jan_2020_1345pm1116.5084101774_1116.94296044195.wav
7227,Exp_07_Jan_2020_1345pm,SW_Shy,2634.03798193328,2634.73298403935,3300.0,62,Whistle13335,/lustre/fsn1/projects/rech/vzf/uqe97pu/raw_data/all_categories/SW_ShyExp_07_Jan_2020_1345pm2634.03798193328_2634.73298403935.wav
7274,Exp_20_Nov_2019_1145am,SW_Shy,954.523961634367,955.134245477162,3600.0,64,Whistle13391,/lustre/fsn1/projects/rech/vzf/uqe97pu/raw_data/all_categories/SW_ShyExp_20_Nov_2019_1145am954.523961634367_955.134245477162.wav
7233,Exp_15_Feb_2020_1245pm,SW_Shy,1454.85297382166,1455.41279990862,3300.0,62,Whistle13359,/lustre/fsn1/projects/rech/vzf/uqe97pu/raw_data/all_categories/SW_ShyExp_15_Feb_2020_1245pm1454.85297382166_1455.41279990862.wav
7252,Exp_07_Jan_2020_1345pm,SW_Shy,2205.10668214146,2206.13168524753,3300.0,63,Whistle13334,/lustre/fsn1/projects/rech/vzf/uqe97pu/raw_data/all_categories/SW_ShyExp_07_Jan_2020_1345pm2205.10668214146_2206.13168524753.wav
7221,Exp_05_Mar_2020_1545pm,SW_Shy,2432.15810719369,2433.18311061037,3000.0,62,Whistle13323,/lustre/fsn1/projects/rech/vzf/uqe97pu/raw_data/all_categories/SW_ShyExp_05_Mar_2020_1545pm2432.15810719369_2433.18311061037.wav
7285,Exp_07_Dec_2019_1345pm,SW_Shy,1437.10653509249,1437.95679989,3300.0,65,Whistle13354,/lustre/fsn1/projects/rech/vzf/uqe97pu/raw_data/all_categories/SW_ShyExp_07_Dec_2019_1345pm1437.10653509249_1437.95679989.wav
7211,Exp_03_Jan_2020_1045am,SW_Shy,2682.87812993373,2683.68313237313,3300.0,62,Whistle13312,/lustre/fsn1/projects/rech/vzf/uqe97pu/raw_data/all_categories/SW_ShyExp_03_Jan_2020_1045am2682.87812993373_2683.68313237313.wav
7225,Exp_07_Dec_2019_1345pm,SW_Shy,1435.99935151319,1437.31435549805,3300.0,62,Whistle13329,/lustre/fsn1/projects/rech/vzf/uqe97pu/raw_data/all_categories/SW_ShyExp_07_Dec_2019_1345pm1435.99935151319_1437.31435549805.wav
7246,Exp_07_Jan_2020_1345pm,SW_Shy,2205.76668414147,2206.64168679299,3300.0,62,Whistle13355,/lustre/fsn1/projects/rech/vzf/uqe97pu/raw_data/all_categories/SW_ShyExp_07_Jan_2020_1345pm2205.76668414147_2206.64168679299.wav
7216,Exp_05_Dec_2019_1545pm,SW_Shy,724.582415274718,725.227417424725,3000.0,62,Whistle13317,/lustre/fsn1/projects/rech/vzf/uqe97pu/raw_data/all_categories/SW_ShyExp_05_Dec_2019_1545pm724.582415274718_725.227417424725.wav
7273,Exp_11_Jan_2020_0945am,SW_Shy,1017.76548391844,1018.3859505851,3300.0,64,Whistle13385,/lustre/fsn1/projects/rech/vzf/uqe97pu/raw_data/all_categories/SW_ShyExp_11_Jan_2020_0945am1017.76548391844_1018.3859505851.wav
7214,Exp_04_Jan_2020_1045am,SW_Shy,1469.49945302865,1470.26945536199,3300.0,62,Whistle13315,/lustre/fsn1/projects/rech/vzf/uqe97pu/raw_data/all_categories/SW_ShyExp_04_Jan_2020_1045am1469.49945302865_1470.26945536199.wav
7244,Exp_17_Feb_2020_1345pm,SW_Shy,918.377782962979,919.402786069049,3300.0,62,Whistle13445,/lustre/fsn1/projects/rech/vzf/uqe97pu/raw_data/all_categories/SW_ShyExp_17_Feb_2020_1345pm918.377782962979_919.402786069049.wav
7280,Exp_17_Feb_2020_1345pm,SW_Shy,2235.3267737175,2236.06177594478,3300.0,64,Whistle13444,/lustre/fsn1/projects/rech/vzf/uqe97pu/raw_data/all_categories/SW_ShyExp_17_Feb_2020_1345pm2235.3267737175_2236.06177594478.wav
7266,Exp_17_Feb_2020_1545pm,SW_Shy,773.252343188919,774.092345734381,3300.0,64,Whistle13372,/lustre/fsn1/projects/rech/vzf/uqe97pu/raw_data/all_categories/SW_ShyExp_17_Feb_2020_1545pm773.252343188919_774.092345734381.wav
7254,Exp_01_Jan_2020_1345pm,SW_Shy,1117.37838599511,1118.69338997997,3300.0,63,Whistle13338,/lustre/fsn1/projects/rech/vzf/uqe97pu/raw_data/all_categories/SW_ShyExp_01_Jan_2020_1345pm1117.37838599511_1118.69338997997.wav
7287,Exp_05_Dec_2019_1245pm,SW_Shy,2976.59492198307,2976.84492281641,3000.0,65,Whistle13350,/lustre/fsn1/projects/rech/vzf/uqe97pu/raw_data/all_categories/SW_ShyExp_05_Dec_2019_1245pm2976.59492198307_2976.84492281641.wav
7223,Exp_06_Feb_2020_1345pm,SW_Shy,150.221042637744,151.619203622593,3300.0,62,Whistle13325,/lustre/fsn1/projects/rech/vzf/uqe97pu/raw_data/all_categories/SW_ShyExp_06_Feb_2020_1345pm150.221042637744_151.619203622593.wav
7235,Exp_15_Feb_2020_1045am,SW_Shy,3247.12170253249,3247.71243782661,3300.0,62,Whistle13386,/lustre/fsn1/projects/rech/vzf/uqe97pu/raw_data/all_categories/SW_ShyExp_15_Feb_2020_1045am3247.12170253249_3247.71243782661.wav
7249,Exp_05_Feb_2020_1545pm,SW_Shy,1025.64846183601,1027.01807314343,3300.0,63,Whistle13321,/lustre/fsn1/projects/rech/vzf/uqe97pu/raw_data/all_categories/SW_ShyExp_05_Feb_2020_1545pm1025.64846183601_1027.01807314343.wav
7234,Exp_15_Jan_2020_1045am,SW_Shy,3261.83988436329,3262.8598874542,3300.0,62,Whistle13361,/lustre/fsn1/projects/rech/vzf/uqe97pu/raw_data/all_categories/SW_ShyExp_15_Jan_2020_1045am3261.83988436329_3262.8598874542.wav
7256,Exp_17_Dec_2019_1145am,SW_Shy,1257.64585265965,1258.73736917617,3300.0,63,Whistle13436,/lustre/fsn1/projects/rech/vzf/uqe97pu/raw_data/all_categories/SW_ShyExp_17_Dec_2019_1145am1257.64585265965_1258.73736917617.wav
7232,Exp_02_Jan_2020_0845am,SW_Shy,1230.81872975373,1231.83873284465,3300.0,62,Whistle13346,/lustre/fsn1/projects/rech/vzf/uqe97pu/raw_data/all_categories/SW_ShyExp_02_Jan_2020_0845am1230.81872975373_1231.83873284465.wav
7251,Exp_07_Jan_2020_1345pm,SW_Shy,2202.95167561114,2203.97667871721,3300.0,63,Whistle13333,/lustre/fsn1/projects/rech/vzf/uqe97pu/raw_data/all_categories/SW_ShyExp_07_Jan_2020_1345pm2202.95167561114_2203.97667871721.wav
7286,Exp_13_Dec_2019_1545pm,SW_Shy,568.976724171891,570.011727308265,3300.0,65,Whistle13396,/lustre/fsn1/projects/rech/vzf/uqe97pu/raw_data/all_categories/SW_ShyExp_13_Dec_2019_1545pm568.976724171891_570.011727308265.wav
7265,Exp_28_Nov_2019_0945am,SW_Shy,1063.58354527848,1064.7535491785,3000.0,64,Whistle13366,/lustre/fsn1/projects/rech/vzf/uqe97pu/raw_data/all_categories/SW_ShyExp_28_Nov_2019_0945am1063.58354527848_1064.7535491785.wav
7219,Exp_05_Feb_2020_1545pm,SW_Shy,1011.85806623656,1012.72306885778,3300.0,62,Whistle13320,/lustre/fsn1/projects/rech/vzf/uqe97pu/raw_data/all_categories/SW_ShyExp_05_Feb_2020_1545pm1011.85806623656_1012.72306885778.wav
7240,Exp_20_Nov_2019_1245pm,SW_Shy,2591.68719913111,2592.34720096445,3600.0,62,Whistle13422,/lustre/fsn1/projects/rech/vzf/uqe97pu/raw_data/all_categories/SW_ShyExp_20_Nov_2019_1245pm2591.68719913111_2592.34720096445.wav
7284,Exp_06_Jan_2020_0845am,SW_Shy,2183.47300347227,2184.38964580804,3300.0,65,Whistle13353,/lustre/fsn1/projects/rech/vzf/uqe97pu/raw_data/all_categories/SW_ShyExp_06_Jan_2020_0845am2183.47300347227_2184.38964580804.wav
7267,Exp_17_Jan_2020_1245pm,SW_Shy,310.717341745278,311.313241745278,3300.0,64,Whistle13373,/lustre/fsn1/projects/rech/vzf/uqe97pu/raw_data/all_categories/SW_ShyExp_17_Jan_2020_1245pm310.717341745278_311.313241745278.wav
7271,Exp_11_Jan_2020_0945am,SW_Shy,1016.87308143358,1017.7280840245,3300.0,64,Whistle13379,/lustre/fsn1/projects/rech/vzf/uqe97pu/raw_data/all_categories/SW_ShyExp_11_Jan_2020_0945am1016.87308143358_1017.7280840245.wav
7277,Exp_20_Nov_2019_1145am,SW_Shy,965.692682479673,966.477684660235,3600.0,64,Whistle13419,/lustre/fsn1/projects/rech/vzf/uqe97pu/raw_data/all_categories/SW_ShyExp_20_Nov_2019_1145am965.692682479673_966.477684660235.wav
7245,Exp_05_Feb_2020_1345pm,SW_Shy,3154.10955790775,3154.65955957442,3300.0,62,Whistle13351,/lustre/fsn1/projects/rech/vzf/uqe97pu/raw_data/all_categories/SW_ShyExp_05_Feb_2020_1345pm3154.10955790775_3154.65955957442.wav
7237,Exp_14_Dec_2019_0945am,SW_Shy,1066.42226639635,1066.83140335426,3300.0,62,Whistle13398,/lustre/fsn1/projects/rech/vzf/uqe97pu/raw_data/all_categories/SW_ShyExp_14_Dec_2019_0945am1066.42226639635_1066.83140335426.wav
7209,Exp_02_Jan_2020_1245pm,SW_Shy,640.821941884672,641.946945293774,3300.0,62,Whistle13310,/lustre/fsn1/projects/rech/vzf/uqe97pu/raw_data/all_categories/SW_ShyExp_02_Jan_2020_1245pm640.821941884672_641.946945293774.wav
7260,Exp_01_Jan_2020_1345pm,SW_Shy,1108.96836232837,1109.91330913688,3300.0,64,Whistle13339,/lustre/fsn1/projects/rech/vzf/uqe97pu/raw_data/all_categories/SW_ShyExp_01_Jan_2020_1345pm1108.96836232837_1109.91330913688.wav
7229,Exp_08_Feb_2020_1345pm,SW_Shy,1412.47928024024,1413.01428186146,3300.0,62,Whistle13341,/lustre/fsn1/projects/rech/vzf/uqe97pu/raw_data/all_categories/SW_ShyExp_08_Feb_2020_1345pm1412.47928024024_1413.01428186146.wav
7210,Exp_03_Feb_2020_1045am,SW_Shy,2674.35310410032,2675.33310707002,3300.0,62,Whistle13311,/lustre/fsn1/projects/rech/vzf/uqe97pu/raw_data/all_categories/SW_ShyExp_03_Feb_2020_1045am2674.35310410032_2675.33310707002.wav
7231,Exp_02_Feb_2020_1545pm,SW_Shy,1915.0558031994,1916.37080718426,3300.0,62,Whistle13343,/lustre/fsn1/projects/rech/vzf/uqe97pu/raw_data/all_categories/SW_ShyExp_02_Feb_2020_1545pm1915.0558031994_1916.37080718426.wav
7283,Exp_20_Nov_2019_1145am,SW_Shy,948.919406798989,949.232635965655,3600.0,65,Whistle13374,/lustre/fsn1/projects/rech/vzf/uqe97pu/raw_data/all_categories/SW_ShyExp_20_Nov_2019_1145am948.919406798989_949.232635965655.wav
7282,Exp_27_Nov_2019_1345pm,SW_Shy,1805.21101737006,1805.46101820339,3000.0,65,Whistle13405,/lustre/fsn1/projects/rech/vzf/uqe97pu/raw_data/all_categories/SW_ShyExp_27_Nov_2019_1345pm1805.21101737006_1805.46101820339.wav
7228,Exp_01_Jan_2020_1345pm,SW_Shy,1110.12836402535,1111.44336801021,3300.0,62,Whistle13336,/lustre/fsn1/projects/rech/vzf/uqe97pu/raw_data/all_categories/SW_ShyExp_01_Jan_2020_1345pm1110.12836402535_1111.44336801021.wav
7268,Exp_11_Dec_2019_1145am,SW_Shy,385.906169412635,386.366170806578,3300.0,64,Whistle13375,/lustre/fsn1/projects/rech/vzf/uqe97pu/raw_data/all_categories/SW_ShyExp_11_Dec_2019_1145am385.906169412635_386.366170806578.wav
7279,Exp_17_Jan_2020_1345pm,SW_Shy,332.266006866687,332.686008139419,3300.0,64,Whistle13433,/lustre/fsn1/projects/rech/vzf/uqe97pu/raw_data/all_categories/SW_ShyExp_17_Jan_2020_1345pm332.266006866687_332.686008139419.wav
7222,Exp_01_Jan_2020_0845am,SW_Shy,684.657074718408,685.552077430538,3300.0,62,Whistle13324,/lustre/fsn1/projects/rech/vzf/uqe97pu/raw_data/all_categories/SW_ShyExp_01_Jan_2020_0845am684.657074718408_685.552077430538.wav
7259,Exp_06_Feb_2020_1345pm,SW_Shy,1266.87883902678,1267.77384173891,3300.0,64,Whistle13326,/lustre/fsn1/projects/rech/vzf/uqe97pu/raw_data/all_categories/SW_ShyExp_06_Feb_2020_1345pm1266.87883902678_1267.77384173891.wav
7030,Exp_07_Jan_2020_1345pm,SW_Yosefa,2206.37168597481,2207.32668886875,3300.0,59,Whistle13018,/lustre/fsn1/projects/rech/vzf/uqe97pu/raw_data/all_categories/SW_YosefaExp_07_Jan_2020_1345pm2206.37168597481_2207.32668886875.wav
7068,Exp_02_Jan_2020_0845am,SW_Yosefa,2783.21843399525,2783.73343555586,3300.0,59,Whistle13083,/lustre/fsn1/projects/rech/vzf/uqe97pu/raw_data/all_categories/SW_YosefaExp_02_Jan_2020_0845am2783.21843399525_2783.73343555586.wav
6797,Exp_04_Jan_2020_1145am,SW_Yosefa,162.440492243916,163.280494789378,3300.0,58,Whistle12727,/lustre/fsn1/projects/rech/vzf/uqe97pu/raw_data/all_categories/SW_YosefaExp_04_Jan_2020_1145am162.440492243916_163.280494789378.wav
6794,Exp_04_Jan_2020_1045am,SW_Yosefa,2556.30774638711,2557.21274912954,3300.0,58,Whistle12724,/lustre/fsn1/projects/rech/vzf/uqe97pu/raw_data/all_categories/SW_YosefaExp_04_Jan_2020_1045am2556.30774638711_2557.21274912954.wav
7063,Exp_09_Mar_2020_1545pm,SW_Yosefa,890.922969743233,891.652972176574,3000.0,59,Whistle13075,/lustre/fsn1/projects/rech/vzf/uqe97pu/raw_data/all_categories/SW_YosefaExp_09_Mar_2020_1545pm890.922969743233_891.652972176574.wav
7085,Exp_17_Jan_2020_1745pm,SW_Yosefa,2309.23263533671,2309.79812553279,3300.0,59,Whistle13135,/lustre/fsn1/projects/rech/vzf/uqe97pu/raw_data/all_categories/SW_YosefaExp_17_Jan_2020_1745pm2309.23263533671_2309.79812553279.wav
6745,Exp_23_Nov_2019_1145am,SW_Yosefa,1199.68899896333,1200.29900099667,3000.0,57,Whistle13243,/lustre/fsn1/projects/rech/vzf/uqe97pu/raw_data/all_categories/SW_YosefaExp_23_Nov_2019_1145am1199.68899896333_1200.29900099667.wav
6659,Exp_06_Dec_2019_1245pm,SW_Yosefa,155.285517618392,156.050520168401,3000.0,56,Whistle12982,/lustre/fsn1/projects/rech/vzf/uqe97pu/raw_data/all_categories/SW_YosefaExp_06_Dec_2019_1245pm155.285517618392_156.050520168401.wav
7110,Exp_16_Jan_2020_1345pm,SW_Yosefa,138.255418955815,139.345422258855,3300.0,59,Whistle13231,/lustre/fsn1/projects/rech/vzf/uqe97pu/raw_data/all_categories/SW_YosefaExp_16_Jan_2020_1345pm138.255418955815_139.345422258855.wav
6727,Exp_12_Dec_2019_0945am,SW_Yosefa,3187.46109296123,3188.20667786689,3300.0,57,Whistle13098,/lustre/fsn1/projects/rech/vzf/uqe97pu/raw_data/all_categories/SW_YosefaExp_12_Dec_2019_0945am3187.46109296123_3188.20667786689.wav
6847,Exp_05_Mar_2020_1145am,SW_Yosefa,1920.75140250467,1921.66640555469,3000.0,58,Whistle12785,/lustre/fsn1/projects/rech/vzf/uqe97pu/raw_data/all_categories/SW_YosefaExp_05_Mar_2020_1145am1920.75140250467_1921.66640555469.wav
6613,Exp_07_Jan_2020_1345pm,SW_Yosefa,2031.67615659441,2032.05115773078,3300.0,55,Whistle12643,/lustre/fsn1/projects/rech/vzf/uqe97pu/raw_data/all_categories/SW_YosefaExp_07_Jan_2020_1345pm2031.67615659441_2032.05115773078.wav
6637,Exp_06_Mar_2020_1545pm,SW_Yosefa,931.608105360351,932.133107110357,3000.0,56,Whistle12636,/lustre/fsn1/projects/rech/vzf/uqe97pu/raw_data/all_categories/SW_YosefaExp_06_Mar_2020_1545pm931.608105360351_932.133107110357.wav
6672,Exp_09_Feb_2020_1345pm,SW_Yosefa,687.332082824493,688.132085248743,3300.0,56,Whistle13052,/lustre/fsn1/projects/rech/vzf/uqe97pu/raw_data/all_categories/SW_YosefaExp_09_Feb_2020_1345pm687.332082824493_688.132085248743.wav
7140,Exp_06_Feb_2020_1345pm,SW_Yosefa,142.585432077067,143.350434395256,3300.0,60,Whistle12814,/lustre/fsn1/projects/rech/vzf/uqe97pu/raw_data/all_categories/SW_YosefaExp_06_Feb_2020_1345pm142.585432077067_143.350434395256.wav
6658,Exp_06_Dec_2019_1245pm,SW_Yosefa,101.710339034463,102.440341467805,3000.0,56,Whistle12979,/lustre/fsn1/projects/rech/vzf/uqe97pu/raw_data/all_categories/SW_YosefaExp_06_Dec_2019_1245pm101.710339034463_102.440341467805.wav
6584,Exp_05_Dec_2019_1245pm,SW_Yosefa,2758.58919529732,2759.12919709732,3000.0,54,Whistle12619,/lustre/fsn1/projects/rech/vzf/uqe97pu/raw_data/all_categories/SW_YosefaExp_05_Dec_2019_1245pm2758.58919529732_2759.12919709732.wav
6951,Exp_09_Mar_2020_1545pm,SW_Yosefa,300.651002170007,301.18100393668,3000.0,58,Whistle12912,/lustre/fsn1/projects/rech/vzf/uqe97pu/raw_data/all_categories/SW_YosefaExp_09_Mar_2020_1545pm300.651002170007_301.18100393668.wav
6978,Exp_02_Jan_2020_1245pm,SW_Yosefa,3273.63992012097,3274.40492243916,3300.0,59,Whistle12922,/lustre/fsn1/projects/rech/vzf/uqe97pu/raw_data/all_categories/SW_YosefaExp_02_Jan_2020_1245pm3273.63992012097_3274.40492243916.wav
6868,Exp_06_Feb_2020_1145am,SW_Yosefa,210.455637744357,211.575641138306,3300.0,58,Whistle12809,/lustre/fsn1/projects/rech/vzf/uqe97pu/raw_data/all_categories/SW_YosefaExp_06_Feb_2020_1145am210.455637744357_211.575641138306.wav
6713,Exp_07_Jan_2020_0845am,SW_Yosefa,2801.81849035906,2802.82349340453,3300.0,57,Whistle12672,/lustre/fsn1/projects/rech/vzf/uqe97pu/raw_data/all_categories/SW_YosefaExp_07_Jan_2020_0845am2801.81849035906_2802.82349340453.wav
6730,Exp_17_Dec_2019_1345pm,SW_Yosefa,2069.47871265219,2070.34537931886,3300.0,57,Whistle13124,/lustre/fsn1/projects/rech/vzf/uqe97pu/raw_data/all_categories/SW_YosefaExp_17_Dec_2019_1345pm2069.47871265219_2070.34537931886.wav
6631,Exp_06_Dec_2019_1245pm,SW_Yosefa,154.450514835049,155.215517385058,3000.0,56,Whistle12627,/lustre/fsn1/projects/rech/vzf/uqe97pu/raw_data/all_categories/SW_YosefaExp_06_Dec_2019_1245pm154.450514835049_155.215517385058.wav
7204,Exp_15_Feb_2020_1345pm,SW_Yosefa,539.521634914045,540.396637565568,3300.0,61,Whistle13205,/lustre/fsn1/projects/rech/vzf/uqe97pu/raw_data/all_categories/SW_YosefaExp_15_Feb_2020_1345pm539.521634914045_540.396637565568.wav
7020,Exp_06_Mar_2020_1545pm,SW_Yosefa,292.83597611992,293.660978869929,3000.0,59,Whistle12998,/lustre/fsn1/projects/rech/vzf/uqe97pu/raw_data/all_categories/SW_YosefaExp_06_Mar_2020_1545pm292.83597611992_293.660978869929.wav
6692,Exp_14_Dec_2019_0945am,SW_Yosefa,1237.09374876894,1238.03875163258,3300.0,56,Whistle13179,/lustre/fsn1/projects/rech/vzf/uqe97pu/raw_data/all_categories/SW_YosefaExp_14_Dec_2019_0945am1237.09374876894_1238.03875163258.wav
6839,Exp_05_Jan_2020_1045am,SW_Yosefa,3039.22920978548,3040.29421301277,3300.0,58,Whistle12775,/lustre/fsn1/projects/rech/vzf/uqe97pu/raw_data/all_categories/SW_YosefaExp_05_Jan_2020_1045am3039.22920978548_3040.29421301277.wav
7161,Exp_17_Feb_2020_1345pm,SW_Yosefa,2347.0887789761,2347.67811230943,3300.0,60,Whistle13208,/lustre/fsn1/projects/rech/vzf/uqe97pu/raw_data/all_categories/SW_YosefaExp_17_Feb_2020_1345pm2347.0887789761_2347.67811230943.wav
7203,Exp_15_Feb_2020_1145am,SW_Yosefa,1074.35325561593,1075.40825881291,3300.0,61,Whistle13202,/lustre/fsn1/projects/rech/vzf/uqe97pu/raw_data/all_categories/SW_YosefaExp_15_Feb_2020_1145am1074.35325561593_1075.40825881291.wav
6838,Exp_05_Jan_2020_1045am,SW_Yosefa,1040.82815402471,1042.14315800957,3300.0,58,Whistle12774,/lustre/fsn1/projects/rech/vzf/uqe97pu/raw_data/all_categories/SW_YosefaExp_05_Jan_2020_1045am1040.82815402471_1042.14315800957.wav
6916,Exp_01_Jan_2020_1345pm,SW_Yosefa,304.015921260367,304.795923624011,3300.0,58,Whistle12866,/lustre/fsn1/projects/rech/vzf/uqe97pu/raw_data/all_categories/SW_YosefaExp_01_Jan_2020_1345pm304.015921260367_304.795923624011.wav
6843,Exp_05_Jan_2020_1345pm,SW_Yosefa,303.450919548241,304.15092166946,3300.0,58,Whistle12779,/lustre/fsn1/projects/rech/vzf/uqe97pu/raw_data/all_categories/SW_YosefaExp_05_Jan_2020_1345pm303.450919548241_304.15092166946.wav
6766,Exp_02_Mar_2020_1345pm,SW_Yosefa,1074.3835812786,1075.18858396195,3000.0,58,Whistle12689,/lustre/fsn1/projects/rech/vzf/uqe97pu/raw_data/all_categories/SW_YosefaExp_02_Mar_2020_1345pm1074.3835812786_1075.18858396195.wav
7045,Exp_08_Jan_2020_1345pm,SW_Yosefa,2804.08849723787,2804.89849969242,3300.0,59,Whistle13041,/lustre/fsn1/projects/rech/vzf/uqe97pu/raw_data/all_categories/SW_YosefaExp_08_Jan_2020_1345pm2804.08849723787_2804.89849969242.wav
6714,Exp_07_Jan_2020_0945am,SW_Yosefa,2353.14829814734,2353.65687076955,3300.0,57,Whistle12673,/lustre/fsn1/projects/rech/vzf/uqe97pu/raw_data/all_categories/SW_YosefaExp_07_Jan_2020_0945am2353.14829814734_2353.65687076955.wav
7070,Exp_11_Jan_2020_0945am,SW_Yosefa,482.402927024077,483.158421529571,3300.0,59,Whistle13096,/lustre/fsn1/projects/rech/vzf/uqe97pu/raw_data/all_categories/SW_YosefaExp_11_Jan_2020_0945am482.402927024077_483.158421529571.wav
6917,Exp_01_Jan_2020_1345pm,SW_Yosefa,400.256212897615,400.901214852166,3300.0,58,Whistle12867,/lustre/fsn1/projects/rech/vzf/uqe97pu/raw_data/all_categories/SW_YosefaExp_01_Jan_2020_1345pm400.256212897615_400.901214852166.wav
7195,Exp_06_Jan_2020_0945am,SW_Yosefa,1311.55208320419,1312.08582878723,3300.0,61,Whistle13091,/lustre/fsn1/projects/rech/vzf/uqe97pu/raw_data/all_categories/SW_YosefaExp_06_Jan_2020_0945am1311.55208320419_1312.08582878723.wav
6763,Exp_02_Mar_2020_1345pm,SW_Yosefa,2317.05272350908,2317.72272574242,3000.0,58,Whistle12686,/lustre/fsn1/projects/rech/vzf/uqe97pu/raw_data/all_categories/SW_YosefaExp_02_Mar_2020_1345pm2317.05272350908_2317.72272574242.wav
7182,Exp_17_Jan_2020_1345pm,SW_Yosefa,1479.44781474085,1479.48824484838,3300.0,61,Whistle13133,/lustre/fsn1/projects/rech/vzf/uqe97pu/raw_data/all_categories/SW_YosefaExp_17_Jan_2020_1345pm1479.44781474085_1479.48824484838.wav
6934,Exp_08_Jan_2020_1345pm,SW_Yosefa,2186.05162439886,2186.89162694432,3300.0,58,Whistle12888,/lustre/fsn1/projects/rech/vzf/uqe97pu/raw_data/all_categories/SW_YosefaExp_08_Jan_2020_1345pm2186.05162439886_2186.89162694432.wav
6621,Exp_13_Dec_2019_1345pm,SW_Yosefa,3004.45410440638,3004.74410528517,3300.0,55,Whistle13170,/lustre/fsn1/projects/rech/vzf/uqe97pu/raw_data/all_categories/SW_YosefaExp_13_Dec_2019_1345pm3004.45410440638_3004.74410528517.wav
6668,Exp_07_Jan_2020_1245pm,SW_Yosefa,1845.97559386544,1846.86559656241,3300.0,56,Whistle13017,/lustre/fsn1/projects/rech/vzf/uqe97pu/raw_data/all_categories/SW_YosefaExp_07_Jan_2020_1245pm1845.97559386544_1846.86559656241.wav
7191,Exp_02_Jan_2020_1145am,SW_Yosefa,2137.06366642325,2137.84917879074,3300.0,61,Whistle13085,/lustre/fsn1/projects/rech/vzf/uqe97pu/raw_data/all_categories/SW_YosefaExp_02_Jan_2020_1145am2137.06366642325_2137.84917879074.wav
6900,Exp_07_Dec_2019_1245pm,SW_Yosefa,2638.19299452423,2639.50799850909,3300.0,58,Whistle12846,/lustre/fsn1/projects/rech/vzf/uqe97pu/raw_data/all_categories/SW_YosefaExp_07_Dec_2019_1245pm2638.19299452423_2639.50799850909.wav
6790,Exp_01_Feb_2020_1145am,SW_Yosefa,2243.95679986909,2244.98180297516,3300.0,58,Whistle12719,/lustre/fsn1/projects/rech/vzf/uqe97pu/raw_data/all_categories/SW_YosefaExp_01_Feb_2020_1145am2243.95679986909_2244.98180297516.wav
6842,Exp_05_Jan_2020_1145am,SW_Yosefa,3168.44960136243,3169.21460368062,3300.0,58,Whistle12778,/lustre/fsn1/projects/rech/vzf/uqe97pu/raw_data/all_categories/SW_YosefaExp_05_Jan_2020_1145am3168.44960136243_3169.21460368062.wav
6975,Exp_04_Feb_2020_0845am,SW_Yosefa,2951.0439425574,2952.06894566347,3300.0,59,Whistle12658,/lustre/fsn1/projects/rech/vzf/uqe97pu/raw_data/all_categories/SW_YosefaExp_04_Feb_2020_0845am2951.0439425574_2952.06894566347.wav
6660,Exp_06_Dec_2019_1245pm,SW_Yosefa,104.73534911783,105.500351667839,3000.0,56,Whistle12983,/lustre/fsn1/projects/rech/vzf/uqe97pu/raw_data/all_categories/SW_YosefaExp_06_Dec_2019_1245pm104.73534911783_105.500351667839.wav
6949,Exp_09_Mar_2020_1545pm,SW_Yosefa,123.405411351371,124.330414434715,3000.0,58,Whistle12910,/lustre/fsn1/projects/rech/vzf/uqe97pu/raw_data/all_categories/SW_YosefaExp_09_Mar_2020_1545pm123.405411351371_124.330414434715.wav
7139,Exp_06_Feb_2020_1145am,SW_Yosefa,1011.36806475171,1012.42306794869,3300.0,60,Whistle12808,/lustre/fsn1/projects/rech/vzf/uqe97pu/raw_data/all_categories/SW_YosefaExp_06_Feb_2020_1145am1011.36806475171_1012.42306794869.wav
6863,Exp_06_Dec_2019_1345pm,SW_Yosefa,342.521141737139,343.576145253818,3000.0,58,Whistle12803,/lustre/fsn1/projects/rech/vzf/uqe97pu/raw_data/all_categories/SW_YosefaExp_06_Dec_2019_1345pm342.521141737139_343.576145253818.wav
6592,Exp_03_Jan_2020_1045am,SW_Yosefa,2688.4031466762,2688.95314834287,3300.0,54,Whistle12934,/lustre/fsn1/projects/rech/vzf/uqe97pu/raw_data/all_categories/SW_YosefaExp_03_Jan_2020_1045am2688.4031466762_2688.95314834287.wav
6841,Exp_01_Feb_2020_1545pm,SW_Yosefa,457.261385640563,458.286388746633,3300.0,58,Whistle12777,/lustre/fsn1/projects/rech/vzf/uqe97pu/raw_data/all_categories/SW_YosefaExp_01_Feb_2020_1545pm457.261385640563_458.286388746633.wav
7153,Exp_17_Feb_2020_1345pm,SW_Yosefa,2148.58066919315,2148.98967909414,3300.0,60,Whistle13129,/lustre/fsn1/projects/rech/vzf/uqe97pu/raw_data/all_categories/SW_YosefaExp_17_Feb_2020_1345pm2148.58066919315_2148.98967909414.wav
6893,Exp_07_Dec_2019_0845am,SW_Yosefa,2257.92684220255,2259.24184618741,3300.0,58,Whistle12836,/lustre/fsn1/projects/rech/vzf/uqe97pu/raw_data/all_categories/SW_YosefaExp_07_Dec_2019_0845am2257.92684220255_2259.24184618741.wav
6717,Exp_02_Feb_2020_1545pm,SW_Yosefa,234.000709093058,234.52071066882,3300.0,57,Whistle12680,/lustre/fsn1/projects/rech/vzf/uqe97pu/raw_data/all_categories/SW_YosefaExp_02_Feb_2020_1545pm234.000709093058_234.52071066882.wav
7206,Exp_14_Feb_2020_1145am,SW_Yosefa,562.313345250826,563.596239987668,3300.0,61,Whistle13217,/lustre/fsn1/projects/rech/vzf/uqe97pu/raw_data/all_categories/SW_YosefaExp_14_Feb_2020_1145am562.313345250826_563.596239987668.wav
6792,Exp_04_Jan_2020_0945am,SW_Yosefa,2401.47227718872,2402.78728117358,3300.0,58,Whistle12721,/lustre/fsn1/projects/rech/vzf/uqe97pu/raw_data/all_categories/SW_YosefaExp_04_Jan_2020_0945am2401.47227718872_2402.78728117358.wav
6612,Exp_07_Dec_2019_0945am,SW_Yosefa,1053.39319270664,1054.04778634622,3300.0,55,Whistle12640,/lustre/fsn1/projects/rech/vzf/uqe97pu/raw_data/all_categories/SW_YosefaExp_07_Dec_2019_0945am1053.39319270664_1054.04778634622.wav
7162,Exp_16_Dec_2019_1545pm,SW_Yosefa,806.852445007409,807.082445704381,3300.0,60,Whistle13211,/lustre/fsn1/projects/rech/vzf/uqe97pu/raw_data/all_categories/SW_YosefaExp_16_Dec_2019_1545pm806.852445007409_807.082445704381.wav
7065,Exp_10_Dec_2019_1545pm,SW_Yosefa,158.0654789863,158.650480759033,3300.0,59,Whistle13079,/lustre/fsn1/projects/rech/vzf/uqe97pu/raw_data/all_categories/SW_YosefaExp_10_Dec_2019_1545pm158.0654789863_158.650480759033.wav
6774,Exp_03_Jan_2020_1045am,SW_Yosefa,2293.87195112712,2294.82195400592,3300.0,58,Whistle12697,/lustre/fsn1/projects/rech/vzf/uqe97pu/raw_data/all_categories/SW_YosefaExp_03_Jan_2020_1045am2293.87195112712_2294.82195400592.wav
7176,Exp_05_Jan_2020_1545pm,SW_Yosefa,873.492647553477,874.619223311053,3300.0,61,Whistle12660,/lustre/fsn1/projects/rech/vzf/uqe97pu/raw_data/all_categories/SW_YosefaExp_05_Jan_2020_1545pm873.492647553477_874.619223311053.wav
7171,Exp_19_Nov_2019_1145am,SW_Yosefa,2361.42655951822,2362.38156217101,3600.0,60,Whistle13269,/lustre/fsn1/projects/rech/vzf/uqe97pu/raw_data/all_categories/SW_YosefaExp_19_Nov_2019_1145am2361.42655951822_2362.38156217101.wav
6882,Exp_06_Jan_2020_0945am,SW_Yosefa,1586.40980730245,1587.43481040852,3300.0,58,Whistle12825,/lustre/fsn1/projects/rech/vzf/uqe97pu/raw_data/all_categories/SW_YosefaExp_06_Jan_2020_0945am1586.40980730245_1587.43481040852.wav
6638,Exp_07_Dec_2019_0845am,SW_Yosefa,23.3950708941542,24.0100727577962,3300.0,56,Whistle12637,/lustre/fsn1/projects/rech/vzf/uqe97pu/raw_data/all_categories/SW_YosefaExp_07_Dec_2019_0845am23.3950708941542_24.0100727577962.wav
6778,Exp_03_Mar_2020_1345pm,SW_Yosefa,2534.06844689482,2534.59344864483,3000.0,58,Whistle12702,/lustre/fsn1/projects/rech/vzf/uqe97pu/raw_data/all_categories/SW_YosefaExp_03_Mar_2020_1345pm2534.06844689482_2534.59344864483.wav
7118,Exp_22_Nov_2019_1145am,SW_Yosefa,483.031341753727,483.836343989844,3600.0,59,Whistle13255,/lustre/fsn1/projects/rech/vzf/uqe97pu/raw_data/all_categories/SW_YosefaExp_22_Nov_2019_1145am483.031341753727_483.836343989844.wav
6817,Exp_04_Jan_2020_1345pm,SW_Yosefa,2190.92663917163,2191.9516422777,3300.0,58,Whistle12749,/lustre/fsn1/projects/rech/vzf/uqe97pu/raw_data/all_categories/SW_YosefaExp_04_Jan_2020_1345pm2190.92663917163_2191.9516422777.wav
6854,Exp_06_Dec_2019_1145am,SW_Yosefa,1802.04600682002,1803.36101120337,3000.0,58,Whistle12794,/lustre/fsn1/projects/rech/vzf/uqe97pu/raw_data/all_categories/SW_YosefaExp_06_Dec_2019_1145am1802.04600682002_1803.36101120337.wav
6606,Exp_13_Dec_2019_1345pm,SW_Yosefa,2775.06340928306,2775.24840984367,3300.0,54,Whistle13165,/lustre/fsn1/projects/rech/vzf/uqe97pu/raw_data/all_categories/SW_YosefaExp_13_Dec_2019_1345pm2775.06340928306_2775.24840984367.wav
6664,Exp_06_Mar_2020_1545pm,SW_Yosefa,474.191580638602,475.116583721946,3000.0,56,Whistle12999,/lustre/fsn1/projects/rech/vzf/uqe97pu/raw_data/all_categories/SW_YosefaExp_06_Mar_2020_1545pm474.191580638602_475.116583721946.wav
6740,Exp_15_Feb_2020_1145am,SW_Yosefa,1073.83825405532,1074.32825554017,3300.0,57,Whistle13201,/lustre/fsn1/projects/rech/vzf/uqe97pu/raw_data/all_categories/SW_YosefaExp_15_Feb_2020_1145am1073.83825405532_1074.32825554017.wav
7126,Exp_18_Nov_2019_1545pm,SW_Yosefa,320.360889891361,321.290892474701,3600.0,59,Whistle13268,/lustre/fsn1/projects/rech/vzf/uqe97pu/raw_data/all_categories/SW_YosefaExp_18_Nov_2019_1545pm320.360889891361_321.290892474701.wav
6802,Exp_04_Jan_2020_1345pm,SW_Yosefa,1296.28892814827,1297.44893166343,3300.0,58,Whistle12732,/lustre/fsn1/projects/rech/vzf/uqe97pu/raw_data/all_categories/SW_YosefaExp_04_Jan_2020_1345pm1296.28892814827_1297.44893166343.wav
7173,Exp_17_Feb_2020_0645am,SW_Yosefa,2770.74701610161,2771.33226497039,3300.0,60,Whistle13285,/lustre/fsn1/projects/rech/vzf/uqe97pu/raw_data/all_categories/SW_YosefaExp_17_Feb_2020_0645am2770.74701610161_2771.33226497039.wav
6652,Exp_05_Feb_2020_1345pm,SW_Yosefa,2008.71608701844,2009.25608865481,3300.0,56,Whistle12961,/lustre/fsn1/projects/rech/vzf/uqe97pu/raw_data/all_categories/SW_YosefaExp_05_Feb_2020_1345pm2008.71608701844_2009.25608865481.wav
7038,Exp_07_Mar_2020_1145am,SW_Yosefa,371.936239787466,372.686242287474,3000.0,59,Whistle13029,/lustre/fsn1/projects/rech/vzf/uqe97pu/raw_data/all_categories/SW_YosefaExp_07_Mar_2020_1145am371.936239787466_372.686242287474.wav
7095,Exp_11_Mar_2020_1145am,SW_Yosefa,146.925489751632,148.040493468312,3000.0,59,Whistle13155,/lustre/fsn1/projects/rech/vzf/uqe97pu/raw_data/all_categories/SW_YosefaExp_11_Mar_2020_1145am146.925489751632_148.040493468312.wav
6952,Exp_09_Mar_2020_1545pm,SW_Yosefa,615.422051406838,616.097053656845,3000.0,58,Whistle12913,/lustre/fsn1/projects/rech/vzf/uqe97pu/raw_data/all_categories/SW_YosefaExp_09_Mar_2020_1545pm615.422051406838_616.097053656845.wav
6642,Exp_09_Feb_2020_1545pm,SW_Yosefa,88.6852687432386,89.4502710614275,3300.0,56,Whistle12650,/lustre/fsn1/projects/rech/vzf/uqe97pu/raw_data/all_categories/SW_YosefaExp_09_Feb_2020_1545pm88.6852687432386_89.4502710614275.wav
6981,Exp_02_Mar_2020_1545pm,SW_Yosefa,158.795529318431,159.30053100177,3000.0,59,Whistle12927,/lustre/fsn1/projects/rech/vzf/uqe97pu/raw_data/all_categories/SW_YosefaExp_02_Mar_2020_1545pm158.795529318431_159.30053100177.wav
7079,Exp_16_Jan_2020_1045am,SW_Yosefa,1420.78930542214,1421.42430734639,3300.0,59,Whistle13113,/lustre/fsn1/projects/rech/vzf/uqe97pu/raw_data/all_categories/SW_YosefaExp_16_Jan_2020_1045am1420.78930542214_1421.42430734639.wav
6791,Exp_04_Jan_2020_0945am,SW_Yosefa,1769.28536147079,1770.60036545565,3300.0,58,Whistle12720,/lustre/fsn1/projects/rech/vzf/uqe97pu/raw_data/all_categories/SW_YosefaExp_04_Jan_2020_0945am1769.28536147079_1770.60036545565.wav
7177,Exp_07_Dec_2019_0845am,SW_Yosefa,2369.36218049146,2370.33786964102,3300.0,61,Whistle12670,/lustre/fsn1/projects/rech/vzf/uqe97pu/raw_data/all_categories/SW_YosefaExp_07_Dec_2019_0845am2369.36218049146_2370.33786964102.wav
7033,Exp_07_Jan_2020_1545pm,SW_Yosefa,565.186712687008,565.951715005197,3300.0,59,Whistle13023,/lustre/fsn1/projects/rech/vzf/uqe97pu/raw_data/all_categories/SW_YosefaExp_07_Jan_2020_1545pm565.186712687008_565.951715005197.wav
7138,Exp_06_Dec_2019_0945am,SW_Yosefa,26.0800869336231,27.3950913169711,3000.0,60,Whistle12788,/lustre/fsn1/projects/rech/vzf/uqe97pu/raw_data/all_categories/SW_YosefaExp_06_Dec_2019_0945am26.0800869336231_27.3950913169711.wav
6756,Exp_01_Feb_2020_1145am,SW_Yosefa,2852.46893785953,2853.37422195044,3300.0,58,Whistle12657,/lustre/fsn1/projects/rech/vzf/uqe97pu/raw_data/all_categories/SW_YosefaExp_01_Feb_2020_1145am2852.46893785953_2853.37422195044.wav
6964,Exp_11_Dec_2019_1145am,SW_Yosefa,1109.63336252534,1110.22336431323,3300.0,58,Whistle13145,/lustre/fsn1/projects/rech/vzf/uqe97pu/raw_data/all_categories/SW_YosefaExp_11_Dec_2019_1145am1109.63336252534_1110.22336431323.wav
6832,Exp_05_Feb_2020_1345pm,SW_Yosefa,195.685592986645,196.110594274528,3300.0,58,Whistle12767,/lustre/fsn1/projects/rech/vzf/uqe97pu/raw_data/all_categories/SW_YosefaExp_05_Feb_2020_1345pm195.685592986645_196.110594274528.wav
6883,Exp_06_Jan_2020_0945am,SW_Yosefa,1587.33481071155,1587.89373297303,3300.0,58,Whistle12826,/lustre/fsn1/projects/rech/vzf/uqe97pu/raw_data/all_categories/SW_YosefaExp_06_Jan_2020_0945am1587.33481071155_1587.89373297303.wav
6611,Exp_05_Feb_2020_1345pm,SW_Yosefa,290.105879108725,290.870881426913,3300.0,55,Whistle12621,/lustre/fsn1/projects/rech/vzf/uqe97pu/raw_data/all_categories/SW_YosefaExp_05_Feb_2020_1345pm290.105879108725_290.870881426913.wav
6962,Exp_15_Dec_2019_1545pm,SW_Yosefa,485.337084009183,485.751427152922,3300.0,58,Whistle13106,/lustre/fsn1/projects/rech/vzf/uqe97pu/raw_data/all_categories/SW_YosefaExp_15_Dec_2019_1545pm485.337084009183_485.751427152922.wav
6683,Exp_09_Jan_2020_1545pm,SW_Yosefa,561.176700535456,561.941702853645,3300.0,56,Whistle13073,/lustre/fsn1/projects/rech/vzf/uqe97pu/raw_data/all_categories/SW_YosefaExp_09_Jan_2020_1545pm561.176700535456_561.941702853645.wav
6800,Exp_04_Jan_2020_1145am,SW_Yosefa,42.1651277731145,42.9601301822127,3300.0,58,Whistle12730,/lustre/fsn1/projects/rech/vzf/uqe97pu/raw_data/all_categories/SW_YosefaExp_04_Jan_2020_1145am42.1651277731145_42.9601301822127.wav
6874,Exp_06_Jan_2020_0845am,SW_Yosefa,1902.2257643205,1903.5057681993,3300.0,58,Whistle12816,/lustre/fsn1/projects/rech/vzf/uqe97pu/raw_data/all_categories/SW_YosefaExp_06_Jan_2020_0845am1902.2257643205_1903.5057681993.wav
6856,Exp_06_Dec_2019_1145am,SW_Yosefa,2849.45449818166,2850.259500865,3000.0,58,Whistle12796,/lustre/fsn1/projects/rech/vzf/uqe97pu/raw_data/all_categories/SW_YosefaExp_06_Dec_2019_1145am2849.45449818166_2850.259500865.wav
6985,Exp_03_Feb_2020_1045am,SW_Yosefa,2683.98313328222,2684.38313449435,3300.0,59,Whistle12932,/lustre/fsn1/projects/rech/vzf/uqe97pu/raw_data/all_categories/SW_YosefaExp_03_Feb_2020_1045am2683.98313328222_2684.38313449435.wav
6853,Exp_06_Dec_2019_1145am,SW_Yosefa,2872.55957519858,2873.33957779859,3000.0,58,Whistle12793,/lustre/fsn1/projects/rech/vzf/uqe97pu/raw_data/all_categories/SW_YosefaExp_06_Dec_2019_1145am2872.55957519858_2873.33957779859.wav
6785,Exp_04_Feb_2020_1145am,SW_Yosefa,3078.80932972524,3079.53433192222,3300.0,58,Whistle12713,/lustre/fsn1/projects/rech/vzf/uqe97pu/raw_data/all_categories/SW_YosefaExp_04_Feb_2020_1145am3078.80932972524_3079.53433192222.wav
7081,Exp_17_Dec_2019_0945am,SW_Yosefa,904.934102536105,905.774927412702,3300.0,59,Whistle13120,/lustre/fsn1/projects/rech/vzf/uqe97pu/raw_data/all_categories/SW_YosefaExp_17_Dec_2019_0945am904.934102536105_905.774927412702.wav
6922,Exp_08_Dec_2019_1045am,SW_Yosefa,2411.87230870397,2412.89731181004,3300.0,58,Whistle12874,/lustre/fsn1/projects/rech/vzf/uqe97pu/raw_data/all_categories/SW_YosefaExp_08_Dec_2019_1045am2411.87230870397_2412.89731181004.wav
6866,Exp_06_Dec_2019_1345pm,SW_Yosefa,243.655812186041,244.680815602719,3000.0,58,Whistle12806,/lustre/fsn1/projects/rech/vzf/uqe97pu/raw_data/all_categories/SW_YosefaExp_06_Dec_2019_1345pm243.655812186041_244.680815602719.wav
6813,Exp_04_Jan_2020_1345pm,SW_Yosefa,2188.32163127767,2189.63663526253,3300.0,58,Whistle12744,/lustre/fsn1/projects/rech/vzf/uqe97pu/raw_data/all_categories/SW_YosefaExp_04_Jan_2020_1345pm2188.32163127767_2189.63663526253.wav
6663,Exp_06_Feb_2020_1345pm,SW_Yosefa,165.150500456062,165.915502774251,3300.0,56,Whistle12989,/lustre/fsn1/projects/rech/vzf/uqe97pu/raw_data/all_categories/SW_YosefaExp_06_Feb_2020_1345pm165.150500456062_165.915502774251.wav
6923,Exp_08_Dec_2019_1045am,SW_Yosefa,2426.82735402228,2427.31235549199,3300.0,58,Whistle12875,/lustre/fsn1/projects/rech/vzf/uqe97pu/raw_data/all_categories/SW_YosefaExp_08_Dec_2019_1045am2426.82735402228_2427.31235549199.wav
6691,Exp_13_Dec_2019_1345pm,SW_Yosefa,2994.97907569417,2995.36407686084,3300.0,56,Whistle13168,/lustre/fsn1/projects/rech/vzf/uqe97pu/raw_data/all_categories/SW_YosefaExp_13_Dec_2019_1345pm2994.97907569417_2995.36407686084.wav
6956,Exp_02_Jan_2020_1045am,SW_Yosefa,2414.09231543126,2414.80231758278,3300.0,58,Whistle12918,/lustre/fsn1/projects/rech/vzf/uqe97pu/raw_data/all_categories/SW_YosefaExp_02_Jan_2020_1045am2414.09231543126_2414.80231758278.wav
6809,Exp_04_Jan_2020_1345pm,SW_Yosefa,1728.96023927345,1730.27524325831,3300.0,58,Whistle12740,/lustre/fsn1/projects/rech/vzf/uqe97pu/raw_data/all_categories/SW_YosefaExp_04_Jan_2020_1345pm1728.96023927345_1730.27524325831.wav
6645,Exp_03_Feb_2020_0945am,SW_Yosefa,1971.40097394235,1972.13597616962,3300.0,56,Whistle12929,/lustre/fsn1/projects/rech/vzf/uqe97pu/raw_data/all_categories/SW_YosefaExp_03_Feb_2020_0945am1971.40097394235_1972.13597616962.wav
6737,Exp_13_Dec_2019_1345pm,SW_Yosefa,3003.5741017397,3003.87910266395,3300.0,57,Whistle13169,/lustre/fsn1/projects/rech/vzf/uqe97pu/raw_data/all_categories/SW_YosefaExp_13_Dec_2019_1345pm3003.5741017397_3003.87910266395.wav
6654,Exp_05_Feb_2020_1545pm,SW_Yosefa,1032.70312940342,1033.22813099434,3300.0,56,Whistle12964,/lustre/fsn1/projects/rech/vzf/uqe97pu/raw_data/all_categories/SW_YosefaExp_05_Feb_2020_1545pm1032.70312940342_1033.22813099434.wav
6965,Exp_15_Feb_2020_1145am,SW_Yosefa,1069.5867213527,1070.00537774036,3300.0,58,Whistle13200,/lustre/fsn1/projects/rech/vzf/uqe97pu/raw_data/all_categories/SW_YosefaExp_15_Feb_2020_1145am1069.5867213527_1070.00537774036.wav
7166,Exp_16_Nov_2019_1045am,SW_Yosefa,1938.47538465385,1939.49538748719,3600.0,60,Whistle13240,/lustre/fsn1/projects/rech/vzf/uqe97pu/raw_data/all_categories/SW_YosefaExp_16_Nov_2019_1045am1938.47538465385_1939.49538748719.wav
6700,Exp_07_Dec_2019_0945am,SW_Yosefa,2813.89789480003,2814.6120590229,3300.0,57,Whistle12638,/lustre/fsn1/projects/rech/vzf/uqe97pu/raw_data/all_categories/SW_YosefaExp_07_Dec_2019_0945am2813.89789480003_2814.6120590229.wav
7167,Exp_23_Nov_2019_1145am,SW_Yosefa,846.776763462775,847.261492526814,3000.0,60,Whistle13242,/lustre/fsn1/projects/rech/vzf/uqe97pu/raw_data/all_categories/SW_YosefaExp_23_Nov_2019_1145am846.776763462775_847.261492526814.wav
6892,Exp_06_Mar_2020_1545pm,SW_Yosefa,401.206337354458,401.976339921133,3000.0,58,Whistle12835,/lustre/fsn1/projects/rech/vzf/uqe97pu/raw_data/all_categories/SW_YosefaExp_06_Mar_2020_1545pm401.206337354458_401.976339921133.wav
7163,Exp_11_Mar_2020_1145am,SW_Yosefa,145.273452543551,145.633033188713,3000.0,60,Whistle13214,/lustre/fsn1/projects/rech/vzf/uqe97pu/raw_data/all_categories/SW_YosefaExp_11_Mar_2020_1145am145.273452543551_145.633033188713.wav
6793,Exp_04_Jan_2020_1045am,SW_Yosefa,1468.2444492256,1469.55945321046,3300.0,58,Whistle12723,/lustre/fsn1/projects/rech/vzf/uqe97pu/raw_data/all_categories/SW_YosefaExp_04_Jan_2020_1045am1468.2444492256_1469.55945321046.wav
6722,Exp_07_Dec_2019_1245pm,SW_Yosefa,1830.77054778954,1831.37554962288,3300.0,57,Whistle13010,/lustre/fsn1/projects/rech/vzf/uqe97pu/raw_data/all_categories/SW_YosefaExp_07_Dec_2019_1245pm1830.77054778954_1831.37554962288.wav
6928,Exp_08_Jan_2020_0945am,SW_Yosefa,2706.35820108546,2706.99820302486,3300.0,58,Whistle12880,/lustre/fsn1/projects/rech/vzf/uqe97pu/raw_data/all_categories/SW_YosefaExp_08_Jan_2020_0945am2706.35820108546_2706.99820302486.wav
6810,Exp_04_Jan_2020_1345pm,SW_Yosefa,1746.2452916524,1747.56029563726,3300.0,58,Whistle12741,/lustre/fsn1/projects/rech/vzf/uqe97pu/raw_data/all_categories/SW_YosefaExp_04_Jan_2020_1345pm1746.2452916524_1747.56029563726.wav
7188,Exp_15_Feb_2020_1345pm,SW_Yosefa,1552.92828220205,1553.73412161811,3300.0,61,Whistle13203,/lustre/fsn1/projects/rech/vzf/uqe97pu/raw_data/all_categories/SW_YosefaExp_15_Feb_2020_1345pm1552.92828220205_1553.73412161811.wav
6770,Exp_03_Feb_2020_0945am,SW_Yosefa,1968.72596583626,1969.48096812415,3300.0,58,Whistle12693,/lustre/fsn1/projects/rech/vzf/uqe97pu/raw_data/all_categories/SW_YosefaExp_03_Feb_2020_0945am1968.72596583626_1969.48096812415.wav
6980,Exp_02_Mar_2020_1145am,SW_Yosefa,173.510578368595,174.275580918603,3000.0,59,Whistle12925,/lustre/fsn1/projects/rech/vzf/uqe97pu/raw_data/all_categories/SW_YosefaExp_02_Mar_2020_1145am173.510578368595_174.275580918603.wav
7052,Exp_09_Feb_2020_1345pm,SW_Yosefa,676.452049854697,677.267052324401,3300.0,59,Whistle13051,/lustre/fsn1/projects/rech/vzf/uqe97pu/raw_data/all_categories/SW_YosefaExp_09_Feb_2020_1345pm676.452049854697_677.267052324401.wav
6588,Exp_03_Mar_2020_1345pm,SW_Yosefa,1254.57918193061,1254.97418324728,3000.0,54,Whistle12703,/lustre/fsn1/projects/rech/vzf/uqe97pu/raw_data/all_categories/SW_YosefaExp_03_Mar_2020_1345pm1254.57918193061_1254.97418324728.wav
6686,Exp_09_Mar_2020_1545pm,SW_Yosefa,961.023203410678,961.753205844019,3000.0,56,Whistle13078,/lustre/fsn1/projects/rech/vzf/uqe97pu/raw_data/all_categories/SW_YosefaExp_09_Mar_2020_1545pm961.023203410678_961.753205844019.wav
6696,Exp_17_Dec_2019_1145am,SW_Yosefa,3252.46485656017,3253.81706835642,3300.0,56,Whistle13303,/lustre/fsn1/projects/rech/vzf/uqe97pu/raw_data/all_categories/SW_YosefaExp_17_Dec_2019_1145am3252.46485656017_3253.81706835642.wav
7060,Exp_09_Jan_2020_1145am,SW_Yosefa,210.245637107991,211.215640047394,3300.0,59,Whistle13067,/lustre/fsn1/projects/rech/vzf/uqe97pu/raw_data/all_categories/SW_YosefaExp_09_Jan_2020_1145am210.245637107991_211.215640047394.wav
6989,Exp_04_Feb_2020_1145am,SW_Yosefa,402.701220306728,403.171221730975,3300.0,59,Whistle12941,/lustre/fsn1/projects/rech/vzf/uqe97pu/raw_data/all_categories/SW_YosefaExp_04_Feb_2020_1145am402.701220306728_403.171221730975.wav
7077,Exp_16_Feb_2020_1545pm,SW_Yosefa,1545.07468204449,1545.52468340813,3300.0,59,Whistle13111,/lustre/fsn1/projects/rech/vzf/uqe97pu/raw_data/all_categories/SW_YosefaExp_16_Feb_2020_1545pm1545.07468204449_1545.52468340813.wav
7151,Exp_09_Jan_2020_1545pm,SW_Yosefa,924.91780278122,925.392804220619,3300.0,60,Whistle12907,/lustre/fsn1/projects/rech/vzf/uqe97pu/raw_data/all_categories/SW_YosefaExp_09_Jan_2020_1545pm924.91780278122_925.392804220619.wav
7011,Exp_06_Feb_2020_1145am,SW_Yosefa,572.071733550708,573.076736596171,3300.0,59,Whistle12987,/lustre/fsn1/projects/rech/vzf/uqe97pu/raw_data/all_categories/SW_YosefaExp_06_Feb_2020_1145am572.071733550708_573.076736596171.wav
6886,Exp_06_Jan_2020_1345pm,SW_Yosefa,114.525347046506,115.425349773787,3300.0,58,Whistle12829,/lustre/fsn1/projects/rech/vzf/uqe97pu/raw_data/all_categories/SW_YosefaExp_06_Jan_2020_1345pm114.525347046506_115.425349773787.wav
6998,Exp_05_Dec_2019_0845am,SW_Yosefa,2686.66395554652,2687.38895796319,3000.0,59,Whistle12955,/lustre/fsn1/projects/rech/vzf/uqe97pu/raw_data/all_categories/SW_YosefaExp_05_Dec_2019_0845am2686.66395554652_2687.38895796319.wav
7194,Exp_06_Dec_2019_0945am,SW_Yosefa,303.30680385034,304.589289645795,3000.0,61,Whistle13090,/lustre/fsn1/projects/rech/vzf/uqe97pu/raw_data/all_categories/SW_YosefaExp_06_Dec_2019_0945am303.30680385034_304.589289645795.wav
6872,Exp_06_Feb_2020_1345pm,SW_Yosefa,2934.30389182998,2935.32889493604,3300.0,58,Whistle12813,/lustre/fsn1/projects/rech/vzf/uqe97pu/raw_data/all_categories/SW_YosefaExp_06_Feb_2020_1345pm2934.30389182998_2935.32889493604.wav
7141,Exp_07_Dec_2019_0945am,SW_Yosefa,2239.05178500541,2240.07678811148,3300.0,60,Whistle12842,/lustre/fsn1/projects/rech/vzf/uqe97pu/raw_data/all_categories/SW_YosefaExp_07_Dec_2019_0945am2239.05178500541_2240.07678811148.wav
6759,Exp_02_Mar_2020_1145am,SW_Yosefa,153.070510235034,153.910513035043,3000.0,58,Whistle12682,/lustre/fsn1/projects/rech/vzf/uqe97pu/raw_data/all_categories/SW_YosefaExp_02_Mar_2020_1145am153.070510235034_153.910513035043.wav
7178,Exp_07_Dec_2019_1145am,SW_Yosefa,339.50602941221,340.471801183982,3300.0,61,Whistle12671,/lustre/fsn1/projects/rech/vzf/uqe97pu/raw_data/all_categories/SW_YosefaExp_07_Dec_2019_1145am339.50602941221_340.471801183982.wav
6624,Exp_16_Nov_2019_1045am,SW_Yosefa,2915.51809866138,2915.93309981417,3600.0,55,Whistle13236,/lustre/fsn1/projects/rech/vzf/uqe97pu/raw_data/all_categories/SW_YosefaExp_16_Nov_2019_1045am2915.51809866138_2915.93309981417.wav
6655,Exp_05_Feb_2020_1545pm,SW_Yosefa,1015.58307752448,1016.34807984267,3300.0,56,Whistle12967,/lustre/fsn1/projects/rech/vzf/uqe97pu/raw_data/all_categories/SW_YosefaExp_05_Feb_2020_1545pm1015.58307752448_1016.34807984267.wav
7124,Exp_15_Jan_2020_0945am,SW_Yosefa,152.601628606402,153.733188373166,3300.0,59,Whistle13293,/lustre/fsn1/projects/rech/vzf/uqe97pu/raw_data/all_categories/SW_YosefaExp_15_Jan_2020_0945am152.601628606402_153.733188373166.wav
6648,Exp_01_Feb_2020_1145am,SW_Yosefa,3022.81416004291,3023.5791623611,3300.0,56,Whistle12950,/lustre/fsn1/projects/rech/vzf/uqe97pu/raw_data/all_categories/SW_YosefaExp_01_Feb_2020_1145am3022.81416004291_3023.5791623611.wav
6593,Exp_03_Jan_2020_1045am,SW_Yosefa,1076.31826157049,1077.04826378262,3300.0,54,Whistle12935,/lustre/fsn1/projects/rech/vzf/uqe97pu/raw_data/all_categories/SW_YosefaExp_03_Jan_2020_1045am1076.31826157049_1077.04826378262.wav
6914,Exp_07_Jan_2020_1345pm,SW_Yosefa,2248.70181424792,2249.34181618732,3300.0,58,Whistle12863,/lustre/fsn1/projects/rech/vzf/uqe97pu/raw_data/all_categories/SW_YosefaExp_07_Jan_2020_1345pm2248.70181424792_2249.34181618732.wav
6826,Exp_05_Dec_2019_1145am,SW_Yosefa,2277.13759045863,2278.10759369198,3000.0,58,Whistle12758,/lustre/fsn1/projects/rech/vzf/uqe97pu/raw_data/all_categories/SW_YosefaExp_05_Dec_2019_1145am2277.13759045863_2278.10759369198.wav
7131,Exp_04_Feb_2020_1245pm,SW_Yosefa,2582.29282512977,2582.70782638735,3300.0,60,Whistle12718,/lustre/fsn1/projects/rech/vzf/uqe97pu/raw_data/all_categories/SW_YosefaExp_04_Feb_2020_1245pm2582.29282512977_2582.70782638735.wav
6781,Exp_04_Feb_2020_0945am,SW_Yosefa,2773.52840463153,2774.84340861639,3300.0,58,Whistle12708,/lustre/fsn1/projects/rech/vzf/uqe97pu/raw_data/all_categories/SW_YosefaExp_04_Feb_2020_0945am2773.52840463153_2774.84340861639.wav
6665,Exp_07_Dec_2019_0945am,SW_Yosefa,2238.43678314177,2239.3517859145,3300.0,56,Whistle13003,/lustre/fsn1/projects/rech/vzf/uqe97pu/raw_data/all_categories/SW_YosefaExp_07_Dec_2019_0945am2238.43678314177_2239.3517859145.wav
7101,Exp_15_Dec_2019_0845am,SW_Yosefa,211.450640759517,212.320643395889,3300.0,59,Whistle13187,/lustre/fsn1/projects/rech/vzf/uqe97pu/raw_data/all_categories/SW_YosefaExp_15_Dec_2019_0845am211.450640759517_212.320643395889.wav
6946,Exp_09_Jan_2020_1245pm,SW_Yosefa,10.1000306061534,11.1250337122234,3300.0,58,Whistle12906,/lustre/fsn1/projects/rech/vzf/uqe97pu/raw_data/all_categories/SW_YosefaExp_09_Jan_2020_1245pm10.1000306061534_11.1250337122234.wav
6661,Exp_06_Dec_2019_1245pm,SW_Yosefa,114.655382184607,115.420384734616,3000.0,56,Whistle12984,/lustre/fsn1/projects/rech/vzf/uqe97pu/raw_data/all_categories/SW_YosefaExp_06_Dec_2019_1245pm114.655382184607_115.420384734616.wav
6605,Exp_11_Mar_2020_1145am,SW_Yosefa,64.6752155840519,65.285217617392,3000.0,54,Whistle13154,/lustre/fsn1/projects/rech/vzf/uqe97pu/raw_data/all_categories/SW_YosefaExp_11_Mar_2020_1145am64.6752155840519_65.285217617392.wav
7116,Exp_21_Nov_2019_1345pm,SW_Yosefa,385.621071169642,386.381073280759,3600.0,59,Whistle13250,/lustre/fsn1/projects/rech/vzf/uqe97pu/raw_data/all_categories/SW_YosefaExp_21_Nov_2019_1345pm385.621071169642_386.381073280759.wav
6887,Exp_06_Jan_2020_1345pm,SW_Yosefa,2550.85772987191,2551.77273264464,3300.0,58,Whistle12830,/lustre/fsn1/projects/rech/vzf/uqe97pu/raw_data/all_categories/SW_YosefaExp_06_Jan_2020_1345pm2550.85772987191_2551.77273264464.wav
6747,Exp_17_Jan_2020_1045am,SW_Yosefa,2340.47209233967,2341.18709450635,3300.0,57,Whistle13265,/lustre/fsn1/projects/rech/vzf/uqe97pu/raw_data/all_categories/SW_YosefaExp_17_Jan_2020_1045am2340.47209233967_2341.18709450635.wav
7049,Exp_01_Jan_2020_1545pm,SW_Yosefa,112.61534125861,113.215343076797,3300.0,59,Whistle13046,/lustre/fsn1/projects/rech/vzf/uqe97pu/raw_data/all_categories/SW_YosefaExp_01_Jan_2020_1545pm112.61534125861_113.215343076797.wav
6918,Exp_01_Jan_2020_1345pm,SW_Yosefa,1125.42841038912,1126.74341437398,3300.0,58,Whistle12869,/lustre/fsn1/projects/rech/vzf/uqe97pu/raw_data/all_categories/SW_YosefaExp_01_Jan_2020_1345pm1125.42841038912_1126.74341437398.wav
6795,Exp_04_Jan_2020_1045am,SW_Yosefa,3200.32469795363,3200.97469992333,3300.0,58,Whistle12725,/lustre/fsn1/projects/rech/vzf/uqe97pu/raw_data/all_categories/SW_YosefaExp_04_Jan_2020_1045am3200.32469795363_3200.97469992333.wav
6719,Exp_04_Jan_2020_1045am,SW_Yosefa,2858.52366219292,2859.00866366262,3300.0,57,Whistle12946,/lustre/fsn1/projects/rech/vzf/uqe97pu/raw_data/all_categories/SW_YosefaExp_04_Jan_2020_1045am2858.52366219292_2859.00866366262.wav
6972,Exp_16_Dec_2019_1545pm,SW_Yosefa,1047.79973624281,1048.66812648671,3300.0,58,Whistle13276,/lustre/fsn1/projects/rech/vzf/uqe97pu/raw_data/all_categories/SW_YosefaExp_16_Dec_2019_1545pm1047.79973624281_1048.66812648671.wav
7075,Exp_15_Feb_2020_0945am,SW_Yosefa,197.961898581904,198.933164815671,3300.0,59,Whistle13107,/lustre/fsn1/projects/rech/vzf/uqe97pu/raw_data/all_categories/SW_YosefaExp_15_Feb_2020_0945am197.961898581904_198.933164815671.wav
6758,Exp_01_Feb_2020_1045am,SW_Yosefa,3043.72922402795,3044.68479587546,3300.0,58,Whistle12678,/lustre/fsn1/projects/rech/vzf/uqe97pu/raw_data/all_categories/SW_YosefaExp_01_Feb_2020_1045am3043.72922402795_3044.68479587546.wav
6591,Exp_07_Jan_2020_1545pm,SW_Yosefa,685.91207852145,686.677080839639,3300.0,54,Whistle12870,/lustre/fsn1/projects/rech/vzf/uqe97pu/raw_data/all_categories/SW_YosefaExp_07_Jan_2020_1545pm685.91207852145_686.677080839639.wav
6990,Exp_04_Feb_2020_1145am,SW_Yosefa,539.261634126164,539.66663535344,3300.0,59,Whistle12942,/lustre/fsn1/projects/rech/vzf/uqe97pu/raw_data/all_categories/SW_YosefaExp_04_Feb_2020_1145am539.261634126164_539.66663535344.wav
6820,Exp_04_Jan_2020_1345pm,SW_Yosefa,2223.07673659617,2224.10173970224,3300.0,58,Whistle12752,/lustre/fsn1/projects/rech/vzf/uqe97pu/raw_data/all_categories/SW_YosefaExp_04_Jan_2020_1345pm2223.07673659617_2224.10173970224.wav
6991,Exp_04_Feb_2020_1245pm,SW_Yosefa,3270.704911227,3271.46991354519,3300.0,59,Whistle12943,/lustre/fsn1/projects/rech/vzf/uqe97pu/raw_data/all_categories/SW_YosefaExp_04_Feb_2020_1245pm3270.704911227_3271.46991354519.wav
7193,Exp_04_Mar_2020_1145am,SW_Yosefa,1066.19855466185,1067.20945523003,3000.0,61,Whistle13088,/lustre/fsn1/projects/rech/vzf/uqe97pu/raw_data/all_categories/SW_YosefaExp_04_Mar_2020_1145am1066.19855466185_1067.20945523003.wav
6850,Exp_06_Dec_2019_1145am,SW_Yosefa,2715.1390504635,2716.45405484685,3000.0,58,Whistle12790,/lustre/fsn1/projects/rech/vzf/uqe97pu/raw_data/all_categories/SW_YosefaExp_06_Dec_2019_1145am2715.1390504635_2716.45405484685.wav
6666,Exp_07_Dec_2019_0945am,SW_Yosefa,542.61164427771,543.376646595899,3300.0,56,Whistle13006,/lustre/fsn1/projects/rech/vzf/uqe97pu/raw_data/all_categories/SW_YosefaExp_07_Dec_2019_0945am542.61164427771_543.376646595899.wav
6873,Exp_06_Feb_2020_1545pm,SW_Yosefa,1007.94805438804,1008.70805669108,3300.0,58,Whistle12815,/lustre/fsn1/projects/rech/vzf/uqe97pu/raw_data/all_categories/SW_YosefaExp_06_Feb_2020_1545pm1007.94805438804_1008.70805669108.wav
6894,Exp_07_Dec_2019_0845am,SW_Yosefa,107.78032660705,108.80532971312,3300.0,58,Whistle12837,/lustre/fsn1/projects/rech/vzf/uqe97pu/raw_data/all_categories/SW_YosefaExp_07_Dec_2019_0845am107.78032660705_108.80532971312.wav
6902,Exp_07_Dec_2019_1245pm,SW_Yosefa,2727.89326634323,2728.9182694493,3300.0,58,Whistle12849,/lustre/fsn1/projects/rech/vzf/uqe97pu/raw_data/all_categories/SW_YosefaExp_07_Dec_2019_1245pm2727.89326634323_2728.9182694493.wav
6986,Exp_03_Jan_2020_1045am,SW_Yosefa,2180.15660653517,2181.39161027761,3300.0,59,Whistle12933,/lustre/fsn1/projects/rech/vzf/uqe97pu/raw_data/all_categories/SW_YosefaExp_03_Jan_2020_1045am2180.15660653517_2181.39161027761.wav
7128,Exp_03_Jan_2020_1045am,SW_Yosefa,2296.21695823321,2297.24196133928,3300.0,60,Whistle12698,/lustre/fsn1/projects/rech/vzf/uqe97pu/raw_data/all_categories/SW_YosefaExp_03_Jan_2020_1045am2296.21695823321_2297.24196133928.wav
6829,Exp_05_Dec_2019_1545pm,SW_Yosefa,650.202167340558,650.927169757233,3000.0,58,Whistle12762,/lustre/fsn1/projects/rech/vzf/uqe97pu/raw_data/all_categories/SW_YosefaExp_05_Dec_2019_1545pm650.202167340558_650.927169757233.wav
7089,Exp_27_Nov_2019_1545pm,SW_Yosefa,568.593387751772,569.379066388136,3000.0,59,Whistle13142,/lustre/fsn1/projects/rech/vzf/uqe97pu/raw_data/all_categories/SW_YosefaExp_27_Nov_2019_1545pm568.593387751772_569.379066388136.wav
6881,Exp_06_Jan_2020_0945am,SW_Yosefa,1588.6648141358,1589.32481613581,3300.0,58,Whistle12824,/lustre/fsn1/projects/rech/vzf/uqe97pu/raw_data/all_categories/SW_YosefaExp_06_Jan_2020_0945am1588.6648141358_1589.32481613581.wav
6735,Exp_13_Dec_2019_0945am,SW_Yosefa,2286.60692911191,2287.35193136949,3300.0,57,Whistle13162,/lustre/fsn1/projects/rech/vzf/uqe97pu/raw_data/all_categories/SW_YosefaExp_13_Dec_2019_0945am2286.60692911191_2287.35193136949.wav
6657,Exp_05_Jan_2020_1345pm,SW_Yosefa,197.715599138179,198.215600653335,3300.0,56,Whistle12971,/lustre/fsn1/projects/rech/vzf/uqe97pu/raw_data/all_categories/SW_YosefaExp_05_Jan_2020_1345pm197.715599138179_198.215600653335.wav
6674,Exp_09_Feb_2020_1345pm,SW_Yosefa,682.362067763842,683.077069930515,3300.0,56,Whistle13055,/lustre/fsn1/projects/rech/vzf/uqe97pu/raw_data/all_categories/SW_YosefaExp_09_Feb_2020_1345pm682.362067763842_683.077069930515.wav
6903,Exp_07_Dec_2019_1245pm,SW_Yosefa,3015.53413798224,3016.29914030042,3300.0,58,Whistle12850,/lustre/fsn1/projects/rech/vzf/uqe97pu/raw_data/all_categories/SW_YosefaExp_07_Dec_2019_1245pm3015.53413798224_3016.29914030042.wav
6650,Exp_04_Jan_2020_1345pm,SW_Yosefa,2036.88617238234,2037.32117370053,3300.0,56,Whistle12952,/lustre/fsn1/projects/rech/vzf/uqe97pu/raw_data/all_categories/SW_YosefaExp_04_Jan_2020_1345pm2036.88617238234_2037.32117370053.wav
6597,Exp_05_Jan_2020_1345pm,SW_Yosefa,1179.51857429871,1180.2835766169,3300.0,54,Whistle12972,/lustre/fsn1/projects/rech/vzf/uqe97pu/raw_data/all_categories/SW_YosefaExp_05_Jan_2020_1345pm1179.51857429871_1180.2835766169.wav
6963,Exp_17_Feb_2020_0845am,SW_Yosefa,1901.39203631514,1902.3130167073,3300.0,58,Whistle13126,/lustre/fsn1/projects/rech/vzf/uqe97pu/raw_data/all_categories/SW_YosefaExp_17_Feb_2020_0845am1901.39203631514_1902.3130167073.wav
6786,Exp_04_Feb_2020_1145am,SW_Yosefa,220.560668365662,221.680671759611,3300.0,58,Whistle12714,/lustre/fsn1/projects/rech/vzf/uqe97pu/raw_data/all_categories/SW_YosefaExp_04_Feb_2020_1145am220.560668365662_221.680671759611.wav
6670,Exp_08_Dec_2019_1045am,SW_Yosefa,1518.3596010897,1519.36460413516,3300.0,56,Whistle13032,/lustre/fsn1/projects/rech/vzf/uqe97pu/raw_data/all_categories/SW_YosefaExp_08_Dec_2019_1045am1518.3596010897_1519.36460413516.wav
7105,Exp_15_Feb_2020_1045am,SW_Yosefa,1658.80002666675,1659.27502810615,3300.0,59,Whistle13199,/lustre/fsn1/projects/rech/vzf/uqe97pu/raw_data/all_categories/SW_YosefaExp_15_Feb_2020_1045am1658.80002666675_1659.27502810615.wav
6699,Exp_06_Jan_2020_0945am,SW_Yosefa,648.581965399895,649.136967081718,3300.0,57,Whistle12634,/lustre/fsn1/projects/rech/vzf/uqe97pu/raw_data/all_categories/SW_YosefaExp_06_Jan_2020_0945am648.581965399895_649.136967081718.wav
6999,Exp_05_Feb_2020_0945am,SW_Yosefa,397.48620450365,398.491207549114,3300.0,59,Whistle12958,/lustre/fsn1/projects/rech/vzf/uqe97pu/raw_data/all_categories/SW_YosefaExp_05_Feb_2020_0945am397.48620450365_398.491207549114.wav
7024,Exp_07_Dec_2019_0945am,SW_Yosefa,2902.64379589029,2903.1687974812,3300.0,59,Whistle13005,/lustre/fsn1/projects/rech/vzf/uqe97pu/raw_data/all_categories/SW_YosefaExp_07_Dec_2019_0945am2902.64379589029_2903.1687974812.wav
6615,Exp_08_Jan_2020_1345pm,SW_Yosefa,1880.31069791121,1881.01570004758,3300.0,55,Whistle12646,/lustre/fsn1/projects/rech/vzf/uqe97pu/raw_data/all_categories/SW_YosefaExp_08_Jan_2020_1345pm1880.31069791121_1881.01570004758.wav
6582,Exp_02_Jan_2020_1245pm,SW_Yosefa,3108.38441934672,3108.80442061946,3300.0,54,Whistle12614,/lustre/fsn1/projects/rech/vzf/uqe97pu/raw_data/all_categories/SW_YosefaExp_02_Jan_2020_1245pm3108.38441934672_3108.80442061946.wav
7200,Exp_13_Dec_2019_1545pm,SW_Yosefa,322.900978487814,323.590980578729,3300.0,61,Whistle13174,/lustre/fsn1/projects/rech/vzf/uqe97pu/raw_data/all_categories/SW_YosefaExp_13_Dec_2019_1545pm322.900978487814_323.590980578729.wav
6915,Exp_07_Jan_2020_1345pm,SW_Yosefa,2855.72365370804,2856.5536562232,3300.0,58,Whistle12864,/lustre/fsn1/projects/rech/vzf/uqe97pu/raw_data/all_categories/SW_YosefaExp_07_Jan_2020_1345pm2855.72365370804_2856.5536562232.wav
6957,Exp_02_Jan_2020_1045am,SW_Yosefa,156.30547365295,157.620477637811,3300.0,58,Whistle12919,/lustre/fsn1/projects/rech/vzf/uqe97pu/raw_data/all_categories/SW_YosefaExp_02_Jan_2020_1045am156.30547365295_157.620477637811.wav
6943,Exp_09_Feb_2020_1545pm,SW_Yosefa,1151.51848944997,1152.4334922227,3300.0,58,Whistle12900,/lustre/fsn1/projects/rech/vzf/uqe97pu/raw_data/all_categories/SW_YosefaExp_09_Feb_2020_1545pm1151.51848944997_1152.4334922227.wav
7035,Exp_07_Mar_2020_0945am,SW_Yosefa,177.165590551969,177.805592685309,3000.0,59,Whistle13025,/lustre/fsn1/projects/rech/vzf/uqe97pu/raw_data/all_categories/SW_YosefaExp_07_Mar_2020_0945am177.165590551969_177.805592685309.wav
7165,Exp_16_Nov_2019_1045am,SW_Yosefa,920.63105288788,921.175831648942,3600.0,60,Whistle13234,/lustre/fsn1/projects/rech/vzf/uqe97pu/raw_data/all_categories/SW_YosefaExp_16_Nov_2019_1045am920.63105288788_921.175831648942.wav
6604,Exp_01_Jan_2020_1345pm,SW_Yosefa,1075.34325861594,1076.10826093412,3300.0,54,Whistle13039,/lustre/fsn1/projects/rech/vzf/uqe97pu/raw_data/all_categories/SW_YosefaExp_01_Jan_2020_1345pm1075.34325861594_1076.10826093412.wav
7062,Exp_09_Jan_2020_1545pm,SW_Yosefa,42.4151285306925,43.1751308337298,3300.0,59,Whistle13070,/lustre/fsn1/projects/rech/vzf/uqe97pu/raw_data/all_categories/SW_YosefaExp_09_Jan_2020_1545pm42.4151285306925_43.1751308337298.wav
6698,Exp_06_Dec_2019_1345pm,SW_Yosefa,322.546075153584,323.11607705359,3000.0,57,Whistle12630,/lustre/fsn1/projects/rech/vzf/uqe97pu/raw_data/all_categories/SW_YosefaExp_06_Dec_2019_1345pm322.546075153584_323.11607705359.wav
6671,Exp_09_Feb_2020_0945am,SW_Yosefa,1156.37850417729,1157.14350649547,3300.0,56,Whistle13050,/lustre/fsn1/projects/rech/vzf/uqe97pu/raw_data/all_categories/SW_YosefaExp_09_Feb_2020_0945am1156.37850417729_1157.14350649547.wav
6764,Exp_02_Mar_2020_1345pm,SW_Yosefa,2318.61772872576,2319.93273310911,3000.0,58,Whistle12687,/lustre/fsn1/projects/rech/vzf/uqe97pu/raw_data/all_categories/SW_YosefaExp_02_Mar_2020_1345pm2318.61772872576_2319.93273310911.wav
6830,Exp_05_Dec_2019_1545pm,SW_Yosefa,716.617388724629,717.512391707972,3000.0,58,Whistle12763,/lustre/fsn1/projects/rech/vzf/uqe97pu/raw_data/all_categories/SW_YosefaExp_05_Dec_2019_1545pm716.617388724629_717.512391707972.wav
6970,Exp_17_Jan_2020_1345pm,SW_Yosefa,267.89295531415,268.363491028436,3300.0,58,Whistle13261,/lustre/fsn1/projects/rech/vzf/uqe97pu/raw_data/all_categories/SW_YosefaExp_17_Jan_2020_1345pm267.89295531415_268.363491028436.wav
6600,Exp_06_Jan_2020_0845am,SW_Yosefa,1904.12077006294,1904.88577238113,3300.0,54,Whistle12992,/lustre/fsn1/projects/rech/vzf/uqe97pu/raw_data/all_categories/SW_YosefaExp_06_Jan_2020_0845am1904.12077006294_1904.88577238113.wav
7004,Exp_05_Jan_2020_1345pm,SW_Yosefa,1217.06368807178,1217.46868929906,3300.0,59,Whistle12970,/lustre/fsn1/projects/rech/vzf/uqe97pu/raw_data/all_categories/SW_YosefaExp_05_Jan_2020_1345pm1217.06368807178_1217.46868929906.wav
6931,Exp_08_Jan_2020_1245pm,SW_Yosefa,73.3952224097649,74.4202255158349,3300.0,58,Whistle12883,/lustre/fsn1/projects/rech/vzf/uqe97pu/raw_data/all_categories/SW_YosefaExp_08_Jan_2020_1245pm73.3952224097649_74.4202255158349.wav
6726,Exp_02_Mar_2020_1345pm,SW_Yosefa,2319.66273287578,2320.65854537578,3000.0,57,Whistle13086,/lustre/fsn1/projects/rech/vzf/uqe97pu/raw_data/all_categories/SW_YosefaExp_02_Mar_2020_1345pm2319.66273287578_2320.65854537578.wav
7031,Exp_07_Jan_2020_1545pm,SW_Yosefa,116.565353228343,117.330355546532,3300.0,59,Whistle13020,/lustre/fsn1/projects/rech/vzf/uqe97pu/raw_data/all_categories/SW_YosefaExp_07_Jan_2020_1545pm116.565353228343_117.330355546532.wav
6880,Exp_06_Jan_2020_0945am,SW_Yosefa,1585.16980354486,1586.48480752972,3300.0,58,Whistle12823,/lustre/fsn1/projects/rech/vzf/uqe97pu/raw_data/all_categories/SW_YosefaExp_06_Jan_2020_0945am1585.16980354486_1586.48480752972.wav
7145,Exp_07_Jan_2020_0845am,SW_Yosefa,2916.41883763284,2917.44384073891,3300.0,60,Whistle12851,/lustre/fsn1/projects/rech/vzf/uqe97pu/raw_data/all_categories/SW_YosefaExp_07_Jan_2020_0845am2916.41883763284_2917.44384073891.wav
7096,Exp_12_Dec_2019_1245pm,SW_Yosefa,2210.42669826272,2210.95169985364,3300.0,59,Whistle13158,/lustre/fsn1/projects/rech/vzf/uqe97pu/raw_data/all_categories/SW_YosefaExp_12_Dec_2019_1245pm2210.42669826272_2210.95169985364.wav
6857,Exp_06_Dec_2019_1145am,SW_Yosefa,1868.30622768743,1869.00623002077,3000.0,58,Whistle12797,/lustre/fsn1/projects/rech/vzf/uqe97pu/raw_data/all_categories/SW_YosefaExp_06_Dec_2019_1145am1868.30622768743_1869.00623002077.wav
6846,Exp_05_Jan_2020_1545pm,SW_Yosefa,369.816120654911,370.246121957945,3300.0,58,Whistle12784,/lustre/fsn1/projects/rech/vzf/uqe97pu/raw_data/all_categories/SW_YosefaExp_05_Jan_2020_1545pm369.816120654911_370.246121957945.wav
6950,Exp_09_Mar_2020_1545pm,SW_Yosefa,298.52599508665,299.055996853323,3000.0,58,Whistle12911,/lustre/fsn1/projects/rech/vzf/uqe97pu/raw_data/all_categories/SW_YosefaExp_09_Mar_2020_1545pm298.52599508665_299.055996853323.wav
7019,Exp_06_Jan_2020_1245pm,SW_Yosefa,2929.85887836024,2930.62388067843,3300.0,59,Whistle12997,/lustre/fsn1/projects/rech/vzf/uqe97pu/raw_data/all_categories/SW_YosefaExp_06_Jan_2020_1245pm2929.85887836024_2930.62388067843.wav
6749,Exp_15_Dec_2019_1245pm,SW_Yosefa,2315.52356274368,2316.1130848238,3300.0,57,Whistle13292,/lustre/fsn1/projects/rech/vzf/uqe97pu/raw_data/all_categories/SW_YosefaExp_15_Dec_2019_1245pm2315.52356274368_2316.1130848238.wav
6636,Exp_06_Jan_2020_0945am,SW_Yosefa,866.572625977654,867.077627507962,3300.0,56,Whistle12635,/lustre/fsn1/projects/rech/vzf/uqe97pu/raw_data/all_categories/SW_YosefaExp_06_Jan_2020_0945am866.572625977654_867.077627507962.wav
6871,Exp_06_Feb_2020_1345pm,SW_Yosefa,302.530916760354,303.010918214904,3300.0,58,Whistle12812,/lustre/fsn1/projects/rech/vzf/uqe97pu/raw_data/all_categories/SW_YosefaExp_06_Feb_2020_1345pm302.530916760354_303.010918214904.wav
6628,Exp_04_Jan_2020_1345pm,SW_Yosefa,2216.74671741429,2217.51171973248,3300.0,56,Whistle12618,/lustre/fsn1/projects/rech/vzf/uqe97pu/raw_data/all_categories/SW_YosefaExp_04_Jan_2020_1345pm2216.74671741429_2217.51171973248.wav
6675,Exp_09_Feb_2020_1345pm,SW_Yosefa,695.827108566996,696.592110885184,3300.0,56,Whistle13056,/lustre/fsn1/projects/rech/vzf/uqe97pu/raw_data/all_categories/SW_YosefaExp_09_Feb_2020_1345pm695.827108566996_696.592110885184.wav
6869,Exp_06_Feb_2020_1145am,SW_Yosefa,1643.81998127267,1644.33498283328,3300.0,58,Whistle12810,/lustre/fsn1/projects/rech/vzf/uqe97pu/raw_data/all_categories/SW_YosefaExp_06_Feb_2020_1145am1643.81998127267_1644.33498283328.wav
7003,Exp_01_Feb_2020_1545pm,SW_Yosefa,413.421252791675,414.426255837139,3300.0,59,Whistle12965,/lustre/fsn1/projects/rech/vzf/uqe97pu/raw_data/all_categories/SW_YosefaExp_01_Feb_2020_1545pm413.421252791675_414.426255837139.wav
6690,Exp_11_Mar_2020_1145am,SW_Yosefa,144.64048213494,145.625485418285,3000.0,56,Whistle13153,/lustre/fsn1/projects/rech/vzf/uqe97pu/raw_data/all_categories/SW_YosefaExp_11_Mar_2020_1145am144.64048213494_145.625485418285.wav
6878,Exp_06_Jan_2020_0945am,SW_Yosefa,1564.3347404083,1565.64974439316,3300.0,58,Whistle12821,/lustre/fsn1/projects/rech/vzf/uqe97pu/raw_data/all_categories/SW_YosefaExp_06_Jan_2020_0945am1564.3347404083_1565.64974439316.wav
6777,Exp_03_Mar_2020_1345pm,SW_Yosefa,1501.94000646669,1502.44500815003,3000.0,58,Whistle12701,/lustre/fsn1/projects/rech/vzf/uqe97pu/raw_data/all_categories/SW_YosefaExp_03_Mar_2020_1345pm1501.94000646669_1502.44500815003.wav
7207,Exp_16_Nov_2019_0845am,SW_Yosefa,988.662747396521,989.897706746114,3600.0,61,Whistle13233,/lustre/fsn1/projects/rech/vzf/uqe97pu/raw_data/all_categories/SW_YosefaExp_16_Nov_2019_0845am988.662747396521_989.897706746114.wav
7100,Exp_14_Feb_2020_1145am,SW_Yosefa,562.896705747593,563.456707444568,3300.0,59,Whistle13182,/lustre/fsn1/projects/rech/vzf/uqe97pu/raw_data/all_categories/SW_YosefaExp_14_Feb_2020_1145am562.896705747593_563.456707444568.wav
7175,Exp_11_Dec_2019_1145am,SW_Yosefa,2408.35229803727,2408.54229861303,3300.0,61,Whistle13147,/lustre/fsn1/projects/rech/vzf/uqe97pu/raw_data/all_categories/SW_YosefaExp_11_Dec_2019_1145am2408.35229803727_2408.54229861303.wav
6947,Exp_09_Mar_2020_1545pm,SW_Yosefa,886.107953693179,887.422958076527,3000.0,58,Whistle12908,/lustre/fsn1/projects/rech/vzf/uqe97pu/raw_data/all_categories/SW_YosefaExp_09_Mar_2020_1545pm886.107953693179_887.422958076527.wav
6997,Exp_04_Mar_2020_1545pm,SW_Yosefa,696.967323224411,697.507325024417,3000.0,59,Whistle12954,/lustre/fsn1/projects/rech/vzf/uqe97pu/raw_data/all_categories/SW_YosefaExp_04_Mar_2020_1545pm696.967323224411_697.507325024417.wav
6589,Exp_05_Dec_2019_1245pm,SW_Yosefa,2436.97312324374,2437.40812469375,3000.0,54,Whistle12760,/lustre/fsn1/projects/rech/vzf/uqe97pu/raw_data/all_categories/SW_YosefaExp_05_Dec_2019_1245pm2436.97312324374_2437.40812469375.wav
7002,Exp_05_Feb_2020_1545pm,SW_Yosefa,1820.83051766824,1821.3605192743,3300.0,59,Whistle12963,/lustre/fsn1/projects/rech/vzf/uqe97pu/raw_data/all_categories/SW_YosefaExp_05_Feb_2020_1545pm1820.83051766824_1821.3605192743.wav
7013,Exp_06_Feb_2020_1345pm,SW_Yosefa,302.00591516944,302.755917442174,3300.0,59,Whistle12990,/lustre/fsn1/projects/rech/vzf/uqe97pu/raw_data/all_categories/SW_YosefaExp_06_Feb_2020_1345pm302.00591516944_302.755917442174.wav
6911,Exp_07_Jan_2020_1345pm,SW_Yosefa,1970.57597144234,1971.64097466962,3300.0,58,Whistle12860,/lustre/fsn1/projects/rech/vzf/uqe97pu/raw_data/all_categories/SW_YosefaExp_07_Jan_2020_1345pm1970.57597144234_1971.64097466962.wav
6816,Exp_04_Jan_2020_1345pm,SW_Yosefa,2183.43161645944,2184.45661956551,3300.0,58,Whistle12748,/lustre/fsn1/projects/rech/vzf/uqe97pu/raw_data/all_categories/SW_YosefaExp_04_Jan_2020_1345pm2183.43161645944_2184.45661956551.wav
6860,Exp_06_Dec_2019_1245pm,SW_Yosefa,82.1752739175797,83.4902783009277,3000.0,58,Whistle12800,/lustre/fsn1/projects/rech/vzf/uqe97pu/raw_data/all_categories/SW_YosefaExp_06_Dec_2019_1245pm82.1752739175797_83.4902783009277.wav
7094,Exp_11_Mar_2020_1145am,SW_Yosefa,114.130380434601,114.805382684609,3000.0,59,Whistle13152,/lustre/fsn1/projects/rech/vzf/uqe97pu/raw_data/all_categories/SW_YosefaExp_11_Mar_2020_1145am114.130380434601_114.805382684609.wav
6651,Exp_05_Feb_2020_0945am,SW_Yosefa,758.072297188779,759.077300234243,3300.0,56,Whistle12957,/lustre/fsn1/projects/rech/vzf/uqe97pu/raw_data/all_categories/SW_YosefaExp_05_Feb_2020_0945am758.072297188779_759.077300234243.wav
7018,Exp_06_Jan_2020_1245pm,SW_Yosefa,2928.1488731784,2928.91387549659,3300.0,59,Whistle12996,/lustre/fsn1/projects/rech/vzf/uqe97pu/raw_data/all_categories/SW_YosefaExp_06_Jan_2020_1245pm2928.1488731784_2928.91387549659.wav
7061,Exp_09_Jan_2020_1145am,SW_Yosefa,1017.25808260025,1018.02308491844,3300.0,59,Whistle13068,/lustre/fsn1/projects/rech/vzf/uqe97pu/raw_data/all_categories/SW_YosefaExp_09_Jan_2020_1145am1017.25808260025_1018.02308491844.wav
6884,Exp_06_Jan_2020_0945am,SW_Yosefa,3272.15991563611,3273.18491874218,3300.0,58,Whistle12827,/lustre/fsn1/projects/rech/vzf/uqe97pu/raw_data/all_categories/SW_YosefaExp_06_Jan_2020_0945am3272.15991563611_3273.18491874218.wav
7067,Exp_02_Feb_2020_1545pm,SW_Yosefa,1916.35080712366,1916.90080879033,3300.0,59,Whistle13082,/lustre/fsn1/projects/rech/vzf/uqe97pu/raw_data/all_categories/SW_YosefaExp_02_Feb_2020_1545pm1916.35080712366_1916.90080879033.wav
6831,Exp_05_Feb_2020_0945am,SW_Yosefa,761.162306552444,761.927308870633,3300.0,58,Whistle12764,/lustre/fsn1/projects/rech/vzf/uqe97pu/raw_data/all_categories/SW_YosefaExp_05_Feb_2020_0945am761.162306552444_761.927308870633.wav
6859,Exp_06_Dec_2019_1245pm,SW_Yosefa,489.856632855443,490.82163607212,3000.0,58,Whistle12799,/lustre/fsn1/projects/rech/vzf/uqe97pu/raw_data/all_categories/SW_YosefaExp_06_Dec_2019_1245pm489.856632855443_490.82163607212.wav
6731,Exp_17_Jan_2020_1245pm,SW_Yosefa,2886.0337455568,2886.46874687499,3300.0,57,Whistle13132,/lustre/fsn1/projects/rech/vzf/uqe97pu/raw_data/all_categories/SW_YosefaExp_17_Jan_2020_1245pm2886.0337455568_2886.46874687499.wav
6706,Exp_06_Dec_2019_1245pm,SW_Yosefa,128.200427334758,129.205430684769,3000.0,57,Whistle12663,/lustre/fsn1/projects/rech/vzf/uqe97pu/raw_data/all_categories/SW_YosefaExp_06_Dec_2019_1245pm128.200427334758_129.205430684769.wav
7199,Exp_13_Dec_2019_1345pm,SW_Yosefa,2825.80856305625,2826.15856411686,3300.0,61,Whistle13167,/lustre/fsn1/projects/rech/vzf/uqe97pu/raw_data/all_categories/SW_YosefaExp_13_Dec_2019_1345pm2825.80856305625_2826.15856411686.wav
7088,Exp_23_Nov_2019_1145am,SW_Yosefa,1226.53598962208,1227.29127131222,3000.0,59,Whistle13140,/lustre/fsn1/projects/rech/vzf/uqe97pu/raw_data/all_categories/SW_YosefaExp_23_Nov_2019_1145am1226.53598962208_1227.29127131222.wav
6767,Exp_02_Mar_2020_1545pm,SW_Yosefa,502.086673622245,502.886676288921,3000.0,58,Whistle12690,/lustre/fsn1/projects/rech/vzf/uqe97pu/raw_data/all_categories/SW_YosefaExp_02_Mar_2020_1545pm502.086673622245_502.886676288921.wav
6920,Exp_01_Feb_2020_0945am,SW_Yosefa,893.572707796084,894.597710902154,3300.0,58,Whistle12872,/lustre/fsn1/projects/rech/vzf/uqe97pu/raw_data/all_categories/SW_YosefaExp_01_Feb_2020_0945am893.572707796084_894.597710902154.wav
6898,Exp_07_Dec_2019_0945am,SW_Yosefa,493.426495231804,493.956496837869,3300.0,58,Whistle12841,/lustre/fsn1/projects/rech/vzf/uqe97pu/raw_data/all_categories/SW_YosefaExp_07_Dec_2019_0945am493.426495231804_493.956496837869.wav
7198,Exp_09_Jan_2020_0945am,SW_Yosefa,547.567825476706,548.49936257918,3300.0,61,Whistle13094,/lustre/fsn1/projects/rech/vzf/uqe97pu/raw_data/all_categories/SW_YosefaExp_09_Jan_2020_0945am547.567825476706_548.49936257918.wav
7157,Exp_14_Feb_2020_1145am,SW_Yosefa,222.015672774766,222.305673653557,3300.0,60,Whistle13183,/lustre/fsn1/projects/rech/vzf/uqe97pu/raw_data/all_categories/SW_YosefaExp_14_Feb_2020_1145am222.015672774766_222.305673653557.wav
7076,Exp_16_Dec_2019_1345pm,SW_Yosefa,521.34819142352,521.98339803509,3300.0,59,Whistle13110,/lustre/fsn1/projects/rech/vzf/uqe97pu/raw_data/all_categories/SW_YosefaExp_16_Dec_2019_1345pm521.34819142352_521.98339803509.wav
6723,Exp_07_Jan_2020_1545pm,SW_Yosefa,781.48736814354,781.977369628393,3300.0,57,Whistle13019,/lustre/fsn1/projects/rech/vzf/uqe97pu/raw_data/all_categories/SW_YosefaExp_07_Jan_2020_1545pm781.48736814354_781.977369628393.wav
6601,Exp_07_Jan_2020_1045am,SW_Yosefa,2526.76265685654,2527.52765917472,3300.0,54,Whistle13015,/lustre/fsn1/projects/rech/vzf/uqe97pu/raw_data/all_categories/SW_YosefaExp_07_Jan_2020_1045am2526.76265685654_2527.52765917472.wav
6754,Exp_16_Feb_2020_1545pm,SW_Yosefa,2203.36844409495,2204.04926306046,3300.0,57,Whistle13307,/lustre/fsn1/projects/rech/vzf/uqe97pu/raw_data/all_categories/SW_YosefaExp_16_Feb_2020_1545pm2203.36844409495_2204.04926306046.wav
7189,Exp_17_Feb_2020_1345pm,SW_Yosefa,615.894209141858,615.98011433911,3300.0,61,Whistle13127,/lustre/fsn1/projects/rech/vzf/uqe97pu/raw_data/all_categories/SW_YosefaExp_17_Feb_2020_1345pm615.894209141858_615.98011433911.wav
7072,Exp_13_Dec_2019_1345pm,SW_Yosefa,764.424067613639,764.958952406265,3300.0,59,Whistle13101,/lustre/fsn1/projects/rech/vzf/uqe97pu/raw_data/all_categories/SW_YosefaExp_13_Dec_2019_1345pm764.424067613639_764.958952406265.wav
6607,Exp_13_Dec_2019_1345pm,SW_Yosefa,2994.44407407295,2994.65407470932,3300.0,54,Whistle13173,/lustre/fsn1/projects/rech/vzf/uqe97pu/raw_data/all_categories/SW_YosefaExp_13_Dec_2019_1345pm2994.44407407295_2994.65407470932.wav
7155,Exp_11_Jan_2020_0945am,SW_Yosefa,671.677035384956,671.957036233443,3300.0,60,Whistle13151,/lustre/fsn1/projects/rech/vzf/uqe97pu/raw_data/all_categories/SW_YosefaExp_11_Jan_2020_0945am671.677035384956_671.957036233443.wav
7064,Exp_09_Mar_2020_1545pm,SW_Yosefa,927.698092326974,928.163093876979,3000.0,59,Whistle13077,/lustre/fsn1/projects/rech/vzf/uqe97pu/raw_data/all_categories/SW_YosefaExp_09_Mar_2020_1545pm927.698092326974_928.163093876979.wav
7113,Exp_21_Nov_2019_1345pm,SW_Yosefa,260.535723710344,261.305725849238,3600.0,59,Whistle13246,/lustre/fsn1/projects/rech/vzf/uqe97pu/raw_data/all_categories/SW_YosefaExp_21_Nov_2019_1345pm260.535723710344_261.305725849238.wav
6904,Exp_07_Jan_2020_0845am,SW_Yosefa,2982.35903745163,2983.34404043649,3300.0,58,Whistle12852,/lustre/fsn1/projects/rech/vzf/uqe97pu/raw_data/all_categories/SW_YosefaExp_07_Jan_2020_0845am2982.35903745163_2983.34404043649.wav
6827,Exp_05_Dec_2019_1145am,SW_Yosefa,326.141087136957,327.166090553635,3000.0,58,Whistle12759,/lustre/fsn1/projects/rech/vzf/uqe97pu/raw_data/all_categories/SW_YosefaExp_05_Dec_2019_1145am326.141087136957_327.166090553635.wav
6926,Exp_08_Feb_2020_1345pm,SW_Yosefa,457.751387125416,458.381389034512,3300.0,58,Whistle12878,/lustre/fsn1/projects/rech/vzf/uqe97pu/raw_data/all_categories/SW_YosefaExp_08_Feb_2020_1345pm457.751387125416_458.381389034512.wav
6736,Exp_13_Dec_2019_1345pm,SW_Yosefa,2805.16850051061,2805.54850166213,3300.0,57,Whistle13166,/lustre/fsn1/projects/rech/vzf/uqe97pu/raw_data/all_categories/SW_YosefaExp_13_Dec_2019_1345pm2805.16850051061_2805.54850166213.wav
6708,Exp_01_Jan_2020_0845am,SW_Yosefa,2915.42883463283,2916.4338376783,3300.0,57,Whistle12665,/lustre/fsn1/projects/rech/vzf/uqe97pu/raw_data/all_categories/SW_YosefaExp_01_Jan_2020_0845am2915.42883463283_2916.4338376783.wav
7026,Exp_07_Dec_2019_1245pm,SW_Yosefa,498.541511337913,499.190298269731,3300.0,59,Whistle13008,/lustre/fsn1/projects/rech/vzf/uqe97pu/raw_data/all_categories/SW_YosefaExp_07_Dec_2019_1245pm498.541511337913_499.190298269731.wav
6695,Exp_13_Dec_2019_0945am,SW_Yosefa,2298.19745213231,2298.99258734605,3300.0,56,Whistle13302,/lustre/fsn1/projects/rech/vzf/uqe97pu/raw_data/all_categories/SW_YosefaExp_13_Dec_2019_0945am2298.19745213231_2298.99258734605.wav
6755,Exp_09_Feb_2020_1345pm,SW_Yosefa,920.702790008455,921.467792326643,3300.0,58,Whistle12649,/lustre/fsn1/projects/rech/vzf/uqe97pu/raw_data/all_categories/SW_YosefaExp_09_Feb_2020_1345pm920.702790008455_921.467792326643.wav
6639,Exp_07_Dec_2019_0945am,SW_Yosefa,2904.86380261758,2905.58380479941,3300.0,56,Whistle12639,/lustre/fsn1/projects/rech/vzf/uqe97pu/raw_data/all_categories/SW_YosefaExp_07_Dec_2019_0945am2904.86380261758_2905.58380479941.wav
6932,Exp_08_Jan_2020_1345pm,SW_Yosefa,1579.73478707511,1580.70979002967,3300.0,58,Whistle12884,/lustre/fsn1/projects/rech/vzf/uqe97pu/raw_data/all_categories/SW_YosefaExp_08_Jan_2020_1345pm1579.73478707511_1580.70979002967.wav
6804,Exp_04_Jan_2020_1345pm,SW_Yosefa,1483.02449401362,1484.33949799848,3300.0,58,Whistle12735,/lustre/fsn1/projects/rech/vzf/uqe97pu/raw_data/all_categories/SW_YosefaExp_04_Jan_2020_1345pm1483.02449401362_1484.33949799848.wav
6862,Exp_06_Dec_2019_1245pm,SW_Yosefa,825.86775289251,826.447754825849,3000.0,58,Whistle12802,/lustre/fsn1/projects/rech/vzf/uqe97pu/raw_data/all_categories/SW_YosefaExp_06_Dec_2019_1245pm825.86775289251_826.447754825849.wav
6599,Exp_06_Dec_2019_1245pm,SW_Yosefa,142.745475818253,143.220477401591,3000.0,54,Whistle12981,/lustre/fsn1/projects/rech/vzf/uqe97pu/raw_data/all_categories/SW_YosefaExp_06_Dec_2019_1245pm142.745475818253_143.220477401591.wav
7149,Exp_01_Jan_2020_1545pm,SW_Yosefa,13.635041318307,14.0900426970991,3300.0,60,Whistle12894,/lustre/fsn1/projects/rech/vzf/uqe97pu/raw_data/all_categories/SW_YosefaExp_01_Jan_2020_1545pm13.635041318307_14.0900426970991.wav
6837,Exp_05_Feb_2020_1545pm,SW_Yosefa,2997.88908451238,2998.85408743663,3300.0,58,Whistle12773,/lustre/fsn1/projects/rech/vzf/uqe97pu/raw_data/all_categories/SW_YosefaExp_05_Feb_2020_1545pm2997.88908451238_2998.85408743663.wav
6913,Exp_01_Jan_2020_1345pm,SW_Yosefa,173.015524289468,173.970527183416,3300.0,58,Whistle12862,/lustre/fsn1/projects/rech/vzf/uqe97pu/raw_data/all_categories/SW_YosefaExp_01_Jan_2020_1345pm173.015524289468_173.970527183416.wav
7180,Exp_13_Dec_2019_1345pm,SW_Yosefa,2774.65840805578,2775.74341134367,3300.0,61,Whistle13156,/lustre/fsn1/projects/rech/vzf/uqe97pu/raw_data/all_categories/SW_YosefaExp_13_Dec_2019_1345pm2774.65840805578_2775.74341134367.wav
6772,Exp_03_Feb_2020_1545pm,SW_Yosefa,3126.13447313477,3127.44947711963,3300.0,58,Whistle12695,/lustre/fsn1/projects/rech/vzf/uqe97pu/raw_data/all_categories/SW_YosefaExp_03_Feb_2020_1545pm3126.13447313477_3127.44947711963.wav
7050,Exp_09_Feb_2020_0945am,SW_Yosefa,256.310776699323,257.015778835693,3300.0,59,Whistle13048,/lustre/fsn1/projects/rech/vzf/uqe97pu/raw_data/all_categories/SW_YosefaExp_09_Feb_2020_0945am256.310776699323_257.015778835693.wav
7130,Exp_04_Feb_2020_0845am,SW_Yosefa,1515.38594519468,1516.10063166333,3300.0,60,Whistle12705,/lustre/fsn1/projects/rech/vzf/uqe97pu/raw_data/all_categories/SW_YosefaExp_04_Feb_2020_0845am1515.38594519468_1516.10063166333.wav
7134,Exp_05_Feb_2020_0945am,SW_Yosefa,758.667298991815,759.112300340304,3300.0,60,Whistle12765,/lustre/fsn1/projects/rech/vzf/uqe97pu/raw_data/all_categories/SW_YosefaExp_05_Feb_2020_0945am758.667298991815_759.112300340304.wav
6676,Exp_09_Feb_2020_1345pm,SW_Yosefa,1454.38440722548,1454.89440877094,3300.0,56,Whistle13057,/lustre/fsn1/projects/rech/vzf/uqe97pu/raw_data/all_categories/SW_YosefaExp_09_Feb_2020_1345pm1454.38440722548_1454.89440877094.wav
6762,Exp_02_Mar_2020_1345pm,SW_Yosefa,2295.04265014217,2296.13765379218,3000.0,58,Whistle12685,/lustre/fsn1/projects/rech/vzf/uqe97pu/raw_data/all_categories/SW_YosefaExp_02_Mar_2020_1345pm2295.04265014217_2296.13765379218.wav
7115,Exp_21_Nov_2019_1145am,SW_Yosefa,143.12039755666,143.595398876108,3600.0,59,Whistle13249,/lustre/fsn1/projects/rech/vzf/uqe97pu/raw_data/all_categories/SW_YosefaExp_21_Nov_2019_1145am143.12039755666_143.595398876108.wav
6942,Exp_09_Feb_2020_1345pm,SW_Yosefa,1443.69437483144,1444.66937778599,3300.0,58,Whistle12899,/lustre/fsn1/projects/rech/vzf/uqe97pu/raw_data/all_categories/SW_YosefaExp_09_Feb_2020_1345pm1443.69437483144_1444.66937778599.wav
6939,Exp_09_Feb_2020_1345pm,SW_Yosefa,473.936436171019,474.856438958906,3300.0,58,Whistle12895,/lustre/fsn1/projects/rech/vzf/uqe97pu/raw_data/all_categories/SW_YosefaExp_09_Feb_2020_1345pm473.936436171019_474.856438958906.wav
7122,Exp_17_Dec_2019_0945am,SW_Yosefa,1573.06976687808,1573.93976951445,3300.0,59,Whistle13281,/lustre/fsn1/projects/rech/vzf/uqe97pu/raw_data/all_categories/SW_YosefaExp_17_Dec_2019_0945am1573.06976687808_1573.93976951445.wav
6587,Exp_09_Feb_2020_1345pm,SW_Yosefa,680.502062127461,681.26706444565,3300.0,54,Whistle12648,/lustre/fsn1/projects/rech/vzf/uqe97pu/raw_data/all_categories/SW_YosefaExp_09_Feb_2020_1345pm680.502062127461_681.26706444565.wav
6627,Exp_17_Feb_2020_1145am,SW_Yosefa,2954.8489546938,2955.68875854318,3300.0,55,Whistle13305,/lustre/fsn1/projects/rech/vzf/uqe97pu/raw_data/all_categories/SW_YosefaExp_17_Feb_2020_1145am2954.8489546938_2955.68875854318.wav
6901,Exp_07_Dec_2019_1245pm,SW_Yosefa,2271.79688423298,2272.82188733905,3300.0,58,Whistle12848,/lustre/fsn1/projects/rech/vzf/uqe97pu/raw_data/all_categories/SW_YosefaExp_07_Dec_2019_1245pm2271.79688423298_2272.82188733905.wav
7006,Exp_05_Jan_2020_1545pm,SW_Yosefa,696.992112097309,697.757114415498,3300.0,59,Whistle12974,/lustre/fsn1/projects/rech/vzf/uqe97pu/raw_data/all_categories/SW_YosefaExp_05_Jan_2020_1545pm696.992112097309_697.757114415498.wav
6996,Exp_04_Jan_2020_1345pm,SW_Yosefa,2196.67665659593,2197.19665817169,3300.0,59,Whistle12953,/lustre/fsn1/projects/rech/vzf/uqe97pu/raw_data/all_categories/SW_YosefaExp_04_Jan_2020_1345pm2196.67665659593_2197.19665817169.wav
6598,Exp_06_Dec_2019_1245pm,SW_Yosefa,141.525471751573,142.195473984913,3000.0,54,Whistle12980,/lustre/fsn1/projects/rech/vzf/uqe97pu/raw_data/all_categories/SW_YosefaExp_06_Dec_2019_1245pm141.525471751573_142.195473984913.wav
6630,Exp_06_Dec_2019_1245pm,SW_Yosefa,137.950459834866,138.790462634875,3000.0,56,Whistle12626,/lustre/fsn1/projects/rech/vzf/uqe97pu/raw_data/all_categories/SW_YosefaExp_06_Dec_2019_1245pm137.950459834866_138.790462634875.wav
7186,Exp_15_Feb_2020_1245pm,SW_Yosefa,2135.49147118628,2135.73147191355,3300.0,61,Whistle13270,/lustre/fsn1/projects/rech/vzf/uqe97pu/raw_data/all_categories/SW_YosefaExp_15_Feb_2020_1245pm2135.49147118628_2135.73147191355.wav
7152,Exp_10_Dec_2019_1545pm,SW_Yosefa,661.252003793951,661.837005566684,3300.0,60,Whistle12915,/lustre/fsn1/projects/rech/vzf/uqe97pu/raw_data/all_categories/SW_YosefaExp_10_Dec_2019_1545pm661.252003793951_661.837005566684.wav
6585,Exp_05_Jan_2020_1145am,SW_Yosefa,1095.86332079794,1096.62832311613,3300.0,54,Whistle12623,/lustre/fsn1/projects/rech/vzf/uqe97pu/raw_data/all_categories/SW_YosefaExp_05_Jan_2020_1145am1095.86332079794_1096.62832311613.wav
6937,Exp_01_Jan_2020_1545pm,SW_Yosefa,625.846896505747,626.386898142116,3300.0,58,Whistle12892,/lustre/fsn1/projects/rech/vzf/uqe97pu/raw_data/all_categories/SW_YosefaExp_01_Jan_2020_1545pm625.846896505747_626.386898142116.wav
6909,Exp_07_Jan_2020_1045am,SW_Yosefa,3058.2992681796,3058.89847750675,3300.0,58,Whistle12857,/lustre/fsn1/projects/rech/vzf/uqe97pu/raw_data/all_categories/SW_YosefaExp_07_Jan_2020_1045am3058.2992681796_3058.89847750675.wav
7059,Exp_09_Jan_2020_1145am,SW_Yosefa,757.602295764533,758.607298809996,3300.0,59,Whistle13066,/lustre/fsn1/projects/rech/vzf/uqe97pu/raw_data/all_categories/SW_YosefaExp_09_Jan_2020_1145am757.602295764533_758.607298809996.wav
7097,Exp_12_Dec_2019_1245pm,SW_Yosefa,2862.56867445053,2863.1286761475,3300.0,59,Whistle13159,/lustre/fsn1/projects/rech/vzf/uqe97pu/raw_data/all_categories/SW_YosefaExp_12_Dec_2019_1245pm2862.56867445053_2863.1286761475.wav
7054,Exp_09_Feb_2020_1345pm,SW_Yosefa,1728.16523686435,1728.61523822799,3300.0,59,Whistle13058,/lustre/fsn1/projects/rech/vzf/uqe97pu/raw_data/all_categories/SW_YosefaExp_09_Feb_2020_1345pm1728.16523686435_1728.61523822799.wav
6910,Exp_07_Jan_2020_1345pm,SW_Yosefa,2247.08680935397,2247.95181197519,3300.0,58,Whistle12859,/lustre/fsn1/projects/rech/vzf/uqe97pu/raw_data/all_categories/SW_YosefaExp_07_Jan_2020_1345pm2247.08680935397_2247.95181197519.wav
6807,Exp_04_Jan_2020_1345pm,SW_Yosefa,1513.11458519571,1514.42958918057,3300.0,58,Whistle12738,/lustre/fsn1/projects/rech/vzf/uqe97pu/raw_data/all_categories/SW_YosefaExp_04_Jan_2020_1345pm1513.11458519571_1514.42958918057.wav
6608,Exp_16_Jan_2020_1245pm,SW_Yosefa,2735.41828914633,2735.74829014633,3300.0,54,Whistle13274,/lustre/fsn1/projects/rech/vzf/uqe97pu/raw_data/all_categories/SW_YosefaExp_16_Jan_2020_1245pm2735.41828914633_2735.74829014633.wav
7044,Exp_08_Jan_2020_1345pm,SW_Yosefa,2193.59164724742,2194.16664898985,3300.0,59,Whistle13040,/lustre/fsn1/projects/rech/vzf/uqe97pu/raw_data/all_categories/SW_YosefaExp_08_Jan_2020_1345pm2193.59164724742_2194.16664898985.wav
6845,Exp_05_Jan_2020_1345pm,SW_Yosefa,1226.37371628399,1227.67872023855,3300.0,58,Whistle12781,/lustre/fsn1/projects/rech/vzf/uqe97pu/raw_data/all_categories/SW_YosefaExp_05_Jan_2020_1345pm1226.37371628399_1227.67872023855.wav
6632,Exp_06_Dec_2019_1245pm,SW_Yosefa,140.190467301558,140.955469851566,3000.0,56,Whistle12629,/lustre/fsn1/projects/rech/vzf/uqe97pu/raw_data/all_categories/SW_YosefaExp_06_Dec_2019_1245pm140.190467301558_140.955469851566.wav
6811,Exp_04_Jan_2020_1345pm,SW_Yosefa,2157.11153670163,2158.42654068649,3300.0,58,Whistle12742,/lustre/fsn1/projects/rech/vzf/uqe97pu/raw_data/all_categories/SW_YosefaExp_04_Jan_2020_1345pm2157.11153670163_2158.42654068649.wav
6619,Exp_12_Dec_2019_0945am,SW_Yosefa,3192.06114580662,3192.97820007019,3300.0,55,Whistle13099,/lustre/fsn1/projects/rech/vzf/uqe97pu/raw_data/all_categories/SW_YosefaExp_12_Dec_2019_0945am3192.06114580662_3192.97820007019.wav
6739,Exp_14_Jan_2020_0945am,SW_Yosefa,2904.21380064788,2904.56380170849,3300.0,57,Whistle13194,/lustre/fsn1/projects/rech/vzf/uqe97pu/raw_data/all_categories/SW_YosefaExp_14_Jan_2020_0945am2904.21380064788_2904.56380170849.wav
6819,Exp_04_Jan_2020_1345pm,SW_Yosefa,2221.78173267192,2222.80673577799,3300.0,58,Whistle12751,/lustre/fsn1/projects/rech/vzf/uqe97pu/raw_data/all_categories/SW_YosefaExp_04_Jan_2020_1345pm2221.78173267192_2222.80673577799.wav
7181,Exp_13_Dec_2019_1345pm,SW_Yosefa,2783.15843381344,2784.24843711648,3300.0,61,Whistle13172,/lustre/fsn1/projects/rech/vzf/uqe97pu/raw_data/all_categories/SW_YosefaExp_13_Dec_2019_1345pm2783.15843381344_2784.24843711648.wav
6757,Exp_04_Feb_2020_0945am,SW_Yosefa,61.6551874399619,62.7163815687498,3300.0,58,Whistle12659,/lustre/fsn1/projects/rech/vzf/uqe97pu/raw_data/all_categories/SW_YosefaExp_04_Feb_2020_0945am61.6551874399619_62.7163815687498.wav
7106,Exp_15_Jan_2020_1245pm,SW_Yosefa,2810.86351776824,2811.59351998036,3300.0,59,Whistle13207,/lustre/fsn1/projects/rech/vzf/uqe97pu/raw_data/all_categories/SW_YosefaExp_15_Jan_2020_1245pm2810.86351776824_2811.59351998036.wav
7091,Exp_11_Dec_2019_1545pm,SW_Yosefa,71.1852157127749,71.6252170461123,3300.0,59,Whistle13148,/lustre/fsn1/projects/rech/vzf/uqe97pu/raw_data/all_categories/SW_YosefaExp_11_Dec_2019_1545pm71.1852157127749_71.6252170461123.wav
6776,Exp_03_Jan_2020_1145am,SW_Yosefa,1936.85586926021,1937.63587162385,3300.0,58,Whistle12700,/lustre/fsn1/projects/rech/vzf/uqe97pu/raw_data/all_categories/SW_YosefaExp_03_Jan_2020_1145am1936.85586926021_1937.63587162385.wav
7108,Exp_16_Feb_2020_1345pm,SW_Yosefa,3138.33951011973,3139.05951230155,3300.0,59,Whistle13226,/lustre/fsn1/projects/rech/vzf/uqe97pu/raw_data/all_categories/SW_YosefaExp_16_Feb_2020_1345pm3138.33951011973_3139.05951230155.wav
6936,Exp_01_Jan_2020_1545pm,SW_Yosefa,1011.46306503959,1012.2880675396,3300.0,58,Whistle12891,/lustre/fsn1/projects/rech/vzf/uqe97pu/raw_data/all_categories/SW_YosefaExp_01_Jan_2020_1545pm1011.46306503959_1012.2880675396.wav
7185,Exp_17_Feb_2020_1345pm,SW_Yosefa,2381.67721720369,2381.92221794611,3300.0,61,Whistle13210,/lustre/fsn1/projects/rech/vzf/uqe97pu/raw_data/all_categories/SW_YosefaExp_17_Feb_2020_1345pm2381.67721720369_2381.92221794611.wav
7114,Exp_21_Nov_2019_1345pm,SW_Yosefa,658.056827935633,658.871830199528,3600.0,59,Whistle13248,/lustre/fsn1/projects/rech/vzf/uqe97pu/raw_data/all_categories/SW_YosefaExp_21_Nov_2019_1345pm658.056827935633_658.871830199528.wav
6649,Exp_01_Feb_2020_1145am,SW_Yosefa,3024.3941648308,3025.15916714899,3300.0,56,Whistle12951,/lustre/fsn1/projects/rech/vzf/uqe97pu/raw_data/all_categories/SW_YosefaExp_01_Feb_2020_1145am3024.3941648308_3025.15916714899.wav
7159,Exp_15_Dec_2019_1545pm,SW_Yosefa,483.776465989291,484.4464680196,3300.0,60,Whistle13197,/lustre/fsn1/projects/rech/vzf/uqe97pu/raw_data/all_categories/SW_YosefaExp_15_Dec_2019_1545pm483.776465989291_484.4464680196.wav
6750,Exp_17_Feb_2020_1245pm,SW_Yosefa,2807.86994417873,2808.83719700892,3300.0,57,Whistle13296,/lustre/fsn1/projects/rech/vzf/uqe97pu/raw_data/all_categories/SW_YosefaExp_17_Feb_2020_1245pm2807.86994417873_2808.83719700892.wav
6935,Exp_01_Jan_2020_1545pm,SW_Yosefa,423.121282185704,423.856284412983,3300.0,58,Whistle12889,/lustre/fsn1/projects/rech/vzf/uqe97pu/raw_data/all_categories/SW_YosefaExp_01_Jan_2020_1545pm423.121282185704_423.856284412983.wav
6744,Exp_16_Jan_2020_1145am,SW_Yosefa,449.676362655644,450.451365004136,3300.0,57,Whistle13230,/lustre/fsn1/projects/rech/vzf/uqe97pu/raw_data/all_categories/SW_YosefaExp_16_Jan_2020_1145am449.676362655644_450.451365004136.wav
6891,Exp_06_Mar_2020_1545pm,SW_Yosefa,1009.80336601122,1010.82336941123,3000.0,58,Whistle12834,/lustre/fsn1/projects/rech/vzf/uqe97pu/raw_data/all_categories/SW_YosefaExp_06_Mar_2020_1545pm1009.80336601122_1010.82336941123.wav
6775,Exp_03_Jan_2020_1145am,SW_Yosefa,1900.75575986594,1901.65076257807,3300.0,58,Whistle12699,/lustre/fsn1/projects/rech/vzf/uqe97pu/raw_data/all_categories/SW_YosefaExp_03_Jan_2020_1145am1900.75575986594_1901.65076257807.wav
6959,Exp_02_Jan_2020_1145am,SW_Yosefa,1150.99348785905,1152.13849132876,3300.0,58,Whistle12921,/lustre/fsn1/projects/rech/vzf/uqe97pu/raw_data/all_categories/SW_YosefaExp_02_Jan_2020_1145am1150.99348785905_1152.13849132876.wav
6734,Exp_12_Mar_2020_1345pm,SW_Yosefa,675.399792635007,676.214813339341,3000.0,57,Whistle13160,/lustre/fsn1/projects/rech/vzf/uqe97pu/raw_data/all_categories/SW_YosefaExp_12_Mar_2020_1345pm675.399792635007_676.214813339341.wav
6938,Exp_09_Feb_2020_0945am,SW_Yosefa,996.588019963697,997.123021584914,3300.0,58,Whistle12893,/lustre/fsn1/projects/rech/vzf/uqe97pu/raw_data/all_categories/SW_YosefaExp_09_Feb_2020_0945am996.588019963697_997.123021584914.wav
7156,Exp_13_Dec_2019_0945am,SW_Yosefa,2289.9619392786,2290.50194091497,3300.0,60,Whistle13163,/lustre/fsn1/projects/rech/vzf/uqe97pu/raw_data/all_categories/SW_YosefaExp_13_Dec_2019_0945am2289.9619392786_2290.50194091497.wav
6808,Exp_04_Jan_2020_1345pm,SW_Yosefa,1514.40458910482,1515.71959308968,3300.0,58,Whistle12739,/lustre/fsn1/projects/rech/vzf/uqe97pu/raw_data/all_categories/SW_YosefaExp_04_Jan_2020_1345pm1514.40458910482_1515.71959308968.wav
6944,Exp_09_Jan_2020_0945am,SW_Yosefa,335.386016321262,336.186018745511,3300.0,58,Whistle12901,/lustre/fsn1/projects/rech/vzf/uqe97pu/raw_data/all_categories/SW_YosefaExp_09_Jan_2020_0945am335.386016321262_336.186018745511.wav
7055,Exp_09_Jan_2020_0945am,SW_Yosefa,334.916014897015,335.681017215204,3300.0,59,Whistle13061,/lustre/fsn1/projects/rech/vzf/uqe97pu/raw_data/all_categories/SW_YosefaExp_09_Jan_2020_0945am334.916014897015_335.681017215204.wav
6685,Exp_09_Mar_2020_1545pm,SW_Yosefa,906.178020593402,906.818022726742,3000.0,56,Whistle13076,/lustre/fsn1/projects/rech/vzf/uqe97pu/raw_data/all_categories/SW_YosefaExp_09_Mar_2020_1545pm906.178020593402_906.818022726742.wav
7154,Exp_11_Dec_2019_1145am,SW_Yosefa,1775.64538074358,1776.28538268298,3300.0,60,Whistle13144,/lustre/fsn1/projects/rech/vzf/uqe97pu/raw_data/all_categories/SW_YosefaExp_11_Dec_2019_1145am1775.64538074358_1776.28538268298.wav
6656,Exp_05_Jan_2020_1145am,SW_Yosefa,635.963698441804,636.511894922742,3300.0,56,Whistle12968,/lustre/fsn1/projects/rech/vzf/uqe97pu/raw_data/all_categories/SW_YosefaExp_05_Jan_2020_1145am635.963698441804_636.511894922742.wav
7183,Exp_17_Feb_2020_1345pm,SW_Yosefa,916.442777099324,917.142779220543,3300.0,61,Whistle13275,/lustre/fsn1/projects/rech/vzf/uqe97pu/raw_data/all_categories/SW_YosefaExp_17_Feb_2020_1345pm916.442777099324_917.142779220543.wav
7184,Exp_14_Feb_2020_1145am,SW_Yosefa,443.701344549529,443.89634514044,3300.0,61,Whistle13184,/lustre/fsn1/projects/rech/vzf/uqe97pu/raw_data/all_categories/SW_YosefaExp_14_Feb_2020_1145am443.701344549529_443.89634514044.wav
6701,Exp_07_Jan_2020_1545pm,SW_Yosefa,563.426707353659,563.941708914269,3300.0,57,Whistle12644,/lustre/fsn1/projects/rech/vzf/uqe97pu/raw_data/all_categories/SW_YosefaExp_07_Jan_2020_1545pm563.426707353659_563.941708914269.wav
7005,Exp_05_Jan_2020_1345pm,SW_Yosefa,313.690950578638,314.455952896827,3300.0,59,Whistle12973,/lustre/fsn1/projects/rech/vzf/uqe97pu/raw_data/all_categories/SW_YosefaExp_05_Jan_2020_1345pm313.690950578638_314.455952896827.wav
7028,Exp_01_Jan_2020_1045am,SW_Yosefa,2276.63689889969,2277.34690105121,3300.0,59,Whistle13011,/lustre/fsn1/projects/rech/vzf/uqe97pu/raw_data/all_categories/SW_YosefaExp_01_Jan_2020_1045am2276.63689889969_2277.34690105121.wav
7169,Exp_17_Jan_2020_1245pm,SW_Yosefa,1515.40853350857,1515.78794527327,3300.0,60,Whistle13260,/lustre/fsn1/projects/rech/vzf/uqe97pu/raw_data/all_categories/SW_YosefaExp_17_Jan_2020_1245pm1515.40853350857_1515.78794527327.wav
6789,Exp_04_Feb_2020_1245pm,SW_Yosefa,461.681399034543,462.406401231519,3300.0,58,Whistle12717,/lustre/fsn1/projects/rech/vzf/uqe97pu/raw_data/all_categories/SW_YosefaExp_04_Feb_2020_1245pm461.681399034543_462.406401231519.wav
6945,Exp_09_Jan_2020_1145am,SW_Yosefa,1262.25382501159,1263.53382889039,3300.0,58,Whistle12902,/lustre/fsn1/projects/rech/vzf/uqe97pu/raw_data/all_categories/SW_YosefaExp_09_Jan_2020_1145am1262.25382501159_1263.53382889039.wav
7001,13-11-19-1221,SW_Yosefa,3156.77876882991,3157.32877035769,3600.0,59,Whistle12960,/lustre/fsn1/projects/rech/vzf/uqe97pu/raw_data/all_categories/SW_Yosefa13-11-19-12213156.77876882991_3157.32877035769.wav
6987,Exp_03_Jan_2020_1045am,SW_Yosefa,1097.58332601008,1098.32332825251,3300.0,59,Whistle12937,/lustre/fsn1/projects/rech/vzf/uqe97pu/raw_data/all_categories/SW_YosefaExp_03_Jan_2020_1045am1097.58332601008_1098.32332825251.wav
7023,Exp_07_Dec_2019_0945am,SW_Yosefa,2858.1436610414,2858.90866335959,3300.0,59,Whistle13004,/lustre/fsn1/projects/rech/vzf/uqe97pu/raw_data/all_categories/SW_YosefaExp_07_Dec_2019_0945am2858.1436610414_2858.90866335959.wav
6590,Exp_07_Jan_2020_1045am,SW_Yosefa,1885.62571401732,1886.3907163355,3300.0,54,Whistle12858,/lustre/fsn1/projects/rech/vzf/uqe97pu/raw_data/all_categories/SW_YosefaExp_07_Jan_2020_1045am1885.62571401732_1886.3907163355.wav
6994,Exp_04_Jan_2020_1045am,SW_Yosefa,3231.97479386301,3232.77979630241,3300.0,59,Whistle12947,/lustre/fsn1/projects/rech/vzf/uqe97pu/raw_data/all_categories/SW_YosefaExp_04_Jan_2020_1045am3231.97479386301_3232.77979630241.wav
6618,Exp_09_Jan_2020_1145am,SW_Yosefa,171.055518350056,171.610520031879,3300.0,55,Whistle12652,/lustre/fsn1/projects/rech/vzf/uqe97pu/raw_data/all_categories/SW_YosefaExp_09_Jan_2020_1145am171.055518350056_171.610520031879.wav
6721,Exp_07_Dec_2019_0845am,SW_Yosefa,97.8952966524141,98.7202991524217,3300.0,57,Whistle13002,/lustre/fsn1/projects/rech/vzf/uqe97pu/raw_data/all_categories/SW_YosefaExp_07_Dec_2019_0845am97.8952966524141_98.7202991524217.wav
6835,Exp_05_Feb_2020_1545pm,SW_Yosefa,385.461168064146,386.091169973242,3300.0,58,Whistle12771,/lustre/fsn1/projects/rech/vzf/uqe97pu/raw_data/all_categories/SW_YosefaExp_05_Feb_2020_1545pm385.461168064146_386.091169973242.wav
6885,Exp_01_Jan_2020_1045am,SW_Yosefa,2287.10693062706,2288.39693453616,3300.0,58,Whistle12828,/lustre/fsn1/projects/rech/vzf/uqe97pu/raw_data/all_categories/SW_YosefaExp_01_Jan_2020_1045am2287.10693062706_2288.39693453616.wav
7008,Exp_06_Dec_2019_1245pm,SW_Yosefa,129.26543088477,129.790432634775,3000.0,59,Whistle12976,/lustre/fsn1/projects/rech/vzf/uqe97pu/raw_data/all_categories/SW_YosefaExp_06_Dec_2019_1245pm129.26543088477_129.790432634775.wav
6641,Exp_07_Jan_2020_0945am,SW_Yosefa,2247.56181079337,2248.20681274792,3300.0,56,Whistle12642,/lustre/fsn1/projects/rech/vzf/uqe97pu/raw_data/all_categories/SW_YosefaExp_07_Jan_2020_0945am2247.56181079337_2248.20681274792.wav
6693,Exp_12_Dec_2019_1045am,SW_Yosefa,1563.950553483,1564.74667751401,3300.0,56,Whistle13290,/lustre/fsn1/projects/rech/vzf/uqe97pu/raw_data/all_categories/SW_YosefaExp_12_Dec_2019_1045am1563.950553483_1564.74667751401.wav
7016,Exp_06_Jan_2020_0845am,SW_Yosefa,212.340643456495,213.105645774684,3300.0,59,Whistle12994,/lustre/fsn1/projects/rech/vzf/uqe97pu/raw_data/all_categories/SW_YosefaExp_06_Jan_2020_0845am212.340643456495_213.105645774684.wav
6977,Exp_02_Feb_2020_1545pm,SW_Yosefa,1006.77305082743,1007.26305231228,3300.0,59,Whistle12679,/lustre/fsn1/projects/rech/vzf/uqe97pu/raw_data/all_categories/SW_YosefaExp_02_Feb_2020_1545pm1006.77305082743_1007.26305231228.wav
7015,Exp_06_Jan_2020_0845am,SW_Yosefa,200.070606274564,200.835608592753,3300.0,59,Whistle12993,/lustre/fsn1/projects/rech/vzf/uqe97pu/raw_data/all_categories/SW_YosefaExp_06_Jan_2020_0845am200.070606274564_200.835608592753.wav
6844,Exp_05_Jan_2020_1345pm,SW_Yosefa,1213.19367634447,1214.50868032933,3300.0,58,Whistle12780,/lustre/fsn1/projects/rech/vzf/uqe97pu/raw_data/all_categories/SW_YosefaExp_05_Jan_2020_1345pm1213.19367634447_1214.50868032933.wav
7123,Exp_17_Dec_2019_1545pm,SW_Yosefa,143.180433880103,143.765435652835,3300.0,59,Whistle13283,/lustre/fsn1/projects/rech/vzf/uqe97pu/raw_data/all_categories/SW_YosefaExp_17_Dec_2019_1545pm143.180433880103_143.765435652835.wav
6879,Exp_06_Jan_2020_0945am,SW_Yosefa,1583.8647995903,1585.17980357516,3300.0,58,Whistle12822,/lustre/fsn1/projects/rech/vzf/uqe97pu/raw_data/all_categories/SW_YosefaExp_06_Jan_2020_0945am1583.8647995903_1585.17980357516.wav
6732,Exp_17_Jan_2020_1745pm,SW_Yosefa,2307.83802373078,2308.54403231447,3300.0,57,Whistle13134,/lustre/fsn1/projects/rech/vzf/uqe97pu/raw_data/all_categories/SW_YosefaExp_17_Jan_2020_1745pm2307.83802373078_2308.54403231447.wav
6848,Exp_05_Mar_2020_1545pm,SW_Yosefa,203.105677018923,204.420681402271,3000.0,58,Whistle12787,/lustre/fsn1/projects/rech/vzf/uqe97pu/raw_data/all_categories/SW_YosefaExp_05_Mar_2020_1545pm203.105677018923_204.420681402271.wav
7121,Exp_17_Dec_2019_0945am,SW_Yosefa,2647.2380219334,2648.22302491826,3300.0,59,Whistle13280,/lustre/fsn1/projects/rech/vzf/uqe97pu/raw_data/all_categories/SW_YosefaExp_17_Dec_2019_0945am2647.2380219334_2648.22302491826.wav
6941,Exp_09_Feb_2020_1345pm,SW_Yosefa,696.38711026397,696.807111536702,3300.0,58,Whistle12897,/lustre/fsn1/projects/rech/vzf/uqe97pu/raw_data/all_categories/SW_YosefaExp_09_Feb_2020_1345pm696.38711026397_696.807111536702.wav
7133,Exp_04_Jan_2020_1345pm,SW_Yosefa,2182.0016121261,2183.02661523217,3300.0,60,Whistle12747,/lustre/fsn1/projects/rech/vzf/uqe97pu/raw_data/all_categories/SW_YosefaExp_04_Jan_2020_1345pm2182.0016121261_2183.02661523217.wav
6620,Exp_17_Jan_2020_1045am,SW_Yosefa,2140.29648574693,2140.65148682269,3300.0,55,Whistle13130,/lustre/fsn1/projects/rech/vzf/uqe97pu/raw_data/all_categories/SW_YosefaExp_17_Jan_2020_1045am2140.29648574693_2140.65148682269.wav
7051,Exp_09_Feb_2020_0945am,SW_Yosefa,1975.54098648784,1976.535989503,3300.0,59,Whistle13049,/lustre/fsn1/projects/rech/vzf/uqe97pu/raw_data/all_categories/SW_YosefaExp_09_Feb_2020_0945am1975.54098648784_1976.535989503.wav
6889,Exp_06_Mar_2020_1345pm,SW_Yosefa,1329.88443294811,1330.57943526478,3000.0,58,Whistle12832,/lustre/fsn1/projects/rech/vzf/uqe97pu/raw_data/all_categories/SW_YosefaExp_06_Mar_2020_1345pm1329.88443294811_1330.57943526478.wav
6780,Exp_04_Feb_2020_0945am,SW_Yosefa,1186.99359695029,1187.90859972303,3300.0,58,Whistle12707,/lustre/fsn1/projects/rech/vzf/uqe97pu/raw_data/all_categories/SW_YosefaExp_04_Feb_2020_0945am1186.99359695029_1187.90859972303.wav
7087,Exp_23_Nov_2019_0945am,SW_Yosefa,563.226878089594,564.013968998685,3000.0,59,Whistle13139,/lustre/fsn1/projects/rech/vzf/uqe97pu/raw_data/all_categories/SW_YosefaExp_23_Nov_2019_0945am563.226878089594_564.013968998685.wav
7082,Exp_17_Dec_2019_1245pm,SW_Yosefa,2821.68355116228,2822.57019267171,3300.0,59,Whistle13122,/lustre/fsn1/projects/rech/vzf/uqe97pu/raw_data/all_categories/SW_YosefaExp_17_Dec_2019_1245pm2821.68355116228_2822.57019267171.wav
6728,Exp_13_Dec_2019_0945am,SW_Yosefa,1234.96118117209,1235.35498605014,3300.0,57,Whistle13100,/lustre/fsn1/projects/rech/vzf/uqe97pu/raw_data/all_categories/SW_YosefaExp_13_Dec_2019_0945am1234.96118117209_1235.35498605014.wav
7093,Exp_11_Jan_2020_0945am,SW_Yosefa,403.166221715823,403.681223276434,3300.0,59,Whistle13150,/lustre/fsn1/projects/rech/vzf/uqe97pu/raw_data/all_categories/SW_YosefaExp_11_Jan_2020_0945am403.166221715823_403.681223276434.wav
7135,Exp_05_Feb_2020_1345pm,SW_Yosefa,32.465098379086,32.9950999851515,3300.0,60,Whistle12766,/lustre/fsn1/projects/rech/vzf/uqe97pu/raw_data/all_categories/SW_YosefaExp_05_Feb_2020_1345pm32.465098379086_32.9950999851515.wav
6729,Exp_17_Dec_2019_0945am,SW_Yosefa,998.689558894402,999.455382649192,3300.0,57,Whistle13121,/lustre/fsn1/projects/rech/vzf/uqe97pu/raw_data/all_categories/SW_YosefaExp_17_Dec_2019_0945am998.689558894402_999.455382649192.wav
7039,Exp_01_Jan_2020_1345pm,SW_Yosefa,706.947142264067,707.902145158016,3300.0,59,Whistle13030,/lustre/fsn1/projects/rech/vzf/uqe97pu/raw_data/all_categories/SW_YosefaExp_01_Jan_2020_1345pm706.947142264067_707.902145158016.wav
6930,Exp_08_Jan_2020_1245pm,SW_Yosefa,1593.10482819645,1594.1370720127,3300.0,58,Whistle12882,/lustre/fsn1/projects/rech/vzf/uqe97pu/raw_data/all_categories/SW_YosefaExp_08_Jan_2020_1245pm1593.10482819645_1594.1370720127.wav
6907,Exp_07_Jan_2020_0945am,SW_Yosefa,2333.26707050627,2334.23707344568,3300.0,58,Whistle12855,/lustre/fsn1/projects/rech/vzf/uqe97pu/raw_data/all_categories/SW_YosefaExp_07_Jan_2020_0945am2333.26707050627_2334.23707344568.wav
7010,Exp_06_Feb_2020_1045am,SW_Yosefa,3163.70958699875,3164.44458922603,3300.0,59,Whistle12986,/lustre/fsn1/projects/rech/vzf/uqe97pu/raw_data/all_categories/SW_YosefaExp_06_Feb_2020_1045am3163.70958699875_3164.44458922603.wav
6705,Exp_06_Dec_2019_1145am,SW_Yosefa,2718.64406281354,2719.64489859067,3000.0,57,Whistle12662,/lustre/fsn1/projects/rech/vzf/uqe97pu/raw_data/all_categories/SW_YosefaExp_06_Dec_2019_1145am2718.64406281354_2719.64489859067.wav
7107,Exp_15_Jan_2020_1345pm,SW_Yosefa,46.5501410610335,47.1451428640693,3300.0,59,Whistle13209,/lustre/fsn1/projects/rech/vzf/uqe97pu/raw_data/all_categories/SW_YosefaExp_15_Jan_2020_1345pm46.5501410610335_47.1451428640693.wav
6678,Exp_09_Jan_2020_0945am,SW_Yosefa,331.351004093952,332.116006412141,3300.0,56,Whistle13060,/lustre/fsn1/projects/rech/vzf/uqe97pu/raw_data/all_categories/SW_YosefaExp_09_Jan_2020_0945am331.351004093952_332.116006412141.wav
6725,Exp_10_Dec_2019_1545pm,SW_Yosefa,908.06775172046,908.562753220464,3300.0,57,Whistle13080,/lustre/fsn1/projects/rech/vzf/uqe97pu/raw_data/all_categories/SW_YosefaExp_10_Dec_2019_1545pm908.06775172046_908.562753220464.wav
6821,Exp_04_Jan_2020_1345pm,SW_Yosefa,2215.6417140658,2216.40671638399,3300.0,58,Whistle12753,/lustre/fsn1/projects/rech/vzf/uqe97pu/raw_data/all_categories/SW_YosefaExp_04_Jan_2020_1345pm2215.6417140658_2216.40671638399.wav
6976,Exp_09_Jan_2020_1145am,SW_Yosefa,455.256379564787,455.831381307216,3300.0,59,Whistle12676,/lustre/fsn1/projects/rech/vzf/uqe97pu/raw_data/all_categories/SW_YosefaExp_09_Jan_2020_1145am455.256379564787_455.831381307216.wav
6993,Exp_04_Jan_2020_0945am,SW_Yosefa,446.646353473798,447.201355155622,3300.0,59,Whistle12945,/lustre/fsn1/projects/rech/vzf/uqe97pu/raw_data/all_categories/SW_YosefaExp_04_Jan_2020_0945am446.646353473798_447.201355155622.wav
6679,Exp_09_Jan_2020_0945am,SW_Yosefa,1310.20897033021,1310.9739726484,3300.0,56,Whistle13062,/lustre/fsn1/projects/rech/vzf/uqe97pu/raw_data/all_categories/SW_YosefaExp_09_Jan_2020_0945am1310.20897033021_1310.9739726484.wav
6953,Exp_09_Mar_2020_1545pm,SW_Yosefa,887.322957743193,887.892959643199,3000.0,58,Whistle12914,/lustre/fsn1/projects/rech/vzf/uqe97pu/raw_data/all_categories/SW_YosefaExp_09_Mar_2020_1545pm887.322957743193_887.892959643199.wav
6906,Exp_07_Jan_2020_0945am,SW_Yosefa,1274.71886278443,1275.7438658905,3300.0,58,Whistle12854,/lustre/fsn1/projects/rech/vzf/uqe97pu/raw_data/all_categories/SW_YosefaExp_07_Jan_2020_0945am1274.71886278443_1275.7438658905.wav
6861,Exp_06_Dec_2019_1245pm,SW_Yosefa,88.0102933676445,89.0302967676559,3000.0,58,Whistle12801,/lustre/fsn1/projects/rech/vzf/uqe97pu/raw_data/all_categories/SW_YosefaExp_06_Dec_2019_1245pm88.0102933676445_89.0302967676559.wav
6875,Exp_06_Jan_2020_0845am,SW_Yosefa,273.810829729787,274.760832608584,3300.0,58,Whistle12817,/lustre/fsn1/projects/rech/vzf/uqe97pu/raw_data/all_categories/SW_YosefaExp_06_Jan_2020_0845am273.810829729787_274.760832608584.wav
6836,Exp_05_Feb_2020_1545pm,SW_Yosefa,400.631214033982,401.946218018842,3300.0,58,Whistle12772,/lustre/fsn1/projects/rech/vzf/uqe97pu/raw_data/all_categories/SW_YosefaExp_05_Feb_2020_1545pm400.631214033982_401.946218018842.wav
6982,Exp_03_Feb_2020_0845am,SW_Yosefa,2960.498971209,2961.19397331507,3300.0,59,Whistle12928,/lustre/fsn1/projects/rech/vzf/uqe97pu/raw_data/all_categories/SW_YosefaExp_03_Feb_2020_0845am2960.498971209_2961.19397331507.wav
6704,Exp_05_Jan_2020_1545pm,SW_Yosefa,936.137837387386,936.973426612975,3300.0,57,Whistle12661,/lustre/fsn1/projects/rech/vzf/uqe97pu/raw_data/all_categories/SW_YosefaExp_05_Jan_2020_1545pm936.137837387386_936.973426612975.wav
6765,Exp_01_Feb_2020_1145am,SW_Yosefa,2508.29760090182,2509.61260488668,3300.0,58,Whistle12688,/lustre/fsn1/projects/rech/vzf/uqe97pu/raw_data/all_categories/SW_YosefaExp_01_Feb_2020_1145am2508.29760090182_2509.61260488668.wav
6784,Exp_04_Feb_2020_1145am,SW_Yosefa,3077.2243249222,3078.53932890706,3300.0,58,Whistle12712,/lustre/fsn1/projects/rech/vzf/uqe97pu/raw_data/all_categories/SW_YosefaExp_04_Feb_2020_1145am3077.2243249222_3078.53932890706.wav
6905,Exp_07_Jan_2020_0945am,SW_Yosefa,1270.40884972379,1271.43385282986,3300.0,58,Whistle12853,/lustre/fsn1/projects/rech/vzf/uqe97pu/raw_data/all_categories/SW_YosefaExp_07_Jan_2020_0945am1270.40884972379_1271.43385282986.wav
6828,Exp_05_Dec_2019_1245pm,SW_Yosefa,2759.40919803066,2760.17420058067,3000.0,58,Whistle12761,/lustre/fsn1/projects/rech/vzf/uqe97pu/raw_data/all_categories/SW_YosefaExp_05_Dec_2019_1245pm2759.40919803066_2760.17420058067.wav
7179,Exp_05_Dec_2019_0945am,SW_Yosefa,193.86564688549,195.18835949546,3000.0,61,Whistle13089,/lustre/fsn1/projects/rech/vzf/uqe97pu/raw_data/all_categories/SW_YosefaExp_05_Dec_2019_0945am193.86564688549_195.18835949546.wav
7025,Exp_07_Dec_2019_0945am,SW_Yosefa,2233.89676938415,2234.66177170234,3300.0,59,Whistle13007,/lustre/fsn1/projects/rech/vzf/uqe97pu/raw_data/all_categories/SW_YosefaExp_07_Dec_2019_0945am2233.89676938415_2234.66177170234.wav
7099,Exp_13_Dec_2019_1545pm,SW_Yosefa,341.676035381925,342.216037018294,3300.0,59,Whistle13177,/lustre/fsn1/projects/rech/vzf/uqe97pu/raw_data/all_categories/SW_YosefaExp_13_Dec_2019_1545pm341.676035381925_342.216037018294.wav
7029,Exp_07_Jan_2020_0845am,SW_Yosefa,2980.29903120919,2981.06403352737,3300.0,59,Whistle13013,/lustre/fsn1/projects/rech/vzf/uqe97pu/raw_data/all_categories/SW_YosefaExp_07_Jan_2020_0845am2980.29903120919_2981.06403352737.wav
7132,Exp_04_Jan_2020_0945am,SW_Yosefa,1270.20884911772,1270.62885039046,3300.0,60,Whistle12722,/lustre/fsn1/projects/rech/vzf/uqe97pu/raw_data/all_categories/SW_YosefaExp_04_Jan_2020_0945am1270.20884911772_1270.62885039046.wav
7007,Exp_06_Dec_2019_1145am,SW_Yosefa,917.69805899353,918.33806112687,3000.0,59,Whistle12975,/lustre/fsn1/projects/rech/vzf/uqe97pu/raw_data/all_categories/SW_YosefaExp_06_Dec_2019_1145am917.69805899353_918.33806112687.wav
6707,Exp_06_Dec_2019_1245pm,SW_Yosefa,103.115343717812,104.120347067824,3000.0,57,Whistle12664,/lustre/fsn1/projects/rech/vzf/uqe97pu/raw_data/all_categories/SW_YosefaExp_06_Dec_2019_1245pm103.115343717812_104.120347067824.wav
6984,Exp_03_Feb_2020_1045am,SW_Yosefa,2664.00807275174,2664.46307413053,3300.0,59,Whistle12931,/lustre/fsn1/projects/rech/vzf/uqe97pu/raw_data/all_categories/SW_YosefaExp_03_Feb_2020_1045am2664.00807275174_2664.46307413053.wav
7046,Exp_01_Jan_2020_1345pm,SW_Yosefa,444.886348140449,445.651350458638,3300.0,59,Whistle13042,/lustre/fsn1/projects/rech/vzf/uqe97pu/raw_data/all_categories/SW_YosefaExp_01_Jan_2020_1345pm444.886348140449_445.651350458638.wav
7032,Exp_01_Jan_2020_1345pm,SW_Yosefa,57.2051733490101,58.1801763035646,3300.0,59,Whistle13022,/lustre/fsn1/projects/rech/vzf/uqe97pu/raw_data/all_categories/SW_YosefaExp_01_Jan_2020_1345pm57.2051733490101_58.1801763035646.wav
6805,Exp_04_Jan_2020_1345pm,SW_Yosefa,1491.25951896824,1492.5745229531,3300.0,58,Whistle12736,/lustre/fsn1/projects/rech/vzf/uqe97pu/raw_data/all_categories/SW_YosefaExp_04_Jan_2020_1345pm1491.25951896824_1492.5745229531.wav
6924,Exp_08_Dec_2019_1545pm,SW_Yosefa,414.821257034112,415.80626001897,3300.0,58,Whistle12876,/lustre/fsn1/projects/rech/vzf/uqe97pu/raw_data/all_categories/SW_YosefaExp_08_Dec_2019_1545pm414.821257034112_415.80626001897.wav
6635,Exp_01_Jan_2020_0845am,SW_Yosefa,2885.43374373862,2886.19874605681,3300.0,56,Whistle12633,/lustre/fsn1/projects/rech/vzf/uqe97pu/raw_data/all_categories/SW_YosefaExp_01_Jan_2020_0845am2885.43374373862_2886.19874605681.wav
6801,Exp_04_Jan_2020_1145am,SW_Yosefa,16.7800508486389,17.805053954709,3300.0,58,Whistle12731,/lustre/fsn1/projects/rech/vzf/uqe97pu/raw_data/all_categories/SW_YosefaExp_04_Jan_2020_1145am16.7800508486389_17.805053954709.wav
6711,Exp_06_Jan_2020_0945am,SW_Yosefa,1566.94974893863,1567.94052606473,3300.0,57,Whistle12668,/lustre/fsn1/projects/rech/vzf/uqe97pu/raw_data/all_categories/SW_YosefaExp_06_Jan_2020_0945am1566.94974893863_1567.94052606473.wav
7147,Exp_08_Jan_2020_1345pm,SW_Yosefa,2048.38620723093,2049.411210337,3300.0,60,Whistle12887,/lustre/fsn1/projects/rech/vzf/uqe97pu/raw_data/all_categories/SW_YosefaExp_08_Jan_2020_1345pm2048.38620723093_2049.411210337.wav
7012,Exp_06_Feb_2020_1345pm,SW_Yosefa,321.125973109009,322.130976154473,3300.0,59,Whistle12988,/lustre/fsn1/projects/rech/vzf/uqe97pu/raw_data/all_categories/SW_YosefaExp_06_Feb_2020_1345pm321.125973109009_322.130976154473.wav
7069,Exp_02_Jan_2020_1045am,SW_Yosefa,3048.54923802799,3049.12423977042,3300.0,59,Whistle13084,/lustre/fsn1/projects/rech/vzf/uqe97pu/raw_data/all_categories/SW_YosefaExp_02_Jan_2020_1045am3048.54923802799_3049.12423977042.wav
7150,Exp_09_Jan_2020_1145am,SW_Yosefa,226.150685305107,227.175688411177,3300.0,60,Whistle12903,/lustre/fsn1/projects/rech/vzf/uqe97pu/raw_data/all_categories/SW_YosefaExp_09_Jan_2020_1145am226.150685305107_227.175688411177.wav
7014,Exp_06_Jan_2020_0845am,SW_Yosefa,142.750432577068,143.795435743745,3300.0,59,Whistle12991,/lustre/fsn1/projects/rech/vzf/uqe97pu/raw_data/all_categories/SW_YosefaExp_06_Jan_2020_0845am142.750432577068_143.795435743745.wav
6682,Exp_09_Jan_2020_1545pm,SW_Yosefa,558.206691535429,558.971693853618,3300.0,56,Whistle13072,/lustre/fsn1/projects/rech/vzf/uqe97pu/raw_data/all_categories/SW_YosefaExp_09_Jan_2020_1545pm558.206691535429_558.971693853618.wav
7021,Exp_06_Mar_2020_1545pm,SW_Yosefa,871.142903809679,872.092906976357,3000.0,59,Whistle13000,/lustre/fsn1/projects/rech/vzf/uqe97pu/raw_data/all_categories/SW_YosefaExp_06_Mar_2020_1545pm871.142903809679_872.092906976357.wav
6968,Exp_16_Jan_2020_0945am,SW_Yosefa,539.406635777684,540.146116297165,3300.0,58,Whistle13224,/lustre/fsn1/projects/rech/vzf/uqe97pu/raw_data/all_categories/SW_YosefaExp_16_Jan_2020_0945am539.406635777684_540.146116297165.wav
7187,Exp_16_Dec_2019_1145am,SW_Yosefa,3168.23960072606,3168.44960136243,3300.0,61,Whistle13272,/lustre/fsn1/projects/rech/vzf/uqe97pu/raw_data/all_categories/SW_YosefaExp_16_Dec_2019_1145am3168.23960072606_3168.44960136243.wav
6876,Exp_06_Jan_2020_0845am,SW_Yosefa,1900.07075779017,1900.83576010836,3300.0,58,Whistle12819,/lustre/fsn1/projects/rech/vzf/uqe97pu/raw_data/all_categories/SW_YosefaExp_06_Jan_2020_0845am1900.07075779017_1900.83576010836.wav
6849,Exp_06_Dec_2019_0945am,SW_Yosefa,94.8653162177207,95.9953199843999,3000.0,58,Whistle12789,/lustre/fsn1/projects/rech/vzf/uqe97pu/raw_data/all_categories/SW_YosefaExp_06_Dec_2019_0945am94.8653162177207_95.9953199843999.wav
7098,Exp_12_Mar_2020_1345pm,SW_Yosefa,680.327267757559,680.972269907566,3000.0,59,Whistle13161,/lustre/fsn1/projects/rech/vzf/uqe97pu/raw_data/all_categories/SW_YosefaExp_12_Mar_2020_1345pm680.327267757559_680.972269907566.wav
7034,Exp_07_Mar_2020_0845am,SW_Yosefa,1588.25029416765,1589.01529671766,3000.0,59,Whistle13024,/lustre/fsn1/projects/rech/vzf/uqe97pu/raw_data/all_categories/SW_YosefaExp_07_Mar_2020_0845am1588.25029416765_1589.01529671766.wav
6694,Exp_16_Nov_2019_0545am,SW_Yosefa,2215.69143166757,2216.49880493946,3600.0,56,Whistle13294,/lustre/fsn1/projects/rech/vzf/uqe97pu/raw_data/all_categories/SW_YosefaExp_16_Nov_2019_0545am2215.69143166757_2216.49880493946.wav
6761,Exp_01_Feb_2020_1145am,SW_Yosefa,2131.65645956503,2132.61146245898,3300.0,58,Whistle12684,/lustre/fsn1/projects/rech/vzf/uqe97pu/raw_data/all_categories/SW_YosefaExp_01_Feb_2020_1145am2131.65645956503_2132.61146245898.wav
7201,Exp_13_Dec_2019_1545pm,SW_Yosefa,340.076030533426,340.951033184949,3300.0,61,Whistle13176,/lustre/fsn1/projects/rech/vzf/uqe97pu/raw_data/all_categories/SW_YosefaExp_13_Dec_2019_1545pm340.076030533426_340.951033184949.wav
7083,Exp_17_Dec_2019_1345pm,SW_Yosefa,469.78310425234,470.463776521248,3300.0,59,Whistle13123,/lustre/fsn1/projects/rech/vzf/uqe97pu/raw_data/all_categories/SW_YosefaExp_17_Dec_2019_1345pm469.78310425234_470.463776521248.wav
7112,Exp_23_Nov_2019_1545pm,SW_Yosefa,562.036873456245,562.546875156251,3000.0,59,Whistle13244,/lustre/fsn1/projects/rech/vzf/uqe97pu/raw_data/all_categories/SW_YosefaExp_23_Nov_2019_1545pm562.036873456245_562.546875156251.wav
6955,Exp_01_Feb_2020_1045am,SW_Yosefa,2977.9540241031,2978.96402716372,3300.0,58,Whistle12917,/lustre/fsn1/projects/rech/vzf/uqe97pu/raw_data/all_categories/SW_YosefaExp_01_Feb_2020_1045am2977.9540241031_2978.96402716372.wav
6896,Exp_07_Dec_2019_0945am,SW_Yosefa,2859.66366564747,2860.87366931415,3300.0,58,Whistle12839,/lustre/fsn1/projects/rech/vzf/uqe97pu/raw_data/all_categories/SW_YosefaExp_07_Dec_2019_0945am2859.66366564747_2860.87366931415.wav
6733,Exp_12_Dec_2019_1245pm,SW_Yosefa,1822.50052272886,1823.23052494098,3300.0,57,Whistle13157,/lustre/fsn1/projects/rech/vzf/uqe97pu/raw_data/all_categories/SW_YosefaExp_12_Dec_2019_1245pm1822.50052272886_1823.23052494098.wav
6753,Exp_16_Feb_2020_1545pm,SW_Yosefa,435.327732598226,436.229057686565,3300.0,57,Whistle13306,/lustre/fsn1/projects/rech/vzf/uqe97pu/raw_data/all_categories/SW_YosefaExp_16_Feb_2020_1545pm435.327732598226_436.229057686565.wav
6815,Exp_04_Jan_2020_1345pm,SW_Yosefa,2207.53168948997,2208.84669347483,3300.0,58,Whistle12746,/lustre/fsn1/projects/rech/vzf/uqe97pu/raw_data/all_categories/SW_YosefaExp_04_Jan_2020_1345pm2207.53168948997_2208.84669347483.wav
6888,Exp_06_Jan_2020_1345pm,SW_Yosefa,2840.7086082079,2842.02361219276,3300.0,58,Whistle12831,/lustre/fsn1/projects/rech/vzf/uqe97pu/raw_data/all_categories/SW_YosefaExp_06_Jan_2020_1345pm2840.7086082079_2842.02361219276.wav
7047,Exp_09_Dec_2019_1145am,SW_Yosefa,621.296882717826,621.961884732984,3300.0,59,Whistle13044,/lustre/fsn1/projects/rech/vzf/uqe97pu/raw_data/all_categories/SW_YosefaExp_09_Dec_2019_1145am621.296882717826_621.961884732984.wav
6746,Exp_17_Dec_2019_1345pm,SW_Yosefa,651.529155672735,652.49459476622,3300.0,57,Whistle13259,/lustre/fsn1/projects/rech/vzf/uqe97pu/raw_data/all_categories/SW_YosefaExp_17_Dec_2019_1345pm651.529155672735_652.49459476622.wav
6899,Exp_07_Dec_2019_1145am,SW_Yosefa,668.527025839472,669.597029081906,3300.0,58,Whistle12844,/lustre/fsn1/projects/rech/vzf/uqe97pu/raw_data/all_categories/SW_YosefaExp_07_Dec_2019_1145am668.527025839472_669.597029081906.wav
6718,Exp_03_Jan_2020_1145am,SW_Yosefa,365.946108927603,366.491110579123,3300.0,57,Whistle12939,/lustre/fsn1/projects/rech/vzf/uqe97pu/raw_data/all_categories/SW_YosefaExp_03_Jan_2020_1145am365.946108927603_366.491110579123.wav
6992,Exp_04_Jan_2020_0945am,SW_Yosefa,1269.56884717832,1270.57385022379,3300.0,59,Whistle12944,/lustre/fsn1/projects/rech/vzf/uqe97pu/raw_data/all_categories/SW_YosefaExp_04_Jan_2020_0945am1269.56884717832_1270.57385022379.wav
6779,Exp_04_Feb_2020_0945am,SW_Yosefa,1183.53358646541,1184.84859045027,3300.0,58,Whistle12706,/lustre/fsn1/projects/rech/vzf/uqe97pu/raw_data/all_categories/SW_YosefaExp_04_Feb_2020_0945am1183.53358646541_1184.84859045027.wav
6940,Exp_09_Feb_2020_1345pm,SW_Yosefa,626.171897490598,626.906899717878,3300.0,58,Whistle12896,/lustre/fsn1/projects/rech/vzf/uqe97pu/raw_data/all_categories/SW_YosefaExp_09_Feb_2020_1345pm626.171897490598_626.906899717878.wav
6840,Exp_05_Jan_2020_1145am,SW_Yosefa,543.691647550447,545.006651535308,3300.0,58,Whistle12776,/lustre/fsn1/projects/rech/vzf/uqe97pu/raw_data/all_categories/SW_YosefaExp_05_Jan_2020_1145am543.691647550447_545.006651535308.wav
6814,Exp_04_Jan_2020_1345pm,SW_Yosefa,2191.81664186861,2193.13164585347,3300.0,58,Whistle12745,/lustre/fsn1/projects/rech/vzf/uqe97pu/raw_data/all_categories/SW_YosefaExp_04_Jan_2020_1345pm2191.81664186861_2193.13164585347.wav
6697,Exp_01_Feb_2020_0945am,SW_Yosefa,1183.31358579874,1183.83358737451,3300.0,57,Whistle12624,/lustre/fsn1/projects/rech/vzf/uqe97pu/raw_data/all_categories/SW_YosefaExp_01_Feb_2020_0945am1183.31358579874_1183.83358737451.wav
6702,Exp_09_Jan_2020_1245pm,SW_Yosefa,3097.53438646784,3098.00938790724,3300.0,57,Whistle12653,/lustre/fsn1/projects/rech/vzf/uqe97pu/raw_data/all_categories/SW_YosefaExp_09_Jan_2020_1245pm3097.53438646784_3098.00938790724.wav
7120,Exp_18_Nov_2019_1545pm,SW_Yosefa,130.685363014897,131.265364626013,3600.0,59,Whistle13267,/lustre/fsn1/projects/rech/vzf/uqe97pu/raw_data/all_categories/SW_YosefaExp_18_Nov_2019_1545pm130.685363014897_131.265364626013.wav
6864,Exp_06_Dec_2019_1345pm,SW_Yosefa,603.64201214004,604.887016290054,3000.0,58,Whistle12804,/lustre/fsn1/projects/rech/vzf/uqe97pu/raw_data/all_categories/SW_YosefaExp_06_Dec_2019_1345pm603.64201214004_604.887016290054.wav
6958,Exp_01_Feb_2020_1045am,SW_Yosefa,392.121188246025,392.851190458153,3300.0,58,Whistle12920,/lustre/fsn1/projects/rech/vzf/uqe97pu/raw_data/all_categories/SW_YosefaExp_01_Feb_2020_1045am392.121188246025_392.851190458153.wav
6966,Exp_14_Feb_2020_1145am,SW_Yosefa,738.10455872323,738.570034913706,3300.0,58,Whistle13216,/lustre/fsn1/projects/rech/vzf/uqe97pu/raw_data/all_categories/SW_YosefaExp_14_Feb_2020_1145am738.10455872323_738.570034913706.wav
6806,Exp_04_Jan_2020_1345pm,SW_Yosefa,1510.5145773169,1511.82958130176,3300.0,58,Whistle12737,/lustre/fsn1/projects/rech/vzf/uqe97pu/raw_data/all_categories/SW_YosefaExp_04_Jan_2020_1345pm1510.5145773169_1511.82958130176.wav
7174,Exp_16_Jan_2020_1145am,SW_Yosefa,685.374727277331,685.455439129183,3300.0,61,Whistle13114,/lustre/fsn1/projects/rech/vzf/uqe97pu/raw_data/all_categories/SW_YosefaExp_16_Jan_2020_1145am685.374727277331_685.455439129183.wav
7078,Exp_16_Feb_2020_1545pm,SW_Yosefa,1551.8147024688,1552.33470404456,3300.0,59,Whistle13112,/lustre/fsn1/projects/rech/vzf/uqe97pu/raw_data/all_categories/SW_YosefaExp_16_Feb_2020_1545pm1551.8147024688_1552.33470404456.wav
6929,Exp_08_Jan_2020_1245pm,SW_Yosefa,2600.65288076631,2601.67788387238,3300.0,58,Whistle12881,/lustre/fsn1/projects/rech/vzf/uqe97pu/raw_data/all_categories/SW_YosefaExp_08_Jan_2020_1245pm2600.65288076631_2601.67788387238.wav
6709,Exp_06_Feb_2020_1145am,SW_Yosefa,483.621466125655,484.682653808939,3300.0,57,Whistle12666,/lustre/fsn1/projects/rech/vzf/uqe97pu/raw_data/all_categories/SW_YosefaExp_06_Feb_2020_1145am483.621466125655_484.682653808939.wav
7197,Exp_08_Dec_2019_1045am,SW_Yosefa,2393.7422537644,2394.74725680987,3300.0,61,Whistle13093,/lustre/fsn1/projects/rech/vzf/uqe97pu/raw_data/all_categories/SW_YosefaExp_08_Dec_2019_1045am2393.7422537644_2394.74725680987.wav
7027,Exp_07_Dec_2019_1245pm,SW_Yosefa,501.616520050061,502.086521474307,3300.0,59,Whistle13009,/lustre/fsn1/projects/rech/vzf/uqe97pu/raw_data/all_categories/SW_YosefaExp_07_Dec_2019_1245pm501.616520050061_502.086521474307.wav
6867,Exp_06_Feb_2020_1045am,SW_Yosefa,3150.75954775621,3151.67455052894,3300.0,58,Whistle12807,/lustre/fsn1/projects/rech/vzf/uqe97pu/raw_data/all_categories/SW_YosefaExp_06_Feb_2020_1045am3150.75954775621_3151.67455052894.wav
7158,Exp_28_Nov_2019_1245pm,SW_Yosefa,976.163253877513,976.648255494185,3000.0,60,Whistle13190,/lustre/fsn1/projects/rech/vzf/uqe97pu/raw_data/all_categories/SW_YosefaExp_28_Nov_2019_1245pm976.163253877513_976.648255494185.wav
6625,Exp_16_Nov_2019_1045am,SW_Yosefa,3526.92979702721,3527.45479848555,3600.0,55,Whistle13237,/lustre/fsn1/projects/rech/vzf/uqe97pu/raw_data/all_categories/SW_YosefaExp_16_Nov_2019_1045am3526.92979702721_3527.45479848555.wav
6689,Exp_17_Feb_2020_1345pm,SW_Yosefa,634.683528508513,635.564381351323,3300.0,56,Whistle13128,/lustre/fsn1/projects/rech/vzf/uqe97pu/raw_data/all_categories/SW_YosefaExp_17_Feb_2020_1345pm634.683528508513_635.564381351323.wav
7109,Exp_16_Jan_2020_1145am,SW_Yosefa,431.071306276686,431.996309079724,3300.0,59,Whistle13229,/lustre/fsn1/projects/rech/vzf/uqe97pu/raw_data/all_categories/SW_YosefaExp_16_Jan_2020_1145am431.071306276686_431.996309079724.wav
7117,Exp_21_Nov_2019_1345pm,SW_Yosefa,716.041989005525,716.381989949972,3600.0,59,Whistle13254,/lustre/fsn1/projects/rech/vzf/uqe97pu/raw_data/all_categories/SW_YosefaExp_21_Nov_2019_1345pm716.041989005525_716.381989949972.wav
6715,Exp_07_Jan_2020_1345pm,SW_Yosefa,528.531601610914,529.506604565468,3300.0,57,Whistle12674,/lustre/fsn1/projects/rech/vzf/uqe97pu/raw_data/all_categories/SW_YosefaExp_07_Jan_2020_1345pm528.531601610914_529.506604565468.wav
7022,Exp_06_Mar_2020_1545pm,SW_Yosefa,400.676335587785,401.441338137794,3000.0,59,Whistle13001,/lustre/fsn1/projects/rech/vzf/uqe97pu/raw_data/all_categories/SW_YosefaExp_06_Mar_2020_1545pm400.676335587785_401.441338137794.wav
6643,Exp_01_Mar_2020_1145am,SW_Yosefa,857.902859676199,858.667862226207,3000.0,56,Whistle12654,/lustre/fsn1/projects/rech/vzf/uqe97pu/raw_data/all_categories/SW_YosefaExp_01_Mar_2020_1145am857.902859676199_858.667862226207.wav
6626,Exp_13_Dec_2019_0945am,SW_Yosefa,2296.86942067119,2297.67440509486,3300.0,55,Whistle13301,/lustre/fsn1/projects/rech/vzf/uqe97pu/raw_data/all_categories/SW_YosefaExp_13_Dec_2019_0945am2296.86942067119_2297.67440509486.wav
6751,Exp_17_Jan_2020_1245pm,SW_Yosefa,3102.58568047459,3103.47145096639,3300.0,57,Whistle13298,/lustre/fsn1/projects/rech/vzf/uqe97pu/raw_data/all_categories/SW_YosefaExp_17_Jan_2020_1245pm3102.58568047459_3103.47145096639.wav
6647,Exp_01_Feb_2020_1145am,SW_Yosefa,53.9651635307986,54.6001654550468,3300.0,56,Whistle12949,/lustre/fsn1/projects/rech/vzf/uqe97pu/raw_data/all_categories/SW_YosefaExp_01_Feb_2020_1145am53.9651635307986_54.6001654550468.wav
6865,Exp_06_Dec_2019_1345pm,SW_Yosefa,227.825759419198,228.850762835876,3000.0,58,Whistle12805,/lustre/fsn1/projects/rech/vzf/uqe97pu/raw_data/all_categories/SW_YosefaExp_06_Dec_2019_1345pm227.825759419198_228.850762835876.wav
6667,Exp_07_Jan_2020_0945am,SW_Yosefa,2302.46197715751,2303.2269794757,3300.0,56,Whistle13014,/lustre/fsn1/projects/rech/vzf/uqe97pu/raw_data/all_categories/SW_YosefaExp_07_Jan_2020_0945am2302.46197715751_2303.2269794757.wav
6824,Exp_04_Mar_2020_1345pm,SW_Yosefa,904.203014010047,905.12801709339,3000.0,58,Whistle12756,/lustre/fsn1/projects/rech/vzf/uqe97pu/raw_data/all_categories/SW_YosefaExp_04_Mar_2020_1345pm904.203014010047_905.12801709339.wav
6768,Exp_02_Mar_2020_1545pm,SW_Yosefa,580.696935656452,581.456938189794,3000.0,58,Whistle12691,/lustre/fsn1/projects/rech/vzf/uqe97pu/raw_data/all_categories/SW_YosefaExp_02_Mar_2020_1545pm580.696935656452_581.456938189794.wav
6908,Exp_01_Jan_2020_1245pm,SW_Yosefa,2634.20298243328,2634.61798369086,3300.0,58,Whistle12856,/lustre/fsn1/projects/rech/vzf/uqe97pu/raw_data/all_categories/SW_YosefaExp_01_Jan_2020_1245pm2634.20298243328_2634.61798369086.wav
6741,Exp_15_Feb_2020_1345pm,SW_Yosefa,2796.91347549538,2797.34347679841,3300.0,57,Whistle13204,/lustre/fsn1/projects/rech/vzf/uqe97pu/raw_data/all_categories/SW_YosefaExp_15_Feb_2020_1345pm2796.91347549538_2797.34347679841.wav
6594,Exp_05_Dec_2019_1145am,SW_Yosefa,394.966316554388,395.72631908773,3000.0,54,Whistle12956,/lustre/fsn1/projects/rech/vzf/uqe97pu/raw_data/all_categories/SW_YosefaExp_05_Dec_2019_1145am394.966316554388_395.72631908773.wav
6617,Exp_09_Jan_2020_1145am,SW_Yosefa,282.835857078355,283.480859032906,3300.0,55,Whistle12651,/lustre/fsn1/projects/rech/vzf/uqe97pu/raw_data/all_categories/SW_YosefaExp_09_Jan_2020_1145am282.835857078355_283.480859032906.wav
6610,Exp_04_Feb_2020_1145am,SW_Yosefa,366.571110821548,367.576113867012,3300.0,55,Whistle12617,/lustre/fsn1/projects/rech/vzf/uqe97pu/raw_data/all_categories/SW_YosefaExp_04_Feb_2020_1145am366.571110821548_367.576113867012.wav
6752,Exp_17_Dec_2019_1145am,SW_Yosefa,3275.74644713,3276.306135553,3300.0,57,Whistle13304,/lustre/fsn1/projects/rech/vzf/uqe97pu/raw_data/all_categories/SW_YosefaExp_17_Dec_2019_1145am3275.74644713_3276.306135553.wav
6724,Exp_01_Jan_2020_1345pm,SW_Yosefa,29.4650892881494,30.4000921214913,3300.0,57,Whistle13021,/lustre/fsn1/projects/rech/vzf/uqe97pu/raw_data/all_categories/SW_YosefaExp_01_Jan_2020_1345pm29.4650892881494_30.4000921214913.wav
6818,Exp_04_Jan_2020_1345pm,SW_Yosefa,2219.58672602038,2220.61172912645,3300.0,58,Whistle12750,/lustre/fsn1/projects/rech/vzf/uqe97pu/raw_data/all_categories/SW_YosefaExp_04_Jan_2020_1345pm2219.58672602038_2220.61172912645.wav
7170,Exp_17_Dec_2019_1145am,SW_Yosefa,3253.08729616211,3253.45487566741,3300.0,60,Whistle13263,/lustre/fsn1/projects/rech/vzf/uqe97pu/raw_data/all_categories/SW_YosefaExp_17_Dec_2019_1145am3253.08729616211_3253.45487566741.wav
7103,Exp_14_Jan_2020_1045am,SW_Yosefa,1434.45740679487,1434.96240940245,2194.90133333334,59,Whistle13195,/lustre/fsn1/projects/rech/vzf/uqe97pu/raw_data/all_categories/SW_YosefaExp_14_Jan_2020_1045am1434.45740679487_1434.96240940245.wav
7168,Exp_23_Nov_2019_1145am,SW_Yosefa,1198.54609108319,1199.05550156354,3000.0,60,Whistle13258,/lustre/fsn1/projects/rech/vzf/uqe97pu/raw_data/all_categories/SW_YosefaExp_23_Nov_2019_1145am1198.54609108319_1199.05550156354.wav
6803,Exp_04_Jan_2020_1345pm,SW_Yosefa,1481.76949021058,1483.08449419544,3300.0,58,Whistle12734,/lustre/fsn1/projects/rech/vzf/uqe97pu/raw_data/all_categories/SW_YosefaExp_04_Jan_2020_1345pm1481.76949021058_1483.08449419544.wav
