subfolder,folder_name,wav_found,is_duplicate,day,month,year,time,channel,duration_seconds,duration_hours,detection_duration
2019_2020_analysed,12-11-19-1604-16b,True,False,,,,,,4200.0,1.1666666666666667,4.400000000000432
2019_2020_analysed,12-11-19-2339,True,False,12,Nov,2019,2339,,15.133571428571429,0.0042037698412698415,0.0
2019_2020_analysed,12-11-19-2344,True,False,12,Nov,2019,2344,,7200.0,2.0,1.200000000000614
2019_2020_analysed,13-11-19-1221,True,False,13,Nov,2019,1221,,3600.0,1.0,76.39999999999993
2019_2020_analysed,14-11-19-2456,True,False,14,Nov,2019,2456,,3600.0,1.0,1.199999999999875
2019_2020_analysed,Exp_01_Feb_2020_0045am,True,False,01,Feb,2020,0045,,3300.0,0.9166666666666666,0.0
2019_2020_analysed,Exp_01_Feb_2020_0545am,True,False,01,Feb,2020,0545,,3300.0,0.9166666666666666,1.2000000000002728
2019_2020_analysed,Exp_01_Feb_2020_0645am,True,False,01,Feb,2020,0645,,3300.0,0.9166666666666666,10.400000000000517
2019_2020_analysed,Exp_01_Feb_2020_0745am,True,False,01,Feb,2020,0745,,3300.0,0.9166666666666666,11.600000000000676
2019_2020_analysed,Exp_01_Feb_2020_0845am,True,False,01,Feb,2020,0845,,3300.0,0.9166666666666666,9.600000000000005
2019_2020_analysed,Exp_01_Feb_2020_0945am,True,False,01,Feb,2020,0945,,3300.0,0.9166666666666666,111.20000000000113
2019_2020_analysed,Exp_01_Feb_2020_1045am,True,False,01,Feb,2020,1045,,3300.0,0.9166666666666666,78.80000000000148
2019_2020_analysed,Exp_01_Feb_2020_1145am,True,False,01,Feb,2020,1145,,3300.0,0.9166666666666666,178.00000000000398
2019_2020_analysed,Exp_01_Feb_2020_1245pm,True,False,01,Feb,2020,1245,,3300.0,0.9166666666666666,26.000000000000263
2019_2020_analysed,Exp_01_Feb_2020_1345pm,True,False,01,Feb,2020,1345,,3300.0,0.9166666666666666,90.8000000000007
2019_2020_analysed,Exp_01_Feb_2020_1545pm,True,False,01,Feb,2020,1545,,3300.0,0.9166666666666666,75.60000000000018
2019_2020_analysed,Exp_01_Feb_2020_1745pm,True,False,01,Feb,2020,1745,,3300.0,0.9166666666666666,0.0
2019_2020_analysed,Exp_01_Feb_2020_1945pm,True,False,01,Feb,2020,1945,,3300.0,0.9166666666666666,0.40000000000009095
2019_2020_analysed,Exp_01_Jan_2020_0045am,True,False,01,Jan,2020,0045,,3300.0,0.9166666666666666,0.0
2019_2020_analysed,Exp_01_Jan_2020_0545am,True,False,01,Jan,2020,0545,,3300.0,0.9166666666666666,2.400000000000148
2019_2020_analysed,Exp_01_Jan_2020_0645am,True,False,01,Jan,2020,0645,,3300.0,0.9166666666666666,8.000000000000824
2019_2020_analysed,Exp_01_Jan_2020_0745am,True,False,01,Jan,2020,0745,,3300.0,0.9166666666666666,7.600000000000364
2019_2020_analysed,Exp_01_Jan_2020_0845am,True,False,01,Jan,2020,0845,,3300.0,0.9166666666666666,66.00000000000055
2019_2020_analysed,Exp_01_Jan_2020_0945am,True,False,01,Jan,2020,0945,,3300.0,0.9166666666666666,19.99999999999966
2019_2020_analysed,Exp_01_Jan_2020_1045am,True,False,01,Jan,2020,1045,,3300.0,0.9166666666666666,69.59999999999991
2019_2020_analysed,Exp_01_Jan_2020_1145am,True,False,01,Jan,2020,1145,,3300.0,0.9166666666666666,251.59999999999957
2019_2020_analysed,Exp_01_Jan_2020_1245pm,True,False,01,Jan,2020,1245,,3300.0,0.9166666666666666,148.7999999999987
2019_2020_analysed,Exp_01_Jan_2020_1345pm,True,False,01,Jan,2020,1345,,3300.0,0.9166666666666666,102.79999999999946
2019_2020_analysed,Exp_01_Jan_2020_1545pm,True,False,01,Jan,2020,1545,,3300.0,0.9166666666666666,73.9999999999987
2019_2020_analysed,Exp_01_Jan_2020_1745pm,True,False,01,Jan,2020,1745,,3300.0,0.9166666666666666,5.200000000000614
2019_2020_analysed,Exp_01_Jan_2020_1945pm,True,False,01,Jan,2020,1945,,3300.0,0.9166666666666666,0.7999999999999758
2019_2020_analysed,Exp_01_Mar_2020_0045am,True,False,01,Mar,2020,0045,,3000.0,0.8333333333333334,0.40000000000009095
2019_2020_analysed,Exp_01_Mar_2020_0545am,True,False,01,Mar,2020,0545,,3000.0,0.8333333333333334,0.7999999999997272
2019_2020_analysed,Exp_01_Mar_2020_0645am,True,False,01,Mar,2020,0645,,3000.0,0.8333333333333334,2.8000000000004803
2019_2020_analysed,Exp_01_Mar_2020_0745am,True,False,01,Mar,2020,0745,,3000.0,0.8333333333333334,17.599999999999383
2019_2020_analysed,Exp_01_Mar_2020_0845am,True,False,01,Mar,2020,0845,,3000.0,0.8333333333333334,8.4000000000003
2019_2020_analysed,Exp_01_Mar_2020_0945am,True,False,01,Mar,2020,0945,,3000.0,0.8333333333333334,18.4000000000005
2019_2020_analysed,Exp_01_Mar_2020_1045am,True,False,01,Mar,2020,1045,,3000.0,0.8333333333333334,33.99999999999879
2019_2020_analysed,Exp_01_Mar_2020_1145am,True,False,01,Mar,2020,1145,,3000.0,0.8333333333333334,55.99999999999939
2019_2020_analysed,Exp_01_Mar_2020_1245pm,True,False,01,Mar,2020,1245,,3000.0,0.8333333333333334,38.000000000000654
2019_2020_analysed,Exp_01_Mar_2020_1345pm,True,False,01,Mar,2020,1345,,3000.0,0.8333333333333334,11.199999999998594
2019_2020_analysed,Exp_01_Mar_2020_1545pm,True,False,01,Mar,2020,1545,,3000.0,0.8333333333333334,31.599999999999937
2019_2020_analysed,Exp_01_Mar_2020_1745pm,True,False,01,Mar,2020,1745,,3000.0,0.8333333333333334,49.20000000000073
2019_2020_analysed,Exp_01_Mar_2020_1945pm,True,False,01,Mar,2020,1945,,3000.0,0.8333333333333334,3.6000000000002217
2019_2020_analysed,Exp_02_Feb_2020_0045am,True,False,02,Feb,2020,0045,,3300.0,0.9166666666666666,0.39999999999997726
2019_2020_analysed,Exp_02_Feb_2020_0545am,True,False,02,Feb,2020,0545,,3300.0,0.9166666666666666,7.9999999999998295
2019_2020_analysed,Exp_02_Feb_2020_0645am,True,False,02,Feb,2020,0645,,3300.0,0.9166666666666666,2.799999999999841
2019_2020_analysed,Exp_02_Feb_2020_0745am,True,False,02,Feb,2020,0745,,3300.0,0.9166666666666666,31.599999999998452
2019_2020_analysed,Exp_02_Feb_2020_0845am,True,False,02,Feb,2020,0845,,3300.0,0.9166666666666666,8.800000000000296
2019_2020_analysed,Exp_02_Feb_2020_0945am,True,False,02,Feb,2020,0945,,3300.0,0.9166666666666666,61.999999999998295
2019_2020_analysed,Exp_02_Feb_2020_1045am,True,False,02,Feb,2020,1045,,3300.0,0.9166666666666666,36.00000000000108
2019_2020_analysed,Exp_02_Feb_2020_1145am,True,False,02,Feb,2020,1145,,3300.0,0.9166666666666666,18.39999999999978
2019_2020_analysed,Exp_02_Feb_2020_1245pm,True,False,02,Feb,2020,1245,,3300.0,0.9166666666666666,74.00000000000226
2019_2020_analysed,Exp_02_Feb_2020_1345pm,True,False,02,Feb,2020,1345,,3300.0,0.9166666666666666,25.19999999999989
2019_2020_analysed,Exp_02_Feb_2020_1545pm,True,False,02,Feb,2020,1545,,3300.0,0.9166666666666666,43.599999999999746
2019_2020_analysed,Exp_02_Feb_2020_1745pm,True,False,02,Feb,2020,1745,,3300.0,0.9166666666666666,5.600000000000193
2019_2020_analysed,Exp_02_Feb_2020_1945pm,True,False,02,Feb,2020,1945,,3300.0,0.9166666666666666,1.600000000000108
2019_2020_analysed,Exp_02_Jan_2020_0045am,True,False,02,Jan,2020,0045,,3300.0,0.9166666666666666,0.40000000000009095
2019_2020_analysed,Exp_02_Jan_2020_0545am,True,False,02,Jan,2020,0545,,3300.0,0.9166666666666666,2.400000000000091
2019_2020_analysed,Exp_02_Jan_2020_0645am,True,False,02,Jan,2020,0645,,3300.0,0.9166666666666666,1.1999999999999318
2019_2020_analysed,Exp_02_Jan_2020_0745am,True,False,02,Jan,2020,0745,,3300.0,0.9166666666666666,5.600000000000193
2019_2020_analysed,Exp_02_Jan_2020_0845am,True,False,02,Jan,2020,0845,,3300.0,0.9166666666666666,13.999999999999318
2019_2020_analysed,Exp_02_Jan_2020_0945am,True,False,02,Jan,2020,0945,,3300.0,0.9166666666666666,133.2000000000017
2019_2020_analysed,Exp_02_Jan_2020_1045am,True,False,02,Jan,2020,1045,,3300.0,0.9166666666666666,109.99999999999845
2019_2020_analysed,Exp_02_Jan_2020_1145am,True,False,02,Jan,2020,1145,,3300.0,0.9166666666666666,52.39999999999937
2019_2020_analysed,Exp_02_Jan_2020_1245pm,True,False,02,Jan,2020,1245,,3300.0,0.9166666666666666,213.19999999999735
2019_2020_analysed,Exp_02_Jan_2020_1345pm,True,False,02,Jan,2020,1345,,3300.0,0.9166666666666666,163.20000000000113
2019_2020_analysed,Exp_02_Jan_2020_1545pm,True,False,02,Jan,2020,1545,,3300.0,0.9166666666666666,46.40000000000044
2019_2020_analysed,Exp_02_Jan_2020_1745pm,True,False,02,Jan,2020,1745,,3300.0,0.9166666666666666,46.79999999999987
2019_2020_analysed,Exp_02_Jan_2020_1945pm,True,False,02,Jan,2020,1945,,3300.0,0.9166666666666666,23.19999999999908
2019_2020_analysed,Exp_02_Mar_2020_0045am,True,False,02,Mar,2020,0045,,3000.0,0.8333333333333334,7.599999999999838
2019_2020_analysed,Exp_02_Mar_2020_0545am,True,False,02,Mar,2020,0545,,3000.0,0.8333333333333334,0.39999999999997726
2019_2020_analysed,Exp_02_Mar_2020_0645am,True,False,02,Mar,2020,0645,,3000.0,0.8333333333333334,17.199999999999307
2019_2020_analysed,Exp_02_Mar_2020_0745am,True,False,02,Mar,2020,0745,,3000.0,0.8333333333333334,3.200000000000273
2019_2020_analysed,Exp_02_Mar_2020_0845am,True,False,02,Mar,2020,0845,,3000.0,0.8333333333333334,29.59999999999987
2019_2020_analysed,Exp_02_Mar_2020_0945am,True,False,02,Mar,2020,0945,,1081.088,0.3003022222222222,11.20000000000033
2019_2020_analysed,Exp_02_Mar_2020_1020am,True,False,02,Mar,2020,1020,,365.90933333333334,0.10164148148148149,6.799999999999983
2019_2020_analysed,Exp_02_Mar_2020_1045am,True,False,02,Mar,2020,1045,,3000.0,0.8333333333333334,10.000000000000082
2019_2020_analysed,Exp_02_Mar_2020_1145am,True,False,02,Mar,2020,1145,,3000.0,0.8333333333333334,40.00000000000182
2019_2020_analysed,Exp_02_Mar_2020_1245pm,True,False,02,Mar,2020,1245,,3000.0,0.8333333333333334,91.19999999999962
2019_2020_analysed,Exp_02_Mar_2020_1345pm,True,False,02,Mar,2020,1345,,3000.0,0.8333333333333334,127.59999999999766
2019_2020_analysed,Exp_02_Mar_2020_1545pm,True,False,02,Mar,2020,1545,,3000.0,0.8333333333333334,134.80000000000004
2019_2020_analysed,Exp_02_Mar_2020_1745pm,True,False,02,Mar,2020,1745,,3000.0,0.8333333333333334,2.8000000000005514
2019_2020_analysed,Exp_02_Mar_2020_1945pm,True,False,02,Mar,2020,1945,,3000.0,0.8333333333333334,2.799999999999841
2019_2020_analysed,Exp_03_Feb_2020_0045am,True,False,03,Feb,2020,0045,,3300.0,0.9166666666666666,0.40000000000009095
2019_2020_analysed,Exp_03_Feb_2020_0545am,True,False,03,Feb,2020,0545,,3300.0,0.9166666666666666,3.2000000000007276
2019_2020_analysed,Exp_03_Feb_2020_0645am,True,False,03,Feb,2020,0645,,3300.0,0.9166666666666666,1.2000000000002728
2019_2020_analysed,Exp_03_Feb_2020_0745am,True,False,03,Feb,2020,0745,,3300.0,0.9166666666666666,50.399999999998556
2019_2020_analysed,Exp_03_Feb_2020_0845am,True,False,03,Feb,2020,0845,,3300.0,0.9166666666666666,23.600000000000705
2019_2020_analysed,Exp_03_Feb_2020_0945am,True,False,03,Feb,2020,0945,,3300.0,0.9166666666666666,33.599999999999966
2019_2020_analysed,Exp_03_Feb_2020_1045am,True,False,03,Feb,2020,1045,,3300.0,0.9166666666666666,72.39999999999938
2019_2020_analysed,Exp_03_Feb_2020_1145am,True,False,03,Feb,2020,1145,,3300.0,0.9166666666666666,26.79999999999975
2019_2020_analysed,Exp_03_Feb_2020_1245pm,True,False,03,Feb,2020,1245,,3300.0,0.9166666666666666,33.9999999999995
2019_2020_analysed,Exp_03_Feb_2020_1345pm,True,False,03,Feb,2020,1345,,3300.0,0.9166666666666666,93.60000000000142
2019_2020_analysed,Exp_03_Feb_2020_1545pm,True,False,03,Feb,2020,1545,,3300.0,0.9166666666666666,98.79999999999956
2019_2020_analysed,Exp_03_Feb_2020_1745pm,True,False,03,Feb,2020,1745,,3300.0,0.9166666666666666,1.2000000000001592
2019_2020_analysed,Exp_03_Feb_2020_1945pm,True,False,03,Feb,2020,1945,,3300.0,0.9166666666666666,1.1999999999997044
2019_2020_analysed,Exp_03_Jan_2020_0045am,True,False,03,Jan,2020,0045,,3300.0,0.9166666666666666,2.4000000000005457
2019_2020_analysed,Exp_03_Jan_2020_0545am,True,False,03,Jan,2020,0545,,3300.0,0.9166666666666666,11.600000000000136
2019_2020_analysed,Exp_03_Jan_2020_0645am,True,False,03,Jan,2020,0645,,3300.0,0.9166666666666666,1.200000000000216
2019_2020_analysed,Exp_03_Jan_2020_0745am,True,False,03,Jan,2020,0745,,3300.0,0.9166666666666666,29.999999999999716
2019_2020_analysed,Exp_03_Jan_2020_0845am,True,False,03,Jan,2020,0845,,3300.0,0.9166666666666666,15.599999999999852
2019_2020_analysed,Exp_03_Jan_2020_0945am,True,False,03,Jan,2020,0945,,3300.0,0.9166666666666666,90.00000000000213
2019_2020_analysed,Exp_03_Jan_2020_1045am,True,False,03,Jan,2020,1045,,3300.0,0.9166666666666666,195.19999999999698
2019_2020_analysed,Exp_03_Jan_2020_1145am,True,False,03,Jan,2020,1145,,3300.0,0.9166666666666666,102.79999999999973
2019_2020_analysed,Exp_03_Jan_2020_1245pm,True,False,03,Jan,2020,1245,,3300.0,0.9166666666666666,114.80000000000115
2019_2020_analysed,Exp_03_Jan_2020_1345pm,True,False,03,Jan,2020,1345,,3300.0,0.9166666666666666,81.60000000000088
2019_2020_analysed,Exp_03_Jan_2020_1545pm,True,False,03,Jan,2020,1545,,3300.0,0.9166666666666666,34.00000000000004
2019_2020_analysed,Exp_03_Jan_2020_1745pm,True,False,03,Jan,2020,1745,,3300.0,0.9166666666666666,2.7999999999996774
2019_2020_analysed,Exp_03_Jan_2020_1945pm,True,False,03,Jan,2020,1945,,3300.0,0.9166666666666666,4.7999999999999545
2019_2020_analysed,Exp_03_Mar_2020_0045am,True,False,03,Mar,2020,0045,,3000.0,0.8333333333333334,0.8000000000000966
2019_2020_analysed,Exp_03_Mar_2020_0545am,True,False,03,Mar,2020,0545,,3000.0,0.8333333333333334,2.4000000000001904
2019_2020_analysed,Exp_03_Mar_2020_0645am,True,False,03,Mar,2020,0645,,3000.0,0.8333333333333334,1.199999999999818
2019_2020_analysed,Exp_03_Mar_2020_0745am,True,False,03,Mar,2020,0745,,3000.0,0.8333333333333334,45.6000000000017
2019_2020_analysed,Exp_03_Mar_2020_0845am,True,False,03,Mar,2020,0845,,3000.0,0.8333333333333334,8.79999999999987
2019_2020_analysed,Exp_03_Mar_2020_0945am,True,False,03,Mar,2020,0945,,3000.0,0.8333333333333334,22.399999999999466
2019_2020_analysed,Exp_03_Mar_2020_1045am,True,False,03,Mar,2020,1045,,3000.0,0.8333333333333334,20.79999999999947
2019_2020_analysed,Exp_03_Mar_2020_1145am,True,False,03,Mar,2020,1145,,3000.0,0.8333333333333334,42.80000000000074
2019_2020_analysed,Exp_03_Mar_2020_1245pm,True,False,03,Mar,2020,1245,,3000.0,0.8333333333333334,15.199999999999648
2019_2020_analysed,Exp_03_Mar_2020_1345pm,True,False,03,Mar,2020,1345,,3000.0,0.8333333333333334,139.20000000000152
2019_2020_analysed,Exp_03_Mar_2020_1545pm,True,False,03,Mar,2020,1545,,3000.0,0.8333333333333334,10.399999999999295
2019_2020_analysed,Exp_03_Mar_2020_1745pm,True,False,03,Mar,2020,1745,,3000.0,0.8333333333333334,0.40000000000009095
2019_2020_analysed,Exp_03_Mar_2020_1945pm,True,False,03,Mar,2020,1945,,3000.0,0.8333333333333334,5.199999999999818
2019_2020_analysed,Exp_04_Dec_2019_1745pm,True,False,04,Dec,2019,1745,,3000.0,0.8333333333333334,25.999999999999943
2019_2020_analysed,Exp_04_Dec_2019_1945pm,True,False,04,Dec,2019,1945,,3000.0,0.8333333333333334,7.200000000000188
2019_2020_analysed,Exp_04_Feb_2020_0045am,True,False,04,Feb,2020,0045,,3300.0,0.9166666666666666,0.0
2019_2020_analysed,Exp_04_Feb_2020_0545am,True,False,04,Feb,2020,0545,,3300.0,0.9166666666666666,70.00000000000023
2019_2020_analysed,Exp_04_Feb_2020_0645am,True,False,04,Feb,2020,0645,,3300.0,0.9166666666666666,5.600000000000023
2019_2020_analysed,Exp_04_Feb_2020_0745am,True,False,04,Feb,2020,0745,,3300.0,0.9166666666666666,14.000000000000796
2019_2020_analysed,Exp_04_Feb_2020_0845am,True,False,04,Feb,2020,0845,,3300.0,0.9166666666666666,24.80000000000058
2019_2020_analysed,Exp_04_Feb_2020_0945am,True,False,04,Feb,2020,0945,,3300.0,0.9166666666666666,37.20000000000066
2019_2020_analysed,Exp_04_Feb_2020_1045am,True,False,04,Feb,2020,1045,,3300.0,0.9166666666666666,28.800000000001972
2019_2020_analysed,Exp_04_Feb_2020_1145am,True,False,04,Feb,2020,1145,,3300.0,0.9166666666666666,131.9999999999998
2019_2020_analysed,Exp_04_Feb_2020_1245pm,True,False,04,Feb,2020,1245,,3300.0,0.9166666666666666,77.59999999999808
2019_2020_analysed,Exp_04_Feb_2020_1345pm,True,False,04,Feb,2020,1345,,3300.0,0.9166666666666666,36.39999999999843
2019_2020_analysed,Exp_04_Feb_2020_1545pm,True,False,04,Feb,2020,1545,,3300.0,0.9166666666666666,53.20000000000054
2019_2020_analysed,Exp_04_Feb_2020_1745pm,True,False,04,Feb,2020,1745,,3300.0,0.9166666666666666,2.0
2019_2020_analysed,Exp_04_Feb_2020_1945pm,True,False,04,Feb,2020,1945,,3300.0,0.9166666666666666,0.7999999999998408
2019_2020_analysed,Exp_04_Jan_2020_0045am,True,False,04,Jan,2020,0045,,3300.0,0.9166666666666666,0.0
2019_2020_analysed,Exp_04_Jan_2020_0545am,True,False,04,Jan,2020,0545,,3300.0,0.9166666666666666,4.000000000000227
2019_2020_analysed,Exp_04_Jan_2020_0645am,True,False,04,Jan,2020,0645,,3300.0,0.9166666666666666,0.40000000000009095
2019_2020_analysed,Exp_04_Jan_2020_0745am,True,False,04,Jan,2020,0745,,3300.0,0.9166666666666666,10.800000000000601
2019_2020_analysed,Exp_04_Jan_2020_0845am,True,False,04,Jan,2020,0845,,3300.0,0.9166666666666666,14.800000000001091
2019_2020_analysed,Exp_04_Jan_2020_0945am,True,False,04,Jan,2020,0945,,3300.0,0.9166666666666666,104.80000000000064
2019_2020_analysed,Exp_04_Jan_2020_1045am,True,False,04,Jan,2020,1045,,3300.0,0.9166666666666666,130.7999999999979
2019_2020_analysed,Exp_04_Jan_2020_1145am,True,False,04,Jan,2020,1145,,3300.0,0.9166666666666666,63.599999999999845
2019_2020_analysed,Exp_04_Jan_2020_1245pm,True,False,04,Jan,2020,1245,,3300.0,0.9166666666666666,65.599999999998
2019_2020_analysed,Exp_04_Jan_2020_1345pm,True,False,04,Jan,2020,1345,,3300.0,0.9166666666666666,268.79999999999876
2019_2020_analysed,Exp_04_Jan_2020_1545pm,True,False,04,Jan,2020,1545,,3300.0,0.9166666666666666,16.39999999999958
2019_2020_analysed,Exp_04_Jan_2020_1745pm,True,False,04,Jan,2020,1745,,3300.0,0.9166666666666666,4.800000000000068
2019_2020_analysed,Exp_04_Jan_2020_1945pm,True,False,04,Jan,2020,1945,,3300.0,0.9166666666666666,0.4000000000000057
2019_2020_analysed,Exp_04_Mar_2020_0045am,True,False,04,Mar,2020,0045,,3000.0,0.8333333333333334,0.7999999999999545
2019_2020_analysed,Exp_04_Mar_2020_0545am,True,False,04,Mar,2020,0545,,3000.0,0.8333333333333334,6.800000000000182
2019_2020_analysed,Exp_04_Mar_2020_0645am,True,False,04,Mar,2020,0645,,3000.0,0.8333333333333334,22.79999999999913
2019_2020_analysed,Exp_04_Mar_2020_0745am,True,False,04,Mar,2020,0745,,3000.0,0.8333333333333334,72.40000000000123
2019_2020_analysed,Exp_04_Mar_2020_0845am,True,False,04,Mar,2020,0845,,3000.0,0.8333333333333334,62.40000000000026
2019_2020_analysed,Exp_04_Mar_2020_0945am,True,False,04,Mar,2020,0945,,3000.0,0.8333333333333334,141.1999999999983
2019_2020_analysed,Exp_04_Mar_2020_1045am,True,False,04,Mar,2020,1045,,3000.0,0.8333333333333334,28.00000000000061
2019_2020_analysed,Exp_04_Mar_2020_1145am,True,False,04,Mar,2020,1145,,3000.0,0.8333333333333334,63.199999999999946
2019_2020_analysed,Exp_04_Mar_2020_1245pm,True,False,04,Mar,2020,1245,,3000.0,0.8333333333333334,23.19999999999895
2019_2020_analysed,Exp_04_Mar_2020_1345pm,True,False,04,Mar,2020,1345,,3000.0,0.8333333333333334,109.19999999999857
2019_2020_analysed,Exp_04_Mar_2020_1545pm,True,False,04,Mar,2020,1545,,3000.0,0.8333333333333334,39.200000000000244
2019_2020_analysed,Exp_04_Mar_2020_1745pm,True,False,04,Mar,2020,1745,,3000.0,0.8333333333333334,0.7999999999997272
2019_2020_analysed,Exp_04_Mar_2020_1945pm,True,False,04,Mar,2020,1945,,3000.0,0.8333333333333334,1.6000000000001364
2019_2020_analysed,Exp_05_Dec_2019_0045am,True,False,05,Dec,2019,0045,,3000.0,0.8333333333333334,1.9999999999998863
2019_2020_analysed,Exp_05_Dec_2019_0545am,True,False,05,Dec,2019,0545,,3000.0,0.8333333333333334,3.599999999999227
2019_2020_analysed,Exp_05_Dec_2019_0845am,True,False,05,Dec,2019,0845,,3000.0,0.8333333333333334,29.20000000000246
2019_2020_analysed,Exp_05_Dec_2019_0945am,True,False,05,Dec,2019,0945,,3000.0,0.8333333333333334,54.40000000000039
2019_2020_analysed,Exp_05_Dec_2019_1145am,True,False,05,Dec,2019,1145,,3000.0,0.8333333333333334,148.0000000000005
2019_2020_analysed,Exp_05_Dec_2019_1245pm,True,False,05,Dec,2019,1245,,3000.0,0.8333333333333334,78.80000000000055
2019_2020_analysed,Exp_05_Dec_2019_1345pm,True,False,05,Dec,2019,1345,,3000.0,0.8333333333333334,52.00000000000014
2019_2020_analysed,Exp_05_Dec_2019_1545pm,True,False,05,Dec,2019,1545,,3000.0,0.8333333333333334,52.80000000000007
2019_2020_analysed,Exp_05_Dec_2019_1745pm,True,False,05,Dec,2019,1745,,3000.0,0.8333333333333334,0.8000000000001819
2019_2020_analysed,Exp_05_Dec_2019_1945pm,True,False,05,Dec,2019,1945,,3000.0,0.8333333333333334,1.2000000000000455
2019_2020_analysed,Exp_05_Feb_2020_0045am,True,False,05,Feb,2020,0045,,3300.0,0.9166666666666666,0.0
2019_2020_analysed,Exp_05_Feb_2020_0545am,True,False,05,Feb,2020,0545,,3300.0,0.9166666666666666,18.80000000000058
2019_2020_analysed,Exp_05_Feb_2020_0645am,True,False,05,Feb,2020,0645,,3300.0,0.9166666666666666,1.199999999999818
2019_2020_analysed,Exp_05_Feb_2020_0745am,True,False,05,Feb,2020,0745,,3300.0,0.9166666666666666,7.600000000000435
2019_2020_analysed,Exp_05_Feb_2020_0845am,True,False,05,Feb,2020,0845,,3300.0,0.9166666666666666,10.399999999999295
2019_2020_analysed,Exp_05_Feb_2020_0945am,True,False,05,Feb,2020,0945,,3300.0,0.9166666666666666,56.39999999999972
2019_2020_analysed,Exp_05_Feb_2020_1045am,True,False,05,Feb,2020,1045,,3300.0,0.9166666666666666,31.199999999999314
2019_2020_analysed,Exp_05_Feb_2020_1145am,True,False,05,Feb,2020,1145,,3300.0,0.9166666666666666,16.80000000000004
2019_2020_analysed,Exp_05_Feb_2020_1245pm,True,False,05,Feb,2020,1245,,3300.0,0.9166666666666666,82.00000000000077
2019_2020_analysed,Exp_05_Feb_2020_1345pm,True,False,05,Feb,2020,1345,,3300.0,0.9166666666666666,222.799999999999
2019_2020_analysed,Exp_05_Feb_2020_1545pm,True,False,05,Feb,2020,1545,,3300.0,0.9166666666666666,85.20000000000014
2019_2020_analysed,Exp_05_Feb_2020_1745pm,True,False,05,Feb,2020,1745,,3300.0,0.9166666666666666,3.599999999999909
2019_2020_analysed,Exp_05_Feb_2020_1945pm,True,False,05,Feb,2020,1945,,3300.0,0.9166666666666666,1.5999999999997954
2019_2020_analysed,Exp_05_Jan_2020_0045am,True,False,05,Jan,2020,0045,,3300.0,0.9166666666666666,0.40000000000009095
2019_2020_analysed,Exp_05_Jan_2020_0545am,True,False,05,Jan,2020,0545,,3300.0,0.9166666666666666,1.2000000000001592
2019_2020_analysed,Exp_05_Jan_2020_0645am,True,False,05,Jan,2020,0645,,3300.0,0.9166666666666666,1.999999999999826
2019_2020_analysed,Exp_05_Jan_2020_0745am,True,False,05,Jan,2020,0745,,3300.0,0.9166666666666666,5.600000000000136
2019_2020_analysed,Exp_05_Jan_2020_0845am,True,False,05,Jan,2020,0845,,3300.0,0.9166666666666666,23.600000000000094
2019_2020_analysed,Exp_05_Jan_2020_0945am,True,False,05,Jan,2020,0945,,3300.0,0.9166666666666666,63.999999999999716
2019_2020_analysed,Exp_05_Jan_2020_1045am,True,False,05,Jan,2020,1045,,3300.0,0.9166666666666666,74.4000000000009
2019_2020_analysed,Exp_05_Jan_2020_1145am,True,False,05,Jan,2020,1145,,3300.0,0.9166666666666666,145.1999999999972
2019_2020_analysed,Exp_05_Jan_2020_1245pm,True,False,05,Jan,2020,1245,,3300.0,0.9166666666666666,73.19999999999823
2019_2020_analysed,Exp_05_Jan_2020_1345pm,True,False,05,Jan,2020,1345,,3300.0,0.9166666666666666,110.79999999999882
2019_2020_analysed,Exp_05_Jan_2020_1545pm,True,False,05,Jan,2020,1545,,3300.0,0.9166666666666666,118.40000000000055
2019_2020_analysed,Exp_05_Jan_2020_1745pm,True,False,05,Jan,2020,1745,,3300.0,0.9166666666666666,10.000000000000455
2019_2020_analysed,Exp_05_Jan_2020_1945pm,True,False,05,Jan,2020,1945,,3300.0,0.9166666666666666,0.8000000000000682
2019_2020_analysed,Exp_05_Mar_2020_0045am,True,False,05,Mar,2020,0045,,3000.0,0.8333333333333334,0.7999999999998408
2019_2020_analysed,Exp_05_Mar_2020_0545am,True,False,05,Mar,2020,0545,,3000.0,0.8333333333333334,1.1999999999993634
2019_2020_analysed,Exp_05_Mar_2020_0645am,True,False,05,Mar,2020,0645,,3000.0,0.8333333333333334,6.799999999999812
2019_2020_analysed,Exp_05_Mar_2020_0745am,True,False,05,Mar,2020,0745,,3000.0,0.8333333333333334,4.400000000000432
2019_2020_analysed,Exp_05_Mar_2020_0845am,True,False,05,Mar,2020,0845,,3000.0,0.8333333333333334,17.599999999999184
2019_2020_analysed,Exp_05_Mar_2020_0945am,True,False,05,Mar,2020,0945,,3000.0,0.8333333333333334,26.79999999999965
2019_2020_analysed,Exp_05_Mar_2020_1045am,True,False,05,Mar,2020,1045,,3000.0,0.8333333333333334,37.1999999999999
2019_2020_analysed,Exp_05_Mar_2020_1145am,True,False,05,Mar,2020,1145,,3000.0,0.8333333333333334,46.7999999999999
2019_2020_analysed,Exp_05_Mar_2020_1245pm,True,False,05,Mar,2020,1245,,3000.0,0.8333333333333334,12.40000000000012
2019_2020_analysed,Exp_05_Mar_2020_1345pm,True,False,05,Mar,2020,1345,,3000.0,0.8333333333333334,54.80000000000034
2019_2020_analysed,Exp_05_Mar_2020_1545pm,True,False,05,Mar,2020,1545,,3000.0,0.8333333333333334,75.19999999999895
2019_2020_analysed,Exp_05_Mar_2020_1745pm,True,False,05,Mar,2020,1745,,3000.0,0.8333333333333334,0.8000000000000682
2019_2020_analysed,Exp_05_Mar_2020_1945pm,True,False,05,Mar,2020,1945,,3000.0,0.8333333333333334,1.2000000000000455
2019_2020_analysed,Exp_06_Dec_2019_0045am,True,False,06,Dec,2019,0045,,3000.0,0.8333333333333334,0.40000000000009095
2019_2020_analysed,Exp_06_Dec_2019_0545am,True,False,06,Dec,2019,0545,,3000.0,0.8333333333333334,0.40000000000009095
2019_2020_analysed,Exp_06_Dec_2019_0845am,True,False,06,Dec,2019,0845,,3000.0,0.8333333333333334,13.60000000000013
2019_2020_analysed,Exp_06_Dec_2019_0945am,True,False,06,Dec,2019,0945,,3000.0,0.8333333333333334,57.6000000000007
2019_2020_analysed,Exp_06_Dec_2019_1145am,True,False,06,Dec,2019,1145,,3000.0,0.8333333333333334,53.19999999999999
2019_2020_analysed,Exp_06_Dec_2019_1245pm,True,False,06,Dec,2019,1245,,3000.0,0.8333333333333334,83.59999999999874
2019_2020_analysed,Exp_06_Dec_2019_1345pm,True,False,06,Dec,2019,1345,,3000.0,0.8333333333333334,139.60000000000053
2019_2020_analysed,Exp_06_Dec_2019_1545pm,True,False,06,Dec,2019,1545,,3000.0,0.8333333333333334,22.399999999999316
2019_2020_analysed,Exp_06_Dec_2019_1745pm,True,False,06,Dec,2019,1745,,3000.0,0.8333333333333334,25.19999999999972
2019_2020_analysed,Exp_06_Dec_2019_1945pm,True,False,06,Dec,2019,1945,,3000.0,0.8333333333333334,0.0
2019_2020_analysed,Exp_06_Feb_2020_0045am,True,False,06,Feb,2020,0045,,3300.0,0.9166666666666666,0.8000000000000682
2019_2020_analysed,Exp_06_Feb_2020_0545am,True,False,06,Feb,2020,0545,,3300.0,0.9166666666666666,0.0
2019_2020_analysed,Exp_06_Feb_2020_0645am,True,False,06,Feb,2020,0645,,3300.0,0.9166666666666666,5.2000000000000455
2019_2020_analysed,Exp_06_Feb_2020_0745am,True,False,06,Feb,2020,0745,,3300.0,0.9166666666666666,11.600000000000364
2019_2020_analysed,Exp_06_Feb_2020_0845am,True,False,06,Feb,2020,0845,,3300.0,0.9166666666666666,16.799999999999613
2019_2020_analysed,Exp_06_Feb_2020_0945am,True,False,06,Feb,2020,0945,,3300.0,0.9166666666666666,21.599999999999767
2019_2020_analysed,Exp_06_Feb_2020_1045am,True,False,06,Feb,2020,1045,,3300.0,0.9166666666666666,47.200000000000955
2019_2020_analysed,Exp_06_Feb_2020_1145am,True,False,06,Feb,2020,1145,,3300.0,0.9166666666666666,62.79999999999903
2019_2020_analysed,Exp_06_Feb_2020_1245pm,True,False,06,Feb,2020,1245,,3300.0,0.9166666666666666,16.799999999998818
2019_2020_analysed,Exp_06_Feb_2020_1345pm,True,False,06,Feb,2020,1345,,3300.0,0.9166666666666666,117.59999999999818
2019_2020_analysed,Exp_06_Feb_2020_1545pm,True,False,06,Feb,2020,1545,,3300.0,0.9166666666666666,42.00000000000031
2019_2020_analysed,Exp_06_Feb_2020_1745pm,True,False,06,Feb,2020,1745,,3300.0,0.9166666666666666,2.0000000000002274
2019_2020_analysed,Exp_06_Feb_2020_1945pm,True,False,06,Feb,2020,1945,,3300.0,0.9166666666666666,7.199999999999989
2019_2020_analysed,Exp_06_Jan_2020_0045am,True,False,06,Jan,2020,0045,,3300.0,0.9166666666666666,0.0
2019_2020_analysed,Exp_06_Jan_2020_0545am,True,False,06,Jan,2020,0545,,3300.0,0.9166666666666666,0.8000000000001819
2019_2020_analysed,Exp_06_Jan_2020_0645am,True,False,06,Jan,2020,0645,,3300.0,0.9166666666666666,2.400000000000148
2019_2020_analysed,Exp_06_Jan_2020_0745am,True,False,06,Jan,2020,0745,,3300.0,0.9166666666666666,10.00000000000125
2019_2020_analysed,Exp_06_Jan_2020_0845am,True,False,06,Jan,2020,0845,,3300.0,0.9166666666666666,58.79999999999969
2019_2020_analysed,Exp_06_Jan_2020_0945am,True,False,06,Jan,2020,0945,,3300.0,0.9166666666666666,127.1999999999993
2019_2020_analysed,Exp_06_Jan_2020_1045am,True,False,06,Jan,2020,1045,,3300.0,0.9166666666666666,148.8000000000008
2019_2020_analysed,Exp_06_Jan_2020_1145am,True,False,06,Jan,2020,1145,,3300.0,0.9166666666666666,172.79999999999797
2019_2020_analysed,Exp_06_Jan_2020_1245pm,True,False,06,Jan,2020,1245,,3300.0,0.9166666666666666,69.99999999999653
2019_2020_analysed,Exp_06_Jan_2020_1345pm,True,False,06,Jan,2020,1345,,3300.0,0.9166666666666666,113.99999999999841
2019_2020_analysed,Exp_06_Jan_2020_1545pm,True,False,06,Jan,2020,1545,,3300.0,0.9166666666666666,15.999999999999005
2019_2020_analysed,Exp_06_Jan_2020_1745pm,True,False,06,Jan,2020,1745,,3300.0,0.9166666666666666,5.599999999999703
2019_2020_analysed,Exp_06_Jan_2020_1945pm,True,False,06,Jan,2020,1945,,3300.0,0.9166666666666666,4.79999999999975
2019_2020_analysed,Exp_06_Mar_2020_0045am,True,False,06,Mar,2020,0045,,3000.0,0.8333333333333334,0.40000000000009095
2019_2020_analysed,Exp_06_Mar_2020_0545am,True,False,06,Mar,2020,0545,,3000.0,0.8333333333333334,3.199999999999477
2019_2020_analysed,Exp_06_Mar_2020_0645am,True,False,06,Mar,2020,0645,,3000.0,0.8333333333333334,6.399999999999579
2019_2020_analysed,Exp_06_Mar_2020_0745am,True,False,06,Mar,2020,0745,,3000.0,0.8333333333333334,11.200000000000273
2019_2020_analysed,Exp_06_Mar_2020_0845am,True,False,06,Mar,2020,0845,,3000.0,0.8333333333333334,33.19999999999925
2019_2020_analysed,Exp_06_Mar_2020_0945am,True,False,06,Mar,2020,0945,,3000.0,0.8333333333333334,51.6000000000007
2019_2020_analysed,Exp_06_Mar_2020_1045am,True,False,06,Mar,2020,1045,,3000.0,0.8333333333333334,121.2000000000011
2019_2020_analysed,Exp_06_Mar_2020_1145am,True,False,06,Mar,2020,1145,,3000.0,0.8333333333333334,69.19999999999908
2019_2020_analysed,Exp_06_Mar_2020_1245pm,True,False,06,Mar,2020,1245,,3000.0,0.8333333333333334,64.40000000000212
2019_2020_analysed,Exp_06_Mar_2020_1345pm,True,False,06,Mar,2020,1345,,3000.0,0.8333333333333334,97.19999999999968
2019_2020_analysed,Exp_06_Mar_2020_1545pm,True,False,06,Mar,2020,1545,,3000.0,0.8333333333333334,94.00000000000067
2019_2020_analysed,Exp_06_Mar_2020_1745pm,True,False,06,Mar,2020,1745,,3000.0,0.8333333333333334,13.999999999999886
2019_2020_analysed,Exp_06_Mar_2020_1945pm,True,False,06,Mar,2020,1945,,3000.0,0.8333333333333334,2.399999999999565
2019_2020_analysed,Exp_07_Dec_2019_0045am,True,False,07,Dec,2019,0045,,3300.0,0.9166666666666666,0.39999999999997726
2019_2020_analysed,Exp_07_Dec_2019_0545am,True,False,07,Dec,2019,0545,,3300.0,0.9166666666666666,4.800000000000068
2019_2020_analysed,Exp_07_Dec_2019_0845am,True,False,07,Dec,2019,0845,,3300.0,0.9166666666666666,75.59999999999972
2019_2020_analysed,Exp_07_Dec_2019_0945am,True,False,07,Dec,2019,0945,,3300.0,0.9166666666666666,123.20000000000064
2019_2020_analysed,Exp_07_Dec_2019_1045am,True,False,07,Dec,2019,1045,,3300.0,0.9166666666666666,112.00000000000087
2019_2020_analysed,Exp_07_Dec_2019_1145am,True,False,07,Dec,2019,1145,,3300.0,0.9166666666666666,105.19999999999933
2019_2020_analysed,Exp_07_Dec_2019_1245pm,True,False,07,Dec,2019,1245,,3300.0,0.9166666666666666,180.8000000000011
2019_2020_analysed,Exp_07_Dec_2019_1345pm,True,False,07,Dec,2019,1345,,3300.0,0.9166666666666666,78.0000000000013
2019_2020_analysed,Exp_07_Dec_2019_1545pm,True,False,07,Dec,2019,1545,,3300.0,0.9166666666666666,11.200000000000053
2019_2020_analysed,Exp_07_Dec_2019_1745pm,True,False,07,Dec,2019,1745,,3300.0,0.9166666666666666,11.199999999999932
2019_2020_analysed,Exp_07_Dec_2019_1945pm,True,False,07,Dec,2019,1945,,3300.0,0.9166666666666666,0.0
2019_2020_analysed,Exp_07_Feb_2020_0045am,True,False,07,Feb,2020,0045,,3300.0,0.9166666666666666,8.800000000000296
2019_2020_analysed,Exp_07_Feb_2020_0545am,True,False,07,Feb,2020,0545,,3300.0,0.9166666666666666,11.199999999999932
2019_2020_analysed,Exp_07_Feb_2020_0645am,True,False,07,Feb,2020,0645,,3300.0,0.9166666666666666,68.00000000000074
2019_2020_analysed,Exp_07_Feb_2020_0745am,True,False,07,Feb,2020,0745,,3300.0,0.9166666666666666,24.80000000000023
2019_2020_analysed,Exp_07_Feb_2020_0845am,True,False,07,Feb,2020,0845,,3300.0,0.9166666666666666,13.20000000000016
2019_2020_analysed,Exp_07_Feb_2020_0945am,True,False,07,Feb,2020,0945,,3300.0,0.9166666666666666,43.599999999998886
2019_2020_analysed,Exp_07_Feb_2020_1045am,True,False,07,Feb,2020,1045,,3300.0,0.9166666666666666,21.20000000000055
2019_2020_analysed,Exp_07_Feb_2020_1145am,True,False,07,Feb,2020,1145,,3300.0,0.9166666666666666,12.400000000000915
2019_2020_analysed,Exp_07_Feb_2020_1245pm,True,False,07,Feb,2020,1245,,3300.0,0.9166666666666666,10.399999999999352
2019_2020_analysed,Exp_07_Feb_2020_1345pm,True,False,07,Feb,2020,1345,,3300.0,0.9166666666666666,67.99999999999932
2019_2020_analysed,Exp_07_Feb_2020_1545pm,True,False,07,Feb,2020,1545,,3300.0,0.9166666666666666,17.60000000000116
2019_2020_analysed,Exp_07_Feb_2020_1745pm,True,False,07,Feb,2020,1745,,3300.0,0.9166666666666666,0.0
2019_2020_analysed,Exp_07_Feb_2020_1945pm,True,False,07,Feb,2020,1945,,3300.0,0.9166666666666666,2.400000000000091
2019_2020_analysed,Exp_07_Jan_2020_0045am,True,False,07,Jan,2020,0045,,3300.0,0.9166666666666666,1.2000000000000597
2019_2020_analysed,Exp_07_Jan_2020_0545am,True,False,07,Jan,2020,0545,,3300.0,0.9166666666666666,1.9999999999997726
2019_2020_analysed,Exp_07_Jan_2020_0645am,True,False,07,Jan,2020,0645,,3300.0,0.9166666666666666,7.600000000000193
2019_2020_analysed,Exp_07_Jan_2020_0745am,True,False,07,Jan,2020,0745,,3300.0,0.9166666666666666,5.599999999998843
2019_2020_analysed,Exp_07_Jan_2020_0845am,True,False,07,Jan,2020,0845,,3300.0,0.9166666666666666,23.200000000000983
2019_2020_analysed,Exp_07_Jan_2020_0945am,True,False,07,Jan,2020,0945,,3300.0,0.9166666666666666,123.19999999999796
2019_2020_analysed,Exp_07_Jan_2020_1045am,True,False,07,Jan,2020,1045,,3300.0,0.9166666666666666,108.40000000000316
2019_2020_analysed,Exp_07_Jan_2020_1145am,True,False,07,Jan,2020,1145,,3300.0,0.9166666666666666,34.39999999999887
2019_2020_analysed,Exp_07_Jan_2020_1245pm,True,False,07,Jan,2020,1245,,3300.0,0.9166666666666666,63.99999999999927
2019_2020_analysed,Exp_07_Jan_2020_1345pm,True,False,07,Jan,2020,1345,,3300.0,0.9166666666666666,159.19999999999933
2019_2020_analysed,Exp_07_Jan_2020_1545pm,True,False,07,Jan,2020,1545,,3300.0,0.9166666666666666,80.8000000000009
2019_2020_analysed,Exp_07_Jan_2020_1745pm,True,False,07,Jan,2020,1745,,3300.0,0.9166666666666666,3.199999999999932
2019_2020_analysed,Exp_07_Jan_2020_1945pm,True,False,07,Jan,2020,1945,,3300.0,0.9166666666666666,20.79999999999969
2019_2020_analysed,Exp_07_Mar_2020_0045am,True,False,07,Mar,2020,0045,,3000.0,0.8333333333333334,1.1999999999999318
2019_2020_analysed,Exp_07_Mar_2020_0545am,True,False,07,Mar,2020,0545,,3000.0,0.8333333333333334,1.2000000000002728
2019_2020_analysed,Exp_07_Mar_2020_0645am,True,False,07,Mar,2020,0645,,3000.0,0.8333333333333334,6.799999999999258
2019_2020_analysed,Exp_07_Mar_2020_0745am,True,False,07,Mar,2020,0745,,3000.0,0.8333333333333334,34.80000000000055
2019_2020_analysed,Exp_07_Mar_2020_0845am,True,False,07,Mar,2020,0845,,3000.0,0.8333333333333334,30.000000000001105
2019_2020_analysed,Exp_07_Mar_2020_0945am,True,False,07,Mar,2020,0945,,3000.0,0.8333333333333334,81.59999999999974
2019_2020_analysed,Exp_07_Mar_2020_1045am,True,False,07,Mar,2020,1045,,3000.0,0.8333333333333334,60.000000000001876
2019_2020_analysed,Exp_07_Mar_2020_1145am,True,False,07,Mar,2020,1145,,3000.0,0.8333333333333334,72.80000000000155
2019_2020_analysed,Exp_07_Mar_2020_1245pm,True,False,07,Mar,2020,1245,,3000.0,0.8333333333333334,19.600000000000477
2019_2020_analysed,Exp_07_Mar_2020_1345pm,True,False,07,Mar,2020,1345,,3000.0,0.8333333333333334,78.80000000000274
2019_2020_analysed,Exp_07_Mar_2020_1545pm,True,False,07,Mar,2020,1545,,3000.0,0.8333333333333334,37.59999999999948
2019_2020_analysed,Exp_07_Mar_2020_1745pm,True,False,07,Mar,2020,1745,,3000.0,0.8333333333333334,3.200000000000159
2019_2020_analysed,Exp_07_Mar_2020_1945pm,True,False,07,Mar,2020,1945,,3000.0,0.8333333333333334,9.599999999999682
2019_2020_analysed,Exp_08_Dec_2019_0045am,True,False,08,Dec,2019,0045,,3300.0,0.9166666666666666,0.39999999999997726
2019_2020_analysed,Exp_08_Dec_2019_0545am,True,False,08,Dec,2019,0545,,3300.0,0.9166666666666666,3.6000000000004775
2019_2020_analysed,Exp_08_Dec_2019_0845am,True,False,08,Dec,2019,0845,,3300.0,0.9166666666666666,27.9999999999998
2019_2020_analysed,Exp_08_Dec_2019_0945am,True,False,08,Dec,2019,0945,,3300.0,0.9166666666666666,61.99999999999925
2019_2020_analysed,Exp_08_Dec_2019_1045am,True,False,08,Dec,2019,1045,,3300.0,0.9166666666666666,167.59999999999891
2019_2020_analysed,Exp_08_Dec_2019_1145am,True,False,08,Dec,2019,1145,,3300.0,0.9166666666666666,202.79999999999893
2019_2020_analysed,Exp_08_Dec_2019_1245pm,True,False,08,Dec,2019,1245,,3300.0,0.9166666666666666,46.00000000000217
2019_2020_analysed,Exp_08_Dec_2019_1345pm,True,False,08,Dec,2019,1345,,3300.0,0.9166666666666666,44.800000000000566
2019_2020_analysed,Exp_08_Dec_2019_1545pm,True,False,08,Dec,2019,1545,,3300.0,0.9166666666666666,48.79999999999959
2019_2020_analysed,Exp_08_Dec_2019_1745pm,True,False,08,Dec,2019,1745,,3300.0,0.9166666666666666,0.799999999999983
2019_2020_analysed,Exp_08_Dec_2019_1945pm,True,False,08,Dec,2019,1945,,3300.0,0.9166666666666666,0.7999999999994998
2019_2020_analysed,Exp_08_Feb_2020_0045am,True,False,08,Feb,2020,0045,,3300.0,0.9166666666666666,2.000000000000051
2019_2020_analysed,Exp_08_Feb_2020_0545am,True,False,08,Feb,2020,0545,,3300.0,0.9166666666666666,2.400000000000375
2019_2020_analysed,Exp_08_Feb_2020_0645am,True,False,08,Feb,2020,0645,,3300.0,0.9166666666666666,4.799999999999557
2019_2020_analysed,Exp_08_Feb_2020_0745am,True,False,08,Feb,2020,0745,,3300.0,0.9166666666666666,24.79999999999987
2019_2020_analysed,Exp_08_Feb_2020_0845am,True,False,08,Feb,2020,0845,,3300.0,0.9166666666666666,21.199999999999108
2019_2020_analysed,Exp_08_Feb_2020_0945am,True,False,08,Feb,2020,0945,,3300.0,0.9166666666666666,116.8000000000011
2019_2020_analysed,Exp_08_Feb_2020_1045am,True,False,08,Feb,2020,1045,,3300.0,0.9166666666666666,30.000000000001705
2019_2020_analysed,Exp_08_Feb_2020_1145am,True,False,08,Feb,2020,1145,,3300.0,0.9166666666666666,45.19999999999867
2019_2020_analysed,Exp_08_Feb_2020_1245pm,True,False,08,Feb,2020,1245,,3300.0,0.9166666666666666,24.40000000000008
2019_2020_analysed,Exp_08_Feb_2020_1345pm,True,False,08,Feb,2020,1345,,3300.0,0.9166666666666666,74.80000000000007
2019_2020_analysed,Exp_08_Feb_2020_1545pm,True,False,08,Feb,2020,1545,,3300.0,0.9166666666666666,7.600000000000193
2019_2020_analysed,Exp_08_Feb_2020_1745pm,True,False,08,Feb,2020,1745,,3300.0,0.9166666666666666,1.6000000000001364
2019_2020_analysed,Exp_08_Feb_2020_1945pm,True,False,08,Feb,2020,1945,,3300.0,0.9166666666666666,0.8000000000001819
2019_2020_analysed,Exp_08_Jan_2020_0045am,True,False,08,Jan,2020,0045,,3300.0,0.9166666666666666,1.2000000000001592
2019_2020_analysed,Exp_08_Jan_2020_0545am,True,False,08,Jan,2020,0545,,3300.0,0.9166666666666666,0.40000000000009095
2019_2020_analysed,Exp_08_Jan_2020_0645am,True,False,08,Jan,2020,0645,,3300.0,0.9166666666666666,1.2000000000001592
2019_2020_analysed,Exp_08_Jan_2020_0745am,True,False,08,Jan,2020,0745,,3300.0,0.9166666666666666,32.80000000000044
2019_2020_analysed,Exp_08_Jan_2020_0845am,True,False,08,Jan,2020,0845,,3300.0,0.9166666666666666,4.400000000000148
2019_2020_analysed,Exp_08_Jan_2020_0945am,True,False,08,Jan,2020,0945,,3300.0,0.9166666666666666,29.599999999999227
2019_2020_analysed,Exp_08_Jan_2020_1045am,True,False,08,Jan,2020,1045,,3300.0,0.9166666666666666,131.2000000000017
2019_2020_analysed,Exp_08_Jan_2020_1145am,True,False,08,Jan,2020,1145,,3300.0,0.9166666666666666,126.00000000000051
2019_2020_analysed,Exp_08_Jan_2020_1245pm,True,False,08,Jan,2020,1245,,3300.0,0.9166666666666666,232.79999999999745
2019_2020_analysed,Exp_08_Jan_2020_1345pm,True,False,08,Jan,2020,1345,,3300.0,0.9166666666666666,200.39999999999804
2019_2020_analysed,Exp_08_Jan_2020_1545pm,True,False,08,Jan,2020,1545,,3300.0,0.9166666666666666,55.600000000001245
2019_2020_analysed,Exp_08_Jan_2020_1745pm,True,False,08,Jan,2020,1745,,3300.0,0.9166666666666666,0.40000000000009095
2019_2020_analysed,Exp_08_Jan_2020_1945pm,True,False,08,Jan,2020,1945,,3300.0,0.9166666666666666,3.600000000000108
2019_2020_analysed,Exp_08_Mar_2020_0045am,True,False,08,Mar,2020,0045,,3000.0,0.8333333333333334,3.2000000000003297
2019_2020_analysed,Exp_08_Mar_2020_0545am,True,False,08,Mar,2020,0545,,3000.0,0.8333333333333334,14.799999999999727
2019_2020_analysed,Exp_08_Mar_2020_0645am,True,False,08,Mar,2020,0645,,3000.0,0.8333333333333334,1.5999999999996817
2019_2020_analysed,Exp_08_Mar_2020_0745am,True,False,08,Mar,2020,0745,,3000.0,0.8333333333333334,3.199999999999946
2019_2020_analysed,Exp_08_Mar_2020_0845am,True,False,08,Mar,2020,0845,,3000.0,0.8333333333333334,7.600000000000023
2019_2020_analysed,Exp_08_Mar_2020_0945am,True,False,08,Mar,2020,0945,,3000.0,0.8333333333333334,3.5999999999992838
2019_2020_analysed,Exp_08_Mar_2020_1045am,True,False,08,Mar,2020,1045,,3000.0,0.8333333333333334,14.80000000000011
2019_2020_analysed,Exp_08_Mar_2020_1145am,True,False,08,Mar,2020,1145,,3000.0,0.8333333333333334,34.00000000000142
2019_2020_analysed,Exp_08_Mar_2020_1245pm,True,False,08,Mar,2020,1245,,3000.0,0.8333333333333334,23.200000000001047
2019_2020_analysed,Exp_08_Mar_2020_1345pm,True,False,08,Mar,2020,1345,,3000.0,0.8333333333333334,19.599999999999497
2019_2020_analysed,Exp_08_Mar_2020_1545pm,True,False,08,Mar,2020,1545,,3000.0,0.8333333333333334,37.99999999999977
2019_2020_analysed,Exp_08_Mar_2020_1745pm,True,False,08,Mar,2020,1745,,3000.0,0.8333333333333334,1.6000000000002643
2019_2020_analysed,Exp_08_Mar_2020_1945pm,True,False,08,Mar,2020,1945,,3000.0,0.8333333333333334,4.400000000000006
2019_2020_analysed,Exp_09_Dec_2019_0045am,True,False,09,Dec,2019,0045,,3300.0,0.9166666666666666,0.0
2019_2020_analysed,Exp_09_Dec_2019_0545am,True,False,09,Dec,2019,0545,,3300.0,0.9166666666666666,0.0
2019_2020_analysed,Exp_09_Dec_2019_0645am,True,False,09,Dec,2019,0645,,3300.0,0.9166666666666666,4.3999999999991815
2019_2020_analysed,Exp_09_Dec_2019_0745am,True,False,09,Dec,2019,0745,,3300.0,0.9166666666666666,7.999999999999886
2019_2020_analysed,Exp_09_Dec_2019_0845am,True,False,09,Dec,2019,0845,,3300.0,0.9166666666666666,14.000000000001137
2019_2020_analysed,Exp_09_Dec_2019_0945am,True,False,09,Dec,2019,0945,,3300.0,0.9166666666666666,17.599999999999028
2019_2020_analysed,Exp_09_Dec_2019_1045am,True,False,09,Dec,2019,1045,,3300.0,0.9166666666666666,157.60000000000105
2019_2020_analysed,Exp_09_Dec_2019_1145am,True,False,09,Dec,2019,1145,,3300.0,0.9166666666666666,72.79999999999995
2019_2020_analysed,Exp_09_Dec_2019_1245pm,True,False,09,Dec,2019,1245,,3300.0,0.9166666666666666,113.5999999999964
2019_2020_analysed,Exp_09_Dec_2019_1345pm,True,False,09,Dec,2019,1345,,3300.0,0.9166666666666666,25.599999999999497
2019_2020_analysed,Exp_09_Dec_2019_1545pm,True,False,09,Dec,2019,1545,,3300.0,0.9166666666666666,4.399999999999864
2019_2020_analysed,Exp_09_Dec_2019_1745pm,True,False,09,Dec,2019,1745,,3300.0,0.9166666666666666,0.4000000000000341
2019_2020_analysed,Exp_09_Dec_2019_1945pm,True,False,09,Dec,2019,1945,,3300.0,0.9166666666666666,31.2000000000005
2019_2020_analysed,Exp_09_Feb_2020_0045am,True,False,09,Feb,2020,0045,,3300.0,0.9166666666666666,6.799999999999272
2019_2020_analysed,Exp_09_Feb_2020_0545am,True,False,09,Feb,2020,0545,,3300.0,0.9166666666666666,0.7999999999997272
2019_2020_analysed,Exp_09_Feb_2020_0645am,True,False,09,Feb,2020,0645,,3300.0,0.9166666666666666,2.800000000000068
2019_2020_analysed,Exp_09_Feb_2020_0745am,True,False,09,Feb,2020,0745,,3300.0,0.9166666666666666,13.200000000000742
2019_2020_analysed,Exp_09_Feb_2020_0845am,True,False,09,Feb,2020,0845,,3300.0,0.9166666666666666,13.6000000000005
2019_2020_analysed,Exp_09_Feb_2020_0945am,True,False,09,Feb,2020,0945,,3300.0,0.9166666666666666,44.00000000000057
2019_2020_analysed,Exp_09_Feb_2020_1045am,True,False,09,Feb,2020,1045,,3300.0,0.9166666666666666,28.399999999999807
2019_2020_analysed,Exp_09_Feb_2020_1145am,True,False,09,Feb,2020,1145,,3300.0,0.9166666666666666,84.80000000000089
2019_2020_analysed,Exp_09_Feb_2020_1245pm,True,False,09,Feb,2020,1245,,3300.0,0.9166666666666666,49.199999999999875
2019_2020_analysed,Exp_09_Feb_2020_1345pm,True,False,09,Feb,2020,1345,,3300.0,0.9166666666666666,219.60000000000213
2019_2020_analysed,Exp_09_Feb_2020_1545pm,True,False,09,Feb,2020,1545,,3300.0,0.9166666666666666,67.99999999999982
2019_2020_analysed,Exp_09_Feb_2020_1745pm,True,False,09,Feb,2020,1745,,3300.0,0.9166666666666666,1.5999999999993406
2019_2020_analysed,Exp_09_Feb_2020_1945pm,True,False,09,Feb,2020,1945,,3300.0,0.9166666666666666,13.600000000000136
2019_2020_analysed,Exp_09_Jan_2020_0045am,True,False,09,Jan,2020,0045,,3300.0,0.9166666666666666,0.40000000000009095
2019_2020_analysed,Exp_09_Jan_2020_0545am,True,False,09,Jan,2020,0545,,3300.0,0.9166666666666666,2.0000000000002274
2019_2020_analysed,Exp_09_Jan_2020_0645am,True,False,09,Jan,2020,0645,,3300.0,0.9166666666666666,1.6000000000000454
2019_2020_analysed,Exp_09_Jan_2020_0745am,True,False,09,Jan,2020,0745,,3300.0,0.9166666666666666,19.60000000000116
2019_2020_analysed,Exp_09_Jan_2020_0845am,True,False,09,Jan,2020,0845,,3300.0,0.9166666666666666,32.3999999999992
2019_2020_analysed,Exp_09_Jan_2020_0945am,True,False,09,Jan,2020,0945,,3300.0,0.9166666666666666,56.00000000000091
2019_2020_analysed,Exp_09_Jan_2020_1045am,True,False,09,Jan,2020,1045,,3300.0,0.9166666666666666,57.20000000000053
2019_2020_analysed,Exp_09_Jan_2020_1145am,True,False,09,Jan,2020,1145,,3300.0,0.9166666666666666,162.0000000000001
2019_2020_analysed,Exp_09_Jan_2020_1245pm,True,False,09,Jan,2020,1245,,3300.0,0.9166666666666666,69.20000000000167
2019_2020_analysed,Exp_09_Jan_2020_1345pm,True,False,09,Jan,2020,1345,,3300.0,0.9166666666666666,57.20000000000016
2019_2020_analysed,Exp_09_Jan_2020_1545pm,True,False,09,Jan,2020,1545,,3300.0,0.9166666666666666,55.20000000000041
2019_2020_analysed,Exp_09_Jan_2020_1745pm,True,False,09,Jan,2020,1745,,3300.0,0.9166666666666666,1.9999999999998295
2019_2020_analysed,Exp_09_Jan_2020_1945pm,True,False,09,Jan,2020,1945,,3300.0,0.9166666666666666,0.8000000000001819
2019_2020_analysed,Exp_09_Mar_2020_0045am,True,False,09,Mar,2020,0045,,3000.0,0.8333333333333334,0.39999999999997726
2019_2020_analysed,Exp_09_Mar_2020_0545am,True,False,09,Mar,2020,0545,,3000.0,0.8333333333333334,1.5999999999991132
2019_2020_analysed,Exp_09_Mar_2020_0645am,True,False,09,Mar,2020,0645,,3000.0,0.8333333333333334,2.800000000000068
2019_2020_analysed,Exp_09_Mar_2020_0745am,True,False,09,Mar,2020,0745,,3000.0,0.8333333333333334,26.79999999999909
2019_2020_analysed,Exp_09_Mar_2020_0845am,True,False,09,Mar,2020,0845,,3000.0,0.8333333333333334,24.80000000000142
2019_2020_analysed,Exp_09_Mar_2020_0945am,True,False,09,Mar,2020,0945,,3000.0,0.8333333333333334,13.199999999999399
2019_2020_analysed,Exp_09_Mar_2020_1045am,True,False,09,Mar,2020,1045,,3000.0,0.8333333333333334,24.399999999999153
2019_2020_analysed,Exp_09_Mar_2020_1145am,True,False,09,Mar,2020,1145,,2.5171041666666665,0.0006991956018518518,0.0
2019_2020_analysed,Exp_09_Mar_2020_1245pm,True,False,09,Mar,2020,1245,,3000.0,0.8333333333333334,23.199999999999335
2019_2020_analysed,Exp_09_Mar_2020_1345pm,True,False,09,Mar,2020,1345,,3000.0,0.8333333333333334,27.999999999999943
2019_2020_analysed,Exp_09_Mar_2020_1545pm,True,False,09,Mar,2020,1545,,3000.0,0.8333333333333334,112.39999999999968
2019_2020_analysed,Exp_09_Mar_2020_1745pm,True,False,09,Mar,2020,1745,,3000.0,0.8333333333333334,1.5999999999998238
2019_2020_analysed,Exp_09_Mar_2020_1945pm,True,False,09,Mar,2020,1945,,3000.0,0.8333333333333334,2.800000000000267
2019_2020_analysed,Exp_10_Dec_2019_0045am,True,False,10,Dec,2019,0045,,3300.0,0.9166666666666666,2.0000000000004547
2019_2020_analysed,Exp_10_Dec_2019_0545am,True,False,10,Dec,2019,0545,,3300.0,0.9166666666666666,4.000000000000227
2019_2020_analysed,Exp_10_Dec_2019_0645am,True,False,10,Dec,2019,0645,,3300.0,0.9166666666666666,3.6000000000001364
2019_2020_analysed,Exp_10_Dec_2019_0745am,True,False,10,Dec,2019,0745,,3300.0,0.9166666666666666,2.39999999999975
2019_2020_analysed,Exp_10_Dec_2019_0845am,True,False,10,Dec,2019,0845,,3300.0,0.9166666666666666,4.400000000000546
2019_2020_analysed,Exp_10_Dec_2019_0945am,True,False,10,Dec,2019,0945,,3300.0,0.9166666666666666,18.400000000000546
2019_2020_analysed,Exp_10_Dec_2019_1045am,True,False,10,Dec,2019,1045,,3300.0,0.9166666666666666,11.199999999999335
2019_2020_analysed,Exp_10_Dec_2019_1145am,True,False,10,Dec,2019,1145,,3300.0,0.9166666666666666,26.40000000000057
2019_2020_analysed,Exp_10_Dec_2019_1245pm,True,False,10,Dec,2019,1245,,3300.0,0.9166666666666666,91.19999999999942
2019_2020_analysed,Exp_10_Dec_2019_1345pm,True,False,10,Dec,2019,1345,,3300.0,0.9166666666666666,15.199999999999147
2019_2020_analysed,Exp_10_Dec_2019_1545pm,True,False,10,Dec,2019,1545,,3300.0,0.9166666666666666,28.00000000000037
2019_2020_analysed,Exp_10_Dec_2019_1745pm,True,False,10,Dec,2019,1745,,3300.0,0.9166666666666666,29.200000000000415
2019_2020_analysed,Exp_10_Dec_2019_1945pm,True,False,10,Dec,2019,1945,,3300.0,0.9166666666666666,42.800000000001035
2019_2020_analysed,Exp_10_Feb_2020_0045am,True,False,10,Feb,2020,0045,,3300.0,0.9166666666666666,0.3999999999996362
2019_2020_analysed,Exp_10_Feb_2020_0545am,True,False,10,Feb,2020,0545,,3300.0,0.9166666666666666,58.000000000000796
2019_2020_analysed,Exp_10_Feb_2020_0645am,True,False,10,Feb,2020,0645,,3300.0,0.9166666666666666,31.200000000000323
2019_2020_analysed,Exp_10_Feb_2020_0745am,True,False,10,Feb,2020,0745,,3300.0,0.9166666666666666,21.199999999999818
2019_2020_analysed,Exp_10_Feb_2020_0845am,True,False,10,Feb,2020,0845,,3300.0,0.9166666666666666,13.999999999999886
2019_2020_analysed,Exp_10_Feb_2020_0945am,True,False,10,Feb,2020,0945,,3300.0,0.9166666666666666,15.999999999999687
2019_2020_analysed,Exp_10_Feb_2020_1045am,True,False,10,Feb,2020,1045,,3300.0,0.9166666666666666,5.999999999999915
2019_2020_analysed,Exp_10_Feb_2020_1145am,True,False,10,Feb,2020,1145,,3300.0,0.9166666666666666,26.00000000000003
2019_2020_analysed,Exp_10_Feb_2020_1245pm,True,False,10,Feb,2020,1245,,3300.0,0.9166666666666666,0.39999999999997726
2019_2020_analysed,Exp_10_Feb_2020_1345pm,True,False,10,Feb,2020,1345,,3300.0,0.9166666666666666,3.200000000000159
2019_2020_analysed,Exp_10_Feb_2020_1545pm,True,False,10,Feb,2020,1545,,3300.0,0.9166666666666666,85.19999999999956
2019_2020_analysed,Exp_10_Feb_2020_1745pm,True,False,10,Feb,2020,1745,,3300.0,0.9166666666666666,1.9999999999995879
2019_2020_analysed,Exp_10_Feb_2020_1945pm,True,False,10,Feb,2020,1945,,3300.0,0.9166666666666666,0.8000000000000966
2019_2020_analysed,Exp_10_Jan_2020_0045am,True,False,10,Jan,2020,0045,,3300.0,0.9166666666666666,4.0000000000001705
2019_2020_analysed,Exp_10_Jan_2020_0545am,True,False,10,Jan,2020,0545,,3300.0,0.9166666666666666,0.8000000000001819
2019_2020_analysed,Exp_10_Jan_2020_0645am,True,False,10,Jan,2020,0645,,3300.0,0.9166666666666666,3.200000000000273
2019_2020_analysed,Exp_10_Jan_2020_0745am,True,False,10,Jan,2020,0745,,3300.0,0.9166666666666666,27.60000000000076
2019_2020_analysed,Exp_10_Jan_2020_0845am,True,False,10,Jan,2020,0845,,3300.0,0.9166666666666666,46.79999999999944
2019_2020_analysed,Exp_10_Jan_2020_0945am,True,False,10,Jan,2020,0945,,3300.0,0.9166666666666666,28.399999999999437
2019_2020_analysed,Exp_10_Jan_2020_1045am,True,False,10,Jan,2020,1045,,2610.5171041666667,0.7251436400462963,22.800000000000864
2019_2020_analysed,Exp_10_Jan_2020_1145am,True,False,10,Jan,2020,1145,,3300.0,0.9166666666666666,119.59999999999764
2019_2020_analysed,Exp_10_Jan_2020_1245pm,True,False,10,Jan,2020,1245,,3300.0,0.9166666666666666,17.59999999999899
2019_2020_analysed,Exp_10_Jan_2020_1345pm,True,False,10,Jan,2020,1345,,3300.0,0.9166666666666666,66.80000000000254
2019_2020_analysed,Exp_10_Jan_2020_1545pm,True,False,10,Jan,2020,1545,,3300.0,0.9166666666666666,40.80000000000049
2019_2020_analysed,Exp_10_Jan_2020_1745pm,True,False,10,Jan,2020,1745,,3300.0,0.9166666666666666,9.200000000000536
2019_2020_analysed,Exp_10_Jan_2020_1945pm,True,False,10,Jan,2020,1945,,3300.0,0.9166666666666666,14.800000000000296
2019_2020_analysed,Exp_10_Mar_2020_0045am,True,False,10,Mar,2020,0045,,3000.0,0.8333333333333334,0.0
2019_2020_analysed,Exp_10_Mar_2020_0545am,True,False,10,Mar,2020,0545,,3000.0,0.8333333333333334,1.5999999999996248
2019_2020_analysed,Exp_10_Mar_2020_0645am,True,False,10,Mar,2020,0645,,3000.0,0.8333333333333334,17.600000000000136
2019_2020_analysed,Exp_10_Mar_2020_0745am,True,False,10,Mar,2020,0745,,3000.0,0.8333333333333334,58.00000000000017
2019_2020_analysed,Exp_10_Mar_2020_0845am,True,False,10,Mar,2020,0845,,3000.0,0.8333333333333334,27.200000000000482
2019_2020_analysed,Exp_10_Mar_2020_0945am,True,False,10,Mar,2020,0945,,3000.0,0.8333333333333334,33.199999999999754
2019_2020_analysed,Exp_10_Mar_2020_1045am,True,False,10,Mar,2020,1045,,406.2291041666667,0.11284141782407407,2.40000000000005
2019_2020_analysed,Exp_10_Mar_2020_1145am,True,False,10,Mar,2020,1145,,,,0.0
2019_2020_analysed,Exp_10_Mar_2020_1245pm,True,False,10,Mar,2020,1245,,,,0.0
2019_2020_analysed,Exp_10_Mar_2020_1345pm,True,False,10,Mar,2020,1345,,3000.0,0.8333333333333334,57.20000000000044
2019_2020_analysed,Exp_10_Mar_2020_1443pm,True,False,10,Mar,2020,1443,,7.296,0.0020266666666666666,0.0
2019_2020_analysed,Exp_10_Mar_2020_1545pm,True,False,10,Mar,2020,1545,,3000.0,0.8333333333333334,72.80000000000007
2019_2020_analysed,Exp_10_Mar_2020_1745pm,True,False,10,Mar,2020,1745,,3000.0,0.8333333333333334,2.7999999999996135
2019_2020_analysed,Exp_10_Mar_2020_1945pm,True,False,10,Mar,2020,1945,,3000.0,0.8333333333333334,1.1999999999999318
2019_2020_analysed,Exp_11_Dec_2019_0045am,True,False,11,Dec,2019,0045,,3300.0,0.9166666666666666,1.2000000000002728
2019_2020_analysed,Exp_11_Dec_2019_0545am,True,False,11,Dec,2019,0545,,3300.0,0.9166666666666666,1.599999999999909
2019_2020_analysed,Exp_11_Dec_2019_0645am,True,False,11,Dec,2019,0645,,3300.0,0.9166666666666666,1.6000000000000512
2019_2020_analysed,Exp_11_Dec_2019_0745am,True,False,11,Dec,2019,0745,,3300.0,0.9166666666666666,2.3999999999999773
2019_2020_analysed,Exp_11_Dec_2019_0845am,True,False,11,Dec,2019,0845,,3300.0,0.9166666666666666,5.600000000000534
2019_2020_analysed,Exp_11_Dec_2019_0945am,True,False,11,Dec,2019,0945,,3300.0,0.9166666666666666,10.000000000000227
2019_2020_analysed,Exp_11_Dec_2019_1045am,True,False,11,Dec,2019,1045,,3300.0,0.9166666666666666,145.19999999999786
2019_2020_analysed,Exp_11_Dec_2019_1145am,True,False,11,Dec,2019,1145,,3300.0,0.9166666666666666,82.80000000000126
2019_2020_analysed,Exp_11_Dec_2019_1245pm,True,False,11,Dec,2019,1245,,3300.0,0.9166666666666666,9.59999999999969
2019_2020_analysed,Exp_11_Dec_2019_1345pm,True,False,11,Dec,2019,1345,,3300.0,0.9166666666666666,10.79999999999967
2019_2020_analysed,Exp_11_Dec_2019_1545pm,True,False,11,Dec,2019,1545,,3300.0,0.9166666666666666,21.600000000000296
2019_2020_analysed,Exp_11_Dec_2019_1745pm,True,False,11,Dec,2019,1745,,3300.0,0.9166666666666666,20.000000000000455
2019_2020_analysed,Exp_11_Dec_2019_1945pm,True,False,11,Dec,2019,1945,,3300.0,0.9166666666666666,1.1999999999999318
2019_2020_analysed,Exp_11_Feb_2020_0045am,True,False,11,Feb,2020,0045,,3300.0,0.9166666666666666,0.0
2019_2020_analysed,Exp_11_Feb_2020_0545am,True,False,11,Feb,2020,0545,,3300.0,0.9166666666666666,1.9999999999999147
2019_2020_analysed,Exp_11_Feb_2020_0645am,True,False,11,Feb,2020,0645,,3300.0,0.9166666666666666,3.1999999999999034
2019_2020_analysed,Exp_11_Feb_2020_0745am,True,False,11,Feb,2020,0745,,3300.0,0.9166666666666666,12.800000000001255
2019_2020_analysed,Exp_11_Feb_2020_0845am,True,False,11,Feb,2020,0845,,3300.0,0.9166666666666666,18.399999999999892
2019_2020_analysed,Exp_11_Feb_2020_0945am,True,False,11,Feb,2020,0945,,3300.0,0.9166666666666666,74.79999999999865
2019_2020_analysed,Exp_11_Feb_2020_1045am,True,False,11,Feb,2020,1045,,3300.0,0.9166666666666666,79.59999999999823
2019_2020_analysed,Exp_11_Feb_2020_1145am,True,False,11,Feb,2020,1145,,3300.0,0.9166666666666666,40.00000000000037
2019_2020_analysed,Exp_11_Feb_2020_1245pm,True,False,11,Feb,2020,1245,,3300.0,0.9166666666666666,4.3999999999995225
2019_2020_analysed,Exp_11_Feb_2020_1345pm,True,False,11,Feb,2020,1345,,3300.0,0.9166666666666666,11.60000000000074
2019_2020_analysed,Exp_11_Feb_2020_1545pm,True,False,11,Feb,2020,1545,,3300.0,0.9166666666666666,20.80000000000041
2019_2020_analysed,Exp_11_Feb_2020_1745pm,True,False,11,Feb,2020,1745,,3300.0,0.9166666666666666,10.799999999999407
2019_2020_analysed,Exp_11_Feb_2020_1945pm,True,False,11,Feb,2020,1945,,3300.0,0.9166666666666666,10.400000000000457
2019_2020_analysed,Exp_11_Jan_2020_0045am,True,False,11,Jan,2020,0045,,3300.0,0.9166666666666666,1.5999999999998522
2019_2020_analysed,Exp_11_Jan_2020_0545am,True,False,11,Jan,2020,0545,,3300.0,0.9166666666666666,2.4000000000004604
2019_2020_analysed,Exp_11_Jan_2020_0645am,True,False,11,Jan,2020,0645,,3300.0,0.9166666666666666,23.599999999999334
2019_2020_analysed,Exp_11_Jan_2020_0745am,True,False,11,Jan,2020,0745,,3300.0,0.9166666666666666,26.799999999999162
2019_2020_analysed,Exp_11_Jan_2020_0845am,True,False,11,Jan,2020,0845,,3300.0,0.9166666666666666,7.599999999999909
2019_2020_analysed,Exp_11_Jan_2020_0945am,True,False,11,Jan,2020,0945,,3300.0,0.9166666666666666,102.3999999999981
2019_2020_analysed,Exp_11_Jan_2020_1045am,True,False,11,Jan,2020,1045,,3300.0,0.9166666666666666,105.99999999999486
2019_2020_analysed,Exp_11_Jan_2020_1145am,True,False,11,Jan,2020,1145,,3300.0,0.9166666666666666,55.20000000000004
2019_2020_analysed,Exp_11_Jan_2020_1245pm,True,False,11,Jan,2020,1245,,3300.0,0.9166666666666666,100.00000000000207
2019_2020_analysed,Exp_11_Jan_2020_1345pm,True,False,11,Jan,2020,1345,,3300.0,0.9166666666666666,69.99999999999906
2019_2020_analysed,Exp_11_Jan_2020_1545pm,True,False,11,Jan,2020,1545,,3300.0,0.9166666666666666,103.59999999999998
2019_2020_analysed,Exp_11_Jan_2020_1745pm,True,False,11,Jan,2020,1745,,3300.0,0.9166666666666666,9.199999999999761
2019_2020_analysed,Exp_11_Jan_2020_1945pm,True,False,11,Jan,2020,1945,,3300.0,0.9166666666666666,0.40000000000009095
2019_2020_analysed,Exp_11_Mar_2020_0045am,True,False,11,Mar,2020,0045,,3000.0,0.8333333333333334,0.8000000000001819
2019_2020_analysed,Exp_11_Mar_2020_0545am,True,False,11,Mar,2020,0545,,3000.0,0.8333333333333334,0.0
2019_2020_analysed,Exp_11_Mar_2020_0645am,True,False,11,Mar,2020,0645,,3000.0,0.8333333333333334,2.0
2019_2020_analysed,Exp_11_Mar_2020_0745am,True,False,11,Mar,2020,0745,,3000.0,0.8333333333333334,4.000000000000341
2019_2020_analysed,Exp_11_Mar_2020_0845am,True,False,11,Mar,2020,0845,,3000.0,0.8333333333333334,8.399999999999096
2019_2020_analysed,Exp_11_Mar_2020_0945am,True,False,11,Mar,2020,0945,,3000.0,0.8333333333333334,126.40000000000101
2019_2020_analysed,Exp_11_Mar_2020_1045am,True,False,11,Mar,2020,1045,,3000.0,0.8333333333333334,38.39999999999991
2019_2020_analysed,Exp_11_Mar_2020_1145am,True,False,11,Mar,2020,1145,,3000.0,0.8333333333333334,95.60000000000025
2019_2020_analysed,Exp_11_Mar_2020_1245pm,True,False,11,Mar,2020,1245,,3000.0,0.8333333333333334,6.000000000000114
2019_2020_analysed,Exp_11_Mar_2020_1345pm,True,False,11,Mar,2020,1345,,3000.0,0.8333333333333334,4.3999999999995225
2019_2020_analysed,Exp_11_Mar_2020_1545pm,True,False,11,Mar,2020,1545,,3000.0,0.8333333333333334,52.800000000000175
2019_2020_analysed,Exp_11_Mar_2020_1745pm,True,False,11,Mar,2020,1745,,3000.0,0.8333333333333334,44.39999999999861
2019_2020_analysed,Exp_11_Mar_2020_1945pm,True,False,11,Mar,2020,1945,,3000.0,0.8333333333333334,1.9999999999997726
2019_2020_analysed,Exp_12_Dec_2019_0045am,True,False,12,Dec,2019,0045,,3300.0,0.9166666666666666,0.0
2019_2020_analysed,Exp_12_Dec_2019_0545am,True,False,12,Dec,2019,0545,,3300.0,0.9166666666666666,16.40000000000137
2019_2020_analysed,Exp_12_Dec_2019_0645am,True,False,12,Dec,2019,0645,,3300.0,0.9166666666666666,12.800000000000523
2019_2020_analysed,Exp_12_Dec_2019_0745am,True,False,12,Dec,2019,0745,,3300.0,0.9166666666666666,3.199999999999875
2019_2020_analysed,Exp_12_Dec_2019_0845am,True,False,12,Dec,2019,0845,,3300.0,0.9166666666666666,73.19999999999877
2019_2020_analysed,Exp_12_Dec_2019_0945am,True,False,12,Dec,2019,0945,,3300.0,0.9166666666666666,34.80000000000078
2019_2020_analysed,Exp_12_Dec_2019_1045am,True,False,12,Dec,2019,1045,,3300.0,0.9166666666666666,301.6000000000006
2019_2020_analysed,Exp_12_Dec_2019_1145am,True,False,12,Dec,2019,1145,,3300.0,0.9166666666666666,57.999999999999034
2019_2020_analysed,Exp_12_Dec_2019_1245pm,True,False,12,Dec,2019,1245,,3300.0,0.9166666666666666,181.19999999999692
2019_2020_analysed,Exp_12_Dec_2019_1345pm,True,False,12,Dec,2019,1345,,3300.0,0.9166666666666666,56.39999999999968
2019_2020_analysed,Exp_12_Dec_2019_1545pm,True,False,12,Dec,2019,1545,,3300.0,0.9166666666666666,10.000000000000114
2019_2020_analysed,Exp_12_Dec_2019_1745pm,True,False,12,Dec,2019,1745,,3300.0,0.9166666666666666,24.799999999999727
2019_2020_analysed,Exp_12_Dec_2019_1945pm,True,False,12,Dec,2019,1945,,3300.0,0.9166666666666666,24.79999999999859
2019_2020_analysed,Exp_12_Feb_2020_0045am,True,False,12,Feb,2020,0045,,3300.0,0.9166666666666666,0.0
2019_2020_analysed,Exp_12_Feb_2020_0545am,True,False,12,Feb,2020,0545,,3300.0,0.9166666666666666,33.19999999999959
2019_2020_analysed,Exp_12_Feb_2020_0645am,True,False,12,Feb,2020,0645,,3300.0,0.9166666666666666,10.800000000000153
2019_2020_analysed,Exp_12_Feb_2020_0745am,True,False,12,Feb,2020,0745,,3300.0,0.9166666666666666,13.200000000001125
2019_2020_analysed,Exp_12_Feb_2020_0845am,True,False,12,Feb,2020,0845,,3300.0,0.9166666666666666,5.599999999999696
2019_2020_analysed,Exp_12_Feb_2020_0945am,True,False,12,Feb,2020,0945,,3300.0,0.9166666666666666,35.599999999999675
2019_2020_analysed,Exp_12_Feb_2020_1045am,True,False,12,Feb,2020,1045,,3300.0,0.9166666666666666,22.800000000000605
2019_2020_analysed,Exp_12_Feb_2020_1145am,True,False,12,Feb,2020,1145,,3300.0,0.9166666666666666,38.799999999999464
2019_2020_analysed,Exp_12_Feb_2020_1245pm,True,False,12,Feb,2020,1245,,3300.0,0.9166666666666666,4.400000000000318
2019_2020_analysed,Exp_12_Feb_2020_1345pm,True,False,12,Feb,2020,1345,,3300.0,0.9166666666666666,28.000000000001272
2019_2020_analysed,Exp_12_Feb_2020_1545pm,True,False,12,Feb,2020,1545,,3300.0,0.9166666666666666,19.99999999999931
2019_2020_analysed,Exp_12_Feb_2020_1745pm,True,False,12,Feb,2020,1745,,3300.0,0.9166666666666666,6.000000000000142
2019_2020_analysed,Exp_12_Feb_2020_1945pm,True,False,12,Feb,2020,1945,,3300.0,0.9166666666666666,5.599999999999987
2019_2020_analysed,Exp_12_Jan_2020_0045am,True,False,12,Jan,2020,0045,,3300.0,0.9166666666666666,0.0
2019_2020_analysed,Exp_12_Jan_2020_0545am,True,False,12,Jan,2020,0545,,3300.0,0.9166666666666666,0.7999999999999545
2019_2020_analysed,Exp_12_Jan_2020_0645am,True,False,12,Jan,2020,0645,,3300.0,0.9166666666666666,21.20000000000178
2019_2020_analysed,Exp_12_Jan_2020_0745am,True,False,12,Jan,2020,0745,,3300.0,0.9166666666666666,1.6000000000000227
2019_2020_analysed,Exp_12_Jan_2020_0845am,True,False,12,Jan,2020,0845,,3300.0,0.9166666666666666,7.200000000000074
2019_2020_analysed,Exp_12_Jan_2020_0945am,True,False,12,Jan,2020,0945,,3300.0,0.9166666666666666,11.200000000000273
2019_2020_analysed,Exp_12_Jan_2020_1045am,True,False,12,Jan,2020,1045,,3300.0,0.9166666666666666,1.9999999999996447
2019_2020_analysed,Exp_12_Jan_2020_1145am,True,False,12,Jan,2020,1145,,3300.0,0.9166666666666666,0.0
2019_2020_analysed,Exp_12_Jan_2020_1245pm,True,False,12,Jan,2020,1245,,3300.0,0.9166666666666666,0.0
2019_2020_analysed,Exp_12_Jan_2020_1345pm,True,False,12,Jan,2020,1345,,3300.0,0.9166666666666666,3.599999999999909
2019_2020_analysed,Exp_12_Jan_2020_1545pm,True,False,12,Jan,2020,1545,,3300.0,0.9166666666666666,41.20000000000066
2019_2020_analysed,Exp_12_Jan_2020_1745pm,True,False,12,Jan,2020,1745,,3300.0,0.9166666666666666,6.000000000000114
2019_2020_analysed,Exp_12_Jan_2020_1945pm,True,False,12,Jan,2020,1945,,3300.0,0.9166666666666666,1.1999999999999318
2019_2020_analysed,Exp_12_Mar_2020_1053am,True,False,12,Mar,2020,1053,,1.92,0.0005333333333333334,0.0
2019_2020_analysed,Exp_12_Mar_2020_1055am,True,False,12,Mar,2020,1055,,3000.0,0.8333333333333334,42.40000000000106
2019_2020_analysed,Exp_12_Mar_2020_1221pm,True,False,12,Mar,2020,1221,,3000.0,0.8333333333333334,28.799999999999045
2019_2020_analysed,Exp_12_Mar_2020_1345pm,True,False,12,Mar,2020,1345,,3000.0,0.8333333333333334,45.599999999999575
2019_2020_analysed,Exp_12_Mar_2020_1545pm,True,False,12,Mar,2020,1545,,3000.0,0.8333333333333334,34.800000000000374
2019_2020_analysed,Exp_12_Mar_2020_1745pm,True,False,12,Mar,2020,1745,,3000.0,0.8333333333333334,0.7999999999998408
2019_2020_analysed,Exp_12_Mar_2020_1856pm,True,False,12,Mar,2020,1856,,270.3786666666667,0.07510518518518519,0.0
2019_2020_analysed,Exp_12_Mar_2020_1945pm,True,False,12,Mar,2020,1945,,3000.0,0.8333333333333334,1.6000000000000227
2019_2020_analysed,Exp_13_Dec_2019_0045am,True,False,13,Dec,2019,0045,,3300.0,0.9166666666666666,0.39999999999997726
2019_2020_analysed,Exp_13_Dec_2019_0545am,True,False,13,Dec,2019,0545,,3300.0,0.9166666666666666,0.39999999999997726
2019_2020_analysed,Exp_13_Dec_2019_0645am,True,False,13,Dec,2019,0645,,3300.0,0.9166666666666666,9.199999999999932
2019_2020_analysed,Exp_13_Dec_2019_0745am,True,False,13,Dec,2019,0745,,3300.0,0.9166666666666666,14.399999999998316
2019_2020_analysed,Exp_13_Dec_2019_0845am,True,False,13,Dec,2019,0845,,3300.0,0.9166666666666666,39.20000000000081
2019_2020_analysed,Exp_13_Dec_2019_0945am,True,False,13,Dec,2019,0945,,3300.0,0.9166666666666666,136.4000000000005
2019_2020_analysed,Exp_13_Dec_2019_1045am,True,False,13,Dec,2019,1045,,3300.0,0.9166666666666666,51.2000000000011
2019_2020_analysed,Exp_13_Dec_2019_1145am,True,False,13,Dec,2019,1145,,3300.0,0.9166666666666666,40.00000000000078
2019_2020_analysed,Exp_13_Dec_2019_1245pm,True,False,13,Dec,2019,1245,,3300.0,0.9166666666666666,177.19999999999897
2019_2020_analysed,Exp_13_Dec_2019_1345pm,True,False,13,Dec,2019,1345,,3300.0,0.9166666666666666,106.39999999999898
2019_2020_analysed,Exp_13_Dec_2019_1545pm,True,False,13,Dec,2019,1545,,3300.0,0.9166666666666666,71.99999999999794
2019_2020_analysed,Exp_13_Dec_2019_1745pm,True,False,13,Dec,2019,1745,,3300.0,0.9166666666666666,0.7999999999999545
2019_2020_analysed,Exp_13_Dec_2019_1945pm,True,False,13,Dec,2019,1945,,3300.0,0.9166666666666666,3.6000000000000796
2019_2020_analysed,Exp_13_Feb_2020_0045am,True,False,13,Feb,2020,0045,,3300.0,0.9166666666666666,0.39999999999997726
2019_2020_analysed,Exp_13_Feb_2020_0545am,True,False,13,Feb,2020,0545,,3300.0,0.9166666666666666,7.6000000000004775
2019_2020_analysed,Exp_13_Feb_2020_0645am,True,False,13,Feb,2020,0645,,3300.0,0.9166666666666666,4.400000000000034
2019_2020_analysed,Exp_13_Feb_2020_0745am,True,False,13,Feb,2020,0745,,3300.0,0.9166666666666666,7.199999999999839
2019_2020_analysed,Exp_13_Feb_2020_0845am,True,False,13,Feb,2020,0845,,3300.0,0.9166666666666666,29.200000000001733
2019_2020_analysed,Exp_13_Feb_2020_0945am,True,False,13,Feb,2020,0945,,3300.0,0.9166666666666666,48.400000000000134
2019_2020_analysed,Exp_13_Feb_2020_1045am,True,False,13,Feb,2020,1045,,3300.0,0.9166666666666666,14.000000000000114
2019_2020_analysed,Exp_13_Feb_2020_1145am,True,False,13,Feb,2020,1145,,3300.0,0.9166666666666666,24.80000000000082
2019_2020_analysed,Exp_13_Feb_2020_1245pm,True,False,13,Feb,2020,1245,,3300.0,0.9166666666666666,18.400000000000794
2019_2020_analysed,Exp_13_Feb_2020_1345pm,True,False,13,Feb,2020,1345,,3300.0,0.9166666666666666,43.19999999999976
2019_2020_analysed,Exp_13_Feb_2020_1545pm,True,False,13,Feb,2020,1545,,3300.0,0.9166666666666666,2.4000000000003183
2019_2020_analysed,Exp_13_Feb_2020_1745pm,True,False,13,Feb,2020,1745,,3300.0,0.9166666666666666,2.4000000000002046
2019_2020_analysed,Exp_13_Feb_2020_1945pm,True,False,13,Feb,2020,1945,,3300.0,0.9166666666666666,4.400000000000702
2019_2020_analysed,Exp_13_Jan_2020_0045am,True,False,13,Jan,2020,0045,,3300.0,0.9166666666666666,0.0
2019_2020_analysed,Exp_13_Jan_2020_0545am,True,False,13,Jan,2020,0545,,3300.0,0.9166666666666666,4.399999999999494
2019_2020_analysed,Exp_13_Jan_2020_0645am,True,False,13,Jan,2020,0645,,3300.0,0.9166666666666666,5.200000000000557
2019_2020_analysed,Exp_13_Jan_2020_0745am,True,False,13,Jan,2020,0745,,3300.0,0.9166666666666666,4.799999999999976
2019_2020_analysed,Exp_13_Jan_2020_0845am,True,False,13,Jan,2020,0845,,3300.0,0.9166666666666666,15.999999999999943
2019_2020_analysed,Exp_13_Jan_2020_0945am,True,False,13,Jan,2020,0945,,3300.0,0.9166666666666666,18.799999999999216
2019_2020_analysed,Exp_13_Jan_2020_1045am,True,False,13,Jan,2020,1045,,3300.0,0.9166666666666666,71.19999999999808
2019_2020_analysed,Exp_13_Jan_2020_1145am,True,False,13,Jan,2020,1145,,3300.0,0.9166666666666666,48.79999999999984
2019_2020_analysed,Exp_13_Jan_2020_1245pm,True,False,13,Jan,2020,1245,,3300.0,0.9166666666666666,1.6000000000003638
2019_2020_analysed,Exp_13_Jan_2020_1345pm,True,False,13,Jan,2020,1345,,22.912,0.006364444444444444,0.3999999999999986
2019_2020_analysed,Exp_13_Jan_2020_2153pm,True,False,13,Jan,2020,2153,,8.106666666666667,0.002251851851851852,0.0
2019_2020_analysed,Exp_14_Dec_2019_0045am,True,False,14,Dec,2019,0045,,3300.0,0.9166666666666666,1.2000000000000455
2019_2020_analysed,Exp_14_Dec_2019_0545am,True,False,14,Dec,2019,0545,,3300.0,0.9166666666666666,1.6000000000003638
2019_2020_analysed,Exp_14_Dec_2019_0645am,True,False,14,Dec,2019,0645,,3300.0,0.9166666666666666,7.999999999999909
2019_2020_analysed,Exp_14_Dec_2019_0745am,True,False,14,Dec,2019,0745,,3300.0,0.9166666666666666,64.40000000000074
2019_2020_analysed,Exp_14_Dec_2019_0845am,True,False,14,Dec,2019,0845,,3300.0,0.9166666666666666,39.19999999999953
2019_2020_analysed,Exp_14_Dec_2019_0945am,True,False,14,Dec,2019,0945,,3300.0,0.9166666666666666,82.39999999999847
2019_2020_analysed,Exp_14_Dec_2019_1045am,True,False,14,Dec,2019,1045,,3300.0,0.9166666666666666,179.59999999999656
2019_2020_analysed,Exp_14_Dec_2019_1145am,True,False,14,Dec,2019,1145,,3300.0,0.9166666666666666,91.6000000000012
2019_2020_analysed,Exp_14_Dec_2019_1245pm,True,False,14,Dec,2019,1245,,3300.0,0.9166666666666666,46.39999999999922
2019_2020_analysed,Exp_14_Dec_2019_1345pm,True,False,14,Dec,2019,1345,,3300.0,0.9166666666666666,131.20000000000053
2019_2020_analysed,Exp_14_Dec_2019_1545pm,True,False,14,Dec,2019,1545,,3300.0,0.9166666666666666,35.2000000000017
2019_2020_analysed,Exp_14_Dec_2019_1745pm,True,False,14,Dec,2019,1745,,3300.0,0.9166666666666666,8.399999999999636
2019_2020_analysed,Exp_14_Dec_2019_1945pm,True,False,14,Dec,2019,1945,,3300.0,0.9166666666666666,0.0
2019_2020_analysed,Exp_14_Feb_2020_0045am,True,False,14,Feb,2020,0045,,3300.0,0.9166666666666666,0.3999999999996362
2019_2020_analysed,Exp_14_Feb_2020_0545am,True,False,14,Feb,2020,0545,,3300.0,0.9166666666666666,0.8000000000001819
2019_2020_analysed,Exp_14_Feb_2020_0645am,True,False,14,Feb,2020,0645,,3300.0,0.9166666666666666,3.600000000000591
2019_2020_analysed,Exp_14_Feb_2020_0745am,True,False,14,Feb,2020,0745,,3300.0,0.9166666666666666,15.20000000000055
2019_2020_analysed,Exp_14_Feb_2020_0845am,True,False,14,Feb,2020,0845,,3300.0,0.9166666666666666,10.39999999999975
2019_2020_analysed,Exp_14_Feb_2020_0945am,True,False,14,Feb,2020,0945,,3300.0,0.9166666666666666,20.39999999999977
2019_2020_analysed,Exp_14_Feb_2020_1045am,True,False,14,Feb,2020,1045,,3300.0,0.9166666666666666,48.40000000000125
2019_2020_analysed,Exp_14_Feb_2020_1145am,True,False,14,Feb,2020,1145,,3300.0,0.9166666666666666,77.99999999999916
2019_2020_analysed,Exp_14_Feb_2020_1245pm,True,False,14,Feb,2020,1245,,3300.0,0.9166666666666666,51.19999999999868
2019_2020_analysed,Exp_14_Feb_2020_1345pm,True,False,14,Feb,2020,1345,,3300.0,0.9166666666666666,127.19999999999813
2019_2020_analysed,Exp_14_Feb_2020_1545pm,True,False,14,Feb,2020,1545,,3300.0,0.9166666666666666,31.199999999999427
2019_2020_analysed,Exp_14_Feb_2020_1745pm,True,False,14,Feb,2020,1745,,3300.0,0.9166666666666666,12.800000000000068
2019_2020_analysed,Exp_14_Feb_2020_1945pm,True,False,14,Feb,2020,1945,,3300.0,0.9166666666666666,7.599999999999682
2019_2020_analysed,Exp_14_Jan_2020_0045am,True,False,14,Jan,2020,0045,,3300.0,0.9166666666666666,0.40000000000009095
2019_2020_analysed,Exp_14_Jan_2020_0545am,True,False,14,Jan,2020,0545,,3300.0,0.9166666666666666,4.000000000000455
2019_2020_analysed,Exp_14_Jan_2020_0645am,True,False,14,Jan,2020,0645,,3300.0,0.9166666666666666,4.800000000000196
2019_2020_analysed,Exp_14_Jan_2020_0745am,True,False,14,Jan,2020,0745,,3300.0,0.9166666666666666,2.3999999999999986
2019_2020_analysed,Exp_14_Jan_2020_0845am,True,False,14,Jan,2020,0845,,3300.0,0.9166666666666666,7.200000000000342
2019_2020_analysed,Exp_14_Jan_2020_0945am,True,False,14,Jan,2020,0945,,3300.0,0.9166666666666666,90.7999999999976
2019_2020_analysed,Exp_14_Jan_2020_1045am,True,False,14,Jan,2020,1045,,2194.9013333333332,0.6096948148148148,122.00000000000006
2019_2020_analysed,Exp_14_Jan_2020_1245pm,True,False,14,Jan,2020,1245,,3300.0,0.9166666666666666,96.39999999999972
2019_2020_analysed,Exp_14_Jan_2020_1345pm,True,False,14,Jan,2020,1345,,3300.0,0.9166666666666666,0.4000000000000057
2019_2020_analysed,Exp_14_Jan_2020_1545pm,True,False,14,Jan,2020,1545,,3300.0,0.9166666666666666,59.999999999999915
2019_2020_analysed,Exp_14_Jan_2020_1745pm,True,False,14,Jan,2020,1745,,3300.0,0.9166666666666666,1.199999999999818
2019_2020_analysed,Exp_14_Jan_2020_1945pm,True,False,14,Jan,2020,1945,,3300.0,0.9166666666666666,24.399999999999594
2019_2020_analysed,Exp_15_Dec_2019_0045am,True,False,15,Dec,2019,0045,,3300.0,0.9166666666666666,1.6000000000002501
2019_2020_analysed,Exp_15_Dec_2019_0545am,True,False,15,Dec,2019,0545,,3300.0,0.9166666666666666,22.800000000000253
2019_2020_analysed,Exp_15_Dec_2019_0645am,True,False,15,Dec,2019,0645,,3300.0,0.9166666666666666,3.199999999999818
2019_2020_analysed,Exp_15_Dec_2019_0745am,True,False,15,Dec,2019,0745,,3300.0,0.9166666666666666,10.400000000000674
2019_2020_analysed,Exp_15_Dec_2019_0845am,True,False,15,Dec,2019,0845,,3300.0,0.9166666666666666,36.39999999999978
2019_2020_analysed,Exp_15_Dec_2019_0945am,True,False,15,Dec,2019,0945,,3300.0,0.9166666666666666,20.399999999999125
2019_2020_analysed,Exp_15_Dec_2019_1045am,True,False,15,Dec,2019,1045,,3300.0,0.9166666666666666,50.399999999999636
2019_2020_analysed,Exp_15_Dec_2019_1145am,True,False,15,Dec,2019,1145,,3300.0,0.9166666666666666,121.99999999999821
2019_2020_analysed,Exp_15_Dec_2019_1245pm,True,False,15,Dec,2019,1245,,3300.0,0.9166666666666666,115.20000000000141
2019_2020_analysed,Exp_15_Dec_2019_1345pm,True,False,15,Dec,2019,1345,,3300.0,0.9166666666666666,36.00000000000021
2019_2020_analysed,Exp_15_Dec_2019_1545pm,True,False,15,Dec,2019,1545,,3300.0,0.9166666666666666,59.2000000000005
2019_2020_analysed,Exp_15_Dec_2019_1745pm,True,False,15,Dec,2019,1745,,3300.0,0.9166666666666666,0.40000000000009095
2019_2020_analysed,Exp_15_Dec_2019_1945pm,True,False,15,Dec,2019,1945,,3300.0,0.9166666666666666,17.600000000000023
2019_2020_analysed,Exp_15_Feb_2020_0045am,True,False,15,Feb,2020,0045,,3300.0,0.9166666666666666,1.199999999999818
2019_2020_analysed,Exp_15_Feb_2020_0545am,True,False,15,Feb,2020,0545,,3300.0,0.9166666666666666,7.599999999999994
2019_2020_analysed,Exp_15_Feb_2020_0645am,True,False,15,Feb,2020,0645,,3300.0,0.9166666666666666,136.80000000000192
2019_2020_analysed,Exp_15_Feb_2020_0745am,True,False,15,Feb,2020,0745,,3300.0,0.9166666666666666,44.00000000000131
2019_2020_analysed,Exp_15_Feb_2020_0845am,True,False,15,Feb,2020,0845,,3300.0,0.9166666666666666,9.599999999999639
2019_2020_analysed,Exp_15_Feb_2020_0945am,True,False,15,Feb,2020,0945,,3300.0,0.9166666666666666,128.4
2019_2020_analysed,Exp_15_Feb_2020_1045am,True,False,15,Feb,2020,1045,,3300.0,0.9166666666666666,91.99999999999986
2019_2020_analysed,Exp_15_Feb_2020_1145am,True,False,15,Feb,2020,1145,,3300.0,0.9166666666666666,52.399999999999345
2019_2020_analysed,Exp_15_Feb_2020_1245pm,True,False,15,Feb,2020,1245,,3300.0,0.9166666666666666,43.20000000000351
2019_2020_analysed,Exp_15_Feb_2020_1345pm,True,False,15,Feb,2020,1345,,3300.0,0.9166666666666666,141.5999999999977
2019_2020_analysed,Exp_15_Feb_2020_1545pm,True,False,15,Feb,2020,1545,,3300.0,0.9166666666666666,62.80000000000119
2019_2020_analysed,Exp_15_Feb_2020_1745pm,True,False,15,Feb,2020,1745,,3300.0,0.9166666666666666,7.999999999999886
2019_2020_analysed,Exp_15_Feb_2020_1945pm,True,False,15,Feb,2020,1945,,3300.0,0.9166666666666666,2.400000000000091
2019_2020_analysed,Exp_15_Jan_2020_0545am,True,False,15,Jan,2020,0545,,3300.0,0.9166666666666666,7.199999999999363
2019_2020_analysed,Exp_15_Jan_2020_0645am,True,False,15,Jan,2020,0645,,3300.0,0.9166666666666666,20.40000000000039
2019_2020_analysed,Exp_15_Jan_2020_0745am,True,False,15,Jan,2020,0745,,3300.0,0.9166666666666666,2.0
2019_2020_analysed,Exp_15_Jan_2020_0845am,True,False,15,Jan,2020,0845,,3300.0,0.9166666666666666,18.800000000000125
2019_2020_analysed,Exp_15_Jan_2020_0945am,True,False,15,Jan,2020,0945,,3300.0,0.9166666666666666,79.9999999999993
2019_2020_analysed,Exp_15_Jan_2020_1045am,True,False,15,Jan,2020,1045,,3300.0,0.9166666666666666,170.3999999999991
2019_2020_analysed,Exp_15_Jan_2020_1145am,True,False,15,Jan,2020,1145,,3300.0,0.9166666666666666,57.600000000000556
2019_2020_analysed,Exp_15_Jan_2020_1245pm,True,False,15,Jan,2020,1245,,3300.0,0.9166666666666666,104.00000000000213
2019_2020_analysed,Exp_15_Jan_2020_1345pm,True,False,15,Jan,2020,1345,,3300.0,0.9166666666666666,40.40000000000008
2019_2020_analysed,Exp_15_Jan_2020_1545pm,True,False,15,Jan,2020,1545,,3300.0,0.9166666666666666,75.60000000000002
2019_2020_analysed,Exp_15_Jan_2020_1745pm,True,False,15,Jan,2020,1745,,3300.0,0.9166666666666666,9.2000000000005
2019_2020_analysed,Exp_15_Jan_2020_1945pm,True,False,15,Jan,2020,1945,,3300.0,0.9166666666666666,0.0
2019_2020_analysed,Exp_15_Nov_2019_1345pm,True,False,15,Nov,2019,1345,,3600.0,1.0,232.4000000000001
2019_2020_analysed,Exp_16_Dec_2019_0045am,True,False,16,Dec,2019,0045,,3300.0,0.9166666666666666,0.3999999999998636
2019_2020_analysed,Exp_16_Dec_2019_0545am,True,False,16,Dec,2019,0545,,3300.0,0.9166666666666666,5.2000000000000455
2019_2020_analysed,Exp_16_Dec_2019_0645am,True,False,16,Dec,2019,0645,,3300.0,0.9166666666666666,2.000000000000341
2019_2020_analysed,Exp_16_Dec_2019_0745am,True,False,16,Dec,2019,0745,,3300.0,0.9166666666666666,8.399999999999665
2019_2020_analysed,Exp_16_Dec_2019_0845am,True,False,16,Dec,2019,0845,,3300.0,0.9166666666666666,8.400000000000455
2019_2020_analysed,Exp_16_Dec_2019_0945am,True,False,16,Dec,2019,0945,,3300.0,0.9166666666666666,214.79999999999907
2019_2020_analysed,Exp_16_Dec_2019_1045am,True,False,16,Dec,2019,1045,,3300.0,0.9166666666666666,77.60000000000032
2019_2020_analysed,Exp_16_Dec_2019_1145am,True,False,16,Dec,2019,1145,,3300.0,0.9166666666666666,70.3999999999984
2019_2020_analysed,Exp_16_Dec_2019_1245pm,True,False,16,Dec,2019,1245,,3300.0,0.9166666666666666,30.000000000000043
2019_2020_analysed,Exp_16_Dec_2019_1345pm,True,False,16,Dec,2019,1345,,3300.0,0.9166666666666666,94.40000000000013
2019_2020_analysed,Exp_16_Dec_2019_1545pm,True,False,16,Dec,2019,1545,,3300.0,0.9166666666666666,85.99999999999989
2019_2020_analysed,Exp_16_Dec_2019_1745pm,True,False,16,Dec,2019,1745,,3300.0,0.9166666666666666,30.000000000000348
2019_2020_analysed,Exp_16_Dec_2019_1945pm,True,False,16,Dec,2019,1945,,3300.0,0.9166666666666666,32.400000000000745
2019_2020_analysed,Exp_16_Feb_2020_0045am,True,False,16,Feb,2020,0045,,3300.0,0.9166666666666666,1.1999999999994984
2019_2020_analysed,Exp_16_Feb_2020_0545am,True,False,16,Feb,2020,0545,,3300.0,0.9166666666666666,35.600000000000705
2019_2020_analysed,Exp_16_Feb_2020_0645am,True,False,16,Feb,2020,0645,,3300.0,0.9166666666666666,132.79999999999924
2019_2020_analysed,Exp_16_Feb_2020_0745am,True,False,16,Feb,2020,0745,,3300.0,0.9166666666666666,14.399999999999224
2019_2020_analysed,Exp_16_Feb_2020_0845am,True,False,16,Feb,2020,0845,,3300.0,0.9166666666666666,25.599999999997692
2019_2020_analysed,Exp_16_Feb_2020_0945am,True,False,16,Feb,2020,0945,,3300.0,0.9166666666666666,43.59999999999894
2019_2020_analysed,Exp_16_Feb_2020_1045am,True,False,16,Feb,2020,1045,,3300.0,0.9166666666666666,41.599999999998836
2019_2020_analysed,Exp_16_Feb_2020_1145am,True,False,16,Feb,2020,1145,,3300.0,0.9166666666666666,36.39999999999947
2019_2020_analysed,Exp_16_Feb_2020_1245pm,True,False,16,Feb,2020,1245,,3300.0,0.9166666666666666,65.20000000000084
2019_2020_analysed,Exp_16_Feb_2020_1345pm,True,False,16,Feb,2020,1345,,3300.0,0.9166666666666666,170.79999999999671
2019_2020_analysed,Exp_16_Feb_2020_1545pm,True,False,16,Feb,2020,1545,,3300.0,0.9166666666666666,56.39999999999977
2019_2020_analysed,Exp_16_Feb_2020_1745pm,True,False,16,Feb,2020,1745,,3300.0,0.9166666666666666,1.199999999999818
2019_2020_analysed,Exp_16_Feb_2020_1945pm,True,False,16,Feb,2020,1945,,3300.0,0.9166666666666666,2.0000000000001137
2019_2020_analysed,Exp_16_Jan_2020_0045am,True,False,16,Jan,2020,0045,,3300.0,0.9166666666666666,0.0
2019_2020_analysed,Exp_16_Jan_2020_0545am,True,False,16,Jan,2020,0545,,3300.0,0.9166666666666666,3.2000000000001023
2019_2020_analysed,Exp_16_Jan_2020_0645am,True,False,16,Jan,2020,0645,,3300.0,0.9166666666666666,9.19999999999959
2019_2020_analysed,Exp_16_Jan_2020_0745am,True,False,16,Jan,2020,0745,,3300.0,0.9166666666666666,41.19999999999959
2019_2020_analysed,Exp_16_Jan_2020_0845am,True,False,16,Jan,2020,0845,,3300.0,0.9166666666666666,9.199999999999491
2019_2020_analysed,Exp_16_Jan_2020_0945am,True,False,16,Jan,2020,0945,,3300.0,0.9166666666666666,47.199999999999946
2019_2020_analysed,Exp_16_Jan_2020_1045am,True,False,16,Jan,2020,1045,,3300.0,0.9166666666666666,105.99999999999892
2019_2020_analysed,Exp_16_Jan_2020_1145am,True,False,16,Jan,2020,1145,,3300.0,0.9166666666666666,97.19999999999953
2019_2020_analysed,Exp_16_Jan_2020_1245pm,True,False,16,Jan,2020,1245,,3300.0,0.9166666666666666,149.19999999999973
2019_2020_analysed,Exp_16_Jan_2020_1345pm,True,False,16,Jan,2020,1345,,3300.0,0.9166666666666666,119.99999999999898
2019_2020_analysed,Exp_16_Jan_2020_1545pm,True,False,16,Jan,2020,1545,,3300.0,0.9166666666666666,77.60000000000119
2019_2020_analysed,Exp_16_Jan_2020_1745pm,True,False,16,Jan,2020,1745,,3300.0,0.9166666666666666,3.6000000000004775
2019_2020_analysed,Exp_16_Jan_2020_1945pm,True,False,16,Jan,2020,1945,,3300.0,0.9166666666666666,0.0
2019_2020_analysed,Exp_16_Nov_2019_0545am,True,False,16,Nov,2019,0545,,3600.0,1.0,30.00000000000091
2019_2020_analysed,Exp_16_Nov_2019_0845am,True,False,16,Nov,2019,0845,,3600.0,1.0,41.19999999999945
2019_2020_analysed,Exp_16_Nov_2019_1045am,True,False,16,Nov,2019,1045,,3600.0,1.0,121.59999999999607
2019_2020_analysed,Exp_16_Nov_2019_1345pm,True,False,16,Nov,2019,1345,,3600.0,1.0,191.99999999999977
2019_2020_analysed,Exp_16_Nov_2019_1545pm,True,False,16,Nov,2019,1545,,3600.0,1.0,29.199999999999633
2019_2020_analysed,Exp_17_Dec_2019_0045am,True,False,17,Dec,2019,0045,,3300.0,0.9166666666666666,0.3999999999998636
2019_2020_analysed,Exp_17_Dec_2019_0545am,True,False,17,Dec,2019,0545,,3300.0,0.9166666666666666,17.600000000000705
2019_2020_analysed,Exp_17_Dec_2019_0645am,True,False,17,Dec,2019,0645,,3300.0,0.9166666666666666,55.20000000000025
2019_2020_analysed,Exp_17_Dec_2019_0745am,True,False,17,Dec,2019,0745,,3300.0,0.9166666666666666,14.399999999999501
2019_2020_analysed,Exp_17_Dec_2019_0845am,True,False,17,Dec,2019,0845,,3300.0,0.9166666666666666,132.79999999999927
2019_2020_analysed,Exp_17_Dec_2019_0945am,True,False,17,Dec,2019,0945,,3300.0,0.9166666666666666,167.99999999999795
2019_2020_analysed,Exp_17_Dec_2019_1045am,True,False,17,Dec,2019,1045,,3300.0,0.9166666666666666,170.39999999999728
2019_2020_analysed,Exp_17_Dec_2019_1145am,True,False,17,Dec,2019,1145,,3300.0,0.9166666666666666,146.39999999999787
2019_2020_analysed,Exp_17_Dec_2019_1245pm,True,False,17,Dec,2019,1245,,3300.0,0.9166666666666666,62.800000000001845
2019_2020_analysed,Exp_17_Dec_2019_1345pm,True,False,17,Dec,2019,1345,,3300.0,0.9166666666666666,68.7999999999981
2019_2020_analysed,Exp_17_Dec_2019_1545pm,True,False,17,Dec,2019,1545,,3300.0,0.9166666666666666,61.999999999999865
2019_2020_analysed,Exp_17_Dec_2019_1745pm,True,False,17,Dec,2019,1745,,3300.0,0.9166666666666666,1.2000000000000455
2019_2020_analysed,Exp_17_Dec_2019_1945pm,True,False,17,Dec,2019,1945,,3300.0,0.9166666666666666,6.79999999999934
2019_2020_analysed,Exp_17_Feb_2020_0045am,True,False,17,Feb,2020,0045,,3300.0,0.9166666666666666,0.0
2019_2020_analysed,Exp_17_Feb_2020_0545am,True,False,17,Feb,2020,0545,,3300.0,0.9166666666666666,0.40000000000009095
2019_2020_analysed,Exp_17_Feb_2020_0645am,True,False,17,Feb,2020,0645,,3300.0,0.9166666666666666,9.199999999999264
2019_2020_analysed,Exp_17_Feb_2020_0745am,True,False,17,Feb,2020,0745,,3300.0,0.9166666666666666,10.40000000000068
2019_2020_analysed,Exp_17_Feb_2020_0845am,True,False,17,Feb,2020,0845,,3300.0,0.9166666666666666,16.399999999998954
2019_2020_analysed,Exp_17_Feb_2020_0945am,True,False,17,Feb,2020,0945,,3300.0,0.9166666666666666,83.99999999999943
2019_2020_analysed,Exp_17_Feb_2020_1045am,True,False,17,Feb,2020,1045,,3300.0,0.9166666666666666,54.00000000000017
2019_2020_analysed,Exp_17_Feb_2020_1145am,True,False,17,Feb,2020,1145,,3300.0,0.9166666666666666,155.9999999999995
2019_2020_analysed,Exp_17_Feb_2020_1245pm,True,False,17,Feb,2020,1245,,3300.0,0.9166666666666666,43.60000000000175
2019_2020_analysed,Exp_17_Feb_2020_1345pm,True,False,17,Feb,2020,1345,,3300.0,0.9166666666666666,158.79999999999967
2019_2020_analysed,Exp_17_Feb_2020_1545pm,True,False,17,Feb,2020,1545,,3300.0,0.9166666666666666,66.40000000000084
2019_2020_analysed,Exp_17_Jan_2020_0045am,True,False,17,Jan,2020,0045,,3300.0,0.9166666666666666,0.0
2019_2020_analysed,Exp_17_Jan_2020_0545am,True,False,17,Jan,2020,0545,,3300.0,0.9166666666666666,57.20000000000039
2019_2020_analysed,Exp_17_Jan_2020_0645am,True,False,17,Jan,2020,0645,,3300.0,0.9166666666666666,4.0
2019_2020_analysed,Exp_17_Jan_2020_0745am,True,False,17,Jan,2020,0745,,3300.0,0.9166666666666666,36.79999999999902
2019_2020_analysed,Exp_17_Jan_2020_0845am,True,False,17,Jan,2020,0845,,3300.0,0.9166666666666666,12.800000000001262
2019_2020_analysed,Exp_17_Jan_2020_0945am,True,False,17,Jan,2020,0945,,3300.0,0.9166666666666666,29.199999999998965
2019_2020_analysed,Exp_17_Jan_2020_1045am,True,False,17,Jan,2020,1045,,3300.0,0.9166666666666666,87.19999999999732
2019_2020_analysed,Exp_17_Jan_2020_1145am,True,False,17,Jan,2020,1145,,3300.0,0.9166666666666666,73.59999999999886
2019_2020_analysed,Exp_17_Jan_2020_1245pm,True,False,17,Jan,2020,1245,,3300.0,0.9166666666666666,222.40000000000558
2019_2020_analysed,Exp_17_Jan_2020_1345pm,True,False,17,Jan,2020,1345,,3300.0,0.9166666666666666,75.59999999999766
2019_2020_analysed,Exp_17_Jan_2020_1545pm,True,False,17,Jan,2020,1545,,3300.0,0.9166666666666666,73.59999999999921
2019_2020_analysed,Exp_17_Jan_2020_1745pm,True,False,17,Jan,2020,1745,,3300.0,0.9166666666666666,44.000000000001066
2019_2020_analysed,Exp_17_Jan_2020_1945pm,True,False,17,Jan,2020,1945,,3300.0,0.9166666666666666,13.999999999997499
2019_2020_analysed,Exp_17_Nov_2019_0045am,True,False,17,Nov,2019,0045,,3600.0,1.0,0.8000000000001251
2019_2020_analysed,Exp_17_Nov_2019_0545am,True,False,17,Nov,2019,0545,,3600.0,1.0,1.6000000000003638
2019_2020_analysed,Exp_17_Nov_2019_0845am,True,False,17,Nov,2019,0845,,3600.0,1.0,7.9999999999990905
2019_2020_analysed,Exp_17_Nov_2019_1345pm,True,False,17,Nov,2019,1345,,3600.0,1.0,42.400000000001086
2019_2020_analysed,Exp_17_Nov_2019_1545pm,True,False,17,Nov,2019,1545,,3600.0,1.0,137.5999999999989
2019_2020_analysed,Exp_18_Dec_2019_0045am,True,False,18,Dec,2019,0045,,3300.0,0.9166666666666666,0.0
2019_2020_analysed,Exp_18_Dec_2019_0545am,True,False,18,Dec,2019,0545,,3300.0,0.9166666666666666,4.000000000000341
2019_2020_analysed,Exp_18_Dec_2019_0645am,True,False,18,Dec,2019,0645,,3300.0,0.9166666666666666,49.19999999999965
2019_2020_analysed,Exp_18_Dec_2019_0745am,True,False,18,Dec,2019,0745,,3300.0,0.9166666666666666,25.200000000000315
2019_2020_analysed,Exp_18_Dec_2019_0845am,True,False,18,Dec,2019,0845,,3300.0,0.9166666666666666,26.799999999999386
2019_2020_analysed,Exp_18_Dec_2019_0945am,True,False,18,Dec,2019,0945,,3300.0,0.9166666666666666,63.19999999999887
2019_2020_analysed,Exp_18_Dec_2019_1045am,True,False,18,Dec,2019,1045,,3300.0,0.9166666666666666,242.79999999999472
2019_2020_analysed,Exp_18_Dec_2019_1145am,True,False,18,Dec,2019,1145,,3300.0,0.9166666666666666,80.40000000000055
2019_2020_analysed,Exp_18_Dec_2019_1245pm,True,False,18,Dec,2019,1245,,3300.0,0.9166666666666666,155.60000000000224
2019_2020_analysed,Exp_18_Dec_2019_1345pm,True,False,18,Dec,2019,1345,,3300.0,0.9166666666666666,58.400000000000205
2019_2020_analysed,Exp_18_Dec_2019_1545pm,True,False,18,Dec,2019,1545,,3300.0,0.9166666666666666,57.19999999999981
2019_2020_analysed,Exp_18_Dec_2019_1745pm,True,False,18,Dec,2019,1745,,3300.0,0.9166666666666666,3.99999999999954
2019_2020_analysed,Exp_18_Dec_2019_1945pm,True,False,18,Dec,2019,1945,,3300.0,0.9166666666666666,10.399999999999523
2019_2020_analysed,Exp_18_Feb_2020_0045am,True,False,18,Feb,2020,0045,,3300.0,0.9166666666666666,1.199999999999477
2019_2020_analysed,Exp_18_Feb_2020_0545am,True,False,18,Feb,2020,0545,,3300.0,0.9166666666666666,1.2000000000002728
2019_2020_analysed,Exp_18_Feb_2020_0645am,True,False,18,Feb,2020,0645,,3300.0,0.9166666666666666,13.60000000000079
2019_2020_analysed,Exp_18_Feb_2020_0745am,True,False,18,Feb,2020,0745,,3300.0,0.9166666666666666,6.799999999999741
2019_2020_analysed,Exp_18_Feb_2020_0845am,True,False,18,Feb,2020,0845,,3300.0,0.9166666666666666,54.00000000000078
2019_2020_analysed,Exp_18_Feb_2020_0945am,True,False,18,Feb,2020,0945,,3300.0,0.9166666666666666,52.80000000000183
2019_2020_analysed,Exp_18_Feb_2020_1234pm,True,False,18,Feb,2020,1234,,8.576,0.002382222222222222,0.0
2019_2020_analysed,Exp_18_Feb_2020_1245pm,True,False,18,Feb,2020,1245,,3300.0,0.9166666666666666,32.00000000000024
2019_2020_analysed,Exp_18_Feb_2020_1253pm,True,False,18,Feb,2020,1253,,8.362666666666666,0.002322962962962963,0.0
2019_2020_analysed,Exp_18_Feb_2020_1345pm,True,False,18,Feb,2020,1345,,3300.0,0.9166666666666666,102.80000000000123
2019_2020_analysed,Exp_18_Feb_2020_1545pm,True,False,18,Feb,2020,1545,,3300.0,0.9166666666666666,50.000000000000384
2019_2020_analysed,Exp_18_Jan_2020_0045am,True,False,18,Jan,2020,0045,,3300.0,0.9166666666666666,0.3999999999996362
2019_2020_analysed,Exp_18_Jan_2020_0545am,True,False,18,Jan,2020,0545,,3300.0,0.9166666666666666,0.40000000000009095
2019_2020_analysed,Exp_18_Jan_2020_0645am,True,False,18,Jan,2020,0645,,3300.0,0.9166666666666666,25.999999999999545
2019_2020_analysed,Exp_18_Jan_2020_0745am,True,False,18,Jan,2020,0745,,3300.0,0.9166666666666666,12.000000000000934
2019_2020_analysed,Exp_18_Jan_2020_0845am,True,False,18,Jan,2020,0845,,3300.0,0.9166666666666666,27.60000000000072
2019_2020_analysed,Exp_18_Jan_2020_0945am,True,False,18,Jan,2020,0945,,3300.0,0.9166666666666666,152.79999999999953
2019_2020_analysed,Exp_18_Jan_2020_1045am,True,False,18,Jan,2020,1045,,3300.0,0.9166666666666666,74.400000000001
2019_2020_analysed,Exp_18_Jan_2020_1145am,True,False,18,Jan,2020,1145,,3300.0,0.9166666666666666,77.20000000000047
2019_2020_analysed,Exp_18_Jan_2020_1245pm,True,False,18,Jan,2020,1245,,3300.0,0.9166666666666666,46.40000000000151
2019_2020_analysed,Exp_18_Jan_2020_1345pm,True,False,18,Jan,2020,1345,,3300.0,0.9166666666666666,98.40000000000074
2019_2020_analysed,Exp_18_Jan_2020_1545pm,True,False,18,Jan,2020,1545,,3300.0,0.9166666666666666,94.79999999999978
2019_2020_analysed,Exp_18_Jan_2020_1745pm,True,False,18,Jan,2020,1745,,3300.0,0.9166666666666666,16.400000000000944
2019_2020_analysed,Exp_18_Jan_2020_1945pm,True,False,18,Jan,2020,1945,,3300.0,0.9166666666666666,2.0
2019_2020_analysed,Exp_18_Nov_2019_0045am,True,False,18,Nov,2019,0045,,3600.0,1.0,0.39999999999997726
2019_2020_analysed,Exp_18_Nov_2019_0545am,True,False,18,Nov,2019,0545,,3600.0,1.0,2.799999999999841
2019_2020_analysed,Exp_18_Nov_2019_0845am,True,False,18,Nov,2019,0845,,3600.0,1.0,6.3999999999995225
2019_2020_analysed,Exp_18_Nov_2019_1045am,True,False,18,Nov,2019,1045,,3600.0,1.0,30.799999999999386
2019_2020_analysed,Exp_18_Nov_2019_1345pm,True,False,18,Nov,2019,1345,,3600.0,1.0,27.60000000000187
2019_2020_analysed,Exp_18_Nov_2019_1545pm,True,False,18,Nov,2019,1545,,3600.0,1.0,24.400000000000503
2019_2020_analysed,Exp_18_Nov_2019_1845pm,True,False,18,Nov,2019,1845,,3600.0,1.0,11.599999999998936
2019_2020_analysed,Exp_19_Dec_2019_0045am,True,False,19,Dec,2019,0045,,3300.0,0.9166666666666666,2.399999999999636
2019_2020_analysed,Exp_19_Dec_2019_0545am,True,False,19,Dec,2019,0545,,3300.0,0.9166666666666666,0.8000000000001819
2019_2020_analysed,Exp_19_Dec_2019_0645am,True,False,19,Dec,2019,0645,,3300.0,0.9166666666666666,16.400000000001484
2019_2020_analysed,Exp_19_Dec_2019_0745am,True,False,19,Dec,2019,0745,,3300.0,0.9166666666666666,37.600000000000755
2019_2020_analysed,Exp_19_Dec_2019_0845am,True,False,19,Dec,2019,0845,,3300.0,0.9166666666666666,34.00000000000036
2019_2020_analysed,Exp_19_Dec_2019_0945am,True,False,19,Dec,2019,0945,,3300.0,0.9166666666666666,179.9999999999984
2019_2020_analysed,Exp_19_Dec_2019_1045am,True,False,19,Dec,2019,1045,,3300.0,0.9166666666666666,91.20000000000188
2019_2020_analysed,Exp_19_Dec_2019_1145am,True,False,19,Dec,2019,1145,,3300.0,0.9166666666666666,86.80000000000129
2019_2020_analysed,Exp_19_Dec_2019_1245pm,True,False,19,Dec,2019,1245,,3300.0,0.9166666666666666,253.20000000000073
2019_2020_analysed,Exp_19_Dec_2019_1345pm,True,False,19,Dec,2019,1345,,3300.0,0.9166666666666666,24.400000000000176
2019_2020_analysed,Exp_19_Dec_2019_1545pm,True,False,19,Dec,2019,1545,,3300.0,0.9166666666666666,72.000000000001
2019_2020_analysed,Exp_19_Dec_2019_1745pm,True,False,19,Dec,2019,1745,,3300.0,0.9166666666666666,1.1999999999998465
2019_2020_analysed,Exp_19_Dec_2019_1945pm,True,False,19,Dec,2019,1945,,3300.0,0.9166666666666666,7.2000000000000455
2019_2020_analysed,Exp_19_Feb_2020_0045am,True,False,19,Feb,2020,0045,,3300.0,0.9166666666666666,0.7999999999994998
2019_2020_analysed,Exp_19_Feb_2020_0545am,True,False,19,Feb,2020,0545,,3300.0,0.9166666666666666,1.6000000000002501
2019_2020_analysed,Exp_19_Feb_2020_0645am,True,False,19,Feb,2020,0645,,3300.0,0.9166666666666666,24.800000000000864
2019_2020_analysed,Exp_19_Feb_2020_0745am,True,False,19,Feb,2020,0745,,3300.0,0.9166666666666666,8.000000000000114
2019_2020_analysed,Exp_19_Feb_2020_0845am,True,False,19,Feb,2020,0845,,3300.0,0.9166666666666666,16.40000000000103
2019_2020_analysed,Exp_19_Feb_2020_0945am,True,False,19,Feb,2020,0945,,3300.0,0.9166666666666666,34.799999999999045
2019_2020_analysed,Exp_19_Feb_2020_1045am,True,False,19,Feb,2020,1045,,3300.0,0.9166666666666666,52.399999999998954
2019_2020_analysed,Exp_19_Feb_2020_1145am,True,False,19,Feb,2020,1145,,3300.0,0.9166666666666666,18.39999999999985
2019_2020_analysed,Exp_19_Feb_2020_1245pm,True,False,19,Feb,2020,1245,,3300.0,0.9166666666666666,8.399999999999594
2019_2020_analysed,Exp_19_Feb_2020_1345pm,True,False,19,Feb,2020,1345,,3300.0,0.9166666666666666,43.59999999999851
2019_2020_analysed,Exp_19_Feb_2020_1641pm,True,False,19,Feb,2020,1641,,1.8346666666666667,0.0005096296296296296,0.0
2019_2020_analysed,Exp_19_Feb_2020_1745pm,True,False,19,Feb,2020,1745,,3300.0,0.9166666666666666,0.3999999999996362
2019_2020_analysed,Exp_19_Feb_2020_1945pm,True,False,19,Feb,2020,1945,,3300.0,0.9166666666666666,0.40000000000009095
2019_2020_analysed,Exp_19_Jan_2020_0045am,True,False,19,Jan,2020,0045,,3300.0,0.9166666666666666,0.40000000000009095
2019_2020_analysed,Exp_19_Jan_2020_0545am,True,False,19,Jan,2020,0545,,3300.0,0.9166666666666666,3.600000000000392
2019_2020_analysed,Exp_19_Jan_2020_0645am,True,False,19,Jan,2020,0645,,3300.0,0.9166666666666666,5.60000000000025
2019_2020_analysed,Exp_19_Jan_2020_0745am,True,False,19,Jan,2020,0745,,3300.0,0.9166666666666666,15.999999999999048
2019_2020_analysed,Exp_19_Jan_2020_0845am,True,False,19,Jan,2020,0845,,3300.0,0.9166666666666666,72.80000000000155
2019_2020_analysed,Exp_19_Jan_2020_0945am,True,False,19,Jan,2020,0945,,3300.0,0.9166666666666666,46.000000000000014
2019_2020_analysed,Exp_19_Jan_2020_1045am,True,False,19,Jan,2020,1045,,3300.0,0.9166666666666666,108.00000000000458
2019_2020_analysed,Exp_19_Jan_2020_1145am,True,False,19,Jan,2020,1145,,3300.0,0.9166666666666666,105.20000000000176
2019_2020_analysed,Exp_19_Jan_2020_1245pm,True,False,19,Jan,2020,1245,,3300.0,0.9166666666666666,18.79999999999986
2019_2020_analysed,Exp_19_Jan_2020_1345pm,True,False,19,Jan,2020,1345,,3300.0,0.9166666666666666,204.4000000000005
2019_2020_analysed,Exp_19_Jan_2020_1545pm,True,False,19,Jan,2020,1545,,3300.0,0.9166666666666666,47.99999999999946
2019_2020_analysed,Exp_19_Jan_2020_1745pm,True,False,19,Jan,2020,1745,,3300.0,0.9166666666666666,2.399999999999835
2019_2020_analysed,Exp_19_Jan_2020_1945pm,True,False,19,Jan,2020,1945,,3300.0,0.9166666666666666,0.0
2019_2020_analysed,Exp_19_Mar_2020_2345pm,True,False,19,Mar,2020,2345,,177.32266666666666,0.0492562962962963,1.2000000000000113
2019_2020_analysed,Exp_19_Nov_2019_0045am,True,False,19,Nov,2019,0045,,3600.0,1.0,2.399999999999551
2019_2020_analysed,Exp_19_Nov_2019_0545am,True,False,19,Nov,2019,0545,,3600.0,1.0,1.9999999999996874
2019_2020_analysed,Exp_19_Nov_2019_0845am,True,False,19,Nov,2019,0845,,3600.0,1.0,11.60000000000062
2019_2020_analysed,Exp_19_Nov_2019_0945am,True,False,19,Nov,2019,0945,,3600.0,1.0,28.800000000003223
2019_2020_analysed,Exp_19_Nov_2019_1145am,True,False,19,Nov,2019,1145,,3600.0,1.0,87.20000000000132
2019_2020_analysed,Exp_19_Nov_2019_1245pm,True,False,19,Nov,2019,1245,,3600.0,1.0,43.60000000000005
2019_2020_analysed,Exp_19_Nov_2019_1345pm,True,False,19,Nov,2019,1345,,3600.0,1.0,146.79999999999598
2019_2020_analysed,Exp_19_Nov_2019_1545pm,True,False,19,Nov,2019,1545,,3600.0,1.0,78.00000000000236
2019_2020_analysed,Exp_19_Nov_2019_1845pm,True,False,19,Nov,2019,1845,,3600.0,1.0,7.19999999999888
2019_2020_analysed,Exp_20_Dec_2019_0045am,True,False,20,Dec,2019,0045,,3300.0,0.9166666666666666,0.40000000000009095
2019_2020_analysed,Exp_20_Dec_2019_0545am,True,False,20,Dec,2019,0545,,3300.0,0.9166666666666666,48.40000000000048
2019_2020_analysed,Exp_20_Dec_2019_0645am,True,False,20,Dec,2019,0645,,3300.0,0.9166666666666666,5.20000000000077
2019_2020_analysed,Exp_20_Dec_2019_0745am,True,False,20,Dec,2019,0745,,3300.0,0.9166666666666666,16.40000000000049
2019_2020_analysed,Exp_20_Dec_2019_0845am,True,False,20,Dec,2019,0845,,3300.0,0.9166666666666666,15.599999999999739
2019_2020_analysed,Exp_20_Dec_2019_0945am,True,False,20,Dec,2019,0945,,3300.0,0.9166666666666666,25.199999999999854
2019_2020_analysed,Exp_20_Dec_2019_1045am,True,False,20,Dec,2019,1045,,3300.0,0.9166666666666666,20.799999999999955
2019_2020_analysed,Exp_20_Dec_2019_1145am,True,False,20,Dec,2019,1145,,3300.0,0.9166666666666666,140.7999999999987
2019_2020_analysed,Exp_20_Dec_2019_1245pm,True,False,20,Dec,2019,1245,,3300.0,0.9166666666666666,60.800000000002484
2019_2020_analysed,Exp_20_Dec_2019_1345pm,True,False,20,Dec,2019,1345,,3300.0,0.9166666666666666,39.199999999999775
2019_2020_analysed,Exp_20_Dec_2019_1545pm,True,False,20,Dec,2019,1545,,3300.0,0.9166666666666666,80.00000000000128
2019_2020_analysed,Exp_20_Dec_2019_1745pm,True,False,20,Dec,2019,1745,,3300.0,0.9166666666666666,0.3999999999998636
2019_2020_analysed,Exp_20_Dec_2019_1945pm,True,False,20,Dec,2019,1945,,3300.0,0.9166666666666666,0.8000000000000327
2019_2020_analysed,Exp_20_Feb_2020_0045am,True,False,20,Feb,2020,0045,,3300.0,0.9166666666666666,1.6000000000000227
2019_2020_analysed,Exp_20_Feb_2020_0545am,True,False,20,Feb,2020,0545,,3300.0,0.9166666666666666,1.6000000000002501
2019_2020_analysed,Exp_20_Feb_2020_0645am,True,False,20,Feb,2020,0645,,3300.0,0.9166666666666666,5.999999999998266
2019_2020_analysed,Exp_20_Feb_2020_0745am,True,False,20,Feb,2020,0745,,3300.0,0.9166666666666666,27.999999999999424
2019_2020_analysed,Exp_20_Feb_2020_0845am,True,False,20,Feb,2020,0845,,3300.0,0.9166666666666666,42.40000000000024
2019_2020_analysed,Exp_20_Feb_2020_0945am,True,False,20,Feb,2020,0945,,3300.0,0.9166666666666666,32.79999999999999
2019_2020_analysed,Exp_20_Feb_2020_1045am,True,False,20,Feb,2020,1045,,3300.0,0.9166666666666666,75.60000000000548
2019_2020_analysed,Exp_20_Feb_2020_1245pm,True,False,20,Feb,2020,1245,,3300.0,0.9166666666666666,58.39999999999924
2019_2020_analysed,Exp_20_Feb_2020_1545pm,True,False,20,Feb,2020,1545,,3300.0,0.9166666666666666,102.79999999999913
2019_2020_analysed,Exp_20_Feb_2020_1745pm,True,False,20,Feb,2020,1745,,3300.0,0.9166666666666666,17.99999999999943
2019_2020_analysed,Exp_20_Feb_2020_1945pm,True,False,20,Feb,2020,1945,,3300.0,0.9166666666666666,1.6000000000003638
2019_2020_analysed,Exp_20_Jan_2020_0045am,True,False,20,Jan,2020,0045,,3300.0,0.9166666666666666,0.0
2019_2020_analysed,Exp_20_Jan_2020_0545am,True,False,20,Jan,2020,0545,,3300.0,0.9166666666666666,1.999999999999659
2019_2020_analysed,Exp_20_Jan_2020_0645am,True,False,20,Jan,2020,0645,,3300.0,0.9166666666666666,1.6000000000001933
2019_2020_analysed,Exp_20_Jan_2020_0745am,True,False,20,Jan,2020,0745,,3300.0,0.9166666666666666,12.000000000000101
2019_2020_analysed,Exp_20_Jan_2020_0845am,True,False,20,Jan,2020,0845,,3300.0,0.9166666666666666,30.799999999999947
2019_2020_analysed,Exp_20_Jan_2020_0945am,True,False,20,Jan,2020,0945,,3300.0,0.9166666666666666,122.79999999999978
2019_2020_analysed,Exp_20_Jan_2020_1045am,True,False,20,Jan,2020,1045,,3300.0,0.9166666666666666,96.3999999999983
2019_2020_analysed,Exp_20_Jan_2020_1145am,True,False,20,Jan,2020,1145,,1115.9464375,0.3099851215277778,43.20000000000012
2019_2020_analysed,Exp_20_Jan_2020_1227pm,True,False,20,Jan,2020,1227,,4.394666666666667,0.0012207407407407408,0.0
2019_2020_analysed,Exp_20_Jan_2020_1345pm,True,False,20,Jan,2020,1345,,3300.0,0.9166666666666666,193.99999999999966
2019_2020_analysed,Exp_20_Jan_2020_1545pm,True,False,20,Jan,2020,1545,,3300.0,0.9166666666666666,17.200000000000273
2019_2020_analysed,Exp_20_Jan_2020_1745pm,True,False,20,Jan,2020,1745,,3300.0,0.9166666666666666,2.000000000000057
2019_2020_analysed,Exp_20_Jan_2020_1945pm,True,False,20,Jan,2020,1945,,3300.0,0.9166666666666666,0.7999999999997272
2019_2020_analysed,Exp_20_Nov_2019_0045am,True,False,20,Nov,2019,0045,,3600.0,1.0,0.0
2019_2020_analysed,Exp_20_Nov_2019_0545am,True,False,20,Nov,2019,0545,,3600.0,1.0,2.0
2019_2020_analysed,Exp_20_Nov_2019_0845am,True,False,20,Nov,2019,0845,,3600.0,1.0,14.399999999999686
2019_2020_analysed,Exp_20_Nov_2019_1145am,True,False,20,Nov,2019,1145,,3600.0,1.0,97.19999999999908
2019_2020_analysed,Exp_20_Nov_2019_1245pm,True,False,20,Nov,2019,1245,,3600.0,1.0,21.200000000000642
2019_2020_analysed,Exp_20_Nov_2019_1545pm,True,False,20,Nov,2019,1545,,3600.0,1.0,37.59999999999904
2019_2020_analysed,Exp_20_Nov_2019_1845pm,True,False,20,Nov,2019,1845,,3600.0,1.0,4.000000000000455
2019_2020_analysed,Exp_21_Dec_2019_0045am,True,False,21,Dec,2019,0045,,3300.0,0.9166666666666666,12.000000000000114
2019_2020_analysed,Exp_21_Dec_2019_0545am,True,False,21,Dec,2019,0545,,3300.0,0.9166666666666666,1.599999999999909
2019_2020_analysed,Exp_21_Dec_2019_0645am,True,False,21,Dec,2019,0645,,3300.0,0.9166666666666666,2.7999999999999545
2019_2020_analysed,Exp_21_Dec_2019_0745am,True,False,21,Dec,2019,0745,,3300.0,0.9166666666666666,13.199999999999527
2019_2020_analysed,Exp_21_Dec_2019_0845am,True,False,21,Dec,2019,0845,,3300.0,0.9166666666666666,17.60000000000008
2019_2020_analysed,Exp_21_Dec_2019_0945am,True,False,21,Dec,2019,0945,,3300.0,0.9166666666666666,13.600000000001785
2019_2020_analysed,Exp_21_Dec_2019_1045am,True,False,21,Dec,2019,1045,,3300.0,0.9166666666666666,39.999999999999204
2019_2020_analysed,Exp_21_Dec_2019_1145am,True,False,21,Dec,2019,1145,,3300.0,0.9166666666666666,58.80000000000128
2019_2020_analysed,Exp_21_Dec_2019_1245pm,True,False,21,Dec,2019,1245,,3300.0,0.9166666666666666,135.20000000000127
2019_2020_analysed,Exp_21_Dec_2019_1345pm,True,False,21,Dec,2019,1345,,3300.0,0.9166666666666666,179.19999999999777
2019_2020_analysed,Exp_21_Dec_2019_1545pm,True,False,21,Dec,2019,1545,,3300.0,0.9166666666666666,32.79999999999973
2019_2020_analysed,Exp_21_Dec_2019_1745pm,True,False,21,Dec,2019,1745,,3300.0,0.9166666666666666,8.799999999999159
2019_2020_analysed,Exp_21_Dec_2019_1945pm,True,False,21,Dec,2019,1945,,3300.0,0.9166666666666666,0.40000000000009095
2019_2020_analysed,Exp_21_Feb_2020_0045am,True,False,21,Feb,2020,0045,,3300.0,0.9166666666666666,0.0
2019_2020_analysed,Exp_21_Feb_2020_0545am,True,False,21,Feb,2020,0545,,3300.0,0.9166666666666666,0.3999999999996362
2019_2020_analysed,Exp_21_Feb_2020_0645am,True,False,21,Feb,2020,0645,,3300.0,0.9166666666666666,8.400000000000489
2019_2020_analysed,Exp_21_Feb_2020_0745am,True,False,21,Feb,2020,0745,,3300.0,0.9166666666666666,36.79999999999997
2019_2020_analysed,Exp_21_Feb_2020_0845am,True,False,21,Feb,2020,0845,,3300.0,0.9166666666666666,15.199999999998933
2019_2020_analysed,Exp_21_Feb_2020_0945am,True,False,21,Feb,2020,0945,,3300.0,0.9166666666666666,17.60000000000022
2019_2020_analysed,Exp_21_Feb_2020_1045am,True,False,21,Feb,2020,1045,,3300.0,0.9166666666666666,15.999999999999325
2019_2020_analysed,Exp_21_Feb_2020_1145am,True,False,21,Feb,2020,1145,,3300.0,0.9166666666666666,84.79999999999768
2019_2020_analysed,Exp_21_Feb_2020_1345pm,True,False,21,Feb,2020,1345,,3300.0,0.9166666666666666,23.600000000000016
2019_2020_analysed,Exp_21_Feb_2020_1545pm,True,False,21,Feb,2020,1545,,3300.0,0.9166666666666666,82.79999999999986
2019_2020_analysed,Exp_21_Feb_2020_1745pm,True,False,21,Feb,2020,1745,,3300.0,0.9166666666666666,1.599999999999369
2019_2020_analysed,Exp_21_Feb_2020_1945pm,True,False,21,Feb,2020,1945,,3300.0,0.9166666666666666,3.9999999999999076
2019_2020_analysed,Exp_21_Jan_2020_0045am,True,False,21,Jan,2020,0045,,3300.0,0.9166666666666666,1.599999999999966
2019_2020_analysed,Exp_21_Jan_2020_0545am,True,False,21,Jan,2020,0545,,3300.0,0.9166666666666666,0.0
2019_2020_analysed,Exp_21_Jan_2020_0645am,True,False,21,Jan,2020,0645,,3300.0,0.9166666666666666,3.600000000000364
2019_2020_analysed,Exp_21_Jan_2020_0745am,True,False,21,Jan,2020,0745,,3300.0,0.9166666666666666,27.60000000000082
2019_2020_analysed,Exp_21_Jan_2020_0845am,True,False,21,Jan,2020,0845,,3300.0,0.9166666666666666,16.80000000000055
2019_2020_analysed,Exp_21_Jan_2020_0945am,True,False,21,Jan,2020,0945,,3300.0,0.9166666666666666,19.60000000000008
2019_2020_analysed,Exp_21_Jan_2020_1045am,True,False,21,Jan,2020,1045,,3300.0,0.9166666666666666,21.9999999999975
2019_2020_analysed,Exp_21_Jan_2020_1145am,True,False,21,Jan,2020,1145,,3300.0,0.9166666666666666,58.00000000000087
2019_2020_analysed,Exp_21_Jan_2020_1245pm,True,False,21,Jan,2020,1245,,3300.0,0.9166666666666666,25.999999999999204
2019_2020_analysed,Exp_21_Jan_2020_1345pm,True,False,21,Jan,2020,1345,,3300.0,0.9166666666666666,34.39999999999975
2019_2020_analysed,Exp_21_Jan_2020_1545pm,True,False,21,Jan,2020,1545,,3300.0,0.9166666666666666,91.59999999999951
2019_2020_analysed,Exp_21_Jan_2020_1745pm,True,False,21,Jan,2020,1745,,3300.0,0.9166666666666666,0.0
2019_2020_analysed,Exp_21_Jan_2020_1945pm,True,False,21,Jan,2020,1945,,3300.0,0.9166666666666666,0.0
2019_2020_analysed,Exp_21_Nov_2019_0045am,True,False,21,Nov,2019,0045,,3600.0,1.0,0.0
2019_2020_analysed,Exp_21_Nov_2019_0545am,True,False,21,Nov,2019,0545,,3600.0,1.0,19.200000000000877
2019_2020_analysed,Exp_21_Nov_2019_0845am,True,False,21,Nov,2019,0845,,3600.0,1.0,19.600000000000563
2019_2020_analysed,Exp_21_Nov_2019_0945am,True,False,21,Nov,2019,0945,,3600.0,1.0,72.00000000000246
2019_2020_analysed,Exp_21_Nov_2019_1145am,True,False,21,Nov,2019,1145,,3600.0,1.0,134.80000000000194
2019_2020_analysed,Exp_21_Nov_2019_1345pm,True,False,21,Nov,2019,1345,,3600.0,1.0,97.60000000000302
2019_2020_analysed,Exp_21_Nov_2019_1545pm,True,False,21,Nov,2019,1545,,3600.0,1.0,28.39999999999865
2019_2020_analysed,Exp_21_Nov_2019_1845pm,True,False,21,Nov,2019,1845,,3600.0,1.0,10.399999999998954
2019_2020_analysed,Exp_21_Nov_2019_2230pm,True,False,21,Nov,2019,2230,,1.3226666666666667,0.0003674074074074074,0.0
2019_2020_analysed,Exp_21_Nov_2019_2235pm,True,False,21,Nov,2019,2235,,5.0,0.001388888888888889,0.0
2019_2020_analysed,Exp_22_Dec_2019_0045am,True,False,22,Dec,2019,0045,,3300.0,0.9166666666666666,1.1999999999999318
2019_2020_analysed,Exp_22_Dec_2019_0545am,True,False,22,Dec,2019,0545,,3300.0,0.9166666666666666,7.599999999998829
2019_2020_analysed,Exp_22_Dec_2019_0645am,True,False,22,Dec,2019,0645,,3300.0,0.9166666666666666,5.999999999999773
2019_2020_analysed,Exp_22_Dec_2019_0745am,True,False,22,Dec,2019,0745,,3300.0,0.9166666666666666,1.6000000000001364
2019_2020_analysed,Exp_22_Dec_2019_0845am,True,False,22,Dec,2019,0845,,3300.0,0.9166666666666666,8.800000000001035
2019_2020_analysed,Exp_22_Dec_2019_0945am,True,False,22,Dec,2019,0945,,3300.0,0.9166666666666666,29.999999999999886
2019_2020_analysed,Exp_22_Dec_2019_1045am,True,False,22,Dec,2019,1045,,3300.0,0.9166666666666666,103.60000000000161
2019_2020_analysed,Exp_22_Dec_2019_1145am,True,False,22,Dec,2019,1145,,3300.0,0.9166666666666666,110.40000000000177
2019_2020_analysed,Exp_22_Dec_2019_1245pm,True,False,22,Dec,2019,1245,,3300.0,0.9166666666666666,63.1999999999983
2019_2020_analysed,Exp_22_Dec_2019_1345pm,True,False,22,Dec,2019,1345,,3300.0,0.9166666666666666,58.0000000000004
2019_2020_analysed,Exp_22_Dec_2019_1545pm,True,False,22,Dec,2019,1545,,3300.0,0.9166666666666666,52.00000000000082
2019_2020_analysed,Exp_22_Dec_2019_1745pm,True,False,22,Dec,2019,1745,,3300.0,0.9166666666666666,7.999999999999773
2019_2020_analysed,Exp_22_Dec_2019_1945pm,True,False,22,Dec,2019,1945,,3300.0,0.9166666666666666,1.2000000000001876
2019_2020_analysed,Exp_22_Feb_2020_0045am,True,False,22,Feb,2020,0045,,3300.0,0.9166666666666666,0.0
2019_2020_analysed,Exp_22_Feb_2020_0545am,True,False,22,Feb,2020,0545,,3300.0,0.9166666666666666,0.40000000000009095
2019_2020_analysed,Exp_22_Feb_2020_0645am,True,False,22,Feb,2020,0645,,3300.0,0.9166666666666666,23.59999999999968
2019_2020_analysed,Exp_22_Feb_2020_0745am,True,False,22,Feb,2020,0745,,3300.0,0.9166666666666666,42.79999999999964
2019_2020_analysed,Exp_22_Feb_2020_0845am,True,False,22,Feb,2020,0845,,3300.0,0.9166666666666666,28.000000000001123
2019_2020_analysed,Exp_22_Feb_2020_0945am,True,False,22,Feb,2020,0945,,3300.0,0.9166666666666666,46.39999999999824
2019_2020_analysed,Exp_22_Feb_2020_1045am,True,False,22,Feb,2020,1045,,3300.0,0.9166666666666666,28.799999999999983
2019_2020_analysed,Exp_22_Feb_2020_1245pm,True,False,22,Feb,2020,1245,,3300.0,0.9166666666666666,17.200000000000244
2019_2020_analysed,Exp_22_Feb_2020_1345pm,True,False,22,Feb,2020,1345,,3300.0,0.9166666666666666,30.80000000000028
2019_2020_analysed,Exp_22_Feb_2020_1545pm,True,False,22,Feb,2020,1545,,3300.0,0.9166666666666666,11.99999999999983
2019_2020_analysed,Exp_22_Feb_2020_1745pm,True,False,22,Feb,2020,1745,,3300.0,0.9166666666666666,6.399999999999977
2019_2020_analysed,Exp_22_Feb_2020_1945pm,True,False,22,Feb,2020,1945,,3300.0,0.9166666666666666,1.6000000000003638
2019_2020_analysed,Exp_22_Jan_2020_0045am,True,False,22,Jan,2020,0045,,3300.0,0.9166666666666666,0.8000000000001819
2019_2020_analysed,Exp_22_Jan_2020_0545am,True,False,22,Jan,2020,0545,,3300.0,0.9166666666666666,0.0
2019_2020_analysed,Exp_22_Jan_2020_0645am,True,False,22,Jan,2020,0645,,3300.0,0.9166666666666666,1.2000000000000455
2019_2020_analysed,Exp_22_Jan_2020_0745am,True,False,22,Jan,2020,0745,,3300.0,0.9166666666666666,2.0
2019_2020_analysed,Exp_22_Jan_2020_0845am,True,False,22,Jan,2020,0845,,3300.0,0.9166666666666666,5.999999999999961
2019_2020_analysed,Exp_22_Jan_2020_0945am,True,False,22,Jan,2020,0945,,3300.0,0.9166666666666666,40.40000000000077
2019_2020_analysed,Exp_22_Jan_2020_1045am,True,False,22,Jan,2020,1045,,3300.0,0.9166666666666666,21.200000000000443
2019_2020_analysed,Exp_22_Jan_2020_1145am,True,False,22,Jan,2020,1145,,3300.0,0.9166666666666666,146.40000000000123
2019_2020_analysed,Exp_22_Jan_2020_1245pm,True,False,22,Jan,2020,1245,,3300.0,0.9166666666666666,46.80000000000143
2019_2020_analysed,Exp_22_Jan_2020_1345pm,True,False,22,Jan,2020,1345,,3300.0,0.9166666666666666,58.39999999999957
2019_2020_analysed,Exp_22_Jan_2020_1545pm,True,False,22,Jan,2020,1545,,3300.0,0.9166666666666666,17.60000000000047
2019_2020_analysed,Exp_22_Jan_2020_1745pm,True,False,22,Jan,2020,1745,,3300.0,0.9166666666666666,25.20000000000052
2019_2020_analysed,Exp_22_Jan_2020_1945pm,True,False,22,Jan,2020,1945,,3300.0,0.9166666666666666,3.200000000000074
2019_2020_analysed,Exp_22_Nov_2019_0045am,True,False,22,Nov,2019,0045,,3600.0,1.0,0.0
2019_2020_analysed,Exp_22_Nov_2019_0545am,True,False,22,Nov,2019,0545,,3600.0,1.0,2.400000000000034
2019_2020_analysed,Exp_22_Nov_2019_0845am,True,False,22,Nov,2019,0845,,3600.0,1.0,36.0000000000006
2019_2020_analysed,Exp_22_Nov_2019_1145am,True,False,22,Nov,2019,1145,,3600.0,1.0,152.80000000000064
2019_2020_analysed,Exp_22_Nov_2019_1245pm,True,False,22,Nov,2019,1245,,3600.0,1.0,158.799999999998
2019_2020_analysed,Exp_22_Nov_2019_1345pm,True,False,22,Nov,2019,1345,,3600.0,1.0,120.80000000000004
2019_2020_analysed,Exp_22_Nov_2019_1545pm,True,False,22,Nov,2019,1545,,3000.0,0.8333333333333334,78.00000000000065
2019_2020_analysed,Exp_22_Nov_2019_1845pm,True,False,22,Nov,2019,1845,,3000.0,0.8333333333333334,21.20000000000023
2019_2020_analysed,Exp_23_Dec_2019_0045am,True,False,23,Dec,2019,0045,,3300.0,0.9166666666666666,1.599999999999909
2019_2020_analysed,Exp_23_Dec_2019_0545am,True,False,23,Dec,2019,0545,,3300.0,0.9166666666666666,17.199999999999818
2019_2020_analysed,Exp_23_Dec_2019_0645am,True,False,23,Dec,2019,0645,,3300.0,0.9166666666666666,17.599999999999397
2019_2020_analysed,Exp_23_Dec_2019_0745am,True,False,23,Dec,2019,0745,,3300.0,0.9166666666666666,22.000000000001336
2019_2020_analysed,Exp_23_Dec_2019_0845am,True,False,23,Dec,2019,0845,,3300.0,0.9166666666666666,16.399999999999423
2019_2020_analysed,Exp_23_Dec_2019_0945am,True,False,23,Dec,2019,0945,,3300.0,0.9166666666666666,106.79999999999902
2019_2020_analysed,Exp_23_Dec_2019_1045am,True,False,23,Dec,2019,1045,,3300.0,0.9166666666666666,143.59999999999985
2019_2020_analysed,Exp_23_Dec_2019_1145am,True,False,23,Dec,2019,1145,,3300.0,0.9166666666666666,124.00000000000023
2019_2020_analysed,Exp_23_Dec_2019_1245pm,True,False,23,Dec,2019,1245,,3300.0,0.9166666666666666,193.99999999999696
2019_2020_analysed,Exp_23_Dec_2019_1345pm,True,False,23,Dec,2019,1345,,3300.0,0.9166666666666666,138.000000000003
2019_2020_analysed,Exp_23_Dec_2019_1545pm,True,False,23,Dec,2019,1545,,3300.0,0.9166666666666666,147.2000000000014
2019_2020_analysed,Exp_23_Dec_2019_1745pm,True,False,23,Dec,2019,1745,,3300.0,0.9166666666666666,0.40000000000009095
2019_2020_analysed,Exp_23_Dec_2019_1945pm,True,False,23,Dec,2019,1945,,3300.0,0.9166666666666666,4.000000000000398
2019_2020_analysed,Exp_23_Feb_2020_0045am,True,False,23,Feb,2020,0045,,3300.0,0.9166666666666666,0.0
2019_2020_analysed,Exp_23_Feb_2020_0545am,True,False,23,Feb,2020,0545,,3300.0,0.9166666666666666,14.800000000000182
2019_2020_analysed,Exp_23_Feb_2020_0645am,True,False,23,Feb,2020,0645,,3300.0,0.9166666666666666,2.4000000000000057
2019_2020_analysed,Exp_23_Feb_2020_0745am,True,False,23,Feb,2020,0745,,3300.0,0.9166666666666666,24.399999999998784
2019_2020_analysed,Exp_23_Feb_2020_0845am,True,False,23,Feb,2020,0845,,3300.0,0.9166666666666666,26.80000000000117
2019_2020_analysed,Exp_23_Feb_2020_0945am,True,False,23,Feb,2020,0945,,3300.0,0.9166666666666666,9.200000000000415
2019_2020_analysed,Exp_23_Feb_2020_1045am,True,False,23,Feb,2020,1045,,3300.0,0.9166666666666666,67.19999999999989
2019_2020_analysed,Exp_23_Feb_2020_1245pm,True,False,23,Feb,2020,1245,,3300.0,0.9166666666666666,38.39999999999944
2019_2020_analysed,Exp_23_Feb_2020_1345pm,True,False,23,Feb,2020,1345,,3300.0,0.9166666666666666,67.20000000000286
2019_2020_analysed,Exp_23_Feb_2020_1545pm,True,False,23,Feb,2020,1545,,3300.0,0.9166666666666666,80.39999999999864
2019_2020_analysed,Exp_23_Feb_2020_1745pm,True,False,23,Feb,2020,1745,,3300.0,0.9166666666666666,2.800000000000125
2019_2020_analysed,Exp_23_Feb_2020_1945pm,True,False,23,Feb,2020,1945,,3300.0,0.9166666666666666,2.3999999999999773
2019_2020_analysed,Exp_23_Jan_2020_0045am,True,False,23,Jan,2020,0045,,3300.0,0.9166666666666666,2.0000000000001137
2019_2020_analysed,Exp_23_Nov_2019_0045am,True,False,23,Nov,2019,0045,,3000.0,0.8333333333333334,0.40000000000009095
2019_2020_analysed,Exp_23_Nov_2019_0545am,True,False,23,Nov,2019,0545,,3000.0,0.8333333333333334,3.200000000000273
2019_2020_analysed,Exp_23_Nov_2019_0845am,True,False,23,Nov,2019,0845,,3000.0,0.8333333333333334,23.2000000000003
2019_2020_analysed,Exp_23_Nov_2019_0945am,True,False,23,Nov,2019,0945,,3000.0,0.8333333333333334,72.40000000000157
2019_2020_analysed,Exp_23_Nov_2019_1145am,True,False,23,Nov,2019,1145,,3000.0,0.8333333333333334,116.79999999999905
2019_2020_analysed,Exp_23_Nov_2019_1245pm,True,False,23,Nov,2019,1245,,3000.0,0.8333333333333334,54.000000000002565
2019_2020_analysed,Exp_23_Nov_2019_1345pm,True,False,23,Nov,2019,1345,,3000.0,0.8333333333333334,145.59999999999758
2019_2020_analysed,Exp_23_Nov_2019_1545pm,True,False,23,Nov,2019,1545,,3000.0,0.8333333333333334,89.59999999999911
2019_2020_analysed,Exp_23_Nov_2019_1845pm,True,False,23,Nov,2019,1845,,3000.0,0.8333333333333334,6.400000000000176
2019_2020_analysed,Exp_24_Dec_2019_0045am,True,False,24,Dec,2019,0045,,3300.0,0.9166666666666666,5.200000000000273
2019_2020_analysed,Exp_24_Dec_2019_0545am,True,False,24,Dec,2019,0545,,3300.0,0.9166666666666666,1.1999999999997044
2019_2020_analysed,Exp_24_Dec_2019_0645am,True,False,24,Dec,2019,0645,,3300.0,0.9166666666666666,8.80000000000041
2019_2020_analysed,Exp_24_Dec_2019_0745am,True,False,24,Dec,2019,0745,,3300.0,0.9166666666666666,58.000000000000796
2019_2020_analysed,Exp_24_Dec_2019_0845am,True,False,24,Dec,2019,0845,,3300.0,0.9166666666666666,14.00000000000017
2019_2020_analysed,Exp_24_Dec_2019_0945am,True,False,24,Dec,2019,0945,,3300.0,0.9166666666666666,25.1999999999993
2019_2020_analysed,Exp_24_Dec_2019_1045am,True,False,24,Dec,2019,1045,,3300.0,0.9166666666666666,125.59999999999934
2019_2020_analysed,Exp_24_Dec_2019_1145am,True,False,24,Dec,2019,1145,,3300.0,0.9166666666666666,102.00000000000175
2019_2020_analysed,Exp_24_Dec_2019_1245pm,True,False,24,Dec,2019,1245,,2293.7597708333333,0.6371554918981481,76.39999999999938
2019_2020_analysed,Exp_24_Dec_2019_1345pm,True,False,24,Dec,2019,1345,,3300.0,0.9166666666666666,251.5999999999997
2019_2020_analysed,Exp_24_Dec_2019_1545pm,True,False,24,Dec,2019,1545,,1310.7197708333333,0.36408882523148145,126.79999999999964
2019_2020_analysed,Exp_24_Dec_2019_1745pm,True,False,24,Dec,2019,1745,,283.98910416666666,0.07888586226851851,0.0
2019_2020_analysed,Exp_24_Dec_2019_1945pm,True,False,24,Dec,2019,1945,,3300.0,0.9166666666666666,8.800000000000082
2019_2020_analysed,Exp_24_Feb_2020_0045am,True,False,24,Feb,2020,0045,,3000.0,0.8333333333333334,0.40000000000009095
2019_2020_analysed,Exp_24_Feb_2020_1027am,True,False,24,Feb,2020,1027,,3.3706666666666667,0.0009362962962962963,0.0
2019_2020_analysed,Exp_24_Feb_2020_1045am,True,False,24,Feb,2020,1045,,3000.0,0.8333333333333334,23.19999999999915
2019_2020_analysed,Exp_24_Feb_2020_1145am,True,False,24,Feb,2020,1145,,3000.0,0.8333333333333334,73.20000000000056
2019_2020_analysed,Exp_24_Feb_2020_1345pm,True,False,24,Feb,2020,1345,,3000.0,0.8333333333333334,55.59999999999983
2019_2020_analysed,Exp_24_Feb_2020_1545pm,True,False,24,Feb,2020,1545,,3000.0,0.8333333333333334,67.20000000000078
2019_2020_analysed,Exp_24_Feb_2020_1745pm,True,False,24,Feb,2020,1745,,3000.0,0.8333333333333334,0.39999999999997726
2019_2020_analysed,Exp_24_Feb_2020_1945pm,True,False,24,Feb,2020,1945,,3000.0,0.8333333333333334,1.6000000000000227
2019_2020_analysed,Exp_24_Jan_2020_1724pm,True,False,24,Jan,2020,1724,,3.8826666666666667,0.0010785185185185186,0.0
2019_2020_analysed,Exp_24_Jan_2020_1739pm,True,False,24,Jan,2020,1739,,4.8213333333333335,0.0013392592592592592,0.0
2019_2020_analysed,Exp_24_Jan_2020_1745pm,True,False,24,Jan,2020,1745,,3300.0,0.9166666666666666,5.600000000000705
2019_2020_analysed,Exp_24_Jan_2020_1945pm,True,False,24,Jan,2020,1945,,3300.0,0.9166666666666666,0.0
2019_2020_analysed,Exp_24_Nov_2019_0045am,True,False,24,Nov,2019,0045,,3000.0,0.8333333333333334,0.0
2019_2020_analysed,Exp_24_Nov_2019_0545am,True,False,24,Nov,2019,0545,,3000.0,0.8333333333333334,2.799999999999784
2019_2020_analysed,Exp_24_Nov_2019_0845am,True,False,24,Nov,2019,0845,,3000.0,0.8333333333333334,6.40000000000083
2019_2020_analysed,Exp_24_Nov_2019_0945am,True,False,24,Nov,2019,0945,,3000.0,0.8333333333333334,14.399999999999665
2019_2020_analysed,Exp_24_Nov_2019_1145am,True,False,24,Nov,2019,1145,,3000.0,0.8333333333333334,27.200000000001758
2019_2020_analysed,Exp_24_Nov_2019_1245pm,True,False,24,Nov,2019,1245,,3000.0,0.8333333333333334,87.19999999999862
2019_2020_analysed,Exp_24_Nov_2019_1345pm,True,False,24,Nov,2019,1345,,3000.0,0.8333333333333334,59.19999999999909
2019_2020_analysed,Exp_24_Nov_2019_1545pm,True,False,24,Nov,2019,1545,,3000.0,0.8333333333333334,15.199999999999488
2019_2020_analysed,Exp_24_Nov_2019_1845pm,True,False,24,Nov,2019,1845,,3000.0,0.8333333333333334,27.6000000000005
2019_2020_analysed,Exp_25_Dec_2019_0045am,True,False,25,Dec,2019,0045,,3300.0,0.9166666666666666,0.0
2019_2020_analysed,Exp_25_Dec_2019_0545am,True,False,25,Dec,2019,0545,,3300.0,0.9166666666666666,12.400000000000546
2019_2020_analysed,Exp_25_Dec_2019_0645am,True,False,25,Dec,2019,0645,,3300.0,0.9166666666666666,0.3999999999998636
2019_2020_analysed,Exp_25_Dec_2019_0745am,True,False,25,Dec,2019,0745,,3300.0,0.9166666666666666,93.60000000000025
2019_2020_analysed,Exp_25_Dec_2019_0845am,True,False,25,Dec,2019,0845,,3300.0,0.9166666666666666,25.200000000000443
2019_2020_analysed,Exp_25_Dec_2019_0945am,True,False,25,Dec,2019,0945,,3300.0,0.9166666666666666,7.6000000000004775
2019_2020_analysed,Exp_25_Dec_2019_1045am,True,False,25,Dec,2019,1045,,3300.0,0.9166666666666666,19.199999999999555
2019_2020_analysed,Exp_25_Dec_2019_1145am,True,False,25,Dec,2019,1145,,3300.0,0.9166666666666666,41.19999999999982
2019_2020_analysed,Exp_25_Dec_2019_1245pm,True,False,25,Dec,2019,1245,,3300.0,0.9166666666666666,6.800000000000296
2019_2020_analysed,Exp_25_Dec_2019_1345pm,True,False,25,Dec,2019,1345,,3300.0,0.9166666666666666,66.79999999999927
2019_2020_analysed,Exp_25_Dec_2019_1545pm,True,False,25,Dec,2019,1545,,3300.0,0.9166666666666666,13.20000000000016
2019_2020_analysed,Exp_25_Dec_2019_1745pm,True,False,25,Dec,2019,1745,,3300.0,0.9166666666666666,1.199999999999818
2019_2020_analysed,Exp_25_Dec_2019_1945pm,True,False,25,Dec,2019,1945,,3300.0,0.9166666666666666,0.0
2019_2020_analysed,Exp_25_Jan_2020_0045am,True,False,25,Jan,2020,0045,,3300.0,0.9166666666666666,0.0
2019_2020_analysed,Exp_25_Jan_2020_0545am,True,False,25,Jan,2020,0545,,3300.0,0.9166666666666666,3.199999999999477
2019_2020_analysed,Exp_25_Jan_2020_0645am,True,False,25,Jan,2020,0645,,3300.0,0.9166666666666666,1.9999999999995453
2019_2020_analysed,Exp_25_Jan_2020_0745am,True,False,25,Jan,2020,0745,,3300.0,0.9166666666666666,98.4000000000014
2019_2020_analysed,Exp_25_Jan_2020_0845am,True,False,25,Jan,2020,0845,,3300.0,0.9166666666666666,8.800000000000182
2019_2020_analysed,Exp_25_Jan_2020_0945am,True,False,25,Jan,2020,0945,,3300.0,0.9166666666666666,23.59999999999974
2019_2020_analysed,Exp_25_Jan_2020_1045am,True,False,25,Jan,2020,1045,,3300.0,0.9166666666666666,1.600000000000307
2019_2020_analysed,Exp_25_Jan_2020_1145am,True,False,25,Jan,2020,1145,,3300.0,0.9166666666666666,15.999999999999957
2019_2020_analysed,Exp_25_Jan_2020_1245pm,True,False,25,Jan,2020,1245,,3300.0,0.9166666666666666,0.0
2019_2020_analysed,Exp_25_Jan_2020_1345pm,True,False,25,Jan,2020,1345,,3300.0,0.9166666666666666,3.6000000000000867
2019_2020_analysed,Exp_25_Jan_2020_1545pm,True,False,25,Jan,2020,1545,,3300.0,0.9166666666666666,18.799999999999784
2019_2020_analysed,Exp_25_Jan_2020_1745pm,True,False,25,Jan,2020,1745,,3300.0,0.9166666666666666,52.79999999999876
2019_2020_analysed,Exp_25_Jan_2020_1945pm,True,False,25,Jan,2020,1945,,3300.0,0.9166666666666666,2.400000000000091
2019_2020_analysed,Exp_25_Nov_2019_0045am,True,False,25,Nov,2019,0045,,3000.0,0.8333333333333334,4.39999999999975
2019_2020_analysed,Exp_25_Nov_2019_0545am,True,False,25,Nov,2019,0545,,3000.0,0.8333333333333334,0.799999999999983
2019_2020_analysed,Exp_25_Nov_2019_0845am,True,False,25,Nov,2019,0845,,3000.0,0.8333333333333334,6.400000000000546
2019_2020_analysed,Exp_25_Nov_2019_0945am,True,False,25,Nov,2019,0945,,3000.0,0.8333333333333334,101.99999999999869
2019_2020_analysed,Exp_25_Nov_2019_1145am,True,False,25,Nov,2019,1145,,3000.0,0.8333333333333334,28.799999999999883
2019_2020_analysed,Exp_25_Nov_2019_1245pm,True,False,25,Nov,2019,1245,,3000.0,0.8333333333333334,14.000000000000057
2019_2020_analysed,Exp_25_Nov_2019_1345pm,True,False,25,Nov,2019,1345,,3000.0,0.8333333333333334,72.39999999999907
2019_2020_analysed,Exp_25_Nov_2019_1545pm,True,False,25,Nov,2019,1545,,3000.0,0.8333333333333334,30.800000000000807
2019_2020_analysed,Exp_25_Nov_2019_1845pm,True,False,25,Nov,2019,1845,,3000.0,0.8333333333333334,17.200000000000244
2019_2020_analysed,Exp_26_Dec_2019_0045am,True,False,26,Dec,2019,0045,,3300.0,0.9166666666666666,0.39999999999997726
2019_2020_analysed,Exp_26_Dec_2019_0545am,True,False,26,Dec,2019,0545,,3300.0,0.9166666666666666,7.199999999999989
2019_2020_analysed,Exp_26_Dec_2019_0645am,True,False,26,Dec,2019,0645,,3300.0,0.9166666666666666,35.19999999999999
2019_2020_analysed,Exp_26_Dec_2019_0745am,True,False,26,Dec,2019,0745,,3300.0,0.9166666666666666,29.200000000000045
2019_2020_analysed,Exp_26_Dec_2019_0845am,True,False,26,Dec,2019,0845,,3300.0,0.9166666666666666,109.60000000000053
2019_2020_analysed,Exp_26_Dec_2019_0945am,True,False,26,Dec,2019,0945,,3300.0,0.9166666666666666,33.20000000000006
2019_2020_analysed,Exp_26_Dec_2019_1045am,True,False,26,Dec,2019,1045,,3300.0,0.9166666666666666,196.4000000000005
2019_2020_analysed,Exp_26_Dec_2019_1145am,True,False,26,Dec,2019,1145,,3300.0,0.9166666666666666,42.799999999998676
2019_2020_analysed,Exp_26_Dec_2019_1245pm,True,False,26,Dec,2019,1245,,3300.0,0.9166666666666666,110.40000000000003
2019_2020_analysed,Exp_26_Dec_2019_1345pm,True,False,26,Dec,2019,1345,,3300.0,0.9166666666666666,74.00000000000085
2019_2020_analysed,Exp_26_Dec_2019_1545pm,True,False,26,Dec,2019,1545,,3300.0,0.9166666666666666,58.39999999999995
2019_2020_analysed,Exp_26_Dec_2019_1745pm,True,False,26,Dec,2019,1745,,3300.0,0.9166666666666666,3.999999999999801
2019_2020_analysed,Exp_26_Dec_2019_1945pm,True,False,26,Dec,2019,1945,,3300.0,0.9166666666666666,4.799999999999926
2019_2020_analysed,Exp_26_Feb_2020_1345pm,True,False,26,Feb,2020,1345,,3000.0,0.8333333333333334,59.599999999999035
2019_2020_analysed,Exp_26_Feb_2020_1711pm,True,False,26,Feb,2020,1711,,6.272,0.0017422222222222223,0.0
2019_2020_analysed,Exp_26_Feb_2020_1728pm,True,False,26,Feb,2020,1728,,190.42133333333334,0.05289481481481482,1.6000000000000014
2019_2020_analysed,Exp_26_Feb_2020_1745pm,True,False,26,Feb,2020,1745,,3000.0,0.8333333333333334,16.39999999999985
2019_2020_analysed,Exp_26_Feb_2020_1945pm,True,False,26,Feb,2020,1945,,3000.0,0.8333333333333334,2.0
2019_2020_analysed,Exp_26_Jan_2020_0045am,True,False,26,Jan,2020,0045,,3300.0,0.9166666666666666,0.0
2019_2020_analysed,Exp_26_Jan_2020_0545am,True,False,26,Jan,2020,0545,,3300.0,0.9166666666666666,36.79999999999916
2019_2020_analysed,Exp_26_Jan_2020_0645am,True,False,26,Jan,2020,0645,,3300.0,0.9166666666666666,0.40000000000009095
2019_2020_analysed,Exp_26_Jan_2020_0745am,True,False,26,Jan,2020,0745,,3300.0,0.9166666666666666,11.999999999999545
2019_2020_analysed,Exp_26_Jan_2020_0845am,True,False,26,Jan,2020,0845,,3300.0,0.9166666666666666,2.39999999999975
2019_2020_analysed,Exp_26_Jan_2020_0945am,True,False,26,Jan,2020,0945,,3300.0,0.9166666666666666,7.1999999999999815
2019_2020_analysed,Exp_26_Jan_2020_1045am,True,False,26,Jan,2020,1045,,3300.0,0.9166666666666666,19.59999999999866
2019_2020_analysed,Exp_26_Jan_2020_1145am,True,False,26,Jan,2020,1145,,3300.0,0.9166666666666666,24.399999999999537
2019_2020_analysed,Exp_26_Jan_2020_1245pm,True,False,26,Jan,2020,1245,,549.5891041666666,0.1526636400462963,0.0
2019_2020_analysed,Exp_26_Jan_2020_1545pm,True,False,26,Jan,2020,1545,,3300.0,0.9166666666666666,4.799999999999862
2019_2020_analysed,Exp_26_Jan_2020_1745pm,True,False,26,Jan,2020,1745,,3300.0,0.9166666666666666,5.599999999999795
2019_2020_analysed,Exp_26_Jan_2020_1945pm,True,False,26,Jan,2020,1945,,3300.0,0.9166666666666666,7.199999999999648
2019_2020_analysed,Exp_26_Nov_2019_0045am,True,False,26,Nov,2019,0045,,3000.0,0.8333333333333334,5.999999999999931
2019_2020_analysed,Exp_26_Nov_2019_0545am,True,False,26,Nov,2019,0545,,3000.0,0.8333333333333334,4.800000000000267
2019_2020_analysed,Exp_26_Nov_2019_0845am,True,False,26,Nov,2019,0845,,3000.0,0.8333333333333334,10.799999999999912
2019_2020_analysed,Exp_26_Nov_2019_0945am,True,False,26,Nov,2019,0945,,3000.0,0.8333333333333334,20.799999999999443
2019_2020_analysed,Exp_26_Nov_2019_1145am,True,False,26,Nov,2019,1145,,3000.0,0.8333333333333334,78.80000000000106
2019_2020_analysed,Exp_26_Nov_2019_1245pm,True,False,26,Nov,2019,1245,,3000.0,0.8333333333333334,31.99999999999846
2019_2020_analysed,Exp_26_Nov_2019_1345pm,True,False,26,Nov,2019,1345,,3000.0,0.8333333333333334,105.60000000000235
2019_2020_analysed,Exp_26_Nov_2019_1545pm,True,False,26,Nov,2019,1545,,3000.0,0.8333333333333334,62.400000000000304
2019_2020_analysed,Exp_26_Nov_2019_1845pm,True,False,26,Nov,2019,1845,,3000.0,0.8333333333333334,7.999999999999574
2019_2020_analysed,Exp_27_Dec_2019_0045am,True,False,27,Dec,2019,0045,,3300.0,0.9166666666666666,0.40000000000009095
2019_2020_analysed,Exp_27_Feb_2020_0045am,True,False,27,Feb,2020,0045,,3000.0,0.8333333333333334,0.0
2019_2020_analysed,Exp_27_Feb_2020_0545am,True,False,27,Feb,2020,0545,,3000.0,0.8333333333333334,1.599999999999966
2019_2020_analysed,Exp_27_Feb_2020_0645am,True,False,27,Feb,2020,0645,,3000.0,0.8333333333333334,3.60000000000025
2019_2020_analysed,Exp_27_Feb_2020_0745am,True,False,27,Feb,2020,0745,,3000.0,0.8333333333333334,104.80000000000308
2019_2020_analysed,Exp_27_Feb_2020_0845am,True,False,27,Feb,2020,0845,,3000.0,0.8333333333333334,42.39999999999981
2019_2020_analysed,Exp_27_Feb_2020_0945am,True,False,27,Feb,2020,0945,,3000.0,0.8333333333333334,73.20000000000127
2019_2020_analysed,Exp_27_Feb_2020_1045am,True,False,27,Feb,2020,1045,,3000.0,0.8333333333333334,54.40000000000025
2019_2020_analysed,Exp_27_Feb_2020_1320pm,True,False,27,Feb,2020,1320,,2.1333333333333333,0.0005925925925925926,0.0
2019_2020_analysed,Exp_27_Feb_2020_1545pm,True,False,27,Feb,2020,1545,,3000.0,0.8333333333333334,12.800000000000978
2019_2020_analysed,Exp_27_Feb_2020_1745pm,True,False,27,Feb,2020,1745,,3000.0,0.8333333333333334,1.2000000000000455
2019_2020_analysed,Exp_27_Feb_2020_1945pm,True,False,27,Feb,2020,1945,,3000.0,0.8333333333333334,1.1999999999993634
2019_2020_analysed,Exp_27_Jan_2020_0045am,True,False,27,Jan,2020,0045,,3300.0,0.9166666666666666,1.2000000000002728
2019_2020_analysed,Exp_27_Jan_2020_0545am,True,False,27,Jan,2020,0545,,3300.0,0.9166666666666666,1.5999999999999943
2019_2020_analysed,Exp_27_Jan_2020_0645am,True,False,27,Jan,2020,0645,,3300.0,0.9166666666666666,8.000000000000469
2019_2020_analysed,Exp_27_Jan_2020_0745am,True,False,27,Jan,2020,0745,,3300.0,0.9166666666666666,5.200000000000273
2019_2020_analysed,Exp_27_Jan_2020_0845am,True,False,27,Jan,2020,0845,,3300.0,0.9166666666666666,6.000000000000568
2019_2020_analysed,Exp_27_Jan_2020_0945am,True,False,27,Jan,2020,0945,,3300.0,0.9166666666666666,117.59999999999965
2019_2020_analysed,Exp_27_Jan_2020_1045am,True,False,27,Jan,2020,1045,,3300.0,0.9166666666666666,14.39999999999985
2019_2020_analysed,Exp_27_Jan_2020_1145am,True,False,27,Jan,2020,1145,,3300.0,0.9166666666666666,103.99999999999949
2019_2020_analysed,Exp_27_Jan_2020_1245pm,True,False,27,Jan,2020,1245,,3300.0,0.9166666666666666,1.200000000000088
2019_2020_analysed,Exp_27_Jan_2020_1345pm,True,False,27,Jan,2020,1345,,3300.0,0.9166666666666666,0.40000000000009095
2019_2020_analysed,Exp_27_Jan_2020_1545pm,True,False,27,Jan,2020,1545,,3300.0,0.9166666666666666,21.200000000000273
2019_2020_analysed,Exp_27_Jan_2020_1745pm,True,False,27,Jan,2020,1745,,3300.0,0.9166666666666666,3.1999999999998536
2019_2020_analysed,Exp_27_Jan_2020_1945pm,True,False,27,Jan,2020,1945,,3300.0,0.9166666666666666,0.0
2019_2020_analysed,Exp_27_Nov_2019_0045am,True,False,27,Nov,2019,0045,,3000.0,0.8333333333333334,4.7999999999997485
2019_2020_analysed,Exp_27_Nov_2019_0545am,True,False,27,Nov,2019,0545,,3000.0,0.8333333333333334,0.40000000000009095
2019_2020_analysed,Exp_27_Nov_2019_0845am,True,False,27,Nov,2019,0845,,3000.0,0.8333333333333334,9.19999999999959
2019_2020_analysed,Exp_27_Nov_2019_0945am,True,False,27,Nov,2019,0945,,3000.0,0.8333333333333334,19.600000000000012
2019_2020_analysed,Exp_27_Nov_2019_1145am,True,False,27,Nov,2019,1145,,3000.0,0.8333333333333334,155.1999999999975
2019_2020_analysed,Exp_27_Nov_2019_1245pm,True,False,27,Nov,2019,1245,,3000.0,0.8333333333333334,21.199999999999605
2019_2020_analysed,Exp_27_Nov_2019_1345pm,True,False,27,Nov,2019,1345,,3000.0,0.8333333333333334,24.80000000000127
2019_2020_analysed,Exp_27_Nov_2019_1545pm,True,False,27,Nov,2019,1545,,3000.0,0.8333333333333334,47.60000000000009
2019_2020_analysed,Exp_27_Nov_2019_1845pm,True,False,27,Nov,2019,1845,,3000.0,0.8333333333333334,0.0
2019_2020_analysed,Exp_28_Dec_2019_1745pm,True,False,28,Dec,2019,1745,,3300.0,0.9166666666666666,6.400000000000318
2019_2020_analysed,Exp_28_Dec_2019_1945pm,True,False,28,Dec,2019,1945,,3300.0,0.9166666666666666,29.19999999999959
2019_2020_analysed,Exp_28_Feb_2020_0045am,True,False,28,Feb,2020,0045,,3000.0,0.8333333333333334,1.2000000000000455
2019_2020_analysed,Exp_28_Feb_2020_0545am,True,False,28,Feb,2020,0545,,3000.0,0.8333333333333334,1.6000000000003638
2019_2020_analysed,Exp_28_Feb_2020_0645am,True,False,28,Feb,2020,0645,,3000.0,0.8333333333333334,3.59999999999917
2019_2020_analysed,Exp_28_Feb_2020_0745am,True,False,28,Feb,2020,0745,,3000.0,0.8333333333333334,48.40000000000015
2019_2020_analysed,Exp_28_Feb_2020_0845am,True,False,28,Feb,2020,0845,,3000.0,0.8333333333333334,225.20000000000147
2019_2020_analysed,Exp_28_Feb_2020_0945am,True,False,28,Feb,2020,0945,,3000.0,0.8333333333333334,20.000000000000387
2019_2020_analysed,Exp_28_Feb_2020_1045am,True,False,28,Feb,2020,1045,,3000.0,0.8333333333333334,37.200000000001
2019_2020_analysed,Exp_28_Feb_2020_1145am,True,False,28,Feb,2020,1145,,3000.0,0.8333333333333334,59.19999999999848
2019_2020_analysed,Exp_28_Feb_2020_1245pm,True,False,28,Feb,2020,1245,,3000.0,0.8333333333333334,22.7999999999996
2019_2020_analysed,Exp_28_Feb_2020_1345pm,True,False,28,Feb,2020,1345,,3000.0,0.8333333333333334,60.79999999999996
2019_2020_analysed,Exp_28_Feb_2020_1545pm,True,False,28,Feb,2020,1545,,3000.0,0.8333333333333334,26.399999999998442
2019_2020_analysed,Exp_28_Feb_2020_1745pm,True,False,28,Feb,2020,1745,,3000.0,0.8333333333333334,1.9999999999997726
2019_2020_analysed,Exp_28_Feb_2020_1945pm,True,False,28,Feb,2020,1945,,3000.0,0.8333333333333334,2.4000000000003183
2019_2020_analysed,Exp_28_Jan_2020_0045am,True,False,28,Jan,2020,0045,,3300.0,0.9166666666666666,0.3999999999998636
2019_2020_analysed,Exp_28_Jan_2020_0545am,True,False,28,Jan,2020,0545,,3300.0,0.9166666666666666,4.7999999999996135
2019_2020_analysed,Exp_28_Jan_2020_0645am,True,False,28,Jan,2020,0645,,3300.0,0.9166666666666666,2.800000000000125
2019_2020_analysed,Exp_28_Jan_2020_0745am,True,False,28,Jan,2020,0745,,3300.0,0.9166666666666666,15.199999999998795
2019_2020_analysed,Exp_28_Jan_2020_0845am,True,False,28,Jan,2020,0845,,3300.0,0.9166666666666666,14.000000000000227
2019_2020_analysed,Exp_28_Jan_2020_0945am,True,False,28,Jan,2020,0945,,3300.0,0.9166666666666666,171.99999999999926
2019_2020_analysed,Exp_28_Jan_2020_1045am,True,False,28,Jan,2020,1045,,3300.0,0.9166666666666666,38.39999999999938
2019_2020_analysed,Exp_28_Jan_2020_1145am,True,False,28,Jan,2020,1145,,3300.0,0.9166666666666666,54.79999999999947
2019_2020_analysed,Exp_28_Jan_2020_1245pm,True,False,28,Jan,2020,1245,,3300.0,0.9166666666666666,58.79999999999901
2019_2020_analysed,Exp_28_Jan_2020_1345pm,True,False,28,Jan,2020,1345,,3300.0,0.9166666666666666,89.59999999999954
2019_2020_analysed,Exp_28_Jan_2020_1545pm,True,False,28,Jan,2020,1545,,3300.0,0.9166666666666666,82.79999999999939
2019_2020_analysed,Exp_28_Jan_2020_1745pm,True,False,28,Jan,2020,1745,,3300.0,0.9166666666666666,27.200000000000614
2019_2020_analysed,Exp_28_Jan_2020_1945pm,True,False,28,Jan,2020,1945,,3300.0,0.9166666666666666,10.400000000000432
2019_2020_analysed,Exp_28_Nov_2019_0045am,True,False,28,Nov,2019,0045,,3000.0,0.8333333333333334,0.7999999999997272
2019_2020_analysed,Exp_28_Nov_2019_0545am,True,False,28,Nov,2019,0545,,3000.0,0.8333333333333334,1.6000000000001364
2019_2020_analysed,Exp_28_Nov_2019_0845am,True,False,28,Nov,2019,0845,,3000.0,0.8333333333333334,9.999999999998806
2019_2020_analysed,Exp_28_Nov_2019_0945am,True,False,28,Nov,2019,0945,,3000.0,0.8333333333333334,122.00000000000058
2019_2020_analysed,Exp_28_Nov_2019_1145am,True,False,28,Nov,2019,1145,,3000.0,0.8333333333333334,18.399999999999224
2019_2020_analysed,Exp_28_Nov_2019_1245pm,True,False,28,Nov,2019,1245,,3000.0,0.8333333333333334,94.80000000000331
2019_2020_analysed,Exp_28_Nov_2019_1345pm,True,False,28,Nov,2019,1345,,3000.0,0.8333333333333334,90.40000000000181
2019_2020_analysed,Exp_28_Nov_2019_1545pm,True,False,28,Nov,2019,1545,,3000.0,0.8333333333333334,73.59999999999961
2019_2020_analysed,Exp_28_Nov_2019_1845pm,True,False,28,Nov,2019,1845,,3000.0,0.8333333333333334,0.0
2019_2020_analysed,Exp_29_Feb_2020_0045am,True,False,29,Feb,2020,0045,,3000.0,0.8333333333333334,0.0
2019_2020_analysed,Exp_29_Feb_2020_0545am,True,False,29,Feb,2020,0545,,3000.0,0.8333333333333334,8.799999999998647
2019_2020_analysed,Exp_29_Feb_2020_0645am,True,False,29,Feb,2020,0645,,3000.0,0.8333333333333334,4.799999999999841
2019_2020_analysed,Exp_29_Feb_2020_0745am,True,False,29,Feb,2020,0745,,3000.0,0.8333333333333334,8.400000000000716
2019_2020_analysed,Exp_29_Feb_2020_0845am,True,False,29,Feb,2020,0845,,3000.0,0.8333333333333334,32.40000000000083
2019_2020_analysed,Exp_29_Feb_2020_0945am,True,False,29,Feb,2020,0945,,3000.0,0.8333333333333334,42.39999999999982
2019_2020_analysed,Exp_29_Feb_2020_1045am,True,False,29,Feb,2020,1045,,3000.0,0.8333333333333334,128.3999999999997
2019_2020_analysed,Exp_29_Feb_2020_1145am,True,False,29,Feb,2020,1145,,3000.0,0.8333333333333334,55.599999999999184
2019_2020_analysed,Exp_29_Feb_2020_1245pm,True,False,29,Feb,2020,1245,,3000.0,0.8333333333333334,84.40000000000066
2019_2020_analysed,Exp_29_Feb_2020_1345pm,True,False,29,Feb,2020,1345,,3000.0,0.8333333333333334,32.7999999999991
2019_2020_analysed,Exp_29_Feb_2020_1545pm,True,False,29,Feb,2020,1545,,3000.0,0.8333333333333334,19.600000000000477
2019_2020_analysed,Exp_29_Feb_2020_1745pm,True,False,29,Feb,2020,1745,,3000.0,0.8333333333333334,2.399999999999693
2019_2020_analysed,Exp_29_Feb_2020_1945pm,True,False,29,Feb,2020,1945,,3000.0,0.8333333333333334,1.199999999999477
2019_2020_analysed,Exp_29_Jan_2020_0045am,True,False,29,Jan,2020,0045,,3300.0,0.9166666666666666,1.2000000000000455
2019_2020_analysed,Exp_29_Jan_2020_0545am,True,False,29,Jan,2020,0545,,3300.0,0.9166666666666666,0.39999999999997726
2019_2020_analysed,Exp_29_Jan_2020_0645am,True,False,29,Jan,2020,0645,,3300.0,0.9166666666666666,0.7999999999996135
2019_2020_analysed,Exp_29_Jan_2020_0745am,True,False,29,Jan,2020,0745,,3300.0,0.9166666666666666,27.599999999999454
2019_2020_analysed,Exp_29_Jan_2020_0845am,True,False,29,Jan,2020,0845,,3300.0,0.9166666666666666,7.600000000000762
2019_2020_analysed,Exp_29_Jan_2020_0945am,True,False,29,Jan,2020,0945,,3300.0,0.9166666666666666,61.60000000000073
2019_2020_analysed,Exp_29_Jan_2020_1045am,True,False,29,Jan,2020,1045,,3300.0,0.9166666666666666,79.19999999999993
2019_2020_analysed,Exp_29_Jan_2020_1145am,True,False,29,Jan,2020,1145,,3300.0,0.9166666666666666,125.99999999999943
2019_2020_analysed,Exp_29_Jan_2020_1245pm,True,False,29,Jan,2020,1245,,3300.0,0.9166666666666666,45.2000000000027
2019_2020_analysed,Exp_29_Jan_2020_1345pm,True,False,29,Jan,2020,1345,,3300.0,0.9166666666666666,25.199999999998646
2019_2020_analysed,Exp_29_Jan_2020_1545pm,True,False,29,Jan,2020,1545,,3300.0,0.9166666666666666,157.19999999999987
2019_2020_analysed,Exp_29_Jan_2020_1745pm,True,False,29,Jan,2020,1745,,3300.0,0.9166666666666666,5.599999999999227
2019_2020_analysed,Exp_29_Jan_2020_1945pm,True,False,29,Jan,2020,1945,,3300.0,0.9166666666666666,2.4000000000000057
2019_2020_analysed,Exp_30_Jan_2020_0045am,True,False,30,Jan,2020,0045,,3300.0,0.9166666666666666,0.40000000000009095
2019_2020_analysed,Exp_30_Jan_2020_0545am,True,False,30,Jan,2020,0545,,3300.0,0.9166666666666666,7.200000000000273
2019_2020_analysed,Exp_30_Jan_2020_0645am,True,False,30,Jan,2020,0645,,3300.0,0.9166666666666666,4.799999999999862
2019_2020_analysed,Exp_30_Jan_2020_0745am,True,False,30,Jan,2020,0745,,3300.0,0.9166666666666666,8.800000000000864
2019_2020_analysed,Exp_30_Jan_2020_0845am,True,False,30,Jan,2020,0845,,3300.0,0.9166666666666666,10.79999999999967
2019_2020_analysed,Exp_30_Jan_2020_0945am,True,False,30,Jan,2020,0945,,3300.0,0.9166666666666666,23.2000000000006
2019_2020_analysed,Exp_30_Jan_2020_1045am,True,False,30,Jan,2020,1045,,3300.0,0.9166666666666666,31.999999999999865
2019_2020_analysed,Exp_30_Jan_2020_1145am,True,False,30,Jan,2020,1145,,3300.0,0.9166666666666666,44.39999999999945
2019_2020_analysed,Exp_30_Jan_2020_1245pm,True,False,30,Jan,2020,1245,,3300.0,0.9166666666666666,151.60000000000065
2019_2020_analysed,Exp_30_Jan_2020_1345pm,True,False,30,Jan,2020,1345,,3300.0,0.9166666666666666,49.20000000000008
2019_2020_analysed,Exp_30_Jan_2020_1545pm,True,False,30,Jan,2020,1545,,3300.0,0.9166666666666666,42.400000000001846
2019_2020_analysed,Exp_30_Jan_2020_1745pm,True,False,30,Jan,2020,1745,,3300.0,0.9166666666666666,0.7999999999997272
2019_2020_analysed,Exp_30_Jan_2020_1945pm,True,False,30,Jan,2020,1945,,3300.0,0.9166666666666666,3.9999999999999716
2019_2020_analysed,Exp_31_Dec_2019_1345pm,True,False,31,Dec,2019,1345,,3300.0,0.9166666666666666,91.19999999999823
2019_2020_analysed,Exp_31_Dec_2019_1545pm,True,False,31,Dec,2019,1545,,3300.0,0.9166666666666666,142.00000000000102
2019_2020_analysed,Exp_31_Dec_2019_1745pm,True,False,31,Dec,2019,1745,,3300.0,0.9166666666666666,23.600000000000378
2019_2020_analysed,Exp_31_Dec_2019_1945pm,True,False,31,Dec,2019,1945,,3300.0,0.9166666666666666,14.79999999999984
2019_2020_analysed,Exp_31_Jan_2020_0045am,True,False,31,Jan,2020,0045,,3300.0,0.9166666666666666,0.0
2019_2020_analysed,Exp_31_Jan_2020_0545am,True,False,31,Jan,2020,0545,,3300.0,0.9166666666666666,0.8000000000001819
2019_2020_analysed,Exp_31_Jan_2020_0645am,True,False,31,Jan,2020,0645,,3300.0,0.9166666666666666,12.000000000000135
2019_2020_analysed,Exp_31_Jan_2020_0745am,True,False,31,Jan,2020,0745,,3300.0,0.9166666666666666,31.999999999999414
2019_2020_analysed,Exp_31_Jan_2020_0845am,True,False,31,Jan,2020,0845,,3300.0,0.9166666666666666,11.999999999998408
2019_2020_analysed,Exp_31_Jan_2020_0945am,True,False,31,Jan,2020,0945,,3300.0,0.9166666666666666,19.2000000000008
2019_2020_analysed,Exp_31_Jan_2020_1045am,True,False,31,Jan,2020,1045,,3300.0,0.9166666666666666,102.00000000000188
2019_2020_analysed,Exp_31_Jan_2020_1145am,True,False,31,Jan,2020,1145,,3300.0,0.9166666666666666,98.79999999999954
2019_2020_analysed,Exp_31_Jan_2020_1245pm,True,False,31,Jan,2020,1245,,3300.0,0.9166666666666666,98.00000000000253
2019_2020_analysed,Exp_31_Jan_2020_1345pm,True,False,31,Jan,2020,1345,,3300.0,0.9166666666666666,137.99999999999815
2019_2020_analysed,Exp_31_Jan_2020_1545pm,True,False,31,Jan,2020,1545,,3300.0,0.9166666666666666,62.399999999999864
2019_2020_analysed,Exp_31_Jan_2020_1745pm,True,False,31,Jan,2020,1745,,3300.0,0.9166666666666666,2.0000000000001137
2019_2020_analysed,Exp_31_Jan_2020_1945pm,True,False,31,Jan,2020,1945,,3300.0,0.9166666666666666,0.7999999999996135
2021_analysed,Exp_01_Apr_2021_0045am,True,False,01,Apr,2021,0045,,3000.0,0.8333333333333334,0.8000000000001819
2021_analysed,Exp_01_Apr_2021_0645am,True,False,01,Apr,2021,0645,,3000.0,0.8333333333333334,0.0
2021_analysed,Exp_01_Apr_2021_0745am,True,False,01,Apr,2021,0745,,3000.0,0.8333333333333334,0.3999999999996362
2021_analysed,Exp_01_Apr_2021_0845am,True,False,01,Apr,2021,0845,,3000.0,0.8333333333333334,5.599999999999596
2021_analysed,Exp_01_Apr_2021_0945am,True,False,01,Apr,2021,0945,,3000.0,0.8333333333333334,20.7999999999995
2021_analysed,Exp_01_Apr_2021_1045am,True,False,01,Apr,2021,1045,,3000.0,0.8333333333333334,7.999999999999488
2021_analysed,Exp_01_Apr_2021_1145am,True,False,01,Apr,2021,1145,,3000.0,0.8333333333333334,77.99999999999989
2021_analysed,Exp_01_Apr_2021_1245pm,True,False,01,Apr,2021,1245,,3000.0,0.8333333333333334,33.999999999999794
2021_analysed,Exp_01_Apr_2021_1345pm,True,False,01,Apr,2021,1345,,3000.0,0.8333333333333334,20.000000000000547
2021_analysed,Exp_01_Apr_2021_1445pm,True,False,01,Apr,2021,1445,,3000.0,0.8333333333333334,116.40000000000049
2021_analysed,Exp_01_Apr_2021_1545pm,True,False,01,Apr,2021,1545,,3000.0,0.8333333333333334,117.20000000000068
2021_analysed,Exp_01_Apr_2021_1645pm,True,False,01,Apr,2021,1645,,3000.0,0.8333333333333334,10.400000000000546
2021_analysed,Exp_01_Apr_2021_1745pm,True,False,01,Apr,2021,1745,,3000.0,0.8333333333333334,6.7999999999994305
2021_analysed,Exp_01_Apr_2021_1945pm,True,False,01,Apr,2021,1945,,3000.0,0.8333333333333334,0.0
2021_analysed,Exp_01_Jun_2021_1311pm,True,False,01,Jun,2021,1311,,16.469333333333335,0.004574814814814815,0.0
2021_analysed,Exp_01_Jun_2021_1445pm,True,False,01,Jun,2021,1445,,3000.0,0.8333333333333334,140.39999999999873
2021_analysed,Exp_01_Jun_2021_1545pm,True,False,01,Jun,2021,1545,,3000.0,0.8333333333333334,306.7999999999988
2021_analysed,Exp_01_Jun_2021_1645pm,True,False,01,Jun,2021,1645,,3000.0,0.8333333333333334,37.20000000000124
2021_analysed,Exp_01_Jun_2021_1745pm,True,False,01,Jun,2021,1745,,3000.0,0.8333333333333334,4.800000000000466
2021_analysed,Exp_01_Jun_2021_1945pm,True,False,01,Jun,2021,1945,,3000.0,0.8333333333333334,3.200000000000273
2021_analysed,Exp_01_Mar_2021_0045am,True,False,01,Mar,2021,0045,,3000.0,0.8333333333333334,0.7999999999999545
2021_analysed,Exp_01_Mar_2021_0645am,True,False,01,Mar,2021,0645,,3000.0,0.8333333333333334,5.199999999999733
2021_analysed,Exp_01_Mar_2021_0745am,True,False,01,Mar,2021,0745,,3000.0,0.8333333333333334,65.60000000000008
2021_analysed,Exp_01_Mar_2021_0845am,True,False,01,Mar,2021,0845,,3000.0,0.8333333333333334,1071.1999999999998
2021_analysed,Exp_01_Mar_2021_0945am,True,False,01,Mar,2021,0945,,3000.0,0.8333333333333334,655.9999999999985
2021_analysed,Exp_01_Mar_2021_1045am,True,False,01,Mar,2021,1045,,3000.0,0.8333333333333334,463.2000000000022
2021_analysed,Exp_01_Mar_2021_1145am,True,False,01,Mar,2021,1145,,3000.0,0.8333333333333334,394.7999999999988
2021_analysed,Exp_01_Mar_2021_1245pm,True,False,01,Mar,2021,1245,,3000.0,0.8333333333333334,171.60000000000247
2021_analysed,Exp_01_Mar_2021_1345pm,True,False,01,Mar,2021,1345,,3000.0,0.8333333333333334,252.39999999999947
2021_analysed,Exp_01_Mar_2021_1445pm,True,False,01,Mar,2021,1445,,3000.0,0.8333333333333334,43.60000000000096
2021_analysed,Exp_01_Mar_2021_1545pm,True,False,01,Mar,2021,1545,,3000.0,0.8333333333333334,259.9999999999983
2021_analysed,Exp_01_Mar_2021_1645pm,True,False,01,Mar,2021,1645,,3000.0,0.8333333333333334,11.599999999999284
2021_analysed,Exp_01_Mar_2021_1745pm,True,False,01,Mar,2021,1745,,3000.0,0.8333333333333334,9.999999999999659
2021_analysed,Exp_01_Mar_2021_1945pm,True,False,01,Mar,2021,1945,,3000.0,0.8333333333333334,1.2000000000000455
2021_analysed,Exp_01_May_2021_0045am,True,False,01,May,2021,0045,,3000.0,0.8333333333333334,0.40000000000009095
2021_analysed,Exp_01_May_2021_0645am,True,False,01,May,2021,0645,,3000.0,0.8333333333333334,0.8000000000001819
2021_analysed,Exp_01_May_2021_0745am,True,False,01,May,2021,0745,,3000.0,0.8333333333333334,3.200000000000159
2021_analysed,Exp_01_May_2021_0845am,True,False,01,May,2021,0845,,3000.0,0.8333333333333334,32.400000000000375
2021_analysed,Exp_01_May_2021_0945am,True,False,01,May,2021,0945,,3000.0,0.8333333333333334,193.99999999999966
2021_analysed,Exp_01_May_2021_1045am,True,False,01,May,2021,1045,,3000.0,0.8333333333333334,33.599999999999596
2021_analysed,Exp_01_May_2021_1145am,True,False,01,May,2021,1145,,3000.0,0.8333333333333334,366.40000000000146
2021_analysed,Exp_01_May_2021_1245pm,True,False,01,May,2021,1245,,3000.0,0.8333333333333334,784.8000000000011
2021_analysed,Exp_01_May_2021_1345pm,True,False,01,May,2021,1345,,3000.0,0.8333333333333334,417.99999999999983
2021_analysed,Exp_01_May_2021_1445pm,True,False,01,May,2021,1445,,3000.0,0.8333333333333334,1008.3999999999992
2021_analysed,Exp_01_May_2021_1545pm,True,False,01,May,2021,1545,,3000.0,0.8333333333333334,313.99999999999864
2021_analysed,Exp_01_May_2021_1645pm,True,False,01,May,2021,1645,,3000.0,0.8333333333333334,16.799999999999784
2021_analysed,Exp_01_May_2021_1745pm,True,False,01,May,2021,1745,,3000.0,0.8333333333333334,0.3999999999998636
2021_analysed,Exp_01_May_2021_1945pm,True,False,01,May,2021,1945,,3000.0,0.8333333333333334,1.2000000000002728
2021_analysed,Exp_02_Apr_2021_0045am,True,False,02,Apr,2021,0045,,3000.0,0.8333333333333334,1.6000000000001364
2021_analysed,Exp_02_Apr_2021_0645am,True,False,02,Apr,2021,0645,,3000.0,0.8333333333333334,5.2000000000003865
2021_analysed,Exp_02_Apr_2021_0745am,True,False,02,Apr,2021,0745,,3000.0,0.8333333333333334,1.5999999999996817
2021_analysed,Exp_02_Apr_2021_0845am,True,False,02,Apr,2021,0845,,3000.0,0.8333333333333334,8.39999999999958
2021_analysed,Exp_02_Apr_2021_0945am,True,False,02,Apr,2021,0945,,3000.0,0.8333333333333334,24.399999999999807
2021_analysed,Exp_02_Apr_2021_1045am,True,False,02,Apr,2021,1045,,3000.0,0.8333333333333334,4.400000000000375
2021_analysed,Exp_02_Apr_2021_1145am,True,False,02,Apr,2021,1145,,3000.0,0.8333333333333334,185.2
2021_analysed,Exp_02_Apr_2021_1245pm,True,False,02,Apr,2021,1245,,3000.0,0.8333333333333334,5.200000000000728
2021_analysed,Exp_02_Apr_2021_1345pm,True,False,02,Apr,2021,1345,,3000.0,0.8333333333333334,190.0000000000014
2021_analysed,Exp_02_Apr_2021_1445pm,True,False,02,Apr,2021,1445,,3000.0,0.8333333333333334,13.200000000000003
2021_analysed,Exp_02_Apr_2021_1545pm,True,False,02,Apr,2021,1545,,3000.0,0.8333333333333334,106.79999999999767
2021_analysed,Exp_02_Apr_2021_1645pm,True,False,02,Apr,2021,1645,,3000.0,0.8333333333333334,5.199999999999591
2021_analysed,Exp_02_Apr_2021_1745pm,True,False,02,Apr,2021,1745,,3000.0,0.8333333333333334,20.00000000000128
2021_analysed,Exp_02_Apr_2021_1945pm,True,False,02,Apr,2021,1945,,3000.0,0.8333333333333334,0.40000000000009095
2021_analysed,Exp_02_Jun_2021_0045am,True,False,02,Jun,2021,0045,,3000.0,0.8333333333333334,1.999999999999659
2021_analysed,Exp_02_Jun_2021_0645am,True,False,02,Jun,2021,0645,,3000.0,0.8333333333333334,0.7999999999999545
2021_analysed,Exp_02_Jun_2021_0745am,True,False,02,Jun,2021,0745,,3000.0,0.8333333333333334,1.2000000000000455
2021_analysed,Exp_02_Jun_2021_0845am,True,False,02,Jun,2021,0845,,3000.0,0.8333333333333334,5.600000000000364
2021_analysed,Exp_02_Jun_2021_0945am,True,False,02,Jun,2021,0945,,3000.0,0.8333333333333334,24.00000000000044
2021_analysed,Exp_02_Jun_2021_1045am,True,False,02,Jun,2021,1045,,3000.0,0.8333333333333334,47.199999999998624
2021_analysed,Exp_02_Jun_2021_1145am,True,False,02,Jun,2021,1145,,3000.0,0.8333333333333334,168.39999999999966
2021_analysed,Exp_02_Jun_2021_1245pm,True,False,02,Jun,2021,1245,,3000.0,0.8333333333333334,15.19999999999996
2021_analysed,Exp_02_Jun_2021_1345pm,True,False,02,Jun,2021,1345,,3000.0,0.8333333333333334,302.0000000000008
2021_analysed,Exp_02_Jun_2021_1445pm,True,False,02,Jun,2021,1445,,3000.0,0.8333333333333334,24.399999999999743
2021_analysed,Exp_02_Jun_2021_1545pm,True,False,02,Jun,2021,1545,,3000.0,0.8333333333333334,195.60000000000036
2021_analysed,Exp_02_Jun_2021_1645pm,True,False,02,Jun,2021,1645,,3000.0,0.8333333333333334,116.00000000000043
2021_analysed,Exp_02_Jun_2021_1745pm,True,False,02,Jun,2021,1745,,3000.0,0.8333333333333334,140.400000000001
2021_analysed,Exp_02_Jun_2021_1945pm,True,False,02,Jun,2021,1945,,3000.0,0.8333333333333334,1.6000000000001364
2021_analysed,Exp_02_Mar_2021_0045am,True,False,02,Mar,2021,0045,,3000.0,0.8333333333333334,0.0
2021_analysed,Exp_02_Mar_2021_0645am,True,False,02,Mar,2021,0645,,3000.0,0.8333333333333334,9.600000000000051
2021_analysed,Exp_02_Mar_2021_0745am,True,False,02,Mar,2021,0745,,3000.0,0.8333333333333334,10.400000000001022
2021_analysed,Exp_02_Mar_2021_0845am,True,False,02,Mar,2021,0845,,3000.0,0.8333333333333334,564.8000000000027
2021_analysed,Exp_02_Mar_2021_0945am,True,False,02,Mar,2021,0945,,3000.0,0.8333333333333334,280.7999999999971
2021_analysed,Exp_02_Mar_2021_1045am,True,False,02,Mar,2021,1045,,3000.0,0.8333333333333334,61.20000000000117
2021_analysed,Exp_02_Mar_2021_1145am,True,False,02,Mar,2021,1145,,3000.0,0.8333333333333334,100.79999999999961
2021_analysed,Exp_02_Mar_2021_1245pm,True,False,02,Mar,2021,1245,,3000.0,0.8333333333333334,127.59999999999988
2021_analysed,Exp_02_Mar_2021_1345pm,True,False,02,Mar,2021,1345,,3000.0,0.8333333333333334,322.3999999999995
2021_analysed,Exp_02_Mar_2021_1445pm,True,False,02,Mar,2021,1445,,3000.0,0.8333333333333334,112.0000000000003
2021_analysed,Exp_02_Mar_2021_1545pm,True,False,02,Mar,2021,1545,,3000.0,0.8333333333333334,358.40000000000106
2021_analysed,Exp_02_Mar_2021_1645pm,True,False,02,Mar,2021,1645,,3000.0,0.8333333333333334,57.59999999999988
2021_analysed,Exp_02_Mar_2021_1745pm,True,False,02,Mar,2021,1745,,3000.0,0.8333333333333334,2.8000000000005514
2021_analysed,Exp_02_Mar_2021_1945pm,True,False,02,Mar,2021,1945,,3000.0,0.8333333333333334,4.800000000000239
2021_analysed,Exp_02_May_2021_0045am,True,False,02,May,2021,0045,,3000.0,0.8333333333333334,0.7999999999994998
2021_analysed,Exp_02_May_2021_0645am,True,False,02,May,2021,0645,,3000.0,0.8333333333333334,3.199999999999932
2021_analysed,Exp_02_May_2021_0745am,True,False,02,May,2021,0745,,3000.0,0.8333333333333334,0.7999999999997272
2021_analysed,Exp_02_May_2021_0845am,True,False,02,May,2021,0845,,3000.0,0.8333333333333334,19.200000000000273
2021_analysed,Exp_02_May_2021_0945am,True,False,02,May,2021,0945,,3000.0,0.8333333333333334,319.5999999999989
2021_analysed,Exp_02_May_2021_1045am,True,False,02,May,2021,1045,,3000.0,0.8333333333333334,372.39999999999407
2021_analysed,Exp_02_May_2021_1145am,True,False,02,May,2021,1145,,3000.0,0.8333333333333334,568.4000000000038
2021_analysed,Exp_02_May_2021_1245pm,True,False,02,May,2021,1245,,3000.0,0.8333333333333334,943.5999999999924
2021_analysed,Exp_02_May_2021_1345pm,True,False,02,May,2021,1345,,3000.0,0.8333333333333334,301.2000000000002
2021_analysed,Exp_02_May_2021_1445pm,True,False,02,May,2021,1445,,3000.0,0.8333333333333334,113.60000000000224
2021_analysed,Exp_02_May_2021_1545pm,True,False,02,May,2021,1545,,3000.0,0.8333333333333334,249.99999999999946
2021_analysed,Exp_02_May_2021_1645pm,True,False,02,May,2021,1645,,3000.0,0.8333333333333334,0.7999999999998408
2021_analysed,Exp_02_May_2021_1745pm,True,False,02,May,2021,1745,,3000.0,0.8333333333333334,557.6000000000007
2021_analysed,Exp_02_May_2021_1945pm,True,False,02,May,2021,1945,,3000.0,0.8333333333333334,2.0000000000002274
2021_analysed,Exp_03_Apr_2021_0045am,True,False,03,Apr,2021,0045,,3000.0,0.8333333333333334,1.1999999999997328
2021_analysed,Exp_03_Apr_2021_0645am,True,False,03,Apr,2021,0645,,3000.0,0.8333333333333334,2.0000000000001634
2021_analysed,Exp_03_Apr_2021_0745am,True,False,03,Apr,2021,0745,,3000.0,0.8333333333333334,4.000000000000114
2021_analysed,Exp_03_Apr_2021_0845am,True,False,03,Apr,2021,0845,,3000.0,0.8333333333333334,2.799999999999862
2021_analysed,Exp_03_Apr_2021_0945am,True,False,03,Apr,2021,0945,,3000.0,0.8333333333333334,84.80000000000032
2021_analysed,Exp_03_Apr_2021_1045am,True,False,03,Apr,2021,1045,,3000.0,0.8333333333333334,10.400000000000304
2021_analysed,Exp_03_Apr_2021_1145am,True,False,03,Apr,2021,1145,,3000.0,0.8333333333333334,149.20000000000098
2021_analysed,Exp_03_Apr_2021_1245pm,True,False,03,Apr,2021,1245,,3000.0,0.8333333333333334,20.399999999997803
2021_analysed,Exp_03_Apr_2021_1345pm,True,False,03,Apr,2021,1345,,3000.0,0.8333333333333334,71.1999999999999
2021_analysed,Exp_03_Apr_2021_1445pm,True,False,03,Apr,2021,1445,,3000.0,0.8333333333333334,5.599999999999568
2021_analysed,Exp_03_Apr_2021_1545pm,True,False,03,Apr,2021,1545,,3000.0,0.8333333333333334,166.79999999999993
2021_analysed,Exp_03_Apr_2021_1645pm,True,False,03,Apr,2021,1645,,3000.0,0.8333333333333334,8.400000000000219
2021_analysed,Exp_03_Apr_2021_1745pm,True,False,03,Apr,2021,1745,,3000.0,0.8333333333333334,6.799999999999864
2021_analysed,Exp_03_Apr_2021_1945pm,True,False,03,Apr,2021,1945,,3000.0,0.8333333333333334,1.1999999999999318
2021_analysed,Exp_03_Jun_2021_0045am,True,False,03,Jun,2021,0045,,3000.0,0.8333333333333334,0.0
2021_analysed,Exp_03_Jun_2021_0645am,True,False,03,Jun,2021,0645,,3000.0,0.8333333333333334,9.200000000000216
2021_analysed,Exp_03_Jun_2021_0745am,True,False,03,Jun,2021,0745,,3000.0,0.8333333333333334,20.800000000000296
2021_analysed,Exp_03_Jun_2021_0845am,True,False,03,Jun,2021,0845,,3000.0,0.8333333333333334,28.399999999999295
2021_analysed,Exp_03_Jun_2021_0945am,True,False,03,Jun,2021,0945,,3000.0,0.8333333333333334,42.399999999999714
2021_analysed,Exp_03_Jun_2021_1045am,True,False,03,Jun,2021,1045,,3000.0,0.8333333333333334,1.59999999999971
2021_analysed,Exp_03_Jun_2021_1145am,True,False,03,Jun,2021,1145,,3000.0,0.8333333333333334,24.400000000000084
2021_analysed,Exp_03_Jun_2021_1245pm,True,False,03,Jun,2021,1245,,3000.0,0.8333333333333334,156.39999999999935
2021_analysed,Exp_03_Jun_2021_1345pm,True,False,03,Jun,2021,1345,,3000.0,0.8333333333333334,283.1999999999998
2021_analysed,Exp_03_Jun_2021_1445pm,True,False,03,Jun,2021,1445,,3000.0,0.8333333333333334,40.79999999999869
2021_analysed,Exp_03_Jun_2021_1545pm,True,False,03,Jun,2021,1545,,3000.0,0.8333333333333334,191.5999999999995
2021_analysed,Exp_03_Jun_2021_1645pm,True,False,03,Jun,2021,1645,,3000.0,0.8333333333333334,0.8000000000001819
2021_analysed,Exp_03_Jun_2021_1745pm,True,False,03,Jun,2021,1745,,3000.0,0.8333333333333334,3.2000000000003297
2021_analysed,Exp_03_Jun_2021_1945pm,True,False,03,Jun,2021,1945,,3000.0,0.8333333333333334,1.1999999999993634
2021_analysed,Exp_03_Mar_2021_0045am,True,False,03,Mar,2021,0045,,3000.0,0.8333333333333334,0.8000000000000966
2021_analysed,Exp_03_Mar_2021_0645am,True,False,03,Mar,2021,0645,,3000.0,0.8333333333333334,120.3999999999987
2021_analysed,Exp_03_Mar_2021_0745am,True,False,03,Mar,2021,0745,,3000.0,0.8333333333333334,410.0
2021_analysed,Exp_03_Mar_2021_0845am,True,False,03,Mar,2021,0845,,3000.0,0.8333333333333334,145.99999999999937
2021_analysed,Exp_03_Mar_2021_0945am,True,False,03,Mar,2021,0945,,3000.0,0.8333333333333334,246.80000000000044
2021_analysed,Exp_03_Mar_2021_1045am,True,False,03,Mar,2021,1045,,3000.0,0.8333333333333334,579.2000000000038
2021_analysed,Exp_03_Mar_2021_1145am,True,False,03,Mar,2021,1145,,3000.0,0.8333333333333334,264.3999999999986
2021_analysed,Exp_03_Mar_2021_1245pm,True,False,03,Mar,2021,1245,,3000.0,0.8333333333333334,147.19999999999928
2021_analysed,Exp_03_Mar_2021_1345pm,True,False,03,Mar,2021,1345,,3000.0,0.8333333333333334,313.60000000000286
2021_analysed,Exp_03_Mar_2021_1445pm,True,False,03,Mar,2021,1445,,3000.0,0.8333333333333334,115.59999999999977
2021_analysed,Exp_03_Mar_2021_1545pm,True,False,03,Mar,2021,1545,,3000.0,0.8333333333333334,179.1999999999985
2021_analysed,Exp_03_Mar_2021_1645pm,True,False,03,Mar,2021,1645,,3000.0,0.8333333333333334,75.20000000000073
2021_analysed,Exp_03_Mar_2021_1745pm,True,False,03,Mar,2021,1745,,3000.0,0.8333333333333334,3.6000000000002856
2021_analysed,Exp_03_Mar_2021_1936pm,True,False,03,Mar,2021,1936,,2.8586666666666667,0.0007940740740740741,0.0
2021_analysed,Exp_03_Mar_2021_1945pm,True,False,03,Mar,2021,1945,,3000.0,0.8333333333333334,0.8000000000001251
2021_analysed,Exp_03_May_2021_0045am,True,False,03,May,2021,0045,,3000.0,0.8333333333333334,0.40000000000009095
2021_analysed,Exp_03_May_2021_0645am,True,False,03,May,2021,0645,,3000.0,0.8333333333333334,0.39999999999997726
2021_analysed,Exp_03_May_2021_0745am,True,False,03,May,2021,0745,,3000.0,0.8333333333333334,4.800000000000409
2021_analysed,Exp_03_May_2021_0845am,True,False,03,May,2021,0845,,3000.0,0.8333333333333334,3.1999999999990223
2021_analysed,Exp_03_May_2021_0945am,True,False,03,May,2021,0945,,3000.0,0.8333333333333334,199.60000000000042
2021_analysed,Exp_03_May_2021_1045am,True,False,03,May,2021,1045,,3000.0,0.8333333333333334,51.19999999999993
2021_analysed,Exp_03_May_2021_1145am,True,False,03,May,2021,1145,,3000.0,0.8333333333333334,255.99999999999736
2021_analysed,Exp_03_May_2021_1245pm,True,False,03,May,2021,1245,,3000.0,0.8333333333333334,368.00000000000233
2021_analysed,Exp_03_May_2021_1345pm,True,False,03,May,2021,1345,,3000.0,0.8333333333333334,391.5999999999996
2021_analysed,Exp_03_May_2021_1445pm,True,False,03,May,2021,1445,,3000.0,0.8333333333333334,584.8
2021_analysed,Exp_03_May_2021_1545pm,True,False,03,May,2021,1545,,3000.0,0.8333333333333334,274.00000000000114
2021_analysed,Exp_03_May_2021_1645pm,True,False,03,May,2021,1645,,3000.0,0.8333333333333334,124.39999999999964
2021_analysed,Exp_03_May_2021_1745pm,True,False,03,May,2021,1745,,3000.0,0.8333333333333334,1.6000000000000227
2021_analysed,Exp_03_May_2021_1945pm,True,False,03,May,2021,1945,,3000.0,0.8333333333333334,3.199999999999875
2021_analysed,Exp_04_Apr_2021_0045am,True,False,04,Apr,2021,0045,,3000.0,0.8333333333333334,0.0
2021_analysed,Exp_04_Apr_2021_0645am,True,False,04,Apr,2021,0645,,3000.0,0.8333333333333334,1.2000000000002728
2021_analysed,Exp_04_Apr_2021_0745am,True,False,04,Apr,2021,0745,,3000.0,0.8333333333333334,0.0
2021_analysed,Exp_04_Apr_2021_0845am,True,False,04,Apr,2021,0845,,3000.0,0.8333333333333334,0.40000000000009095
2021_analysed,Exp_04_Apr_2021_0945am,True,False,04,Apr,2021,0945,,3000.0,0.8333333333333334,34.79999999999927
2021_analysed,Exp_04_Apr_2021_1045am,True,False,04,Apr,2021,1045,,3000.0,0.8333333333333334,21.19999999999891
2021_analysed,Exp_04_Apr_2021_1145am,True,False,04,Apr,2021,1145,,3000.0,0.8333333333333334,88.00000000000043
2021_analysed,Exp_04_Apr_2021_1245pm,True,False,04,Apr,2021,1245,,3000.0,0.8333333333333334,6.000000000000028
2021_analysed,Exp_04_Apr_2021_1345pm,True,False,04,Apr,2021,1345,,3000.0,0.8333333333333334,164.79999999999865
2021_analysed,Exp_04_Apr_2021_1445pm,True,False,04,Apr,2021,1445,,3000.0,0.8333333333333334,4.400000000000091
2021_analysed,Exp_04_Apr_2021_1545pm,True,False,04,Apr,2021,1545,,3000.0,0.8333333333333334,101.59999999999984
2021_analysed,Exp_04_Apr_2021_1645pm,True,False,04,Apr,2021,1645,,3000.0,0.8333333333333334,0.8000000000001819
2021_analysed,Exp_04_Apr_2021_1745pm,True,False,04,Apr,2021,1745,,3000.0,0.8333333333333334,0.3999999999996362
2021_analysed,Exp_04_Apr_2021_1945pm,True,False,04,Apr,2021,1945,,3000.0,0.8333333333333334,0.39999999999997726
2021_analysed,Exp_04_Jun_2021_0045am,True,False,04,Jun,2021,0045,,3000.0,0.8333333333333334,48.79999999999895
2021_analysed,Exp_04_Jun_2021_0645am,True,False,04,Jun,2021,0645,,3000.0,0.8333333333333334,1.2000000000000455
2021_analysed,Exp_04_Jun_2021_0745am,True,False,04,Jun,2021,0745,,3000.0,0.8333333333333334,1.2000000000000455
2021_analysed,Exp_04_Jun_2021_0845am,True,False,04,Jun,2021,0845,,3000.0,0.8333333333333334,10.800000000000722
2021_analysed,Exp_04_Jun_2021_0945am,True,False,04,Jun,2021,0945,,3000.0,0.8333333333333334,130.4
2021_analysed,Exp_04_Jun_2021_1045am,True,False,04,Jun,2021,1045,,3000.0,0.8333333333333334,4.400000000000318
2021_analysed,Exp_04_Jun_2021_1145am,True,False,04,Jun,2021,1145,,3000.0,0.8333333333333334,82.79999999999987
2021_analysed,Exp_04_Jun_2021_1245pm,True,False,04,Jun,2021,1245,,3000.0,0.8333333333333334,121.59999999999775
2021_analysed,Exp_04_Jun_2021_1345pm,True,False,04,Jun,2021,1345,,3000.0,0.8333333333333334,238.79999999999978
2021_analysed,Exp_04_Mar_2021_0045am,True,False,04,Mar,2021,0045,,3000.0,0.8333333333333334,0.7999999999999545
2021_analysed,Exp_04_Mar_2021_0645am,True,False,04,Mar,2021,0645,,3000.0,0.8333333333333334,3.199999999999932
2021_analysed,Exp_04_Mar_2021_0745am,True,False,04,Mar,2021,0745,,3000.0,0.8333333333333334,2.000000000000398
2021_analysed,Exp_04_Mar_2021_0845am,True,False,04,Mar,2021,0845,,3000.0,0.8333333333333334,318.40000000000117
2021_analysed,Exp_04_Mar_2021_0945am,True,False,04,Mar,2021,0945,,3000.0,0.8333333333333334,278.00000000000057
2021_analysed,Exp_04_Mar_2021_1045am,True,False,04,Mar,2021,1045,,3000.0,0.8333333333333334,158.79999999999703
2021_analysed,Exp_04_Mar_2021_1145am,True,False,04,Mar,2021,1145,,3000.0,0.8333333333333334,322.79999999999893
2021_analysed,Exp_04_Mar_2021_1245pm,True,False,04,Mar,2021,1245,,3000.0,0.8333333333333334,16.000000000000597
2021_analysed,Exp_04_Mar_2021_1345pm,True,False,04,Mar,2021,1345,,3000.0,0.8333333333333334,104.39999999999935
2021_analysed,Exp_04_Mar_2021_1445pm,True,False,04,Mar,2021,1445,,3000.0,0.8333333333333334,173.20000000000041
2021_analysed,Exp_04_Mar_2021_1545pm,True,False,04,Mar,2021,1545,,3000.0,0.8333333333333334,114.4000000000003
2021_analysed,Exp_04_Mar_2021_1645pm,True,False,04,Mar,2021,1645,,3000.0,0.8333333333333334,9.200000000000642
2021_analysed,Exp_04_Mar_2021_1745pm,True,False,04,Mar,2021,1745,,3000.0,0.8333333333333334,4.800000000000446
2021_analysed,Exp_04_Mar_2021_1945pm,True,False,04,Mar,2021,1945,,3000.0,0.8333333333333334,1.2000000000002728
2021_analysed,Exp_04_May_2021_0045am,True,False,04,May,2021,0045,,3000.0,0.8333333333333334,2.399999999998954
2021_analysed,Exp_04_May_2021_0645am,True,False,04,May,2021,0645,,3000.0,0.8333333333333334,0.40000000000009095
2021_analysed,Exp_04_May_2021_0745am,True,False,04,May,2021,0745,,3000.0,0.8333333333333334,0.0
2021_analysed,Exp_04_May_2021_0845am,True,False,04,May,2021,0845,,3000.0,0.8333333333333334,208.39999999999714
2021_analysed,Exp_04_May_2021_0945am,True,False,04,May,2021,0945,,3000.0,0.8333333333333334,245.99999999999852
2021_analysed,Exp_04_May_2021_1045am,True,False,04,May,2021,1045,,3000.0,0.8333333333333334,539.1999999999982
2021_analysed,Exp_04_May_2021_1145am,True,False,04,May,2021,1145,,3000.0,0.8333333333333334,348.4000000000002
2021_analysed,Exp_04_May_2021_1245pm,True,False,04,May,2021,1245,,3000.0,0.8333333333333334,1220.7999999999997
2021_analysed,Exp_04_May_2021_1345pm,True,False,04,May,2021,1345,,3000.0,0.8333333333333334,551.600000000001
2021_analysed,Exp_04_May_2021_1445pm,True,False,04,May,2021,1445,,3000.0,0.8333333333333334,1100.0000000000005
2021_analysed,Exp_04_May_2021_1545pm,True,False,04,May,2021,1545,,3000.0,0.8333333333333334,217.6000000000006
2021_analysed,Exp_04_May_2021_1645pm,True,False,04,May,2021,1645,,3000.0,0.8333333333333334,3.2000000000005002
2021_analysed,Exp_04_May_2021_1745pm,True,False,04,May,2021,1745,,3000.0,0.8333333333333334,0.40000000000009095
2021_analysed,Exp_04_May_2021_1945pm,True,False,04,May,2021,1945,,3000.0,0.8333333333333334,0.0
2021_analysed,Exp_05_Apr_2021_0045am,True,False,05,Apr,2021,0045,,3000.0,0.8333333333333334,4.800000000000352
2021_analysed,Exp_05_Apr_2021_0645am,True,False,05,Apr,2021,0645,,3000.0,0.8333333333333334,1.1999999999997044
2021_analysed,Exp_05_Apr_2021_0745am,True,False,05,Apr,2021,0745,,3000.0,0.8333333333333334,2.39999999999975
2021_analysed,Exp_05_Apr_2021_0845am,True,False,05,Apr,2021,0845,,3000.0,0.8333333333333334,2.4000000000002046
2021_analysed,Exp_05_Apr_2021_0945am,True,False,05,Apr,2021,0945,,3000.0,0.8333333333333334,142.79999999999941
2021_analysed,Exp_05_Apr_2021_1045am,True,False,05,Apr,2021,1045,,3000.0,0.8333333333333334,1.2000000000002728
2021_analysed,Exp_05_Apr_2021_1145am,True,False,05,Apr,2021,1145,,3000.0,0.8333333333333334,89.99999999999962
2021_analysed,Exp_05_Apr_2021_1245pm,True,False,05,Apr,2021,1245,,3000.0,0.8333333333333334,10.800000000000011
2021_analysed,Exp_05_Apr_2021_1345pm,True,False,05,Apr,2021,1345,,3000.0,0.8333333333333334,2.8000000000001197
2021_analysed,Exp_05_Apr_2021_1445pm,True,False,05,Apr,2021,1445,,3000.0,0.8333333333333334,12.399999999999409
2021_analysed,Exp_05_Apr_2021_1545pm,True,False,05,Apr,2021,1545,,3000.0,0.8333333333333334,3.2000000000003297
2021_analysed,Exp_05_Apr_2021_1645pm,True,False,05,Apr,2021,1645,,3000.0,0.8333333333333334,2.000000000000256
2021_analysed,Exp_05_Apr_2021_1745pm,True,False,05,Apr,2021,1745,,3000.0,0.8333333333333334,2.000000000000263
2021_analysed,Exp_05_Apr_2021_1945pm,True,False,05,Apr,2021,1945,,3000.0,0.8333333333333334,0.0
2021_analysed,Exp_05_Jun_2021_0745am,True,False,05,Jun,2021,0745,,3000.0,0.8333333333333334,2.800000000000068
2021_analysed,Exp_05_Mar_2021_0045am,True,False,05,Mar,2021,0045,,3000.0,0.8333333333333334,0.40000000000009095
2021_analysed,Exp_05_Mar_2021_0645am,True,False,05,Mar,2021,0645,,3000.0,0.8333333333333334,3.200000000000614
2021_analysed,Exp_05_Mar_2021_0745am,True,False,05,Mar,2021,0745,,3000.0,0.8333333333333334,72.80000000000123
2021_analysed,Exp_05_Mar_2021_0845am,True,False,05,Mar,2021,0845,,3000.0,0.8333333333333334,91.999999999999
2021_analysed,Exp_05_Mar_2021_0945am,True,False,05,Mar,2021,0945,,3000.0,0.8333333333333334,328.8000000000013
2021_analysed,Exp_05_Mar_2021_1045am,True,False,05,Mar,2021,1045,,3000.0,0.8333333333333334,84.8000000000034
2021_analysed,Exp_05_Mar_2021_1145am,True,False,05,Mar,2021,1145,,3000.0,0.8333333333333334,305.19999999999715
2021_analysed,Exp_05_Mar_2021_1245pm,True,False,05,Mar,2021,1245,,3000.0,0.8333333333333334,111.1999999999993
2021_analysed,Exp_05_Mar_2021_1345pm,True,False,05,Mar,2021,1345,,3000.0,0.8333333333333334,265.6000000000007
2021_analysed,Exp_05_Mar_2021_1445pm,True,False,05,Mar,2021,1445,,3000.0,0.8333333333333334,257.60000000000065
2021_analysed,Exp_05_Mar_2021_1545pm,True,False,05,Mar,2021,1545,,3000.0,0.8333333333333334,212.39999999999878
2021_analysed,Exp_05_Mar_2021_1645pm,True,False,05,Mar,2021,1645,,3000.0,0.8333333333333334,38.000000000001876
2021_analysed,Exp_05_Mar_2021_1745pm,True,False,05,Mar,2021,1745,,3000.0,0.8333333333333334,1.6000000000000512
2021_analysed,Exp_05_Mar_2021_1945pm,True,False,05,Mar,2021,1945,,3000.0,0.8333333333333334,2.799999999999976
2021_analysed,Exp_05_May_2021_0045am,True,False,05,May,2021,0045,,3000.0,0.8333333333333334,0.0
2021_analysed,Exp_05_May_2021_0645am,True,False,05,May,2021,0645,,3000.0,0.8333333333333334,2.0000000000000213
2021_analysed,Exp_05_May_2021_0745am,True,False,05,May,2021,0745,,3000.0,0.8333333333333334,1.200000000000074
2021_analysed,Exp_05_May_2021_0845am,True,False,05,May,2021,0845,,3000.0,0.8333333333333334,455.60000000000196
2021_analysed,Exp_05_May_2021_0945am,True,False,05,May,2021,0945,,3000.0,0.8333333333333334,250.80000000000024
2021_analysed,Exp_05_May_2021_1045am,True,False,05,May,2021,1045,,3000.0,0.8333333333333334,150.79999999999933
2021_analysed,Exp_05_May_2021_1145am,True,False,05,May,2021,1145,,3000.0,0.8333333333333334,338.40000000000146
2021_analysed,Exp_05_May_2021_1245pm,True,False,05,May,2021,1245,,3000.0,0.8333333333333334,376.79999999999677
2021_analysed,Exp_05_May_2021_1345pm,True,False,05,May,2021,1345,,3000.0,0.8333333333333334,157.2000000000001
2021_analysed,Exp_05_May_2021_1445pm,True,False,05,May,2021,1445,,3000.0,0.8333333333333334,1073.1999999999994
2021_analysed,Exp_05_May_2021_1545pm,True,False,05,May,2021,1545,,3000.0,0.8333333333333334,235.2000000000002
2021_analysed,Exp_05_May_2021_1645pm,True,False,05,May,2021,1645,,3000.0,0.8333333333333334,4.400000000000318
2021_analysed,Exp_05_May_2021_1745pm,True,False,05,May,2021,1745,,3000.0,0.8333333333333334,0.8000000000001819
2021_analysed,Exp_05_May_2021_1945pm,True,False,05,May,2021,1945,,3000.0,0.8333333333333334,0.0
2021_analysed,Exp_06_Apr_2021_0045am,True,False,06,Apr,2021,0045,,3000.0,0.8333333333333334,0.0
2021_analysed,Exp_06_Apr_2021_0645am,True,False,06,Apr,2021,0645,,3000.0,0.8333333333333334,18.400000000000546
2021_analysed,Exp_06_Apr_2021_0745am,True,False,06,Apr,2021,0745,,3000.0,0.8333333333333334,2.79999999999918
2021_analysed,Exp_06_Apr_2021_0845am,True,False,06,Apr,2021,0845,,3000.0,0.8333333333333334,1.9999999999998863
2021_analysed,Exp_06_Apr_2021_0945am,True,False,06,Apr,2021,0945,,3000.0,0.8333333333333334,89.9999999999994
2021_analysed,Exp_06_Apr_2021_1045am,True,False,06,Apr,2021,1045,,3000.0,0.8333333333333334,16.40000000000009
2021_analysed,Exp_06_Apr_2021_1145am,True,False,06,Apr,2021,1145,,3000.0,0.8333333333333334,70.39999999999952
2021_analysed,Exp_06_Apr_2021_1245pm,True,False,06,Apr,2021,1245,,3000.0,0.8333333333333334,0.7999999999997272
2021_analysed,Exp_06_Apr_2021_1345pm,True,False,06,Apr,2021,1345,,3000.0,0.8333333333333334,180.39999999999782
2021_analysed,Exp_06_Apr_2021_1445pm,True,False,06,Apr,2021,1445,,3000.0,0.8333333333333334,3.6000000000001364
2021_analysed,Exp_06_Apr_2021_1545pm,True,False,06,Apr,2021,1545,,3000.0,0.8333333333333334,21.999999999999545
2021_analysed,Exp_06_Apr_2021_1645pm,True,False,06,Apr,2021,1645,,3000.0,0.8333333333333334,2.799999999999976
2021_analysed,Exp_06_Apr_2021_1745pm,True,False,06,Apr,2021,1745,,3000.0,0.8333333333333334,1.9999999999998437
2021_analysed,Exp_06_Apr_2021_1945pm,True,False,06,Apr,2021,1945,,3000.0,0.8333333333333334,0.0
2021_analysed,Exp_06_Mar_2021_0045am,True,False,06,Mar,2021,0045,,3000.0,0.8333333333333334,0.39999999999997726
2021_analysed,Exp_06_Mar_2021_0645am,True,False,06,Mar,2021,0645,,3000.0,0.8333333333333334,84.3999999999999
2021_analysed,Exp_06_Mar_2021_0745am,True,False,06,Mar,2021,0745,,3000.0,0.8333333333333334,133.999999999998
2021_analysed,Exp_06_Mar_2021_0845am,True,False,06,Mar,2021,0845,,3000.0,0.8333333333333334,558.3999999999949
2021_analysed,Exp_06_Mar_2021_0945am,True,False,06,Mar,2021,0945,,3000.0,0.8333333333333334,299.99999999999955
2021_analysed,Exp_06_Mar_2021_1045am,True,False,06,Mar,2021,1045,,3000.0,0.8333333333333334,62.40000000000265
2021_analysed,Exp_06_Mar_2021_1145am,True,False,06,Mar,2021,1145,,3000.0,0.8333333333333334,226.39999999999765
2021_analysed,Exp_06_Mar_2021_1245pm,True,False,06,Mar,2021,1245,,3000.0,0.8333333333333334,51.60000000000102
2021_analysed,Exp_06_Mar_2021_1345pm,True,False,06,Mar,2021,1345,,3000.0,0.8333333333333334,101.19999999999976
2021_analysed,Exp_06_Mar_2021_1445pm,True,False,06,Mar,2021,1445,,3000.0,0.8333333333333334,64.39999999999952
2021_analysed,Exp_06_Mar_2021_1545pm,True,False,06,Mar,2021,1545,,3000.0,0.8333333333333334,168.8000000000012
2021_analysed,Exp_06_Mar_2021_1645pm,True,False,06,Mar,2021,1645,,3000.0,0.8333333333333334,3.6000000000000227
2021_analysed,Exp_06_Mar_2021_1745pm,True,False,06,Mar,2021,1745,,3000.0,0.8333333333333334,2.0000000000003126
2021_analysed,Exp_06_Mar_2021_1945pm,True,False,06,Mar,2021,1945,,3000.0,0.8333333333333334,1.999999999999801
2021_analysed,Exp_06_May_2021_0045am,True,False,06,May,2021,0045,,3000.0,0.8333333333333334,0.3999999999998636
2021_analysed,Exp_06_May_2021_0645am,True,False,06,May,2021,0645,,3000.0,0.8333333333333334,17.600000000000506
2021_analysed,Exp_06_May_2021_0745am,True,False,06,May,2021,0745,,3000.0,0.8333333333333334,0.7999999999999545
2021_analysed,Exp_06_May_2021_0845am,True,False,06,May,2021,0845,,3000.0,0.8333333333333334,76.00000000000182
2021_analysed,Exp_06_May_2021_0945am,True,False,06,May,2021,0945,,3000.0,0.8333333333333334,7.200000000000202
2021_analysed,Exp_06_May_2021_1045am,True,False,06,May,2021,1045,,3000.0,0.8333333333333334,479.59999999999474
2021_analysed,Exp_06_May_2021_1145am,True,False,06,May,2021,1145,,3000.0,0.8333333333333334,298.0
2021_analysed,Exp_06_May_2021_1245pm,True,False,06,May,2021,1245,,3000.0,0.8333333333333334,594.8000000000038
2021_analysed,Exp_06_May_2021_1345pm,True,False,06,May,2021,1345,,3000.0,0.8333333333333334,353.99999999999966
2021_analysed,Exp_06_May_2021_1445pm,True,False,06,May,2021,1445,,3000.0,0.8333333333333334,196.40000000000018
2021_analysed,Exp_06_May_2021_1545pm,True,False,06,May,2021,1545,,3000.0,0.8333333333333334,225.99999999999918
2021_analysed,Exp_06_May_2021_1645pm,True,False,06,May,2021,1645,,3000.0,0.8333333333333334,1.2000000000000455
2021_analysed,Exp_06_May_2021_1745pm,True,False,06,May,2021,1745,,3000.0,0.8333333333333334,2.7999999999996703
2021_analysed,Exp_06_May_2021_1945pm,True,False,06,May,2021,1945,,3000.0,0.8333333333333334,0.40000000000009095
2021_analysed,Exp_07_Apr_2021_0045am,True,False,07,Apr,2021,0045,,3000.0,0.8333333333333334,0.8000000000000966
2021_analysed,Exp_07_Apr_2021_0645am,True,False,07,Apr,2021,0645,,3000.0,0.8333333333333334,0.0
2021_analysed,Exp_07_Apr_2021_0745am,True,False,07,Apr,2021,0745,,3000.0,0.8333333333333334,0.39999999999997726
2021_analysed,Exp_07_Apr_2021_0845am,True,False,07,Apr,2021,0845,,3000.0,0.8333333333333334,0.40000000000009095
2021_analysed,Exp_07_Apr_2021_0945am,True,False,07,Apr,2021,0945,,3000.0,0.8333333333333334,6.400000000000119
2021_analysed,Exp_07_Apr_2021_1045am,True,False,07,Apr,2021,1045,,3000.0,0.8333333333333334,21.999999999999204
2021_analysed,Exp_07_Apr_2021_1145am,True,False,07,Apr,2021,1145,,3000.0,0.8333333333333334,42.79999999999922
2021_analysed,Exp_07_Apr_2021_1245pm,True,False,07,Apr,2021,1245,,3000.0,0.8333333333333334,21.600000000000477
2021_analysed,Exp_07_Apr_2021_1345pm,True,False,07,Apr,2021,1345,,3000.0,0.8333333333333334,22.400000000000034
2021_analysed,Exp_07_Apr_2021_1445pm,True,False,07,Apr,2021,1445,,3000.0,0.8333333333333334,4.400000000000432
2021_analysed,Exp_07_Apr_2021_1545pm,True,False,07,Apr,2021,1545,,3000.0,0.8333333333333334,93.19999999999882
2021_analysed,Exp_07_Apr_2021_1645pm,True,False,07,Apr,2021,1645,,3000.0,0.8333333333333334,0.40000000000000036
2021_analysed,Exp_07_Apr_2021_1745pm,True,False,07,Apr,2021,1745,,3000.0,0.8333333333333334,1.1999999999999549
2021_analysed,Exp_07_Apr_2021_1945pm,True,False,07,Apr,2021,1945,,3000.0,0.8333333333333334,0.0
2021_analysed,Exp_07_Jul_2021_1145am,True,False,07,Jul,2021,1145,,3000.0,0.8333333333333334,453.60000000000116
2021_analysed,Exp_07_Jul_2021_1245pm,True,False,07,Jul,2021,1245,,3000.0,0.8333333333333334,1731.2000000000005
2021_analysed,Exp_07_Jul_2021_1345pm,True,False,07,Jul,2021,1345,,3000.0,0.8333333333333334,608.4000000000012
2021_analysed,Exp_07_Jul_2021_1445pm,True,False,07,Jul,2021,1445,,3000.0,0.8333333333333334,82.39999999999924
2021_analysed,Exp_07_Jul_2021_1545pm,True,False,07,Jul,2021,1545,,3000.0,0.8333333333333334,397.6000000000008
2021_analysed,Exp_07_Jul_2021_1645pm,True,False,07,Jul,2021,1645,,3000.0,0.8333333333333334,2.3999999999998636
2021_analysed,Exp_07_Jul_2021_1745pm,True,False,07,Jul,2021,1745,,3000.0,0.8333333333333334,23.200000000000585
2021_analysed,Exp_07_Jul_2021_1945pm,True,False,07,Jul,2021,1945,,3000.0,0.8333333333333334,2.0000000000001137
2021_analysed,Exp_07_Jun_2021_1030am,True,False,07,Jun,2021,1030,,2.304,0.0006399999999999999,0.0
2021_analysed,Exp_07_Mar_2021_0045am,True,False,07,Mar,2021,0045,,3000.0,0.8333333333333334,1.999999999999602
2021_analysed,Exp_07_Mar_2021_0645am,True,False,07,Mar,2021,0645,,3000.0,0.8333333333333334,75.2
2021_analysed,Exp_07_Mar_2021_0745am,True,False,07,Mar,2021,0745,,3000.0,0.8333333333333334,3.2000000000003013
2021_analysed,Exp_07_Mar_2021_0845am,True,False,07,Mar,2021,0845,,3000.0,0.8333333333333334,637.9999999999975
2021_analysed,Exp_07_Mar_2021_0945am,True,False,07,Mar,2021,0945,,3000.0,0.8333333333333334,66.8000000000008
2021_analysed,Exp_07_Mar_2021_1045am,True,False,07,Mar,2021,1045,,3000.0,0.8333333333333334,132.40000000000146
2021_analysed,Exp_07_Mar_2021_1145am,True,False,07,Mar,2021,1145,,3000.0,0.8333333333333334,90.40000000000009
2021_analysed,Exp_07_Mar_2021_1245pm,True,False,07,Mar,2021,1245,,3000.0,0.8333333333333334,58.399999999999736
2021_analysed,Exp_07_Mar_2021_1345pm,True,False,07,Mar,2021,1345,,3000.0,0.8333333333333334,78.39999999999843
2021_analysed,Exp_07_Mar_2021_1445pm,True,False,07,Mar,2021,1445,,3000.0,0.8333333333333334,86.0000000000002
2021_analysed,Exp_07_Mar_2021_1545pm,True,False,07,Mar,2021,1545,,3000.0,0.8333333333333334,187.59999999999945
2021_analysed,Exp_07_Mar_2021_1645pm,True,False,07,Mar,2021,1645,,3000.0,0.8333333333333334,3.6000000000001364
2021_analysed,Exp_07_Mar_2021_1745pm,True,False,07,Mar,2021,1745,,3000.0,0.8333333333333334,0.40000000000009095
2021_analysed,Exp_07_Mar_2021_1945pm,True,False,07,Mar,2021,1945,,3000.0,0.8333333333333334,13.600000000000307
2021_analysed,Exp_07_May_2021_0045am,True,False,07,May,2021,0045,,3000.0,0.8333333333333334,1.2000000000002728
2021_analysed,Exp_07_May_2021_0645am,True,False,07,May,2021,0645,,3000.0,0.8333333333333334,0.7999999999996135
2021_analysed,Exp_07_May_2021_0745am,True,False,07,May,2021,0745,,3000.0,0.8333333333333334,1.1999999999997293
2021_analysed,Exp_07_May_2021_0845am,True,False,07,May,2021,0845,,3000.0,0.8333333333333334,172.4000000000001
2021_analysed,Exp_07_May_2021_0945am,True,False,07,May,2021,0945,,3000.0,0.8333333333333334,377.9999999999981
2021_analysed,Exp_07_May_2021_1045am,True,False,07,May,2021,1045,,3000.0,0.8333333333333334,1075.6000000000008
2021_analysed,Exp_07_May_2021_1145am,True,False,07,May,2021,1145,,3000.0,0.8333333333333334,436.8000000000021
2021_analysed,Exp_07_May_2021_1245pm,True,False,07,May,2021,1245,,3000.0,0.8333333333333334,196.39999999999804
2021_analysed,Exp_07_May_2021_1345pm,True,False,07,May,2021,1345,,3000.0,0.8333333333333334,361.59999999999957
2021_analysed,Exp_07_May_2021_1445pm,True,False,07,May,2021,1445,,3000.0,0.8333333333333334,1033.599999999999
2021_analysed,Exp_07_May_2021_1545pm,True,False,07,May,2021,1545,,3000.0,0.8333333333333334,371.2000000000003
2021_analysed,Exp_07_May_2021_1645pm,True,False,07,May,2021,1645,,3000.0,0.8333333333333334,0.8000000000001819
2021_analysed,Exp_07_May_2021_1745pm,True,False,07,May,2021,1745,,3000.0,0.8333333333333334,2.799999999999777
2021_analysed,Exp_07_May_2021_1945pm,True,False,07,May,2021,1945,,3000.0,0.8333333333333334,1.6000000000000796
2021_analysed,Exp_08_Apr_2021_0045am,True,False,08,Apr,2021,0045,,3000.0,0.8333333333333334,0.0
2021_analysed,Exp_08_Apr_2021_0645am,True,False,08,Apr,2021,0645,,3000.0,0.8333333333333334,0.0
2021_analysed,Exp_08_Apr_2021_0745am,True,False,08,Apr,2021,0745,,3000.0,0.8333333333333334,0.8000000000000682
2021_analysed,Exp_08_Apr_2021_0845am,True,False,08,Apr,2021,0845,,3000.0,0.8333333333333334,6.80000000000021
2021_analysed,Exp_08_Apr_2021_0945am,True,False,08,Apr,2021,0945,,3000.0,0.8333333333333334,189.20000000000246
2021_analysed,Exp_08_Apr_2021_1045am,True,False,08,Apr,2021,1045,,3000.0,0.8333333333333334,43.99999999999841
2021_analysed,Exp_08_Apr_2021_1145am,True,False,08,Apr,2021,1145,,3000.0,0.8333333333333334,92.39999999999952
2021_analysed,Exp_08_Apr_2021_1245pm,True,False,08,Apr,2021,1245,,3000.0,0.8333333333333334,24.40000000000073
2021_analysed,Exp_08_Apr_2021_1345pm,True,False,08,Apr,2021,1345,,3000.0,0.8333333333333334,94.40000000000047
2021_analysed,Exp_08_Apr_2021_1445pm,True,False,08,Apr,2021,1445,,3000.0,0.8333333333333334,31.600000000000136
2021_analysed,Exp_08_Apr_2021_1545pm,True,False,08,Apr,2021,1545,,3000.0,0.8333333333333334,113.99999999999912
2021_analysed,Exp_08_Apr_2021_1645pm,True,False,08,Apr,2021,1645,,3000.0,0.8333333333333334,0.40000000000009095
2021_analysed,Exp_08_Apr_2021_1745pm,True,False,08,Apr,2021,1745,,3000.0,0.8333333333333334,0.0
2021_analysed,Exp_08_Apr_2021_1945pm,True,False,08,Apr,2021,1945,,3000.0,0.8333333333333334,0.0
2021_analysed,Exp_08_Jul_2021_0045am,True,False,08,Jul,2021,0045,,3000.0,0.8333333333333334,1.199999999999818
2021_analysed,Exp_08_Jul_2021_0645am,True,False,08,Jul,2021,0645,,3000.0,0.8333333333333334,1.199999999999953
2021_analysed,Exp_08_Jul_2021_0745am,True,False,08,Jul,2021,0745,,3000.0,0.8333333333333334,0.7999999999999545
2021_analysed,Exp_08_Jul_2021_0845am,True,False,08,Jul,2021,0845,,3000.0,0.8333333333333334,654.4000000000007
2021_analysed,Exp_08_Jul_2021_0945am,True,False,08,Jul,2021,0945,,3000.0,0.8333333333333334,483.19999999999897
2021_analysed,Exp_08_Jul_2021_1045am,True,False,08,Jul,2021,1045,,3000.0,0.8333333333333334,49.200000000000585
2021_analysed,Exp_08_Jul_2021_1145am,True,False,08,Jul,2021,1145,,3000.0,0.8333333333333334,346.79999999999933
2021_analysed,Exp_08_Jul_2021_1245pm,True,False,08,Jul,2021,1245,,3000.0,0.8333333333333334,871.1999999999967
2021_analysed,Exp_08_Jul_2021_1345pm,True,False,08,Jul,2021,1345,,3000.0,0.8333333333333334,529.2000000000012
2021_analysed,Exp_08_Jul_2021_1445pm,True,False,08,Jul,2021,1445,,3000.0,0.8333333333333334,1406.0000000000023
2021_analysed,Exp_08_Jul_2021_1545pm,True,False,08,Jul,2021,1545,,3000.0,0.8333333333333334,413.6000000000024
2021_analysed,Exp_08_Jul_2021_1645pm,True,False,08,Jul,2021,1645,,3000.0,0.8333333333333334,8.799999999999955
2021_analysed,Exp_08_Jul_2021_1745pm,True,False,08,Jul,2021,1745,,3000.0,0.8333333333333334,282.3999999999978
2021_analysed,Exp_08_Jul_2021_1945pm,True,False,08,Jul,2021,1945,,3000.0,0.8333333333333334,0.40000000000009095
2021_analysed,Exp_08_Jun_2021_1920pm,True,False,08,Jun,2021,1920,,7.296,0.0020266666666666666,0.0
2021_analysed,Exp_08_Jun_2021_1921pm,True,False,08,Jun,2021,1921,,1.408,0.00039111111111111106,0.0
2021_analysed,Exp_08_Jun_2021_1922pm,True,False,08,Jun,2021,1922,,2.2613333333333334,0.0006281481481481482,0.0
2021_analysed,Exp_08_Jun_2021_1931pm,True,False,08,Jun,2021,1931,,4.608,0.0012799999999999999,0.0
2021_analysed,Exp_08_Mar_2021_0045am,True,False,08,Mar,2021,0045,,3000.0,0.8333333333333334,7.200000000000408
2021_analysed,Exp_08_Mar_2021_0645am,True,False,08,Mar,2021,0645,,3000.0,0.8333333333333334,0.8000000000000682
2021_analysed,Exp_08_Mar_2021_0745am,True,False,08,Mar,2021,0745,,3000.0,0.8333333333333334,33.599999999999795
2021_analysed,Exp_08_Mar_2021_0845am,True,False,08,Mar,2021,0845,,3000.0,0.8333333333333334,278.7999999999996
2021_analysed,Exp_08_Mar_2021_0945am,True,False,08,Mar,2021,0945,,3000.0,0.8333333333333334,88.00000000000045
2021_analysed,Exp_08_Mar_2021_1045am,True,False,08,Mar,2021,1045,,3000.0,0.8333333333333334,18.799999999998477
2021_analysed,Exp_08_Mar_2021_1145am,True,False,08,Mar,2021,1145,,3000.0,0.8333333333333334,180.00000000000264
2021_analysed,Exp_08_Mar_2021_1245pm,True,False,08,Mar,2021,1245,,3000.0,0.8333333333333334,44.400000000002166
2021_analysed,Exp_08_Mar_2021_1345pm,True,False,08,Mar,2021,1345,,3000.0,0.8333333333333334,113.60000000000045
2021_analysed,Exp_08_Mar_2021_1445pm,True,False,08,Mar,2021,1445,,3000.0,0.8333333333333334,103.60000000000056
2021_analysed,Exp_08_Mar_2021_1545pm,True,False,08,Mar,2021,1545,,3000.0,0.8333333333333334,208.00000000000173
2021_analysed,Exp_08_Mar_2021_1645pm,True,False,08,Mar,2021,1645,,3000.0,0.8333333333333334,44.400000000000546
2021_analysed,Exp_08_Mar_2021_1745pm,True,False,08,Mar,2021,1745,,3000.0,0.8333333333333334,0.8000000000001819
2021_analysed,Exp_08_Mar_2021_1945pm,True,False,08,Mar,2021,1945,,3000.0,0.8333333333333334,5.599999999999568
2021_analysed,Exp_08_May_2021_0045am,True,False,08,May,2021,0045,,3000.0,0.8333333333333334,0.8000000000001819
2021_analysed,Exp_08_May_2021_0645am,True,False,08,May,2021,0645,,3000.0,0.8333333333333334,0.3999999999996362
2021_analysed,Exp_08_May_2021_0745am,True,False,08,May,2021,0745,,3000.0,0.8333333333333334,0.7999999999999545
2021_analysed,Exp_08_May_2021_0845am,True,False,08,May,2021,0845,,3000.0,0.8333333333333334,484.7999999999993
2021_analysed,Exp_08_May_2021_0945am,True,False,08,May,2021,0945,,3000.0,0.8333333333333334,361.2000000000026
2021_analysed,Exp_08_May_2021_1045am,True,False,08,May,2021,1045,,3000.0,0.8333333333333334,456.0000000000027
2021_analysed,Exp_08_May_2021_1145am,True,False,08,May,2021,1145,,3000.0,0.8333333333333334,321.5999999999997
2021_analysed,Exp_08_May_2021_1245pm,True,False,08,May,2021,1245,,3000.0,0.8333333333333334,43.20000000000039
2021_analysed,Exp_08_May_2021_1345pm,True,False,08,May,2021,1345,,3000.0,0.8333333333333334,344.7999999999987
2021_analysed,Exp_08_May_2021_1445pm,True,False,08,May,2021,1445,,3000.0,0.8333333333333334,277.99999999999807
2021_analysed,Exp_08_May_2021_1545pm,True,False,08,May,2021,1545,,3000.0,0.8333333333333334,376.4000000000011
2021_analysed,Exp_08_May_2021_1645pm,True,False,08,May,2021,1645,,3000.0,0.8333333333333334,3.999999999999943
2021_analysed,Exp_08_May_2021_1745pm,True,False,08,May,2021,1745,,3000.0,0.8333333333333334,2.0
2021_analysed,Exp_08_May_2021_1945pm,True,False,08,May,2021,1945,,3000.0,0.8333333333333334,1.2000000000001592
2021_analysed,Exp_09_Apr_2021_0045am,True,False,09,Apr,2021,0045,,3000.0,0.8333333333333334,0.0
2021_analysed,Exp_09_Apr_2021_0645am,True,False,09,Apr,2021,0645,,3000.0,0.8333333333333334,21.199999999999363
2021_analysed,Exp_09_Apr_2021_0745am,True,False,09,Apr,2021,0745,,3000.0,0.8333333333333334,1.2000000000001592
2021_analysed,Exp_09_Apr_2021_0845am,True,False,09,Apr,2021,0845,,3000.0,0.8333333333333334,37.99999999999977
2021_analysed,Exp_09_Apr_2021_0945am,True,False,09,Apr,2021,0945,,3000.0,0.8333333333333334,81.19999999999942
2021_analysed,Exp_09_Apr_2021_1045am,True,False,09,Apr,2021,1045,,3000.0,0.8333333333333334,4.40000000000046
2021_analysed,Exp_09_Apr_2021_1145am,True,False,09,Apr,2021,1145,,3000.0,0.8333333333333334,23.999999999999744
2021_analysed,Exp_09_Apr_2021_1245pm,True,False,09,Apr,2021,1245,,3000.0,0.8333333333333334,14.799999999999908
2021_analysed,Exp_09_Apr_2021_1345pm,True,False,09,Apr,2021,1345,,3000.0,0.8333333333333334,95.59999999999926
2021_analysed,Exp_09_Apr_2021_1445pm,True,False,09,Apr,2021,1445,,3000.0,0.8333333333333334,2.400000000000091
2021_analysed,Exp_09_Apr_2021_1545pm,True,False,09,Apr,2021,1545,,3000.0,0.8333333333333334,167.59999999999894
2021_analysed,Exp_09_Apr_2021_1645pm,True,False,09,Apr,2021,1645,,3000.0,0.8333333333333334,67.19999999999993
2021_analysed,Exp_09_Apr_2021_1745pm,True,False,09,Apr,2021,1745,,3000.0,0.8333333333333334,10.0
2021_analysed,Exp_09_Apr_2021_1945pm,True,False,09,Apr,2021,1945,,3000.0,0.8333333333333334,0.40000000000009095
2021_analysed,Exp_09_Jul_2021_0045am,True,False,09,Jul,2021,0045,,3000.0,0.8333333333333334,0.40000000000009095
2021_analysed,Exp_09_Jul_2021_0645am,True,False,09,Jul,2021,0645,,3000.0,0.8333333333333334,0.8000000000000966
2021_analysed,Exp_09_Jul_2021_0745am,True,False,09,Jul,2021,0745,,3000.0,0.8333333333333334,2.400000000000091
2021_analysed,Exp_09_Jul_2021_0845am,True,False,09,Jul,2021,0845,,3000.0,0.8333333333333334,554.4000000000018
2021_analysed,Exp_09_Jul_2021_0945am,True,False,09,Jul,2021,0945,,3000.0,0.8333333333333334,228.39999999999986
2021_analysed,Exp_09_Jul_2021_1045am,True,False,09,Jul,2021,1045,,3000.0,0.8333333333333334,55.2000000000001
2021_analysed,Exp_09_Jul_2021_1145am,True,False,09,Jul,2021,1145,,3000.0,0.8333333333333334,523.1999999999989
2021_analysed,Exp_09_Jul_2021_1245pm,True,False,09,Jul,2021,1245,,3000.0,0.8333333333333334,1622.7999999999986
2021_analysed,Exp_09_Jul_2021_1345pm,True,False,09,Jul,2021,1345,,3000.0,0.8333333333333334,566.8000000000001
2021_analysed,Exp_09_Jul_2021_1445pm,True,False,09,Jul,2021,1445,,3000.0,0.8333333333333334,1538.0000000000032
2021_analysed,Exp_09_Jul_2021_1545pm,True,False,09,Jul,2021,1545,,3000.0,0.8333333333333334,539.2
2021_analysed,Exp_09_Jul_2021_1645pm,True,False,09,Jul,2021,1645,,3000.0,0.8333333333333334,6.7999999999995
2021_analysed,Exp_09_Jul_2021_1745pm,True,False,09,Jul,2021,1745,,3000.0,0.8333333333333334,7.600000000000421
2021_analysed,Exp_09_Jul_2021_1945pm,True,False,09,Jul,2021,1945,,3000.0,0.8333333333333334,14.7999999999995
2021_analysed,Exp_09_Jun_2021_0045am,True,False,09,Jun,2021,0045,,3000.0,0.8333333333333334,0.0
2021_analysed,Exp_09_Mar_2021_0045am,True,False,09,Mar,2021,0045,,3000.0,0.8333333333333334,2.3999999999998636
2021_analysed,Exp_09_Mar_2021_0645am,True,False,09,Mar,2021,0645,,3000.0,0.8333333333333334,1.199999999999818
2021_analysed,Exp_09_Mar_2021_0745am,True,False,09,Mar,2021,0745,,3000.0,0.8333333333333334,5.6000000000008185
2021_analysed,Exp_09_Mar_2021_0845am,True,False,09,Mar,2021,0845,,3000.0,0.8333333333333334,25.20000000000084
2021_analysed,Exp_09_Mar_2021_0945am,True,False,09,Mar,2021,0945,,3000.0,0.8333333333333334,224.80000000000013
2021_analysed,Exp_09_Mar_2021_1045am,True,False,09,Mar,2021,1045,,3000.0,0.8333333333333334,23.600000000001103
2021_analysed,Exp_09_Mar_2021_1145am,True,False,09,Mar,2021,1145,,3000.0,0.8333333333333334,106.80000000000081
2021_analysed,Exp_09_Mar_2021_1245pm,True,False,09,Mar,2021,1245,,3000.0,0.8333333333333334,339.60000000000446
2021_analysed,Exp_09_Mar_2021_1345pm,True,False,09,Mar,2021,1345,,3000.0,0.8333333333333334,326.400000000001
2021_analysed,Exp_09_Mar_2021_1445pm,True,False,09,Mar,2021,1445,,3000.0,0.8333333333333334,47.60000000000048
2021_analysed,Exp_09_Mar_2021_1545pm,True,False,09,Mar,2021,1545,,3000.0,0.8333333333333334,116.39999999999941
2021_analysed,Exp_09_Mar_2021_1645pm,True,False,09,Mar,2021,1645,,3000.0,0.8333333333333334,32.40000000000029
2021_analysed,Exp_09_Mar_2021_1745pm,True,False,09,Mar,2021,1745,,3000.0,0.8333333333333334,1.9999999999997726
2021_analysed,Exp_09_Mar_2021_1945pm,True,False,09,Mar,2021,1945,,3000.0,0.8333333333333334,2.3999999999997748
2021_analysed,Exp_09_May_2021_0045am,True,False,09,May,2021,0045,,3000.0,0.8333333333333334,0.0
2021_analysed,Exp_09_May_2021_0645am,True,False,09,May,2021,0645,,3000.0,0.8333333333333334,1.1999999999997044
2021_analysed,Exp_09_May_2021_0745am,True,False,09,May,2021,0745,,3000.0,0.8333333333333334,0.7999999999998408
2021_analysed,Exp_09_May_2021_0845am,True,False,09,May,2021,0845,,3000.0,0.8333333333333334,61.2
2021_analysed,Exp_09_May_2021_0945am,True,False,09,May,2021,0945,,3000.0,0.8333333333333334,177.60000000000008
2021_analysed,Exp_09_May_2021_1045am,True,False,09,May,2021,1045,,3000.0,0.8333333333333334,253.20000000000516
2021_analysed,Exp_09_May_2021_1145am,True,False,09,May,2021,1145,,3000.0,0.8333333333333334,403.19999999999993
2021_analysed,Exp_09_May_2021_1245pm,True,False,09,May,2021,1245,,3000.0,0.8333333333333334,101.20000000000005
2021_analysed,Exp_09_May_2021_1345pm,True,False,09,May,2021,1345,,3000.0,0.8333333333333334,446.80000000000086
2021_analysed,Exp_09_May_2021_1445pm,True,False,09,May,2021,1445,,3000.0,0.8333333333333334,317.99999999999864
2021_analysed,Exp_09_May_2021_1545pm,True,False,09,May,2021,1545,,3000.0,0.8333333333333334,290.80000000000064
2021_analysed,Exp_09_May_2021_1645pm,True,False,09,May,2021,1645,,3000.0,0.8333333333333334,0.39999999999997726
2021_analysed,Exp_09_May_2021_1745pm,True,False,09,May,2021,1745,,3000.0,0.8333333333333334,13.19999999999959
2021_analysed,Exp_09_May_2021_1945pm,True,False,09,May,2021,1945,,3000.0,0.8333333333333334,1.5999999999993406
2021_analysed,Exp_10_Apr_2021_0045am,True,False,10,Apr,2021,0045,,3000.0,0.8333333333333334,2.3999999999998636
2021_analysed,Exp_10_Apr_2021_0645am,True,False,10,Apr,2021,0645,,3000.0,0.8333333333333334,71.60000000000016
2021_analysed,Exp_10_Apr_2021_0745am,True,False,10,Apr,2021,0745,,3000.0,0.8333333333333334,2.0000000000004547
2021_analysed,Exp_10_Apr_2021_0845am,True,False,10,Apr,2021,0845,,3000.0,0.8333333333333334,58.79999999999984
2021_analysed,Exp_10_Apr_2021_0945am,True,False,10,Apr,2021,0945,,3000.0,0.8333333333333334,188.00000000000028
2021_analysed,Exp_10_Apr_2021_1045am,True,False,10,Apr,2021,1045,,3000.0,0.8333333333333334,19.99999999999931
2021_analysed,Exp_10_Apr_2021_1145am,True,False,10,Apr,2021,1145,,3000.0,0.8333333333333334,283.6000000000012
2021_analysed,Exp_10_Apr_2021_1245pm,True,False,10,Apr,2021,1245,,3000.0,0.8333333333333334,33.19999999999941
2021_analysed,Exp_10_Apr_2021_1345pm,True,False,10,Apr,2021,1345,,3000.0,0.8333333333333334,186.4000000000016
2021_analysed,Exp_10_Apr_2021_1445pm,True,False,10,Apr,2021,1445,,3000.0,0.8333333333333334,34.39999999999992
2021_analysed,Exp_10_Apr_2021_1545pm,True,False,10,Apr,2021,1545,,3000.0,0.8333333333333334,152.00000000000108
2021_analysed,Exp_10_Apr_2021_1645pm,True,False,10,Apr,2021,1645,,3000.0,0.8333333333333334,3.199999999999818
2021_analysed,Exp_10_Apr_2021_1745pm,True,False,10,Apr,2021,1745,,3000.0,0.8333333333333334,0.7999999999998408
2021_analysed,Exp_10_Apr_2021_1945pm,True,False,10,Apr,2021,1945,,3000.0,0.8333333333333334,0.8000000000001819
2021_analysed,Exp_10_Jul_2021_0045am,True,False,10,Jul,2021,0045,,3000.0,0.8333333333333334,0.39999999999997726
2021_analysed,Exp_10_Jul_2021_0645am,True,False,10,Jul,2021,0645,,3000.0,0.8333333333333334,2.4000000000003396
2021_analysed,Exp_10_Jul_2021_0745am,True,False,10,Jul,2021,0745,,3000.0,0.8333333333333334,1.1999999999999318
2021_analysed,Exp_10_Jul_2021_0845am,True,False,10,Jul,2021,0845,,3000.0,0.8333333333333334,630.3999999999991
2021_analysed,Exp_10_Jul_2021_0945am,True,False,10,Jul,2021,0945,,3000.0,0.8333333333333334,395.20000000000005
2021_analysed,Exp_10_Jul_2021_1045am,True,False,10,Jul,2021,1045,,3000.0,0.8333333333333334,879.199999999998
2021_analysed,Exp_10_Jul_2021_1145am,True,False,10,Jul,2021,1145,,3000.0,0.8333333333333334,666.4000000000021
2021_analysed,Exp_10_Jul_2021_1245pm,True,False,10,Jul,2021,1245,,3000.0,0.8333333333333334,1759.2000000000028
2021_analysed,Exp_10_Jul_2021_1345pm,True,False,10,Jul,2021,1345,,3000.0,0.8333333333333334,729.1999999999997
2021_analysed,Exp_10_Jul_2021_1445pm,True,False,10,Jul,2021,1445,,3000.0,0.8333333333333334,53.19999999999999
2021_analysed,Exp_10_Jul_2021_1545pm,True,False,10,Jul,2021,1545,,3000.0,0.8333333333333334,468.80000000000007
2021_analysed,Exp_10_Jul_2021_1645pm,True,False,10,Jul,2021,1645,,3000.0,0.8333333333333334,408.0000000000018
2021_analysed,Exp_10_Jul_2021_1745pm,True,False,10,Jul,2021,1745,,3000.0,0.8333333333333334,93.99999999999936
2021_analysed,Exp_10_Jul_2021_1945pm,True,False,10,Jul,2021,1945,,3000.0,0.8333333333333334,8.800000000000182
2021_analysed,Exp_10_Jun_2021_1445pm,True,False,10,Jun,2021,1445,,3000.0,0.8333333333333334,3.200000000000273
2021_analysed,Exp_10_Jun_2021_1545pm,True,False,10,Jun,2021,1545,,3000.0,0.8333333333333334,67.59999999999991
2021_analysed,Exp_10_Jun_2021_1645pm,True,False,10,Jun,2021,1645,,3000.0,0.8333333333333334,11.999999999998636
2021_analysed,Exp_10_Jun_2021_1745pm,True,False,10,Jun,2021,1745,,3000.0,0.8333333333333334,80.00000000000333
2021_analysed,Exp_10_Jun_2021_1945pm,True,False,10,Jun,2021,1945,,3000.0,0.8333333333333334,2.399999999999743
2021_analysed,Exp_10_Mar_2021_0045am,True,False,10,Mar,2021,0045,,3000.0,0.8333333333333334,4.799999999999841
2021_analysed,Exp_10_Mar_2021_0645am,True,False,10,Mar,2021,0645,,3000.0,0.8333333333333334,1.2000000000002728
2021_analysed,Exp_10_Mar_2021_0745am,True,False,10,Mar,2021,0745,,3000.0,0.8333333333333334,11.199999999998397
2021_analysed,Exp_10_Mar_2021_0845am,True,False,10,Mar,2021,0845,,3000.0,0.8333333333333334,17.999999999999744
2021_analysed,Exp_10_Mar_2021_0945am,True,False,10,Mar,2021,0945,,3000.0,0.8333333333333334,33.60000000000042
2021_analysed,Exp_10_Mar_2021_1045am,True,False,10,Mar,2021,1045,,3000.0,0.8333333333333334,81.59999999999928
2021_analysed,Exp_10_Mar_2021_1145am,True,False,10,Mar,2021,1145,,3000.0,0.8333333333333334,56.80000000000103
2021_analysed,Exp_10_Mar_2021_1245pm,True,False,10,Mar,2021,1245,,3000.0,0.8333333333333334,63.5999999999995
2021_analysed,Exp_10_Mar_2021_1345pm,True,False,10,Mar,2021,1345,,3000.0,0.8333333333333334,256.8000000000001
2021_analysed,Exp_10_Mar_2021_1445pm,True,False,10,Mar,2021,1445,,3000.0,0.8333333333333334,77.19999999999922
2021_analysed,Exp_10_Mar_2021_1545pm,True,False,10,Mar,2021,1545,,3000.0,0.8333333333333334,63.599999999999085
2021_analysed,Exp_10_Mar_2021_1645pm,True,False,10,Mar,2021,1645,,3000.0,0.8333333333333334,44.40000000000028
2021_analysed,Exp_10_Mar_2021_1745pm,True,False,10,Mar,2021,1745,,3000.0,0.8333333333333334,2.400000000000091
2021_analysed,Exp_10_Mar_2021_1945pm,True,False,10,Mar,2021,1945,,3000.0,0.8333333333333334,2.8000000000000895
2021_analysed,Exp_11_Apr_2021_0045am,True,False,11,Apr,2021,0045,,3000.0,0.8333333333333334,0.8000000000000114
2021_analysed,Exp_11_Apr_2021_0645am,True,False,11,Apr,2021,0645,,3000.0,0.8333333333333334,0.40000000000009095
2021_analysed,Exp_11_Apr_2021_0745am,True,False,11,Apr,2021,0745,,3000.0,0.8333333333333334,1.1999999999999318
2021_analysed,Exp_11_Apr_2021_0845am,True,False,11,Apr,2021,0845,,3000.0,0.8333333333333334,166.39999999999839
2021_analysed,Exp_11_Apr_2021_0945am,True,False,11,Apr,2021,0945,,3000.0,0.8333333333333334,133.6000000000005
2021_analysed,Exp_11_Apr_2021_1045am,True,False,11,Apr,2021,1045,,3000.0,0.8333333333333334,108.39999999999708
2021_analysed,Exp_11_Apr_2021_1145am,True,False,11,Apr,2021,1145,,3000.0,0.8333333333333334,70.79999999999933
2021_analysed,Exp_11_Apr_2021_1245pm,True,False,11,Apr,2021,1245,,3000.0,0.8333333333333334,62.000000000000256
2021_analysed,Exp_11_Apr_2021_1345pm,True,False,11,Apr,2021,1345,,3000.0,0.8333333333333334,149.20000000000107
2021_analysed,Exp_11_Apr_2021_1445pm,True,False,11,Apr,2021,1445,,3000.0,0.8333333333333334,111.20000000000198
2021_analysed,Exp_11_Apr_2021_1545pm,True,False,11,Apr,2021,1545,,3000.0,0.8333333333333334,98.40000000000089
2021_analysed,Exp_11_Apr_2021_1645pm,True,False,11,Apr,2021,1645,,3000.0,0.8333333333333334,6.799999999999557
2021_analysed,Exp_11_Apr_2021_1745pm,True,False,11,Apr,2021,1745,,3000.0,0.8333333333333334,55.60000000000264
2021_analysed,Exp_11_Apr_2021_1945pm,True,False,11,Apr,2021,1945,,3000.0,0.8333333333333334,3.199999999999818
2021_analysed,Exp_11_Jul_2021_0045am,True,False,11,Jul,2021,0045,,3000.0,0.8333333333333334,0.0
2021_analysed,Exp_11_Jul_2021_0645am,True,False,11,Jul,2021,0645,,3000.0,0.8333333333333334,0.0
2021_analysed,Exp_11_Jul_2021_0745am,True,False,11,Jul,2021,0745,,3000.0,0.8333333333333334,1.2000000000000455
2021_analysed,Exp_11_Jul_2021_0845am,True,False,11,Jul,2021,0845,,3000.0,0.8333333333333334,1.199999999999818
2021_analysed,Exp_11_Jul_2021_0945am,True,False,11,Jul,2021,0945,,3000.0,0.8333333333333334,305.1999999999998
2021_analysed,Exp_11_Jul_2021_1045am,True,False,11,Jul,2021,1045,,3000.0,0.8333333333333334,0.0
2021_analysed,Exp_11_Jul_2021_1145am,True,False,11,Jul,2021,1145,,3000.0,0.8333333333333334,256.39999999999964
2021_analysed,Exp_11_Jul_2021_1245pm,True,False,11,Jul,2021,1245,,3000.0,0.8333333333333334,753.1999999999967
2021_analysed,Exp_11_Jul_2021_1345pm,True,False,11,Jul,2021,1345,,3000.0,0.8333333333333334,370.7999999999971
2021_analysed,Exp_11_Jul_2021_1445pm,True,False,11,Jul,2021,1445,,3000.0,0.8333333333333334,568.8000000000005
2021_analysed,Exp_11_Jul_2021_1545pm,True,False,11,Jul,2021,1545,,3000.0,0.8333333333333334,391.99999999999966
2021_analysed,Exp_11_Jul_2021_1645pm,True,False,11,Jul,2021,1645,,3000.0,0.8333333333333334,80.00000000000023
2021_analysed,Exp_11_Jul_2021_1745pm,True,False,11,Jul,2021,1745,,3000.0,0.8333333333333334,2.8000000000001037
2021_analysed,Exp_11_Jul_2021_1945pm,True,False,11,Jul,2021,1945,,3000.0,0.8333333333333334,2.399999999999409
2021_analysed,Exp_11_Jun_2021_0045am,True,False,11,Jun,2021,0045,,3000.0,0.8333333333333334,0.0
2021_analysed,Exp_11_Jun_2021_0645am,True,False,11,Jun,2021,0645,,3000.0,0.8333333333333334,1.5999999999996817
2021_analysed,Exp_11_Jun_2021_0745am,True,False,11,Jun,2021,0745,,3000.0,0.8333333333333334,0.8000000000000682
2021_analysed,Exp_11_Jun_2021_0845am,True,False,11,Jun,2021,0845,,3000.0,0.8333333333333334,0.39999999999997726
2021_analysed,Exp_11_Jun_2021_0945am,True,False,11,Jun,2021,0945,,3000.0,0.8333333333333334,33.20000000000016
2021_analysed,Exp_11_Jun_2021_1045am,True,False,11,Jun,2021,1045,,3000.0,0.8333333333333334,2.0000000000003624
2021_analysed,Exp_11_Jun_2021_1145am,True,False,11,Jun,2021,1145,,3000.0,0.8333333333333334,46.79999999999944
2021_analysed,Exp_11_Jun_2021_1245pm,True,False,11,Jun,2021,1245,,3000.0,0.8333333333333334,25.599999999999135
2021_analysed,Exp_11_Jun_2021_1345pm,True,False,11,Jun,2021,1345,,3000.0,0.8333333333333334,196.39999999999793
2021_analysed,Exp_11_Jun_2021_1445pm,True,False,11,Jun,2021,1445,,3000.0,0.8333333333333334,29.200000000000273
2021_analysed,Exp_11_Jun_2021_1545pm,True,False,11,Jun,2021,1545,,3000.0,0.8333333333333334,192.40000000000077
2021_analysed,Exp_11_Jun_2021_1645pm,True,False,11,Jun,2021,1645,,3000.0,0.8333333333333334,11.599999999999795
2021_analysed,Exp_11_Jun_2021_1745pm,True,False,11,Jun,2021,1745,,3000.0,0.8333333333333334,8.80000000000102
2021_analysed,Exp_11_Jun_2021_1945pm,True,False,11,Jun,2021,1945,,3000.0,0.8333333333333334,2.0
2021_analysed,Exp_11_Mar_2021_0045am,True,False,11,Mar,2021,0045,,3000.0,0.8333333333333334,0.0
2021_analysed,Exp_11_Mar_2021_0645am,True,False,11,Mar,2021,0645,,3000.0,0.8333333333333334,1.5999999999998806
2021_analysed,Exp_11_Mar_2021_0745am,True,False,11,Mar,2021,0745,,3000.0,0.8333333333333334,2.400000000000091
2021_analysed,Exp_11_Mar_2021_0845am,True,False,11,Mar,2021,0845,,3000.0,0.8333333333333334,41.600000000000534
2021_analysed,Exp_11_Mar_2021_0945am,True,False,11,Mar,2021,0945,,3000.0,0.8333333333333334,149.2000000000002
2021_analysed,Exp_11_Mar_2021_1045am,True,False,11,Mar,2021,1045,,3000.0,0.8333333333333334,77.99999999999784
2021_analysed,Exp_11_Mar_2021_1145am,True,False,11,Mar,2021,1145,,3000.0,0.8333333333333334,27.600000000001096
2021_analysed,Exp_11_Mar_2021_1245pm,True,False,11,Mar,2021,1245,,3000.0,0.8333333333333334,45.60000000000034
2021_analysed,Exp_11_Mar_2021_1345pm,True,False,11,Mar,2021,1345,,3000.0,0.8333333333333334,82.0000000000005
2021_analysed,Exp_11_Mar_2021_1445pm,True,False,11,Mar,2021,1445,,3000.0,0.8333333333333334,31.599999999999064
2021_analysed,Exp_11_Mar_2021_1545pm,True,False,11,Mar,2021,1545,,3000.0,0.8333333333333334,94.39999999999844
2021_analysed,Exp_11_Mar_2021_1645pm,True,False,11,Mar,2021,1645,,3000.0,0.8333333333333334,5.999999999999638
2021_analysed,Exp_11_Mar_2021_1745pm,True,False,11,Mar,2021,1745,,3000.0,0.8333333333333334,2.4000000000001194
2021_analysed,Exp_11_Mar_2021_1945pm,True,False,11,Mar,2021,1945,,3000.0,0.8333333333333334,0.8000000000001819
2021_analysed,Exp_12_Apr_2021_0045am,True,False,12,Apr,2021,0045,,3000.0,0.8333333333333334,0.0
2021_analysed,Exp_12_Apr_2021_0645am,True,False,12,Apr,2021,0645,,3000.0,0.8333333333333334,1.2000000000002728
2021_analysed,Exp_12_Apr_2021_0745am,True,False,12,Apr,2021,0745,,3000.0,0.8333333333333334,0.8000000000000682
2021_analysed,Exp_12_Apr_2021_0845am,True,False,12,Apr,2021,0845,,3000.0,0.8333333333333334,51.59999999999894
2021_analysed,Exp_12_Apr_2021_0945am,True,False,12,Apr,2021,0945,,3000.0,0.8333333333333334,236.79999999999848
2021_analysed,Exp_12_Apr_2021_1045am,True,False,12,Apr,2021,1045,,3000.0,0.8333333333333334,381.200000000002
2021_analysed,Exp_12_Apr_2021_1145am,True,False,12,Apr,2021,1145,,3000.0,0.8333333333333334,860.400000000003
2021_analysed,Exp_12_Apr_2021_1245pm,True,False,12,Apr,2021,1245,,3000.0,0.8333333333333334,567.5999999999997
2021_analysed,Exp_12_Apr_2021_1345pm,True,False,12,Apr,2021,1345,,3000.0,0.8333333333333334,652.4000000000025
2021_analysed,Exp_12_Apr_2021_1445pm,True,False,12,Apr,2021,1445,,3000.0,0.8333333333333334,269.999999999999
2021_analysed,Exp_12_Apr_2021_1545pm,True,False,12,Apr,2021,1545,,3000.0,0.8333333333333334,110.80000000000013
2021_analysed,Exp_12_Apr_2021_1645pm,True,False,12,Apr,2021,1645,,3000.0,0.8333333333333334,4.399999999999977
2021_analysed,Exp_12_Apr_2021_1745pm,True,False,12,Apr,2021,1745,,3000.0,0.8333333333333334,6.800000000000011
2021_analysed,Exp_12_Apr_2021_1945pm,True,False,12,Apr,2021,1945,,3000.0,0.8333333333333334,0.40000000000009095
2021_analysed,Exp_12_Jul_2021_0045am,True,False,12,Jul,2021,0045,,3000.0,0.8333333333333334,0.8000000000000682
2021_analysed,Exp_12_Jul_2021_0645am,True,False,12,Jul,2021,0645,,3000.0,0.8333333333333334,0.8000000000001819
2021_analysed,Exp_12_Jul_2021_0745am,True,False,12,Jul,2021,0745,,3000.0,0.8333333333333334,5.199999999999818
2021_analysed,Exp_12_Jul_2021_0845am,True,False,12,Jul,2021,0845,,3000.0,0.8333333333333334,696.8000000000039
2021_analysed,Exp_12_Jul_2021_0945am,True,False,12,Jul,2021,0945,,3000.0,0.8333333333333334,475.59999999999957
2021_analysed,Exp_12_Jul_2021_1045am,True,False,12,Jul,2021,1045,,3000.0,0.8333333333333334,39.99999999999932
2021_analysed,Exp_12_Jul_2021_1145am,True,False,12,Jul,2021,1145,,3000.0,0.8333333333333334,958.4000000000011
2021_analysed,Exp_12_Jul_2021_1245pm,True,False,12,Jul,2021,1245,,3000.0,0.8333333333333334,1654.0000000000023
2021_analysed,Exp_12_Jul_2021_1345pm,True,False,12,Jul,2021,1345,,3000.0,0.8333333333333334,422.4000000000001
2021_analysed,Exp_12_Jul_2021_1445pm,True,False,12,Jul,2021,1445,,3000.0,0.8333333333333334,140.39999999999878
2021_analysed,Exp_12_Jul_2021_1545pm,True,False,12,Jul,2021,1545,,3000.0,0.8333333333333334,362.40000000000026
2021_analysed,Exp_12_Jul_2021_1645pm,True,False,12,Jul,2021,1645,,3000.0,0.8333333333333334,3.199999999999818
2021_analysed,Exp_12_Jul_2021_1745pm,True,False,12,Jul,2021,1745,,3000.0,0.8333333333333334,8.399999999999629
2021_analysed,Exp_12_Jul_2021_1945pm,True,False,12,Jul,2021,1945,,3000.0,0.8333333333333334,0.39999999999997726
2021_analysed,Exp_12_Jun_2021_0045am,True,False,12,Jun,2021,0045,,3000.0,0.8333333333333334,0.8000000000001819
2021_analysed,Exp_12_Jun_2021_0645am,True,False,12,Jun,2021,0645,,3000.0,0.8333333333333334,0.0
2021_analysed,Exp_12_Jun_2021_0745am,True,False,12,Jun,2021,0745,,3000.0,0.8333333333333334,0.39999999999997726
2021_analysed,Exp_12_Jun_2021_0845am,True,False,12,Jun,2021,0845,,3000.0,0.8333333333333334,111.20000000000077
2021_analysed,Exp_12_Mar_2021_0045am,True,False,12,Mar,2021,0045,,3000.0,0.8333333333333334,1.199999999999818
2021_analysed,Exp_12_Mar_2021_0645am,True,False,12,Mar,2021,0645,,3000.0,0.8333333333333334,1.2000000000001023
2021_analysed,Exp_12_Mar_2021_0745am,True,False,12,Mar,2021,0745,,3000.0,0.8333333333333334,2.4000000000005457
2021_analysed,Exp_12_Mar_2021_0845am,True,False,12,Mar,2021,0845,,3000.0,0.8333333333333334,57.59999999999869
2021_analysed,Exp_12_Mar_2021_0945am,True,False,12,Mar,2021,0945,,3000.0,0.8333333333333334,260.3999999999985
2021_analysed,Exp_12_Mar_2021_1045am,True,False,12,Mar,2021,1045,,3000.0,0.8333333333333334,43.59999999999937
2021_analysed,Exp_12_Mar_2021_1145am,True,False,12,Mar,2021,1145,,3000.0,0.8333333333333334,188.0000000000001
2021_analysed,Exp_12_Mar_2021_1245pm,True,False,12,Mar,2021,1245,,3000.0,0.8333333333333334,118.79999999999829
2021_analysed,Exp_12_Mar_2021_1345pm,True,False,12,Mar,2021,1345,,3000.0,0.8333333333333334,264.00000000000006
2021_analysed,Exp_12_Mar_2021_1445pm,True,False,12,Mar,2021,1445,,3000.0,0.8333333333333334,13.199999999999605
2021_analysed,Exp_12_Mar_2021_1545pm,True,False,12,Mar,2021,1545,,3000.0,0.8333333333333334,119.99999999999903
2021_analysed,Exp_12_Mar_2021_1645pm,True,False,12,Mar,2021,1645,,3000.0,0.8333333333333334,16.80000000000115
2021_analysed,Exp_12_Mar_2021_1745pm,True,False,12,Mar,2021,1745,,3000.0,0.8333333333333334,1.599999999999909
2021_analysed,Exp_12_Mar_2021_1945pm,True,False,12,Mar,2021,1945,,3000.0,0.8333333333333334,1.2000000000001592
2021_analysed,Exp_13_Apr_2021_0045am,True,False,13,Apr,2021,0045,,3000.0,0.8333333333333334,0.0
2021_analysed,Exp_13_Apr_2021_0645am,True,False,13,Apr,2021,0645,,3000.0,0.8333333333333334,1.199999999999818
2021_analysed,Exp_13_Apr_2021_0745am,True,False,13,Apr,2021,0745,,3000.0,0.8333333333333334,117.59999999999968
2021_analysed,Exp_13_Apr_2021_0845am,True,False,13,Apr,2021,0845,,3000.0,0.8333333333333334,952.8000000000038
2021_analysed,Exp_13_Apr_2021_0945am,True,False,13,Apr,2021,0945,,3000.0,0.8333333333333334,1046.799999999998
2021_analysed,Exp_13_Apr_2021_1045am,True,False,13,Apr,2021,1045,,3000.0,0.8333333333333334,1143.6
2021_analysed,Exp_13_Apr_2021_1145am,True,False,13,Apr,2021,1145,,3000.0,0.8333333333333334,485.99999999999966
2021_analysed,Exp_13_Apr_2021_1245pm,True,False,13,Apr,2021,1245,,3000.0,0.8333333333333334,488.39999999999975
2021_analysed,Exp_13_Apr_2021_1345pm,True,False,13,Apr,2021,1345,,3000.0,0.8333333333333334,142.79999999999876
2021_analysed,Exp_13_Apr_2021_1445pm,True,False,13,Apr,2021,1445,,3000.0,0.8333333333333334,1.200000000000074
2021_analysed,Exp_13_Apr_2021_1545pm,True,False,13,Apr,2021,1545,,3000.0,0.8333333333333334,472.4000000000008
2021_analysed,Exp_13_Apr_2021_1645pm,True,False,13,Apr,2021,1645,,3000.0,0.8333333333333334,126.80000000000281
2021_analysed,Exp_13_Apr_2021_1745pm,True,False,13,Apr,2021,1745,,3000.0,0.8333333333333334,120.40000000000062
2021_analysed,Exp_13_Apr_2021_1945pm,True,False,13,Apr,2021,1945,,3000.0,0.8333333333333334,13.599999999999454
2021_analysed,Exp_13_Jul_2021_0045am,True,False,13,Jul,2021,0045,,3000.0,0.8333333333333334,0.8000000000001819
2021_analysed,Exp_13_Jul_2021_0645am,True,False,13,Jul,2021,0645,,3000.0,0.8333333333333334,0.3999999999998636
2021_analysed,Exp_13_Jul_2021_0745am,True,False,13,Jul,2021,0745,,3000.0,0.8333333333333334,13.999999999999034
2021_analysed,Exp_13_Jul_2021_0845am,True,False,13,Jul,2021,0845,,3000.0,0.8333333333333334,3.200000000000273
2021_analysed,Exp_13_Jul_2021_0945am,True,False,13,Jul,2021,0945,,3000.0,0.8333333333333334,189.60000000000105
2021_analysed,Exp_13_Jul_2021_1045am,True,False,13,Jul,2021,1045,,3000.0,0.8333333333333334,104.79999999999981
2021_analysed,Exp_13_Jul_2021_1145am,True,False,13,Jul,2021,1145,,3000.0,0.8333333333333334,156.79999999999856
2021_analysed,Exp_13_Jul_2021_1245pm,True,False,13,Jul,2021,1245,,3000.0,0.8333333333333334,602.4000000000057
2021_analysed,Exp_13_Jul_2021_1345pm,True,False,13,Jul,2021,1345,,3000.0,0.8333333333333334,641.6000000000006
2021_analysed,Exp_13_Jul_2021_1445pm,True,False,13,Jul,2021,1445,,3000.0,0.8333333333333334,1462.0000000000023
2021_analysed,Exp_13_Jul_2021_1545pm,True,False,13,Jul,2021,1545,,3000.0,0.8333333333333334,365.6000000000005
2021_analysed,Exp_13_Jul_2021_1645pm,True,False,13,Jul,2021,1645,,3000.0,0.8333333333333334,6.799999999999272
2021_analysed,Exp_13_Jul_2021_1745pm,True,False,13,Jul,2021,1745,,3000.0,0.8333333333333334,7.600000000000271
2021_analysed,Exp_13_Jul_2021_1945pm,True,False,13,Jul,2021,1945,,3000.0,0.8333333333333334,2.4000000000000057
2021_analysed,Exp_13_Mar_2021_0045am,True,False,13,Mar,2021,0045,,3000.0,0.8333333333333334,0.40000000000009095
2021_analysed,Exp_13_Mar_2021_0645am,True,False,13,Mar,2021,0645,,3000.0,0.8333333333333334,27.200000000000642
2021_analysed,Exp_13_Mar_2021_0745am,True,False,13,Mar,2021,0745,,3000.0,0.8333333333333334,3.200000000000614
2021_analysed,Exp_13_Mar_2021_0845am,True,False,13,Mar,2021,0845,,3000.0,0.8333333333333334,131.60000000000065
2021_analysed,Exp_13_Mar_2021_0945am,True,False,13,Mar,2021,0945,,3000.0,0.8333333333333334,43.59999999999914
2021_analysed,Exp_13_Mar_2021_1045am,True,False,13,Mar,2021,1045,,3000.0,0.8333333333333334,90.39999999999814
2021_analysed,Exp_13_Mar_2021_1145am,True,False,13,Mar,2021,1145,,3000.0,0.8333333333333334,191.59999999999872
2021_analysed,Exp_13_Mar_2021_1245pm,True,False,13,Mar,2021,1245,,3000.0,0.8333333333333334,26.000000000000217
2021_analysed,Exp_13_Mar_2021_1345pm,True,False,13,Mar,2021,1345,,3000.0,0.8333333333333334,264.3999999999999
2021_analysed,Exp_13_Mar_2021_1445pm,True,False,13,Mar,2021,1445,,3000.0,0.8333333333333334,37.999999999999545
2021_analysed,Exp_13_Mar_2021_1545pm,True,False,13,Mar,2021,1545,,3000.0,0.8333333333333334,70.4
2021_analysed,Exp_13_Mar_2021_1645pm,True,False,13,Mar,2021,1645,,3000.0,0.8333333333333334,1.6000000000001364
2021_analysed,Exp_13_Mar_2021_1745pm,True,False,13,Mar,2021,1745,,3000.0,0.8333333333333334,0.8000000000000931
2021_analysed,Exp_13_Mar_2021_1945pm,True,False,13,Mar,2021,1945,,3000.0,0.8333333333333334,3.599999999999511
2021_analysed,Exp_13_May_2021_1245pm,True,False,13,May,2021,1245,,3000.0,0.8333333333333334,747.9999999999977
2021_analysed,Exp_13_May_2021_1345pm,True,False,13,May,2021,1345,,3000.0,0.8333333333333334,349.19999999999845
2021_analysed,Exp_13_May_2021_1445pm,True,False,13,May,2021,1445,,3000.0,0.8333333333333334,744.0000000000005
2021_analysed,Exp_13_May_2021_1545pm,True,False,13,May,2021,1545,,3000.0,0.8333333333333334,320.80000000000024
2021_analysed,Exp_13_May_2021_1645pm,True,False,13,May,2021,1645,,3000.0,0.8333333333333334,1.2000000000001023
2021_analysed,Exp_13_May_2021_1745pm,True,False,13,May,2021,1745,,3000.0,0.8333333333333334,10.399999999999821
2021_analysed,Exp_13_May_2021_1945pm,True,False,13,May,2021,1945,,3000.0,0.8333333333333334,6.400000000000318
2021_analysed,Exp_14_Apr_2021_0045am,True,False,14,Apr,2021,0045,,3000.0,0.8333333333333334,0.8000000000000966
2021_analysed,Exp_14_Apr_2021_0645am,True,False,14,Apr,2021,0645,,3000.0,0.8333333333333334,0.8000000000001819
2021_analysed,Exp_14_Apr_2021_0745am,True,False,14,Apr,2021,0745,,3000.0,0.8333333333333334,0.0
2021_analysed,Exp_14_Apr_2021_0845am,True,False,14,Apr,2021,0845,,3000.0,0.8333333333333334,49.999999999999034
2021_analysed,Exp_14_Apr_2021_0945am,True,False,14,Apr,2021,0945,,3000.0,0.8333333333333334,802.3999999999999
2021_analysed,Exp_14_Apr_2021_1045am,True,False,14,Apr,2021,1045,,3000.0,0.8333333333333334,1034.000000000002
2021_analysed,Exp_14_Apr_2021_1145am,True,False,14,Apr,2021,1145,,3000.0,0.8333333333333334,157.60000000000014
2021_analysed,Exp_14_Apr_2021_1245pm,True,False,14,Apr,2021,1245,,3000.0,0.8333333333333334,227.99999999999693
2021_analysed,Exp_14_Apr_2021_1345pm,True,False,14,Apr,2021,1345,,3000.0,0.8333333333333334,513.1999999999963
2021_analysed,Exp_14_Apr_2021_1445pm,True,False,14,Apr,2021,1445,,3000.0,0.8333333333333334,1054.4000000000024
2021_analysed,Exp_14_Apr_2021_1545pm,True,False,14,Apr,2021,1545,,3000.0,0.8333333333333334,497.5999999999999
2021_analysed,Exp_14_Apr_2021_1645pm,True,False,14,Apr,2021,1645,,3000.0,0.8333333333333334,2.799999999999976
2021_analysed,Exp_14_Apr_2021_1745pm,True,False,14,Apr,2021,1745,,3000.0,0.8333333333333334,0.0
2021_analysed,Exp_14_Apr_2021_1945pm,True,False,14,Apr,2021,1945,,3000.0,0.8333333333333334,0.4000000000000057
2021_analysed,Exp_14_Jul_2021_0045am,True,False,14,Jul,2021,0045,,3000.0,0.8333333333333334,0.0
2021_analysed,Exp_14_Jul_2021_0645am,True,False,14,Jul,2021,0645,,3000.0,0.8333333333333334,0.40000000000009095
2021_analysed,Exp_14_Jul_2021_0745am,True,False,14,Jul,2021,0745,,3000.0,0.8333333333333334,4.799999999999159
2021_analysed,Exp_14_Jul_2021_0845am,True,False,14,Jul,2021,0845,,3000.0,0.8333333333333334,99.1999999999997
2021_analysed,Exp_14_Jul_2021_0945am,True,False,14,Jul,2021,0945,,3000.0,0.8333333333333334,250.40000000000012
2021_analysed,Exp_14_Jul_2021_1045am,True,False,14,Jul,2021,1045,,3000.0,0.8333333333333334,2.0000000000004547
2021_analysed,Exp_14_Jul_2021_1145am,True,False,14,Jul,2021,1145,,3000.0,0.8333333333333334,222.00000000000017
2021_analysed,Exp_14_Jul_2021_1245pm,True,False,14,Jul,2021,1245,,3000.0,0.8333333333333334,412.80000000000297
2021_analysed,Exp_14_Jul_2021_1345pm,True,False,14,Jul,2021,1345,,3000.0,0.8333333333333334,403.9999999999983
2021_analysed,Exp_14_Jul_2021_1445pm,True,False,14,Jul,2021,1445,,3000.0,0.8333333333333334,741.9999999999957
2021_analysed,Exp_14_Jul_2021_1545pm,True,False,14,Jul,2021,1545,,3000.0,0.8333333333333334,290.7999999999996
2021_analysed,Exp_14_Jul_2021_1645pm,True,False,14,Jul,2021,1645,,3000.0,0.8333333333333334,4.800000000000182
2021_analysed,Exp_14_Jul_2021_1745pm,True,False,14,Jul,2021,1745,,3000.0,0.8333333333333334,55.20000000000012
2021_analysed,Exp_14_Jul_2021_1945pm,True,False,14,Jul,2021,1945,,3000.0,0.8333333333333334,1.2000000000001023
2021_analysed,Exp_14_Mar_2021_0045am,True,False,14,Mar,2021,0045,,3000.0,0.8333333333333334,0.0
2021_analysed,Exp_14_Mar_2021_0645am,True,False,14,Mar,2021,0645,,3000.0,0.8333333333333334,2.399999999999636
2021_analysed,Exp_14_Mar_2021_0745am,True,False,14,Mar,2021,0745,,3000.0,0.8333333333333334,7.200000000000159
2021_analysed,Exp_14_Mar_2021_0845am,True,False,14,Mar,2021,0845,,3000.0,0.8333333333333334,37.600000000000605
2021_analysed,Exp_14_Mar_2021_0945am,True,False,14,Mar,2021,0945,,3000.0,0.8333333333333334,200.40000000000083
2021_analysed,Exp_14_Mar_2021_1045am,True,False,14,Mar,2021,1045,,3000.0,0.8333333333333334,43.60000000000073
2021_analysed,Exp_14_Mar_2021_1145am,True,False,14,Mar,2021,1145,,3000.0,0.8333333333333334,422.3999999999986
2021_analysed,Exp_14_Mar_2021_1245pm,True,False,14,Mar,2021,1245,,3000.0,0.8333333333333334,7.999999999999318
2021_analysed,Exp_14_Mar_2021_1345pm,True,False,14,Mar,2021,1345,,3000.0,0.8333333333333334,255.19999999999845
2021_analysed,Exp_14_Mar_2021_1445pm,True,False,14,Mar,2021,1445,,3000.0,0.8333333333333334,101.20000000000442
2021_analysed,Exp_14_Mar_2021_1545pm,True,False,14,Mar,2021,1545,,3000.0,0.8333333333333334,290.40000000000055
2021_analysed,Exp_14_Mar_2021_1645pm,True,False,14,Mar,2021,1645,,3000.0,0.8333333333333334,10.399999999999537
2021_analysed,Exp_14_Mar_2021_1745pm,True,False,14,Mar,2021,1745,,3000.0,0.8333333333333334,1.6000000000001364
2021_analysed,Exp_14_Mar_2021_1945pm,True,False,14,Mar,2021,1945,,3000.0,0.8333333333333334,3.6000000000001933
2021_analysed,Exp_14_May_2021_0045am,True,False,14,May,2021,0045,,3000.0,0.8333333333333334,2.000000000000142
2021_analysed,Exp_14_May_2021_0645am,True,False,14,May,2021,0645,,3000.0,0.8333333333333334,0.8000000000001819
2021_analysed,Exp_14_May_2021_0745am,True,False,14,May,2021,0745,,3000.0,0.8333333333333334,3.6000000000001933
2021_analysed,Exp_14_May_2021_0845am,True,False,14,May,2021,0845,,3000.0,0.8333333333333334,153.19999999999516
2021_analysed,Exp_14_May_2021_0945am,True,False,14,May,2021,0945,,3000.0,0.8333333333333334,293.59999999999854
2021_analysed,Exp_14_May_2021_1045am,True,False,14,May,2021,1045,,3000.0,0.8333333333333334,18.800000000000693
2021_analysed,Exp_14_May_2021_1145am,True,False,14,May,2021,1145,,3000.0,0.8333333333333334,406.7999999999999
2021_analysed,Exp_14_May_2021_1245pm,True,False,14,May,2021,1245,,3000.0,0.8333333333333334,708.3999999999965
2021_analysed,Exp_14_May_2021_1345pm,True,False,14,May,2021,1345,,3000.0,0.8333333333333334,292.80000000000075
2021_analysed,Exp_14_May_2021_1445pm,True,False,14,May,2021,1445,,3000.0,0.8333333333333334,825.6000000000025
2021_analysed,Exp_14_May_2021_1545pm,True,False,14,May,2021,1545,,3000.0,0.8333333333333334,464.39999999999884
2021_analysed,Exp_14_May_2021_1645pm,True,False,14,May,2021,1645,,3000.0,0.8333333333333334,2.3999999999999773
2021_analysed,Exp_14_May_2021_1745pm,True,False,14,May,2021,1745,,3000.0,0.8333333333333334,37.19999999999913
2021_analysed,Exp_14_May_2021_1945pm,True,False,14,May,2021,1945,,3000.0,0.8333333333333334,0.7999999999999545
2021_analysed,Exp_15_Apr_2021_0045am,True,False,15,Apr,2021,0045,,3000.0,0.8333333333333334,0.7999999999996135
2021_analysed,Exp_15_Apr_2021_0645am,True,False,15,Apr,2021,0645,,3000.0,0.8333333333333334,0.8000000000001819
2021_analysed,Exp_15_Apr_2021_0745am,True,False,15,Apr,2021,0745,,3000.0,0.8333333333333334,0.7999999999997272
2021_analysed,Exp_15_Apr_2021_0845am,True,False,15,Apr,2021,0845,,3000.0,0.8333333333333334,7.600000000000136
2021_analysed,Exp_15_Apr_2021_0945am,True,False,15,Apr,2021,0945,,3000.0,0.8333333333333334,179.60000000000178
2021_analysed,Exp_15_Apr_2021_1045am,True,False,15,Apr,2021,1045,,3000.0,0.8333333333333334,36.39999999999938
2021_analysed,Exp_15_Apr_2021_1145am,True,False,15,Apr,2021,1145,,3000.0,0.8333333333333334,378.80000000000234
2021_analysed,Exp_15_Apr_2021_1245pm,True,False,15,Apr,2021,1245,,3000.0,0.8333333333333334,354.00000000000443
2021_analysed,Exp_15_Apr_2021_1345pm,True,False,15,Apr,2021,1345,,3000.0,0.8333333333333334,220.3999999999994
2021_analysed,Exp_15_Apr_2021_1445pm,True,False,15,Apr,2021,1445,,3000.0,0.8333333333333334,29.600000000000023
2021_analysed,Exp_15_Apr_2021_1545pm,True,False,15,Apr,2021,1545,,3000.0,0.8333333333333334,191.1999999999992
2021_analysed,Exp_15_Apr_2021_1645pm,True,False,15,Apr,2021,1645,,3000.0,0.8333333333333334,40.39999999999873
2021_analysed,Exp_15_Apr_2021_1745pm,True,False,15,Apr,2021,1745,,3000.0,0.8333333333333334,1.1999999999999886
2021_analysed,Exp_15_Apr_2021_1945pm,True,False,15,Apr,2021,1945,,3000.0,0.8333333333333334,1.9999999999997726
2021_analysed,Exp_15_Jul_2021_0045am,True,False,15,Jul,2021,0045,,3000.0,0.8333333333333334,1.199999999999818
2021_analysed,Exp_15_Jul_2021_0645am,True,False,15,Jul,2021,0645,,3000.0,0.8333333333333334,0.0
2021_analysed,Exp_15_Jul_2021_0745am,True,False,15,Jul,2021,0745,,3000.0,0.8333333333333334,1.6000000000002501
2021_analysed,Exp_15_Jul_2021_0845am,True,False,15,Jul,2021,0845,,3000.0,0.8333333333333334,13.20000000000016
2021_analysed,Exp_15_Jul_2021_0945am,True,False,15,Jul,2021,0945,,3000.0,0.8333333333333334,152.00000000000125
2021_analysed,Exp_15_Jul_2021_1045am,True,False,15,Jul,2021,1045,,3000.0,0.8333333333333334,62.39999999999845
2021_analysed,Exp_15_Jul_2021_1145am,True,False,15,Jul,2021,1145,,3000.0,0.8333333333333334,219.59999999999786
2021_analysed,Exp_15_Jul_2021_1245pm,True,False,15,Jul,2021,1245,,3000.0,0.8333333333333334,337.99999999999966
2021_analysed,Exp_15_Jul_2021_1345pm,True,False,15,Jul,2021,1345,,3000.0,0.8333333333333334,348.00000000000114
2021_analysed,Exp_15_Jul_2021_1445pm,True,False,15,Jul,2021,1445,,3000.0,0.8333333333333334,196.4000000000001
2021_analysed,Exp_15_Jul_2021_1545pm,True,False,15,Jul,2021,1545,,3000.0,0.8333333333333334,613.2000000000007
2021_analysed,Exp_15_Jul_2021_1645pm,True,False,15,Jul,2021,1645,,3000.0,0.8333333333333334,2.399999999999636
2021_analysed,Exp_15_Jul_2021_1745pm,True,False,15,Jul,2021,1745,,3000.0,0.8333333333333334,4.800000000000011
2021_analysed,Exp_15_Jul_2021_1945pm,True,False,15,Jul,2021,1945,,3000.0,0.8333333333333334,0.0
2021_analysed,Exp_15_Jun_2021_1243pm,True,False,15,Jun,2021,1243,,7.338666666666667,0.0020385185185185185,0.0
2021_analysed,Exp_15_Jun_2021_1345pm,True,False,15,Jun,2021,1345,,3000.0,0.8333333333333334,283.60000000000105
2021_analysed,Exp_15_Jun_2021_1445pm,True,False,15,Jun,2021,1445,,3000.0,0.8333333333333334,2.7999999999992724
2021_analysed,Exp_15_Jun_2021_1545pm,True,False,15,Jun,2021,1545,,3000.0,0.8333333333333334,42.00000000000016
2021_analysed,Exp_15_Jun_2021_1645pm,True,False,15,Jun,2021,1645,,3000.0,0.8333333333333334,2.3999999999999204
2021_analysed,Exp_15_Jun_2021_1745pm,True,False,15,Jun,2021,1745,,3000.0,0.8333333333333334,19.599999999999454
2021_analysed,Exp_15_Jun_2021_1945pm,True,False,15,Jun,2021,1945,,3000.0,0.8333333333333334,0.7999999999997272
2021_analysed,Exp_15_Mar_2021_0045am,True,False,15,Mar,2021,0045,,3000.0,0.8333333333333334,0.8000000000001251
2021_analysed,Exp_15_Mar_2021_0645am,True,False,15,Mar,2021,0645,,3000.0,0.8333333333333334,0.40000000000009095
2021_analysed,Exp_15_Mar_2021_0745am,True,False,15,Mar,2021,0745,,3000.0,0.8333333333333334,4.800000000000182
2021_analysed,Exp_15_Mar_2021_0845am,True,False,15,Mar,2021,0845,,3000.0,0.8333333333333334,5.200000000000742
2021_analysed,Exp_15_Mar_2021_0945am,True,False,15,Mar,2021,0945,,3000.0,0.8333333333333334,185.19999999999732
2021_analysed,Exp_15_Mar_2021_1045am,True,False,15,Mar,2021,1045,,3000.0,0.8333333333333334,3.999999999999801
2021_analysed,Exp_15_Mar_2021_1145am,True,False,15,Mar,2021,1145,,3000.0,0.8333333333333334,167.99999999999955
2021_analysed,Exp_15_Mar_2021_1245pm,True,False,15,Mar,2021,1245,,3000.0,0.8333333333333334,77.99999999999923
2021_analysed,Exp_15_Mar_2021_1345pm,True,False,15,Mar,2021,1345,,3000.0,0.8333333333333334,82.00000000000026
2021_analysed,Exp_15_Mar_2021_1445pm,True,False,15,Mar,2021,1445,,3000.0,0.8333333333333334,12.800000000000722
2021_analysed,Exp_15_Mar_2021_1545pm,True,False,15,Mar,2021,1545,,3000.0,0.8333333333333334,152.39999999999932
2021_analysed,Exp_15_Mar_2021_1645pm,True,False,15,Mar,2021,1645,,3000.0,0.8333333333333334,3.5999999999997243
2021_analysed,Exp_15_Mar_2021_1745pm,True,False,15,Mar,2021,1745,,3000.0,0.8333333333333334,11.200000000001069
2021_analysed,Exp_15_Mar_2021_1945pm,True,False,15,Mar,2021,1945,,3000.0,0.8333333333333334,2.0000000000002274
2021_analysed,Exp_15_May_2021_0045am,True,False,15,May,2021,0045,,3000.0,0.8333333333333334,0.0
2021_analysed,Exp_15_May_2021_0645am,True,False,15,May,2021,0645,,3000.0,0.8333333333333334,1.2000000000001165
2021_analysed,Exp_15_May_2021_0745am,True,False,15,May,2021,0745,,3000.0,0.8333333333333334,1.6000000000003638
2021_analysed,Exp_15_May_2021_0845am,True,False,15,May,2021,0845,,3000.0,0.8333333333333334,334.399999999997
2021_analysed,Exp_15_May_2021_0945am,True,False,15,May,2021,0945,,3000.0,0.8333333333333334,355.2000000000017
2021_analysed,Exp_15_May_2021_1045am,True,False,15,May,2021,1045,,3000.0,0.8333333333333334,42.80000000000042
2021_analysed,Exp_15_May_2021_1145am,True,False,15,May,2021,1145,,3000.0,0.8333333333333334,411.99999999999864
2021_analysed,Exp_15_May_2021_1245pm,True,False,15,May,2021,1245,,3000.0,0.8333333333333334,1012.3999999999983
2021_analysed,Exp_15_May_2021_1345pm,True,False,15,May,2021,1345,,3000.0,0.8333333333333334,439.60000000000053
2021_analysed,Exp_15_May_2021_1445pm,True,False,15,May,2021,1445,,3000.0,0.8333333333333334,1036.7999999999965
2021_analysed,Exp_15_May_2021_1545pm,True,False,15,May,2021,1545,,3000.0,0.8333333333333334,293.2000000000002
2021_analysed,Exp_15_May_2021_1645pm,True,False,15,May,2021,1645,,3000.0,0.8333333333333334,12.800000000000665
2021_analysed,Exp_15_May_2021_1745pm,True,False,15,May,2021,1745,,3000.0,0.8333333333333334,2.3999999999998636
2021_analysed,Exp_15_May_2021_1945pm,True,False,15,May,2021,1945,,3000.0,0.8333333333333334,1.5999999999998522
2021_analysed,Exp_16_Apr_2021_0045am,True,False,16,Apr,2021,0045,,3000.0,0.8333333333333334,0.0
2021_analysed,Exp_16_Apr_2021_0645am,True,False,16,Apr,2021,0645,,3000.0,0.8333333333333334,12.400000000000318
2021_analysed,Exp_16_Apr_2021_0745am,True,False,16,Apr,2021,0745,,3000.0,0.8333333333333334,25.99999999999909
2021_analysed,Exp_16_Apr_2021_0845am,True,False,16,Apr,2021,0845,,3000.0,0.8333333333333334,82.40000000000114
2021_analysed,Exp_16_Apr_2021_0945am,True,False,16,Apr,2021,0945,,3000.0,0.8333333333333334,200.8000000000003
2021_analysed,Exp_16_Apr_2021_1045am,True,False,16,Apr,2021,1045,,3000.0,0.8333333333333334,1.9999999999996874
2021_analysed,Exp_16_Apr_2021_1145am,True,False,16,Apr,2021,1145,,3000.0,0.8333333333333334,218.80000000000013
2021_analysed,Exp_16_Apr_2021_1245pm,True,False,16,Apr,2021,1245,,3000.0,0.8333333333333334,11.59999999999917
2021_analysed,Exp_16_Apr_2021_1345pm,True,False,16,Apr,2021,1345,,3000.0,0.8333333333333334,198.8000000000014
2021_analysed,Exp_16_Apr_2021_1445pm,True,False,16,Apr,2021,1445,,3000.0,0.8333333333333334,125.59999999999764
2021_analysed,Exp_16_Apr_2021_1545pm,True,False,16,Apr,2021,1545,,3000.0,0.8333333333333334,362.0000000000011
2021_analysed,Exp_16_Apr_2021_1645pm,True,False,16,Apr,2021,1645,,3000.0,0.8333333333333334,14.40000000000046
2021_analysed,Exp_16_Apr_2021_1745pm,True,False,16,Apr,2021,1745,,3000.0,0.8333333333333334,88.40000000000086
2021_analysed,Exp_16_Apr_2021_1945pm,True,False,16,Apr,2021,1945,,3000.0,0.8333333333333334,0.0
2021_analysed,Exp_16_Jul_2021_0045am,True,False,16,Jul,2021,0045,,3000.0,0.8333333333333334,0.40000000000009095
2021_analysed,Exp_16_Jul_2021_0645am,True,False,16,Jul,2021,0645,,3000.0,0.8333333333333334,18.80000000000016
2021_analysed,Exp_16_Jul_2021_0745am,True,False,16,Jul,2021,0745,,3000.0,0.8333333333333334,2.4000000000002046
2021_analysed,Exp_16_Jul_2021_0845am,True,False,16,Jul,2021,0845,,3000.0,0.8333333333333334,592.0000000000017
2021_analysed,Exp_16_Jul_2021_0945am,True,False,16,Jul,2021,0945,,3000.0,0.8333333333333334,425.1999999999998
2021_analysed,Exp_16_Jul_2021_1045am,True,False,16,Jul,2021,1045,,3000.0,0.8333333333333334,64.40000000000063
2021_analysed,Exp_16_Jul_2021_1145am,True,False,16,Jul,2021,1145,,3000.0,0.8333333333333334,382.40000000000026
2021_analysed,Exp_16_Jul_2021_1245pm,True,False,16,Jul,2021,1245,,3000.0,0.8333333333333334,56.399999999998556
2021_analysed,Exp_16_Jul_2021_1345pm,True,False,16,Jul,2021,1345,,3000.0,0.8333333333333334,380.00000000000097
2021_analysed,Exp_16_Jul_2021_1445pm,True,False,16,Jul,2021,1445,,3000.0,0.8333333333333334,458.799999999998
2021_analysed,Exp_16_Jul_2021_1545pm,True,False,16,Jul,2021,1545,,3000.0,0.8333333333333334,397.2
2021_analysed,Exp_16_Jul_2021_1645pm,True,False,16,Jul,2021,1645,,3000.0,0.8333333333333334,251.20000000000073
2021_analysed,Exp_16_Jul_2021_1745pm,True,False,16,Jul,2021,1745,,3000.0,0.8333333333333334,139.20000000000053
2021_analysed,Exp_16_Jul_2021_1945pm,True,False,16,Jul,2021,1945,,3000.0,0.8333333333333334,1.5999999999999304
2021_analysed,Exp_16_Jun_2021_0045am,True,False,16,Jun,2021,0045,,3000.0,0.8333333333333334,0.7999999999997272
2021_analysed,Exp_16_Jun_2021_0645am,True,False,16,Jun,2021,0645,,3000.0,0.8333333333333334,0.8000000000000824
2021_analysed,Exp_16_Jun_2021_0745am,True,False,16,Jun,2021,0745,,3000.0,0.8333333333333334,1.599999999999966
2021_analysed,Exp_16_Jun_2021_0845am,True,False,16,Jun,2021,0845,,3000.0,0.8333333333333334,1.1999999999999318
2021_analysed,Exp_16_Jun_2021_0945am,True,False,16,Jun,2021,0945,,3000.0,0.8333333333333334,63.600000000000875
2021_analysed,Exp_16_Jun_2021_1045am,True,False,16,Jun,2021,1045,,3000.0,0.8333333333333334,17.200000000000387
2021_analysed,Exp_16_Jun_2021_1145am,True,False,16,Jun,2021,1145,,3000.0,0.8333333333333334,438.00000000000466
2021_analysed,Exp_16_Jun_2021_1245pm,True,False,16,Jun,2021,1245,,3000.0,0.8333333333333334,420.00000000000136
2021_analysed,Exp_16_Jun_2021_1345pm,True,False,16,Jun,2021,1345,,3000.0,0.8333333333333334,157.19999999999763
2021_analysed,Exp_16_Jun_2021_1445pm,True,False,16,Jun,2021,1445,,3000.0,0.8333333333333334,41.20000000000081
2021_analysed,Exp_16_Jun_2021_1545pm,True,False,16,Jun,2021,1545,,3000.0,0.8333333333333334,105.20000000000027
2021_analysed,Exp_16_Jun_2021_1645pm,True,False,16,Jun,2021,1645,,3000.0,0.8333333333333334,8.399999999999181
2021_analysed,Exp_16_Jun_2021_1745pm,True,False,16,Jun,2021,1745,,3000.0,0.8333333333333334,5.199999999999989
2021_analysed,Exp_16_Jun_2021_1945pm,True,False,16,Jun,2021,1945,,3000.0,0.8333333333333334,1.9999999999997726
2021_analysed,Exp_16_Mar_2021_0045am,True,False,16,Mar,2021,0045,,3000.0,0.8333333333333334,0.0
2021_analysed,Exp_16_Mar_2021_0645am,True,False,16,Mar,2021,0645,,3000.0,0.8333333333333334,0.39999999999997726
2021_analysed,Exp_16_Mar_2021_0745am,True,False,16,Mar,2021,0745,,3000.0,0.8333333333333334,10.399999999999974
2021_analysed,Exp_16_Mar_2021_0845am,True,False,16,Mar,2021,0845,,3000.0,0.8333333333333334,16.40000000000073
2021_analysed,Exp_16_Mar_2021_0945am,True,False,16,Mar,2021,0945,,3000.0,0.8333333333333334,172.80000000000035
2021_analysed,Exp_16_Mar_2021_1045am,True,False,16,Mar,2021,1045,,3000.0,0.8333333333333334,6.399999999999432
2021_analysed,Exp_16_Mar_2021_1145am,True,False,16,Mar,2021,1145,,3000.0,0.8333333333333334,180.4000000000009
2021_analysed,Exp_16_Mar_2021_1245pm,True,False,16,Mar,2021,1245,,3000.0,0.8333333333333334,17.200000000001197
2021_analysed,Exp_16_Mar_2021_1345pm,True,False,16,Mar,2021,1345,,3000.0,0.8333333333333334,105.99999999999979
2021_analysed,Exp_16_Mar_2021_1445pm,True,False,16,Mar,2021,1445,,3000.0,0.8333333333333334,10.800000000000423
2021_analysed,Exp_16_Mar_2021_1545pm,True,False,16,Mar,2021,1545,,3000.0,0.8333333333333334,153.99999999999852
2021_analysed,Exp_16_Mar_2021_1645pm,True,False,16,Mar,2021,1645,,3000.0,0.8333333333333334,4.400000000000233
2021_analysed,Exp_16_Mar_2021_1745pm,True,False,16,Mar,2021,1745,,3000.0,0.8333333333333334,2.800000000000523
2021_analysed,Exp_16_Mar_2021_1945pm,True,False,16,Mar,2021,1945,,3000.0,0.8333333333333334,4.7999999999995
2021_analysed,Exp_16_May_2021_0045am,True,False,16,May,2021,0045,,3000.0,0.8333333333333334,4.400000000000091
2021_analysed,Exp_16_May_2021_0645am,True,False,16,May,2021,0645,,3000.0,0.8333333333333334,108.79999999999961
2021_analysed,Exp_16_May_2021_0745am,True,False,16,May,2021,0745,,3000.0,0.8333333333333334,0.39999999999997726
2021_analysed,Exp_16_May_2021_0845am,True,False,16,May,2021,0845,,3000.0,0.8333333333333334,475.59999999999695
2021_analysed,Exp_16_May_2021_0945am,True,False,16,May,2021,0945,,3000.0,0.8333333333333334,477.99999999999966
2021_analysed,Exp_16_May_2021_1045am,True,False,16,May,2021,1045,,3000.0,0.8333333333333334,248.40000000000055
2021_analysed,Exp_16_May_2021_1145am,True,False,16,May,2021,1145,,3000.0,0.8333333333333334,600.400000000001
2021_analysed,Exp_16_May_2021_1245pm,True,False,16,May,2021,1245,,3000.0,0.8333333333333334,813.2000000000006
2021_analysed,Exp_16_May_2021_1345pm,True,False,16,May,2021,1345,,3000.0,0.8333333333333334,215.5999999999998
2021_analysed,Exp_16_May_2021_1445pm,True,False,16,May,2021,1445,,3000.0,0.8333333333333334,479.60000000000093
2021_analysed,Exp_16_May_2021_1545pm,True,False,16,May,2021,1545,,3000.0,0.8333333333333334,424.00000000000034
2021_analysed,Exp_16_May_2021_1645pm,True,False,16,May,2021,1645,,3000.0,0.8333333333333334,2.7999999999992724
2021_analysed,Exp_16_May_2021_1745pm,True,False,16,May,2021,1745,,291.8397708333333,0.08106660300925926,0.0
2021_analysed,Exp_17_Apr_2021_0045am,True,False,17,Apr,2021,0045,,3000.0,0.8333333333333334,0.0
2021_analysed,Exp_17_Apr_2021_0645am,True,False,17,Apr,2021,0645,,3000.0,0.8333333333333334,6.799999999998818
2021_analysed,Exp_17_Apr_2021_0745am,True,False,17,Apr,2021,0745,,3000.0,0.8333333333333334,66.0
2021_analysed,Exp_17_Apr_2021_0845am,True,False,17,Apr,2021,0845,,3000.0,0.8333333333333334,382.40000000000134
2021_analysed,Exp_17_Apr_2021_0945am,True,False,17,Apr,2021,0945,,3000.0,0.8333333333333334,567.5999999999997
2021_analysed,Exp_17_Apr_2021_1045am,True,False,17,Apr,2021,1045,,3000.0,0.8333333333333334,145.99999999999864
2021_analysed,Exp_17_Apr_2021_1145am,True,False,17,Apr,2021,1145,,3000.0,0.8333333333333334,487.19999999999607
2021_analysed,Exp_17_Apr_2021_1245pm,True,False,17,Apr,2021,1245,,3000.0,0.8333333333333334,98.40000000000076
2021_analysed,Exp_17_Apr_2021_1345pm,True,False,17,Apr,2021,1345,,3000.0,0.8333333333333334,267.6000000000016
2021_analysed,Exp_17_Apr_2021_1445pm,True,False,17,Apr,2021,1445,,3000.0,0.8333333333333334,46.399999999999295
2021_analysed,Exp_17_Apr_2021_1545pm,True,False,17,Apr,2021,1545,,3000.0,0.8333333333333334,293.99999999999864
2021_analysed,Exp_17_Apr_2021_1645pm,True,False,17,Apr,2021,1645,,3000.0,0.8333333333333334,0.3999999999998636
2021_analysed,Exp_17_Apr_2021_1745pm,True,False,17,Apr,2021,1745,,3000.0,0.8333333333333334,0.7999999999998693
2021_analysed,Exp_17_Apr_2021_1945pm,True,False,17,Apr,2021,1945,,3000.0,0.8333333333333334,0.0
2021_analysed,Exp_17_Jul_2021_0045am,True,False,17,Jul,2021,0045,,3000.0,0.8333333333333334,0.40000000000009095
2021_analysed,Exp_17_Jul_2021_0645am,True,False,17,Jul,2021,0645,,3000.0,0.8333333333333334,11.199999999999761
2021_analysed,Exp_17_Jul_2021_0745am,True,False,17,Jul,2021,0745,,3000.0,0.8333333333333334,0.0
2021_analysed,Exp_17_Jul_2021_0845am,True,False,17,Jul,2021,0845,,3000.0,0.8333333333333334,13.59999999999934
2021_analysed,Exp_17_Jul_2021_0945am,True,False,17,Jul,2021,0945,,3000.0,0.8333333333333334,216.39999999999947
2021_analysed,Exp_17_Jul_2021_1045am,True,False,17,Jul,2021,1045,,3000.0,0.8333333333333334,41.60000000000037
2021_analysed,Exp_17_Jul_2021_1145am,True,False,17,Jul,2021,1145,,3000.0,0.8333333333333334,236.7999999999998
2021_analysed,Exp_17_Jul_2021_1245pm,True,False,17,Jul,2021,1245,,3000.0,0.8333333333333334,77.59999999999894
2021_analysed,Exp_17_Jul_2021_1345pm,True,False,17,Jul,2021,1345,,3000.0,0.8333333333333334,485.9999999999996
2021_analysed,Exp_17_Jul_2021_1445pm,True,False,17,Jul,2021,1445,,3000.0,0.8333333333333334,978.0000000000055
2021_analysed,Exp_17_Jul_2021_1545pm,True,False,17,Jul,2021,1545,,3000.0,0.8333333333333334,408.7999999999985
2021_analysed,Exp_17_Jul_2021_1645pm,True,False,17,Jul,2021,1645,,3000.0,0.8333333333333334,6.400000000000432
2021_analysed,Exp_17_Jul_2021_1745pm,True,False,17,Jul,2021,1745,,3000.0,0.8333333333333334,36.3999999999977
2021_analysed,Exp_17_Jul_2021_1945pm,True,False,17,Jul,2021,1945,,3000.0,0.8333333333333334,3.599999999999362
2021_analysed,Exp_17_Jun_2021_0045am,True,False,17,Jun,2021,0045,,3000.0,0.8333333333333334,23.20000000000033
2021_analysed,Exp_17_Jun_2021_0645am,True,False,17,Jun,2021,0645,,3000.0,0.8333333333333334,0.39999999999997726
2021_analysed,Exp_17_Jun_2021_0745am,True,False,17,Jun,2021,0745,,3000.0,0.8333333333333334,4.000000000000135
2021_analysed,Exp_17_Mar_2021_0045am,True,False,17,Mar,2021,0045,,3000.0,0.8333333333333334,2.0000000000001137
2021_analysed,Exp_17_Mar_2021_0645am,True,False,17,Mar,2021,0645,,3000.0,0.8333333333333334,0.3999999999996362
2021_analysed,Exp_17_Mar_2021_0745am,True,False,17,Mar,2021,0745,,3000.0,0.8333333333333334,1.199999999999278
2021_analysed,Exp_17_Mar_2021_0845am,True,False,17,Mar,2021,0845,,3000.0,0.8333333333333334,4.400000000000006
2021_analysed,Exp_17_Mar_2021_0945am,True,False,17,Mar,2021,0945,,3000.0,0.8333333333333334,7.200000000000216
2021_analysed,Exp_17_Mar_2021_1045am,True,False,17,Mar,2021,1045,,3000.0,0.8333333333333334,48.80000000000003
2021_analysed,Exp_17_Mar_2021_1145am,True,False,17,Mar,2021,1145,,3000.0,0.8333333333333334,23.599999999999817
2021_analysed,Exp_17_Mar_2021_1245pm,True,False,17,Mar,2021,1245,,3000.0,0.8333333333333334,13.200000000001314
2021_analysed,Exp_17_Mar_2021_1345pm,True,False,17,Mar,2021,1345,,3000.0,0.8333333333333334,66.39999999999954
2021_analysed,Exp_17_Mar_2021_1445pm,True,False,17,Mar,2021,1445,,3000.0,0.8333333333333334,63.20000000000032
2021_analysed,Exp_17_Mar_2021_1545pm,True,False,17,Mar,2021,1545,,3000.0,0.8333333333333334,146.8000000000018
2021_analysed,Exp_17_Mar_2021_1645pm,True,False,17,Mar,2021,1645,,3000.0,0.8333333333333334,3.200000000000273
2021_analysed,Exp_17_Mar_2021_1745pm,True,False,17,Mar,2021,1745,,3000.0,0.8333333333333334,1.9999999999995453
2021_analysed,Exp_17_Mar_2021_1945pm,True,False,17,Mar,2021,1945,,3000.0,0.8333333333333334,2.000000000000142
2021_analysed,Exp_18_Apr_2021_0045am,True,False,18,Apr,2021,0045,,3000.0,0.8333333333333334,0.0
2021_analysed,Exp_18_Apr_2021_0645am,True,False,18,Apr,2021,0645,,3000.0,0.8333333333333334,0.0
2021_analysed,Exp_18_Apr_2021_0745am,True,False,18,Apr,2021,0745,,3000.0,0.8333333333333334,0.3999999999998636
2021_analysed,Exp_18_Apr_2021_0845am,True,False,18,Apr,2021,0845,,3000.0,0.8333333333333334,1.2000000000000455
2021_analysed,Exp_18_Apr_2021_0945am,True,False,18,Apr,2021,0945,,3000.0,0.8333333333333334,32.400000000000176
2021_analysed,Exp_18_Apr_2021_1045am,True,False,18,Apr,2021,1045,,3000.0,0.8333333333333334,63.59999999999991
2021_analysed,Exp_18_Apr_2021_1145am,True,False,18,Apr,2021,1145,,3000.0,0.8333333333333334,118.79999999999973
2021_analysed,Exp_18_Apr_2021_1245pm,True,False,18,Apr,2021,1245,,3000.0,0.8333333333333334,401.6000000000016
2021_analysed,Exp_18_Apr_2021_1345pm,True,False,18,Apr,2021,1345,,3000.0,0.8333333333333334,421.19999999999965
2021_analysed,Exp_18_Apr_2021_1445pm,True,False,18,Apr,2021,1445,,3000.0,0.8333333333333334,938.0000000000047
2021_analysed,Exp_18_Apr_2021_1545pm,True,False,18,Apr,2021,1545,,3000.0,0.8333333333333334,218.39999999999938
2021_analysed,Exp_18_Apr_2021_1645pm,True,False,18,Apr,2021,1645,,3000.0,0.8333333333333334,14.799999999999955
2021_analysed,Exp_18_Apr_2021_1745pm,True,False,18,Apr,2021,1745,,3000.0,0.8333333333333334,9.599999999999795
2021_analysed,Exp_18_Apr_2021_1945pm,True,False,18,Apr,2021,1945,,3000.0,0.8333333333333334,0.0
2021_analysed,Exp_18_Jul_2021_0045am,True,False,18,Jul,2021,0045,,3000.0,0.8333333333333334,0.0
2021_analysed,Exp_18_Jul_2021_0645am,True,False,18,Jul,2021,0645,,3000.0,0.8333333333333334,0.0
2021_analysed,Exp_18_Jul_2021_0745am,True,False,18,Jul,2021,0745,,3000.0,0.8333333333333334,18.79999999999987
2021_analysed,Exp_18_Jul_2021_0845am,True,False,18,Jul,2021,0845,,3000.0,0.8333333333333334,766.7999999999972
2021_analysed,Exp_18_Jul_2021_0945am,True,False,18,Jul,2021,0945,,3000.0,0.8333333333333334,394.79999999999967
2021_analysed,Exp_18_Jul_2021_1045am,True,False,18,Jul,2021,1045,,3000.0,0.8333333333333334,40.79999999999815
2021_analysed,Exp_18_Jul_2021_1145am,True,False,18,Jul,2021,1145,,3000.0,0.8333333333333334,169.60000000000065
2021_analysed,Exp_18_Jul_2021_1245pm,True,False,18,Jul,2021,1245,,3000.0,0.8333333333333334,47.20000000000067
2021_analysed,Exp_18_Jul_2021_1345pm,True,False,18,Jul,2021,1345,,3000.0,0.8333333333333334,287.1999999999993
2021_analysed,Exp_18_Jul_2021_1445pm,True,False,18,Jul,2021,1445,,3000.0,0.8333333333333334,31.59999999999836
2021_analysed,Exp_18_Jul_2021_1545pm,True,False,18,Jul,2021,1545,,3000.0,0.8333333333333334,101.9999999999999
2021_analysed,Exp_18_Jul_2021_1645pm,True,False,18,Jul,2021,1645,,3000.0,0.8333333333333334,1.5999999999996817
2021_analysed,Exp_18_Jul_2021_1745pm,True,False,18,Jul,2021,1745,,3000.0,0.8333333333333334,4.799999999999642
2021_analysed,Exp_18_Jul_2021_1945pm,True,False,18,Jul,2021,1945,,3000.0,0.8333333333333334,0.8000000000000895
2021_analysed,Exp_18_Mar_2021_0045am,True,False,18,Mar,2021,0045,,3000.0,0.8333333333333334,0.0
2021_analysed,Exp_18_Mar_2021_0645am,True,False,18,Mar,2021,0645,,3000.0,0.8333333333333334,0.8000000000000682
2021_analysed,Exp_18_Mar_2021_0745am,True,False,18,Mar,2021,0745,,3000.0,0.8333333333333334,1.9999999999994316
2021_analysed,Exp_18_Mar_2021_0845am,True,False,18,Mar,2021,0845,,3000.0,0.8333333333333334,147.2000000000013
2021_analysed,Exp_18_Mar_2021_0945am,True,False,18,Mar,2021,0945,,3000.0,0.8333333333333334,319.6000000000007
2021_analysed,Exp_18_Mar_2021_1045am,True,False,18,Mar,2021,1045,,3000.0,0.8333333333333334,38.400000000000034
2021_analysed,Exp_18_Mar_2021_1145am,True,False,18,Mar,2021,1145,,3000.0,0.8333333333333334,139.59999999999923
2021_analysed,Exp_18_Mar_2021_1245pm,True,False,18,Mar,2021,1245,,3000.0,0.8333333333333334,21.999999999999886
2021_analysed,Exp_18_Mar_2021_1345pm,True,False,18,Mar,2021,1345,,3000.0,0.8333333333333334,37.600000000000115
2021_analysed,Exp_18_Mar_2021_1445pm,True,False,18,Mar,2021,1445,,3000.0,0.8333333333333334,32.7999999999994
2021_analysed,Exp_18_Mar_2021_1545pm,True,False,18,Mar,2021,1545,,3000.0,0.8333333333333334,283.5999999999979
2021_analysed,Exp_18_Mar_2021_1645pm,True,False,18,Mar,2021,1645,,3000.0,0.8333333333333334,13.599999999999767
2021_analysed,Exp_18_Mar_2021_1745pm,True,False,18,Mar,2021,1745,,3000.0,0.8333333333333334,4.800000000000319
2021_analysed,Exp_18_Mar_2021_1945pm,True,False,18,Mar,2021,1945,,3000.0,0.8333333333333334,7.599999999998573
2021_analysed,Exp_19_Apr_2021_0045am,True,False,19,Apr,2021,0045,,3000.0,0.8333333333333334,0.40000000000009095
2021_analysed,Exp_19_Apr_2021_0645am,True,False,19,Apr,2021,0645,,3000.0,0.8333333333333334,0.0
2021_analysed,Exp_19_Apr_2021_0745am,True,False,19,Apr,2021,0745,,3000.0,0.8333333333333334,2.4000000000003183
2021_analysed,Exp_19_Apr_2021_0845am,True,False,19,Apr,2021,0845,,3000.0,0.8333333333333334,13.199999999999704
2021_analysed,Exp_19_Apr_2021_0945am,True,False,19,Apr,2021,0945,,3000.0,0.8333333333333334,395.1999999999995
2021_analysed,Exp_19_Apr_2021_1045am,True,False,19,Apr,2021,1045,,3000.0,0.8333333333333334,1161.199999999998
2021_analysed,Exp_19_Apr_2021_1145am,True,False,19,Apr,2021,1145,,3000.0,0.8333333333333334,297.5999999999993
2021_analysed,Exp_19_Apr_2021_1245pm,True,False,19,Apr,2021,1245,,3000.0,0.8333333333333334,1137.2000000000003
2021_analysed,Exp_19_Apr_2021_1345pm,True,False,19,Apr,2021,1345,,3000.0,0.8333333333333334,426.400000000001
2021_analysed,Exp_19_Apr_2021_1445pm,True,False,19,Apr,2021,1445,,3000.0,0.8333333333333334,40.79999999999936
2021_analysed,Exp_19_Apr_2021_1545pm,True,False,19,Apr,2021,1545,,3000.0,0.8333333333333334,460.40000000000055
2021_analysed,Exp_19_Apr_2021_1645pm,True,False,19,Apr,2021,1645,,3000.0,0.8333333333333334,8.400000000000091
2021_analysed,Exp_19_Apr_2021_1745pm,True,False,19,Apr,2021,1745,,3000.0,0.8333333333333334,15.999999999999964
2021_analysed,Exp_19_Apr_2021_1945pm,True,False,19,Apr,2021,1945,,3000.0,0.8333333333333334,0.0
2021_analysed,Exp_19_Jul_2021_0045am,True,False,19,Jul,2021,0045,,3000.0,0.8333333333333334,0.7999999999999776
2021_analysed,Exp_19_Jul_2021_0645am,True,False,19,Jul,2021,0645,,3000.0,0.8333333333333334,0.3999999999996362
2021_analysed,Exp_19_Jul_2021_0745am,True,False,19,Jul,2021,0745,,3000.0,0.8333333333333334,5.999999999999943
2021_analysed,Exp_19_Jul_2021_0845am,True,False,19,Jul,2021,0845,,3000.0,0.8333333333333334,19.200000000000728
2021_analysed,Exp_19_Jul_2021_0945am,True,False,19,Jul,2021,0945,,3000.0,0.8333333333333334,298.400000000001
2021_analysed,Exp_19_Jul_2021_1045am,True,False,19,Jul,2021,1045,,3000.0,0.8333333333333334,25.199999999998454
2021_analysed,Exp_19_Jul_2021_1145am,True,False,19,Jul,2021,1145,,3000.0,0.8333333333333334,301.6000000000012
2021_analysed,Exp_19_Jul_2021_1245pm,True,False,19,Jul,2021,1245,,3000.0,0.8333333333333334,21.199999999999335
2021_analysed,Exp_19_Jul_2021_1345pm,True,False,19,Jul,2021,1345,,3000.0,0.8333333333333334,370.80000000000246
2021_analysed,Exp_19_Jul_2021_1445pm,True,False,19,Jul,2021,1445,,3000.0,0.8333333333333334,201.9999999999993
2021_analysed,Exp_19_Jul_2021_1545pm,True,False,19,Jul,2021,1545,,3000.0,0.8333333333333334,243.99999999999991
2021_analysed,Exp_19_Jul_2021_1645pm,True,False,19,Jul,2021,1645,,3000.0,0.8333333333333334,7.599999999999909
2021_analysed,Exp_19_Jul_2021_1745pm,True,False,19,Jul,2021,1745,,3000.0,0.8333333333333334,1.599999999999909
2021_analysed,Exp_19_Jul_2021_1945pm,True,False,19,Jul,2021,1945,,3000.0,0.8333333333333334,1.200000000000216
2021_analysed,Exp_19_Mar_2021_0045am,True,False,19,Mar,2021,0045,,3000.0,0.8333333333333334,0.4000000000000057
2021_analysed,Exp_19_Mar_2021_0645am,True,False,19,Mar,2021,0645,,3000.0,0.8333333333333334,49.599999999999326
2021_analysed,Exp_19_Mar_2021_0745am,True,False,19,Mar,2021,0745,,3000.0,0.8333333333333334,16.000000000000114
2021_analysed,Exp_19_Mar_2021_0845am,True,False,19,Mar,2021,0845,,3000.0,0.8333333333333334,264.3999999999975
2021_analysed,Exp_19_Mar_2021_0945am,True,False,19,Mar,2021,0945,,3000.0,0.8333333333333334,155.20000000000152
2021_analysed,Exp_19_Mar_2021_1045am,True,False,19,Mar,2021,1045,,3000.0,0.8333333333333334,19.199999999999818
2021_analysed,Exp_19_Mar_2021_1145am,True,False,19,Mar,2021,1145,,3000.0,0.8333333333333334,339.1999999999986
2021_analysed,Exp_19_Mar_2021_1245pm,True,False,19,Mar,2021,1245,,3000.0,0.8333333333333334,74.3999999999995
2021_analysed,Exp_19_Mar_2021_1345pm,True,False,19,Mar,2021,1345,,3000.0,0.8333333333333334,145.59999999999906
2021_analysed,Exp_19_Mar_2021_1445pm,True,False,19,Mar,2021,1445,,3000.0,0.8333333333333334,77.59999999999798
2021_analysed,Exp_19_Mar_2021_1545pm,True,False,19,Mar,2021,1545,,3000.0,0.8333333333333334,154.79999999999998
2021_analysed,Exp_19_Mar_2021_1645pm,True,False,19,Mar,2021,1645,,3000.0,0.8333333333333334,16.79999999999864
2021_analysed,Exp_19_Mar_2021_1745pm,True,False,19,Mar,2021,1745,,3000.0,0.8333333333333334,4.000000000000341
2021_analysed,Exp_19_Mar_2021_1945pm,True,False,19,Mar,2021,1945,,3000.0,0.8333333333333334,2.0000000000002274
2021_analysed,Exp_19_May_2021_1132am,True,False,19,May,2021,1132,,6.912,0.00192,2.7999999999999994
2021_analysed,Exp_19_May_2021_1134am,True,False,19,May,2021,1134,,199.168,0.05532444444444445,15.999999999999993
2021_analysed,Exp_19_May_2021_1245pm,True,False,19,May,2021,1245,,3000.0,0.8333333333333334,320.3999999999993
2021_analysed,Exp_19_May_2021_1345pm,True,False,19,May,2021,1345,,3000.0,0.8333333333333334,353.6
2021_analysed,Exp_19_May_2021_1445pm,True,False,19,May,2021,1445,,3000.0,0.8333333333333334,201.60000000000306
2021_analysed,Exp_19_May_2021_1545pm,True,False,19,May,2021,1545,,3000.0,0.8333333333333334,386.80000000000007
2021_analysed,Exp_19_May_2021_1645pm,True,False,19,May,2021,1645,,3000.0,0.8333333333333334,6.400000000000215
2021_analysed,Exp_19_May_2021_1745pm,True,False,19,May,2021,1745,,3000.0,0.8333333333333334,2.3999999999999773
2021_analysed,Exp_19_May_2021_1945pm,True,False,19,May,2021,1945,,3000.0,0.8333333333333334,0.3999999999998636
2021_analysed,Exp_20_Apr_2021_0045am,True,False,20,Apr,2021,0045,,3000.0,0.8333333333333334,0.3999999999998636
2021_analysed,Exp_20_Apr_2021_0645am,True,False,20,Apr,2021,0645,,3000.0,0.8333333333333334,0.39999999999997726
2021_analysed,Exp_20_Apr_2021_0745am,True,False,20,Apr,2021,0745,,3000.0,0.8333333333333334,0.0
2021_analysed,Exp_20_Apr_2021_0845am,True,False,20,Apr,2021,0845,,3000.0,0.8333333333333334,21.99999999999909
2021_analysed,Exp_20_Apr_2021_0945am,True,False,20,Apr,2021,0945,,3000.0,0.8333333333333334,184.80000000000064
2021_analysed,Exp_20_Apr_2021_1045am,True,False,20,Apr,2021,1045,,3000.0,0.8333333333333334,16.00000000000091
2021_analysed,Exp_20_Apr_2021_1145am,True,False,20,Apr,2021,1145,,3000.0,0.8333333333333334,271.1999999999995
2021_analysed,Exp_20_Apr_2021_1245pm,True,False,20,Apr,2021,1245,,3000.0,0.8333333333333334,166.00000000000045
2021_analysed,Exp_20_Apr_2021_1345pm,True,False,20,Apr,2021,1345,,3000.0,0.8333333333333334,484.0000000000019
2021_analysed,Exp_20_Apr_2021_1445pm,True,False,20,Apr,2021,1445,,3000.0,0.8333333333333334,749.2000000000023
2021_analysed,Exp_20_Apr_2021_1545pm,True,False,20,Apr,2021,1545,,3000.0,0.8333333333333334,268.80000000000155
2021_analysed,Exp_20_Apr_2021_1645pm,True,False,20,Apr,2021,1645,,3000.0,0.8333333333333334,35.600000000001714
2021_analysed,Exp_20_Apr_2021_1745pm,True,False,20,Apr,2021,1745,,3000.0,0.8333333333333334,11.9999999999999
2021_analysed,Exp_20_Apr_2021_1945pm,True,False,20,Apr,2021,1945,,3000.0,0.8333333333333334,1.999999999999659
2021_analysed,Exp_20_Jul_2021_0045am,True,False,20,Jul,2021,0045,,3000.0,0.8333333333333334,1.2000000000001734
2021_analysed,Exp_20_Jul_2021_0645am,True,False,20,Jul,2021,0645,,3000.0,0.8333333333333334,0.8000000000001819
2021_analysed,Exp_20_Jul_2021_0745am,True,False,20,Jul,2021,0745,,3000.0,0.8333333333333334,0.4000000000000057
2021_analysed,Exp_20_Jul_2021_0845am,True,False,20,Jul,2021,0845,,3000.0,0.8333333333333334,48.80000000000093
2021_analysed,Exp_20_Jul_2021_0945am,True,False,20,Jul,2021,0945,,3000.0,0.8333333333333334,396.39999999999986
2021_analysed,Exp_20_Jul_2021_1045am,True,False,20,Jul,2021,1045,,3000.0,0.8333333333333334,4.799999999999848
2021_analysed,Exp_20_Jul_2021_1145am,True,False,20,Jul,2021,1145,,3000.0,0.8333333333333334,251.60000000000102
2021_analysed,Exp_20_Jul_2021_1245pm,True,False,20,Jul,2021,1245,,3000.0,0.8333333333333334,457.19999999999936
2021_analysed,Exp_20_Jul_2021_1345pm,True,False,20,Jul,2021,1345,,3000.0,0.8333333333333334,452.3999999999989
2021_analysed,Exp_20_Jul_2021_1445pm,True,False,20,Jul,2021,1445,,3000.0,0.8333333333333334,58.40000000000066
2021_analysed,Exp_20_Jul_2021_1545pm,True,False,20,Jul,2021,1545,,3000.0,0.8333333333333334,147.1999999999999
2021_analysed,Exp_20_Jul_2021_1645pm,True,False,20,Jul,2021,1645,,3000.0,0.8333333333333334,7.999999999999318
2021_analysed,Exp_20_Jul_2021_1745pm,True,False,20,Jul,2021,1745,,3000.0,0.8333333333333334,5.200000000000244
2021_analysed,Exp_20_Jul_2021_1945pm,True,False,20,Jul,2021,1945,,3000.0,0.8333333333333334,0.0
2021_analysed,Exp_20_Mar_2021_0045am,True,False,20,Mar,2021,0045,,3000.0,0.8333333333333334,1.6000000000001364
2021_analysed,Exp_20_Mar_2021_0645am,True,False,20,Mar,2021,0645,,3000.0,0.8333333333333334,41.600000000001046
2021_analysed,Exp_20_Mar_2021_0745am,True,False,20,Mar,2021,0745,,3000.0,0.8333333333333334,4.400000000000347
2021_analysed,Exp_20_Mar_2021_0845am,True,False,20,Mar,2021,0845,,3000.0,0.8333333333333334,24.000000000000142
2021_analysed,Exp_20_Mar_2021_0945am,True,False,20,Mar,2021,0945,,3000.0,0.8333333333333334,246.39999999999938
2021_analysed,Exp_20_Mar_2021_1045am,True,False,20,Mar,2021,1045,,3000.0,0.8333333333333334,75.59999999999977
2021_analysed,Exp_20_Mar_2021_1145am,True,False,20,Mar,2021,1145,,3000.0,0.8333333333333334,169.59999999999917
2021_analysed,Exp_20_Mar_2021_1245pm,True,False,20,Mar,2021,1245,,3000.0,0.8333333333333334,11.20000000000002
2021_analysed,Exp_20_Mar_2021_1345pm,True,False,20,Mar,2021,1345,,3000.0,0.8333333333333334,140.8
2021_analysed,Exp_20_Mar_2021_1445pm,True,False,20,Mar,2021,1445,,3000.0,0.8333333333333334,23.599999999999653
2021_analysed,Exp_20_Mar_2021_1545pm,True,False,20,Mar,2021,1545,,3000.0,0.8333333333333334,189.99999999999932
2021_analysed,Exp_20_Mar_2021_1645pm,True,False,20,Mar,2021,1645,,3000.0,0.8333333333333334,6.400000000001228
2021_analysed,Exp_20_Mar_2021_1745pm,True,False,20,Mar,2021,1745,,3000.0,0.8333333333333334,2.8000000000004093
2021_analysed,Exp_20_Mar_2021_1945pm,True,False,20,Mar,2021,1945,,3000.0,0.8333333333333334,0.8000000000000682
2021_analysed,Exp_20_May_2021_1727pm,True,False,20,May,2021,1727,,3.968,0.0011022222222222223,0.0
2021_analysed,Exp_20_May_2021_1729pm,True,False,20,May,2021,1729,,2.3893333333333335,0.0006637037037037038,0.0
2021_analysed,Exp_21_Apr_2021_0045am,True,False,21,Apr,2021,0045,,3000.0,0.8333333333333334,0.3999999999998636
2021_analysed,Exp_21_Apr_2021_0645am,True,False,21,Apr,2021,0645,,3000.0,0.8333333333333334,8.799999999999955
2021_analysed,Exp_21_Apr_2021_0745am,True,False,21,Apr,2021,0745,,3000.0,0.8333333333333334,10.399999999999807
2021_analysed,Exp_21_Apr_2021_0845am,True,False,21,Apr,2021,0845,,3000.0,0.8333333333333334,437.2000000000026
2021_analysed,Exp_21_Apr_2021_0945am,True,False,21,Apr,2021,0945,,3000.0,0.8333333333333334,359.1999999999988
2021_analysed,Exp_21_Apr_2021_1045am,True,False,21,Apr,2021,1045,,3000.0,0.8333333333333334,10.000000000000227
2021_analysed,Exp_21_Apr_2021_1145am,True,False,21,Apr,2021,1145,,3000.0,0.8333333333333334,262.00000000000057
2021_analysed,Exp_21_Apr_2021_1245pm,True,False,21,Apr,2021,1245,,3000.0,0.8333333333333334,61.199999999998745
2021_analysed,Exp_21_Apr_2021_1345pm,True,False,21,Apr,2021,1345,,3000.0,0.8333333333333334,181.19999999999993
2021_analysed,Exp_21_Apr_2021_1445pm,True,False,21,Apr,2021,1445,,3000.0,0.8333333333333334,76.39999999999986
2021_analysed,Exp_21_Apr_2021_1545pm,True,False,21,Apr,2021,1545,,3000.0,0.8333333333333334,403.20000000000084
2021_analysed,Exp_21_Apr_2021_1645pm,True,False,21,Apr,2021,1645,,3000.0,0.8333333333333334,169.6000000000002
2021_analysed,Exp_21_Apr_2021_1745pm,True,False,21,Apr,2021,1745,,3000.0,0.8333333333333334,0.0
2021_analysed,Exp_21_Apr_2021_1945pm,True,False,21,Apr,2021,1945,,3000.0,0.8333333333333334,0.4000000000000341
2021_analysed,Exp_21_Jul_2021_0045am,True,False,21,Jul,2021,0045,,3000.0,0.8333333333333334,1.2000000000001592
2021_analysed,Exp_21_Jul_2021_0645am,True,False,21,Jul,2021,0645,,3000.0,0.8333333333333334,0.8000000000000966
2021_analysed,Exp_21_Jul_2021_0745am,True,False,21,Jul,2021,0745,,3000.0,0.8333333333333334,0.4000000000000341
2021_analysed,Exp_21_Jul_2021_0845am,True,False,21,Jul,2021,0845,,3000.0,0.8333333333333334,506.39999999999884
2021_analysed,Exp_21_Jul_2021_0945am,True,False,21,Jul,2021,0945,,3000.0,0.8333333333333334,319.9999999999983
2021_analysed,Exp_21_Jul_2021_1045am,True,False,21,Jul,2021,1045,,3000.0,0.8333333333333334,3.6000000000002785
2021_analysed,Exp_21_Jul_2021_1145am,True,False,21,Jul,2021,1145,,3000.0,0.8333333333333334,294.00000000000045
2021_analysed,Exp_21_Jul_2021_1245pm,True,False,21,Jul,2021,1245,,3000.0,0.8333333333333334,206.79999999999745
2021_analysed,Exp_21_Jul_2021_1345pm,True,False,21,Jul,2021,1345,,3000.0,0.8333333333333334,388.80000000000047
2021_analysed,Exp_21_Jul_2021_1445pm,True,False,21,Jul,2021,1445,,3000.0,0.8333333333333334,458.00000000000176
2021_analysed,Exp_21_Jul_2021_1545pm,True,False,21,Jul,2021,1545,,3000.0,0.8333333333333334,371.9999999999991
2021_analysed,Exp_21_Jul_2021_1645pm,True,False,21,Jul,2021,1645,,3000.0,0.8333333333333334,2.400000000000091
2021_analysed,Exp_21_Jul_2021_1745pm,True,False,21,Jul,2021,1745,,3000.0,0.8333333333333334,7.9999999999990905
2021_analysed,Exp_21_Jul_2021_1945pm,True,False,21,Jul,2021,1945,,3000.0,0.8333333333333334,1.2000000000001592
2021_analysed,Exp_21_Mar_2021_0045am,True,False,21,Mar,2021,0045,,3000.0,0.8333333333333334,0.40000000000009095
2021_analysed,Exp_21_Mar_2021_0645am,True,False,21,Mar,2021,0645,,3000.0,0.8333333333333334,0.7999999999994998
2021_analysed,Exp_21_Mar_2021_0745am,True,False,21,Mar,2021,0745,,3000.0,0.8333333333333334,65.60000000000082
2021_analysed,Exp_21_Mar_2021_0845am,True,False,21,Mar,2021,0845,,3000.0,0.8333333333333334,190.40000000000072
2021_analysed,Exp_21_Mar_2021_0945am,True,False,21,Mar,2021,0945,,3000.0,0.8333333333333334,269.6000000000007
2021_analysed,Exp_21_Mar_2021_1045am,True,False,21,Mar,2021,1045,,3000.0,0.8333333333333334,3.6000000000008185
2021_analysed,Exp_21_Mar_2021_1145am,True,False,21,Mar,2021,1145,,3000.0,0.8333333333333334,50.00000000000091
2021_analysed,Exp_21_Mar_2021_1245pm,True,False,21,Mar,2021,1245,,3000.0,0.8333333333333334,4.7999999999995
2021_analysed,Exp_21_Mar_2021_1345pm,True,False,21,Mar,2021,1345,,3000.0,0.8333333333333334,156.79999999999993
2021_analysed,Exp_21_Mar_2021_1445pm,True,False,21,Mar,2021,1445,,3000.0,0.8333333333333334,10.800000000000296
2021_analysed,Exp_21_Mar_2021_1545pm,True,False,21,Mar,2021,1545,,3000.0,0.8333333333333334,85.19999999999956
2021_analysed,Exp_21_Mar_2021_1645pm,True,False,21,Mar,2021,1645,,3000.0,0.8333333333333334,0.0
2021_analysed,Exp_21_Mar_2021_1745pm,True,False,21,Mar,2021,1745,,3000.0,0.8333333333333334,0.7999999999999545
2021_analysed,Exp_21_Mar_2021_1945pm,True,False,21,Mar,2021,1945,,3000.0,0.8333333333333334,2.8000000000001535
2021_analysed,Exp_22_Apr_2021_0045am,True,False,22,Apr,2021,0045,,3000.0,0.8333333333333334,0.0
2021_analysed,Exp_22_Apr_2021_0645am,True,False,22,Apr,2021,0645,,3000.0,0.8333333333333334,9.199999999999136
2021_analysed,Exp_22_Apr_2021_0745am,True,False,22,Apr,2021,0745,,3000.0,0.8333333333333334,7.199999999999704
2021_analysed,Exp_22_Apr_2021_0845am,True,False,22,Apr,2021,0845,,3000.0,0.8333333333333334,181.6000000000013
2021_analysed,Exp_22_Apr_2021_0945am,True,False,22,Apr,2021,0945,,3000.0,0.8333333333333334,180.40000000000018
2021_analysed,Exp_22_Apr_2021_1045am,True,False,22,Apr,2021,1045,,3000.0,0.8333333333333334,34.00000000000114
2021_analysed,Exp_22_Apr_2021_1145am,True,False,22,Apr,2021,1145,,3000.0,0.8333333333333334,271.5999999999996
2021_analysed,Exp_22_Apr_2021_1245pm,True,False,22,Apr,2021,1245,,3000.0,0.8333333333333334,75.20000000000093
2021_analysed,Exp_22_Apr_2021_1345pm,True,False,22,Apr,2021,1345,,3000.0,0.8333333333333334,266.4
2021_analysed,Exp_22_Apr_2021_1445pm,True,False,22,Apr,2021,1445,,3000.0,0.8333333333333334,86.79999999999683
2021_analysed,Exp_22_Apr_2021_1545pm,True,False,22,Apr,2021,1545,,3000.0,0.8333333333333334,260.4000000000006
2021_analysed,Exp_22_Apr_2021_1645pm,True,False,22,Apr,2021,1645,,3000.0,0.8333333333333334,0.40000000000009095
2021_analysed,Exp_22_Apr_2021_1745pm,True,False,22,Apr,2021,1745,,3000.0,0.8333333333333334,0.7999999999998977
2021_analysed,Exp_22_Apr_2021_1945pm,True,False,22,Apr,2021,1945,,3000.0,0.8333333333333334,1.200000000000184
2021_analysed,Exp_22_Jul_2021_0045am,True,False,22,Jul,2021,0045,,3000.0,0.8333333333333334,1.1999999999999318
2021_analysed,Exp_22_Jul_2021_0645am,True,False,22,Jul,2021,0645,,3000.0,0.8333333333333334,0.7999999999997272
2021_analysed,Exp_22_Jul_2021_0745am,True,False,22,Jul,2021,0745,,1617.7917708333334,0.4493866030092593,0.799999999999983
2021_analysed,Exp_22_Mar_2021_0045am,True,False,22,Mar,2021,0045,,3000.0,0.8333333333333334,1.2000000000000455
2021_analysed,Exp_22_Mar_2021_0645am,True,False,22,Mar,2021,0645,,3000.0,0.8333333333333334,1.199999999999818
2021_analysed,Exp_22_Mar_2021_0745am,True,False,22,Mar,2021,0745,,3000.0,0.8333333333333334,0.0
2021_analysed,Exp_22_Mar_2021_0845am,True,False,22,Mar,2021,0845,,3000.0,0.8333333333333334,158.39999999999839
2021_analysed,Exp_22_Mar_2021_0945am,True,False,22,Mar,2021,0945,,3000.0,0.8333333333333334,300.00000000000017
2021_analysed,Exp_22_Mar_2021_1045am,True,False,22,Mar,2021,1045,,3000.0,0.8333333333333334,26.800000000000182
2021_analysed,Exp_22_Mar_2021_1145am,True,False,22,Mar,2021,1145,,3000.0,0.8333333333333334,207.20000000000212
2021_analysed,Exp_22_Mar_2021_1245pm,True,False,22,Mar,2021,1245,,3000.0,0.8333333333333334,4.000000000000455
2021_analysed,Exp_22_Mar_2021_1345pm,True,False,22,Mar,2021,1345,,3000.0,0.8333333333333334,228.80000000000013
2021_analysed,Exp_22_Mar_2021_1445pm,True,False,22,Mar,2021,1445,,3000.0,0.8333333333333334,32.40000000000077
2021_analysed,Exp_22_Mar_2021_1545pm,True,False,22,Mar,2021,1545,,3000.0,0.8333333333333334,370.000000000001
2021_analysed,Exp_22_Mar_2021_1645pm,True,False,22,Mar,2021,1645,,3000.0,0.8333333333333334,2.400000000000091
2021_analysed,Exp_22_Mar_2021_1745pm,True,False,22,Mar,2021,1745,,3000.0,0.8333333333333334,0.8000000000001819
2021_analysed,Exp_22_Mar_2021_1945pm,True,False,22,Mar,2021,1945,,3000.0,0.8333333333333334,0.7999999999999545
2021_analysed,Exp_23_Apr_2021_0045am,True,False,23,Apr,2021,0045,,3000.0,0.8333333333333334,1.6000000000002785
2021_analysed,Exp_23_Apr_2021_0645am,True,False,23,Apr,2021,0645,,3000.0,0.8333333333333334,0.0
2021_analysed,Exp_23_Apr_2021_0745am,True,False,23,Apr,2021,0745,,3000.0,0.8333333333333334,206.39999999999884
2021_analysed,Exp_23_Apr_2021_0845am,True,False,23,Apr,2021,0845,,3000.0,0.8333333333333334,90.79999999999903
2021_analysed,Exp_23_Apr_2021_0945am,True,False,23,Apr,2021,0945,,3000.0,0.8333333333333334,503.5999999999999
2021_analysed,Exp_23_Apr_2021_1045am,True,False,23,Apr,2021,1045,,3000.0,0.8333333333333334,16.799999999999102
2021_analysed,Exp_23_Apr_2021_1145am,True,False,23,Apr,2021,1145,,3000.0,0.8333333333333334,755.6
2021_analysed,Exp_23_Apr_2021_1245pm,True,False,23,Apr,2021,1245,,3000.0,0.8333333333333334,1265.6000000000033
2021_analysed,Exp_23_Apr_2021_1345pm,True,False,23,Apr,2021,1345,,3000.0,0.8333333333333334,397.99999999999864
2021_analysed,Exp_23_Apr_2021_1445pm,True,False,23,Apr,2021,1445,,3000.0,0.8333333333333334,82.79999999999933
2021_analysed,Exp_23_Apr_2021_1545pm,True,False,23,Apr,2021,1545,,3000.0,0.8333333333333334,187.60000000000025
2021_analysed,Exp_23_Apr_2021_1645pm,True,False,23,Apr,2021,1645,,3000.0,0.8333333333333334,3.2000000000000526
2021_analysed,Exp_23_Apr_2021_1745pm,True,False,23,Apr,2021,1745,,3000.0,0.8333333333333334,31.200000000001296
2021_analysed,Exp_23_Apr_2021_1945pm,True,False,23,Apr,2021,1945,,3000.0,0.8333333333333334,0.0
2021_analysed,Exp_23_Mar_2021_0045am,True,False,23,Mar,2021,0045,,3000.0,0.8333333333333334,0.4000000000000341
2021_analysed,Exp_23_Mar_2021_0645am,True,False,23,Mar,2021,0645,,3000.0,0.8333333333333334,0.40000000000009095
2021_analysed,Exp_23_Mar_2021_0745am,True,False,23,Mar,2021,0745,,3000.0,0.8333333333333334,0.7999999999999545
2021_analysed,Exp_23_Mar_2021_0845am,True,False,23,Mar,2021,0845,,3000.0,0.8333333333333334,13.200000000000728
2021_analysed,Exp_23_Mar_2021_0945am,True,False,23,Mar,2021,0945,,3000.0,0.8333333333333334,245.60000000000053
2021_analysed,Exp_23_Mar_2021_1045am,True,False,23,Mar,2021,1045,,3000.0,0.8333333333333334,19.599999999999
2021_analysed,Exp_23_Mar_2021_1145am,True,False,23,Mar,2021,1145,,3000.0,0.8333333333333334,0.7999999999997272
2021_analysed,Exp_23_Mar_2021_1245pm,True,False,23,Mar,2021,1245,,3000.0,0.8333333333333334,0.40000000000009095
2021_analysed,Exp_23_Mar_2021_1345pm,True,False,23,Mar,2021,1345,,3000.0,0.8333333333333334,2.000000000000078
2021_analysed,Exp_23_Mar_2021_1445pm,True,False,23,Mar,2021,1445,,3000.0,0.8333333333333334,1.2000000000000455
2021_analysed,Exp_23_Mar_2021_1545pm,True,False,23,Mar,2021,1545,,3000.0,0.8333333333333334,0.7999999999996135
2021_analysed,Exp_23_Mar_2021_1645pm,True,False,23,Mar,2021,1645,,3000.0,0.8333333333333334,1.6000000000000454
2021_analysed,Exp_23_Mar_2021_1745pm,True,False,23,Mar,2021,1745,,3000.0,0.8333333333333334,0.7999999999999545
2021_analysed,Exp_23_Mar_2021_1945pm,True,False,23,Mar,2021,1945,,3000.0,0.8333333333333334,3.999999999999659
2021_analysed,Exp_24_Apr_2021_0045am,True,False,24,Apr,2021,0045,,3000.0,0.8333333333333334,4.799999999999287
2021_analysed,Exp_24_Apr_2021_0645am,True,False,24,Apr,2021,0645,,3000.0,0.8333333333333334,16.000000000001393
2021_analysed,Exp_24_Apr_2021_0745am,True,False,24,Apr,2021,0745,,3000.0,0.8333333333333334,4.400000000000034
2021_analysed,Exp_24_Apr_2021_0845am,True,False,24,Apr,2021,0845,,3000.0,0.8333333333333334,6.800000000000296
2021_analysed,Exp_24_Apr_2021_0945am,True,False,24,Apr,2021,0945,,3000.0,0.8333333333333334,323.200000000003
2021_analysed,Exp_24_Apr_2021_1045am,True,False,24,Apr,2021,1045,,3000.0,0.8333333333333334,31.200000000000593
2021_analysed,Exp_24_Apr_2021_1145am,True,False,24,Apr,2021,1145,,3000.0,0.8333333333333334,378.39999999999947
2021_analysed,Exp_24_Apr_2021_1245pm,True,False,24,Apr,2021,1245,,3000.0,0.8333333333333334,22.800000000000523
2021_analysed,Exp_24_Apr_2021_1345pm,True,False,24,Apr,2021,1345,,3000.0,0.8333333333333334,205.60000000000113
2021_analysed,Exp_24_Apr_2021_1445pm,True,False,24,Apr,2021,1445,,3000.0,0.8333333333333334,249.20000000000226
2021_analysed,Exp_24_Apr_2021_1545pm,True,False,24,Apr,2021,1545,,3000.0,0.8333333333333334,439.99999999999847
2021_analysed,Exp_24_Apr_2021_1645pm,True,False,24,Apr,2021,1645,,3000.0,0.8333333333333334,1.2000000000002728
2021_analysed,Exp_24_Apr_2021_1745pm,True,False,24,Apr,2021,1745,,3000.0,0.8333333333333334,0.8000000000001819
2021_analysed,Exp_24_Apr_2021_1945pm,True,False,24,Apr,2021,1945,,3000.0,0.8333333333333334,0.0
2021_analysed,Exp_24_Mar_2021_0045am,True,False,24,Mar,2021,0045,,3000.0,0.8333333333333334,0.0
2021_analysed,Exp_24_Mar_2021_0645am,True,False,24,Mar,2021,0645,,3000.0,0.8333333333333334,8.399999999999844
2021_analysed,Exp_24_Mar_2021_0745am,True,False,24,Mar,2021,0745,,3000.0,0.8333333333333334,43.99999999999948
2021_analysed,Exp_24_Mar_2021_0845am,True,False,24,Mar,2021,0845,,3000.0,0.8333333333333334,448.0000000000011
2021_analysed,Exp_24_Mar_2021_0945am,True,False,24,Mar,2021,0945,,3000.0,0.8333333333333334,422.00000000000136
2021_analysed,Exp_24_Mar_2021_1045am,True,False,24,Mar,2021,1045,,3000.0,0.8333333333333334,135.19999999999797
2021_analysed,Exp_24_Mar_2021_1145am,True,False,24,Mar,2021,1145,,3000.0,0.8333333333333334,190.7999999999994
2021_analysed,Exp_24_Mar_2021_1245pm,True,False,24,Mar,2021,1245,,3000.0,0.8333333333333334,45.5999999999995
2021_analysed,Exp_24_Mar_2021_1345pm,True,False,24,Mar,2021,1345,,3000.0,0.8333333333333334,256.40000000000066
2021_analysed,Exp_24_Mar_2021_1445pm,True,False,24,Mar,2021,1445,,3000.0,0.8333333333333334,106.00000000000072
2021_analysed,Exp_24_Mar_2021_1545pm,True,False,24,Mar,2021,1545,,3000.0,0.8333333333333334,234.00000000000077
2021_analysed,Exp_24_Mar_2021_1645pm,True,False,24,Mar,2021,1645,,3000.0,0.8333333333333334,86.79999999999973
2021_analysed,Exp_24_Mar_2021_1745pm,True,False,24,Mar,2021,1745,,3000.0,0.8333333333333334,0.3999999999996362
2021_analysed,Exp_24_Mar_2021_1945pm,True,False,24,Mar,2021,1945,,3000.0,0.8333333333333334,1.2000000000001592
2021_analysed,Exp_25_Apr_2021_0045am,True,False,25,Apr,2021,0045,,3000.0,0.8333333333333334,1.6000000000003638
2021_analysed,Exp_25_Apr_2021_0645am,True,False,25,Apr,2021,0645,,3000.0,0.8333333333333334,2.799999999999045
2021_analysed,Exp_25_Apr_2021_0745am,True,False,25,Apr,2021,0745,,3000.0,0.8333333333333334,3.2000000000005002
2021_analysed,Exp_25_Apr_2021_0845am,True,False,25,Apr,2021,0845,,3000.0,0.8333333333333334,4.4000000000002615
2021_analysed,Exp_25_Apr_2021_0945am,True,False,25,Apr,2021,0945,,3000.0,0.8333333333333334,14.400000000000297
2021_analysed,Exp_25_Apr_2021_1045am,True,False,25,Apr,2021,1045,,3000.0,0.8333333333333334,260.4000000000025
2021_analysed,Exp_25_Apr_2021_1145am,True,False,25,Apr,2021,1145,,3000.0,0.8333333333333334,213.20000000000007
2021_analysed,Exp_25_Apr_2021_1245pm,True,False,25,Apr,2021,1245,,3000.0,0.8333333333333334,168.4000000000018
2021_analysed,Exp_25_Apr_2021_1345pm,True,False,25,Apr,2021,1345,,3000.0,0.8333333333333334,457.19999999999754
2021_analysed,Exp_25_Apr_2021_1445pm,True,False,25,Apr,2021,1445,,3000.0,0.8333333333333334,94.40000000000066
2021_analysed,Exp_25_Apr_2021_1545pm,True,False,25,Apr,2021,1545,,3000.0,0.8333333333333334,209.99999999999966
2021_analysed,Exp_25_Apr_2021_1645pm,True,False,25,Apr,2021,1645,,3000.0,0.8333333333333334,12.800000000000068
2021_analysed,Exp_25_Apr_2021_1745pm,True,False,25,Apr,2021,1745,,3000.0,0.8333333333333334,1.9999999999997726
2021_analysed,Exp_25_Apr_2021_1945pm,True,False,25,Apr,2021,1945,,3000.0,0.8333333333333334,0.8000000000000682
2021_analysed,Exp_25_Mar_2021_0045am,True,False,25,Mar,2021,0045,,3000.0,0.8333333333333334,0.39999999999997726
2021_analysed,Exp_25_Mar_2021_0645am,True,False,25,Mar,2021,0645,,3000.0,0.8333333333333334,8.000000000000796
2021_analysed,Exp_25_Mar_2021_0745am,True,False,25,Mar,2021,0745,,3000.0,0.8333333333333334,38.80000000000027
2021_analysed,Exp_25_Mar_2021_0845am,True,False,25,Mar,2021,0845,,3000.0,0.8333333333333334,3.200000000000223
2021_analysed,Exp_25_Mar_2021_0945am,True,False,25,Mar,2021,0945,,3000.0,0.8333333333333334,104.39999999999996
2021_analysed,Exp_25_Mar_2021_1045am,True,False,25,Mar,2021,1045,,3000.0,0.8333333333333334,5.599999999998886
2021_analysed,Exp_25_Mar_2021_1145am,True,False,25,Mar,2021,1145,,3000.0,0.8333333333333334,79.6000000000004
2021_analysed,Exp_25_Mar_2021_1245pm,True,False,25,Mar,2021,1245,,3000.0,0.8333333333333334,7.600000000000023
2021_analysed,Exp_25_Mar_2021_1345pm,True,False,25,Mar,2021,1345,,3000.0,0.8333333333333334,70.00000000000125
2021_analysed,Exp_25_Mar_2021_1445pm,True,False,25,Mar,2021,1445,,3000.0,0.8333333333333334,6.799999999999741
2021_analysed,Exp_25_Mar_2021_1545pm,True,False,25,Mar,2021,1545,,3000.0,0.8333333333333334,49.20000000000047
2021_analysed,Exp_25_Mar_2021_1645pm,True,False,25,Mar,2021,1645,,3000.0,0.8333333333333334,3.6000000000000227
2021_analysed,Exp_25_Mar_2021_1745pm,True,False,25,Mar,2021,1745,,3000.0,0.8333333333333334,0.7999999999999545
2021_analysed,Exp_25_Mar_2021_1945pm,True,False,25,Mar,2021,1945,,3000.0,0.8333333333333334,0.40000000000009095
2021_analysed,Exp_26_Apr_2021_0045am,True,False,26,Apr,2021,0045,,3000.0,0.8333333333333334,0.7999999999999545
2021_analysed,Exp_26_Apr_2021_0645am,True,False,26,Apr,2021,0645,,3000.0,0.8333333333333334,34.00000000000034
2021_analysed,Exp_26_Apr_2021_0745am,True,False,26,Apr,2021,0745,,3000.0,0.8333333333333334,0.0
2021_analysed,Exp_26_Apr_2021_0845am,True,False,26,Apr,2021,0845,,3000.0,0.8333333333333334,136.80000000000143
2021_analysed,Exp_26_Apr_2021_0945am,True,False,26,Apr,2021,0945,,3000.0,0.8333333333333334,302.0000000000027
2021_analysed,Exp_26_Apr_2021_1045am,True,False,26,Apr,2021,1045,,3000.0,0.8333333333333334,321.5999999999999
2021_analysed,Exp_26_Apr_2021_1145am,True,False,26,Apr,2021,1145,,3000.0,0.8333333333333334,862.7999999999981
2021_analysed,Exp_26_Apr_2021_1245pm,True,False,26,Apr,2021,1245,,3000.0,0.8333333333333334,844.3999999999986
2021_analysed,Exp_26_Apr_2021_1345pm,True,False,26,Apr,2021,1345,,3000.0,0.8333333333333334,395.6
2021_analysed,Exp_26_Apr_2021_1445pm,True,False,26,Apr,2021,1445,,3000.0,0.8333333333333334,31.20000000000158
2021_analysed,Exp_26_Apr_2021_1545pm,True,False,26,Apr,2021,1545,,3000.0,0.8333333333333334,150.7999999999994
2021_analysed,Exp_26_Apr_2021_1645pm,True,False,26,Apr,2021,1645,,3000.0,0.8333333333333334,0.7999999999998408
2021_analysed,Exp_26_Apr_2021_1745pm,True,False,26,Apr,2021,1745,,3000.0,0.8333333333333334,0.8000000000000682
2021_analysed,Exp_26_Apr_2021_1945pm,True,False,26,Apr,2021,1945,,3000.0,0.8333333333333334,0.0
2021_analysed,Exp_26_Mar_2021_0045am,True,False,26,Mar,2021,0045,,3000.0,0.8333333333333334,0.0
2021_analysed,Exp_26_Mar_2021_0645am,True,False,26,Mar,2021,0645,,3000.0,0.8333333333333334,0.7999999999994998
2021_analysed,Exp_26_Mar_2021_0745am,True,False,26,Mar,2021,0745,,3000.0,0.8333333333333334,0.8000000000001819
2021_analysed,Exp_26_Mar_2021_0845am,True,False,26,Mar,2021,0845,,3000.0,0.8333333333333334,23.2000000000007
2021_analysed,Exp_26_Mar_2021_0945am,True,False,26,Mar,2021,0945,,3000.0,0.8333333333333334,258.00000000000045
2021_analysed,Exp_26_Mar_2021_1045am,True,False,26,Mar,2021,1045,,3000.0,0.8333333333333334,941.1999999999995
2021_analysed,Exp_26_Mar_2021_1145am,True,False,26,Mar,2021,1145,,3000.0,0.8333333333333334,387.200000000001
2021_analysed,Exp_26_Mar_2021_1245pm,True,False,26,Mar,2021,1245,,3000.0,0.8333333333333334,2.39999999999975
2021_analysed,Exp_26_Mar_2021_1345pm,True,False,26,Mar,2021,1345,,3000.0,0.8333333333333334,57.60000000000059
2021_analysed,Exp_26_Mar_2021_1445pm,True,False,26,Mar,2021,1445,,3000.0,0.8333333333333334,10.399999999999949
2021_analysed,Exp_26_Mar_2021_1545pm,True,False,26,Mar,2021,1545,,3000.0,0.8333333333333334,78.3999999999998
2021_analysed,Exp_26_Mar_2021_1645pm,True,False,26,Mar,2021,1645,,3000.0,0.8333333333333334,12.800000000000376
2021_analysed,Exp_26_Mar_2021_1745pm,True,False,26,Mar,2021,1745,,3000.0,0.8333333333333334,8.400000000000233
2021_analysed,Exp_26_Mar_2021_1945pm,True,False,26,Mar,2021,1945,,3000.0,0.8333333333333334,1.599999999999909
2021_analysed,Exp_26_May_2021_1524pm,True,False,26,May,2021,1524,,4.949333333333334,0.0013748148148148148,0.0
2021_analysed,Exp_26_May_2021_1627pm,True,False,26,May,2021,1627,,1079.936,0.2999822222222222,5.600000000000046
2021_analysed,Exp_26_May_2021_1652pm,True,False,26,May,2021,1652,,4.693333333333333,0.0013037037037037036,0.0
2021_analysed,Exp_26_May_2021_1745pm,True,False,26,May,2021,1745,,3000.0,0.8333333333333334,3.200000000000216
2021_analysed,Exp_26_May_2021_1945pm,True,False,26,May,2021,1945,,3000.0,0.8333333333333334,2.0000000000001634
2021_analysed,Exp_27_Apr_2021_0045am,True,False,27,Apr,2021,0045,,3000.0,0.8333333333333334,0.3999999999998636
2021_analysed,Exp_27_Apr_2021_0645am,True,False,27,Apr,2021,0645,,3000.0,0.8333333333333334,0.7999999999999545
2021_analysed,Exp_27_Apr_2021_0745am,True,False,27,Apr,2021,0745,,3000.0,0.8333333333333334,20.00000000000034
2021_analysed,Exp_27_Apr_2021_0845am,True,False,27,Apr,2021,0845,,3000.0,0.8333333333333334,397.6000000000008
2021_analysed,Exp_27_Apr_2021_0945am,True,False,27,Apr,2021,0945,,3000.0,0.8333333333333334,115.60000000000052
2021_analysed,Exp_27_Apr_2021_1045am,True,False,27,Apr,2021,1045,,3000.0,0.8333333333333334,2.4000000000002046
2021_analysed,Exp_27_Apr_2021_1145am,True,False,27,Apr,2021,1145,,3000.0,0.8333333333333334,309.5999999999983
2021_analysed,Exp_27_Apr_2021_1245pm,True,False,27,Apr,2021,1245,,3000.0,0.8333333333333334,123.20000000000076
2021_analysed,Exp_27_Apr_2021_1345pm,True,False,27,Apr,2021,1345,,3000.0,0.8333333333333334,309.99999999999994
2021_analysed,Exp_27_Apr_2021_1445pm,True,False,27,Apr,2021,1445,,3000.0,0.8333333333333334,1278.4000000000026
2021_analysed,Exp_27_Apr_2021_1545pm,True,False,27,Apr,2021,1545,,3000.0,0.8333333333333334,358.00000000000057
2021_analysed,Exp_27_Apr_2021_1645pm,True,False,27,Apr,2021,1645,,3000.0,0.8333333333333334,990.0
2021_analysed,Exp_27_Apr_2021_1945pm,True,False,27,Apr,2021,1945,,3000.0,0.8333333333333334,0.8000000000001819
2021_analysed,Exp_27_Mar_2021_0045am,True,False,27,Mar,2021,0045,,3000.0,0.8333333333333334,0.0
2021_analysed,Exp_27_Mar_2021_0645am,True,False,27,Mar,2021,0645,,3000.0,0.8333333333333334,7.60000000000025
2021_analysed,Exp_27_Mar_2021_0745am,True,False,27,Mar,2021,0745,,3000.0,0.8333333333333334,12.399999999999409
2021_analysed,Exp_27_Mar_2021_0845am,True,False,27,Mar,2021,0845,,3000.0,0.8333333333333334,6.400000000000432
2021_analysed,Exp_27_Mar_2021_0945am,True,False,27,Mar,2021,0945,,3000.0,0.8333333333333334,146.79999999999913
2021_analysed,Exp_27_Mar_2021_1045am,True,False,27,Mar,2021,1045,,3000.0,0.8333333333333334,7.200000000000102
2021_analysed,Exp_27_Mar_2021_1145am,True,False,27,Mar,2021,1145,,3000.0,0.8333333333333334,216.80000000000018
2021_analysed,Exp_27_Mar_2021_1245pm,True,False,27,Mar,2021,1245,,3000.0,0.8333333333333334,35.59999999999991
2021_analysed,Exp_27_Mar_2021_1345pm,True,False,27,Mar,2021,1345,,3000.0,0.8333333333333334,141.19999999999897
2021_analysed,Exp_27_Mar_2021_1445pm,True,False,27,Mar,2021,1445,,3000.0,0.8333333333333334,18.7999999999989
2021_analysed,Exp_27_Mar_2021_1545pm,True,False,27,Mar,2021,1545,,3000.0,0.8333333333333334,321.99999999999903
2021_analysed,Exp_27_Mar_2021_1645pm,True,False,27,Mar,2021,1645,,3000.0,0.8333333333333334,7.2000000000000455
2021_analysed,Exp_27_Mar_2021_1745pm,True,False,27,Mar,2021,1745,,3000.0,0.8333333333333334,26.400000000000233
2021_analysed,Exp_27_Mar_2021_1945pm,True,False,27,Mar,2021,1945,,3000.0,0.8333333333333334,1.6000000000001648
2021_analysed,Exp_28_Apr_2021_0045am,True,False,28,Apr,2021,0045,,3000.0,0.8333333333333334,0.3999999999996362
2021_analysed,Exp_28_Apr_2021_0645am,True,False,28,Apr,2021,0645,,3000.0,0.8333333333333334,0.8000000000000682
2021_analysed,Exp_28_Apr_2021_0745am,True,False,28,Apr,2021,0745,,3000.0,0.8333333333333334,0.7999999999998977
2021_analysed,Exp_28_Apr_2021_0845am,True,False,28,Apr,2021,0845,,3000.0,0.8333333333333334,9.99999999999983
2021_analysed,Exp_28_Apr_2021_0945am,True,False,28,Apr,2021,0945,,3000.0,0.8333333333333334,144.40000000000106
2021_analysed,Exp_28_Apr_2021_1045am,True,False,28,Apr,2021,1045,,3000.0,0.8333333333333334,91.19999999999817
2021_analysed,Exp_28_Apr_2021_1145am,True,False,28,Apr,2021,1145,,3000.0,0.8333333333333334,206.79999999999956
2021_analysed,Exp_28_Apr_2021_1245pm,True,False,28,Apr,2021,1245,,3000.0,0.8333333333333334,229.99999999999977
2021_analysed,Exp_28_Apr_2021_1345pm,True,False,28,Apr,2021,1345,,3000.0,0.8333333333333334,528.3999999999985
2021_analysed,Exp_28_Apr_2021_1445pm,True,False,28,Apr,2021,1445,,3000.0,0.8333333333333334,1251.9999999999995
2021_analysed,Exp_28_Apr_2021_1545pm,True,False,28,Apr,2021,1545,,3000.0,0.8333333333333334,515.200000000001
2021_analysed,Exp_28_Apr_2021_1645pm,True,False,28,Apr,2021,1645,,3000.0,0.8333333333333334,396.7999999999997
2021_analysed,Exp_28_Apr_2021_1745pm,True,False,28,Apr,2021,1745,,3000.0,0.8333333333333334,1009.9999999999983
2021_analysed,Exp_28_Apr_2021_1945pm,True,False,28,Apr,2021,1945,,3000.0,0.8333333333333334,1.599999999999909
2021_analysed,Exp_28_Mar_2021_0045am,True,False,28,Mar,2021,0045,,3000.0,0.8333333333333334,0.40000000000009095
2021_analysed,Exp_28_Mar_2021_0645am,True,False,28,Mar,2021,0645,,3000.0,0.8333333333333334,8.799999999999528
2021_analysed,Exp_28_Mar_2021_0745am,True,False,28,Mar,2021,0745,,3000.0,0.8333333333333334,15.200000000000301
2021_analysed,Exp_28_Mar_2021_0845am,True,False,28,Mar,2021,0845,,3000.0,0.8333333333333334,67.99999999999895
2021_analysed,Exp_28_Mar_2021_0945am,True,False,28,Mar,2021,0945,,3000.0,0.8333333333333334,75.9999999999998
2021_analysed,Exp_28_Mar_2021_1045am,True,False,28,Mar,2021,1045,,3000.0,0.8333333333333334,31.99999999999943
2021_analysed,Exp_28_Mar_2021_1145am,True,False,28,Mar,2021,1145,,3000.0,0.8333333333333334,183.99999999999986
2021_analysed,Exp_28_Mar_2021_1245pm,True,False,28,Mar,2021,1245,,3000.0,0.8333333333333334,2.400000000000489
2021_analysed,Exp_28_Mar_2021_1345pm,True,False,28,Mar,2021,1345,,3000.0,0.8333333333333334,132.39999999999964
2021_analysed,Exp_28_Mar_2021_1445pm,True,False,28,Mar,2021,1445,,3000.0,0.8333333333333334,24.79999999999805
2021_analysed,Exp_28_Mar_2021_1545pm,True,False,28,Mar,2021,1545,,3000.0,0.8333333333333334,185.59999999999954
2021_analysed,Exp_28_Mar_2021_1645pm,True,False,28,Mar,2021,1645,,3000.0,0.8333333333333334,21.99999999999919
2021_analysed,Exp_28_Mar_2021_1745pm,True,False,28,Mar,2021,1745,,3000.0,0.8333333333333334,21.199999999998624
2021_analysed,Exp_28_Mar_2021_1945pm,True,False,28,Mar,2021,1945,,3000.0,0.8333333333333334,1.5999999999997954
2021_analysed,Exp_29_Apr_2021_0045am,True,False,29,Apr,2021,0045,,3000.0,0.8333333333333334,0.7999999999999545
2021_analysed,Exp_29_Apr_2021_0645am,True,False,29,Apr,2021,0645,,3000.0,0.8333333333333334,0.0
2021_analysed,Exp_29_Apr_2021_0745am,True,False,29,Apr,2021,0745,,3000.0,0.8333333333333334,0.7999999999997272
2021_analysed,Exp_29_Apr_2021_0845am,True,False,29,Apr,2021,0845,,3000.0,0.8333333333333334,58.00000000000023
2021_analysed,Exp_29_Apr_2021_0945am,True,False,29,Apr,2021,0945,,3000.0,0.8333333333333334,182.39999999999964
2021_analysed,Exp_29_Apr_2021_1045am,True,False,29,Apr,2021,1045,,3000.0,0.8333333333333334,204.79999999999882
2021_analysed,Exp_29_Apr_2021_1145am,True,False,29,Apr,2021,1145,,3000.0,0.8333333333333334,672.3999999999987
2021_analysed,Exp_29_Apr_2021_1245pm,True,False,29,Apr,2021,1245,,3000.0,0.8333333333333334,1335.5999999999979
2021_analysed,Exp_29_Apr_2021_1345pm,True,False,29,Apr,2021,1345,,3000.0,0.8333333333333334,760.3999999999983
2021_analysed,Exp_29_Apr_2021_1445pm,True,False,29,Apr,2021,1445,,3000.0,0.8333333333333334,1137.5999999999997
2021_analysed,Exp_29_Apr_2021_1545pm,True,False,29,Apr,2021,1545,,3000.0,0.8333333333333334,409.60000000000105
2021_analysed,Exp_29_Apr_2021_1645pm,True,False,29,Apr,2021,1645,,3000.0,0.8333333333333334,420.8000000000002
2021_analysed,Exp_29_Apr_2021_1745pm,True,False,29,Apr,2021,1745,,3000.0,0.8333333333333334,1.9999999999998863
2021_analysed,Exp_29_Apr_2021_1945pm,True,False,29,Apr,2021,1945,,3000.0,0.8333333333333334,0.40000000000009095
2021_analysed,Exp_29_Jul_2021_1345pm,True,False,29,Jul,2021,1345,,3000.0,0.8333333333333334,308.79999999999734
2021_analysed,Exp_29_Jul_2021_1445pm,True,False,29,Jul,2021,1445,,3000.0,0.8333333333333334,173.19999999999737
2021_analysed,Exp_29_Jul_2021_1545pm,True,False,29,Jul,2021,1545,,3000.0,0.8333333333333334,270.8
2021_analysed,Exp_29_Jul_2021_1645pm,True,False,29,Jul,2021,1645,,3000.0,0.8333333333333334,4.400000000000091
2021_analysed,Exp_29_Jul_2021_1745pm,True,False,29,Jul,2021,1745,,3000.0,0.8333333333333334,12.400000000000574
2021_analysed,Exp_29_Jul_2021_1945pm,True,False,29,Jul,2021,1945,,3000.0,0.8333333333333334,0.8000000000000895
2021_analysed,Exp_29_Mar_2021_0045am,True,False,29,Mar,2021,0045,,3000.0,0.8333333333333334,1.1999999999997044
2021_analysed,Exp_29_Mar_2021_0645am,True,False,29,Mar,2021,0645,,3000.0,0.8333333333333334,5.99999999999951
2021_analysed,Exp_29_Mar_2021_0745am,True,False,29,Mar,2021,0745,,3000.0,0.8333333333333334,2.8000000000004093
2021_analysed,Exp_29_Mar_2021_0845am,True,False,29,Mar,2021,0845,,3000.0,0.8333333333333334,21.99999999999949
2021_analysed,Exp_29_Mar_2021_0945am,True,False,29,Mar,2021,0945,,3000.0,0.8333333333333334,61.19999999999912
2021_analysed,Exp_29_Mar_2021_1045am,True,False,29,Mar,2021,1045,,3000.0,0.8333333333333334,55.60000000000025
2021_analysed,Exp_29_Mar_2021_1145am,True,False,29,Mar,2021,1145,,3000.0,0.8333333333333334,144.399999999999
2021_analysed,Exp_29_Mar_2021_1245pm,True,False,29,Mar,2021,1245,,3000.0,0.8333333333333334,13.60000000000067
2021_analysed,Exp_29_Mar_2021_1345pm,True,False,29,Mar,2021,1345,,3000.0,0.8333333333333334,149.2000000000025
2021_analysed,Exp_29_Mar_2021_1445pm,True,False,29,Mar,2021,1445,,3000.0,0.8333333333333334,10.399999999998776
2021_analysed,Exp_29_Mar_2021_1545pm,True,False,29,Mar,2021,1545,,3000.0,0.8333333333333334,130.0000000000009
2021_analysed,Exp_29_Mar_2021_1645pm,True,False,29,Mar,2021,1645,,3000.0,0.8333333333333334,4.400000000000318
2021_analysed,Exp_29_Mar_2021_1745pm,True,False,29,Mar,2021,1745,,3000.0,0.8333333333333334,40.79999999999828
2021_analysed,Exp_29_Mar_2021_1945pm,True,False,29,Mar,2021,1945,,3000.0,0.8333333333333334,2.0000000000000666
2021_analysed,Exp_30_Apr_2021_0045am,True,False,30,Apr,2021,0045,,3000.0,0.8333333333333334,0.0
2021_analysed,Exp_30_Apr_2021_0645am,True,False,30,Apr,2021,0645,,3000.0,0.8333333333333334,1.2000000000001592
2021_analysed,Exp_30_Apr_2021_0745am,True,False,30,Apr,2021,0745,,3000.0,0.8333333333333334,1.2000000000001876
2021_analysed,Exp_30_Apr_2021_0845am,True,False,30,Apr,2021,0845,,3000.0,0.8333333333333334,453.99999999999784
2021_analysed,Exp_30_Apr_2021_0945am,True,False,30,Apr,2021,0945,,3000.0,0.8333333333333334,289.19999999999857
2021_analysed,Exp_30_Apr_2021_1045am,True,False,30,Apr,2021,1045,,3000.0,0.8333333333333334,1220.4000000000026
2021_analysed,Exp_30_Apr_2021_1145am,True,False,30,Apr,2021,1145,,3000.0,0.8333333333333334,920.0000000000015
2021_analysed,Exp_30_Apr_2021_1245pm,True,False,30,Apr,2021,1245,,3000.0,0.8333333333333334,1315.5999999999974
2021_analysed,Exp_30_Apr_2021_1345pm,True,False,30,Apr,2021,1345,,3000.0,0.8333333333333334,366.00000000000045
2021_analysed,Exp_30_Apr_2021_1445pm,True,False,30,Apr,2021,1445,,3000.0,0.8333333333333334,651.1999999999996
2021_analysed,Exp_30_Apr_2021_1545pm,True,False,30,Apr,2021,1545,,3000.0,0.8333333333333334,320.0000000000007
2021_analysed,Exp_30_Apr_2021_1645pm,True,False,30,Apr,2021,1645,,3000.0,0.8333333333333334,85.99999999999989
2021_analysed,Exp_30_Apr_2021_1745pm,True,False,30,Apr,2021,1745,,3000.0,0.8333333333333334,820.7999999999972
2021_analysed,Exp_30_Apr_2021_1945pm,True,False,30,Apr,2021,1945,,3000.0,0.8333333333333334,1.1999999999995907
2021_analysed,Exp_30_Jul_2021_0045am,True,False,30,Jul,2021,0045,,3000.0,0.8333333333333334,0.8000000000001819
2021_analysed,Exp_30_Jul_2021_0645am,True,False,30,Jul,2021,0645,,3000.0,0.8333333333333334,5.1999999999995055
2021_analysed,Exp_30_Jul_2021_0745am,True,False,30,Jul,2021,0745,,3000.0,0.8333333333333334,11.2000000000005
2021_analysed,Exp_30_Jul_2021_0845am,True,False,30,Jul,2021,0845,,3000.0,0.8333333333333334,42.80000000000234
2021_analysed,Exp_30_Jul_2021_0945am,True,False,30,Jul,2021,0945,,3000.0,0.8333333333333334,219.59999999999926
2021_analysed,Exp_30_Jul_2021_1045am,True,False,30,Jul,2021,1045,,3000.0,0.8333333333333334,48.80000000000186
2021_analysed,Exp_30_Jul_2021_1145am,True,False,30,Jul,2021,1145,,3000.0,0.8333333333333334,258.3999999999989
2021_analysed,Exp_30_Jul_2021_1245pm,True,False,30,Jul,2021,1245,,3000.0,0.8333333333333334,163.99999999999721
2021_analysed,Exp_30_Jul_2021_1345pm,True,False,30,Jul,2021,1345,,3000.0,0.8333333333333334,581.600000000001
2021_analysed,Exp_30_Jul_2021_1445pm,True,False,30,Jul,2021,1445,,3000.0,0.8333333333333334,355.6000000000014
2021_analysed,Exp_30_Jul_2021_1545pm,True,False,30,Jul,2021,1545,,3000.0,0.8333333333333334,426.00000000000057
2021_analysed,Exp_30_Jul_2021_1645pm,True,False,30,Jul,2021,1645,,3000.0,0.8333333333333334,17.200000000000045
2021_analysed,Exp_30_Jul_2021_1745pm,True,False,30,Jul,2021,1745,,3000.0,0.8333333333333334,8.000000000000163
2021_analysed,Exp_30_Jul_2021_1945pm,True,False,30,Jul,2021,1945,,3000.0,0.8333333333333334,0.39999999999997726
2021_analysed,Exp_30_Mar_2021_0045am,True,False,30,Mar,2021,0045,,3000.0,0.8333333333333334,3.599999999999966
2021_analysed,Exp_30_Mar_2021_0645am,True,False,30,Mar,2021,0645,,3000.0,0.8333333333333334,2.000000000000128
2021_analysed,Exp_30_Mar_2021_0745am,True,False,30,Mar,2021,0745,,3000.0,0.8333333333333334,3.2000000000000455
2021_analysed,Exp_30_Mar_2021_0845am,True,False,30,Mar,2021,0845,,3000.0,0.8333333333333334,38.800000000000296
2021_analysed,Exp_30_Mar_2021_0945am,True,False,30,Mar,2021,0945,,3000.0,0.8333333333333334,109.6000000000005
2021_analysed,Exp_30_Mar_2021_1045am,True,False,30,Mar,2021,1045,,3000.0,0.8333333333333334,68.39999999999993
2021_analysed,Exp_30_Mar_2021_1145am,True,False,30,Mar,2021,1145,,3000.0,0.8333333333333334,51.600000000001096
2021_analysed,Exp_30_Mar_2021_1245pm,True,False,30,Mar,2021,1245,,3000.0,0.8333333333333334,5.199999999999591
2021_analysed,Exp_30_Mar_2021_1345pm,True,False,30,Mar,2021,1345,,3000.0,0.8333333333333334,73.19999999999925
2021_analysed,Exp_30_Mar_2021_1445pm,True,False,30,Mar,2021,1445,,3000.0,0.8333333333333334,2.0000000000001137
2021_analysed,Exp_30_Mar_2021_1545pm,True,False,30,Mar,2021,1545,,3000.0,0.8333333333333334,118.39999999999958
2021_analysed,Exp_30_Mar_2021_1645pm,True,False,30,Mar,2021,1645,,3000.0,0.8333333333333334,4.000000000000046
2021_analysed,Exp_30_Mar_2021_1745pm,True,False,30,Mar,2021,1745,,3000.0,0.8333333333333334,13.599999999999817
2021_analysed,Exp_30_Mar_2021_1945pm,True,False,30,Mar,2021,1945,,3000.0,0.8333333333333334,39.60000000000082
2021_analysed,Exp_31_Jul_2021_0045am,True,False,31,Jul,2021,0045,,3000.0,0.8333333333333334,2.0
2021_analysed,Exp_31_Mar_2021_0045am,True,False,31,Mar,2021,0045,,3000.0,0.8333333333333334,0.39999999999997726
2021_analysed,Exp_31_Mar_2021_0645am,True,False,31,Mar,2021,0645,,3000.0,0.8333333333333334,0.0
2021_analysed,Exp_31_Mar_2021_0745am,True,False,31,Mar,2021,0745,,3000.0,0.8333333333333334,21.600000000000477
2021_analysed,Exp_31_Mar_2021_0845am,True,False,31,Mar,2021,0845,,3000.0,0.8333333333333334,8.400000000000034
2021_analysed,Exp_31_Mar_2021_0945am,True,False,31,Mar,2021,0945,,3000.0,0.8333333333333334,65.19999999999939
2021_analysed,Exp_31_Mar_2021_1045am,True,False,31,Mar,2021,1045,,3000.0,0.8333333333333334,7.599999999999298
2021_analysed,Exp_31_Mar_2021_1145am,True,False,31,Mar,2021,1145,,3000.0,0.8333333333333334,63.600000000000875
2021_analysed,Exp_31_Mar_2021_1245pm,True,False,31,Mar,2021,1245,,3000.0,0.8333333333333334,0.40000000000009095
2021_analysed,Exp_31_Mar_2021_1345pm,True,False,31,Mar,2021,1345,,3000.0,0.8333333333333334,56.79999999999964
2021_analysed,Exp_31_Mar_2021_1445pm,True,False,31,Mar,2021,1445,,3000.0,0.8333333333333334,4.799999999999727
2021_analysed,Exp_31_Mar_2021_1545pm,True,False,31,Mar,2021,1545,,3000.0,0.8333333333333334,142.00000000000065
2021_analysed,Exp_31_Mar_2021_1645pm,True,False,31,Mar,2021,1645,,3000.0,0.8333333333333334,10.800000000000356
2021_analysed,Exp_31_Mar_2021_1745pm,True,False,31,Mar,2021,1745,,3000.0,0.8333333333333334,13.999999999999915
2021_analysed,Exp_31_Mar_2021_1945pm,True,False,31,Mar,2021,1945,,3000.0,0.8333333333333334,0.7999999999994998
2023_analysed,Exp_01_Aug_2023_0845_channel_1,True,False,01,Aug,2023,0845,1,3007.6979166666665,0.8354716435185184,1.2000000000000455
2023_analysed,Exp_01_Aug_2023_1245_channel_0,True,False,01,Aug,2023,1245,0,3008.15625,0.8355989583333333,4.400000000000006
2023_analysed,Exp_01_Dec_2023_0845_channel_0,True,False,01,Dec,2023,0845,0,3011.0833333333335,0.836412037037037,3.200000000000273
2023_analysed,Exp_01_Dec_2023_1345_channel_0,True,False,01,Dec,2023,1345,0,3008.3645833333335,0.8356568287037037,36.39999999999962
2023_analysed,Exp_01_Feb_2023_0745_channel_0,True,False,01,Feb,2023,0745,0,3003.4375,0.8342881944444445,0.40000000000009095
2023_analysed,Exp_01_Feb_2023_0745_channel_1,True,False,01,Feb,2023,0745,1,3003.4375,0.8342881944444445,1.2000000000002728
2023_analysed,Exp_01_Feb_2023_0845_channel_0,True,False,01,Feb,2023,0845,0,3003.4583333333335,0.8342939814814815,0.7999999999997272
2023_analysed,Exp_01_Feb_2023_0845_channel_1,True,False,01,Feb,2023,0845,1,3003.4583333333335,0.8342939814814815,0.7999999999997272
2023_analysed,Exp_01_Feb_2023_0945_channel_0,True,False,01,Feb,2023,0945,0,3003.6354166666665,0.8343431712962962,49.60000000000121
2023_analysed,Exp_01_Feb_2023_0945_channel_1,True,False,01,Feb,2023,0945,1,3003.6354166666665,0.8343431712962962,3.199999999999818
2023_analysed,Exp_01_Feb_2023_1045_channel_0,True,False,01,Feb,2023,1045,0,3003.53125,0.8343142361111111,23.19999999999905
2023_analysed,Exp_01_Feb_2023_1045_channel_1,True,False,01,Feb,2023,1045,1,3003.53125,0.8343142361111111,1.199999999999818
2023_analysed,Exp_01_Feb_2023_1145_channel_0,True,False,01,Feb,2023,1145,0,3003.5833333333335,0.8343287037037037,129.60000000000008
2023_analysed,Exp_01_Feb_2023_1145_channel_1,True,False,01,Feb,2023,1145,1,3003.5833333333335,0.8343287037037037,0.7999999999998408
2023_analysed,Exp_01_Feb_2023_1245_channel_0,True,False,01,Feb,2023,1245,0,3003.40625,0.8342795138888889,2.0
2023_analysed,Exp_01_Feb_2023_1245_channel_1,True,False,01,Feb,2023,1245,1,3003.40625,0.8342795138888889,1.2000000000000681
2023_analysed,Exp_01_Feb_2023_1345_channel_0,True,False,01,Feb,2023,1345,0,1997.1770833333333,0.5547714120370371,88.40000000000094
2023_analysed,Exp_01_Feb_2023_1345_channel_1,True,False,01,Feb,2023,1345,1,1997.1770833333333,0.5547714120370371,1.1999999999999318
2023_analysed,Exp_01_Feb_2023_1445_channel_0,True,False,01,Feb,2023,1445,0,3003.4375,0.8342881944444445,1.6000000000001364
2023_analysed,Exp_01_Feb_2023_1445_channel_1,True,False,01,Feb,2023,1445,1,3003.4375,0.8342881944444445,0.7999999999999545
2023_analysed,Exp_01_Feb_2023_1545_channel_0,True,False,01,Feb,2023,1545,0,2658.4104375,0.7384473437500001,62.79999999999943
2023_analysed,Exp_01_Feb_2023_1545_channel_1,True,False,01,Feb,2023,1545,1,2658.3891041666666,0.738441417824074,3.59999999999998
2023_analysed,Exp_01_Feb_2023_1658_channel_0,True,False,01,Feb,2023,1658,0,60.083333333333336,0.016689814814814817,0.0
2023_analysed,Exp_01_Feb_2023_1658_channel_1,True,False,01,Feb,2023,1658,1,60.083333333333336,0.016689814814814817,0.0
2023_analysed,Exp_01_Feb_2023_1745_channel_0,True,False,01,Feb,2023,1745,0,3003.3229166666665,0.8342563657407407,0.3999999999998636
2023_analysed,Exp_01_Feb_2023_1745_channel_1,True,False,01,Feb,2023,1745,1,3003.3229166666665,0.8342563657407407,0.0
2023_analysed,Exp_01_Jul_2023_0745_channel_0,True,False,01,Jul,2023,0745,0,3003.5520833333335,0.8343200231481482,3.200000000000159
2023_analysed,Exp_01_Jul_2023_0745_channel_1,True,False,01,Jul,2023,0745,1,3003.5520833333335,0.8343200231481482,2.0000000000004547
2023_analysed,Exp_01_Jul_2023_0845_channel_0,True,False,01,Jul,2023,0845,0,3003.375,0.8342708333333333,21.59999999999966
2023_analysed,Exp_01_Jul_2023_0845_channel_1,True,False,01,Jul,2023,0845,1,3003.375,0.8342708333333333,18.00000000000162
2023_analysed,Exp_01_Jul_2023_0945_channel_0,True,False,01,Jul,2023,0945,0,3003.34375,0.8342621527777778,61.999999999996135
2023_analysed,Exp_01_Jul_2023_0945_channel_1,True,False,01,Jul,2023,0945,1,3003.34375,0.8342621527777778,87.1999999999982
2023_analysed,Exp_01_Jul_2023_1045_channel_0,True,False,01,Jul,2023,1045,0,3003.5833333333335,0.8343287037037037,133.2000000000001
2023_analysed,Exp_01_Jul_2023_1045_channel_1,True,False,01,Jul,2023,1045,1,3003.5833333333335,0.8343287037037037,67.59999999999974
2023_analysed,Exp_01_Jul_2023_1145_channel_0,True,False,01,Jul,2023,1145,0,3003.625,0.8343402777777778,95.59999999999829
2023_analysed,Exp_01_Jul_2023_1145_channel_1,True,False,01,Jul,2023,1145,1,3003.625,0.8343402777777778,82.80000000000013
2023_analysed,Exp_01_Jul_2023_1245_channel_0,True,False,01,Jul,2023,1245,0,3003.4270833333335,0.834285300925926,146.79999999999788
2023_analysed,Exp_01_Jul_2023_1245_channel_1,True,False,01,Jul,2023,1245,1,3003.4270833333335,0.834285300925926,37.99999999999967
2023_analysed,Exp_01_Jul_2023_1345_channel_0,True,False,01,Jul,2023,1345,0,3003.625,0.8343402777777778,22.399999999999615
2023_analysed,Exp_01_Jul_2023_1345_channel_1,True,False,01,Jul,2023,1345,1,3003.625,0.8343402777777778,153.99999999999912
2023_analysed,Exp_01_Jul_2023_1445_channel_0,True,False,01,Jul,2023,1445,0,3003.46875,0.834296875,188.8000000000001
2023_analysed,Exp_01_Jul_2023_1445_channel_1,True,False,01,Jul,2023,1445,1,3003.46875,0.834296875,187.99999999999943
2023_analysed,Exp_01_Jul_2023_1545_channel_0,True,False,01,Jul,2023,1545,0,3003.71875,0.8343663194444444,100.40000000000015
2023_analysed,Exp_01_Jul_2023_1545_channel_1,True,False,01,Jul,2023,1545,1,3003.71875,0.8343663194444444,184.80000000000038
2023_analysed,Exp_01_Jul_2023_1645_channel_0,True,False,01,Jul,2023,1645,0,3003.5833333333335,0.8343287037037037,77.99999999999993
2023_analysed,Exp_01_Jul_2023_1645_channel_1,True,False,01,Jul,2023,1645,1,3003.5833333333335,0.8343287037037037,26.799999999999955
2023_analysed,Exp_01_Jul_2023_1745_channel_0,True,False,01,Jul,2023,1745,0,3003.3229166666665,0.8342563657407407,51.19999999999888
2023_analysed,Exp_01_Jul_2023_1745_channel_1,True,False,01,Jul,2023,1745,1,3003.3229166666665,0.8342563657407407,10.399999999999295
2023_analysed,Exp_01_Jun_2023_0745_channel_0,True,False,01,Jun,2023,0745,0,3003.3125,0.8342534722222222,3.600000000000591
2023_analysed,Exp_01_Jun_2023_0745_channel_1,True,False,01,Jun,2023,0745,1,3003.3125,0.8342534722222222,4.000000000000796
2023_analysed,Exp_01_Jun_2023_0745_channel_2,True,False,01,Jun,2023,0745,2,3003.3125,0.8342534722222222,0.0
2023_analysed,Exp_01_Jun_2023_0845_channel_0,True,False,01,Jun,2023,0845,0,3003.5625,0.8343229166666667,45.999999999999794
2023_analysed,Exp_01_Jun_2023_0845_channel_1,True,False,01,Jun,2023,0845,1,3003.5625,0.8343229166666667,37.20000000000118
2023_analysed,Exp_01_Jun_2023_0845_channel_2,True,False,01,Jun,2023,0845,2,3003.5625,0.8343229166666667,2.000000000000398
2023_analysed,Exp_01_Jun_2023_0945_channel_0,True,False,01,Jun,2023,0945,0,3003.5,0.8343055555555555,50.000000000001776
2023_analysed,Exp_01_Jun_2023_0945_channel_1,True,False,01,Jun,2023,0945,1,3003.5,0.8343055555555555,150.79999999999956
2023_analysed,Exp_01_Jun_2023_0945_channel_2,True,False,01,Jun,2023,0945,2,3003.5,0.8343055555555555,2.8000000000002956
2023_analysed,Exp_01_Jun_2023_1045_channel_0,True,False,01,Jun,2023,1045,0,3003.4583333333335,0.8342939814814815,60.79999999999811
2023_analysed,Exp_01_Jun_2023_1045_channel_1,True,False,01,Jun,2023,1045,1,3003.4583333333335,0.8342939814814815,19.1999999999979
2023_analysed,Exp_01_Jun_2023_1045_channel_2,True,False,01,Jun,2023,1045,2,3003.4583333333335,0.8342939814814815,0.0
2023_analysed,Exp_01_Jun_2023_1145_channel_0,True,False,01,Jun,2023,1145,0,2081.1041666666665,0.5780844907407408,28.399999999999963
2023_analysed,Exp_01_Jun_2023_1145_channel_1,True,False,01,Jun,2023,1145,1,2429.8020833333335,0.6749450231481482,137.20000000000022
2023_analysed,Exp_01_Jun_2023_1145_channel_2,True,False,01,Jun,2023,1145,2,2828.3229166666665,0.7856452546296296,0.0
2023_analysed,Exp_01_Jun_2023_1245_channel_0,True,False,01,Jun,2023,1245,0,3003.4791666666665,0.8342997685185185,45.19999999999936
2023_analysed,Exp_01_Jun_2023_1245_channel_1,True,False,01,Jun,2023,1245,1,3003.4791666666665,0.8342997685185185,34.79999999999973
2023_analysed,Exp_01_Jun_2023_1245_channel_2,True,False,01,Jun,2023,1245,2,3003.4791666666665,0.8342997685185185,0.0
2023_analysed,Exp_01_Jun_2023_1345_channel_0,True,False,01,Jun,2023,1345,0,3003.8020833333335,0.8343894675925926,83.59999999999906
2023_analysed,Exp_01_Jun_2023_1345_channel_1,True,False,01,Jun,2023,1345,1,3003.8020833333335,0.8343894675925926,214.39999999999998
2023_analysed,Exp_01_Jun_2023_1345_channel_2,True,False,01,Jun,2023,1345,2,3003.8020833333335,0.8343894675925926,0.0
2023_analysed,Exp_01_Jun_2023_1445_channel_0,True,False,01,Jun,2023,1445,0,3003.7604166666665,0.8343778935185184,105.20000000000267
2023_analysed,Exp_01_Jun_2023_1445_channel_1,True,False,01,Jun,2023,1445,1,3003.7604166666665,0.8343778935185184,86.00000000000043
2023_analysed,Exp_01_Jun_2023_1445_channel_2,True,False,01,Jun,2023,1445,2,3003.7604166666665,0.8343778935185184,0.0
2023_analysed,Exp_01_Jun_2023_1545_channel_0,True,False,01,Jun,2023,1545,0,3003.5833333333335,0.8343287037037037,93.99999999999746
2023_analysed,Exp_01_Jun_2023_1545_channel_1,True,False,01,Jun,2023,1545,1,3003.5833333333335,0.8343287037037037,211.19999999999987
2023_analysed,Exp_01_Jun_2023_1545_channel_2,True,False,01,Jun,2023,1545,2,3003.5833333333335,0.8343287037037037,0.0
2023_analysed,Exp_01_Jun_2023_1645_channel_0,True,False,01,Jun,2023,1645,0,3003.5729166666665,0.8343258101851851,46.800000000000296
2023_analysed,Exp_01_Jun_2023_1645_channel_1,True,False,01,Jun,2023,1645,1,3003.5729166666665,0.8343258101851851,28.800000000000097
2023_analysed,Exp_01_Jun_2023_1645_channel_2,True,False,01,Jun,2023,1645,2,3003.5729166666665,0.8343258101851851,0.0
2023_analysed,Exp_01_Jun_2023_1745_channel_0,True,False,01,Jun,2023,1745,0,3003.4270833333335,0.834285300925926,8.400000000001057
2023_analysed,Exp_01_Jun_2023_1745_channel_1,True,False,01,Jun,2023,1745,1,3003.4270833333335,0.834285300925926,4.000000000000483
2023_analysed,Exp_01_Jun_2023_1745_channel_2,True,False,01,Jun,2023,1745,2,3003.4270833333335,0.834285300925926,0.0
2023_analysed,Exp_01_Mar_2023_0745_channel_0,True,False,01,Mar,2023,0745,0,3003.75,0.834375,16.80000000000109
2023_analysed,Exp_01_Mar_2023_0745_channel_1,True,False,01,Mar,2023,0745,1,3003.75,0.834375,8.40000000000012
2023_analysed,Exp_01_Mar_2023_0845_channel_0,True,False,01,Mar,2023,0845,0,3003.5,0.8343055555555555,64.79999999999761
2023_analysed,Exp_01_Mar_2023_0845_channel_1,True,False,01,Mar,2023,0845,1,3003.5,0.8343055555555555,6.800000000000409
2023_analysed,Exp_01_Mar_2023_0945_channel_0,True,False,01,Mar,2023,0945,0,3003.9270833333335,0.8344241898148148,106.79999999999953
2023_analysed,Exp_01_Mar_2023_0945_channel_1,True,False,01,Mar,2023,0945,1,3003.9270833333335,0.8344241898148148,6.000000000000128
2023_analysed,Exp_01_Mar_2023_1045_channel_0,True,False,01,Mar,2023,1045,0,3003.4895833333335,0.8343026620370371,16.399999999999864
2023_analysed,Exp_01_Mar_2023_1045_channel_1,True,False,01,Mar,2023,1045,1,3003.4895833333335,0.8343026620370371,0.40000000000009095
2023_analysed,Exp_01_Mar_2023_1145_channel_0,True,False,01,Mar,2023,1145,0,3003.5833333333335,0.8343287037037037,134.39999999999975
2023_analysed,Exp_01_Mar_2023_1145_channel_1,True,False,01,Mar,2023,1145,1,3003.5833333333335,0.8343287037037037,2.3999999999999133
2023_analysed,Exp_01_Mar_2023_1245_channel_0,True,False,01,Mar,2023,1245,0,3003.84375,0.8344010416666666,48.40000000000009
2023_analysed,Exp_01_Mar_2023_1245_channel_1,True,False,01,Mar,2023,1245,1,3003.84375,0.8344010416666666,54.00000000000182
2023_analysed,Exp_01_Mar_2023_1345_channel_0,True,False,01,Mar,2023,1345,0,3003.5833333333335,0.8343287037037037,73.60000000000106
2023_analysed,Exp_01_Mar_2023_1345_channel_1,True,False,01,Mar,2023,1345,1,3003.5833333333335,0.8343287037037037,12.00000000000071
2023_analysed,Exp_01_Mar_2023_1445_channel_0,True,False,01,Mar,2023,1445,0,3004.0520833333335,0.834458912037037,29.200000000000273
2023_analysed,Exp_01_Mar_2023_1445_channel_1,True,False,01,Mar,2023,1445,1,3004.0520833333335,0.834458912037037,10.399999999998727
2023_analysed,Exp_01_Mar_2023_1545_channel_0,True,False,01,Mar,2023,1545,0,3004.625,0.8346180555555556,77.20000000000088
2023_analysed,Exp_01_Mar_2023_1545_channel_1,True,False,01,Mar,2023,1545,1,3004.625,0.8346180555555556,6.000000000000142
2023_analysed,Exp_01_Mar_2023_1645_channel_0,True,False,01,Mar,2023,1645,0,3003.9166666666665,0.8344212962962962,7.999999999999645
2023_analysed,Exp_01_Mar_2023_1645_channel_1,True,False,01,Mar,2023,1645,1,3003.9166666666665,0.8344212962962962,5.200000000000195
2023_analysed,Exp_01_Mar_2023_1745_channel_0,True,False,01,Mar,2023,1745,0,3003.7708333333335,0.8343807870370371,2.0
2023_analysed,Exp_01_Mar_2023_1745_channel_1,True,False,01,Mar,2023,1745,1,3003.7708333333335,0.8343807870370371,0.0
2023_analysed,Exp_01_May_2023_0745_channel_0,True,False,01,May,2023,0745,0,3003.3020833333335,0.8342505787037038,2.799999999999919
2023_analysed,Exp_01_May_2023_0745_channel_1,True,False,01,May,2023,0745,1,3003.3020833333335,0.8342505787037038,1.200000000000216
2023_analysed,Exp_01_May_2023_0745_channel_2,True,False,01,May,2023,0745,2,3003.3020833333335,0.8342505787037038,0.0
2023_analysed,Exp_01_May_2023_0845_channel_0,True,False,01,May,2023,0845,0,3003.5208333333335,0.8343113425925927,11.200000000000585
2023_analysed,Exp_01_May_2023_0845_channel_1,True,False,01,May,2023,0845,1,3003.5208333333335,0.8343113425925927,15.999999999998224
2023_analysed,Exp_01_May_2023_0845_channel_2,True,False,01,May,2023,0845,2,3003.5208333333335,0.8343113425925927,0.39999999999997726
2023_analysed,Exp_01_May_2023_0945_channel_0,True,False,01,May,2023,0945,0,3003.5729166666665,0.8343258101851851,37.19999999999973
2023_analysed,Exp_01_May_2023_0945_channel_1,True,False,01,May,2023,0945,1,3003.5729166666665,0.8343258101851851,96.80000000000045
2023_analysed,Exp_01_May_2023_0945_channel_2,True,False,01,May,2023,0945,2,3003.5729166666665,0.8343258101851851,0.0
2023_analysed,Exp_01_May_2023_1045_channel_0,True,False,01,May,2023,1045,0,3003.6041666666665,0.8343344907407407,29.200000000000244
2023_analysed,Exp_01_May_2023_1045_channel_1,True,False,01,May,2023,1045,1,3003.6041666666665,0.8343344907407407,19.200000000000045
2023_analysed,Exp_01_May_2023_1045_channel_2,True,False,01,May,2023,1045,2,3003.6041666666665,0.8343344907407407,0.0
2023_analysed,Exp_01_May_2023_1145_channel_0,True,False,01,May,2023,1145,0,3003.4375,0.8342881944444445,197.20000000000093
2023_analysed,Exp_01_May_2023_1145_channel_1,True,False,01,May,2023,1145,1,3003.4375,0.8342881944444445,270.4000000000008
2023_analysed,Exp_01_May_2023_1145_channel_2,True,False,01,May,2023,1145,2,3003.4375,0.8342881944444445,0.0
2023_analysed,Exp_01_May_2023_1245_channel_0,True,False,01,May,2023,1245,0,3003.5104166666665,0.834308449074074,30.800000000001802
2023_analysed,Exp_01_May_2023_1245_channel_1,True,False,01,May,2023,1245,1,3003.5104166666665,0.834308449074074,26.800000000000182
2023_analysed,Exp_01_May_2023_1245_channel_2,True,False,01,May,2023,1245,2,3003.5104166666665,0.834308449074074,0.0
2023_analysed,Exp_01_May_2023_1345_channel_0,True,False,01,May,2023,1345,0,3003.7395833333335,0.8343721064814815,46.80000000000014
2023_analysed,Exp_01_May_2023_1345_channel_1,True,False,01,May,2023,1345,1,3003.7395833333335,0.8343721064814815,144.40000000000052
2023_analysed,Exp_01_May_2023_1345_channel_2,True,False,01,May,2023,1345,2,3003.7395833333335,0.8343721064814815,0.40000000000009095
2023_analysed,Exp_01_May_2023_1445_channel_0,True,False,01,May,2023,1445,0,3003.5104166666665,0.834308449074074,55.20000000000408
2023_analysed,Exp_01_May_2023_1445_channel_1,True,False,01,May,2023,1445,1,3003.5104166666665,0.834308449074074,128.79999999999896
2023_analysed,Exp_01_May_2023_1445_channel_2,True,False,01,May,2023,1445,2,3003.5104166666665,0.834308449074074,0.8000000000001819
2023_analysed,Exp_01_May_2023_1545_channel_0,True,False,01,May,2023,1545,0,3003.4583333333335,0.8342939814814815,39.99999999999963
2023_analysed,Exp_01_May_2023_1545_channel_1,True,False,01,May,2023,1545,1,3003.4583333333335,0.8342939814814815,161.9999999999996
2023_analysed,Exp_01_May_2023_1545_channel_2,True,False,01,May,2023,1545,2,3003.4583333333335,0.8342939814814815,0.8000000000001819
2023_analysed,Exp_01_May_2023_1645_channel_0,True,False,01,May,2023,1645,0,3003.53125,0.8343142361111111,4.799999999999869
2023_analysed,Exp_01_May_2023_1645_channel_1,True,False,01,May,2023,1645,1,3003.53125,0.8343142361111111,8.399999999999693
2023_analysed,Exp_01_May_2023_1645_channel_2,True,False,01,May,2023,1645,2,3003.53125,0.8343142361111111,3.200000000000273
2023_analysed,Exp_01_May_2023_1745_channel_0,True,False,01,May,2023,1745,0,3003.4791666666665,0.8342997685185185,10.400000000000006
2023_analysed,Exp_01_May_2023_1745_channel_1,True,False,01,May,2023,1745,1,3003.4791666666665,0.8342997685185185,4.000000000000114
2023_analysed,Exp_01_May_2023_1745_channel_2,True,False,01,May,2023,1745,2,3003.4791666666665,0.8342997685185185,0.3999999999999915
2023_analysed,Exp_01_Nov_2023_0845_channel_1,True,False,01,Nov,2023,0845,1,3008.53125,0.835703125,10.800000000001262
2023_analysed,Exp_01_Oct_2023_1045_channel_0,True,False,01,Oct,2023,1045,0,3008.7395833333335,0.8357609953703704,0.0
2023_analysed,Exp_02_Aug_2023_1045_channel_1,True,False,02,Aug,2023,1045,1,3007.40625,0.835390625,9.600000000000733
2023_analysed,Exp_02_Dec_2023_0745_channel_1,True,False,02,Dec,2023,0745,1,3008.1666666666665,0.8356018518518518,13.199999999999505
2023_analysed,Exp_02_Dec_2023_0845_channel_0,True,False,02,Dec,2023,0845,0,3009.0104166666665,0.8358362268518518,1.2000000000000455
2023_analysed,Exp_02_Dec_2023_1045_channel_0,True,False,02,Dec,2023,1045,0,3007.25,0.8353472222222222,1.6000000000000085
2023_analysed,Exp_02_Dec_2023_1545_channel_0,True,False,02,Dec,2023,1545,0,3009.3229166666665,0.8359230324074074,34.79999999999913
2023_analysed,Exp_02_Feb_2023_0745_channel_0,True,False,02,Feb,2023,0745,0,3003.6875,0.8343576388888889,1.199999999999875
2023_analysed,Exp_02_Feb_2023_0745_channel_1,True,False,02,Feb,2023,0745,1,3003.6875,0.8343576388888889,0.0
2023_analysed,Exp_02_Feb_2023_0845_channel_0,True,False,02,Feb,2023,0845,0,3003.4583333333335,0.8342939814814815,5.600000000000023
2023_analysed,Exp_02_Feb_2023_0845_channel_1,True,False,02,Feb,2023,0845,1,3003.4583333333335,0.8342939814814815,0.7999999999999972
2023_analysed,Exp_02_Feb_2023_0945_channel_0,True,False,02,Feb,2023,0945,0,3003.5208333333335,0.8343113425925927,96.3999999999999
2023_analysed,Exp_02_Feb_2023_0945_channel_1,True,False,02,Feb,2023,0945,1,3003.5208333333335,0.8343113425925927,10.400000000000084
2023_analysed,Exp_02_Feb_2023_1045_channel_0,True,False,02,Feb,2023,1045,0,3003.4791666666665,0.8342997685185185,11.600000000000023
2023_analysed,Exp_02_Feb_2023_1045_channel_1,True,False,02,Feb,2023,1045,1,3003.4791666666665,0.8342997685185185,1.9999999999995453
2023_analysed,Exp_02_Feb_2023_1145_channel_0,True,False,02,Feb,2023,1145,0,3003.4479166666665,0.8342910879629629,120.8000000000016
2023_analysed,Exp_02_Feb_2023_1145_channel_1,True,False,02,Feb,2023,1145,1,3003.4479166666665,0.8342910879629629,4.800000000000148
2023_analysed,Exp_02_Feb_2023_1245_channel_0,True,False,02,Feb,2023,1245,0,3003.3958333333335,0.8342766203703704,23.60000000000025
2023_analysed,Exp_02_Feb_2023_1245_channel_1,True,False,02,Feb,2023,1245,1,3003.3958333333335,0.8342766203703704,6.000000000000341
2023_analysed,Exp_02_Feb_2023_1345_channel_0,True,False,02,Feb,2023,1345,0,3003.5208333333335,0.8343113425925927,152.40000000000106
2023_analysed,Exp_02_Feb_2023_1345_channel_1,True,False,02,Feb,2023,1345,1,3003.5208333333335,0.8343113425925927,29.19999999999986
2023_analysed,Exp_02_Feb_2023_1445_channel_0,True,False,02,Feb,2023,1445,0,3003.5416666666665,0.8343171296296296,27.199999999999875
2023_analysed,Exp_02_Feb_2023_1445_channel_1,True,False,02,Feb,2023,1445,1,3003.5416666666665,0.8343171296296296,17.600000000000705
2023_analysed,Exp_02_Feb_2023_1545_channel_0,True,False,02,Feb,2023,1545,0,3003.3958333333335,0.8342766203703704,64.00000000000048
2023_analysed,Exp_02_Feb_2023_1545_channel_1,True,False,02,Feb,2023,1545,1,3003.3958333333335,0.8342766203703704,2.400000000000034
2023_analysed,Exp_02_Feb_2023_1645_channel_0,True,False,02,Feb,2023,1645,0,3004.09375,0.8344704861111111,3.2000000000005002
2023_analysed,Exp_02_Feb_2023_1645_channel_1,True,False,02,Feb,2023,1645,1,3004.09375,0.8344704861111111,1.599999999999909
2023_analysed,Exp_02_Feb_2023_1745_channel_0,True,False,02,Feb,2023,1745,0,3003.5625,0.8343229166666667,3.199999999999875
2023_analysed,Exp_02_Feb_2023_1745_channel_1,True,False,02,Feb,2023,1745,1,3003.5625,0.8343229166666667,0.40000000000009095
2023_analysed,Exp_02_Jul_2023_0745_channel_0,True,False,02,Jul,2023,0745,0,3003.5625,0.8343229166666667,5.600000000000591
2023_analysed,Exp_02_Jul_2023_0745_channel_1,True,False,02,Jul,2023,0745,1,3003.5625,0.8343229166666667,5.200000000000159
2023_analysed,Exp_02_Jul_2023_0845_channel_0,True,False,02,Jul,2023,0845,0,3003.4375,0.8342881944444445,12.400000000000773
2023_analysed,Exp_02_Jul_2023_0845_channel_1,True,False,02,Jul,2023,0845,1,3003.4375,0.8342881944444445,24.799999999999415
2023_analysed,Exp_02_Jul_2023_0945_channel_0,True,False,02,Jul,2023,0945,0,3003.4479166666665,0.8342910879629629,31.199999999998106
2023_analysed,Exp_02_Jul_2023_0945_channel_1,True,False,02,Jul,2023,0945,1,3003.4479166666665,0.8342910879629629,102.79999999999973
2023_analysed,Exp_02_Jul_2023_1045_channel_0,True,False,02,Jul,2023,1045,0,3004.0729166666665,0.8344646990740741,0.7999999999999545
2023_analysed,Exp_02_Jul_2023_1045_channel_1,True,False,02,Jul,2023,1045,1,3004.0729166666665,0.8344646990740741,0.40000000000009095
2023_analysed,Exp_02_Jul_2023_1145_channel_0,True,False,02,Jul,2023,1145,0,3003.4375,0.8342881944444445,103.19999999999919
2023_analysed,Exp_02_Jul_2023_1145_channel_1,True,False,02,Jul,2023,1145,1,3003.4375,0.8342881944444445,113.9999999999982
2023_analysed,Exp_02_Jul_2023_1245_channel_0,True,False,02,Jul,2023,1245,0,3003.8541666666665,0.8344039351851852,208.7999999999988
2023_analysed,Exp_02_Jul_2023_1245_channel_1,True,False,02,Jul,2023,1245,1,3003.8541666666665,0.8344039351851852,118.80000000000149
2023_analysed,Exp_02_Jul_2023_1345_channel_0,True,False,02,Jul,2023,1345,0,3004.4375,0.8345659722222222,164.39999999999725
2023_analysed,Exp_02_Jul_2023_1345_channel_1,True,False,02,Jul,2023,1345,1,3004.4375,0.8345659722222222,174.0000000000013
2023_analysed,Exp_02_Jul_2023_1445_channel_0,True,False,02,Jul,2023,1445,0,3004.4375,0.8345659722222222,159.59999999999906
2023_analysed,Exp_02_Jul_2023_1445_channel_1,True,False,02,Jul,2023,1445,1,3004.4375,0.8345659722222222,180.00000000000333
2023_analysed,Exp_02_Jul_2023_1545_channel_0,True,False,02,Jul,2023,1545,0,3003.7395833333335,0.8343721064814815,153.59999999999943
2023_analysed,Exp_02_Jul_2023_1545_channel_1,True,False,02,Jul,2023,1545,1,3003.7395833333335,0.8343721064814815,223.1999999999977
2023_analysed,Exp_02_Jul_2023_1645_channel_0,True,False,02,Jul,2023,1645,0,3003.6979166666665,0.8343605324074074,89.59999999999928
2023_analysed,Exp_02_Jul_2023_1645_channel_1,True,False,02,Jul,2023,1645,1,3003.6979166666665,0.8343605324074074,91.60000000000045
2023_analysed,Exp_02_Jul_2023_1745_channel_0,True,False,02,Jul,2023,1745,0,3003.5833333333335,0.8343287037037037,59.20000000000091
2023_analysed,Exp_02_Jul_2023_1745_channel_1,True,False,02,Jul,2023,1745,1,3003.5833333333335,0.8343287037037037,20.400000000001228
2023_analysed,Exp_02_Jun_2023_0745_channel_0,True,False,02,Jun,2023,0745,0,2999.8541666666665,0.833292824074074,3.200000000000614
2023_analysed,Exp_02_Jun_2023_0745_channel_1,True,False,02,Jun,2023,0745,1,2999.8541666666665,0.833292824074074,5.600000000000023
2023_analysed,Exp_02_Jun_2023_0745_channel_2,True,False,02,Jun,2023,0745,2,2999.8541666666665,0.833292824074074,0.8000000000001251
2023_analysed,Exp_02_Jun_2023_0845_channel_0,True,False,02,Jun,2023,0845,0,3003.4270833333335,0.834285300925926,2.0000000000002274
2023_analysed,Exp_02_Jun_2023_0845_channel_1,True,False,02,Jun,2023,0845,1,3003.4270833333335,0.834285300925926,2.799999999999457
2023_analysed,Exp_02_Jun_2023_0845_channel_2,True,False,02,Jun,2023,0845,2,3003.4270833333335,0.834285300925926,0.0
2023_analysed,Exp_02_Jun_2023_0945_channel_0,True,False,02,Jun,2023,0945,0,3003.3541666666665,0.8342650462962963,28.79999999999906
2023_analysed,Exp_02_Jun_2023_0945_channel_1,True,False,02,Jun,2023,0945,1,3003.3541666666665,0.8342650462962963,57.59999999999945
2023_analysed,Exp_02_Jun_2023_0945_channel_2,True,False,02,Jun,2023,0945,2,3003.3541666666665,0.8342650462962963,0.0
2023_analysed,Exp_02_Jun_2023_1045_channel_0,True,False,02,Jun,2023,1045,0,3004.1666666666665,0.8344907407407407,38.399999999998094
2023_analysed,Exp_02_Jun_2023_1045_channel_1,True,False,02,Jun,2023,1045,1,3004.1666666666665,0.8344907407407407,21.599999999999454
2023_analysed,Exp_02_Jun_2023_1045_channel_2,True,False,02,Jun,2023,1045,2,3004.1666666666665,0.8344907407407407,0.0
2023_analysed,Exp_02_Jun_2023_1145_channel_0,True,False,02,Jun,2023,1145,0,3003.3958333333335,0.8342766203703704,80.39999999999861
2023_analysed,Exp_02_Jun_2023_1145_channel_1,True,False,02,Jun,2023,1145,1,3003.3958333333335,0.8342766203703704,153.20000000000016
2023_analysed,Exp_02_Jun_2023_1145_channel_2,True,False,02,Jun,2023,1145,2,3003.3958333333335,0.8342766203703704,0.0
2023_analysed,Exp_02_Jun_2023_1245_channel_0,True,False,02,Jun,2023,1245,0,3003.6458333333335,0.8343460648148149,34.80000000000109
2023_analysed,Exp_02_Jun_2023_1245_channel_1,True,False,02,Jun,2023,1245,1,3003.6458333333335,0.8343460648148149,16.4000000000004
2023_analysed,Exp_02_Jun_2023_1245_channel_2,True,False,02,Jun,2023,1245,2,3003.6458333333335,0.8343460648148149,0.0
2023_analysed,Exp_02_Jun_2023_1345_channel_0,True,False,02,Jun,2023,1345,0,3003.6666666666665,0.8343518518518518,30.799999999999564
2023_analysed,Exp_02_Jun_2023_1345_channel_1,True,False,02,Jun,2023,1345,1,3003.6666666666665,0.8343518518518518,149.60000000000065
2023_analysed,Exp_02_Jun_2023_1345_channel_2,True,False,02,Jun,2023,1345,2,3003.6666666666665,0.8343518518518518,0.0
2023_analysed,Exp_02_Jun_2023_1445_channel_0,True,False,02,Jun,2023,1445,0,3003.5833333333335,0.8343287037037037,50.800000000001106
2023_analysed,Exp_02_Jun_2023_1445_channel_1,True,False,02,Jun,2023,1445,1,3003.5833333333335,0.8343287037037037,57.6000000000023
2023_analysed,Exp_02_Jun_2023_1445_channel_2,True,False,02,Jun,2023,1445,2,3003.5833333333335,0.8343287037037037,0.0
2023_analysed,Exp_02_Jun_2023_1545_channel_0,True,False,02,Jun,2023,1545,0,75.6264375,0.021007343749999997,2.7999999999999883
2023_analysed,Exp_02_Jun_2023_1545_channel_1,True,False,02,Jun,2023,1545,1,75.6264375,0.021007343749999997,11.199999999999989
2023_analysed,Exp_02_Jun_2023_1545_channel_2,True,False,02,Jun,2023,1545,2,75.64777083333334,0.021013269675925927,0.0
2023_analysed,Exp_02_Jun_2023_1645_channel_0,True,False,02,Jun,2023,1645,0,469.2264375,0.13034067708333333,1.199999999999953
2023_analysed,Exp_02_Jun_2023_1645_channel_1,True,False,02,Jun,2023,1645,1,469.24777083333333,0.13034660300925927,0.8000000000000114
2023_analysed,Exp_02_Jun_2023_1645_channel_2,True,False,02,Jun,2023,1645,2,469.2691041666667,0.1303525289351852,0.0
2023_analysed,Exp_02_Jun_2023_1745_channel_0,True,False,02,Jun,2023,1745,0,2999.9375,0.8333159722222222,13.200000000000728
2023_analysed,Exp_02_Jun_2023_1745_channel_1,True,False,02,Jun,2023,1745,1,2999.9375,0.8333159722222222,5.199999999999534
2023_analysed,Exp_02_Jun_2023_1745_channel_2,True,False,02,Jun,2023,1745,2,2999.9375,0.8333159722222222,0.0
2023_analysed,Exp_02_Mar_2023_0745_channel_0,True,False,02,Mar,2023,0745,0,3003.4166666666665,0.8342824074074073,2.800000000000466
2023_analysed,Exp_02_Mar_2023_0745_channel_1,True,False,02,Mar,2023,0745,1,3003.4166666666665,0.8342824074074073,1.6000000000003638
2023_analysed,Exp_02_Mar_2023_0845_channel_0,True,False,02,Mar,2023,0845,0,3003.6875,0.8343576388888889,44.79999999999916
2023_analysed,Exp_02_Mar_2023_0845_channel_1,True,False,02,Mar,2023,0845,1,3003.6875,0.8343576388888889,11.200000000000102
2023_analysed,Exp_02_Mar_2023_0945_channel_0,True,False,02,Mar,2023,0945,0,3003.7916666666665,0.834386574074074,131.9999999999994
2023_analysed,Exp_02_Mar_2023_0945_channel_1,True,False,02,Mar,2023,0945,1,3003.7916666666665,0.834386574074074,3.200000000000138
2023_analysed,Exp_02_Mar_2023_1045_channel_0,True,False,02,Mar,2023,1045,0,3003.9375,0.8344270833333334,79.20000000000144
2023_analysed,Exp_02_Mar_2023_1045_channel_1,True,False,02,Mar,2023,1045,1,3003.9375,0.8344270833333334,31.19999999999837
2023_analysed,Exp_02_Mar_2023_1145_channel_0,True,False,02,Mar,2023,1145,0,3003.7083333333335,0.8343634259259259,135.1999999999997
2023_analysed,Exp_02_Mar_2023_1145_channel_1,True,False,02,Mar,2023,1145,1,3003.7083333333335,0.8343634259259259,8.800000000000352
2023_analysed,Exp_02_Mar_2023_1245_channel_0,True,False,02,Mar,2023,1245,0,3003.6145833333335,0.8343373842592593,52.00000000000029
2023_analysed,Exp_02_Mar_2023_1245_channel_1,True,False,02,Mar,2023,1245,1,3003.6145833333335,0.8343373842592593,15.200000000000273
2023_analysed,Exp_02_Mar_2023_1345_channel_0,True,False,02,Mar,2023,1345,0,3003.6354166666665,0.8343431712962962,133.1999999999996
2023_analysed,Exp_02_Mar_2023_1345_channel_1,True,False,02,Mar,2023,1345,1,3003.6354166666665,0.8343431712962962,7.200000000000614
2023_analysed,Exp_02_Mar_2023_1645_channel_0,True,False,02,Mar,2023,1645,0,3003.46875,0.834296875,1.2000000000000455
2023_analysed,Exp_02_Mar_2023_1645_channel_1,True,False,02,Mar,2023,1645,1,3003.46875,0.834296875,1.6000000000000227
2023_analysed,Exp_02_Mar_2023_1745_channel_0,True,False,02,Mar,2023,1745,0,3003.9166666666665,0.8344212962962962,0.8000000000000682
2023_analysed,Exp_02_Mar_2023_1745_channel_1,True,False,02,Mar,2023,1745,1,3003.9166666666665,0.8344212962962962,1.2000000000002728
2023_analysed,Exp_02_May_2023_0745_channel_0,True,False,02,May,2023,0745,0,3003.4270833333335,0.834285300925926,1.1999999999999318
2023_analysed,Exp_02_May_2023_0745_channel_1,True,False,02,May,2023,0745,1,3003.4270833333335,0.834285300925926,1.1999999999999318
2023_analysed,Exp_02_May_2023_0745_channel_2,True,False,02,May,2023,0745,2,3003.4270833333335,0.834285300925926,31.600000000000172
2023_analysed,Exp_02_May_2023_0845_channel_0,True,False,02,May,2023,0845,0,3003.4479166666665,0.8342910879629629,17.199999999999648
2023_analysed,Exp_02_May_2023_0845_channel_1,True,False,02,May,2023,0845,1,3003.4479166666665,0.8342910879629629,11.999999999998295
2023_analysed,Exp_02_May_2023_0845_channel_2,True,False,02,May,2023,0845,2,3003.4479166666665,0.8342910879629629,0.0
2023_analysed,Exp_02_May_2023_0945_channel_0,True,False,02,May,2023,0945,0,3003.3958333333335,0.8342766203703704,46.79999999999886
2023_analysed,Exp_02_May_2023_0945_channel_1,True,False,02,May,2023,0945,1,3003.3958333333335,0.8342766203703704,109.19999999999844
2023_analysed,Exp_02_May_2023_0945_channel_2,True,False,02,May,2023,0945,2,3003.3958333333335,0.8342766203703704,0.0
2023_analysed,Exp_02_May_2023_1045_channel_0,True,False,02,May,2023,1045,0,3003.3645833333335,0.8342679398148148,37.99999999999844
2023_analysed,Exp_02_May_2023_1045_channel_1,True,False,02,May,2023,1045,1,3003.3645833333335,0.8342679398148148,30.399999999998926
2023_analysed,Exp_02_May_2023_1045_channel_2,True,False,02,May,2023,1045,2,3003.3645833333335,0.8342679398148148,0.0
2023_analysed,Exp_02_May_2023_1145_channel_0,True,False,02,May,2023,1145,0,3003.6875,0.8343576388888889,68.00000000000102
2023_analysed,Exp_02_May_2023_1145_channel_1,True,False,02,May,2023,1145,1,3003.6875,0.8343576388888889,123.60000000000068
2023_analysed,Exp_02_May_2023_1145_channel_2,True,False,02,May,2023,1145,2,3003.6875,0.8343576388888889,0.0
2023_analysed,Exp_02_May_2023_1245_channel_0,True,False,02,May,2023,1245,0,3003.3125,0.8342534722222222,124.80000000000132
2023_analysed,Exp_02_May_2023_1245_channel_1,True,False,02,May,2023,1245,1,3003.3125,0.8342534722222222,94.0000000000015
2023_analysed,Exp_02_May_2023_1245_channel_2,True,False,02,May,2023,1245,2,3003.3125,0.8342534722222222,0.0
2023_analysed,Exp_02_May_2023_1345_channel_0,True,False,02,May,2023,1345,0,3003.4583333333335,0.8342939814814815,31.999999999999908
2023_analysed,Exp_02_May_2023_1345_channel_1,True,False,02,May,2023,1345,1,3003.4583333333335,0.8342939814814815,126.39999999999858
2023_analysed,Exp_02_May_2023_1345_channel_2,True,False,02,May,2023,1345,2,3003.4583333333335,0.8342939814814815,0.0
2023_analysed,Exp_02_May_2023_1445_channel_0,True,False,02,May,2023,1445,0,3003.3541666666665,0.8342650462962963,78.00000000000276
2023_analysed,Exp_02_May_2023_1445_channel_1,True,False,02,May,2023,1445,1,3003.3541666666665,0.8342650462962963,60.800000000000736
2023_analysed,Exp_02_May_2023_1445_channel_2,True,False,02,May,2023,1445,2,3003.3541666666665,0.8342650462962963,0.0
2023_analysed,Exp_02_May_2023_1545_channel_0,True,False,02,May,2023,1545,0,3003.46875,0.834296875,58.00000000000196
2023_analysed,Exp_02_May_2023_1545_channel_1,True,False,02,May,2023,1545,1,3003.46875,0.834296875,189.1999999999993
2023_analysed,Exp_02_May_2023_1545_channel_2,True,False,02,May,2023,1545,2,3003.46875,0.834296875,0.0
2023_analysed,Exp_02_May_2023_1645_channel_0,True,False,02,May,2023,1645,0,3003.40625,0.8342795138888889,20.400000000001526
2023_analysed,Exp_02_May_2023_1645_channel_1,True,False,02,May,2023,1645,1,3003.40625,0.8342795138888889,12.400000000000844
2023_analysed,Exp_02_May_2023_1645_channel_2,True,False,02,May,2023,1645,2,3003.40625,0.8342795138888889,0.0
2023_analysed,Exp_02_May_2023_1745_channel_0,True,False,02,May,2023,1745,0,3003.4791666666665,0.8342997685185185,12.399999999999949
2023_analysed,Exp_02_May_2023_1745_channel_1,True,False,02,May,2023,1745,1,3003.4791666666665,0.8342997685185185,4.0000000000003695
2023_analysed,Exp_02_May_2023_1745_channel_2,True,False,02,May,2023,1745,2,3003.4791666666665,0.8342997685185185,0.0
2023_analysed,Exp_02_Oct_2023_0745_channel_0,True,False,02,Oct,2023,0745,0,3010.8229166666665,0.836339699074074,0.0
2023_analysed,Exp_02_Oct_2023_1345_channel_0,True,False,02,Oct,2023,1345,0,3007.7083333333335,0.8354745370370371,0.0
2023_analysed,Exp_02_Sep_2023_0845_channel_0,True,False,02,Sep,2023,0845,0,3011.8020833333335,0.8366116898148148,0.0
2023_analysed,Exp_03_Dec_2023_0745_channel_1,True,False,03,Dec,2023,0745,1,3010.03125,0.8361197916666666,19.600000000001785
2023_analysed,Exp_03_Dec_2023_0845_channel_1,True,False,03,Dec,2023,0845,1,3008.375,0.8356597222222222,16.800000000002314
2023_analysed,Exp_03_Dec_2023_1145_channel_0,True,False,03,Dec,2023,1145,0,3009.8541666666665,0.8360706018518518,23.599999999999397
2023_analysed,Exp_03_Dec_2023_1245_channel_0,True,False,03,Dec,2023,1245,0,3008.1458333333335,0.8355960648148149,3.199999999999932
2023_analysed,Exp_03_Dec_2023_1545_channel_0,True,False,03,Dec,2023,1545,0,3010.96875,0.8363802083333334,4.79999999999994
2023_analysed,Exp_03_Feb_2023_0745_channel_0,True,False,03,Feb,2023,0745,0,3003.5833333333335,0.8343287037037037,0.4000000000000057
2023_analysed,Exp_03_Feb_2023_0745_channel_1,True,False,03,Feb,2023,0745,1,3003.5833333333335,0.8343287037037037,0.40000000000009095
2023_analysed,Exp_03_Feb_2023_0845_channel_0,True,False,03,Feb,2023,0845,0,3003.6145833333335,0.8343373842592593,1.9999999999995453
2023_analysed,Exp_03_Feb_2023_0845_channel_1,True,False,03,Feb,2023,0845,1,3003.6145833333335,0.8343373842592593,0.3999999999998636
2023_analysed,Exp_03_Feb_2023_0945_channel_0,True,False,03,Feb,2023,0945,0,3003.65625,0.8343489583333333,111.99999999999929
2023_analysed,Exp_03_Feb_2023_0945_channel_1,True,False,03,Feb,2023,0945,1,3003.65625,0.8343489583333333,5.999999999999961
2023_analysed,Exp_03_Feb_2023_1045_channel_0,True,False,03,Feb,2023,1045,0,3003.5833333333335,0.8343287037037037,41.20000000000149
2023_analysed,Exp_03_Feb_2023_1045_channel_1,True,False,03,Feb,2023,1045,1,3003.5833333333335,0.8343287037037037,3.5999999999999375
2023_analysed,Exp_03_Feb_2023_1145_channel_0,True,False,03,Feb,2023,1145,0,3003.3020833333335,0.8342505787037038,138.79999999999978
2023_analysed,Exp_03_Feb_2023_1145_channel_1,True,False,03,Feb,2023,1145,1,3003.3020833333335,0.8342505787037038,11.600000000000176
2023_analysed,Exp_03_Feb_2023_1245_channel_0,True,False,03,Feb,2023,1245,0,3003.4791666666665,0.8342997685185185,42.800000000003365
2023_analysed,Exp_03_Feb_2023_1245_channel_1,True,False,03,Feb,2023,1245,1,3003.4791666666665,0.8342997685185185,19.200000000000273
2023_analysed,Exp_03_Feb_2023_1345_channel_0,True,False,03,Feb,2023,1345,0,3003.5,0.8343055555555555,159.59999999999988
2023_analysed,Exp_03_Feb_2023_1345_channel_1,True,False,03,Feb,2023,1345,1,3003.5,0.8343055555555555,27.999999999999055
2023_analysed,Exp_03_Feb_2023_1445_channel_0,True,False,03,Feb,2023,1445,0,3003.5104166666665,0.834308449074074,60.40000000000054
2023_analysed,Exp_03_Feb_2023_1445_channel_1,True,False,03,Feb,2023,1445,1,3003.5104166666665,0.834308449074074,23.199999999999136
2023_analysed,Exp_03_Feb_2023_1545_channel_0,True,False,03,Feb,2023,1545,0,3003.5416666666665,0.8343171296296296,53.20000000000033
2023_analysed,Exp_03_Feb_2023_1545_channel_1,True,False,03,Feb,2023,1545,1,3003.5416666666665,0.8343171296296296,1.6000000000000227
2023_analysed,Exp_03_Feb_2023_1645_channel_0,True,False,03,Feb,2023,1645,0,3003.78125,0.8343836805555556,1.600000000000044
2023_analysed,Exp_03_Feb_2023_1645_channel_1,True,False,03,Feb,2023,1645,1,3003.78125,0.8343836805555556,0.0
2023_analysed,Exp_03_Feb_2023_1745_channel_0,True,False,03,Feb,2023,1745,0,3003.6770833333335,0.8343547453703705,3.2000000000000455
2023_analysed,Exp_03_Feb_2023_1745_channel_1,True,False,03,Feb,2023,1745,1,3003.6770833333335,0.8343547453703705,0.0
2023_analysed,Exp_03_Jul_2023_0745_channel_0,True,False,03,Jul,2023,0745,0,3003.4166666666665,0.8342824074074073,3.599999999999568
2023_analysed,Exp_03_Jul_2023_0745_channel_1,True,False,03,Jul,2023,0745,1,3003.4166666666665,0.8342824074074073,2.8000000000002387
2023_analysed,Exp_03_Jul_2023_0845_channel_0,True,False,03,Jul,2023,0845,0,3003.3958333333335,0.8342766203703704,11.59999999999988
2023_analysed,Exp_03_Jul_2023_0845_channel_1,True,False,03,Jul,2023,0845,1,3003.3958333333335,0.8342766203703704,10.400000000000347
2023_analysed,Exp_03_Jul_2023_0945_channel_0,True,False,03,Jul,2023,0945,0,3003.5625,0.8343229166666667,63.199999999997374
2023_analysed,Exp_03_Jul_2023_0945_channel_1,True,False,03,Jul,2023,0945,1,3003.5625,0.8343229166666667,171.1999999999988
2023_analysed,Exp_03_Jul_2023_1045_channel_0,True,False,03,Jul,2023,1045,0,3003.375,0.8342708333333333,123.20000000000076
2023_analysed,Exp_03_Jul_2023_1045_channel_1,True,False,03,Jul,2023,1045,1,3003.375,0.8342708333333333,83.6
2023_analysed,Exp_03_Jul_2023_1145_channel_0,True,False,03,Jul,2023,1145,0,3003.3645833333335,0.8342679398148148,83.60000000000132
2023_analysed,Exp_03_Jul_2023_1145_channel_1,True,False,03,Jul,2023,1145,1,3003.3645833333335,0.8342679398148148,158.8000000000007
2023_analysed,Exp_03_Jul_2023_1245_channel_0,True,False,03,Jul,2023,1245,0,3003.5416666666665,0.8343171296296296,90.40000000000056
2023_analysed,Exp_03_Jul_2023_1245_channel_1,True,False,03,Jul,2023,1245,1,3003.5416666666665,0.8343171296296296,60.3999999999982
2023_analysed,Exp_03_Jul_2023_1345_channel_0,True,False,03,Jul,2023,1345,0,3003.65625,0.8343489583333333,65.59999999999653
2023_analysed,Exp_03_Jul_2023_1345_channel_1,True,False,03,Jul,2023,1345,1,3003.65625,0.8343489583333333,143.99999999999773
2023_analysed,Exp_03_Jul_2023_1445_channel_0,True,False,03,Jul,2023,1445,0,3003.5416666666665,0.8343171296296296,242.39999999999748
2023_analysed,Exp_03_Jul_2023_1445_channel_1,True,False,03,Jul,2023,1445,1,3003.5416666666665,0.8343171296296296,153.60000000000156
2023_analysed,Exp_03_Jul_2023_1545_channel_0,True,False,03,Jul,2023,1545,0,3003.7291666666665,0.834369212962963,200.79999999999893
2023_analysed,Exp_03_Jul_2023_1545_channel_1,True,False,03,Jul,2023,1545,1,3003.7291666666665,0.834369212962963,716.7999999999967
2023_analysed,Exp_03_Jul_2023_1645_channel_0,True,False,03,Jul,2023,1645,0,3003.4166666666665,0.8342824074074073,114.00000000000064
2023_analysed,Exp_03_Jul_2023_1645_channel_1,True,False,03,Jul,2023,1645,1,3003.4166666666665,0.8342824074074073,273.1999999999956
2023_analysed,Exp_03_Jul_2023_1745_channel_0,True,False,03,Jul,2023,1745,0,3003.5833333333335,0.8343287037037037,94.3999999999998
2023_analysed,Exp_03_Jul_2023_1745_channel_1,True,False,03,Jul,2023,1745,1,3003.5833333333335,0.8343287037037037,11.599999999999937
2023_analysed,Exp_03_Jun_2023_0745_channel_0,True,False,03,Jun,2023,0745,0,3003.5416666666665,0.8343171296296296,6.000000000000341
2023_analysed,Exp_03_Jun_2023_0745_channel_1,True,False,03,Jun,2023,0745,1,3003.5416666666665,0.8343171296296296,5.200000000000273
2023_analysed,Exp_03_Jun_2023_0745_channel_2,True,False,03,Jun,2023,0745,2,3003.5416666666665,0.8343171296296296,0.0
2023_analysed,Exp_03_Jun_2023_0845_channel_0,True,False,03,Jun,2023,0845,0,3003.4166666666665,0.8342824074074073,25.200000000000358
2023_analysed,Exp_03_Jun_2023_0845_channel_1,True,False,03,Jun,2023,0845,1,3003.4166666666665,0.8342824074074073,27.199999999998624
2023_analysed,Exp_03_Jun_2023_0845_channel_2,True,False,03,Jun,2023,0845,2,3003.4166666666665,0.8342824074074073,0.0
2023_analysed,Exp_03_Jun_2023_0945_channel_0,True,False,03,Jun,2023,0945,0,3003.4791666666665,0.8342997685185185,50.000000000000036
2023_analysed,Exp_03_Jun_2023_0945_channel_1,True,False,03,Jun,2023,0945,1,3003.4791666666665,0.8342997685185185,72.00000000000222
2023_analysed,Exp_03_Jun_2023_0945_channel_2,True,False,03,Jun,2023,0945,2,3003.4791666666665,0.8342997685185185,0.0
2023_analysed,Exp_03_Jun_2023_1045_channel_0,True,False,03,Jun,2023,1045,0,3003.4375,0.8342881944444445,20.000000000001307
2023_analysed,Exp_03_Jun_2023_1045_channel_1,True,False,03,Jun,2023,1045,1,3003.4375,0.8342881944444445,16.400000000000702
2023_analysed,Exp_03_Jun_2023_1045_channel_2,True,False,03,Jun,2023,1045,2,3003.4375,0.8342881944444445,0.0
2023_analysed,Exp_03_Jun_2023_1145_channel_0,True,False,03,Jun,2023,1145,0,3003.3854166666665,0.8342737268518519,80.39999999999944
2023_analysed,Exp_03_Jun_2023_1145_channel_1,True,False,03,Jun,2023,1145,1,3003.3854166666665,0.8342737268518519,143.59999999999954
2023_analysed,Exp_03_Jun_2023_1145_channel_2,True,False,03,Jun,2023,1145,2,3003.3854166666665,0.8342737268518519,0.0
2023_analysed,Exp_03_Jun_2023_1245_channel_0,True,False,03,Jun,2023,1245,0,3003.4270833333335,0.834285300925926,53.59999999999793
2023_analysed,Exp_03_Jun_2023_1245_channel_1,True,False,03,Jun,2023,1245,1,3003.4270833333335,0.834285300925926,25.999999999997527
2023_analysed,Exp_03_Jun_2023_1245_channel_2,True,False,03,Jun,2023,1245,2,3003.4270833333335,0.834285300925926,0.0
2023_analysed,Exp_03_Jun_2023_1345_channel_0,True,False,03,Jun,2023,1345,0,3003.625,0.8343402777777778,57.19999999999987
2023_analysed,Exp_03_Jun_2023_1345_channel_1,True,False,03,Jun,2023,1345,1,3003.625,0.8343402777777778,145.2000000000014
2023_analysed,Exp_03_Jun_2023_1345_channel_2,True,False,03,Jun,2023,1345,2,3003.625,0.8343402777777778,0.0
2023_analysed,Exp_03_Jun_2023_1445_channel_0,True,False,03,Jun,2023,1445,0,3003.4583333333335,0.8342939814814815,65.2000000000019
2023_analysed,Exp_03_Jun_2023_1445_channel_1,True,False,03,Jun,2023,1445,1,3003.4583333333335,0.8342939814814815,53.999999999999474
2023_analysed,Exp_03_Jun_2023_1445_channel_2,True,False,03,Jun,2023,1445,2,3003.4583333333335,0.8342939814814815,0.0
2023_analysed,Exp_03_Jun_2023_1545_channel_0,True,False,03,Jun,2023,1545,0,3003.5833333333335,0.8343287037037037,42.00000000000081
2023_analysed,Exp_03_Jun_2023_1545_channel_1,True,False,03,Jun,2023,1545,1,3003.5833333333335,0.8343287037037037,169.9999999999992
2023_analysed,Exp_03_Jun_2023_1545_channel_2,True,False,03,Jun,2023,1545,2,3003.5833333333335,0.8343287037037037,0.0
2023_analysed,Exp_03_Jun_2023_1645_channel_0,True,False,03,Jun,2023,1645,0,3003.40625,0.8342795138888889,30.799999999999827
2023_analysed,Exp_03_Jun_2023_1645_channel_1,True,False,03,Jun,2023,1645,1,3003.40625,0.8342795138888889,11.599999999999909
2023_analysed,Exp_03_Jun_2023_1645_channel_2,True,False,03,Jun,2023,1645,2,3003.40625,0.8342795138888889,1.1999999999992497
2023_analysed,Exp_03_Jun_2023_1745_channel_0,True,False,03,Jun,2023,1745,0,3003.5,0.8343055555555555,12.000000000000028
2023_analysed,Exp_03_Jun_2023_1745_channel_1,True,False,03,Jun,2023,1745,1,3003.5,0.8343055555555555,2.400000000000091
2023_analysed,Exp_03_Jun_2023_1745_channel_2,True,False,03,Jun,2023,1745,2,3003.5,0.8343055555555555,0.0
2023_analysed,Exp_03_Mar_2023_0745_channel_0,True,False,03,Mar,2023,0745,0,3003.3645833333335,0.8342679398148148,0.0
2023_analysed,Exp_03_Mar_2023_0745_channel_1,True,False,03,Mar,2023,0745,1,3003.3645833333335,0.8342679398148148,1.199999999999818
2023_analysed,Exp_03_Mar_2023_0845_channel_0,True,False,03,Mar,2023,0845,0,3003.5833333333335,0.8343287037037037,0.0
2023_analysed,Exp_03_Mar_2023_0845_channel_1,True,False,03,Mar,2023,0845,1,3003.5833333333335,0.8343287037037037,39.59999999999914
2023_analysed,Exp_03_Mar_2023_0945_channel_0,True,False,03,Mar,2023,0945,0,3003.4166666666665,0.8342824074074073,0.0
2023_analysed,Exp_03_Mar_2023_0945_channel_1,True,False,03,Mar,2023,0945,1,3003.4166666666665,0.8342824074074073,103.99999999999967
2023_analysed,Exp_03_Mar_2023_1045_channel_0,True,False,03,Mar,2023,1045,0,3003.5729166666665,0.8343258101851851,0.0
2023_analysed,Exp_03_Mar_2023_1045_channel_1,True,False,03,Mar,2023,1045,1,3003.5729166666665,0.8343258101851851,19.199999999999875
2023_analysed,Exp_03_Mar_2023_1145_channel_0,True,False,03,Mar,2023,1145,0,3003.65625,0.8343489583333333,0.0
2023_analysed,Exp_03_Mar_2023_1145_channel_1,True,False,03,Mar,2023,1145,1,3003.65625,0.8343489583333333,80.80000000000092
2023_analysed,Exp_03_Mar_2023_1245_channel_0,True,False,03,Mar,2023,1245,0,3003.5208333333335,0.8343113425925927,0.0
2023_analysed,Exp_03_Mar_2023_1245_channel_1,True,False,03,Mar,2023,1245,1,3003.5208333333335,0.8343113425925927,48.40000000000282
2023_analysed,Exp_03_Mar_2023_1345_channel_0,True,False,03,Mar,2023,1345,0,3003.4583333333335,0.8342939814814815,0.0
2023_analysed,Exp_03_Mar_2023_1345_channel_1,True,False,03,Mar,2023,1345,1,3003.4583333333335,0.8342939814814815,127.60000000000059
2023_analysed,Exp_03_Mar_2023_1445_channel_0,True,False,03,Mar,2023,1445,0,3003.65625,0.8343489583333333,0.0
2023_analysed,Exp_03_Mar_2023_1445_channel_1,True,False,03,Mar,2023,1445,1,3003.65625,0.8343489583333333,74.79999999999839
2023_analysed,Exp_03_Mar_2023_1545_channel_0,True,False,03,Mar,2023,1545,0,3003.5104166666665,0.834308449074074,0.39999999999997726
2023_analysed,Exp_03_Mar_2023_1545_channel_1,True,False,03,Mar,2023,1545,1,3003.5104166666665,0.834308449074074,109.19999999999919
2023_analysed,Exp_03_Mar_2023_1645_channel_0,True,False,03,Mar,2023,1645,0,3003.3854166666665,0.8342737268518519,0.0
2023_analysed,Exp_03_Mar_2023_1645_channel_1,True,False,03,Mar,2023,1645,1,3003.3854166666665,0.8342737268518519,1.5999999999999375
2023_analysed,Exp_03_Mar_2023_1745_channel_0,True,False,03,Mar,2023,1745,0,3003.6875,0.8343576388888889,0.0
2023_analysed,Exp_03_Mar_2023_1745_channel_1,True,False,03,Mar,2023,1745,1,3003.6875,0.8343576388888889,0.3999999999999915
2023_analysed,Exp_03_May_2023_0745_channel_0,True,False,03,May,2023,0745,0,3003.5729166666665,0.8343258101851851,6.400000000000205
2023_analysed,Exp_03_May_2023_0745_channel_1,True,False,03,May,2023,0745,1,3003.5729166666665,0.8343258101851851,6.399999999999864
2023_analysed,Exp_03_May_2023_0745_channel_2,True,False,03,May,2023,0745,2,3003.5729166666665,0.8343258101851851,4.7999999999999545
2023_analysed,Exp_03_May_2023_0845_channel_0,True,False,03,May,2023,0845,0,3003.6354166666665,0.8343431712962962,15.199999999998965
2023_analysed,Exp_03_May_2023_0845_channel_1,True,False,03,May,2023,0845,1,3003.6354166666665,0.8343431712962962,15.599999999998715
2023_analysed,Exp_03_May_2023_0845_channel_2,True,False,03,May,2023,0845,2,3003.6354166666665,0.8343431712962962,0.0
2023_analysed,Exp_03_May_2023_0945_channel_0,True,False,03,May,2023,0945,0,3003.5833333333335,0.8343287037037037,36.00000000000011
2023_analysed,Exp_03_May_2023_0945_channel_1,True,False,03,May,2023,0945,1,3003.5833333333335,0.8343287037037037,125.19999999999922
2023_analysed,Exp_03_May_2023_0945_channel_2,True,False,03,May,2023,0945,2,3003.5833333333335,0.8343287037037037,0.0
2023_analysed,Exp_03_May_2023_1045_channel_0,True,False,03,May,2023,1045,0,3003.3958333333335,0.8342766203703704,28.00000000000034
2023_analysed,Exp_03_May_2023_1045_channel_1,True,False,03,May,2023,1045,1,3003.3958333333335,0.8342766203703704,9.999999999999659
2023_analysed,Exp_03_May_2023_1045_channel_2,True,False,03,May,2023,1045,2,3003.3958333333335,0.8342766203703704,0.0
2023_analysed,Exp_03_May_2023_1145_channel_0,True,False,03,May,2023,1145,0,3003.4166666666665,0.8342824074074073,37.60000000000059
2023_analysed,Exp_03_May_2023_1145_channel_1,True,False,03,May,2023,1145,1,3003.4166666666665,0.8342824074074073,97.19999999999956
2023_analysed,Exp_03_May_2023_1145_channel_2,True,False,03,May,2023,1145,2,3003.4166666666665,0.8342824074074073,0.0
2023_analysed,Exp_03_May_2023_1245_channel_0,True,False,03,May,2023,1245,0,3003.46875,0.834296875,17.59999999999974
2023_analysed,Exp_03_May_2023_1245_channel_1,True,False,03,May,2023,1245,1,3003.46875,0.834296875,18.400000000000425
2023_analysed,Exp_03_May_2023_1245_channel_2,True,False,03,May,2023,1245,2,3003.46875,0.834296875,0.0
2023_analysed,Exp_03_May_2023_1345_channel_0,True,False,03,May,2023,1345,0,3003.4375,0.8342881944444445,86.39999999999955
2023_analysed,Exp_03_May_2023_1345_channel_1,True,False,03,May,2023,1345,1,3003.4375,0.8342881944444445,149.99999999999997
2023_analysed,Exp_03_May_2023_1345_channel_2,True,False,03,May,2023,1345,2,3003.4375,0.8342881944444445,0.0
2023_analysed,Exp_03_May_2023_1445_channel_0,True,False,03,May,2023,1445,0,3003.40625,0.8342795138888889,173.19999999999885
2023_analysed,Exp_03_May_2023_1445_channel_1,True,False,03,May,2023,1445,1,3003.40625,0.8342795138888889,176.3999999999994
2023_analysed,Exp_03_May_2023_1445_channel_2,True,False,03,May,2023,1445,2,3003.40625,0.8342795138888889,0.0
2023_analysed,Exp_03_May_2023_1545_channel_0,True,False,03,May,2023,1545,0,3003.4375,0.8342881944444445,29.99999999999878
2023_analysed,Exp_03_May_2023_1545_channel_1,True,False,03,May,2023,1545,1,3003.4375,0.8342881944444445,143.20000000000022
2023_analysed,Exp_03_May_2023_1545_channel_2,True,False,03,May,2023,1545,2,3003.4375,0.8342881944444445,0.0
2023_analysed,Exp_03_May_2023_1645_channel_0,True,False,03,May,2023,1645,0,3003.4583333333335,0.8342939814814815,7.599999999999312
2023_analysed,Exp_03_May_2023_1645_channel_1,True,False,03,May,2023,1645,1,3003.4583333333335,0.8342939814814815,1.600000000000044
2023_analysed,Exp_03_May_2023_1645_channel_2,True,False,03,May,2023,1645,2,3003.4583333333335,0.8342939814814815,0.0
2023_analysed,Exp_03_May_2023_1745_channel_0,True,False,03,May,2023,1745,0,3003.7708333333335,0.8343807870370371,7.20000000000006
2023_analysed,Exp_03_May_2023_1745_channel_1,True,False,03,May,2023,1745,1,3003.7708333333335,0.8343807870370371,1.2000000000001876
2023_analysed,Exp_03_May_2023_1745_channel_2,True,False,03,May,2023,1745,2,3003.7708333333335,0.8343807870370371,0.0
2023_analysed,Exp_03_Oct_2023_1745_channel_0,True,False,03,Oct,2023,1745,0,3009.0729166666665,0.8358535879629629,0.0
2023_analysed,Exp_03_Sep_2023_1445_channel_0,True,False,03,Sep,2023,1445,0,3009.53125,0.8359809027777778,0.0
2023_analysed,Exp_03_Sep_2023_1445_channel_1,True,False,03,Sep,2023,1445,1,3009.53125,0.8359809027777778,14.400000000001057
2023_analysed,Exp_04_Aug_2023_0945_channel_1,True,False,04,Aug,2023,0945,1,3007.3125,0.8353645833333333,96.79999999999885
2023_analysed,Exp_04_Aug_2023_1745_channel_0,True,False,04,Aug,2023,1745,0,3008.7604166666665,0.8357667824074073,8.000000000001137
2023_analysed,Exp_04_Feb_2023_0745_channel_0,True,False,04,Feb,2023,0745,0,3003.8125,0.8343923611111111,0.0
2023_analysed,Exp_04_Feb_2023_0745_channel_1,True,False,04,Feb,2023,0745,1,3003.8125,0.8343923611111111,0.0
2023_analysed,Exp_04_Feb_2023_0845_channel_0,True,False,04,Feb,2023,0845,0,3003.5729166666665,0.8343258101851851,13.200000000001182
2023_analysed,Exp_04_Feb_2023_0845_channel_1,True,False,04,Feb,2023,0845,1,3003.5729166666665,0.8343258101851851,2.0
2023_analysed,Exp_04_Feb_2023_0945_channel_0,True,False,04,Feb,2023,0945,0,3003.6875,0.8343576388888889,159.20000000000024
2023_analysed,Exp_04_Feb_2023_0945_channel_1,True,False,04,Feb,2023,0945,1,3003.6875,0.8343576388888889,16.80000000000002
2023_analysed,Exp_04_Feb_2023_1045_channel_0,True,False,04,Feb,2023,1045,0,3003.65625,0.8343489583333333,50.800000000001546
2023_analysed,Exp_04_Feb_2023_1045_channel_1,True,False,04,Feb,2023,1045,1,3003.65625,0.8343489583333333,26.80000000000021
2023_analysed,Exp_04_Feb_2023_1145_channel_0,True,False,04,Feb,2023,1145,0,3003.59375,0.8343315972222223,131.60000000000122
2023_analysed,Exp_04_Feb_2023_1145_channel_1,True,False,04,Feb,2023,1145,1,3003.59375,0.8343315972222223,12.80000000000048
2023_analysed,Exp_04_Feb_2023_1245_channel_0,True,False,04,Feb,2023,1245,0,3003.5208333333335,0.8343113425925927,49.99999999999923
2023_analysed,Exp_04_Feb_2023_1245_channel_1,True,False,04,Feb,2023,1245,1,3003.5208333333335,0.8343113425925927,8.799999999998818
2023_analysed,Exp_04_Feb_2023_1345_channel_0,True,False,04,Feb,2023,1345,0,3003.6875,0.8343576388888889,260.7999999999956
2023_analysed,Exp_04_Feb_2023_1345_channel_1,True,False,04,Feb,2023,1345,1,3003.6875,0.8343576388888889,11.999999999999897
2023_analysed,Exp_04_Feb_2023_1445_channel_0,True,False,04,Feb,2023,1445,0,3003.5520833333335,0.8343200231481482,69.99999999999716
2023_analysed,Exp_04_Feb_2023_1445_channel_1,True,False,04,Feb,2023,1445,1,3003.5520833333335,0.8343200231481482,24.800000000001447
2023_analysed,Exp_04_Feb_2023_1545_channel_0,True,False,04,Feb,2023,1545,0,3003.3645833333335,0.8342679398148148,153.2000000000004
2023_analysed,Exp_04_Feb_2023_1545_channel_1,True,False,04,Feb,2023,1545,1,3003.3645833333335,0.8342679398148148,4.000000000000028
2023_analysed,Exp_04_Feb_2023_1645_channel_0,True,False,04,Feb,2023,1645,0,3003.6041666666665,0.8343344907407407,1.9999999999997016
2023_analysed,Exp_04_Feb_2023_1645_channel_1,True,False,04,Feb,2023,1645,1,3003.6041666666665,0.8343344907407407,0.7999999999998408
2023_analysed,Exp_04_Feb_2023_1745_channel_0,True,False,04,Feb,2023,1745,0,3003.46875,0.834296875,2.8000000000001535
2023_analysed,Exp_04_Feb_2023_1745_channel_1,True,False,04,Feb,2023,1745,1,3003.46875,0.834296875,0.0
2023_analysed,Exp_04_Jul_2023_0745_channel_0,True,False,04,Jul,2023,0745,0,3003.5104166666665,0.834308449074074,35.9999999999997
2023_analysed,Exp_04_Jul_2023_0745_channel_1,True,False,04,Jul,2023,0745,1,3003.5104166666665,0.834308449074074,9.999999999999886
2023_analysed,Exp_04_Jul_2023_0845_channel_0,True,False,04,Jul,2023,0845,0,3003.3645833333335,0.8342679398148148,31.600000000001472
2023_analysed,Exp_04_Jul_2023_0845_channel_1,True,False,04,Jul,2023,0845,1,3003.3645833333335,0.8342679398148148,25.199999999999363
2023_analysed,Exp_04_Jul_2023_0945_channel_0,True,False,04,Jul,2023,0945,0,3003.4166666666665,0.8342824074074073,71.19999999999685
2023_analysed,Exp_04_Jul_2023_0945_channel_1,True,False,04,Jul,2023,0945,1,3003.4166666666665,0.8342824074074073,164.39999999999765
2023_analysed,Exp_04_Jul_2023_1045_channel_0,True,False,04,Jul,2023,1045,0,3003.5520833333335,0.8343200231481482,91.99999999999832
2023_analysed,Exp_04_Jul_2023_1045_channel_1,True,False,04,Jul,2023,1045,1,3003.5520833333335,0.8343200231481482,56.80000000000136
2023_analysed,Exp_04_Jul_2023_1145_channel_0,True,False,04,Jul,2023,1145,0,3003.65625,0.8343489583333333,94.3999999999985
2023_analysed,Exp_04_Jul_2023_1145_channel_1,True,False,04,Jul,2023,1145,1,3003.65625,0.8343489583333333,154.4000000000001
2023_analysed,Exp_04_Jul_2023_1245_channel_0,True,False,04,Jul,2023,1245,0,3003.5,0.8343055555555555,173.20000000000203
2023_analysed,Exp_04_Jul_2023_1245_channel_1,True,False,04,Jul,2023,1245,1,3003.5,0.8343055555555555,84.80000000000021
2023_analysed,Exp_04_Jul_2023_1345_channel_0,True,False,04,Jul,2023,1345,0,3003.3541666666665,0.8342650462962963,154.79999999999467
2023_analysed,Exp_04_Jul_2023_1345_channel_1,True,False,04,Jul,2023,1345,1,3003.3541666666665,0.8342650462962963,165.60000000000076
2023_analysed,Exp_04_Jul_2023_1445_channel_0,True,False,04,Jul,2023,1445,0,3003.5520833333335,0.8343200231481482,167.5999999999991
2023_analysed,Exp_04_Jul_2023_1445_channel_1,True,False,04,Jul,2023,1445,1,3003.5520833333335,0.8343200231481482,75.99999999999673
2023_analysed,Exp_04_Jul_2023_1545_channel_0,True,False,04,Jul,2023,1545,0,3003.46875,0.834296875,303.59999999999815
2023_analysed,Exp_04_Jul_2023_1545_channel_1,True,False,04,Jul,2023,1545,1,3003.46875,0.834296875,518.3999999999996
2023_analysed,Exp_04_Jul_2023_1645_channel_0,True,False,04,Jul,2023,1645,0,3003.3854166666665,0.8342737268518519,164.00000000000023
2023_analysed,Exp_04_Jul_2023_1645_channel_1,True,False,04,Jul,2023,1645,1,3003.3854166666665,0.8342737268518519,241.1999999999981
2023_analysed,Exp_04_Jul_2023_1745_channel_0,True,False,04,Jul,2023,1745,0,3003.53125,0.8343142361111111,14.400000000000643
2023_analysed,Exp_04_Jul_2023_1745_channel_1,True,False,04,Jul,2023,1745,1,3003.53125,0.8343142361111111,18.40000000000052
2023_analysed,Exp_04_Jun_2023_0745_channel_0,True,False,04,Jun,2023,0745,0,3003.4479166666665,0.8342910879629629,3.200000000000472
2023_analysed,Exp_04_Jun_2023_0745_channel_1,True,False,04,Jun,2023,0745,1,3003.4479166666665,0.8342910879629629,2.3999999999999773
2023_analysed,Exp_04_Jun_2023_0745_channel_2,True,False,04,Jun,2023,0745,2,3003.4479166666665,0.8342910879629629,20.399999999999636
2023_analysed,Exp_04_Jun_2023_0845_channel_0,True,False,04,Jun,2023,0845,0,3003.4895833333335,0.8343026620370371,0.8000000000001819
2023_analysed,Exp_04_Jun_2023_0845_channel_1,True,False,04,Jun,2023,0845,1,3003.4895833333335,0.8343026620370371,1.1999999999996387
2023_analysed,Exp_04_Jun_2023_0845_channel_2,True,False,04,Jun,2023,0845,2,3003.4895833333335,0.8343026620370371,0.39999999999997726
2023_analysed,Exp_04_Jun_2023_0945_channel_0,True,False,04,Jun,2023,0945,0,3003.4479166666665,0.8342910879629629,20.800000000000523
2023_analysed,Exp_04_Jun_2023_0945_channel_1,True,False,04,Jun,2023,0945,1,3003.4479166666665,0.8342910879629629,147.5999999999956
2023_analysed,Exp_04_Jun_2023_0945_channel_2,True,False,04,Jun,2023,0945,2,3003.4479166666665,0.8342910879629629,0.3999999999998636
2023_analysed,Exp_04_Jun_2023_1045_channel_0,True,False,04,Jun,2023,1045,0,3003.5520833333335,0.8343200231481482,59.200000000001886
2023_analysed,Exp_04_Jun_2023_1045_channel_1,True,False,04,Jun,2023,1045,1,3003.5520833333335,0.8343200231481482,116.40000000000104
2023_analysed,Exp_04_Jun_2023_1045_channel_2,True,False,04,Jun,2023,1045,2,3003.5520833333335,0.8343200231481482,0.0
2023_analysed,Exp_04_Jun_2023_1145_channel_0,True,False,04,Jun,2023,1145,0,3003.5520833333335,0.8343200231481482,86.80000000000146
2023_analysed,Exp_04_Jun_2023_1145_channel_1,True,False,04,Jun,2023,1145,1,3003.5520833333335,0.8343200231481482,166.80000000000078
2023_analysed,Exp_04_Jun_2023_1145_channel_2,True,False,04,Jun,2023,1145,2,3003.5520833333335,0.8343200231481482,0.0
2023_analysed,Exp_04_Jun_2023_1245_channel_0,True,False,04,Jun,2023,1245,0,3003.375,0.8342708333333333,38.79999999999825
2023_analysed,Exp_04_Jun_2023_1245_channel_1,True,False,04,Jun,2023,1245,1,3003.375,0.8342708333333333,15.999999999998181
2023_analysed,Exp_04_Jun_2023_1245_channel_2,True,False,04,Jun,2023,1245,2,3003.375,0.8342708333333333,0.0
2023_analysed,Exp_04_Jun_2023_1345_channel_0,True,False,04,Jun,2023,1345,0,3003.3333333333335,0.8342592592592593,79.59999999999933
2023_analysed,Exp_04_Jun_2023_1345_channel_1,True,False,04,Jun,2023,1345,1,3003.3333333333335,0.8342592592592593,127.99999999999952
2023_analysed,Exp_04_Jun_2023_1345_channel_2,True,False,04,Jun,2023,1345,2,3003.3333333333335,0.8342592592592593,0.0
2023_analysed,Exp_04_Jun_2023_1445_channel_0,True,False,04,Jun,2023,1445,0,3003.5,0.8343055555555555,23.600000000001856
2023_analysed,Exp_04_Jun_2023_1445_channel_1,True,False,04,Jun,2023,1445,1,3003.5,0.8343055555555555,31.999999999999602
2023_analysed,Exp_04_Jun_2023_1445_channel_2,True,False,04,Jun,2023,1445,2,3003.5,0.8343055555555555,0.0
2023_analysed,Exp_04_Jun_2023_1545_channel_0,True,False,04,Jun,2023,1545,0,3003.3229166666665,0.8342563657407407,32.39999999999972
2023_analysed,Exp_04_Jun_2023_1545_channel_1,True,False,04,Jun,2023,1545,1,3003.3229166666665,0.8342563657407407,96.79999999999922
2023_analysed,Exp_04_Jun_2023_1545_channel_2,True,False,04,Jun,2023,1545,2,3003.3229166666665,0.8342563657407407,0.0
2023_analysed,Exp_04_Jun_2023_1645_channel_0,True,False,04,Jun,2023,1645,0,3003.4583333333335,0.8342939814814815,13.20000000000104
2023_analysed,Exp_04_Jun_2023_1645_channel_1,True,False,04,Jun,2023,1645,1,3003.4583333333335,0.8342939814814815,3.999999999999659
2023_analysed,Exp_04_Jun_2023_1645_channel_2,True,False,04,Jun,2023,1645,2,3003.4583333333335,0.8342939814814815,0.40000000000009095
2023_analysed,Exp_04_Jun_2023_1745_channel_0,True,False,04,Jun,2023,1745,0,3003.8541666666665,0.8344039351851852,7.60000000000035
2023_analysed,Exp_04_Jun_2023_1745_channel_1,True,False,04,Jun,2023,1745,1,3003.8541666666665,0.8344039351851852,2.3999999999998067
2023_analysed,Exp_04_Jun_2023_1745_channel_2,True,False,04,Jun,2023,1745,2,3003.8541666666665,0.8344039351851852,0.0
2023_analysed,Exp_04_Mar_2023_0745_channel_0,True,False,04,Mar,2023,0745,0,3003.5520833333335,0.8343200231481482,0.0
2023_analysed,Exp_04_Mar_2023_0745_channel_1,True,False,04,Mar,2023,0745,1,3003.5520833333335,0.8343200231481482,4.0
2023_analysed,Exp_04_Mar_2023_0845_channel_0,True,False,04,Mar,2023,0845,0,3003.4270833333335,0.834285300925926,0.0
2023_analysed,Exp_04_Mar_2023_0845_channel_1,True,False,04,Mar,2023,0845,1,3003.4270833333335,0.834285300925926,43.99999999999987
2023_analysed,Exp_04_Mar_2023_0945_channel_0,True,False,04,Mar,2023,0945,0,3003.5,0.8343055555555555,0.0
2023_analysed,Exp_04_Mar_2023_0945_channel_1,True,False,04,Mar,2023,0945,1,3003.5,0.8343055555555555,89.59999999999977
2023_analysed,Exp_04_Mar_2023_1045_channel_0,True,False,04,Mar,2023,1045,0,3003.5625,0.8343229166666667,0.0
2023_analysed,Exp_04_Mar_2023_1045_channel_1,True,False,04,Mar,2023,1045,1,3003.5625,0.8343229166666667,60.39999999999721
2023_analysed,Exp_04_Mar_2023_1145_channel_0,True,False,04,Mar,2023,1145,0,3003.6145833333335,0.8343373842592593,0.3999999999996362
2023_analysed,Exp_04_Mar_2023_1145_channel_1,True,False,04,Mar,2023,1145,1,3003.6145833333335,0.8343373842592593,159.19999999999925
2023_analysed,Exp_04_Mar_2023_1245_channel_0,True,False,04,Mar,2023,1245,0,3003.4166666666665,0.8342824074074073,1.2000000000002728
2023_analysed,Exp_04_Mar_2023_1245_channel_1,True,False,04,Mar,2023,1245,1,3003.4166666666665,0.8342824074074073,101.20000000000061
2023_analysed,Exp_04_Mar_2023_1345_channel_0,True,False,04,Mar,2023,1345,0,3003.5208333333335,0.8343113425925927,0.40000000000009095
2023_analysed,Exp_04_Mar_2023_1345_channel_1,True,False,04,Mar,2023,1345,1,3003.5208333333335,0.8343113425925927,68.4000000000012
2023_analysed,Exp_04_Mar_2023_1445_channel_0,True,False,04,Mar,2023,1445,0,3003.46875,0.834296875,4.800000000000182
2023_analysed,Exp_04_Mar_2023_1445_channel_1,True,False,04,Mar,2023,1445,1,3003.46875,0.834296875,2.399999999999089
2023_analysed,Exp_04_Mar_2023_1545_channel_0,True,False,04,Mar,2023,1545,0,3003.46875,0.834296875,3.600000000000037
2023_analysed,Exp_04_Mar_2023_1545_channel_1,True,False,04,Mar,2023,1545,1,3003.46875,0.834296875,6.799999999999727
2023_analysed,Exp_04_Mar_2023_1645_channel_0,True,False,04,Mar,2023,1645,0,3003.5104166666665,0.834308449074074,5.200000000000273
2023_analysed,Exp_04_Mar_2023_1645_channel_1,True,False,04,Mar,2023,1645,1,3003.5104166666665,0.834308449074074,3.5999999999993406
2023_analysed,Exp_04_Mar_2023_1745_channel_0,True,False,04,Mar,2023,1745,0,3003.4583333333335,0.8342939814814815,1.1999999999999886
2023_analysed,Exp_04_Mar_2023_1745_channel_1,True,False,04,Mar,2023,1745,1,3003.4583333333335,0.8342939814814815,0.4000000000000341
2023_analysed,Exp_04_Mar_2023_1831_channel_0,True,False,04,Mar,2023,1831,0,0.0,0.0,0.0
2023_analysed,Exp_04_Mar_2023_1834_channel_0,True,False,04,Mar,2023,1834,0,0.0,0.0,0.0
2023_analysed,Exp_04_Mar_2023_1834_channel_1,True,False,04,Mar,2023,1834,1,0.0,0.0,0.0
2023_analysed,Exp_04_Mar_2023_1834_channel_2,True,False,04,Mar,2023,1834,2,0.0,0.0,0.0
2023_analysed,Exp_04_Mar_2023_1835_channel_0,True,False,04,Mar,2023,1835,0,300.3229166666667,0.08342303240740741,0.0
2023_analysed,Exp_04_Mar_2023_1835_channel_1,True,False,04,Mar,2023,1835,1,300.3229166666667,0.08342303240740741,0.0
2023_analysed,Exp_04_Mar_2023_1835_channel_2,True,False,04,Mar,2023,1835,2,300.3229166666667,0.08342303240740741,0.0
2023_analysed,Exp_04_May_2023_0745_channel_0,True,False,04,May,2023,0745,0,3003.4583333333335,0.8342939814814815,9.199999999999513
2023_analysed,Exp_04_May_2023_0745_channel_1,True,False,04,May,2023,0745,1,3003.4583333333335,0.8342939814814815,2.4000000000002046
2023_analysed,Exp_04_May_2023_0745_channel_2,True,False,04,May,2023,0745,2,3003.4583333333335,0.8342939814814815,1.6000000000000227
2023_analysed,Exp_04_May_2023_0845_channel_0,True,False,04,May,2023,0845,0,3003.375,0.8342708333333333,0.8000000000000682
2023_analysed,Exp_04_May_2023_0845_channel_1,True,False,04,May,2023,0845,1,3003.375,0.8342708333333333,1.6000000000003638
2023_analysed,Exp_04_May_2023_0845_channel_2,True,False,04,May,2023,0845,2,3003.375,0.8342708333333333,0.0
2023_analysed,Exp_04_May_2023_0945_channel_0,True,False,04,May,2023,0945,0,3003.3645833333335,0.8342679398148148,29.60000000000079
2023_analysed,Exp_04_May_2023_0945_channel_1,True,False,04,May,2023,0945,1,3003.3645833333335,0.8342679398148148,43.19999999999973
2023_analysed,Exp_04_May_2023_0945_channel_2,True,False,04,May,2023,0945,2,3003.3645833333335,0.8342679398148148,0.0
2023_analysed,Exp_04_May_2023_1045_channel_0,True,False,04,May,2023,1045,0,3003.3645833333335,0.8342679398148148,14.00000000000091
2023_analysed,Exp_04_May_2023_1045_channel_1,True,False,04,May,2023,1045,1,3003.3645833333335,0.8342679398148148,7.199999999999704
2023_analysed,Exp_04_May_2023_1045_channel_2,True,False,04,May,2023,1045,2,3003.3645833333335,0.8342679398148148,0.0
2023_analysed,Exp_04_May_2023_1145_channel_0,True,False,04,May,2023,1145,0,3003.3645833333335,0.8342679398148148,55.59999999999873
2023_analysed,Exp_04_May_2023_1145_channel_1,True,False,04,May,2023,1145,1,3003.3645833333335,0.8342679398148148,98.39999999999944
2023_analysed,Exp_04_May_2023_1145_channel_2,True,False,04,May,2023,1145,2,3003.3645833333335,0.8342679398148148,0.0
2023_analysed,Exp_04_May_2023_1245_channel_0,True,False,04,May,2023,1245,0,3003.4270833333335,0.834285300925926,11.99999999999909
2023_analysed,Exp_04_May_2023_1245_channel_1,True,False,04,May,2023,1245,1,3003.4270833333335,0.834285300925926,20.799999999999557
2023_analysed,Exp_04_May_2023_1245_channel_2,True,False,04,May,2023,1245,2,3003.4270833333335,0.834285300925926,0.0
2023_analysed,Exp_04_May_2023_1345_channel_0,True,False,04,May,2023,1345,0,3003.46875,0.834296875,26.800000000000345
2023_analysed,Exp_04_May_2023_1345_channel_1,True,False,04,May,2023,1345,1,3003.46875,0.834296875,95.19999999999985
2023_analysed,Exp_04_May_2023_1345_channel_2,True,False,04,May,2023,1345,2,3003.46875,0.834296875,0.0
2023_analysed,Exp_04_May_2023_1445_channel_0,True,False,04,May,2023,1445,0,1797.3331041666668,0.4992591956018519,5.999999999999886
2023_analysed,Exp_04_May_2023_1445_channel_1,True,False,04,May,2023,1445,1,1797.3117708333334,0.4992532696759259,3.2000000000001876
2023_analysed,Exp_04_May_2023_1445_channel_2,True,False,04,May,2023,1445,2,1797.3229166666667,0.4992563657407408,0.0
2023_analysed,Exp_04_May_2023_1545_channel_0,True,False,04,May,2023,1545,0,3001.4375,0.8337326388888889,40.000000000000725
2023_analysed,Exp_04_May_2023_1545_channel_1,True,False,04,May,2023,1545,1,3001.4375,0.8337326388888889,115.59999999999926
2023_analysed,Exp_04_May_2023_1545_channel_2,True,False,04,May,2023,1545,2,3001.4375,0.8337326388888889,0.4000000000000057
2023_analysed,Exp_04_May_2023_1645_channel_0,True,False,04,May,2023,1645,0,3003.53125,0.8343142361111111,131.6000000000006
2023_analysed,Exp_04_May_2023_1645_channel_1,True,False,04,May,2023,1645,1,3003.53125,0.8343142361111111,0.0
2023_analysed,Exp_04_May_2023_1645_channel_2,True,False,04,May,2023,1645,2,3003.53125,0.8343142361111111,0.39999999999997726
2023_analysed,Exp_04_May_2023_1745_channel_0,True,False,04,May,2023,1745,0,3003.3854166666665,0.8342737268518519,6.799999999999976
2023_analysed,Exp_04_May_2023_1745_channel_1,True,False,04,May,2023,1745,1,3003.3854166666665,0.8342737268518519,4.800000000000068
2023_analysed,Exp_04_May_2023_1745_channel_2,True,False,04,May,2023,1745,2,3003.3854166666665,0.8342737268518519,0.7999999999999545
2023_analysed,Exp_04_Nov_2023_0845_channel_0,True,False,04,Nov,2023,0845,0,3007.8854166666665,0.8355237268518518,0.0
2023_analysed,Exp_04_Nov_2023_1445_channel_1,True,False,04,Nov,2023,1445,1,3008.3333333333335,0.8356481481481481,80.80000000000223
2023_analysed,Exp_04_Oct_2023_0845_channel_1,True,False,04,Oct,2023,0845,1,3009.8125,0.8360590277777777,1.599999999999909
2023_analysed,Exp_04_Sep_2023_1245_channel_1,True,False,04,Sep,2023,1245,1,3008.6354166666665,0.8357320601851851,0.8000000000000682
2023_analysed,Exp_05_Aug_2023_0745_channel_1,True,False,05,Aug,2023,0745,1,3010.0416666666665,0.8361226851851852,3.6000000000002044
2023_analysed,Exp_05_Feb_2023_0745_channel_0,True,False,05,Feb,2023,0745,0,3003.75,0.834375,6.000000000000085
2023_analysed,Exp_05_Feb_2023_0745_channel_1,True,False,05,Feb,2023,0745,1,3003.75,0.834375,0.0
2023_analysed,Exp_05_Feb_2023_0845_channel_0,True,False,05,Feb,2023,0845,0,3003.4479166666665,0.8342910879629629,126.39999999999915
2023_analysed,Exp_05_Feb_2023_0845_channel_1,True,False,05,Feb,2023,0845,1,3003.4479166666665,0.8342910879629629,25.599999999998218
2023_analysed,Exp_05_Feb_2023_0945_channel_0,True,False,05,Feb,2023,0945,0,3003.6458333333335,0.8343460648148149,16.000000000001023
2023_analysed,Exp_05_Feb_2023_0945_channel_1,True,False,05,Feb,2023,0945,1,3003.6458333333335,0.8343460648148149,4.799999999999727
2023_analysed,Exp_05_Feb_2023_1045_channel_0,True,False,05,Feb,2023,1045,0,3003.65625,0.8343489583333333,98.4000000000014
2023_analysed,Exp_05_Feb_2023_1045_channel_1,True,False,05,Feb,2023,1045,1,3003.65625,0.8343489583333333,17.600000000000037
2023_analysed,Exp_05_Feb_2023_1145_channel_0,True,False,05,Feb,2023,1145,0,3003.65625,0.8343489583333333,64.39999999999995
2023_analysed,Exp_05_Feb_2023_1145_channel_1,True,False,05,Feb,2023,1145,1,3003.65625,0.8343489583333333,10.799999999999942
2023_analysed,Exp_05_Feb_2023_1245_channel_0,True,False,05,Feb,2023,1245,0,3003.5,0.8343055555555555,12.799999999999699
2023_analysed,Exp_05_Feb_2023_1245_channel_1,True,False,05,Feb,2023,1245,1,3003.5,0.8343055555555555,3.199999999999818
2023_analysed,Exp_05_Feb_2023_1345_channel_0,True,False,05,Feb,2023,1345,0,3003.5416666666665,0.8343171296296296,32.39999999999989
2023_analysed,Exp_05_Feb_2023_1345_channel_1,True,False,05,Feb,2023,1345,1,3003.5416666666665,0.8343171296296296,2.3999999999997783
2023_analysed,Exp_05_Feb_2023_1445_channel_0,True,False,05,Feb,2023,1445,0,3003.5208333333335,0.8343113425925927,79.60000000000022
2023_analysed,Exp_05_Feb_2023_1445_channel_1,True,False,05,Feb,2023,1445,1,3003.5208333333335,0.8343113425925927,5.600000000000364
2023_analysed,Exp_05_Feb_2023_1545_channel_0,True,False,05,Feb,2023,1545,0,3003.5625,0.8343229166666667,90.79999999999997
2023_analysed,Exp_05_Feb_2023_1545_channel_1,True,False,05,Feb,2023,1545,1,3003.5625,0.8343229166666667,4.399999999999977
2023_analysed,Exp_05_Feb_2023_1645_channel_0,True,False,05,Feb,2023,1645,0,3003.4791666666665,0.8342997685185185,3.600000000000307
2023_analysed,Exp_05_Feb_2023_1645_channel_1,True,False,05,Feb,2023,1645,1,3003.4791666666665,0.8342997685185185,0.3999999999998636
2023_analysed,Exp_05_Feb_2023_1745_channel_0,True,False,05,Feb,2023,1745,0,3003.6354166666665,0.8343431712962962,3.2000000000004434
2023_analysed,Exp_05_Feb_2023_1745_channel_1,True,False,05,Feb,2023,1745,1,3003.6354166666665,0.8343431712962962,0.3999999999998636
2023_analysed,Exp_05_Jul_2023_0745_channel_0,True,False,05,Jul,2023,0745,0,3003.46875,0.834296875,5.599999999999625
2023_analysed,Exp_05_Jul_2023_0745_channel_1,True,False,05,Jul,2023,0745,1,3003.46875,0.834296875,3.5999999999994543
2023_analysed,Exp_05_Jul_2023_0845_channel_0,True,False,05,Jul,2023,0845,0,3003.5,0.8343055555555555,13.599999999999447
2023_analysed,Exp_05_Jul_2023_0845_channel_1,True,False,05,Jul,2023,0845,1,3003.5,0.8343055555555555,10.399999999999187
2023_analysed,Exp_05_Jul_2023_0945_channel_0,True,False,05,Jul,2023,0945,0,3003.40625,0.8342795138888889,30.799999999999613
2023_analysed,Exp_05_Jul_2023_0945_channel_1,True,False,05,Jul,2023,0945,1,3003.40625,0.8342795138888889,158.80000000000032
2023_analysed,Exp_05_Jul_2023_1045_channel_0,True,False,05,Jul,2023,1045,0,3004.75,0.8346527777777778,78.7999999999983
2023_analysed,Exp_05_Jul_2023_1045_channel_1,True,False,05,Jul,2023,1045,1,3004.75,0.8346527777777778,49.20000000000177
2023_analysed,Exp_05_Jul_2023_1145_channel_0,True,False,05,Jul,2023,1145,0,3004.09375,0.8344704861111111,101.9999999999979
2023_analysed,Exp_05_Jul_2023_1145_channel_1,True,False,05,Jul,2023,1145,1,3004.09375,0.8344704861111111,123.99999999999865
2023_analysed,Exp_05_Jul_2023_1245_channel_0,True,False,05,Jul,2023,1245,0,3003.8541666666665,0.8344039351851852,134.00000000000057
2023_analysed,Exp_05_Jul_2023_1245_channel_1,True,False,05,Jul,2023,1245,1,3003.8541666666665,0.8344039351851852,57.60000000000069
2023_analysed,Exp_05_Jul_2023_1345_channel_0,True,False,05,Jul,2023,1345,0,3004.09375,0.8344704861111111,172.80000000000553
2023_analysed,Exp_05_Jul_2023_1345_channel_1,True,False,05,Jul,2023,1345,1,3004.09375,0.8344704861111111,183.2000000000031
2023_analysed,Exp_05_Jul_2023_1445_channel_0,True,False,05,Jul,2023,1445,0,3003.8541666666665,0.8344039351851852,187.99999999999847
2023_analysed,Exp_05_Jul_2023_1445_channel_1,True,False,05,Jul,2023,1445,1,3003.8541666666665,0.8344039351851852,112.00000000000107
2023_analysed,Exp_05_Jul_2023_1545_channel_0,True,False,05,Jul,2023,1545,0,3004.1770833333335,0.8344936342592593,251.59999999999974
2023_analysed,Exp_05_Jul_2023_1545_channel_1,True,False,05,Jul,2023,1545,1,3004.1770833333335,0.8344936342592593,585.1999999999981
2023_analysed,Exp_05_Jul_2023_1645_channel_0,True,False,05,Jul,2023,1645,0,3003.65625,0.8343489583333333,250.00000000000597
2023_analysed,Exp_05_Jul_2023_1645_channel_1,True,False,05,Jul,2023,1645,1,3003.65625,0.8343489583333333,172.40000000000063
2023_analysed,Exp_05_Jul_2023_1745_channel_0,True,False,05,Jul,2023,1745,0,3003.5520833333335,0.8343200231481482,162.3999999999967
2023_analysed,Exp_05_Jul_2023_1745_channel_1,True,False,05,Jul,2023,1745,1,3003.5520833333335,0.8343200231481482,65.20000000000029
2023_analysed,Exp_05_Jun_2023_0745_channel_0,True,False,05,Jun,2023,0745,0,3003.4895833333335,0.8343026620370371,12.399999999999345
2023_analysed,Exp_05_Jun_2023_0745_channel_1,True,False,05,Jun,2023,0745,1,3003.4895833333335,0.8343026620370371,7.599999999999824
2023_analysed,Exp_05_Jun_2023_0745_channel_2,True,False,05,Jun,2023,0745,2,3003.4895833333335,0.8343026620370371,0.0
2023_analysed,Exp_05_Jun_2023_0845_channel_0,True,False,05,Jun,2023,0845,0,3003.4791666666665,0.8342997685185185,6.799999999999898
2023_analysed,Exp_05_Jun_2023_0845_channel_1,True,False,05,Jun,2023,0845,1,3003.4791666666665,0.8342997685185185,8.799999999999613
2023_analysed,Exp_05_Jun_2023_0845_channel_2,True,False,05,Jun,2023,0845,2,3003.4791666666665,0.8342997685185185,0.0
2023_analysed,Exp_05_Jun_2023_0945_channel_0,True,False,05,Jun,2023,0945,0,3003.4270833333335,0.834285300925926,33.19999999999902
2023_analysed,Exp_05_Jun_2023_0945_channel_1,True,False,05,Jun,2023,0945,1,3003.4270833333335,0.834285300925926,60.800000000000665
2023_analysed,Exp_05_Jun_2023_0945_channel_2,True,False,05,Jun,2023,0945,2,3003.4270833333335,0.834285300925926,0.0
2023_analysed,Exp_05_Jun_2023_1045_channel_0,True,False,05,Jun,2023,1045,0,3003.40625,0.8342795138888889,21.599999999999937
2023_analysed,Exp_05_Jun_2023_1045_channel_1,True,False,05,Jun,2023,1045,1,3003.40625,0.8342795138888889,13.999999999999261
2023_analysed,Exp_05_Jun_2023_1045_channel_2,True,False,05,Jun,2023,1045,2,3003.40625,0.8342795138888889,0.0
2023_analysed,Exp_05_Jun_2023_1145_channel_0,True,False,05,Jun,2023,1145,0,3003.7395833333335,0.8343721064814815,28.400000000000322
2023_analysed,Exp_05_Jun_2023_1145_channel_1,True,False,05,Jun,2023,1145,1,3003.7395833333335,0.8343721064814815,90.79999999999986
2023_analysed,Exp_05_Jun_2023_1145_channel_2,True,False,05,Jun,2023,1145,2,3003.7395833333335,0.8343721064814815,0.0
2023_analysed,Exp_05_Jun_2023_1245_channel_0,True,False,05,Jun,2023,1245,0,3003.3333333333335,0.8342592592592593,44.39999999999991
2023_analysed,Exp_05_Jun_2023_1245_channel_1,True,False,05,Jun,2023,1245,1,3003.3333333333335,0.8342592592592593,35.20000000000096
2023_analysed,Exp_05_Jun_2023_1245_channel_2,True,False,05,Jun,2023,1245,2,3003.3333333333335,0.8342592592592593,0.0
2023_analysed,Exp_05_Jun_2023_1345_channel_0,True,False,05,Jun,2023,1345,0,3003.4895833333335,0.8343026620370371,58.40000000000009
2023_analysed,Exp_05_Jun_2023_1345_channel_1,True,False,05,Jun,2023,1345,1,3003.4895833333335,0.8343026620370371,239.2
2023_analysed,Exp_05_Jun_2023_1345_channel_2,True,False,05,Jun,2023,1345,2,3003.4895833333335,0.8343026620370371,0.0
2023_analysed,Exp_05_Jun_2023_1445_channel_0,True,False,05,Jun,2023,1445,0,3003.375,0.8342708333333333,137.59999999999764
2023_analysed,Exp_05_Jun_2023_1445_channel_1,True,False,05,Jun,2023,1445,1,3003.375,0.8342708333333333,143.19999999999806
2023_analysed,Exp_05_Jun_2023_1445_channel_2,True,False,05,Jun,2023,1445,2,3003.375,0.8342708333333333,0.0
2023_analysed,Exp_05_Jun_2023_1545_channel_0,True,False,05,Jun,2023,1545,0,3003.625,0.8343402777777778,52.00000000000149
2023_analysed,Exp_05_Jun_2023_1545_channel_1,True,False,05,Jun,2023,1545,1,3003.625,0.8343402777777778,206.7999999999996
2023_analysed,Exp_05_Jun_2023_1545_channel_2,True,False,05,Jun,2023,1545,2,3003.625,0.8343402777777778,0.0
2023_analysed,Exp_05_Jun_2023_1645_channel_0,True,False,05,Jun,2023,1645,0,3003.7708333333335,0.8343807870370371,23.19999999999964
2023_analysed,Exp_05_Jun_2023_1645_channel_1,True,False,05,Jun,2023,1645,1,3003.7708333333335,0.8343807870370371,13.600000000000023
2023_analysed,Exp_05_Jun_2023_1645_channel_2,True,False,05,Jun,2023,1645,2,3003.7708333333335,0.8343807870370371,0.0
2023_analysed,Exp_05_Jun_2023_1745_channel_0,True,False,05,Jun,2023,1745,0,3003.5625,0.8343229166666667,9.199999999999932
2023_analysed,Exp_05_Jun_2023_1745_channel_1,True,False,05,Jun,2023,1745,1,3003.5625,0.8343229166666667,3.5999999999999943
2023_analysed,Exp_05_Jun_2023_1745_channel_2,True,False,05,Jun,2023,1745,2,3003.5625,0.8343229166666667,0.0
2023_analysed,Exp_05_Mar_2023_0745_channel_0,True,False,05,Mar,2023,0745,0,3004.0729166666665,0.8344646990740741,0.39999999999997726
2023_analysed,Exp_05_Mar_2023_0745_channel_1,True,False,05,Mar,2023,0745,1,3004.0729166666665,0.8344646990740741,5.199999999999747
2023_analysed,Exp_05_Mar_2023_0745_channel_2,True,False,05,Mar,2023,0745,2,3004.0729166666665,0.8344646990740741,2.7999999999994998
2023_analysed,Exp_05_Mar_2023_0845_channel_0,True,False,05,Mar,2023,0845,0,3003.5104166666665,0.834308449074074,0.0
2023_analysed,Exp_05_Mar_2023_0845_channel_1,True,False,05,Mar,2023,0845,1,3003.5104166666665,0.834308449074074,10.399999999999778
2023_analysed,Exp_05_Mar_2023_0845_channel_2,True,False,05,Mar,2023,0845,2,3003.5104166666665,0.834308449074074,6.000000000000114
2023_analysed,Exp_05_Mar_2023_0945_channel_0,True,False,05,Mar,2023,0945,0,3003.6145833333335,0.8343373842592593,0.40000000000009095
2023_analysed,Exp_05_Mar_2023_0945_channel_1,True,False,05,Mar,2023,0945,1,3003.6145833333335,0.8343373842592593,104.00000000000064
2023_analysed,Exp_05_Mar_2023_0945_channel_2,True,False,05,Mar,2023,0945,2,3003.6145833333335,0.8343373842592593,7.199999999999953
2023_analysed,Exp_05_Mar_2023_1045_channel_0,True,False,05,Mar,2023,1045,0,3003.53125,0.8343142361111111,0.7999999999999545
2023_analysed,Exp_05_Mar_2023_1045_channel_1,True,False,05,Mar,2023,1045,1,3003.53125,0.8343142361111111,12.79999999999933
2023_analysed,Exp_05_Mar_2023_1045_channel_2,True,False,05,Mar,2023,1045,2,3003.53125,0.8343142361111111,10.399999999999459
2023_analysed,Exp_05_Mar_2023_1145_channel_0,True,False,05,Mar,2023,1145,0,3003.4583333333335,0.8342939814814815,1.6000000000002501
2023_analysed,Exp_05_Mar_2023_1145_channel_1,True,False,05,Mar,2023,1145,1,3003.4583333333335,0.8342939814814815,73.99999999999942
2023_analysed,Exp_05_Mar_2023_1145_channel_2,True,False,05,Mar,2023,1145,2,3003.4583333333335,0.8342939814814815,18.000000000000547
2023_analysed,Exp_05_Mar_2023_1245_channel_0,True,False,05,Mar,2023,1245,0,3003.4166666666665,0.8342824074074073,0.0
2023_analysed,Exp_05_Mar_2023_1245_channel_1,True,False,05,Mar,2023,1245,1,3003.4166666666665,0.8342824074074073,68.00000000000307
2023_analysed,Exp_05_Mar_2023_1245_channel_2,True,False,05,Mar,2023,1245,2,3003.4166666666665,0.8342824074074073,16.400000000000034
2023_analysed,Exp_05_Mar_2023_1345_channel_0,True,False,05,Mar,2023,1345,0,3003.53125,0.8343142361111111,8.39999999999958
2023_analysed,Exp_05_Mar_2023_1345_channel_1,True,False,05,Mar,2023,1345,1,3003.53125,0.8343142361111111,86.40000000000028
2023_analysed,Exp_05_Mar_2023_1345_channel_2,True,False,05,Mar,2023,1345,2,3003.53125,0.8343142361111111,25.59999999999973
2023_analysed,Exp_05_Mar_2023_1445_channel_0,True,False,05,Mar,2023,1445,0,3003.5208333333335,0.8343113425925927,21.199999999999847
2023_analysed,Exp_05_Mar_2023_1445_channel_1,True,False,05,Mar,2023,1445,1,3003.5208333333335,0.8343113425925927,144.800000000002
2023_analysed,Exp_05_Mar_2023_1445_channel_2,True,False,05,Mar,2023,1445,2,3003.5208333333335,0.8343113425925927,47.99999999999969
2023_analysed,Exp_05_Mar_2023_1545_channel_0,True,False,05,Mar,2023,1545,0,3003.3854166666665,0.8342737268518519,32.79999999999893
2023_analysed,Exp_05_Mar_2023_1545_channel_1,True,False,05,Mar,2023,1545,1,3003.3854166666665,0.8342737268518519,49.5999999999982
2023_analysed,Exp_05_Mar_2023_1545_channel_2,True,False,05,Mar,2023,1545,2,3003.3854166666665,0.8342737268518519,41.599999999999966
2023_analysed,Exp_05_Mar_2023_1645_channel_0,True,False,05,Mar,2023,1645,0,3003.6458333333335,0.8343460648148149,1.1999999999996476
2023_analysed,Exp_05_Mar_2023_1645_channel_1,True,False,05,Mar,2023,1645,1,3003.6458333333335,0.8343460648148149,4.000000000000227
2023_analysed,Exp_05_Mar_2023_1645_channel_2,True,False,05,Mar,2023,1645,2,3003.6458333333335,0.8343460648148149,4.400000000000119
2023_analysed,Exp_05_Mar_2023_1745_channel_0,True,False,05,Mar,2023,1745,0,3003.3854166666665,0.8342737268518519,0.0
2023_analysed,Exp_05_Mar_2023_1745_channel_1,True,False,05,Mar,2023,1745,1,3003.3854166666665,0.8342737268518519,1.9999999999999147
2023_analysed,Exp_05_Mar_2023_1745_channel_2,True,False,05,Mar,2023,1745,2,3003.3854166666665,0.8342737268518519,0.0
2023_analysed,Exp_05_May_2023_0745_channel_0,True,False,05,May,2023,0745,0,3003.5833333333335,0.8343287037037037,1.9999999999999147
2023_analysed,Exp_05_May_2023_0745_channel_1,True,False,05,May,2023,0745,1,3003.5833333333335,0.8343287037037037,5.199999999999726
2023_analysed,Exp_05_May_2023_0745_channel_2,True,False,05,May,2023,0745,2,3003.5833333333335,0.8343287037037037,3.599999999999648
2023_analysed,Exp_05_May_2023_0845_channel_0,True,False,05,May,2023,0845,0,3003.5416666666665,0.8343171296296296,22.399999999998983
2023_analysed,Exp_05_May_2023_0845_channel_1,True,False,05,May,2023,0845,1,3003.5416666666665,0.8343171296296296,18.399999999999295
2023_analysed,Exp_05_May_2023_0845_channel_2,True,False,05,May,2023,0845,2,3003.5416666666665,0.8343171296296296,0.0
2023_analysed,Exp_05_May_2023_0945_channel_0,True,False,05,May,2023,0945,0,3003.53125,0.8343142361111111,21.599999999999547
2023_analysed,Exp_05_May_2023_0945_channel_1,True,False,05,May,2023,0945,1,3003.53125,0.8343142361111111,90.3999999999998
2023_analysed,Exp_05_May_2023_0945_channel_2,True,False,05,May,2023,0945,2,3003.53125,0.8343142361111111,0.0
2023_analysed,Exp_05_May_2023_1045_channel_0,True,False,05,May,2023,1045,0,3003.7604166666665,0.8343778935185184,9.600000000000193
2023_analysed,Exp_05_May_2023_1045_channel_1,True,False,05,May,2023,1045,1,3003.7604166666665,0.8343778935185184,8.40000000000066
2023_analysed,Exp_05_May_2023_1045_channel_2,True,False,05,May,2023,1045,2,3003.7604166666665,0.8343778935185184,1.1999999999999886
2023_analysed,Exp_05_May_2023_1145_channel_0,True,False,05,May,2023,1145,0,3003.4166666666665,0.8342824074074073,73.19999999999953
2023_analysed,Exp_05_May_2023_1145_channel_1,True,False,05,May,2023,1145,1,3003.4166666666665,0.8342824074074073,104.39999999999993
2023_analysed,Exp_05_May_2023_1145_channel_2,True,False,05,May,2023,1145,2,3003.4166666666665,0.8342824074074073,0.0
2023_analysed,Exp_05_May_2023_1245_channel_0,True,False,05,May,2023,1245,0,3003.40625,0.8342795138888889,41.19999999999749
2023_analysed,Exp_05_May_2023_1245_channel_1,True,False,05,May,2023,1245,1,3003.40625,0.8342795138888889,35.19999999999834
2023_analysed,Exp_05_May_2023_1245_channel_2,True,False,05,May,2023,1245,2,3003.40625,0.8342795138888889,0.0
2023_analysed,Exp_05_May_2023_1345_channel_0,True,False,05,May,2023,1345,0,3003.4270833333335,0.834285300925926,40.000000000000085
2023_analysed,Exp_05_May_2023_1345_channel_1,True,False,05,May,2023,1345,1,3003.4270833333335,0.834285300925926,84.80000000000038
2023_analysed,Exp_05_May_2023_1345_channel_2,True,False,05,May,2023,1345,2,3003.4270833333335,0.834285300925926,0.0
2023_analysed,Exp_05_May_2023_1445_channel_0,True,False,05,May,2023,1445,0,3003.4895833333335,0.8343026620370371,79.99999999999937
2023_analysed,Exp_05_May_2023_1445_channel_1,True,False,05,May,2023,1445,1,3003.4895833333335,0.8343026620370371,79.19999999999915
2023_analysed,Exp_05_May_2023_1445_channel_2,True,False,05,May,2023,1445,2,3003.4895833333335,0.8343026620370371,0.0
2023_analysed,Exp_05_May_2023_1545_channel_0,True,False,05,May,2023,1545,0,3003.4166666666665,0.8342824074074073,80.40000000000012
2023_analysed,Exp_05_May_2023_1545_channel_1,True,False,05,May,2023,1545,1,3003.4166666666665,0.8342824074074073,203.2000000000001
2023_analysed,Exp_05_May_2023_1545_channel_2,True,False,05,May,2023,1545,2,3003.4166666666665,0.8342824074074073,0.0
2023_analysed,Exp_05_May_2023_1645_channel_0,True,False,05,May,2023,1645,0,3003.6354166666665,0.8343431712962962,8.800000000000399
2023_analysed,Exp_05_May_2023_1645_channel_1,True,False,05,May,2023,1645,1,3003.6354166666665,0.8343431712962962,9.199999999999472
2023_analysed,Exp_05_May_2023_1645_channel_2,True,False,05,May,2023,1645,2,3003.6354166666665,0.8343431712962962,3.200000000000159
2023_analysed,Exp_05_May_2023_1745_channel_0,True,False,05,May,2023,1745,0,3003.4895833333335,0.8343026620370371,8.000000000000597
2023_analysed,Exp_05_May_2023_1745_channel_1,True,False,05,May,2023,1745,1,3003.4895833333335,0.8343026620370371,3.6000000000000227
2023_analysed,Exp_05_May_2023_1745_channel_2,True,False,05,May,2023,1745,2,3003.4895833333335,0.8343026620370371,11.199999999999648
2023_analysed,Exp_06_Aug_2023_1145_channel_0,True,False,06,Aug,2023,1145,0,3008.875,0.8357986111111111,18.799999999999514
2023_analysed,Exp_06_Dec_2023_1145_channel_1,True,False,06,Dec,2023,1145,1,3010.1041666666665,0.8361400462962962,83.9999999999978
2023_analysed,Exp_06_Feb_2023_0745_channel_0,True,False,06,Feb,2023,0745,0,3003.5625,0.8343229166666667,2.8000000000002387
2023_analysed,Exp_06_Feb_2023_0745_channel_1,True,False,06,Feb,2023,0745,1,3003.5625,0.8343229166666667,0.0
2023_analysed,Exp_06_Feb_2023_0845_channel_0,True,False,06,Feb,2023,0845,0,3003.625,0.8343402777777778,4.800000000000409
2023_analysed,Exp_06_Feb_2023_0845_channel_1,True,False,06,Feb,2023,0845,1,3003.625,0.8343402777777778,0.0
2023_analysed,Exp_06_Feb_2023_0945_channel_0,True,False,06,Feb,2023,0945,0,3003.6041666666665,0.8343344907407407,197.60000000000315
2023_analysed,Exp_06_Feb_2023_0945_channel_1,True,False,06,Feb,2023,0945,1,3003.6041666666665,0.8343344907407407,1.6000000000000725
2023_analysed,Exp_06_Feb_2023_1045_channel_0,True,False,06,Feb,2023,1045,0,3003.875,0.8344097222222222,132.00000000000338
2023_analysed,Exp_06_Feb_2023_1045_channel_1,True,False,06,Feb,2023,1045,1,3003.875,0.8344097222222222,0.0
2023_analysed,Exp_06_Feb_2023_1145_channel_0,True,False,06,Feb,2023,1145,0,3003.6041666666665,0.8343344907407407,81.6000000000001
2023_analysed,Exp_06_Feb_2023_1145_channel_1,True,False,06,Feb,2023,1145,1,3003.6041666666665,0.8343344907407407,1.199999999999818
2023_analysed,Exp_06_Feb_2023_1245_channel_0,True,False,06,Feb,2023,1245,0,3003.4895833333335,0.8343026620370371,22.00000000000024
2023_analysed,Exp_06_Feb_2023_1245_channel_1,True,False,06,Feb,2023,1245,1,3003.4895833333335,0.8343026620370371,1.199999999999818
2023_analysed,Exp_06_Feb_2023_1345_channel_0,True,False,06,Feb,2023,1345,0,3003.5416666666665,0.8343171296296296,141.19999999999948
2023_analysed,Exp_06_Feb_2023_1345_channel_1,True,False,06,Feb,2023,1345,1,3003.5416666666665,0.8343171296296296,13.600000000000069
2023_analysed,Exp_06_Feb_2023_1445_channel_0,True,False,06,Feb,2023,1445,0,3003.4791666666665,0.8342997685185185,160.8000000000006
2023_analysed,Exp_06_Feb_2023_1445_channel_1,True,False,06,Feb,2023,1445,1,3003.4791666666665,0.8342997685185185,17.999999999999545
2023_analysed,Exp_06_Feb_2023_1545_channel_0,True,False,06,Feb,2023,1545,0,3003.46875,0.834296875,156.39999999999966
2023_analysed,Exp_06_Feb_2023_1545_channel_1,True,False,06,Feb,2023,1545,1,3003.46875,0.834296875,17.19999999999979
2023_analysed,Exp_06_Feb_2023_1645_channel_0,True,False,06,Feb,2023,1645,0,3003.6354166666665,0.8343431712962962,2.3999999999996646
2023_analysed,Exp_06_Feb_2023_1645_channel_1,True,False,06,Feb,2023,1645,1,3003.6354166666665,0.8343431712962962,0.0
2023_analysed,Exp_06_Feb_2023_1745_channel_0,True,False,06,Feb,2023,1745,0,3003.5416666666665,0.8343171296296296,0.0
2023_analysed,Exp_06_Feb_2023_1745_channel_1,True,False,06,Feb,2023,1745,1,3003.5416666666665,0.8343171296296296,0.0
2023_analysed,Exp_06_Jul_2023_0745_channel_0,True,False,06,Jul,2023,0745,0,3003.6666666666665,0.8343518518518518,4.800000000000637
2023_analysed,Exp_06_Jul_2023_0745_channel_1,True,False,06,Jul,2023,0745,1,3003.6666666666665,0.8343518518518518,4.799999999999727
2023_analysed,Exp_06_Jul_2023_0845_channel_0,True,False,06,Jul,2023,0845,0,3003.8645833333335,0.8344068287037038,25.59999999999974
2023_analysed,Exp_06_Jul_2023_0845_channel_1,True,False,06,Jul,2023,0845,1,3003.8645833333335,0.8344068287037038,30.79999999999984
2023_analysed,Exp_06_Jul_2023_0945_channel_0,True,False,06,Jul,2023,0945,0,3003.625,0.8343402777777778,41.20000000000106
2023_analysed,Exp_06_Jul_2023_0945_channel_1,True,False,06,Jul,2023,0945,1,3003.625,0.8343402777777778,117.99999999999963
2023_analysed,Exp_06_Jul_2023_1045_channel_0,True,False,06,Jul,2023,1045,0,3003.6875,0.8343576388888889,130.39999999999742
2023_analysed,Exp_06_Jul_2023_1045_channel_1,True,False,06,Jul,2023,1045,1,3003.6875,0.8343576388888889,59.19999999999827
2023_analysed,Exp_06_Jul_2023_1145_channel_0,True,False,06,Jul,2023,1145,0,3003.6354166666665,0.8343431712962962,75.20000000000095
2023_analysed,Exp_06_Jul_2023_1145_channel_1,True,False,06,Jul,2023,1145,1,3003.6354166666665,0.8343431712962962,120.79999999999974
2023_analysed,Exp_06_Jul_2023_1245_channel_0,True,False,06,Jul,2023,1245,0,3003.6770833333335,0.8343547453703705,103.60000000000026
2023_analysed,Exp_06_Jul_2023_1245_channel_1,True,False,06,Jul,2023,1245,1,3003.6770833333335,0.8343547453703705,83.6000000000011
2023_analysed,Exp_06_Jul_2023_1345_channel_0,True,False,06,Jul,2023,1345,0,3003.6770833333335,0.8343547453703705,132.4000000000006
2023_analysed,Exp_06_Jul_2023_1345_channel_1,True,False,06,Jul,2023,1345,1,3003.6770833333335,0.8343547453703705,107.99999999999861
2023_analysed,Exp_06_Jul_2023_1445_channel_0,True,False,06,Jul,2023,1445,0,3003.625,0.8343402777777778,194.79999999999865
2023_analysed,Exp_06_Jul_2023_1445_channel_1,True,False,06,Jul,2023,1445,1,3003.625,0.8343402777777778,26.799999999997198
2023_analysed,Exp_06_Jul_2023_1545_channel_0,True,False,06,Jul,2023,1545,0,3003.5416666666665,0.8343171296296296,276.00000000000955
2023_analysed,Exp_06_Jul_2023_1545_channel_1,True,False,06,Jul,2023,1545,1,3003.5416666666665,0.8343171296296296,520.4000000000057
2023_analysed,Exp_06_Jul_2023_1645_channel_0,True,False,06,Jul,2023,1645,0,3003.5104166666665,0.834308449074074,57.60000000000123
2023_analysed,Exp_06_Jul_2023_1645_channel_1,True,False,06,Jul,2023,1645,1,3003.5104166666665,0.834308449074074,124.79999999999976
2023_analysed,Exp_06_Jul_2023_1745_channel_0,True,False,06,Jul,2023,1745,0,3004.0,0.8344444444444444,114.79999999999882
2023_analysed,Exp_06_Jul_2023_1745_channel_1,True,False,06,Jul,2023,1745,1,3004.0,0.8344444444444444,8.79999999999998
2023_analysed,Exp_06_Jun_2023_0745_channel_0,True,False,06,Jun,2023,0745,0,3003.3958333333335,0.8342766203703704,1.9999999999997158
2023_analysed,Exp_06_Jun_2023_0745_channel_1,True,False,06,Jun,2023,0745,1,3003.3958333333335,0.8342766203703704,2.399999999999885
2023_analysed,Exp_06_Jun_2023_0745_channel_2,True,False,06,Jun,2023,0745,2,3003.3958333333335,0.8342766203703704,0.0
2023_analysed,Exp_06_Jun_2023_0845_channel_0,True,False,06,Jun,2023,0845,0,3003.6145833333335,0.8343373842592593,5.200000000000898
2023_analysed,Exp_06_Jun_2023_0845_channel_1,True,False,06,Jun,2023,0845,1,3003.6145833333335,0.8343373842592593,17.999999999999062
2023_analysed,Exp_06_Jun_2023_0845_channel_2,True,False,06,Jun,2023,0845,2,3003.6145833333335,0.8343373842592593,0.0
2023_analysed,Exp_06_Jun_2023_0945_channel_0,True,False,06,Jun,2023,0945,0,3003.5833333333335,0.8343287037037037,30.000000000000867
2023_analysed,Exp_06_Jun_2023_0945_channel_1,True,False,06,Jun,2023,0945,1,3003.5833333333335,0.8343287037037037,100.80000000000062
2023_analysed,Exp_06_Jun_2023_0945_channel_2,True,False,06,Jun,2023,0945,2,3003.5833333333335,0.8343287037037037,0.0
2023_analysed,Exp_06_Jun_2023_1045_channel_0,True,False,06,Jun,2023,1045,0,3003.5729166666665,0.8343258101851851,44.80000000000001
2023_analysed,Exp_06_Jun_2023_1045_channel_1,True,False,06,Jun,2023,1045,1,3003.5729166666665,0.8343258101851851,26.399999999999828
2023_analysed,Exp_06_Jun_2023_1045_channel_2,True,False,06,Jun,2023,1045,2,3003.5729166666665,0.8343258101851851,0.0
2023_analysed,Exp_06_Jun_2023_1145_channel_0,True,False,06,Jun,2023,1145,0,3003.4895833333335,0.8343026620370371,69.20000000000054
2023_analysed,Exp_06_Jun_2023_1145_channel_1,True,False,06,Jun,2023,1145,1,3003.4895833333335,0.8343026620370371,166.39999999999966
2023_analysed,Exp_06_Jun_2023_1145_channel_2,True,False,06,Jun,2023,1145,2,3003.4895833333335,0.8343026620370371,1.5999999999994543
2023_analysed,Exp_06_Jun_2023_1245_channel_0,True,False,06,Jun,2023,1245,0,3003.53125,0.8343142361111111,19.99999999999916
2023_analysed,Exp_06_Jun_2023_1245_channel_1,True,False,06,Jun,2023,1245,1,3003.53125,0.8343142361111111,19.600000000000207
2023_analysed,Exp_06_Jun_2023_1245_channel_2,True,False,06,Jun,2023,1245,2,3003.53125,0.8343142361111111,0.0
2023_analysed,Exp_06_Jun_2023_1345_channel_0,True,False,06,Jun,2023,1345,0,3003.4895833333335,0.8343026620370371,27.200000000000017
2023_analysed,Exp_06_Jun_2023_1345_channel_1,True,False,06,Jun,2023,1345,1,3003.4895833333335,0.8343026620370371,137.19999999999817
2023_analysed,Exp_06_Jun_2023_1345_channel_2,True,False,06,Jun,2023,1345,2,3003.4895833333335,0.8343026620370371,0.0
2023_analysed,Exp_06_Jun_2023_1445_channel_0,True,False,06,Jun,2023,1445,0,3003.4270833333335,0.834285300925926,127.99999999999866
2023_analysed,Exp_06_Jun_2023_1445_channel_1,True,False,06,Jun,2023,1445,1,3003.4270833333335,0.834285300925926,118.39999999999839
2023_analysed,Exp_06_Jun_2023_1445_channel_2,True,False,06,Jun,2023,1445,2,3003.4270833333335,0.834285300925926,0.0
2023_analysed,Exp_06_Jun_2023_1545_channel_0,True,False,06,Jun,2023,1545,0,3003.5729166666665,0.8343258101851851,63.2
2023_analysed,Exp_06_Jun_2023_1545_channel_1,True,False,06,Jun,2023,1545,1,3003.5729166666665,0.8343258101851851,164.00000000000043
2023_analysed,Exp_06_Jun_2023_1545_channel_2,True,False,06,Jun,2023,1545,2,3003.5729166666665,0.8343258101851851,0.0
2023_analysed,Exp_06_Jun_2023_1645_channel_0,True,False,06,Jun,2023,1645,0,3003.46875,0.834296875,17.60000000000042
2023_analysed,Exp_06_Jun_2023_1645_channel_1,True,False,06,Jun,2023,1645,1,3003.46875,0.834296875,5.200000000000074
2023_analysed,Exp_06_Jun_2023_1645_channel_2,True,False,06,Jun,2023,1645,2,3003.46875,0.834296875,0.0
2023_analysed,Exp_06_Jun_2023_1745_channel_0,True,False,06,Jun,2023,1745,0,3003.4895833333335,0.8343026620370371,35.599999999999845
2023_analysed,Exp_06_Jun_2023_1745_channel_1,True,False,06,Jun,2023,1745,1,3003.4895833333335,0.8343026620370371,9.999999999998973
2023_analysed,Exp_06_Jun_2023_1745_channel_2,True,False,06,Jun,2023,1745,2,3003.4895833333335,0.8343026620370371,0.0
2023_analysed,Exp_06_Mar_2023_0745_channel_0,True,False,06,Mar,2023,0745,0,3003.65625,0.8343489583333333,3.5999999999998167
2023_analysed,Exp_06_Mar_2023_0745_channel_1,True,False,06,Mar,2023,0745,1,3003.65625,0.8343489583333333,4.0
2023_analysed,Exp_06_Mar_2023_0745_channel_2,True,False,06,Mar,2023,0745,2,3003.65625,0.8343489583333333,1.600000000000179
2023_analysed,Exp_06_Mar_2023_0845_channel_0,True,False,06,Mar,2023,0845,0,3003.5104166666665,0.834308449074074,3.6000000000001364
2023_analysed,Exp_06_Mar_2023_0845_channel_1,True,False,06,Mar,2023,0845,1,3003.5104166666665,0.834308449074074,10.000000000000014
2023_analysed,Exp_06_Mar_2023_0845_channel_2,True,False,06,Mar,2023,0845,2,3003.5104166666665,0.834308449074074,4.000000000000044
2023_analysed,Exp_06_Mar_2023_0945_channel_0,True,False,06,Mar,2023,0945,0,3003.5208333333335,0.8343113425925927,8.799999999999415
2023_analysed,Exp_06_Mar_2023_0945_channel_1,True,False,06,Mar,2023,0945,1,3003.5208333333335,0.8343113425925927,92.80000000000065
2023_analysed,Exp_06_Mar_2023_0945_channel_2,True,False,06,Mar,2023,0945,2,3003.5208333333335,0.8343113425925927,7.999999999999972
2023_analysed,Exp_06_Mar_2023_1045_channel_0,True,False,06,Mar,2023,1045,0,3003.59375,0.8343315972222223,14.799999999998136
2023_analysed,Exp_06_Mar_2023_1045_channel_1,True,False,06,Mar,2023,1045,1,3003.59375,0.8343315972222223,13.199999999998568
2023_analysed,Exp_06_Mar_2023_1045_channel_2,True,False,06,Mar,2023,1045,2,3003.59375,0.8343315972222223,19.999999999999943
2023_analysed,Exp_06_Mar_2023_1145_channel_0,True,False,06,Mar,2023,1145,0,3003.4895833333335,0.8343026620370371,9.999999999999947
2023_analysed,Exp_06_Mar_2023_1145_channel_1,True,False,06,Mar,2023,1145,1,3003.4895833333335,0.8343026620370371,84.00000000000091
2023_analysed,Exp_06_Mar_2023_1145_channel_2,True,False,06,Mar,2023,1145,2,3003.4895833333335,0.8343026620370371,6.400000000000077
2023_analysed,Exp_06_Mar_2023_1245_channel_0,True,False,06,Mar,2023,1245,0,3003.5104166666665,0.834308449074074,0.39999999999997726
2023_analysed,Exp_06_Mar_2023_1245_channel_1,True,False,06,Mar,2023,1245,1,3003.5104166666665,0.834308449074074,7.200000000000372
2023_analysed,Exp_06_Mar_2023_1245_channel_2,True,False,06,Mar,2023,1245,2,3003.5104166666665,0.834308449074074,4.399999999999544
2023_analysed,Exp_06_Mar_2023_1345_channel_0,True,False,06,Mar,2023,1345,0,3003.5208333333335,0.8343113425925927,0.0
2023_analysed,Exp_06_Mar_2023_1345_channel_1,True,False,06,Mar,2023,1345,1,3003.5208333333335,0.8343113425925927,217.20000000000235
2023_analysed,Exp_06_Mar_2023_1345_channel_2,True,False,06,Mar,2023,1345,2,3003.5208333333335,0.8343113425925927,11.599999999999419
2023_analysed,Exp_06_Mar_2023_1445_channel_0,True,False,06,Mar,2023,1445,0,3003.5729166666665,0.8343258101851851,0.0
2023_analysed,Exp_06_Mar_2023_1445_channel_1,True,False,06,Mar,2023,1445,1,3003.5729166666665,0.8343258101851851,14.400000000000375
2023_analysed,Exp_06_Mar_2023_1445_channel_2,True,False,06,Mar,2023,1445,2,3003.5729166666665,0.8343258101851851,24.799999999999216
2023_analysed,Exp_06_Mar_2023_1545_channel_0,True,False,06,Mar,2023,1545,0,3003.5520833333335,0.8343200231481482,0.0
2023_analysed,Exp_06_Mar_2023_1545_channel_1,True,False,06,Mar,2023,1545,1,3003.5520833333335,0.8343200231481482,240.79999999999683
2023_analysed,Exp_06_Mar_2023_1545_channel_2,True,False,06,Mar,2023,1545,2,3003.5520833333335,0.8343200231481482,7.9999999999996305
2023_analysed,Exp_06_Mar_2023_1645_channel_0,True,False,06,Mar,2023,1645,0,3003.5520833333335,0.8343200231481482,1.2000000000002728
2023_analysed,Exp_06_Mar_2023_1645_channel_1,True,False,06,Mar,2023,1645,1,3003.5520833333335,0.8343200231481482,10.000000000000412
2023_analysed,Exp_06_Mar_2023_1645_channel_2,True,False,06,Mar,2023,1645,2,3003.5520833333335,0.8343200231481482,1.9999999999992042
2023_analysed,Exp_06_Mar_2023_1745_channel_0,True,False,06,Mar,2023,1745,0,3003.4166666666665,0.8342824074074073,11.599999999999625
2023_analysed,Exp_06_Mar_2023_1745_channel_1,True,False,06,Mar,2023,1745,1,3003.4166666666665,0.8342824074074073,2.0000000000004547
2023_analysed,Exp_06_Mar_2023_1745_channel_2,True,False,06,Mar,2023,1745,2,3003.4166666666665,0.8342824074074073,0.0
2023_analysed,Exp_06_May_2023_0745_channel_0,True,False,06,May,2023,0745,0,3003.4166666666665,0.8342824074074073,1.6000000000001364
2023_analysed,Exp_06_May_2023_0745_channel_1,True,False,06,May,2023,0745,1,3003.4166666666665,0.8342824074074073,1.6000000000002501
2023_analysed,Exp_06_May_2023_0745_channel_2,True,False,06,May,2023,0745,2,3003.4166666666665,0.8342824074074073,3.6000000000002856
2023_analysed,Exp_06_May_2023_0845_channel_0,True,False,06,May,2023,0845,0,3003.7916666666665,0.834386574074074,13.600000000000279
2023_analysed,Exp_06_May_2023_0845_channel_1,True,False,06,May,2023,0845,1,3003.7916666666665,0.834386574074074,14.400000000000688
2023_analysed,Exp_06_May_2023_0845_channel_2,True,False,06,May,2023,0845,2,3003.7916666666665,0.834386574074074,1.2000000000002728
2023_analysed,Exp_06_May_2023_0945_channel_0,True,False,06,May,2023,0945,0,3003.6979166666665,0.8343605324074074,36.00000000000091
2023_analysed,Exp_06_May_2023_0945_channel_1,True,False,06,May,2023,0945,1,3003.6979166666665,0.8343605324074074,102.40000000000047
2023_analysed,Exp_06_May_2023_0945_channel_2,True,False,06,May,2023,0945,2,3003.6979166666665,0.8343605324074074,0.40000000000009095
2023_analysed,Exp_06_May_2023_1045_channel_0,True,False,06,May,2023,1045,0,3003.8125,0.8343923611111111,39.20000000000018
2023_analysed,Exp_06_May_2023_1045_channel_1,True,False,06,May,2023,1045,1,3003.8125,0.8343923611111111,26.800000000000978
2023_analysed,Exp_06_May_2023_1045_channel_2,True,False,06,May,2023,1045,2,3003.8125,0.8343923611111111,0.799999999999983
2023_analysed,Exp_06_May_2023_1145_channel_0,True,False,06,May,2023,1145,0,3003.5,0.8343055555555555,55.60000000000062
2023_analysed,Exp_06_May_2023_1145_channel_1,True,False,06,May,2023,1145,1,3003.5,0.8343055555555555,148.0000000000005
2023_analysed,Exp_06_May_2023_1145_channel_2,True,False,06,May,2023,1145,2,3003.5,0.8343055555555555,0.0
2023_analysed,Exp_06_May_2023_1245_channel_0,True,False,06,May,2023,1245,0,3003.4479166666665,0.8342910879629629,35.599999999998545
2023_analysed,Exp_06_May_2023_1245_channel_1,True,False,06,May,2023,1245,1,3003.4479166666665,0.8342910879629629,25.199999999999363
2023_analysed,Exp_06_May_2023_1245_channel_2,True,False,06,May,2023,1245,2,3003.4479166666665,0.8342910879629629,0.7999999999999545
2023_analysed,Exp_06_May_2023_1345_channel_0,True,False,06,May,2023,1345,0,3003.6354166666665,0.8343431712962962,34.00000000000084
2023_analysed,Exp_06_May_2023_1345_channel_1,True,False,06,May,2023,1345,1,3003.6354166666665,0.8343431712962962,129.5999999999999
2023_analysed,Exp_06_May_2023_1345_channel_2,True,False,06,May,2023,1345,2,3003.6354166666665,0.8343431712962962,5.599999999999454
2023_analysed,Exp_06_May_2023_1445_channel_0,True,False,06,May,2023,1445,0,3003.4270833333335,0.834285300925926,101.59999999999934
2023_analysed,Exp_06_May_2023_1445_channel_1,True,False,06,May,2023,1445,1,3003.4270833333335,0.834285300925926,109.19999999999779
2023_analysed,Exp_06_May_2023_1445_channel_2,True,False,06,May,2023,1445,2,3003.4270833333335,0.834285300925926,1.6000000000002501
2023_analysed,Exp_06_May_2023_1545_channel_0,True,False,06,May,2023,1545,0,3003.59375,0.8343315972222223,16.799999999999812
2023_analysed,Exp_06_May_2023_1545_channel_1,True,False,06,May,2023,1545,1,3003.59375,0.8343315972222223,131.20000000000016
2023_analysed,Exp_06_May_2023_1545_channel_2,True,False,06,May,2023,1545,2,3003.59375,0.8343315972222223,1.999999999999801
2023_analysed,Exp_06_May_2023_1645_channel_0,True,False,06,May,2023,1645,0,3003.5208333333335,0.8343113425925927,21.600000000000364
2023_analysed,Exp_06_May_2023_1645_channel_1,True,False,06,May,2023,1645,1,3003.5208333333335,0.8343113425925927,14.000000000000313
2023_analysed,Exp_06_May_2023_1645_channel_2,True,False,06,May,2023,1645,2,3003.5208333333335,0.8343113425925927,10.400000000001732
2023_analysed,Exp_06_May_2023_1745_channel_0,True,False,06,May,2023,1745,0,3003.5,0.8343055555555555,7.200000000000188
2023_analysed,Exp_06_May_2023_1745_channel_1,True,False,06,May,2023,1745,1,3003.5,0.8343055555555555,7.199999999999449
2023_analysed,Exp_06_May_2023_1745_channel_2,True,False,06,May,2023,1745,2,3003.5,0.8343055555555555,16.00000000000002
2023_analysed,Exp_06_Sep_2023_1545_channel_0,True,False,06,Sep,2023,1545,0,3007.1770833333335,0.8353269675925926,0.0
2023_analysed,Exp_07_Aug_2023_0845_channel_1,True,False,07,Aug,2023,0845,1,2995.8854166666665,0.8321903935185184,1.6000000000001364
2023_analysed,Exp_07_Aug_2023_1445_channel_1,True,False,07,Aug,2023,1445,1,3003.4166666666665,0.8342824074074073,6.400000000000013
2023_analysed,Exp_07_Dec_2023_1045_channel_1,True,False,07,Dec,2023,1045,1,3007.2083333333335,0.8353356481481482,5.6000000000008185
2023_analysed,Exp_07_Dec_2023_1245_channel_0,True,False,07,Dec,2023,1245,0,3008.59375,0.8357204861111112,1.6000000000002501
2023_analysed,Exp_07_Feb_2023_0745_channel_0,True,False,07,Feb,2023,0745,0,3003.4583333333335,0.8342939814814815,2.0000000000001137
2023_analysed,Exp_07_Feb_2023_0745_channel_1,True,False,07,Feb,2023,0745,1,3003.4583333333335,0.8342939814814815,0.0
2023_analysed,Exp_07_Feb_2023_0845_channel_0,True,False,07,Feb,2023,0845,0,3003.4166666666665,0.8342824074074073,52.39999999999918
2023_analysed,Exp_07_Feb_2023_0845_channel_1,True,False,07,Feb,2023,0845,1,3003.4166666666665,0.8342824074074073,6.7999999999995
2023_analysed,Exp_07_Feb_2023_0945_channel_0,True,False,07,Feb,2023,0945,0,3003.4375,0.8342881944444445,109.20000000000006
2023_analysed,Exp_07_Feb_2023_0945_channel_1,True,False,07,Feb,2023,0945,1,3003.4375,0.8342881944444445,9.599999999999094
2023_analysed,Exp_07_Feb_2023_1045_channel_0,True,False,07,Feb,2023,1045,0,3003.6145833333335,0.8343373842592593,74.7999999999994
2023_analysed,Exp_07_Feb_2023_1045_channel_1,True,False,07,Feb,2023,1045,1,3003.6145833333335,0.8343373842592593,36.400000000000574
2023_analysed,Exp_07_Feb_2023_1145_channel_0,True,False,07,Feb,2023,1145,0,3003.53125,0.8343142361111111,226.40000000000015
2023_analysed,Exp_07_Feb_2023_1145_channel_1,True,False,07,Feb,2023,1145,1,3003.53125,0.8343142361111111,3.999999999999595
2023_analysed,Exp_07_Feb_2023_1245_channel_0,True,False,07,Feb,2023,1245,0,3003.84375,0.8344010416666666,56.80000000000034
2023_analysed,Exp_07_Feb_2023_1245_channel_1,True,False,07,Feb,2023,1245,1,3003.84375,0.8344010416666666,8.399999999999409
2023_analysed,Exp_07_Feb_2023_1345_channel_0,True,False,07,Feb,2023,1345,0,3003.6666666666665,0.8343518518518518,202.4000000000001
2023_analysed,Exp_07_Feb_2023_1345_channel_1,True,False,07,Feb,2023,1345,1,3003.6666666666665,0.8343518518518518,13.600000000000819
2023_analysed,Exp_07_Feb_2023_1445_channel_0,True,False,07,Feb,2023,1445,0,3003.5729166666665,0.8343258101851851,161.20000000000118
2023_analysed,Exp_07_Feb_2023_1445_channel_1,True,False,07,Feb,2023,1445,1,3003.5729166666665,0.8343258101851851,2.0
2023_analysed,Exp_07_Feb_2023_1545_channel_0,True,False,07,Feb,2023,1545,0,3003.5625,0.8343229166666667,96.40000000000032
2023_analysed,Exp_07_Feb_2023_1545_channel_1,True,False,07,Feb,2023,1545,1,3003.5625,0.8343229166666667,3.200000000000049
2023_analysed,Exp_07_Feb_2023_1645_channel_0,True,False,07,Feb,2023,1645,0,3003.5729166666665,0.8343258101851851,2.7999999999997556
2023_analysed,Exp_07_Feb_2023_1645_channel_1,True,False,07,Feb,2023,1645,1,3003.5729166666665,0.8343258101851851,0.8000000000000114
2023_analysed,Exp_07_Feb_2023_1745_channel_0,True,False,07,Feb,2023,1745,0,3003.6041666666665,0.8343344907407407,0.39999999999997726
2023_analysed,Exp_07_Feb_2023_1745_channel_1,True,False,07,Feb,2023,1745,1,3003.6041666666665,0.8343344907407407,0.0
2023_analysed,Exp_07_Jul_2023_0745_channel_0,True,False,07,Jul,2023,0745,0,3003.7291666666665,0.834369212962963,18.799999999998022
2023_analysed,Exp_07_Jul_2023_0745_channel_1,True,False,07,Jul,2023,0745,1,3003.7291666666665,0.834369212962963,2.8000000000004093
2023_analysed,Exp_07_Jul_2023_0845_channel_0,True,False,07,Jul,2023,0845,0,3003.4479166666665,0.8342910879629629,107.59999999999746
2023_analysed,Exp_07_Jul_2023_0845_channel_1,True,False,07,Jul,2023,0845,1,3003.4479166666665,0.8342910879629629,41.999999999998266
2023_analysed,Exp_07_Jul_2023_0945_channel_0,True,False,07,Jul,2023,0945,0,3003.5625,0.8343229166666667,63.59999999999976
2023_analysed,Exp_07_Jul_2023_0945_channel_1,True,False,07,Jul,2023,0945,1,3003.5625,0.8343229166666667,90.00000000000071
2023_analysed,Exp_07_Jul_2023_1045_channel_0,True,False,07,Jul,2023,1045,0,3003.5,0.8343055555555555,125.60000000000443
2023_analysed,Exp_07_Jul_2023_1045_channel_1,True,False,07,Jul,2023,1045,1,3003.5,0.8343055555555555,59.999999999999744
2023_analysed,Exp_07_Jul_2023_1145_channel_0,True,False,07,Jul,2023,1145,0,3003.8125,0.8343923611111111,103.20000000000115
2023_analysed,Exp_07_Jul_2023_1145_channel_1,True,False,07,Jul,2023,1145,1,3003.8125,0.8343923611111111,97.20000000000002
2023_analysed,Exp_07_Jul_2023_1245_channel_0,True,False,07,Jul,2023,1245,0,3004.0104166666665,0.8344473379629629,127.19999999999825
2023_analysed,Exp_07_Jul_2023_1245_channel_1,True,False,07,Jul,2023,1245,1,3004.0104166666665,0.8344473379629629,110.40000000000057
2023_analysed,Exp_07_Jul_2023_1345_channel_0,True,False,07,Jul,2023,1345,0,3003.875,0.8344097222222222,192.40000000000367
2023_analysed,Exp_07_Jul_2023_1345_channel_1,True,False,07,Jul,2023,1345,1,3003.875,0.8344097222222222,203.59999999999934
2023_analysed,Exp_07_Jul_2023_1445_channel_0,True,False,07,Jul,2023,1445,0,3003.40625,0.8342795138888889,244.79999999999959
2023_analysed,Exp_07_Jul_2023_1445_channel_1,True,False,07,Jul,2023,1445,1,3003.40625,0.8342795138888889,188.79999999999978
2023_analysed,Exp_07_Jul_2023_1545_channel_0,True,False,07,Jul,2023,1545,0,3003.4583333333335,0.8342939814814815,311.6000000000008
2023_analysed,Exp_07_Jul_2023_1545_channel_1,True,False,07,Jul,2023,1545,1,3003.4583333333335,0.8342939814814815,467.20000000000687
2023_analysed,Exp_07_Jul_2023_1645_channel_0,True,False,07,Jul,2023,1645,0,3004.1458333333335,0.8344849537037038,117.19999999999602
2023_analysed,Exp_07_Jul_2023_1645_channel_1,True,False,07,Jul,2023,1645,1,3004.1458333333335,0.8344849537037038,145.6000000000024
2023_analysed,Exp_07_Jul_2023_1745_channel_0,True,False,07,Jul,2023,1745,0,3003.65625,0.8343489583333333,44.80000000000042
2023_analysed,Exp_07_Jul_2023_1745_channel_1,True,False,07,Jul,2023,1745,1,3003.65625,0.8343489583333333,11.60000000000069
2023_analysed,Exp_07_Jun_2023_0745_channel_0,True,False,07,Jun,2023,0745,0,3003.6458333333335,0.8343460648148149,11.999999999999488
2023_analysed,Exp_07_Jun_2023_0745_channel_1,True,False,07,Jun,2023,0745,1,3003.6458333333335,0.8343460648148149,7.600000000000193
2023_analysed,Exp_07_Jun_2023_0745_channel_2,True,False,07,Jun,2023,0745,2,3003.6458333333335,0.8343460648148149,0.0
2023_analysed,Exp_07_Jun_2023_0845_channel_0,True,False,07,Jun,2023,0845,0,3003.5104166666665,0.834308449074074,1.200000000000216
2023_analysed,Exp_07_Jun_2023_0845_channel_1,True,False,07,Jun,2023,0845,1,3003.5104166666665,0.834308449074074,1.6000000000001364
2023_analysed,Exp_07_Jun_2023_0845_channel_2,True,False,07,Jun,2023,0845,2,3003.5104166666665,0.834308449074074,0.0
2023_analysed,Exp_07_Jun_2023_0945_channel_0,True,False,07,Jun,2023,0945,0,3003.3541666666665,0.8342650462962963,25.59999999999885
2023_analysed,Exp_07_Jun_2023_0945_channel_1,True,False,07,Jun,2023,0945,1,3003.3541666666665,0.8342650462962963,112.80000000000031
2023_analysed,Exp_07_Jun_2023_0945_channel_2,True,False,07,Jun,2023,0945,2,3003.3541666666665,0.8342650462962963,0.0
2023_analysed,Exp_07_Jun_2023_1045_channel_0,True,False,07,Jun,2023,1045,0,3003.4583333333335,0.8342939814814815,15.19999999999942
2023_analysed,Exp_07_Jun_2023_1045_channel_1,True,False,07,Jun,2023,1045,1,3003.4583333333335,0.8342939814814815,14.79999999999984
2023_analysed,Exp_07_Jun_2023_1045_channel_2,True,False,07,Jun,2023,1045,2,3003.4583333333335,0.8342939814814815,0.0
2023_analysed,Exp_07_Jun_2023_1145_channel_0,True,False,07,Jun,2023,1145,0,3003.5208333333335,0.8343113425925927,64.00000000000097
2023_analysed,Exp_07_Jun_2023_1145_channel_1,True,False,07,Jun,2023,1145,1,3003.5208333333335,0.8343113425925927,109.1999999999995
2023_analysed,Exp_07_Jun_2023_1145_channel_2,True,False,07,Jun,2023,1145,2,3003.5208333333335,0.8343113425925927,0.0
2023_analysed,Exp_07_Jun_2023_1245_channel_0,True,False,07,Jun,2023,1245,0,3003.40625,0.8342795138888889,51.60000000000093
2023_analysed,Exp_07_Jun_2023_1245_channel_1,True,False,07,Jun,2023,1245,1,3003.40625,0.8342795138888889,45.99999999999983
2023_analysed,Exp_07_Jun_2023_1245_channel_2,True,False,07,Jun,2023,1245,2,3003.40625,0.8342795138888889,0.0
2023_analysed,Exp_07_Jun_2023_1345_channel_0,True,False,07,Jun,2023,1345,0,3003.4375,0.8342881944444445,22.800000000000438
2023_analysed,Exp_07_Jun_2023_1345_channel_1,True,False,07,Jun,2023,1345,1,3003.4375,0.8342881944444445,176.40000000000003
2023_analysed,Exp_07_Jun_2023_1345_channel_2,True,False,07,Jun,2023,1345,2,3003.4375,0.8342881944444445,0.0
2023_analysed,Exp_07_Jun_2023_1445_channel_0,True,False,07,Jun,2023,1445,0,3003.4375,0.8342881944444445,55.20000000000141
2023_analysed,Exp_07_Jun_2023_1445_channel_1,True,False,07,Jun,2023,1445,1,3003.4375,0.8342881944444445,57.999999999999886
2023_analysed,Exp_07_Jun_2023_1445_channel_2,True,False,07,Jun,2023,1445,2,3003.4375,0.8342881944444445,0.0
2023_analysed,Exp_07_Jun_2023_1545_channel_0,True,False,07,Jun,2023,1545,0,3003.4166666666665,0.8342824074074073,99.99999999999993
2023_analysed,Exp_07_Jun_2023_1545_channel_1,True,False,07,Jun,2023,1545,1,3003.4166666666665,0.8342824074074073,184.0000000000002
2023_analysed,Exp_07_Jun_2023_1545_channel_2,True,False,07,Jun,2023,1545,2,3003.4166666666665,0.8342824074074073,0.0
2023_analysed,Exp_07_Jun_2023_1645_channel_0,True,False,07,Jun,2023,1645,0,3003.5520833333335,0.8343200231481482,59.200000000000514
2023_analysed,Exp_07_Jun_2023_1645_channel_1,True,False,07,Jun,2023,1645,1,3003.5520833333335,0.8343200231481482,16.8000000000007
2023_analysed,Exp_07_Jun_2023_1645_channel_2,True,False,07,Jun,2023,1645,2,3003.5520833333335,0.8343200231481482,0.40000000000009095
2023_analysed,Exp_07_Jun_2023_1745_channel_0,True,False,07,Jun,2023,1745,0,3003.4895833333335,0.8343026620370371,17.20000000000056
2023_analysed,Exp_07_Jun_2023_1745_channel_1,True,False,07,Jun,2023,1745,1,3003.4895833333335,0.8343026620370371,3.1999999999999247
2023_analysed,Exp_07_Jun_2023_1745_channel_2,True,False,07,Jun,2023,1745,2,3003.4895833333335,0.8343026620370371,1.199999999999953
2023_analysed,Exp_07_Mar_2023_0745_channel_0,True,False,07,Mar,2023,0745,0,3003.625,0.8343402777777778,0.3999999999999915
2023_analysed,Exp_07_Mar_2023_0745_channel_1,True,False,07,Mar,2023,0745,1,3003.625,0.8343402777777778,19.600000000000364
2023_analysed,Exp_07_Mar_2023_0745_channel_2,True,False,07,Mar,2023,0745,2,3003.625,0.8343402777777778,34.400000000001
2023_analysed,Exp_07_Mar_2023_0845_channel_0,True,False,07,Mar,2023,0845,0,3003.6354166666665,0.8343431712962962,15.599999999999497
2023_analysed,Exp_07_Mar_2023_0845_channel_1,True,False,07,Mar,2023,0845,1,3003.6354166666665,0.8343431712962962,3.599999999999966
2023_analysed,Exp_07_Mar_2023_0845_channel_2,True,False,07,Mar,2023,0845,2,3003.6354166666665,0.8343431712962962,12.800000000000011
2023_analysed,Exp_07_Mar_2023_0945_channel_0,True,False,07,Mar,2023,0945,0,3003.8229166666665,0.8343952546296296,4.400000000000205
2023_analysed,Exp_07_Mar_2023_0945_channel_1,True,False,07,Mar,2023,0945,1,3003.8229166666665,0.8343952546296296,32.800000000000324
2023_analysed,Exp_07_Mar_2023_0945_channel_2,True,False,07,Mar,2023,0945,2,3003.8229166666665,0.8343952546296296,5.99999999999946
2023_analysed,Exp_07_Mar_2023_1045_channel_0,True,False,07,Mar,2023,1045,0,3003.6041666666665,0.8343344907407407,0.0
2023_analysed,Exp_07_Mar_2023_1045_channel_1,True,False,07,Mar,2023,1045,1,3003.6041666666665,0.8343344907407407,23.199999999999932
2023_analysed,Exp_07_Mar_2023_1045_channel_2,True,False,07,Mar,2023,1045,2,3003.6041666666665,0.8343344907407407,0.0
2023_analysed,Exp_07_Mar_2023_1145_channel_0,True,False,07,Mar,2023,1145,0,3004.4791666666665,0.8345775462962962,3.1999999999999034
2023_analysed,Exp_07_Mar_2023_1145_channel_1,True,False,07,Mar,2023,1145,1,3004.4791666666665,0.8345775462962962,224.80000000000052
2023_analysed,Exp_07_Mar_2023_1145_channel_2,True,False,07,Mar,2023,1145,2,3004.4791666666665,0.8345775462962962,24.40000000000059
2023_analysed,Exp_07_Mar_2023_1245_channel_0,True,False,07,Mar,2023,1245,0,3003.6875,0.8343576388888889,2.400000000000091
2023_analysed,Exp_07_Mar_2023_1245_channel_1,True,False,07,Mar,2023,1245,1,3003.6875,0.8343576388888889,60.40000000000046
2023_analysed,Exp_07_Mar_2023_1245_channel_2,True,False,07,Mar,2023,1245,2,3003.6875,0.8343576388888889,38.80000000000081
2023_analysed,Exp_07_Mar_2023_1345_channel_0,True,False,07,Mar,2023,1345,0,3003.40625,0.8342795138888889,30.399999999999398
2023_analysed,Exp_07_Mar_2023_1345_channel_1,True,False,07,Mar,2023,1345,1,3003.40625,0.8342795138888889,223.59999999999283
2023_analysed,Exp_07_Mar_2023_1345_channel_2,True,False,07,Mar,2023,1345,2,3003.40625,0.8342795138888889,30.000000000001567
2023_analysed,Exp_07_Mar_2023_1445_channel_0,True,False,07,Mar,2023,1445,0,3003.5520833333335,0.8343200231481482,46.400000000000006
2023_analysed,Exp_07_Mar_2023_1445_channel_1,True,False,07,Mar,2023,1445,1,3003.5520833333335,0.8343200231481482,59.59999999999991
2023_analysed,Exp_07_Mar_2023_1445_channel_2,True,False,07,Mar,2023,1445,2,3003.5520833333335,0.8343200231481482,34.399999999999984
2023_analysed,Exp_07_Mar_2023_1545_channel_0,True,False,07,Mar,2023,1545,0,3003.3854166666665,0.8342737268518519,34.40000000000099
2023_analysed,Exp_07_Mar_2023_1545_channel_1,True,False,07,Mar,2023,1545,1,3003.3854166666665,0.8342737268518519,51.999999999999474
2023_analysed,Exp_07_Mar_2023_1545_channel_2,True,False,07,Mar,2023,1545,2,3003.3854166666665,0.8342737268518519,36.40000000000085
2023_analysed,Exp_07_Mar_2023_1645_channel_0,True,False,07,Mar,2023,1645,0,3003.6354166666665,0.8343431712962962,5.60000000000025
2023_analysed,Exp_07_Mar_2023_1645_channel_1,True,False,07,Mar,2023,1645,1,3003.6354166666665,0.8343431712962962,1.9999999999997726
2023_analysed,Exp_07_Mar_2023_1645_channel_2,True,False,07,Mar,2023,1645,2,3003.6354166666665,0.8343431712962962,30.800000000000296
2023_analysed,Exp_07_Mar_2023_1745_channel_0,True,False,07,Mar,2023,1745,0,3003.4375,0.8342881944444445,2.39999999999975
2023_analysed,Exp_07_Mar_2023_1745_channel_1,True,False,07,Mar,2023,1745,1,3003.4375,0.8342881944444445,2.4000000000005457
2023_analysed,Exp_07_Mar_2023_1745_channel_2,True,False,07,Mar,2023,1745,2,3003.4375,0.8342881944444445,63.60000000000046
2023_analysed,Exp_07_May_2023_0745_channel_0,True,False,07,May,2023,0745,0,3003.5625,0.8343229166666667,3.1999999999997044
2023_analysed,Exp_07_May_2023_0745_channel_1,True,False,07,May,2023,0745,1,3003.5625,0.8343229166666667,1.6000000000003638
2023_analysed,Exp_07_May_2023_0745_channel_2,True,False,07,May,2023,0745,2,3003.5625,0.8343229166666667,7.999999999998522
2023_analysed,Exp_07_May_2023_0845_channel_0,True,False,07,May,2023,0845,0,3003.5,0.8343055555555555,6.400000000000034
2023_analysed,Exp_07_May_2023_0845_channel_1,True,False,07,May,2023,0845,1,3003.5,0.8343055555555555,3.999999999999403
2023_analysed,Exp_07_May_2023_0845_channel_2,True,False,07,May,2023,0845,2,3003.5,0.8343055555555555,14.400000000001597
2023_analysed,Exp_07_May_2023_0945_channel_0,True,False,07,May,2023,0945,0,3003.6145833333335,0.8343373842592593,15.600000000001074
2023_analysed,Exp_07_May_2023_0945_channel_1,True,False,07,May,2023,0945,1,3003.6145833333335,0.8343373842592593,22.400000000000368
2023_analysed,Exp_07_May_2023_0945_channel_2,True,False,07,May,2023,0945,2,3003.6145833333335,0.8343373842592593,20.79999999999955
2023_analysed,Exp_07_May_2023_1045_channel_0,True,False,07,May,2023,1045,0,3003.4583333333335,0.8342939814814815,45.9999999999997
2023_analysed,Exp_07_May_2023_1045_channel_1,True,False,07,May,2023,1045,1,3003.4583333333335,0.8342939814814815,47.60000000000141
2023_analysed,Exp_07_May_2023_1045_channel_2,True,False,07,May,2023,1045,2,3003.4583333333335,0.8342939814814815,1.1999999999999318
2023_analysed,Exp_07_May_2023_1145_channel_0,True,False,07,May,2023,1145,0,3003.5416666666665,0.8343171296296296,67.2000000000026
2023_analysed,Exp_07_May_2023_1145_channel_1,True,False,07,May,2023,1145,1,3003.5416666666665,0.8343171296296296,70.40000000000083
2023_analysed,Exp_07_May_2023_1145_channel_2,True,False,07,May,2023,1145,2,3003.5416666666665,0.8343171296296296,1.199999999999818
2023_analysed,Exp_07_May_2023_1245_channel_0,True,False,07,May,2023,1245,0,3003.46875,0.834296875,107.60000000000016
2023_analysed,Exp_07_May_2023_1245_channel_1,True,False,07,May,2023,1245,1,3003.46875,0.834296875,108.40000000000133
2023_analysed,Exp_07_May_2023_1245_channel_2,True,False,07,May,2023,1245,2,3003.46875,0.834296875,0.0
2023_analysed,Exp_07_May_2023_1345_channel_0,True,False,07,May,2023,1345,0,3003.5833333333335,0.8343287037037037,183.6000000000008
2023_analysed,Exp_07_May_2023_1345_channel_1,True,False,07,May,2023,1345,1,3003.5833333333335,0.8343287037037037,88.00000000000084
2023_analysed,Exp_07_May_2023_1345_channel_2,True,False,07,May,2023,1345,2,3003.5833333333335,0.8343287037037037,0.0
2023_analysed,Exp_07_May_2023_1445_channel_0,True,False,07,May,2023,1445,0,3003.625,0.8343402777777778,63.19999999999969
2023_analysed,Exp_07_May_2023_1445_channel_1,True,False,07,May,2023,1445,1,3003.625,0.8343402777777778,209.60000000000048
2023_analysed,Exp_07_May_2023_1445_channel_2,True,False,07,May,2023,1445,2,3003.625,0.8343402777777778,0.0
2023_analysed,Exp_07_May_2023_1545_channel_0,True,False,07,May,2023,1545,0,3005.3333333333335,0.8348148148148149,35.59999999999854
2023_analysed,Exp_07_May_2023_1545_channel_1,True,False,07,May,2023,1545,1,3005.3333333333335,0.8348148148148149,111.19999999999904
2023_analysed,Exp_07_May_2023_1545_channel_2,True,False,07,May,2023,1545,2,3005.3333333333335,0.8348148148148149,0.0
2023_analysed,Exp_07_May_2023_1645_channel_0,True,False,07,May,2023,1645,0,3004.25,0.8345138888888889,14.399999999998407
2023_analysed,Exp_07_May_2023_1645_channel_1,True,False,07,May,2023,1645,1,3004.25,0.8345138888888889,4.400000000000148
2023_analysed,Exp_07_May_2023_1645_channel_2,True,False,07,May,2023,1645,2,3004.25,0.8345138888888889,0.0
2023_analysed,Exp_07_May_2023_1745_channel_0,True,False,07,May,2023,1745,0,3004.3333333333335,0.8345370370370371,16.800000000000267
2023_analysed,Exp_07_May_2023_1745_channel_1,True,False,07,May,2023,1745,1,3004.3333333333335,0.8345370370370371,21.600000000000136
2023_analysed,Exp_07_May_2023_1745_channel_2,True,False,07,May,2023,1745,2,3004.3333333333335,0.8345370370370371,0.0
2023_analysed,Exp_07_Oct_2023_1145_channel_1,True,False,07,Oct,2023,1145,1,3007.6145833333335,0.8354484953703704,47.59999999999959
2023_analysed,Exp_07_Oct_2023_1645_channel_1,True,False,07,Oct,2023,1645,1,3008.375,0.8356597222222222,104.80000000000274
2023_analysed,Exp_07_Sep_2023_1345_channel_1,True,False,07,Sep,2023,1345,1,3006.9375,0.8352604166666666,87.20000000000002
2023_analysed,Exp_08_Dec_2023_1345_channel_0,True,False,08,Dec,2023,1345,0,3008.5416666666665,0.8357060185185184,34.40000000000042
2023_analysed,Exp_08_Dec_2023_1345_channel_1,True,False,08,Dec,2023,1345,1,3008.5416666666665,0.8357060185185184,157.19999999999956
2023_analysed,Exp_08_Dec_2023_1545_channel_1,True,False,08,Dec,2023,1545,1,3008.6770833333335,0.8357436342592593,58.00000000000045
2023_analysed,Exp_08_Feb_2023_0745_channel_0,True,False,08,Feb,2023,0745,0,3003.5520833333335,0.8343200231481482,4.800000000000409
2023_analysed,Exp_08_Feb_2023_0745_channel_1,True,False,08,Feb,2023,0745,1,3003.5520833333335,0.8343200231481482,1.9999999999998863
2023_analysed,Exp_08_Feb_2023_0845_channel_0,True,False,08,Feb,2023,0845,0,3003.4166666666665,0.8342824074074073,3.199999999999818
2023_analysed,Exp_08_Feb_2023_0845_channel_1,True,False,08,Feb,2023,0845,1,3003.4166666666665,0.8342824074074073,0.7999999999999545
2023_analysed,Exp_08_Feb_2023_0945_channel_0,True,False,08,Feb,2023,0945,0,3003.53125,0.8343142361111111,48.80000000000018
2023_analysed,Exp_08_Feb_2023_0945_channel_1,True,False,08,Feb,2023,0945,1,3003.53125,0.8343142361111111,0.0
2023_analysed,Exp_08_Feb_2023_1045_channel_0,True,False,08,Feb,2023,1045,0,3003.4791666666665,0.8342997685185185,141.19999999999706
2023_analysed,Exp_08_Feb_2023_1045_channel_1,True,False,08,Feb,2023,1045,1,3003.4791666666665,0.8342997685185185,48.79999999999972
2023_analysed,Exp_08_Feb_2023_1145_channel_0,True,False,08,Feb,2023,1145,0,3003.46875,0.834296875,182.80000000000055
2023_analysed,Exp_08_Feb_2023_1145_channel_1,True,False,08,Feb,2023,1145,1,3003.46875,0.834296875,9.199999999999989
2023_analysed,Exp_08_Feb_2023_1245_channel_0,True,False,08,Feb,2023,1245,0,3003.4895833333335,0.8343026620370371,10.399999999997988
2023_analysed,Exp_08_Feb_2023_1245_channel_1,True,False,08,Feb,2023,1245,1,3003.4895833333335,0.8343026620370371,0.0
2023_analysed,Exp_08_Feb_2023_1345_channel_0,True,False,08,Feb,2023,1345,0,3003.4375,0.8342881944444445,116.40000000000077
2023_analysed,Exp_08_Feb_2023_1345_channel_1,True,False,08,Feb,2023,1345,1,3003.4375,0.8342881944444445,3.1999999999999176
2023_analysed,Exp_08_Feb_2023_1445_channel_0,True,False,08,Feb,2023,1445,0,3003.4479166666665,0.8342910879629629,75.6000000000043
2023_analysed,Exp_08_Feb_2023_1445_channel_1,True,False,08,Feb,2023,1445,1,3003.4479166666665,0.8342910879629629,8.0
2023_analysed,Exp_08_Feb_2023_1545_channel_0,True,False,08,Feb,2023,1545,0,3004.1666666666665,0.8344907407407407,299.200000000002
2023_analysed,Exp_08_Feb_2023_1545_channel_1,True,False,08,Feb,2023,1545,1,3004.1666666666665,0.8344907407407407,5.600000000000378
2023_analysed,Exp_08_Feb_2023_1645_channel_0,True,False,08,Feb,2023,1645,0,3003.375,0.8342708333333333,8.400000000000169
2023_analysed,Exp_08_Feb_2023_1645_channel_1,True,False,08,Feb,2023,1645,1,3003.375,0.8342708333333333,0.40000000000009095
2023_analysed,Exp_08_Feb_2023_1745_channel_0,True,False,08,Feb,2023,1745,0,3003.6041666666665,0.8343344907407407,3.5999999999989996
2023_analysed,Exp_08_Feb_2023_1745_channel_1,True,False,08,Feb,2023,1745,1,3003.6041666666665,0.8343344907407407,0.3999999999996362
2023_analysed,Exp_08_Jul_2023_0745_channel_0,True,False,08,Jul,2023,0745,0,3003.59375,0.8343315972222223,4.799999999999983
2023_analysed,Exp_08_Jul_2023_0745_channel_1,True,False,08,Jul,2023,0745,1,3003.59375,0.8343315972222223,4.399999999999864
2023_analysed,Exp_08_Jul_2023_0845_channel_0,True,False,08,Jul,2023,0845,0,3003.6354166666665,0.8343431712962962,53.20000000000024
2023_analysed,Exp_08_Jul_2023_0845_channel_1,True,False,08,Jul,2023,0845,1,3003.6354166666665,0.8343431712962962,75.60000000000002
2023_analysed,Exp_08_Jul_2023_0945_channel_0,True,False,08,Jul,2023,0945,0,3003.625,0.8343402777777778,53.99999999999896
2023_analysed,Exp_08_Jul_2023_0945_channel_1,True,False,08,Jul,2023,0945,1,3003.625,0.8343402777777778,115.19999999999963
2023_analysed,Exp_08_Jul_2023_1045_channel_0,True,False,08,Jul,2023,1045,0,3003.7291666666665,0.834369212962963,77.59999999999857
2023_analysed,Exp_08_Jul_2023_1045_channel_1,True,False,08,Jul,2023,1045,1,3003.7291666666665,0.834369212962963,38.79999999999896
2023_analysed,Exp_08_Jul_2023_1145_channel_0,True,False,08,Jul,2023,1145,0,3003.59375,0.8343315972222223,103.59999999999656
2023_analysed,Exp_08_Jul_2023_1145_channel_1,True,False,08,Jul,2023,1145,1,3003.59375,0.8343315972222223,284.79999999999296
2023_analysed,Exp_08_Jul_2023_1245_channel_0,True,False,08,Jul,2023,1245,0,3003.9479166666665,0.8344299768518518,125.99999999999899
2023_analysed,Exp_08_Jul_2023_1245_channel_1,True,False,08,Jul,2023,1245,1,3003.9479166666665,0.8344299768518518,73.59999999999789
2023_analysed,Exp_08_Jul_2023_1345_channel_0,True,False,08,Jul,2023,1345,0,3003.5729166666665,0.8343258101851851,102.79999999999855
2023_analysed,Exp_08_Jul_2023_1345_channel_1,True,False,08,Jul,2023,1345,1,3003.5729166666665,0.8343258101851851,102.80000000000071
2023_analysed,Exp_08_Jul_2023_1445_channel_0,True,False,08,Jul,2023,1445,0,3003.8541666666665,0.8344039351851852,112.7999999999993
2023_analysed,Exp_08_Jul_2023_1445_channel_1,True,False,08,Jul,2023,1445,1,3003.8541666666665,0.8344039351851852,50.80000000000064
2023_analysed,Exp_08_Jul_2023_1545_channel_0,True,False,08,Jul,2023,1545,0,3003.7291666666665,0.834369212962963,127.19999999999683
2023_analysed,Exp_08_Jul_2023_1545_channel_1,True,False,08,Jul,2023,1545,1,3003.7291666666665,0.834369212962963,379.1999999999956
2023_analysed,Exp_08_Jul_2023_1645_channel_0,True,False,08,Jul,2023,1645,0,3003.7395833333335,0.8343721064814815,94.39999999999995
2023_analysed,Exp_08_Jul_2023_1645_channel_1,True,False,08,Jul,2023,1645,1,3003.7395833333335,0.8343721064814815,123.59999999999901
2023_analysed,Exp_08_Jul_2023_1745_channel_0,True,False,08,Jul,2023,1745,0,3003.46875,0.834296875,46.39999999999881
2023_analysed,Exp_08_Jul_2023_1745_channel_1,True,False,08,Jul,2023,1745,1,3003.46875,0.834296875,15.600000000000094
2023_analysed,Exp_08_Jun_2023_0745_channel_0,True,False,08,Jun,2023,0745,0,3003.3333333333335,0.8342592592592593,3.1999999999995907
2023_analysed,Exp_08_Jun_2023_0745_channel_1,True,False,08,Jun,2023,0745,1,3003.3333333333335,0.8342592592592593,0.0
2023_analysed,Exp_08_Jun_2023_0745_channel_2,True,False,08,Jun,2023,0745,2,3003.3333333333335,0.8342592592592593,0.0
2023_analysed,Exp_08_Jun_2023_0845_channel_0,True,False,08,Jun,2023,0845,0,3003.375,0.8342708333333333,6.7999999999996135
2023_analysed,Exp_08_Jun_2023_0845_channel_1,True,False,08,Jun,2023,0845,1,3003.375,0.8342708333333333,11.599999999999653
2023_analysed,Exp_08_Jun_2023_0845_channel_2,True,False,08,Jun,2023,0845,2,3003.375,0.8342708333333333,0.0
2023_analysed,Exp_08_Jun_2023_0945_channel_0,True,False,08,Jun,2023,0945,0,3003.53125,0.8343142361111111,51.19999999999992
2023_analysed,Exp_08_Jun_2023_0945_channel_1,True,False,08,Jun,2023,0945,1,3003.53125,0.8343142361111111,120.40000000000174
2023_analysed,Exp_08_Jun_2023_0945_channel_2,True,False,08,Jun,2023,0945,2,3003.53125,0.8343142361111111,0.0
2023_analysed,Exp_08_Jun_2023_1045_channel_0,True,False,08,Jun,2023,1045,0,3003.40625,0.8342795138888889,23.999999999999773
2023_analysed,Exp_08_Jun_2023_1045_channel_1,True,False,08,Jun,2023,1045,1,3003.40625,0.8342795138888889,21.599999999999
2023_analysed,Exp_08_Jun_2023_1045_channel_2,True,False,08,Jun,2023,1045,2,3003.40625,0.8342795138888889,0.0
2023_analysed,Exp_08_Jun_2023_1145_channel_0,True,False,08,Jun,2023,1145,0,3003.6041666666665,0.8343344907407407,67.99999999999952
2023_analysed,Exp_08_Jun_2023_1145_channel_1,True,False,08,Jun,2023,1145,1,3003.6041666666665,0.8343344907407407,137.5999999999987
2023_analysed,Exp_08_Jun_2023_1145_channel_2,True,False,08,Jun,2023,1145,2,3003.6041666666665,0.8343344907407407,0.0
2023_analysed,Exp_08_Jun_2023_1245_channel_0,True,False,08,Jun,2023,1245,0,3003.4895833333335,0.8343026620370371,57.60000000000078
2023_analysed,Exp_08_Jun_2023_1245_channel_1,True,False,08,Jun,2023,1245,1,3003.4895833333335,0.8343026620370371,53.99999999999974
2023_analysed,Exp_08_Jun_2023_1245_channel_2,True,False,08,Jun,2023,1245,2,3003.4895833333335,0.8343026620370371,0.0
2023_analysed,Exp_08_Jun_2023_1345_channel_0,True,False,08,Jun,2023,1345,0,3003.5416666666665,0.8343171296296296,45.99999999999989
2023_analysed,Exp_08_Jun_2023_1345_channel_1,True,False,08,Jun,2023,1345,1,3003.5416666666665,0.8343171296296296,145.1999999999995
2023_analysed,Exp_08_Jun_2023_1345_channel_2,True,False,08,Jun,2023,1345,2,3003.5416666666665,0.8343171296296296,0.0
2023_analysed,Exp_08_Jun_2023_1445_channel_0,True,False,08,Jun,2023,1445,0,3003.4583333333335,0.8342939814814815,38.3999999999997
2023_analysed,Exp_08_Jun_2023_1445_channel_1,True,False,08,Jun,2023,1445,1,3003.4583333333335,0.8342939814814815,58.00000000000001
2023_analysed,Exp_08_Jun_2023_1445_channel_2,True,False,08,Jun,2023,1445,2,3003.4583333333335,0.8342939814814815,0.0
2023_analysed,Exp_08_Jun_2023_1545_channel_0,True,False,08,Jun,2023,1545,0,3003.53125,0.8343142361111111,124.39999999999759
2023_analysed,Exp_08_Jun_2023_1545_channel_1,True,False,08,Jun,2023,1545,1,3003.53125,0.8343142361111111,171.1999999999989
2023_analysed,Exp_08_Jun_2023_1545_channel_2,True,False,08,Jun,2023,1545,2,3003.53125,0.8343142361111111,0.0
2023_analysed,Exp_08_Jun_2023_1645_channel_0,True,False,08,Jun,2023,1645,0,3003.3854166666665,0.8342737268518519,10.400000000000624
2023_analysed,Exp_08_Jun_2023_1645_channel_1,True,False,08,Jun,2023,1645,1,3003.3854166666665,0.8342737268518519,7.599999999999113
2023_analysed,Exp_08_Jun_2023_1645_channel_2,True,False,08,Jun,2023,1645,2,3003.3854166666665,0.8342737268518519,0.0
2023_analysed,Exp_08_Jun_2023_1745_channel_0,True,False,08,Jun,2023,1745,0,3003.4791666666665,0.8342997685185185,4.799999999999699
2023_analysed,Exp_08_Jun_2023_1745_channel_1,True,False,08,Jun,2023,1745,1,3003.4791666666665,0.8342997685185185,3.2000000000005002
2023_analysed,Exp_08_Jun_2023_1745_channel_2,True,False,08,Jun,2023,1745,2,3003.4791666666665,0.8342997685185185,0.0
2023_analysed,Exp_08_Mar_2023_0745_channel_0,True,False,08,Mar,2023,0745,0,3003.6770833333335,0.8343547453703705,0.40000000000009095
2023_analysed,Exp_08_Mar_2023_0745_channel_1,True,False,08,Mar,2023,0745,1,3003.6770833333335,0.8343547453703705,1.2000000000001592
2023_analysed,Exp_08_Mar_2023_0745_channel_2,True,False,08,Mar,2023,0745,2,3003.6770833333335,0.8343547453703705,17.999999999999496
2023_analysed,Exp_08_Mar_2023_0845_channel_0,True,False,08,Mar,2023,0845,0,3003.3854166666665,0.8342737268518519,6.800000000000409
2023_analysed,Exp_08_Mar_2023_0845_channel_1,True,False,08,Mar,2023,0845,1,3003.3854166666665,0.8342737268518519,3.6000000000004357
2023_analysed,Exp_08_Mar_2023_0845_channel_2,True,False,08,Mar,2023,0845,2,3003.3854166666665,0.8342737268518519,35.200000000001154
2023_analysed,Exp_08_Mar_2023_0945_channel_0,True,False,08,Mar,2023,0945,0,3003.4166666666665,0.8342824074074073,13.999999999999384
2023_analysed,Exp_08_Mar_2023_0945_channel_1,True,False,08,Mar,2023,0945,1,3003.4166666666665,0.8342824074074073,46.399999999999835
2023_analysed,Exp_08_Mar_2023_0945_channel_2,True,False,08,Mar,2023,0945,2,3003.4166666666665,0.8342824074074073,31.199999999998063
2023_analysed,Exp_08_Mar_2023_1045_channel_0,True,False,08,Mar,2023,1045,0,3003.4583333333335,0.8342939814814815,11.200000000001125
2023_analysed,Exp_08_Mar_2023_1045_channel_1,True,False,08,Mar,2023,1045,1,3003.4583333333335,0.8342939814814815,41.200000000000756
2023_analysed,Exp_08_Mar_2023_1045_channel_2,True,False,08,Mar,2023,1045,2,3003.4583333333335,0.8342939814814815,31.199999999998177
2023_analysed,Exp_08_Mar_2023_1145_channel_0,True,False,08,Mar,2023,1145,0,3003.4479166666665,0.8342910879629629,58.80000000000025
2023_analysed,Exp_08_Mar_2023_1145_channel_1,True,False,08,Mar,2023,1145,1,3003.4479166666665,0.8342910879629629,124.79999999999974
2023_analysed,Exp_08_Mar_2023_1145_channel_2,True,False,08,Mar,2023,1145,2,3003.4479166666665,0.8342910879629629,37.600000000000705
2023_analysed,Exp_08_Mar_2023_1245_channel_0,True,False,08,Mar,2023,1245,0,3003.4791666666665,0.8342997685185185,69.60000000000004
2023_analysed,Exp_08_Mar_2023_1245_channel_1,True,False,08,Mar,2023,1245,1,3003.4791666666665,0.8342997685185185,51.60000000000102
2023_analysed,Exp_08_Mar_2023_1245_channel_2,True,False,08,Mar,2023,1245,2,3003.4791666666665,0.8342997685185185,39.59999999999999
2023_analysed,Exp_08_Mar_2023_1345_channel_0,True,False,08,Mar,2023,1345,0,3003.65625,0.8343489583333333,15.200000000000305
2023_analysed,Exp_08_Mar_2023_1345_channel_1,True,False,08,Mar,2023,1345,1,3003.65625,0.8343489583333333,79.20000000000086
2023_analysed,Exp_08_Mar_2023_1345_channel_2,True,False,08,Mar,2023,1345,2,3003.65625,0.8343489583333333,31.200000000001538
2023_analysed,Exp_08_Mar_2023_1445_channel_0,True,False,08,Mar,2023,1445,0,3004.40625,0.8345572916666667,101.20000000000222
2023_analysed,Exp_08_Mar_2023_1445_channel_1,True,False,08,Mar,2023,1445,1,3004.40625,0.8345572916666667,75.60000000000295
2023_analysed,Exp_08_Mar_2023_1445_channel_2,True,False,08,Mar,2023,1445,2,3004.40625,0.8345572916666667,43.199999999998894
2023_analysed,Exp_08_Mar_2023_1545_channel_0,True,False,08,Mar,2023,1545,0,3003.6354166666665,0.8343431712962962,15.599999999999376
2023_analysed,Exp_08_Mar_2023_1545_channel_1,True,False,08,Mar,2023,1545,1,3003.6354166666665,0.8343431712962962,200.00000000000085
2023_analysed,Exp_08_Mar_2023_1545_channel_2,True,False,08,Mar,2023,1545,2,3003.6354166666665,0.8343431712962962,39.19999999999868
2023_analysed,Exp_08_Mar_2023_1645_channel_0,True,False,08,Mar,2023,1645,0,3003.3020833333335,0.8342505787037038,5.200000000000273
2023_analysed,Exp_08_Mar_2023_1645_channel_1,True,False,08,Mar,2023,1645,1,3003.3020833333335,0.8342505787037038,6.800000000000637
2023_analysed,Exp_08_Mar_2023_1645_channel_2,True,False,08,Mar,2023,1645,2,3003.3020833333335,0.8342505787037038,29.60000000000001
2023_analysed,Exp_08_Mar_2023_1745_channel_0,True,False,08,Mar,2023,1745,0,3003.40625,0.8342795138888889,2.799999999999887
2023_analysed,Exp_08_Mar_2023_1745_channel_1,True,False,08,Mar,2023,1745,1,3003.40625,0.8342795138888889,0.7999999999997272
2023_analysed,Exp_08_Mar_2023_1745_channel_2,True,False,08,Mar,2023,1745,2,3003.40625,0.8342795138888889,34.40000000000087
2023_analysed,Exp_08_May_2023_0745_channel_0,True,False,08,May,2023,0745,0,3003.75,0.834375,11.999999999999481
2023_analysed,Exp_08_May_2023_0745_channel_1,True,False,08,May,2023,0745,1,3003.75,0.834375,8.399999999999665
2023_analysed,Exp_08_May_2023_0745_channel_2,True,False,08,May,2023,0745,2,3003.75,0.834375,10.000000000000199
2023_analysed,Exp_08_May_2023_0845_channel_0,True,False,08,May,2023,0845,0,3003.6041666666665,0.8343344907407407,28.39999999999985
2023_analysed,Exp_08_May_2023_0845_channel_1,True,False,08,May,2023,0845,1,3003.6041666666665,0.8343344907407407,46.79999999999899
2023_analysed,Exp_08_May_2023_0845_channel_2,True,False,08,May,2023,0845,2,3003.6041666666665,0.8343344907407407,0.0
2023_analysed,Exp_08_May_2023_0945_channel_0,True,False,08,May,2023,0945,0,3003.8125,0.8343923611111111,53.60000000000204
2023_analysed,Exp_08_May_2023_0945_channel_1,True,False,08,May,2023,0945,1,3003.8125,0.8343923611111111,154.00000000000082
2023_analysed,Exp_08_May_2023_0945_channel_2,True,False,08,May,2023,0945,2,3003.8125,0.8343923611111111,0.0
2023_analysed,Exp_08_May_2023_1045_channel_0,True,False,08,May,2023,1045,0,3003.4895833333335,0.8343026620370371,39.99999999999862
2023_analysed,Exp_08_May_2023_1045_channel_1,True,False,08,May,2023,1045,1,3003.4895833333335,0.8343026620370371,73.20000000000091
2023_analysed,Exp_08_May_2023_1045_channel_2,True,False,08,May,2023,1045,2,3003.4895833333335,0.8343026620370371,0.0
2023_analysed,Exp_08_May_2023_1145_channel_0,True,False,08,May,2023,1145,0,3003.625,0.8343402777777778,47.9999999999985
2023_analysed,Exp_08_May_2023_1145_channel_1,True,False,08,May,2023,1145,1,3003.625,0.8343402777777778,149.5999999999999
2023_analysed,Exp_08_May_2023_1145_channel_2,True,False,08,May,2023,1145,2,3003.625,0.8343402777777778,0.0
2023_analysed,Exp_08_May_2023_1245_channel_0,True,False,08,May,2023,1245,0,3003.4479166666665,0.8342910879629629,36.40000000000053
2023_analysed,Exp_08_May_2023_1245_channel_1,True,False,08,May,2023,1245,1,3003.4479166666665,0.8342910879629629,82.00000000000053
2023_analysed,Exp_08_May_2023_1245_channel_2,True,False,08,May,2023,1245,2,3003.4479166666665,0.8342910879629629,0.0
2023_analysed,Exp_08_May_2023_1345_channel_0,True,False,08,May,2023,1345,0,3003.6145833333335,0.8343373842592593,45.599999999998744
2023_analysed,Exp_08_May_2023_1345_channel_1,True,False,08,May,2023,1345,1,3003.6145833333335,0.8343373842592593,98.000000000001
2023_analysed,Exp_08_May_2023_1345_channel_2,True,False,08,May,2023,1345,2,3003.6145833333335,0.8343373842592593,0.0
2023_analysed,Exp_08_May_2023_1445_channel_0,True,False,08,May,2023,1445,0,3003.4375,0.8342881944444445,43.59999999999772
2023_analysed,Exp_08_May_2023_1445_channel_1,True,False,08,May,2023,1445,1,3003.4375,0.8342881944444445,23.19999999999912
2023_analysed,Exp_08_May_2023_1445_channel_2,True,False,08,May,2023,1445,2,3003.4375,0.8342881944444445,1.9999999999998295
2023_analysed,Exp_08_May_2023_1545_channel_0,True,False,08,May,2023,1545,0,3003.5416666666665,0.8343171296296296,47.600000000000456
2023_analysed,Exp_08_May_2023_1545_channel_1,True,False,08,May,2023,1545,1,3003.5416666666665,0.8343171296296296,162.40000000000066
2023_analysed,Exp_08_May_2023_1545_channel_2,True,False,08,May,2023,1545,2,3003.5416666666665,0.8343171296296296,0.4000000000000057
2023_analysed,Exp_08_May_2023_1645_channel_0,True,False,08,May,2023,1645,0,3003.5208333333335,0.8343113425925927,41.20000000000084
2023_analysed,Exp_08_May_2023_1645_channel_1,True,False,08,May,2023,1645,1,3003.5208333333335,0.8343113425925927,19.199999999999918
2023_analysed,Exp_08_May_2023_1645_channel_2,True,False,08,May,2023,1645,2,3003.5208333333335,0.8343113425925927,0.0
2023_analysed,Exp_08_May_2023_1745_channel_0,True,False,08,May,2023,1745,0,3003.6145833333335,0.8343373842592593,28.400000000001285
2023_analysed,Exp_08_May_2023_1745_channel_1,True,False,08,May,2023,1745,1,3003.6145833333335,0.8343373842592593,8.400000000000773
2023_analysed,Exp_08_May_2023_1745_channel_2,True,False,08,May,2023,1745,2,3003.6145833333335,0.8343373842592593,0.0
2023_analysed,Exp_08_Oct_2023_1145_channel_1,True,False,08,Oct,2023,1145,1,3008.1875,0.8356076388888889,6.39999999999992
2023_analysed,Exp_08_Oct_2023_1345_channel_1,True,False,08,Oct,2023,1345,1,3009.5208333333335,0.8359780092592592,51.59999999999874
2023_analysed,Exp_08_Oct_2023_1745_channel_1,True,False,08,Oct,2023,1745,1,3008.53125,0.835703125,0.39999999999997726
2023_analysed,Exp_08_Sep_2023_0945_channel_1,True,False,08,Sep,2023,0945,1,3008.4166666666665,0.8356712962962962,85.99999999999898
2023_analysed,Exp_08_Sep_2023_1045_channel_1,True,False,08,Sep,2023,1045,1,3009.0208333333335,0.8358391203703704,10.399999999999835
2023_analysed,Exp_08_Sep_2023_1145_channel_0,True,False,08,Sep,2023,1145,0,3005.8541666666665,0.8349594907407407,0.0
2023_analysed,Exp_09_Dec_2023_1245_channel_1,True,False,09,Dec,2023,1245,1,3007.7708333333335,0.8354918981481482,18.80000000000281
2023_analysed,Exp_09_Feb_2023_0745_channel_0,True,False,09,Feb,2023,0745,0,3003.6458333333335,0.8343460648148149,0.4000000000000341
2023_analysed,Exp_09_Feb_2023_0745_channel_1,True,False,09,Feb,2023,0745,1,3003.6458333333335,0.8343460648148149,0.8000000000001819
2023_analysed,Exp_09_Feb_2023_0845_channel_0,True,False,09,Feb,2023,0845,0,3003.6666666666665,0.8343518518518518,0.0
2023_analysed,Exp_09_Feb_2023_0845_channel_1,True,False,09,Feb,2023,0845,1,3003.6666666666665,0.8343518518518518,0.0
2023_analysed,Exp_09_Feb_2023_0945_channel_0,True,False,09,Feb,2023,0945,0,3003.6666666666665,0.8343518518518518,108.39999999999918
2023_analysed,Exp_09_Feb_2023_0945_channel_1,True,False,09,Feb,2023,0945,1,3003.6666666666665,0.8343518518518518,0.0
2023_analysed,Exp_09_Feb_2023_1045_channel_0,True,False,09,Feb,2023,1045,0,3003.4895833333335,0.8343026620370371,416.80000000000166
2023_analysed,Exp_09_Feb_2023_1045_channel_1,True,False,09,Feb,2023,1045,1,3003.4895833333335,0.8343026620370371,22.800000000000182
2023_analysed,Exp_09_Feb_2023_1145_channel_0,True,False,09,Feb,2023,1145,0,3003.5833333333335,0.8343287037037037,194.79999999999927
2023_analysed,Exp_09_Feb_2023_1145_channel_1,True,False,09,Feb,2023,1145,1,3003.5833333333335,0.8343287037037037,10.000000000000192
2023_analysed,Exp_09_Feb_2023_1245_channel_0,True,False,09,Feb,2023,1245,0,3003.4166666666665,0.8342824074074073,7.200000000000102
2023_analysed,Exp_09_Feb_2023_1245_channel_1,True,False,09,Feb,2023,1245,1,3003.4166666666665,0.8342824074074073,0.8000000000000682
2023_analysed,Exp_09_Feb_2023_1345_channel_0,True,False,09,Feb,2023,1345,0,3003.6875,0.8343576388888889,78.39999999999955
2023_analysed,Exp_09_Feb_2023_1345_channel_1,True,False,09,Feb,2023,1345,1,3003.6875,0.8343576388888889,0.4000000000000341
2023_analysed,Exp_09_Feb_2023_1445_channel_0,True,False,09,Feb,2023,1445,0,3003.40625,0.8342795138888889,58.80000000000059
2023_analysed,Exp_09_Feb_2023_1445_channel_1,True,False,09,Feb,2023,1445,1,3003.40625,0.8342795138888889,8.800000000001091
2023_analysed,Exp_09_Feb_2023_1545_channel_0,True,False,09,Feb,2023,1545,0,3003.59375,0.8343315972222223,252.00000000000256
2023_analysed,Exp_09_Feb_2023_1545_channel_1,True,False,09,Feb,2023,1545,1,3003.59375,0.8343315972222223,6.000000000000213
2023_analysed,Exp_09_Feb_2023_1645_channel_0,True,False,09,Feb,2023,1645,0,3003.4791666666665,0.8342997685185185,2.0000000000002984
2023_analysed,Exp_09_Feb_2023_1645_channel_1,True,False,09,Feb,2023,1645,1,3003.4791666666665,0.8342997685185185,0.0
2023_analysed,Exp_09_Feb_2023_1745_channel_0,True,False,09,Feb,2023,1745,0,3003.5416666666665,0.8343171296296296,2.8000000000002103
2023_analysed,Exp_09_Feb_2023_1745_channel_1,True,False,09,Feb,2023,1745,1,3003.5416666666665,0.8343171296296296,0.0
2023_analysed,Exp_09_Jul_2023_0745_channel_0,True,False,09,Jul,2023,0745,0,3003.625,0.8343402777777778,8.400000000000489
2023_analysed,Exp_09_Jul_2023_0745_channel_1,True,False,09,Jul,2023,0745,1,3003.625,0.8343402777777778,5.9999999999999645
2023_analysed,Exp_09_Jul_2023_0845_channel_0,True,False,09,Jul,2023,0845,0,3003.8229166666665,0.8343952546296296,12.399999999999409
2023_analysed,Exp_09_Jul_2023_0845_channel_1,True,False,09,Jul,2023,0845,1,3003.8229166666665,0.8343952546296296,17.19999999999837
2023_analysed,Exp_09_Jul_2023_0945_channel_0,True,False,09,Jul,2023,0945,0,3003.4583333333335,0.8342939814814815,37.199999999998774
2023_analysed,Exp_09_Jul_2023_0945_channel_1,True,False,09,Jul,2023,0945,1,3003.4583333333335,0.8342939814814815,77.5999999999994
2023_analysed,Exp_09_Jul_2023_1045_channel_0,True,False,09,Jul,2023,1045,0,3003.90625,0.8344184027777778,71.59999999999933
2023_analysed,Exp_09_Jul_2023_1045_channel_1,True,False,09,Jul,2023,1045,1,3003.90625,0.8344184027777778,43.60000000000265
2023_analysed,Exp_09_Jul_2023_1145_channel_0,True,False,09,Jul,2023,1145,0,3004.3958333333335,0.8345543981481481,79.59999999999982
2023_analysed,Exp_09_Jul_2023_1145_channel_1,True,False,09,Jul,2023,1145,1,3004.3958333333335,0.8345543981481481,91.60000000000008
2023_analysed,Exp_09_Jul_2023_1245_channel_0,True,False,09,Jul,2023,1245,0,3003.9375,0.8344270833333334,82.00000000000111
2023_analysed,Exp_09_Jul_2023_1245_channel_1,True,False,09,Jul,2023,1245,1,3003.9375,0.8344270833333334,27.999999999999567
2023_analysed,Exp_09_Jul_2023_1345_channel_0,True,False,09,Jul,2023,1345,0,3003.9583333333335,0.8344328703703704,166.4000000000014
2023_analysed,Exp_09_Jul_2023_1345_channel_1,True,False,09,Jul,2023,1345,1,3003.9583333333335,0.8344328703703704,160.00000000000168
2023_analysed,Exp_09_Jul_2023_1445_channel_0,True,False,09,Jul,2023,1445,0,3003.40625,0.8342795138888889,61.99999999999991
2023_analysed,Exp_09_Jul_2023_1445_channel_1,True,False,09,Jul,2023,1445,1,3003.40625,0.8342795138888889,12.800000000000459
2023_analysed,Exp_09_Jul_2023_1545_channel_0,True,False,09,Jul,2023,1545,0,3003.78125,0.8343836805555556,141.20000000000255
2023_analysed,Exp_09_Jul_2023_1545_channel_1,True,False,09,Jul,2023,1545,1,3003.78125,0.8343836805555556,346.4000000000009
2023_analysed,Exp_09_Jul_2023_1645_channel_0,True,False,09,Jul,2023,1645,0,3004.25,0.8345138888888889,55.99999999999959
2023_analysed,Exp_09_Jul_2023_1645_channel_1,True,False,09,Jul,2023,1645,1,3004.25,0.8345138888888889,94.40000000000028
2023_analysed,Exp_09_Jul_2023_1745_channel_0,True,False,09,Jul,2023,1745,0,3003.375,0.8342708333333333,48.40000000000068
2023_analysed,Exp_09_Jul_2023_1745_channel_1,True,False,09,Jul,2023,1745,1,3003.375,0.8342708333333333,11.599999999999852
2023_analysed,Exp_09_Jun_2023_0745_channel_0,True,False,09,Jun,2023,0745,0,3003.46875,0.834296875,1.2000000000001876
2023_analysed,Exp_09_Jun_2023_0745_channel_1,True,False,09,Jun,2023,0745,1,3003.46875,0.834296875,0.0
2023_analysed,Exp_09_Jun_2023_0745_channel_2,True,False,09,Jun,2023,0745,2,3003.46875,0.834296875,0.3999999999999999
2023_analysed,Exp_09_Jun_2023_0845_channel_0,True,False,09,Jun,2023,0845,0,3003.7604166666665,0.8343778935185184,21.200000000000273
2023_analysed,Exp_09_Jun_2023_0845_channel_1,True,False,09,Jun,2023,0845,1,3003.7604166666665,0.8343778935185184,0.8000000000001819
2023_analysed,Exp_09_Jun_2023_0845_channel_2,True,False,09,Jun,2023,0845,2,3003.7604166666665,0.8343778935185184,0.40000000000009095
2023_analysed,Exp_09_Jun_2023_0945_channel_0,True,False,09,Jun,2023,0945,0,3003.3958333333335,0.8342766203703704,466.4000000000028
2023_analysed,Exp_09_Jun_2023_0945_channel_1,True,False,09,Jun,2023,0945,1,3003.3958333333335,0.8342766203703704,438.80000000000473
2023_analysed,Exp_09_Jun_2023_0945_channel_2,True,False,09,Jun,2023,0945,2,3003.3958333333335,0.8342766203703704,0.0
2023_analysed,Exp_09_Jun_2023_1045_channel_0,True,False,09,Jun,2023,1045,0,3003.6354166666665,0.8343431712962962,401.5999999999982
2023_analysed,Exp_09_Jun_2023_1045_channel_1,True,False,09,Jun,2023,1045,1,3003.6354166666665,0.8343431712962962,373.59999999999854
2023_analysed,Exp_09_Jun_2023_1045_channel_2,True,False,09,Jun,2023,1045,2,3003.6354166666665,0.8343431712962962,0.39999999999997726
2023_analysed,Exp_09_Jun_2023_1145_channel_0,True,False,09,Jun,2023,1145,0,3003.4791666666665,0.8342997685185185,97.59999999999853
2023_analysed,Exp_09_Jun_2023_1145_channel_1,True,False,09,Jun,2023,1145,1,3003.4791666666665,0.8342997685185185,152.80000000000013
2023_analysed,Exp_09_Jun_2023_1145_channel_2,True,False,09,Jun,2023,1145,2,3003.4791666666665,0.8342997685185185,0.0
2023_analysed,Exp_09_Jun_2023_1245_channel_0,True,False,09,Jun,2023,1245,0,3003.5416666666665,0.8343171296296296,9.599999999999312
2023_analysed,Exp_09_Jun_2023_1245_channel_1,True,False,09,Jun,2023,1245,1,3003.5416666666665,0.8343171296296296,26.400000000001505
2023_analysed,Exp_09_Jun_2023_1245_channel_2,True,False,09,Jun,2023,1245,2,3003.5416666666665,0.8343171296296296,0.0
2023_analysed,Exp_09_Jun_2023_1345_channel_0,True,False,09,Jun,2023,1345,0,3003.6041666666665,0.8343344907407407,61.6000000000016
2023_analysed,Exp_09_Jun_2023_1345_channel_1,True,False,09,Jun,2023,1345,1,3003.6041666666665,0.8343344907407407,151.99999999999955
2023_analysed,Exp_09_Jun_2023_1345_channel_2,True,False,09,Jun,2023,1345,2,3003.6041666666665,0.8343344907407407,0.0
2023_analysed,Exp_09_Jun_2023_1445_channel_0,True,False,09,Jun,2023,1445,0,3003.3541666666665,0.8342650462962963,20.00000000000025
2023_analysed,Exp_09_Jun_2023_1445_channel_1,True,False,09,Jun,2023,1445,1,3003.3541666666665,0.8342650462962963,45.19999999999965
2023_analysed,Exp_09_Jun_2023_1445_channel_2,True,False,09,Jun,2023,1445,2,3003.3541666666665,0.8342650462962963,0.0
2023_analysed,Exp_09_Jun_2023_1545_channel_0,True,False,09,Jun,2023,1545,0,3003.5625,0.8343229166666667,43.599999999999824
2023_analysed,Exp_09_Jun_2023_1545_channel_1,True,False,09,Jun,2023,1545,1,3003.5625,0.8343229166666667,121.99999999999977
2023_analysed,Exp_09_Jun_2023_1545_channel_2,True,False,09,Jun,2023,1545,2,3003.5625,0.8343229166666667,0.0
2023_analysed,Exp_09_Jun_2023_1645_channel_0,True,False,09,Jun,2023,1645,0,3003.5104166666665,0.834308449074074,32.000000000000824
2023_analysed,Exp_09_Jun_2023_1645_channel_1,True,False,09,Jun,2023,1645,1,3003.5104166666665,0.834308449074074,10.399999999999892
2023_analysed,Exp_09_Jun_2023_1645_channel_2,True,False,09,Jun,2023,1645,2,3003.5104166666665,0.834308449074074,0.0
2023_analysed,Exp_09_Jun_2023_1745_channel_0,True,False,09,Jun,2023,1745,0,3003.5104166666665,0.834308449074074,28.400000000001555
2023_analysed,Exp_09_Jun_2023_1745_channel_1,True,False,09,Jun,2023,1745,1,3003.5104166666665,0.834308449074074,0.0
2023_analysed,Exp_09_Jun_2023_1745_channel_2,True,False,09,Jun,2023,1745,2,3003.5104166666665,0.834308449074074,0.0
2023_analysed,Exp_09_Mar_2023_0745_channel_0,True,False,09,Mar,2023,0745,0,3003.03125,0.8341753472222222,2.3999999999997783
2023_analysed,Exp_09_Mar_2023_0745_channel_1,True,False,09,Mar,2023,0745,1,3003.03125,0.8341753472222222,0.7999999999999545
2023_analysed,Exp_09_Mar_2023_0745_channel_2,True,False,09,Mar,2023,0745,2,3003.03125,0.8341753472222222,85.59999999999856
2023_analysed,Exp_09_Mar_2023_0845_channel_0,True,False,09,Mar,2023,0845,0,3003.5729166666665,0.8343258101851851,2.800000000000125
2023_analysed,Exp_09_Mar_2023_0845_channel_1,True,False,09,Mar,2023,0845,1,3003.5729166666665,0.8343258101851851,3.2000000000001876
2023_analysed,Exp_09_Mar_2023_0845_channel_2,True,False,09,Mar,2023,0845,2,3003.5729166666665,0.8343258101851851,335.60000000000036
2023_analysed,Exp_09_Mar_2023_0945_channel_0,True,False,09,Mar,2023,0945,0,3003.3229166666665,0.8342563657407407,10.400000000000095
2023_analysed,Exp_09_Mar_2023_0945_channel_1,True,False,09,Mar,2023,0945,1,3003.3229166666665,0.8342563657407407,84.40000000000042
2023_analysed,Exp_09_Mar_2023_0945_channel_2,True,False,09,Mar,2023,0945,2,3003.3229166666665,0.8342563657407407,149.59999999999968
2023_analysed,Exp_09_Mar_2023_1045_channel_0,True,False,09,Mar,2023,1045,0,3003.4166666666665,0.8342824074074073,18.400000000000546
2023_analysed,Exp_09_Mar_2023_1045_channel_1,True,False,09,Mar,2023,1045,1,3003.4166666666665,0.8342824074074073,18.40000000000117
2023_analysed,Exp_09_Mar_2023_1045_channel_2,True,False,09,Mar,2023,1045,2,3003.4166666666665,0.8342824074074073,28.00000000000023
2023_analysed,Exp_09_Mar_2023_1145_channel_0,True,False,09,Mar,2023,1145,0,3003.78125,0.8343836805555556,28.80000000000075
2023_analysed,Exp_09_Mar_2023_1145_channel_1,True,False,09,Mar,2023,1145,1,3003.78125,0.8343836805555556,116.79999999999966
2023_analysed,Exp_09_Mar_2023_1145_channel_2,True,False,09,Mar,2023,1145,2,3003.78125,0.8343836805555556,33.99999999999976
2023_analysed,Exp_09_Mar_2023_1245_channel_0,True,False,09,Mar,2023,1245,0,3003.4270833333335,0.834285300925926,76.00000000000011
2023_analysed,Exp_09_Mar_2023_1245_channel_1,True,False,09,Mar,2023,1245,1,3003.4270833333335,0.834285300925926,6.400000000000794
2023_analysed,Exp_09_Mar_2023_1245_channel_2,True,False,09,Mar,2023,1245,2,3003.4270833333335,0.834285300925926,40.40000000000019
2023_analysed,Exp_09_Mar_2023_1345_channel_0,True,False,09,Mar,2023,1345,0,445.6979166666667,0.12380497685185186,16.399999999999885
2023_analysed,Exp_09_Mar_2023_1345_channel_1,True,False,09,Mar,2023,1345,1,445.6979166666667,0.12380497685185186,53.20000000000006
2023_analysed,Exp_09_Mar_2023_1345_channel_2,True,False,09,Mar,2023,1345,2,445.6979166666667,0.12380497685185186,3.199999999999946
2023_analysed,Exp_09_Mar_2023_1445_channel_0,True,False,09,Mar,2023,1445,0,3003.3645833333335,0.8342679398148148,0.3999999999998636
2023_analysed,Exp_09_Mar_2023_1445_channel_1,True,False,09,Mar,2023,1445,1,3003.3645833333335,0.8342679398148148,66.0000000000031
2023_analysed,Exp_09_Mar_2023_1445_channel_2,True,False,09,Mar,2023,1445,2,3003.3645833333335,0.8342679398148148,0.7999999999997272
2023_analysed,Exp_09_Mar_2023_1545_channel_0,True,False,09,Mar,2023,1545,0,3003.34375,0.8342621527777778,0.0
2023_analysed,Exp_09_Mar_2023_1545_channel_1,True,False,09,Mar,2023,1545,1,3003.34375,0.8342621527777778,127.59999999999943
2023_analysed,Exp_09_Mar_2023_1545_channel_2,True,False,09,Mar,2023,1545,2,3003.34375,0.8342621527777778,0.0
2023_analysed,Exp_09_Mar_2023_1645_channel_0,True,False,09,Mar,2023,1645,0,3003.5520833333335,0.8343200231481482,2.4000000000000004
2023_analysed,Exp_09_Mar_2023_1645_channel_1,True,False,09,Mar,2023,1645,1,3003.5520833333335,0.8343200231481482,5.5999999999996675
2023_analysed,Exp_09_Mar_2023_1645_channel_2,True,False,09,Mar,2023,1645,2,3003.5520833333335,0.8343200231481482,0.40000000000009095
2023_analysed,Exp_09_Mar_2023_1745_channel_0,True,False,09,Mar,2023,1745,0,3003.71875,0.8343663194444444,3.200000000000273
2023_analysed,Exp_09_Mar_2023_1745_channel_1,True,False,09,Mar,2023,1745,1,3003.71875,0.8343663194444444,3.1999999999997897
2023_analysed,Exp_09_Mar_2023_1745_channel_2,True,False,09,Mar,2023,1745,2,3003.71875,0.8343663194444444,1.2000000000000455
2023_analysed,Exp_09_May_2023_0745_channel_0,True,False,09,May,2023,0745,0,3003.5,0.8343055555555555,13.599999999999355
2023_analysed,Exp_09_May_2023_0745_channel_1,True,False,09,May,2023,0745,1,3003.5,0.8343055555555555,17.200000000000642
2023_analysed,Exp_09_May_2023_0745_channel_2,True,False,09,May,2023,0745,2,3003.5,0.8343055555555555,28.000000000000583
2023_analysed,Exp_09_May_2023_0845_channel_0,True,False,09,May,2023,0845,0,3003.4375,0.8342881944444445,15.600000000000591
2023_analysed,Exp_09_May_2023_0845_channel_1,True,False,09,May,2023,0845,1,3003.4375,0.8342881944444445,54.40000000000182
2023_analysed,Exp_09_May_2023_0845_channel_2,True,False,09,May,2023,0845,2,3003.4375,0.8342881944444445,0.7999999999999545
2023_analysed,Exp_09_May_2023_0945_channel_0,True,False,09,May,2023,0945,0,3003.7395833333335,0.8343721064814815,17.99999999999988
2023_analysed,Exp_09_May_2023_0945_channel_1,True,False,09,May,2023,0945,1,3003.7395833333335,0.8343721064814815,46.00000000000035
2023_analysed,Exp_09_May_2023_0945_channel_2,True,False,09,May,2023,0945,2,3003.7395833333335,0.8343721064814815,0.0
2023_analysed,Exp_09_May_2023_1045_channel_0,True,False,09,May,2023,1045,0,3003.4479166666665,0.8342910879629629,27.199999999999847
2023_analysed,Exp_09_May_2023_1045_channel_1,True,False,09,May,2023,1045,1,3003.4479166666665,0.8342910879629629,32.400000000000716
2023_analysed,Exp_09_May_2023_1045_channel_2,True,False,09,May,2023,1045,2,3003.4479166666665,0.8342910879629629,0.0
2023_analysed,Exp_09_May_2023_1145_channel_0,True,False,09,May,2023,1145,0,3003.3854166666665,0.8342737268518519,103.59999999999945
2023_analysed,Exp_09_May_2023_1145_channel_1,True,False,09,May,2023,1145,1,3003.3854166666665,0.8342737268518519,170.7999999999996
2023_analysed,Exp_09_May_2023_1145_channel_2,True,False,09,May,2023,1145,2,3003.3854166666665,0.8342737268518519,0.0
2023_analysed,Exp_09_May_2023_1245_channel_0,True,False,09,May,2023,1245,0,3003.4166666666665,0.8342824074074073,57.99999999999935
2023_analysed,Exp_09_May_2023_1245_channel_1,True,False,09,May,2023,1245,1,3003.4166666666665,0.8342824074074073,49.20000000000009
2023_analysed,Exp_09_May_2023_1245_channel_2,True,False,09,May,2023,1245,2,3003.4166666666665,0.8342824074074073,0.0
2023_analysed,Exp_09_May_2023_1345_channel_0,True,False,09,May,2023,1345,0,3003.8020833333335,0.8343894675925926,31.999999999999396
2023_analysed,Exp_09_May_2023_1345_channel_1,True,False,09,May,2023,1345,1,3003.8020833333335,0.8343894675925926,107.5999999999999
2023_analysed,Exp_09_May_2023_1345_channel_2,True,False,09,May,2023,1345,2,3003.8020833333335,0.8343894675925926,0.0
2023_analysed,Exp_09_May_2023_1445_channel_0,True,False,09,May,2023,1445,0,3003.46875,0.834296875,81.60000000000154
2023_analysed,Exp_09_May_2023_1445_channel_1,True,False,09,May,2023,1445,1,3003.46875,0.834296875,128.40000000000103
2023_analysed,Exp_09_May_2023_1445_channel_2,True,False,09,May,2023,1445,2,3003.46875,0.834296875,0.8000000000001819
2023_analysed,Exp_09_May_2023_1545_channel_0,True,False,09,May,2023,1545,0,3003.4583333333335,0.8342939814814815,47.20000000000036
2023_analysed,Exp_09_May_2023_1545_channel_1,True,False,09,May,2023,1545,1,3003.4583333333335,0.8342939814814815,177.20000000000107
2023_analysed,Exp_09_May_2023_1545_channel_2,True,False,09,May,2023,1545,2,3003.4583333333335,0.8342939814814815,0.0
2023_analysed,Exp_09_May_2023_1645_channel_0,True,False,09,May,2023,1645,0,3003.5520833333335,0.8343200231481482,29.599999999999454
2023_analysed,Exp_09_May_2023_1645_channel_1,True,False,09,May,2023,1645,1,3003.5520833333335,0.8343200231481482,13.199999999999159
2023_analysed,Exp_09_May_2023_1645_channel_2,True,False,09,May,2023,1645,2,3003.5520833333335,0.8343200231481482,0.0
2023_analysed,Exp_09_May_2023_1745_channel_0,True,False,09,May,2023,1745,0,3003.5416666666665,0.8343171296296296,15.600000000000186
2023_analysed,Exp_09_May_2023_1745_channel_1,True,False,09,May,2023,1745,1,3003.5416666666665,0.8343171296296296,10.399999999999295
2023_analysed,Exp_09_May_2023_1745_channel_2,True,False,09,May,2023,1745,2,3003.5416666666665,0.8343171296296296,0.0
2023_analysed,Exp_09_Sep_2023_1045_channel_1,True,False,09,Sep,2023,1045,1,3009.8541666666665,0.8360706018518518,3.600000000000364
2023_analysed,Exp_09_Sep_2023_1245_channel_1,True,False,09,Sep,2023,1245,1,3007.21875,0.8353385416666667,16.000000000000256
2023_analysed,Exp_10_Aug_2023_1045_channel_1,True,False,10,Aug,2023,1045,1,3003.4791666666665,0.8342997685185185,0.4000000000000057
2023_analysed,Exp_10_Feb_2023_0745_channel_0,True,False,10,Feb,2023,0745,0,3003.59375,0.8343315972222223,1.2000000000000455
2023_analysed,Exp_10_Feb_2023_0745_channel_1,True,False,10,Feb,2023,0745,1,3003.59375,0.8343315972222223,0.39999999999997726
2023_analysed,Exp_10_Feb_2023_0845_channel_0,True,False,10,Feb,2023,0845,0,3003.4479166666665,0.8342910879629629,0.40000000000009095
2023_analysed,Exp_10_Feb_2023_0845_channel_1,True,False,10,Feb,2023,0845,1,3003.4479166666665,0.8342910879629629,0.8000000000000682
2023_analysed,Exp_10_Feb_2023_0945_channel_0,True,False,10,Feb,2023,0945,0,3003.5729166666665,0.8343258101851851,131.19999999999925
2023_analysed,Exp_10_Feb_2023_0945_channel_1,True,False,10,Feb,2023,0945,1,3003.5729166666665,0.8343258101851851,9.200000000000273
2023_analysed,Exp_10_Feb_2023_1045_channel_0,True,False,10,Feb,2023,1045,0,3003.5104166666665,0.834308449074074,108.39999999999782
2023_analysed,Exp_10_Feb_2023_1045_channel_1,True,False,10,Feb,2023,1045,1,3003.5104166666665,0.834308449074074,4.000000000000341
2023_analysed,Exp_10_Feb_2023_1145_channel_0,True,False,10,Feb,2023,1145,0,3003.375,0.8342708333333333,146.00000000000068
2023_analysed,Exp_10_Feb_2023_1145_channel_1,True,False,10,Feb,2023,1145,1,3003.375,0.8342708333333333,3.5999999999998877
2023_analysed,Exp_10_Feb_2023_1245_channel_0,True,False,10,Feb,2023,1245,0,3003.4791666666665,0.8342997685185185,13.200000000000614
2023_analysed,Exp_10_Feb_2023_1245_channel_1,True,False,10,Feb,2023,1245,1,3003.4791666666665,0.8342997685185185,1.5999999999994543
2023_analysed,Exp_10_Feb_2023_1345_channel_0,True,False,10,Feb,2023,1345,0,3003.5520833333335,0.8343200231481482,193.99999999999977
2023_analysed,Exp_10_Feb_2023_1345_channel_1,True,False,10,Feb,2023,1345,1,3003.5520833333335,0.8343200231481482,32.8000000000002
2023_analysed,Exp_10_Feb_2023_1445_channel_0,True,False,10,Feb,2023,1445,0,3003.5,0.8343055555555555,206.40000000000117
2023_analysed,Exp_10_Feb_2023_1445_channel_1,True,False,10,Feb,2023,1445,1,3003.5,0.8343055555555555,42.8000000000013
2023_analysed,Exp_10_Feb_2023_1545_channel_0,True,False,10,Feb,2023,1545,0,3003.4583333333335,0.8342939814814815,164.0
2023_analysed,Exp_10_Feb_2023_1545_channel_1,True,False,10,Feb,2023,1545,1,3003.4583333333335,0.8342939814814815,3.59999999999998
2023_analysed,Exp_10_Feb_2023_1645_channel_0,True,False,10,Feb,2023,1645,0,3003.3854166666665,0.8342737268518519,0.8000000000001819
2023_analysed,Exp_10_Feb_2023_1645_channel_1,True,False,10,Feb,2023,1645,1,3003.3854166666665,0.8342737268518519,0.40000000000009095
2023_analysed,Exp_10_Feb_2023_1745_channel_0,True,False,10,Feb,2023,1745,0,3003.6875,0.8343576388888889,1.2000000000002728
2023_analysed,Exp_10_Feb_2023_1745_channel_1,True,False,10,Feb,2023,1745,1,3003.6875,0.8343576388888889,0.0
2023_analysed,Exp_10_Jul_2023_0745_channel_0,True,False,10,Jul,2023,0745,0,2998.0208333333335,0.8327835648148149,2.4000000000002615
2023_analysed,Exp_10_Jul_2023_0745_channel_1,True,False,10,Jul,2023,0745,1,2998.0208333333335,0.8327835648148149,9.600000000000328
2023_analysed,Exp_10_Jul_2023_0845_channel_0,True,False,10,Jul,2023,0845,0,3003.40625,0.8342795138888889,39.599999999998886
2023_analysed,Exp_10_Jul_2023_0845_channel_1,True,False,10,Jul,2023,0845,1,3003.40625,0.8342795138888889,50.40000000000009
2023_analysed,Exp_10_Jul_2023_0945_channel_0,True,False,10,Jul,2023,0945,0,3003.5208333333335,0.8343113425925927,41.60000000000004
2023_analysed,Exp_10_Jul_2023_0945_channel_1,True,False,10,Jul,2023,0945,1,3003.5208333333335,0.8343113425925927,99.2000000000021
2023_analysed,Exp_10_Jul_2023_1045_channel_0,True,False,10,Jul,2023,1045,0,3003.53125,0.8343142361111111,65.20000000000088
2023_analysed,Exp_10_Jul_2023_1045_channel_1,True,False,10,Jul,2023,1045,1,3003.53125,0.8343142361111111,27.999999999997854
2023_analysed,Exp_10_Jul_2023_1145_channel_0,True,False,10,Jul,2023,1145,0,3003.5520833333335,0.8343200231481482,145.5999999999999
2023_analysed,Exp_10_Jul_2023_1145_channel_1,True,False,10,Jul,2023,1145,1,3003.5520833333335,0.8343200231481482,261.599999999999
2023_analysed,Exp_10_Jul_2023_1245_channel_0,True,False,10,Jul,2023,1245,0,3003.4375,0.8342881944444445,149.19999999999533
2023_analysed,Exp_10_Jul_2023_1245_channel_1,True,False,10,Jul,2023,1245,1,3003.4375,0.8342881944444445,120.3999999999992
2023_analysed,Exp_10_Jul_2023_1345_channel_0,True,False,10,Jul,2023,1345,0,3003.5,0.8343055555555555,94.00000000000293
2023_analysed,Exp_10_Jul_2023_1345_channel_1,True,False,10,Jul,2023,1345,1,3003.5,0.8343055555555555,195.200000000001
2023_analysed,Exp_10_Jul_2023_1445_channel_0,True,False,10,Jul,2023,1445,0,3003.4166666666665,0.8342824074074073,53.60000000000151
2023_analysed,Exp_10_Jul_2023_1445_channel_1,True,False,10,Jul,2023,1445,1,3003.4166666666665,0.8342824074074073,28.400000000001178
2023_analysed,Exp_10_Jul_2023_1545_channel_0,True,False,10,Jul,2023,1545,0,3003.5416666666665,0.8343171296296296,129.5999999999979
2023_analysed,Exp_10_Jul_2023_1545_channel_1,True,False,10,Jul,2023,1545,1,3003.5416666666665,0.8343171296296296,261.1999999999986
2023_analysed,Exp_10_Jul_2023_1645_channel_0,True,False,10,Jul,2023,1645,0,3003.4583333333335,0.8342939814814815,67.20000000000087
2023_analysed,Exp_10_Jul_2023_1645_channel_1,True,False,10,Jul,2023,1645,1,3003.4583333333335,0.8342939814814815,127.9999999999996
2023_analysed,Exp_10_Jul_2023_1745_channel_0,True,False,10,Jul,2023,1745,0,3003.4166666666665,0.8342824074074073,1.1999999999999318
2023_analysed,Exp_10_Jul_2023_1745_channel_1,True,False,10,Jul,2023,1745,1,3003.4166666666665,0.8342824074074073,13.599999999999497
2023_analysed,Exp_10_Jun_2023_0745_channel_0,True,False,10,Jun,2023,0745,0,3003.4583333333335,0.8342939814814815,10.000000000000313
2023_analysed,Exp_10_Jun_2023_0745_channel_1,True,False,10,Jun,2023,0745,1,3003.4583333333335,0.8342939814814815,5.199999999999278
2023_analysed,Exp_10_Jun_2023_0745_channel_2,True,False,10,Jun,2023,0745,2,3003.4583333333335,0.8342939814814815,0.4000000000000057
2023_analysed,Exp_10_Jun_2023_0845_channel_0,True,False,10,Jun,2023,0845,0,3003.46875,0.834296875,38.80000000000112
2023_analysed,Exp_10_Jun_2023_0845_channel_1,True,False,10,Jun,2023,0845,1,3003.46875,0.834296875,13.999999999999233
2023_analysed,Exp_10_Jun_2023_0845_channel_2,True,False,10,Jun,2023,0845,2,3003.46875,0.834296875,0.0
2023_analysed,Exp_10_Jun_2023_0945_channel_0,True,False,10,Jun,2023,0945,0,3003.5729166666665,0.8343258101851851,75.20000000000245
2023_analysed,Exp_10_Jun_2023_0945_channel_1,True,False,10,Jun,2023,0945,1,3003.5729166666665,0.8343258101851851,99.19999999999995
2023_analysed,Exp_10_Jun_2023_0945_channel_2,True,False,10,Jun,2023,0945,2,3003.5729166666665,0.8343258101851851,0.40000000000009095
2023_analysed,Exp_10_Jun_2023_1045_channel_0,True,False,10,Jun,2023,1045,0,3003.6354166666665,0.8343431712962962,54.79999999999947
2023_analysed,Exp_10_Jun_2023_1045_channel_1,True,False,10,Jun,2023,1045,1,3003.6354166666665,0.8343431712962962,39.600000000001614
2023_analysed,Exp_10_Jun_2023_1045_channel_2,True,False,10,Jun,2023,1045,2,3003.6354166666665,0.8343431712962962,0.0
2023_analysed,Exp_10_Jun_2023_1145_channel_0,True,False,10,Jun,2023,1145,0,3003.4895833333335,0.8343026620370371,86.40000000000009
2023_analysed,Exp_10_Jun_2023_1145_channel_1,True,False,10,Jun,2023,1145,1,3003.4895833333335,0.8343026620370371,238.80000000000138
2023_analysed,Exp_10_Jun_2023_1145_channel_2,True,False,10,Jun,2023,1145,2,3003.4895833333335,0.8343026620370371,0.0
2023_analysed,Exp_10_Jun_2023_1245_channel_0,True,False,10,Jun,2023,1245,0,3003.3958333333335,0.8342766203703704,146.7999999999966
2023_analysed,Exp_10_Jun_2023_1245_channel_1,True,False,10,Jun,2023,1245,1,3003.3958333333335,0.8342766203703704,118.3999999999989
2023_analysed,Exp_10_Jun_2023_1245_channel_2,True,False,10,Jun,2023,1245,2,3003.3958333333335,0.8342766203703704,0.0
2023_analysed,Exp_10_Jun_2023_1345_channel_0,True,False,10,Jun,2023,1345,0,3003.4895833333335,0.8343026620370371,59.59999999999845
2023_analysed,Exp_10_Jun_2023_1345_channel_1,True,False,10,Jun,2023,1345,1,3003.4895833333335,0.8343026620370371,171.59999999999832
2023_analysed,Exp_10_Jun_2023_1345_channel_2,True,False,10,Jun,2023,1345,2,3003.4895833333335,0.8343026620370371,0.0
2023_analysed,Exp_10_Jun_2023_1445_channel_0,True,False,10,Jun,2023,1445,0,3003.40625,0.8342795138888889,58.80000000000015
2023_analysed,Exp_10_Jun_2023_1445_channel_1,True,False,10,Jun,2023,1445,1,3003.40625,0.8342795138888889,51.19999999999868
2023_analysed,Exp_10_Jun_2023_1445_channel_2,True,False,10,Jun,2023,1445,2,3003.40625,0.8342795138888889,0.0
2023_analysed,Exp_10_Jun_2023_1545_channel_0,True,False,10,Jun,2023,1545,0,3003.4166666666665,0.8342824074074073,83.60000000000133
2023_analysed,Exp_10_Jun_2023_1545_channel_1,True,False,10,Jun,2023,1545,1,3003.4166666666665,0.8342824074074073,192.00000000000023
2023_analysed,Exp_10_Jun_2023_1545_channel_2,True,False,10,Jun,2023,1545,2,3003.4166666666665,0.8342824074074073,0.0
2023_analysed,Exp_10_Jun_2023_1645_channel_0,True,False,10,Jun,2023,1645,0,3003.46875,0.834296875,64.40000000000138
2023_analysed,Exp_10_Jun_2023_1645_channel_1,True,False,10,Jun,2023,1645,1,3003.46875,0.834296875,12.799999999998676
2023_analysed,Exp_10_Jun_2023_1645_channel_2,True,False,10,Jun,2023,1645,2,3003.46875,0.834296875,0.0
2023_analysed,Exp_10_Jun_2023_1745_channel_0,True,False,10,Jun,2023,1745,0,3003.5,0.8343055555555555,50.80000000000057
2023_analysed,Exp_10_Jun_2023_1745_channel_1,True,False,10,Jun,2023,1745,1,3003.5,0.8343055555555555,7.600000000000534
2023_analysed,Exp_10_Jun_2023_1745_channel_2,True,False,10,Jun,2023,1745,2,3003.5,0.8343055555555555,0.0
2023_analysed,Exp_10_Mar_2023_0745_channel_0,True,False,10,Mar,2023,0745,0,3003.6770833333335,0.8343547453703705,4.000000000000142
2023_analysed,Exp_10_Mar_2023_0745_channel_1,True,False,10,Mar,2023,0745,1,3003.6770833333335,0.8343547453703705,2.0000000000001137
2023_analysed,Exp_10_Mar_2023_0745_channel_2,True,False,10,Mar,2023,0745,2,3003.6770833333335,0.8343547453703705,0.3999999999999915
2023_analysed,Exp_10_Mar_2023_0845_channel_0,True,False,10,Mar,2023,0845,0,3003.5833333333335,0.8343287037037037,1.2000000000000455
2023_analysed,Exp_10_Mar_2023_0845_channel_1,True,False,10,Mar,2023,0845,1,3003.5833333333335,0.8343287037037037,3.2000000000001023
2023_analysed,Exp_10_Mar_2023_0845_channel_2,True,False,10,Mar,2023,0845,2,3003.5833333333335,0.8343287037037037,0.40000000000009095
2023_analysed,Exp_10_Mar_2023_0945_channel_0,True,False,10,Mar,2023,0945,0,3003.4166666666665,0.8342824074074073,0.3999999999998636
2023_analysed,Exp_10_Mar_2023_0945_channel_1,True,False,10,Mar,2023,0945,1,3003.4166666666665,0.8342824074074073,82.80000000000013
2023_analysed,Exp_10_Mar_2023_0945_channel_2,True,False,10,Mar,2023,0945,2,3003.4166666666665,0.8342824074074073,0.0
2023_analysed,Exp_10_Mar_2023_1045_channel_0,True,False,10,Mar,2023,1045,0,3003.4166666666665,0.8342824074074073,0.0
2023_analysed,Exp_10_Mar_2023_1045_channel_1,True,False,10,Mar,2023,1045,1,3003.4166666666665,0.8342824074074073,72.80000000000116
2023_analysed,Exp_10_Mar_2023_1045_channel_2,True,False,10,Mar,2023,1045,2,3003.4166666666665,0.8342824074074073,0.8000000000000682
2023_analysed,Exp_10_Mar_2023_1145_channel_0,True,False,10,Mar,2023,1145,0,3004.4270833333335,0.8345630787037037,1.2000000000002728
2023_analysed,Exp_10_Mar_2023_1145_channel_1,True,False,10,Mar,2023,1145,1,3004.4270833333335,0.8345630787037037,162.0000000000004
2023_analysed,Exp_10_Mar_2023_1145_channel_2,True,False,10,Mar,2023,1145,2,3004.4270833333335,0.8345630787037037,0.0
2023_analysed,Exp_10_Mar_2023_1245_channel_0,True,False,10,Mar,2023,1245,0,3003.5833333333335,0.8343287037037037,0.7999999999999545
2023_analysed,Exp_10_Mar_2023_1245_channel_1,True,False,10,Mar,2023,1245,1,3003.5833333333335,0.8343287037037037,11.199999999999278
2023_analysed,Exp_10_Mar_2023_1245_channel_2,True,False,10,Mar,2023,1245,2,3003.5833333333335,0.8343287037037037,0.0
2023_analysed,Exp_10_Mar_2023_1345_channel_0,True,False,10,Mar,2023,1345,0,3003.4375,0.8342881944444445,20.40000000000066
2023_analysed,Exp_10_Mar_2023_1345_channel_1,True,False,10,Mar,2023,1345,1,3003.4375,0.8342881944444445,144.7999999999994
2023_analysed,Exp_10_Mar_2023_1345_channel_2,True,False,10,Mar,2023,1345,2,3003.4375,0.8342881944444445,2.40000000000002
2023_analysed,Exp_10_Mar_2023_1445_channel_0,True,False,10,Mar,2023,1445,0,3003.4166666666665,0.8342824074074073,89.5999999999968
2023_analysed,Exp_10_Mar_2023_1445_channel_1,True,False,10,Mar,2023,1445,1,3003.4166666666665,0.8342824074074073,102.39999999999586
2023_analysed,Exp_10_Mar_2023_1445_channel_2,True,False,10,Mar,2023,1445,2,3003.4166666666665,0.8342824074074073,0.39999999999997726
2023_analysed,Exp_10_Mar_2023_1545_channel_0,True,False,10,Mar,2023,1545,0,3003.6458333333335,0.8343460648148149,39.59999999999997
2023_analysed,Exp_10_Mar_2023_1545_channel_1,True,False,10,Mar,2023,1545,1,3003.6458333333335,0.8343460648148149,196.80000000000007
2023_analysed,Exp_10_Mar_2023_1545_channel_2,True,False,10,Mar,2023,1545,2,3003.6458333333335,0.8343460648148149,0.0
2023_analysed,Exp_10_Mar_2023_1645_channel_0,True,False,10,Mar,2023,1645,0,3003.5729166666665,0.8343258101851851,3.999999999998664
2023_analysed,Exp_10_Mar_2023_1645_channel_1,True,False,10,Mar,2023,1645,1,3003.5729166666665,0.8343258101851851,2.0000000000001137
2023_analysed,Exp_10_Mar_2023_1645_channel_2,True,False,10,Mar,2023,1645,2,3003.5729166666665,0.8343258101851851,1.199999999999818
2023_analysed,Exp_10_Mar_2023_1745_channel_0,True,False,10,Mar,2023,1745,0,3003.6041666666665,0.8343344907407407,1.5999999999998238
2023_analysed,Exp_10_Mar_2023_1745_channel_1,True,False,10,Mar,2023,1745,1,3003.6041666666665,0.8343344907407407,0.39999999999997726
2023_analysed,Exp_10_Mar_2023_1745_channel_2,True,False,10,Mar,2023,1745,2,3003.6041666666665,0.8343344907407407,1.599999999999909
2023_analysed,Exp_10_May_2023_0745_channel_0,True,False,10,May,2023,0745,0,3003.4479166666665,0.8342910879629629,8.800000000000885
2023_analysed,Exp_10_May_2023_0745_channel_1,True,False,10,May,2023,0745,1,3003.4479166666665,0.8342910879629629,1.1999999999999318
2023_analysed,Exp_10_May_2023_0745_channel_2,True,False,10,May,2023,0745,2,3003.4479166666665,0.8342910879629629,7.1999999999988376
2023_analysed,Exp_10_May_2023_0845_channel_0,True,False,10,May,2023,0845,0,3003.5729166666665,0.8343258101851851,6.800000000000296
2023_analysed,Exp_10_May_2023_0845_channel_1,True,False,10,May,2023,0845,1,3003.5729166666665,0.8343258101851851,15.20000000000038
2023_analysed,Exp_10_May_2023_0845_channel_2,True,False,10,May,2023,0845,2,3003.5729166666665,0.8343258101851851,0.0
2023_analysed,Exp_10_May_2023_0945_channel_0,True,False,10,May,2023,0945,0,3003.5833333333335,0.8343287037037037,18.40000000000075
2023_analysed,Exp_10_May_2023_0945_channel_1,True,False,10,May,2023,0945,1,3003.5833333333335,0.8343287037037037,24.39999999999921
2023_analysed,Exp_10_May_2023_0945_channel_2,True,False,10,May,2023,0945,2,3003.5833333333335,0.8343287037037037,0.0
2023_analysed,Exp_10_May_2023_1045_channel_0,True,False,10,May,2023,1045,0,3003.5416666666665,0.8343171296296296,96.40000000000131
2023_analysed,Exp_10_May_2023_1045_channel_1,True,False,10,May,2023,1045,1,3003.5416666666665,0.8343171296296296,42.80000000000044
2023_analysed,Exp_10_May_2023_1045_channel_2,True,False,10,May,2023,1045,2,3003.5416666666665,0.8343171296296296,0.0
2023_analysed,Exp_10_May_2023_1145_channel_0,True,False,10,May,2023,1145,0,3003.40625,0.8342795138888889,72.79999999999954
2023_analysed,Exp_10_May_2023_1145_channel_1,True,False,10,May,2023,1145,1,3003.40625,0.8342795138888889,100.80000000000034
2023_analysed,Exp_10_May_2023_1145_channel_2,True,False,10,May,2023,1145,2,3003.40625,0.8342795138888889,0.0
2023_analysed,Exp_10_May_2023_1245_channel_0,True,False,10,May,2023,1245,0,3003.5729166666665,0.8343258101851851,83.60000000000133
2023_analysed,Exp_10_May_2023_1245_channel_1,True,False,10,May,2023,1245,1,3003.5729166666665,0.8343258101851851,58.40000000000048
2023_analysed,Exp_10_May_2023_1245_channel_2,True,False,10,May,2023,1245,2,3003.5729166666665,0.8343258101851851,0.0
2023_analysed,Exp_10_May_2023_1345_channel_0,True,False,10,May,2023,1345,0,3003.5833333333335,0.8343287037037037,94.39999999999962
2023_analysed,Exp_10_May_2023_1345_channel_1,True,False,10,May,2023,1345,1,3003.5833333333335,0.8343287037037037,131.9999999999992
2023_analysed,Exp_10_May_2023_1345_channel_2,True,False,10,May,2023,1345,2,3003.5833333333335,0.8343287037037037,0.40000000000009095
2023_analysed,Exp_10_May_2023_1445_channel_0,True,False,10,May,2023,1445,0,3003.5833333333335,0.8343287037037037,75.60000000000343
2023_analysed,Exp_10_May_2023_1445_channel_1,True,False,10,May,2023,1445,1,3003.5833333333335,0.8343287037037037,79.60000000000161
2023_analysed,Exp_10_May_2023_1445_channel_2,True,False,10,May,2023,1445,2,3003.5833333333335,0.8343287037037037,3.599999999999909
2023_analysed,Exp_10_May_2023_1545_channel_0,True,False,10,May,2023,1545,0,3003.625,0.8343402777777778,60.39999999999817
2023_analysed,Exp_10_May_2023_1545_channel_1,True,False,10,May,2023,1545,1,3003.625,0.8343402777777778,116.40000000000137
2023_analysed,Exp_10_May_2023_1545_channel_2,True,False,10,May,2023,1545,2,3003.625,0.8343402777777778,0.0
2023_analysed,Exp_10_May_2023_1645_channel_0,True,False,10,May,2023,1645,0,3003.4375,0.8342881944444445,32.3999999999994
2023_analysed,Exp_10_May_2023_1645_channel_1,True,False,10,May,2023,1645,1,3003.4375,0.8342881944444445,5.200000000000188
2023_analysed,Exp_10_May_2023_1645_channel_2,True,False,10,May,2023,1645,2,3003.4375,0.8342881944444445,0.0
2023_analysed,Exp_10_May_2023_1745_channel_0,True,False,10,May,2023,1745,0,3003.4895833333335,0.8343026620370371,28.000000000000433
2023_analysed,Exp_10_May_2023_1745_channel_1,True,False,10,May,2023,1745,1,3003.4895833333335,0.8343026620370371,3.999999999999858
2023_analysed,Exp_10_May_2023_1745_channel_2,True,False,10,May,2023,1745,2,3003.4895833333335,0.8343026620370371,0.0
2023_analysed,Exp_10_Nov_2023_1245_channel_1,True,False,10,Nov,2023,1245,1,3009.3645833333335,0.8359346064814815,60.400000000005036
2023_analysed,Exp_10_Sep_2023_0745_channel_1,True,False,10,Sep,2023,0745,1,3009.46875,0.8359635416666666,0.39999999999997726
2023_analysed,Exp_10_Sep_2023_0845_channel_1,True,False,10,Sep,2023,0845,1,3009.0625,0.8358506944444445,3.6000000000004775
2023_analysed,Exp_11_Aug_2023_1345_channel_0,True,False,11,Aug,2023,1345,0,3003.5416666666665,0.8343171296296296,35.19999999999975
2023_analysed,Exp_11_Aug_2023_1545_channel_0,True,False,11,Aug,2023,1545,0,3003.625,0.8343402777777778,12.3999999999996
2023_analysed,Exp_11_Feb_2023_0745_channel_0,True,False,11,Feb,2023,0745,0,3003.3333333333335,0.8342592592592593,2.8000000000000522
2023_analysed,Exp_11_Feb_2023_0745_channel_1,True,False,11,Feb,2023,0745,1,3003.3333333333335,0.8342592592592593,0.39999999999997726
2023_analysed,Exp_11_Feb_2023_0845_channel_0,True,False,11,Feb,2023,0845,0,3003.4166666666665,0.8342824074074073,3.9999999999997726
2023_analysed,Exp_11_Feb_2023_0845_channel_1,True,False,11,Feb,2023,0845,1,3003.4166666666665,0.8342824074074073,0.0
2023_analysed,Exp_11_Feb_2023_0945_channel_0,True,False,11,Feb,2023,0945,0,3003.6041666666665,0.8343344907407407,90.40000000000026
2023_analysed,Exp_11_Feb_2023_0945_channel_1,True,False,11,Feb,2023,0945,1,3003.6041666666665,0.8343344907407407,29.599999999999852
2023_analysed,Exp_11_Feb_2023_1045_channel_0,True,False,11,Feb,2023,1045,0,3003.4791666666665,0.8342997685185185,62.80000000000094
2023_analysed,Exp_11_Feb_2023_1045_channel_1,True,False,11,Feb,2023,1045,1,3003.4791666666665,0.8342997685185185,31.60000000000288
2023_analysed,Exp_11_Feb_2023_1145_channel_0,True,False,11,Feb,2023,1145,0,3003.59375,0.8343315972222223,172.40000000000018
2023_analysed,Exp_11_Feb_2023_1145_channel_1,True,False,11,Feb,2023,1145,1,3003.59375,0.8343315972222223,3.2000000000003865
2023_analysed,Exp_11_Feb_2023_1245_channel_0,True,False,11,Feb,2023,1245,0,3003.4375,0.8342881944444445,209.19999999999726
2023_analysed,Exp_11_Feb_2023_1245_channel_1,True,False,11,Feb,2023,1245,1,3003.4375,0.8342881944444445,28.00000000000081
2023_analysed,Exp_11_Feb_2023_1345_channel_0,True,False,11,Feb,2023,1345,0,3003.4895833333335,0.8343026620370371,254.80000000000075
2023_analysed,Exp_11_Feb_2023_1345_channel_1,True,False,11,Feb,2023,1345,1,3003.4895833333335,0.8343026620370371,16.799999999999827
2023_analysed,Exp_11_Feb_2023_1445_channel_0,True,False,11,Feb,2023,1445,0,3003.4895833333335,0.8343026620370371,144.40000000000236
2023_analysed,Exp_11_Feb_2023_1445_channel_1,True,False,11,Feb,2023,1445,1,3003.4895833333335,0.8343026620370371,13.600000000001586
2023_analysed,Exp_11_Feb_2023_1545_channel_0,True,False,11,Feb,2023,1545,0,3003.4479166666665,0.8342910879629629,191.6000000000006
2023_analysed,Exp_11_Feb_2023_1545_channel_1,True,False,11,Feb,2023,1545,1,3003.4479166666665,0.8342910879629629,5.200000000000095
2023_analysed,Exp_11_Feb_2023_1645_channel_0,True,False,11,Feb,2023,1645,0,3003.71875,0.8343663194444444,0.0
2023_analysed,Exp_11_Feb_2023_1645_channel_1,True,False,11,Feb,2023,1645,1,3003.71875,0.8343663194444444,0.0
2023_analysed,Exp_11_Feb_2023_1745_channel_0,True,False,11,Feb,2023,1745,0,3003.4479166666665,0.8342910879629629,12.799999999998533
2023_analysed,Exp_11_Feb_2023_1745_channel_1,True,False,11,Feb,2023,1745,1,3003.4479166666665,0.8342910879629629,0.0
2023_analysed,Exp_11_Jul_2023_0745_channel_0,True,False,11,Jul,2023,0745,0,3003.5520833333335,0.8343200231481482,3.5999999999993406
2023_analysed,Exp_11_Jul_2023_0745_channel_1,True,False,11,Jul,2023,0745,1,3003.5520833333335,0.8343200231481482,3.199999999999875
2023_analysed,Exp_11_Jul_2023_0845_channel_0,True,False,11,Jul,2023,0845,0,3003.6145833333335,0.8343373842592593,10.000000000000227
2023_analysed,Exp_11_Jul_2023_0845_channel_1,True,False,11,Jul,2023,0845,1,3003.6145833333335,0.8343373842592593,14.000000000001137
2023_analysed,Exp_11_Jul_2023_0945_channel_0,True,False,11,Jul,2023,0945,0,3003.3958333333335,0.8342766203703704,32.40000000000008
2023_analysed,Exp_11_Jul_2023_0945_channel_1,True,False,11,Jul,2023,0945,1,3003.3958333333335,0.8342766203703704,121.99999999999898
2023_analysed,Exp_11_Jul_2023_1045_channel_0,True,False,11,Jul,2023,1045,0,3003.4166666666665,0.8342824074074073,44.79999999999779
2023_analysed,Exp_11_Jul_2023_1045_channel_1,True,False,11,Jul,2023,1045,1,3003.4166666666665,0.8342824074074073,25.999999999999602
2023_analysed,Exp_11_Jul_2023_1145_channel_0,True,False,11,Jul,2023,1145,0,3003.3333333333335,0.8342592592592593,117.19999999999979
2023_analysed,Exp_11_Jul_2023_1145_channel_1,True,False,11,Jul,2023,1145,1,3003.3333333333335,0.8342592592592593,134.80000000000103
2023_analysed,Exp_11_Jul_2023_1245_channel_0,True,False,11,Jul,2023,1245,0,3003.625,0.8343402777777778,88.40000000000035
2023_analysed,Exp_11_Jul_2023_1245_channel_1,True,False,11,Jul,2023,1245,1,3003.625,0.8343402777777778,52.800000000000836
2023_analysed,Exp_11_Jul_2023_1345_channel_0,True,False,11,Jul,2023,1345,0,3003.5208333333335,0.8343113425925927,218.80000000000098
2023_analysed,Exp_11_Jul_2023_1345_channel_1,True,False,11,Jul,2023,1345,1,3003.5208333333335,0.8343113425925927,137.2000000000022
2023_analysed,Exp_11_Jul_2023_1445_channel_0,True,False,11,Jul,2023,1445,0,3003.625,0.8343402777777778,119.599999999999
2023_analysed,Exp_11_Jul_2023_1445_channel_1,True,False,11,Jul,2023,1445,1,3003.625,0.8343402777777778,113.20000000000313
2023_analysed,Exp_11_Jul_2023_1545_channel_0,True,False,11,Jul,2023,1545,0,3003.53125,0.8343142361111111,161.9999999999958
2023_analysed,Exp_11_Jul_2023_1545_channel_1,True,False,11,Jul,2023,1545,1,3003.53125,0.8343142361111111,238.7999999999965
2023_analysed,Exp_11_Jul_2023_1645_channel_0,True,False,11,Jul,2023,1645,0,3003.3958333333335,0.8342766203703704,104.39999999999938
2023_analysed,Exp_11_Jul_2023_1645_channel_1,True,False,11,Jul,2023,1645,1,3003.3958333333335,0.8342766203703704,151.59999999999957
2023_analysed,Exp_11_Jul_2023_1745_channel_0,True,False,11,Jul,2023,1745,0,3003.4895833333335,0.8343026620370371,51.999999999997655
2023_analysed,Exp_11_Jul_2023_1745_channel_1,True,False,11,Jul,2023,1745,1,3003.4895833333335,0.8343026620370371,9.200000000000053
2023_analysed,Exp_11_Jun_2023_0745_channel_0,True,False,11,Jun,2023,0745,0,3003.5625,0.8343229166666667,19.200000000001552
2023_analysed,Exp_11_Jun_2023_0745_channel_1,True,False,11,Jun,2023,0745,1,3003.5625,0.8343229166666667,8.80000000000058
2023_analysed,Exp_11_Jun_2023_0745_channel_2,True,False,11,Jun,2023,0745,2,3003.5625,0.8343229166666667,0.0
2023_analysed,Exp_11_Jun_2023_0845_channel_0,True,False,11,Jun,2023,0845,0,3003.8854166666665,0.8344126157407407,61.599999999999014
2023_analysed,Exp_11_Jun_2023_0845_channel_1,True,False,11,Jun,2023,0845,1,3003.8854166666665,0.8344126157407407,20.400000000001185
2023_analysed,Exp_11_Jun_2023_0845_channel_2,True,False,11,Jun,2023,0845,2,3003.8854166666665,0.8344126157407407,0.0
2023_analysed,Exp_11_Jun_2023_0945_channel_0,True,False,11,Jun,2023,0945,0,3003.3333333333335,0.8342592592592593,132.7999999999978
2023_analysed,Exp_11_Jun_2023_0945_channel_1,True,False,11,Jun,2023,0945,1,3003.3333333333335,0.8342592592592593,66.00000000000082
2023_analysed,Exp_11_Jun_2023_0945_channel_2,True,False,11,Jun,2023,0945,2,3003.3333333333335,0.8342592592592593,0.0
2023_analysed,Exp_11_Jun_2023_1045_channel_0,True,False,11,Jun,2023,1045,0,3003.4375,0.8342881944444445,98.799999999998
2023_analysed,Exp_11_Jun_2023_1045_channel_1,True,False,11,Jun,2023,1045,1,3003.4375,0.8342881944444445,127.20000000000054
2023_analysed,Exp_11_Jun_2023_1045_channel_2,True,False,11,Jun,2023,1045,2,3003.4375,0.8342881944444445,0.0
2023_analysed,Exp_11_Jun_2023_1145_channel_0,True,False,11,Jun,2023,1145,0,3003.4895833333335,0.8343026620370371,134.40000000000285
2023_analysed,Exp_11_Jun_2023_1145_channel_1,True,False,11,Jun,2023,1145,1,3003.4895833333335,0.8343026620370371,164.39999999999992
2023_analysed,Exp_11_Jun_2023_1145_channel_2,True,False,11,Jun,2023,1145,2,3003.4895833333335,0.8343026620370371,0.0
2023_analysed,Exp_11_Jun_2023_1245_channel_0,True,False,11,Jun,2023,1245,0,3003.3854166666665,0.8342737268518519,206.7999999999982
2023_analysed,Exp_11_Jun_2023_1245_channel_1,True,False,11,Jun,2023,1245,1,3003.3854166666665,0.8342737268518519,95.5999999999998
2023_analysed,Exp_11_Jun_2023_1245_channel_2,True,False,11,Jun,2023,1245,2,3003.3854166666665,0.8342737268518519,0.0
2023_analysed,Exp_11_Jun_2023_1345_channel_0,True,False,11,Jun,2023,1345,0,3003.5104166666665,0.834308449074074,156.40000000000128
2023_analysed,Exp_11_Jun_2023_1345_channel_1,True,False,11,Jun,2023,1345,1,3003.5104166666665,0.834308449074074,237.5999999999994
2023_analysed,Exp_11_Jun_2023_1345_channel_2,True,False,11,Jun,2023,1345,2,3003.5104166666665,0.834308449074074,0.0
2023_analysed,Exp_11_Jun_2023_1445_channel_0,True,False,11,Jun,2023,1445,0,3003.71875,0.8343663194444444,90.80000000000351
2023_analysed,Exp_11_Jun_2023_1445_channel_1,True,False,11,Jun,2023,1445,1,3003.71875,0.8343663194444444,73.59999999999616
2023_analysed,Exp_11_Jun_2023_1445_channel_2,True,False,11,Jun,2023,1445,2,3003.71875,0.8343663194444444,0.0
2023_analysed,Exp_11_Jun_2023_1545_channel_0,True,False,11,Jun,2023,1545,0,3003.8020833333335,0.8343894675925926,98.39999999999907
2023_analysed,Exp_11_Jun_2023_1545_channel_1,True,False,11,Jun,2023,1545,1,3003.8020833333335,0.8343894675925926,112.00000000000024
2023_analysed,Exp_11_Jun_2023_1545_channel_2,True,False,11,Jun,2023,1545,2,3003.8020833333335,0.8343894675925926,0.0
2023_analysed,Exp_11_Jun_2023_1645_channel_0,True,False,11,Jun,2023,1645,0,3003.4375,0.8342881944444445,69.20000000000161
2023_analysed,Exp_11_Jun_2023_1645_channel_1,True,False,11,Jun,2023,1645,1,3003.4375,0.8342881944444445,11.199999999999875
2023_analysed,Exp_11_Jun_2023_1645_channel_2,True,False,11,Jun,2023,1645,2,3003.4375,0.8342881944444445,0.0
2023_analysed,Exp_11_Jun_2023_1745_channel_0,True,False,11,Jun,2023,1745,0,3003.5625,0.8343229166666667,47.59999999999821
2023_analysed,Exp_11_Jun_2023_1745_channel_1,True,False,11,Jun,2023,1745,1,3003.5625,0.8343229166666667,8.400000000000617
2023_analysed,Exp_11_Jun_2023_1745_channel_2,True,False,11,Jun,2023,1745,2,3003.5625,0.8343229166666667,0.0
2023_analysed,Exp_11_Mar_2023_0745_channel_0,True,False,11,Mar,2023,0745,0,3003.5416666666665,0.8343171296296296,5.1999999999995765
2023_analysed,Exp_11_Mar_2023_0745_channel_1,True,False,11,Mar,2023,0745,1,3003.5416666666665,0.8343171296296296,2.7999999999994145
2023_analysed,Exp_11_Mar_2023_0745_channel_2,True,False,11,Mar,2023,0745,2,3003.5416666666665,0.8343171296296296,0.7999999999999545
2023_analysed,Exp_11_Mar_2023_0845_channel_0,True,False,11,Mar,2023,0845,0,3003.4895833333335,0.8343026620370371,45.6000000000013
2023_analysed,Exp_11_Mar_2023_0845_channel_1,True,False,11,Mar,2023,0845,1,3003.4895833333335,0.8343026620370371,234.8000000000034
2023_analysed,Exp_11_Mar_2023_0845_channel_2,True,False,11,Mar,2023,0845,2,3003.4895833333335,0.8343026620370371,0.40000000000009095
2023_analysed,Exp_11_Mar_2023_0945_channel_0,True,False,11,Mar,2023,0945,0,3003.5729166666665,0.8343258101851851,48.00000000000001
2023_analysed,Exp_11_Mar_2023_0945_channel_1,True,False,11,Mar,2023,0945,1,3003.5729166666665,0.8343258101851851,335.59999999999997
2023_analysed,Exp_11_Mar_2023_0945_channel_2,True,False,11,Mar,2023,0945,2,3003.5729166666665,0.8343258101851851,0.0
2023_analysed,Exp_11_Mar_2023_1045_channel_0,True,False,11,Mar,2023,1045,0,3003.4479166666665,0.8342910879629629,11.19999999999984
2023_analysed,Exp_11_Mar_2023_1045_channel_1,True,False,11,Mar,2023,1045,1,3003.4479166666665,0.8342910879629629,12.399999999999778
2023_analysed,Exp_11_Mar_2023_1045_channel_2,True,False,11,Mar,2023,1045,2,3003.4479166666665,0.8342910879629629,11.2000000000005
2023_analysed,Exp_11_Mar_2023_1145_channel_0,True,False,11,Mar,2023,1145,0,3003.6458333333335,0.8343460648148149,124.00000000000135
2023_analysed,Exp_11_Mar_2023_1145_channel_1,True,False,11,Mar,2023,1145,1,3003.6458333333335,0.8343460648148149,180.8000000000016
2023_analysed,Exp_11_Mar_2023_1145_channel_2,True,False,11,Mar,2023,1145,2,3003.6458333333335,0.8343460648148149,2.399999999999636
2023_analysed,Exp_11_Mar_2023_1245_channel_0,True,False,11,Mar,2023,1245,0,3003.78125,0.8343836805555556,75.60000000000048
2023_analysed,Exp_11_Mar_2023_1245_channel_1,True,False,11,Mar,2023,1245,1,3003.78125,0.8343836805555556,62.799999999999145
2023_analysed,Exp_11_Mar_2023_1245_channel_2,True,False,11,Mar,2023,1245,2,3003.78125,0.8343836805555556,1.2000000000002728
2023_analysed,Exp_11_Mar_2023_1345_channel_0,True,False,11,Mar,2023,1345,0,3003.5104166666665,0.834308449074074,17.19999999999893
2023_analysed,Exp_11_Mar_2023_1345_channel_1,True,False,11,Mar,2023,1345,1,3003.5104166666665,0.834308449074074,126.40000000000083
2023_analysed,Exp_11_Mar_2023_1345_channel_2,True,False,11,Mar,2023,1345,2,3003.5104166666665,0.834308449074074,0.0
2023_analysed,Exp_11_Mar_2023_1445_channel_0,True,False,11,Mar,2023,1445,0,3004.1770833333335,0.8344936342592593,69.20000000000005
2023_analysed,Exp_11_Mar_2023_1445_channel_1,True,False,11,Mar,2023,1445,1,3004.1770833333335,0.8344936342592593,57.19999999999959
2023_analysed,Exp_11_Mar_2023_1445_channel_2,True,False,11,Mar,2023,1445,2,3004.1770833333335,0.8344936342592593,0.3999999999998636
2023_analysed,Exp_11_Mar_2023_1545_channel_0,True,False,11,Mar,2023,1545,0,3003.46875,0.834296875,52.4000000000011
2023_analysed,Exp_11_Mar_2023_1545_channel_1,True,False,11,Mar,2023,1545,1,3003.46875,0.834296875,141.60000000000048
2023_analysed,Exp_11_Mar_2023_1545_channel_2,True,False,11,Mar,2023,1545,2,3003.46875,0.834296875,0.7999999999999545
2023_analysed,Exp_11_Mar_2023_1645_channel_0,True,False,11,Mar,2023,1645,0,3003.6354166666665,0.8343431712962962,10.799999999999443
2023_analysed,Exp_11_Mar_2023_1645_channel_1,True,False,11,Mar,2023,1645,1,3003.6354166666665,0.8343431712962962,6.400000000000091
2023_analysed,Exp_11_Mar_2023_1645_channel_2,True,False,11,Mar,2023,1645,2,3003.6354166666665,0.8343431712962962,0.0
2023_analysed,Exp_11_Mar_2023_1745_channel_0,True,False,11,Mar,2023,1745,0,3003.4895833333335,0.8343026620370371,1.9999999999999147
2023_analysed,Exp_11_Mar_2023_1745_channel_1,True,False,11,Mar,2023,1745,1,3003.4895833333335,0.8343026620370371,0.0
2023_analysed,Exp_11_Mar_2023_1745_channel_2,True,False,11,Mar,2023,1745,2,3003.4895833333335,0.8343026620370371,0.0
2023_analysed,Exp_11_May_2023_0745_channel_0,True,False,11,May,2023,0745,0,3003.6875,0.8343576388888889,9.999999999999773
2023_analysed,Exp_11_May_2023_0745_channel_1,True,False,11,May,2023,0745,1,3003.6875,0.8343576388888889,4.400000000000546
2023_analysed,Exp_11_May_2023_0745_channel_2,True,False,11,May,2023,0745,2,3003.6875,0.8343576388888889,0.3999999999998636
2023_analysed,Exp_11_May_2023_0845_channel_0,True,False,11,May,2023,0845,0,3003.53125,0.8343142361111111,23.199999999999804
2023_analysed,Exp_11_May_2023_0845_channel_1,True,False,11,May,2023,0845,1,3003.53125,0.8343142361111111,28.00000000000027
2023_analysed,Exp_11_May_2023_0845_channel_2,True,False,11,May,2023,0845,2,3003.53125,0.8343142361111111,0.0
2023_analysed,Exp_11_May_2023_0945_channel_0,True,False,11,May,2023,0945,0,3003.5208333333335,0.8343113425925927,30.400000000000567
2023_analysed,Exp_11_May_2023_0945_channel_1,True,False,11,May,2023,0945,1,3003.5208333333335,0.8343113425925927,77.99999999999974
2023_analysed,Exp_11_May_2023_0945_channel_2,True,False,11,May,2023,0945,2,3003.5208333333335,0.8343113425925927,0.0
2023_analysed,Exp_11_May_2023_1045_channel_0,True,False,11,May,2023,1045,0,3003.9375,0.8344270833333334,41.2000000000014
2023_analysed,Exp_11_May_2023_1045_channel_1,True,False,11,May,2023,1045,1,3003.9375,0.8344270833333334,38.799999999999685
2023_analysed,Exp_11_May_2023_1045_channel_2,True,False,11,May,2023,1045,2,3003.9375,0.8344270833333334,0.0
2023_analysed,Exp_11_May_2023_1145_channel_0,True,False,11,May,2023,1145,0,3003.59375,0.8343315972222223,73.20000000000098
2023_analysed,Exp_11_May_2023_1145_channel_1,True,False,11,May,2023,1145,1,3003.59375,0.8343315972222223,157.20000000000005
2023_analysed,Exp_11_May_2023_1145_channel_2,True,False,11,May,2023,1145,2,3003.59375,0.8343315972222223,0.0
2023_analysed,Exp_11_May_2023_1245_channel_0,True,False,11,May,2023,1245,0,3003.5208333333335,0.8343113425925927,53.200000000001054
2023_analysed,Exp_11_May_2023_1245_channel_1,True,False,11,May,2023,1245,1,3003.5208333333335,0.8343113425925927,47.60000000000012
2023_analysed,Exp_11_May_2023_1245_channel_2,True,False,11,May,2023,1245,2,3003.5208333333335,0.8343113425925927,0.0
2023_analysed,Exp_11_May_2023_1345_channel_0,True,False,11,May,2023,1345,0,3003.5833333333335,0.8343287037037037,108.39999999999927
2023_analysed,Exp_11_May_2023_1345_channel_1,True,False,11,May,2023,1345,1,3003.5833333333335,0.8343287037037037,209.99999999999977
2023_analysed,Exp_11_May_2023_1345_channel_2,True,False,11,May,2023,1345,2,3003.5833333333335,0.8343287037037037,0.0
2023_analysed,Exp_11_May_2023_1445_channel_0,True,False,11,May,2023,1445,0,3003.59375,0.8343315972222223,116.00000000000101
2023_analysed,Exp_11_May_2023_1445_channel_1,True,False,11,May,2023,1445,1,3003.59375,0.8343315972222223,127.59999999999914
2023_analysed,Exp_11_May_2023_1445_channel_2,True,False,11,May,2023,1445,2,3003.59375,0.8343315972222223,0.0
2023_analysed,Exp_11_May_2023_1545_channel_0,True,False,11,May,2023,1545,0,3003.4166666666665,0.8342824074074073,293.9999999999983
2023_analysed,Exp_11_May_2023_1545_channel_1,True,False,11,May,2023,1545,1,3003.4166666666665,0.8342824074074073,326.7999999999995
2023_analysed,Exp_11_May_2023_1545_channel_2,True,False,11,May,2023,1545,2,3003.4166666666665,0.8342824074074073,0.0
2023_analysed,Exp_11_May_2023_1645_channel_0,True,False,11,May,2023,1645,0,3003.40625,0.8342795138888889,15.600000000000778
2023_analysed,Exp_11_May_2023_1645_channel_1,True,False,11,May,2023,1645,1,3003.40625,0.8342795138888889,7.600000000000136
2023_analysed,Exp_11_May_2023_1645_channel_2,True,False,11,May,2023,1645,2,3003.40625,0.8342795138888889,0.0
2023_analysed,Exp_11_May_2023_1745_channel_0,True,False,11,May,2023,1745,0,3003.4583333333335,0.8342939814814815,344.40000000000066
2023_analysed,Exp_11_May_2023_1745_channel_1,True,False,11,May,2023,1745,1,3003.4583333333335,0.8342939814814815,186.0000000000008
2023_analysed,Exp_11_May_2023_1745_channel_2,True,False,11,May,2023,1745,2,3003.4583333333335,0.8342939814814815,0.0
2023_analysed,Exp_11_Nov_2023_0745_channel_1,True,False,11,Nov,2023,0745,1,3008.9791666666665,0.8358275462962963,7.2000000000008875
2023_analysed,Exp_11_Nov_2023_1145_channel_1,True,False,11,Nov,2023,1145,1,3007.5833333333335,0.8354398148148149,82.39999999999898
2023_analysed,Exp_11_Oct_2023_0845_channel_1,True,False,11,Oct,2023,0845,1,3007.5416666666665,0.8354282407407407,1.9999999999999432
2023_analysed,Exp_11_Sep_2023_0945_channel_0,True,False,11,Sep,2023,0945,0,3009.15625,0.8358767361111111,0.8000000000000114
2023_analysed,Exp_11_Sep_2023_1645_channel_1,True,False,11,Sep,2023,1645,1,3007.71875,0.8354774305555556,68.4
2023_analysed,Exp_12_Feb_2023_0745_channel_0,True,False,12,Feb,2023,0745,0,3003.6041666666665,0.8343344907407407,4.800000000001091
2023_analysed,Exp_12_Feb_2023_0745_channel_1,True,False,12,Feb,2023,0745,1,3003.6041666666665,0.8343344907407407,0.0
2023_analysed,Exp_12_Feb_2023_0845_channel_0,True,False,12,Feb,2023,0845,0,3003.6145833333335,0.8343373842592593,5.199999999999832
2023_analysed,Exp_12_Feb_2023_0845_channel_1,True,False,12,Feb,2023,0845,1,3003.6145833333335,0.8343373842592593,2.4000000000003183
2023_analysed,Exp_12_Feb_2023_0945_channel_0,True,False,12,Feb,2023,0945,0,3003.75,0.834375,55.19999999999963
2023_analysed,Exp_12_Feb_2023_0945_channel_1,True,False,12,Feb,2023,0945,1,3003.75,0.834375,14.400000000000773
2023_analysed,Exp_12_Feb_2023_1045_channel_0,True,False,12,Feb,2023,1045,0,3003.6041666666665,0.8343344907407407,6.400000000000674
2023_analysed,Exp_12_Feb_2023_1045_channel_1,True,False,12,Feb,2023,1045,1,3003.6041666666665,0.8343344907407407,1.2000000000001592
2023_analysed,Exp_12_Feb_2023_1145_channel_0,True,False,12,Feb,2023,1145,0,3003.6354166666665,0.8343431712962962,63.59999999999971
2023_analysed,Exp_12_Feb_2023_1145_channel_1,True,False,12,Feb,2023,1145,1,3003.6354166666665,0.8343431712962962,3.60000000000025
2023_analysed,Exp_12_Feb_2023_1245_channel_0,True,False,12,Feb,2023,1245,0,3003.7291666666665,0.834369212962963,4.799999999999443
2023_analysed,Exp_12_Feb_2023_1245_channel_1,True,False,12,Feb,2023,1245,1,3003.7291666666665,0.834369212962963,1.59999999999971
2023_analysed,Exp_12_Feb_2023_1345_channel_0,True,False,12,Feb,2023,1345,0,3003.4479166666665,0.8342910879629629,107.19999999999935
2023_analysed,Exp_12_Feb_2023_1345_channel_1,True,False,12,Feb,2023,1345,1,3003.4479166666665,0.8342910879629629,4.399999999999835
2023_analysed,Exp_12_Feb_2023_1445_channel_0,True,False,12,Feb,2023,1445,0,3003.6458333333335,0.8343460648148149,261.1999999999998
2023_analysed,Exp_12_Feb_2023_1445_channel_1,True,False,12,Feb,2023,1445,1,3003.6458333333335,0.8343460648148149,7.200000000000301
2023_analysed,Exp_12_Feb_2023_1545_channel_0,True,False,12,Feb,2023,1545,0,3003.6145833333335,0.8343373842592593,26.000000000000284
2023_analysed,Exp_12_Feb_2023_1545_channel_1,True,False,12,Feb,2023,1545,1,3003.6145833333335,0.8343373842592593,2.400000000000159
2023_analysed,Exp_12_Feb_2023_1645_channel_0,True,False,12,Feb,2023,1645,0,3003.5833333333335,0.8343287037037037,2.4000000000002046
2023_analysed,Exp_12_Feb_2023_1645_channel_1,True,False,12,Feb,2023,1645,1,3003.5833333333335,0.8343287037037037,2.0000000000001137
2023_analysed,Exp_12_Feb_2023_1745_channel_0,True,False,12,Feb,2023,1745,0,3003.5625,0.8343229166666667,4.400000000000887
2023_analysed,Exp_12_Feb_2023_1745_channel_1,True,False,12,Feb,2023,1745,1,3003.5625,0.8343229166666667,0.40000000000009095
2023_analysed,Exp_12_Jul_2023_0745_channel_0,True,False,12,Jul,2023,0745,0,3003.3645833333335,0.8342679398148148,8.80000000000044
2023_analysed,Exp_12_Jul_2023_0745_channel_1,True,False,12,Jul,2023,0745,1,3003.3645833333335,0.8342679398148148,9.599999999999556
2023_analysed,Exp_12_Jul_2023_0845_channel_0,True,False,12,Jul,2023,0845,0,3003.625,0.8343402777777778,25.600000000001984
2023_analysed,Exp_12_Jul_2023_0845_channel_1,True,False,12,Jul,2023,0845,1,3003.625,0.8343402777777778,74.79999999999924
2023_analysed,Exp_12_Jul_2023_0945_channel_0,True,False,12,Jul,2023,0945,0,3003.3958333333335,0.8342766203703704,18.000000000000053
2023_analysed,Exp_12_Jul_2023_0945_channel_1,True,False,12,Jul,2023,0945,1,3003.3958333333335,0.8342766203703704,76.40000000000003
2023_analysed,Exp_12_Jul_2023_1045_channel_0,True,False,12,Jul,2023,1045,0,3003.8020833333335,0.8343894675925926,36.8000000000001
2023_analysed,Exp_12_Jul_2023_1045_channel_1,True,False,12,Jul,2023,1045,1,3003.8020833333335,0.8343894675925926,31.199999999999363
2023_analysed,Exp_12_Jul_2023_1145_channel_0,True,False,12,Jul,2023,1145,0,3003.53125,0.8343142361111111,72.39999999999938
2023_analysed,Exp_12_Jul_2023_1145_channel_1,True,False,12,Jul,2023,1145,1,3003.53125,0.8343142361111111,114.7999999999969
2023_analysed,Exp_12_Jul_2023_1245_channel_0,True,False,12,Jul,2023,1245,0,3003.3229166666665,0.8342563657407407,106.80000000000119
2023_analysed,Exp_12_Jul_2023_1245_channel_1,True,False,12,Jul,2023,1245,1,3003.3229166666665,0.8342563657407407,54.800000000000324
2023_analysed,Exp_12_Jul_2023_1345_channel_0,True,False,12,Jul,2023,1345,0,3003.5416666666665,0.8343171296296296,71.19999999999877
2023_analysed,Exp_12_Jul_2023_1345_channel_1,True,False,12,Jul,2023,1345,1,3003.5416666666665,0.8343171296296296,143.99999999999977
2023_analysed,Exp_12_Jul_2023_1445_channel_0,True,False,12,Jul,2023,1445,0,3003.5625,0.8343229166666667,105.19999999999831
2023_analysed,Exp_12_Jul_2023_1445_channel_1,True,False,12,Jul,2023,1445,1,3003.5625,0.8343229166666667,90.00000000000088
2023_analysed,Exp_12_Jul_2023_1545_channel_0,True,False,12,Jul,2023,1545,0,3003.5,0.8343055555555555,143.6000000000002
2023_analysed,Exp_12_Jul_2023_1545_channel_1,True,False,12,Jul,2023,1545,1,3003.5,0.8343055555555555,302.80000000000354
2023_analysed,Exp_12_Jul_2023_1645_channel_0,True,False,12,Jul,2023,1645,0,3003.4895833333335,0.8343026620370371,57.599999999999504
2023_analysed,Exp_12_Jul_2023_1645_channel_1,True,False,12,Jul,2023,1645,1,3003.4895833333335,0.8343026620370371,106.79999999999967
2023_analysed,Exp_12_Jul_2023_1745_channel_0,True,False,12,Jul,2023,1745,0,3003.5,0.8343055555555555,43.20000000000088
2023_analysed,Exp_12_Jul_2023_1745_channel_1,True,False,12,Jul,2023,1745,1,3003.5,0.8343055555555555,20.800000000001738
2023_analysed,Exp_12_Jun_2023_0745_channel_0,True,False,12,Jun,2023,0745,0,3003.5625,0.8343229166666667,4.7999999999999545
2023_analysed,Exp_12_Jun_2023_0745_channel_1,True,False,12,Jun,2023,0745,1,3003.5625,0.8343229166666667,2.0000000000001137
2023_analysed,Exp_12_Jun_2023_0745_channel_2,True,False,12,Jun,2023,0745,2,3003.5625,0.8343229166666667,0.0
2023_analysed,Exp_12_Jun_2023_0845_channel_0,True,False,12,Jun,2023,0845,0,3003.34375,0.8342621527777778,7.200000000000358
2023_analysed,Exp_12_Jun_2023_0845_channel_1,True,False,12,Jun,2023,0845,1,3003.34375,0.8342621527777778,1.6000000000002501
2023_analysed,Exp_12_Jun_2023_0845_channel_2,True,False,12,Jun,2023,0845,2,3003.34375,0.8342621527777778,0.7999999999994998
2023_analysed,Exp_12_Jun_2023_0945_channel_0,True,False,12,Jun,2023,0945,0,3003.5729166666665,0.8343258101851851,60.799999999997254
2023_analysed,Exp_12_Jun_2023_0945_channel_1,True,False,12,Jun,2023,0945,1,3003.5729166666665,0.8343258101851851,53.599999999999945
2023_analysed,Exp_12_Jun_2023_0945_channel_2,True,False,12,Jun,2023,0945,2,3003.5729166666665,0.8343258101851851,2.400000000000432
2023_analysed,Exp_12_Jun_2023_1045_channel_0,True,False,12,Jun,2023,1045,0,3003.5208333333335,0.8343113425925927,75.20000000000262
2023_analysed,Exp_12_Jun_2023_1045_channel_1,True,False,12,Jun,2023,1045,1,3003.5208333333335,0.8343113425925927,24.399999999999906
2023_analysed,Exp_12_Jun_2023_1045_channel_2,True,False,12,Jun,2023,1045,2,3003.5208333333335,0.8343113425925927,6.000000000000199
2023_analysed,Exp_12_Jun_2023_1145_channel_0,True,False,12,Jun,2023,1145,0,3003.4166666666665,0.8342824074074073,197.6000000000022
2023_analysed,Exp_12_Jun_2023_1145_channel_1,True,False,12,Jun,2023,1145,1,3003.4166666666665,0.8342824074074073,184.79999999999956
2023_analysed,Exp_12_Jun_2023_1145_channel_2,True,False,12,Jun,2023,1145,2,3003.4166666666665,0.8342824074074073,0.0
2023_analysed,Exp_12_Jun_2023_1245_channel_0,True,False,12,Jun,2023,1245,0,3003.71875,0.8343663194444444,146.00000000000455
2023_analysed,Exp_12_Jun_2023_1245_channel_1,True,False,12,Jun,2023,1245,1,3003.71875,0.8343663194444444,68.39999999999806
2023_analysed,Exp_12_Jun_2023_1245_channel_2,True,False,12,Jun,2023,1245,2,3003.71875,0.8343663194444444,0.0
2023_analysed,Exp_12_Jun_2023_1345_channel_0,True,False,12,Jun,2023,1345,0,3003.5520833333335,0.8343200231481482,90.3999999999995
2023_analysed,Exp_12_Jun_2023_1345_channel_1,True,False,12,Jun,2023,1345,1,3003.5520833333335,0.8343200231481482,131.2
2023_analysed,Exp_12_Jun_2023_1345_channel_2,True,False,12,Jun,2023,1345,2,3003.5520833333335,0.8343200231481482,0.0
2023_analysed,Exp_12_Jun_2023_1445_channel_0,True,False,12,Jun,2023,1445,0,3003.5833333333335,0.8343287037037037,74.39999999999752
2023_analysed,Exp_12_Jun_2023_1445_channel_1,True,False,12,Jun,2023,1445,1,3003.5833333333335,0.8343287037037037,36.400000000001
2023_analysed,Exp_12_Jun_2023_1445_channel_2,True,False,12,Jun,2023,1445,2,3003.5833333333335,0.8343287037037037,0.0
2023_analysed,Exp_12_Jun_2023_1545_channel_0,True,False,12,Jun,2023,1545,0,3003.59375,0.8343315972222223,167.59999999999945
2023_analysed,Exp_12_Jun_2023_1545_channel_1,True,False,12,Jun,2023,1545,1,3003.59375,0.8343315972222223,156.39999999999978
2023_analysed,Exp_12_Jun_2023_1545_channel_2,True,False,12,Jun,2023,1545,2,3003.59375,0.8343315972222223,0.0
2023_analysed,Exp_12_Jun_2023_1645_channel_0,True,False,12,Jun,2023,1645,0,3003.6666666666665,0.8343518518518518,153.2000000000026
2023_analysed,Exp_12_Jun_2023_1645_channel_1,True,False,12,Jun,2023,1645,1,3003.6666666666665,0.8343518518518518,15.199999999999022
2023_analysed,Exp_12_Jun_2023_1645_channel_2,True,False,12,Jun,2023,1645,2,3003.6666666666665,0.8343518518518518,0.0
2023_analysed,Exp_12_Jun_2023_1745_channel_0,True,False,12,Jun,2023,1745,0,3003.6145833333335,0.8343373842592593,107.20000000000094
2023_analysed,Exp_12_Jun_2023_1745_channel_1,True,False,12,Jun,2023,1745,1,3003.6145833333335,0.8343373842592593,2.3999999999999417
2023_analysed,Exp_12_Jun_2023_1745_channel_2,True,False,12,Jun,2023,1745,2,3003.6145833333335,0.8343373842592593,0.0
2023_analysed,Exp_12_Mar_2023_0745_channel_0,True,False,12,Mar,2023,0745,0,3003.6041666666665,0.8343344907407407,6.399999999998954
2023_analysed,Exp_12_Mar_2023_0745_channel_1,True,False,12,Mar,2023,0745,1,3003.6041666666665,0.8343344907407407,0.0
2023_analysed,Exp_12_Mar_2023_0745_channel_2,True,False,12,Mar,2023,0745,2,3003.6041666666665,0.8343344907407407,9.6000000000004
2023_analysed,Exp_12_Mar_2023_0845_channel_0,True,False,12,Mar,2023,0845,0,3003.4791666666665,0.8342997685185185,6.800000000000146
2023_analysed,Exp_12_Mar_2023_0845_channel_1,True,False,12,Mar,2023,0845,1,3003.4791666666665,0.8342997685185185,43.19999999999942
2023_analysed,Exp_12_Mar_2023_0845_channel_2,True,False,12,Mar,2023,0845,2,3003.4791666666665,0.8342997685185185,4.399999999999714
2023_analysed,Exp_12_Mar_2023_0945_channel_0,True,False,12,Mar,2023,0945,0,3003.59375,0.8343315972222223,20.40000000000019
2023_analysed,Exp_12_Mar_2023_0945_channel_1,True,False,12,Mar,2023,0945,1,3003.59375,0.8343315972222223,90.40000000000164
2023_analysed,Exp_12_Mar_2023_0945_channel_2,True,False,12,Mar,2023,0945,2,3003.59375,0.8343315972222223,0.0
2023_analysed,Exp_12_Mar_2023_1045_channel_0,True,False,12,Mar,2023,1045,0,3003.6145833333335,0.8343373842592593,24.39999999999968
2023_analysed,Exp_12_Mar_2023_1045_channel_1,True,False,12,Mar,2023,1045,1,3003.6145833333335,0.8343373842592593,20.79999999999893
2023_analysed,Exp_12_Mar_2023_1045_channel_2,True,False,12,Mar,2023,1045,2,3003.6145833333335,0.8343373842592593,0.3999999999998636
2023_analysed,Exp_12_Mar_2023_1145_channel_0,True,False,12,Mar,2023,1145,0,3003.6458333333335,0.8343460648148149,24.399999999999693
2023_analysed,Exp_12_Mar_2023_1145_channel_1,True,False,12,Mar,2023,1145,1,3003.6458333333335,0.8343460648148149,95.60000000000066
2023_analysed,Exp_12_Mar_2023_1145_channel_2,True,False,12,Mar,2023,1145,2,3003.6458333333335,0.8343460648148149,0.8000000000000682
2023_analysed,Exp_12_Mar_2023_1245_channel_0,True,False,12,Mar,2023,1245,0,3003.6458333333335,0.8343460648148149,50.40000000000082
2023_analysed,Exp_12_Mar_2023_1245_channel_1,True,False,12,Mar,2023,1245,1,3003.6458333333335,0.8343460648148149,54.400000000000375
2023_analysed,Exp_12_Mar_2023_1245_channel_2,True,False,12,Mar,2023,1245,2,3003.6458333333335,0.8343460648148149,0.0
2023_analysed,Exp_12_Mar_2023_1345_channel_0,True,False,12,Mar,2023,1345,0,3003.9791666666665,0.8344386574074074,30.799999999999912
2023_analysed,Exp_12_Mar_2023_1345_channel_1,True,False,12,Mar,2023,1345,1,3003.9791666666665,0.8344386574074074,164.00000000000057
2023_analysed,Exp_12_Mar_2023_1345_channel_2,True,False,12,Mar,2023,1345,2,3003.9791666666665,0.8344386574074074,0.40000000000009095
2023_analysed,Exp_12_Mar_2023_1445_channel_0,True,False,12,Mar,2023,1445,0,3003.7395833333335,0.8343721064814815,17.2000000000005
2023_analysed,Exp_12_Mar_2023_1445_channel_1,True,False,12,Mar,2023,1445,1,3003.7395833333335,0.8343721064814815,71.59999999999971
2023_analysed,Exp_12_Mar_2023_1445_channel_2,True,False,12,Mar,2023,1445,2,3003.7395833333335,0.8343721064814815,0.40000000000009095
2023_analysed,Exp_12_Mar_2023_1545_channel_0,True,False,12,Mar,2023,1545,0,3003.3645833333335,0.8342679398148148,48.3999999999997
2023_analysed,Exp_12_Mar_2023_1545_channel_1,True,False,12,Mar,2023,1545,1,3003.3645833333335,0.8342679398148148,145.59999999999934
2023_analysed,Exp_12_Mar_2023_1545_channel_2,True,False,12,Mar,2023,1545,2,3003.3645833333335,0.8342679398148148,0.7999999999997272
2023_analysed,Exp_12_Mar_2023_1645_channel_0,True,False,12,Mar,2023,1645,0,3003.4895833333335,0.8343026620370371,1.599999999999909
2023_analysed,Exp_12_Mar_2023_1645_channel_1,True,False,12,Mar,2023,1645,1,3003.4895833333335,0.8343026620370371,14.399999999999881
2023_analysed,Exp_12_Mar_2023_1645_channel_2,True,False,12,Mar,2023,1645,2,3003.4895833333335,0.8343026620370371,0.40000000000009095
2023_analysed,Exp_12_Mar_2023_1745_channel_0,True,False,12,Mar,2023,1745,0,3003.5416666666665,0.8343171296296296,2.0000000000001137
2023_analysed,Exp_12_Mar_2023_1745_channel_1,True,False,12,Mar,2023,1745,1,3003.5416666666665,0.8343171296296296,0.0
2023_analysed,Exp_12_Mar_2023_1745_channel_2,True,False,12,Mar,2023,1745,2,3003.5416666666665,0.8343171296296296,0.0
2023_analysed,Exp_12_May_2023_0745_channel_0,True,False,12,May,2023,0745,0,3003.4166666666665,0.8342824074074073,9.599999999999682
2023_analysed,Exp_12_May_2023_0745_channel_1,True,False,12,May,2023,0745,1,3003.4166666666665,0.8342824074074073,7.5999999999989996
2023_analysed,Exp_12_May_2023_0745_channel_2,True,False,12,May,2023,0745,2,3003.4166666666665,0.8342824074074073,0.40000000000000036
2023_analysed,Exp_12_May_2023_0845_channel_0,True,False,12,May,2023,0845,0,3003.6458333333335,0.8343460648148149,7.999999999998863
2023_analysed,Exp_12_May_2023_0845_channel_1,True,False,12,May,2023,0845,1,3003.6458333333335,0.8343460648148149,16.39999999999911
2023_analysed,Exp_12_May_2023_0845_channel_2,True,False,12,May,2023,0845,2,3003.6458333333335,0.8343460648148149,0.0
2023_analysed,Exp_12_May_2023_0945_channel_0,True,False,12,May,2023,0945,0,3003.4583333333335,0.8342939814814815,49.599999999999405
2023_analysed,Exp_12_May_2023_0945_channel_1,True,False,12,May,2023,0945,1,3003.4583333333335,0.8342939814814815,103.19999999999857
2023_analysed,Exp_12_May_2023_0945_channel_2,True,False,12,May,2023,0945,2,3003.4583333333335,0.8342939814814815,3.9999999999997726
2023_analysed,Exp_12_May_2023_1045_channel_0,True,False,12,May,2023,1045,0,3003.5833333333335,0.8343287037037037,32.799999999999294
2023_analysed,Exp_12_May_2023_1045_channel_1,True,False,12,May,2023,1045,1,3003.5833333333335,0.8343287037037037,34.00000000000116
2023_analysed,Exp_12_May_2023_1045_channel_2,True,False,12,May,2023,1045,2,3003.5833333333335,0.8343287037037037,0.0
2023_analysed,Exp_12_May_2023_1145_channel_0,True,False,12,May,2023,1145,0,3003.7291666666665,0.834369212962963,164.79999999999995
2023_analysed,Exp_12_May_2023_1145_channel_1,True,False,12,May,2023,1145,1,3003.7291666666665,0.834369212962963,188.3999999999986
2023_analysed,Exp_12_May_2023_1145_channel_2,True,False,12,May,2023,1145,2,3003.7291666666665,0.834369212962963,0.8000000000000682
2023_analysed,Exp_12_May_2023_1245_channel_0,True,False,12,May,2023,1245,0,3003.5416666666665,0.8343171296296296,207.99999999999835
2023_analysed,Exp_12_May_2023_1245_channel_1,True,False,12,May,2023,1245,1,3003.5416666666665,0.8343171296296296,143.99999999999957
2023_analysed,Exp_12_May_2023_1245_channel_2,True,False,12,May,2023,1245,2,3003.5416666666665,0.8343171296296296,0.0
2023_analysed,Exp_12_May_2023_1345_channel_0,True,False,12,May,2023,1345,0,3003.3541666666665,0.8342650462962963,89.20000000000066
2023_analysed,Exp_12_May_2023_1345_channel_1,True,False,12,May,2023,1345,1,3003.3541666666665,0.8342650462962963,180.40000000000134
2023_analysed,Exp_12_May_2023_1345_channel_2,True,False,12,May,2023,1345,2,3003.3541666666665,0.8342650462962963,0.0
2023_analysed,Exp_12_May_2023_1445_channel_0,True,False,12,May,2023,1445,0,3003.5833333333335,0.8343287037037037,60.800000000002285
2023_analysed,Exp_12_May_2023_1445_channel_1,True,False,12,May,2023,1445,1,3003.5833333333335,0.8343287037037037,56.800000000002946
2023_analysed,Exp_12_May_2023_1445_channel_2,True,False,12,May,2023,1445,2,3003.5833333333335,0.8343287037037037,3.1999999999997044
2023_analysed,Exp_12_May_2023_1545_channel_0,True,False,12,May,2023,1545,0,3003.3645833333335,0.8342679398148148,75.19999999999999
2023_analysed,Exp_12_May_2023_1545_channel_1,True,False,12,May,2023,1545,1,3003.3645833333335,0.8342679398148148,115.60000000000124
2023_analysed,Exp_12_May_2023_1545_channel_2,True,False,12,May,2023,1545,2,3003.3645833333335,0.8342679398148148,3.1999999999998323
2023_analysed,Exp_12_May_2023_1645_channel_0,True,False,12,May,2023,1645,0,3003.4895833333335,0.8343026620370371,23.199999999998823
2023_analysed,Exp_12_May_2023_1645_channel_1,True,False,12,May,2023,1645,1,3003.4895833333335,0.8343026620370371,13.199999999999761
2023_analysed,Exp_12_May_2023_1645_channel_2,True,False,12,May,2023,1645,2,3003.4895833333335,0.8343026620370371,1.2000000000002728
2023_analysed,Exp_12_May_2023_1745_channel_0,True,False,12,May,2023,1745,0,3003.5416666666665,0.8343171296296296,47.9999999999989
2023_analysed,Exp_12_May_2023_1745_channel_1,True,False,12,May,2023,1745,1,3003.5416666666665,0.8343171296296296,34.800000000000495
2023_analysed,Exp_12_May_2023_1745_channel_2,True,False,12,May,2023,1745,2,3003.5416666666665,0.8343171296296296,8.799999999999898
2023_analysed,Exp_12_Nov_2023_0845_channel_1,True,False,12,Nov,2023,0845,1,3007.8958333333335,0.8355266203703704,0.8000000000001819
2023_analysed,Exp_12_Nov_2023_1145_channel_1,True,False,12,Nov,2023,1145,1,3010.2291666666665,0.8361747685185185,3.199999999999953
2023_analysed,Exp_12_Oct_2023_1645_channel_1,True,False,12,Oct,2023,1645,1,3007.2291666666665,0.8353414351851851,1.599999999999909
2023_analysed,Exp_12_Oct_2023_1745_channel_1,True,False,12,Oct,2023,1745,1,3006.8020833333335,0.8352228009259259,0.39999999999997726
2023_analysed,Exp_12_Sep_2023_0945_channel_1,True,False,12,Sep,2023,0945,1,3007.3333333333335,0.8353703703703704,0.0
2023_analysed,Exp_12_Sep_2023_1145_channel_1,True,False,12,Sep,2023,1145,1,3007.71875,0.8354774305555556,107.99999999999862
2023_analysed,Exp_12_Sep_2023_1545_channel_1,True,False,12,Sep,2023,1545,1,3008.96875,0.8358246527777777,86.00000000000071
2023_analysed,Exp_13_Aug_2023_1145_channel_0,True,False,13,Aug,2023,1145,0,3003.3333333333335,0.8342592592592593,63.19999999999921
2023_analysed,Exp_13_Feb_2023_0745_channel_0,True,False,13,Feb,2023,0745,0,3003.6979166666665,0.8343605324074074,5.199999999999591
2023_analysed,Exp_13_Feb_2023_0745_channel_1,True,False,13,Feb,2023,0745,1,3003.6979166666665,0.8343605324074074,0.39999999999997726
2023_analysed,Exp_13_Feb_2023_0845_channel_0,True,False,13,Feb,2023,0845,0,3003.7916666666665,0.834386574074074,104.7999999999995
2023_analysed,Exp_13_Feb_2023_0845_channel_1,True,False,13,Feb,2023,0845,1,3003.7916666666665,0.834386574074074,7.999999999999545
2023_analysed,Exp_13_Feb_2023_0945_channel_0,True,False,13,Feb,2023,0945,0,3003.71875,0.8343663194444444,75.20000000000047
2023_analysed,Exp_13_Feb_2023_0945_channel_1,True,False,13,Feb,2023,0945,1,3003.71875,0.8343663194444444,2.800000000000054
2023_analysed,Exp_13_Feb_2023_1045_channel_0,True,False,13,Feb,2023,1045,0,3004.1354166666665,0.8344820601851851,38.400000000000006
2023_analysed,Exp_13_Feb_2023_1045_channel_1,True,False,13,Feb,2023,1045,1,3004.1354166666665,0.8344820601851851,14.400000000000546
2023_analysed,Exp_13_Feb_2023_1145_channel_0,True,False,13,Feb,2023,1145,0,3003.5416666666665,0.8343171296296296,199.19999999999925
2023_analysed,Exp_13_Feb_2023_1145_channel_1,True,False,13,Feb,2023,1145,1,3003.5416666666665,0.8343171296296296,18.399999999999988
2023_analysed,Exp_13_Feb_2023_1245_channel_0,True,False,13,Feb,2023,1245,0,3003.8020833333335,0.8343894675925926,34.40000000000025
2023_analysed,Exp_13_Feb_2023_1245_channel_1,True,False,13,Feb,2023,1245,1,3003.8020833333335,0.8343894675925926,12.399999999999409
2023_analysed,Exp_13_Feb_2023_1345_channel_0,True,False,13,Feb,2023,1345,0,3003.4895833333335,0.8343026620370371,172.79999999999941
2023_analysed,Exp_13_Feb_2023_1345_channel_1,True,False,13,Feb,2023,1345,1,3003.4895833333335,0.8343026620370371,2.3999999999999773
2023_analysed,Exp_13_Feb_2023_1445_channel_0,True,False,13,Feb,2023,1445,0,3003.4479166666665,0.8342910879629629,79.59999999999587
2023_analysed,Exp_13_Feb_2023_1445_channel_1,True,False,13,Feb,2023,1445,1,3003.4479166666665,0.8342910879629629,5.200000000000159
2023_analysed,Exp_13_Feb_2023_1545_channel_0,True,False,13,Feb,2023,1545,0,3003.4270833333335,0.834285300925926,167.1999999999977
2023_analysed,Exp_13_Feb_2023_1545_channel_1,True,False,13,Feb,2023,1545,1,3003.4270833333335,0.834285300925926,6.0000000000002665
2023_analysed,Exp_13_Feb_2023_1645_channel_0,True,False,13,Feb,2023,1645,0,3003.7395833333335,0.8343721064814815,26.799999999999343
2023_analysed,Exp_13_Feb_2023_1645_channel_1,True,False,13,Feb,2023,1645,1,3003.7395833333335,0.8343721064814815,0.8000000000000682
2023_analysed,Exp_13_Feb_2023_1745_channel_0,True,False,13,Feb,2023,1745,0,3003.75,0.834375,3.200000000000159
2023_analysed,Exp_13_Feb_2023_1745_channel_1,True,False,13,Feb,2023,1745,1,3003.75,0.834375,0.0
2023_analysed,Exp_13_Jul_2023_0745_channel_0,True,False,13,Jul,2023,0745,0,3003.375,0.8342708333333333,19.600000000000875
2023_analysed,Exp_13_Jul_2023_0745_channel_1,True,False,13,Jul,2023,0745,1,3003.375,0.8342708333333333,13.599999999999397
2023_analysed,Exp_13_Jul_2023_0845_channel_0,True,False,13,Jul,2023,0845,0,3003.3645833333335,0.8342679398148148,25.199999999999477
2023_analysed,Exp_13_Jul_2023_0845_channel_1,True,False,13,Jul,2023,0845,1,3003.3645833333335,0.8342679398148148,24.399999999998727
2023_analysed,Exp_13_Jul_2023_0945_channel_0,True,False,13,Jul,2023,0945,0,3003.4895833333335,0.8343026620370371,41.20000000000155
2023_analysed,Exp_13_Jul_2023_0945_channel_1,True,False,13,Jul,2023,0945,1,3003.4895833333335,0.8343026620370371,117.20000000000118
2023_analysed,Exp_13_Jul_2023_1045_channel_0,True,False,13,Jul,2023,1045,0,3003.4166666666665,0.8342824074074073,90.40000000000097
2023_analysed,Exp_13_Jul_2023_1045_channel_1,True,False,13,Jul,2023,1045,1,3003.4166666666665,0.8342824074074073,53.600000000000236
2023_analysed,Exp_13_Jul_2023_1145_channel_0,True,False,13,Jul,2023,1145,0,3003.71875,0.8343663194444444,58.40000000000136
2023_analysed,Exp_13_Jul_2023_1145_channel_1,True,False,13,Jul,2023,1145,1,3003.71875,0.8343663194444444,112.80000000000004
2023_analysed,Exp_13_Jul_2023_1245_channel_0,True,False,13,Jul,2023,1245,0,3003.4270833333335,0.834285300925926,33.19999999999932
2023_analysed,Exp_13_Jul_2023_1245_channel_1,True,False,13,Jul,2023,1245,1,3003.4270833333335,0.834285300925926,6.7999999999988745
2023_analysed,Exp_13_Jul_2023_1345_channel_0,True,False,13,Jul,2023,1345,0,3003.40625,0.8342795138888889,59.20000000000233
2023_analysed,Exp_13_Jul_2023_1345_channel_1,True,False,13,Jul,2023,1345,1,3003.40625,0.8342795138888889,82.80000000000088
2023_analysed,Exp_13_Jul_2023_1445_channel_0,True,False,13,Jul,2023,1445,0,3004.9375,0.8347048611111111,71.99999999999902
2023_analysed,Exp_13_Jul_2023_1445_channel_1,True,False,13,Jul,2023,1445,1,3004.9375,0.8347048611111111,23.99999999999801
2023_analysed,Exp_13_Jul_2023_1545_channel_0,True,False,13,Jul,2023,1545,0,3003.8020833333335,0.8343894675925926,55.999999999999524
2023_analysed,Exp_13_Jul_2023_1545_channel_1,True,False,13,Jul,2023,1545,1,3003.8020833333335,0.8343894675925926,181.99999999999898
2023_analysed,Exp_13_Jul_2023_1645_channel_0,True,False,13,Jul,2023,1645,0,3003.5520833333335,0.8343200231481482,21.5999999999992
2023_analysed,Exp_13_Jul_2023_1645_channel_1,True,False,13,Jul,2023,1645,1,3003.5520833333335,0.8343200231481482,158.00000000000114
2023_analysed,Exp_13_Jul_2023_1745_channel_0,True,False,13,Jul,2023,1745,0,3003.5104166666665,0.834308449074074,60.00000000000015
2023_analysed,Exp_13_Jul_2023_1745_channel_1,True,False,13,Jul,2023,1745,1,3003.5104166666665,0.834308449074074,15.200000000000124
2023_analysed,Exp_13_Jun_2023_0745_channel_0,True,False,13,Jun,2023,0745,0,3003.5729166666665,0.8343258101851851,4.400000000000546
2023_analysed,Exp_13_Jun_2023_0745_channel_1,True,False,13,Jun,2023,0745,1,3003.5729166666665,0.8343258101851851,1.600000000000179
2023_analysed,Exp_13_Jun_2023_0745_channel_2,True,False,13,Jun,2023,0745,2,3003.5729166666665,0.8343258101851851,0.0
2023_analysed,Exp_13_Jun_2023_0845_channel_0,True,False,13,Jun,2023,0845,0,3003.5729166666665,0.8343258101851851,36.40000000000228
2023_analysed,Exp_13_Jun_2023_0845_channel_1,True,False,13,Jun,2023,0845,1,3003.5729166666665,0.8343258101851851,29.20000000000138
2023_analysed,Exp_13_Jun_2023_0845_channel_2,True,False,13,Jun,2023,0845,2,3003.5729166666665,0.8343258101851851,0.4000000000000057
2023_analysed,Exp_13_Jun_2023_0945_channel_0,True,False,13,Jun,2023,0945,0,3003.4583333333335,0.8342939814814815,42.400000000001384
2023_analysed,Exp_13_Jun_2023_0945_channel_1,True,False,13,Jun,2023,0945,1,3003.4583333333335,0.8342939814814815,96.7999999999987
2023_analysed,Exp_13_Jun_2023_0945_channel_2,True,False,13,Jun,2023,0945,2,3003.4583333333335,0.8342939814814815,0.0
2023_analysed,Exp_13_Jun_2023_1045_channel_0,True,False,13,Jun,2023,1045,0,3003.4791666666665,0.8342997685185185,158.7999999999989
2023_analysed,Exp_13_Jun_2023_1045_channel_1,True,False,13,Jun,2023,1045,1,3003.4791666666665,0.8342997685185185,91.99999999999673
2023_analysed,Exp_13_Jun_2023_1045_channel_2,True,False,13,Jun,2023,1045,2,3003.4791666666665,0.8342997685185185,0.0
2023_analysed,Exp_13_Jun_2023_1145_channel_0,True,False,13,Jun,2023,1145,0,3003.5208333333335,0.8343113425925927,150.00000000000233
2023_analysed,Exp_13_Jun_2023_1145_channel_1,True,False,13,Jun,2023,1145,1,3003.5208333333335,0.8343113425925927,122.40000000000103
2023_analysed,Exp_13_Jun_2023_1145_channel_2,True,False,13,Jun,2023,1145,2,3003.5208333333335,0.8343113425925927,0.0
2023_analysed,Exp_13_Jun_2023_1245_channel_0,True,False,13,Jun,2023,1245,0,3003.3125,0.8342534722222222,242.7999999999966
2023_analysed,Exp_13_Jun_2023_1245_channel_1,True,False,13,Jun,2023,1245,1,3003.3125,0.8342534722222222,122.3999999999997
2023_analysed,Exp_13_Jun_2023_1245_channel_2,True,False,13,Jun,2023,1245,2,3003.3125,0.8342534722222222,0.0
2023_analysed,Exp_13_Jun_2023_1345_channel_0,True,False,13,Jun,2023,1345,0,3003.375,0.8342708333333333,194.00000000000256
2023_analysed,Exp_13_Jun_2023_1345_channel_1,True,False,13,Jun,2023,1345,1,3003.375,0.8342708333333333,101.59999999999839
2023_analysed,Exp_13_Jun_2023_1345_channel_2,True,False,13,Jun,2023,1345,2,3003.375,0.8342708333333333,0.3999999999996362
2023_analysed,Exp_13_Jun_2023_1445_channel_0,True,False,13,Jun,2023,1445,0,3003.5729166666665,0.8343258101851851,220.80000000000265
2023_analysed,Exp_13_Jun_2023_1445_channel_1,True,False,13,Jun,2023,1445,1,3003.5729166666665,0.8343258101851851,69.19999999999987
2023_analysed,Exp_13_Jun_2023_1445_channel_2,True,False,13,Jun,2023,1445,2,3003.5729166666665,0.8343258101851851,0.4000000000000057
2023_analysed,Exp_13_Jun_2023_1545_channel_0,True,False,13,Jun,2023,1545,0,3003.4791666666665,0.8342997685185185,91.99999999999952
2023_analysed,Exp_13_Jun_2023_1545_channel_1,True,False,13,Jun,2023,1545,1,3003.4791666666665,0.8342997685185185,100.80000000000057
2023_analysed,Exp_13_Jun_2023_1545_channel_2,True,False,13,Jun,2023,1545,2,3003.4791666666665,0.8342997685185185,0.0
2023_analysed,Exp_13_Jun_2023_1645_channel_0,True,False,13,Jun,2023,1645,0,3003.3645833333335,0.8342679398148148,87.2000000000032
2023_analysed,Exp_13_Jun_2023_1645_channel_1,True,False,13,Jun,2023,1645,1,3003.3645833333335,0.8342679398148148,2.4000000000000057
2023_analysed,Exp_13_Jun_2023_1645_channel_2,True,False,13,Jun,2023,1645,2,3003.3645833333335,0.8342679398148148,0.0
2023_analysed,Exp_13_Jun_2023_1745_channel_0,True,False,13,Jun,2023,1745,0,3003.40625,0.8342795138888889,49.60000000000225
2023_analysed,Exp_13_Jun_2023_1745_channel_1,True,False,13,Jun,2023,1745,1,3003.40625,0.8342795138888889,1.199999999999818
2023_analysed,Exp_13_Jun_2023_1745_channel_2,True,False,13,Jun,2023,1745,2,3003.40625,0.8342795138888889,0.0
2023_analysed,Exp_13_Mar_2023_0745_channel_0,True,False,13,Mar,2023,0745,0,3003.7604166666665,0.8343778935185184,5.600000000000616
2023_analysed,Exp_13_Mar_2023_0745_channel_1,True,False,13,Mar,2023,0745,1,3003.7604166666665,0.8343778935185184,2.800000000000324
2023_analysed,Exp_13_Mar_2023_0745_channel_2,True,False,13,Mar,2023,0745,2,3003.7604166666665,0.8343778935185184,0.7999999999998408
2023_analysed,Exp_13_Mar_2023_0845_channel_0,True,False,13,Mar,2023,0845,0,3003.6666666666665,0.8343518518518518,11.200000000001182
2023_analysed,Exp_13_Mar_2023_0845_channel_1,True,False,13,Mar,2023,0845,1,3003.6666666666665,0.8343518518518518,38.40000000000046
2023_analysed,Exp_13_Mar_2023_0845_channel_2,True,False,13,Mar,2023,0845,2,3003.6666666666665,0.8343518518518518,0.0
2023_analysed,Exp_13_Mar_2023_0945_channel_0,True,False,13,Mar,2023,0945,0,3003.5,0.8343055555555555,35.60000000000035
2023_analysed,Exp_13_Mar_2023_0945_channel_1,True,False,13,Mar,2023,0945,1,3003.5,0.8343055555555555,193.9999999999982
2023_analysed,Exp_13_Mar_2023_0945_channel_2,True,False,13,Mar,2023,0945,2,3003.5,0.8343055555555555,0.0
2023_analysed,Exp_13_Mar_2023_1045_channel_0,True,False,13,Mar,2023,1045,0,3003.5,0.8343055555555555,17.600000000000136
2023_analysed,Exp_13_Mar_2023_1045_channel_1,True,False,13,Mar,2023,1045,1,3003.5,0.8343055555555555,18.00000000000027
2023_analysed,Exp_13_Mar_2023_1045_channel_2,True,False,13,Mar,2023,1045,2,3003.5,0.8343055555555555,0.0
2023_analysed,Exp_13_Mar_2023_1145_channel_0,True,False,13,Mar,2023,1145,0,3003.5520833333335,0.8343200231481482,20.00000000000022
2023_analysed,Exp_13_Mar_2023_1145_channel_1,True,False,13,Mar,2023,1145,1,3003.5520833333335,0.8343200231481482,167.1999999999988
2023_analysed,Exp_13_Mar_2023_1145_channel_2,True,False,13,Mar,2023,1145,2,3003.5520833333335,0.8343200231481482,0.0
2023_analysed,Exp_13_Mar_2023_1245_channel_0,True,False,13,Mar,2023,1245,0,3003.6458333333335,0.8343460648148149,36.399999999999125
2023_analysed,Exp_13_Mar_2023_1245_channel_1,True,False,13,Mar,2023,1245,1,3003.6458333333335,0.8343460648148149,29.599999999999596
2023_analysed,Exp_13_Mar_2023_1245_channel_2,True,False,13,Mar,2023,1245,2,3003.6458333333335,0.8343460648148149,2.7999999999999545
2023_analysed,Exp_13_Mar_2023_1345_channel_0,True,False,13,Mar,2023,1345,0,3003.5520833333335,0.8343200231481482,36.40000000000038
2023_analysed,Exp_13_Mar_2023_1345_channel_1,True,False,13,Mar,2023,1345,1,3003.5520833333335,0.8343200231481482,98.39999999999975
2023_analysed,Exp_13_Mar_2023_1345_channel_2,True,False,13,Mar,2023,1345,2,3003.5520833333335,0.8343200231481482,1.199999999999818
2023_analysed,Exp_13_Mar_2023_1445_channel_0,True,False,13,Mar,2023,1445,0,3003.3854166666665,0.8342737268518519,52.799999999999415
2023_analysed,Exp_13_Mar_2023_1445_channel_1,True,False,13,Mar,2023,1445,1,3003.3854166666665,0.8342737268518519,126.40000000000171
2023_analysed,Exp_13_Mar_2023_1445_channel_2,True,False,13,Mar,2023,1445,2,3003.3854166666665,0.8342737268518519,2.0000000000001705
2023_analysed,Exp_13_Mar_2023_1545_channel_0,True,False,13,Mar,2023,1545,0,3003.6041666666665,0.8343344907407407,66.8000000000014
2023_analysed,Exp_13_Mar_2023_1545_channel_1,True,False,13,Mar,2023,1545,1,3003.6041666666665,0.8343344907407407,318.0000000000011
2023_analysed,Exp_13_Mar_2023_1545_channel_2,True,False,13,Mar,2023,1545,2,3003.6041666666665,0.8343344907407407,3.199999999999818
2023_analysed,Exp_13_Mar_2023_1645_channel_0,True,False,13,Mar,2023,1645,0,3003.46875,0.834296875,3.199999999999932
2023_analysed,Exp_13_Mar_2023_1645_channel_1,True,False,13,Mar,2023,1645,1,3003.46875,0.834296875,3.2000000000001307
2023_analysed,Exp_13_Mar_2023_1645_channel_2,True,False,13,Mar,2023,1645,2,3003.46875,0.834296875,1.199999999999818
2023_analysed,Exp_13_Mar_2023_1745_channel_0,True,False,13,Mar,2023,1745,0,3003.5104166666665,0.834308449074074,2.0
2023_analysed,Exp_13_Mar_2023_1745_channel_1,True,False,13,Mar,2023,1745,1,3003.5104166666665,0.834308449074074,0.0
2023_analysed,Exp_13_Mar_2023_1745_channel_2,True,False,13,Mar,2023,1745,2,3003.5104166666665,0.834308449074074,0.0
2023_analysed,Exp_13_May_2023_0745_channel_0,True,False,13,May,2023,0745,0,3003.3645833333335,0.8342679398148148,3.2000000000001023
2023_analysed,Exp_13_May_2023_0745_channel_1,True,False,13,May,2023,0745,1,3003.3645833333335,0.8342679398148148,2.0000000000004547
2023_analysed,Exp_13_May_2023_0745_channel_2,True,False,13,May,2023,0745,2,3003.3645833333335,0.8342679398148148,3.6000000000006764
2023_analysed,Exp_13_May_2023_0845_channel_0,True,False,13,May,2023,0845,0,3003.5,0.8343055555555555,92.79999999999933
2023_analysed,Exp_13_May_2023_0845_channel_1,True,False,13,May,2023,0845,1,3003.5,0.8343055555555555,57.599999999999156
2023_analysed,Exp_13_May_2023_0845_channel_2,True,False,13,May,2023,0845,2,3003.5,0.8343055555555555,0.0
2023_analysed,Exp_13_May_2023_0945_channel_0,True,False,13,May,2023,0945,0,3003.9166666666665,0.8344212962962962,79.19999999999797
2023_analysed,Exp_13_May_2023_0945_channel_1,True,False,13,May,2023,0945,1,3003.9166666666665,0.8344212962962962,160.79999999999848
2023_analysed,Exp_13_May_2023_0945_channel_2,True,False,13,May,2023,0945,2,3003.9166666666665,0.8344212962962962,0.0
2023_analysed,Exp_13_May_2023_1045_channel_0,True,False,13,May,2023,1045,0,3003.5520833333335,0.8343200231481482,99.99999999999994
2023_analysed,Exp_13_May_2023_1045_channel_1,True,False,13,May,2023,1045,1,3003.5520833333335,0.8343200231481482,70.80000000000229
2023_analysed,Exp_13_May_2023_1045_channel_2,True,False,13,May,2023,1045,2,3003.5520833333335,0.8343200231481482,0.0
2023_analysed,Exp_13_May_2023_1145_channel_0,True,False,13,May,2023,1145,0,3003.5,0.8343055555555555,97.19999999999918
2023_analysed,Exp_13_May_2023_1145_channel_1,True,False,13,May,2023,1145,1,3003.5,0.8343055555555555,175.99999999999991
2023_analysed,Exp_13_May_2023_1145_channel_2,True,False,13,May,2023,1145,2,3003.5,0.8343055555555555,0.40000000000009095
2023_analysed,Exp_13_May_2023_1245_channel_0,True,False,13,May,2023,1245,0,3003.7083333333335,0.8343634259259259,125.99999999999974
2023_analysed,Exp_13_May_2023_1245_channel_1,True,False,13,May,2023,1245,1,3003.7083333333335,0.8343634259259259,116.3999999999998
2023_analysed,Exp_13_May_2023_1245_channel_2,True,False,13,May,2023,1245,2,3003.7083333333335,0.8343634259259259,0.0
2023_analysed,Exp_13_May_2023_1345_channel_0,True,False,13,May,2023,1345,0,3003.5520833333335,0.8343200231481482,103.99999999999896
2023_analysed,Exp_13_May_2023_1345_channel_1,True,False,13,May,2023,1345,1,3003.5520833333335,0.8343200231481482,166.4000000000002
2023_analysed,Exp_13_May_2023_1345_channel_2,True,False,13,May,2023,1345,2,3003.5520833333335,0.8343200231481482,0.0
2023_analysed,Exp_13_May_2023_1445_channel_0,True,False,13,May,2023,1445,0,3003.6041666666665,0.8343344907407407,173.5999999999961
2023_analysed,Exp_13_May_2023_1445_channel_1,True,False,13,May,2023,1445,1,3003.6041666666665,0.8343344907407407,56.00000000000104
2023_analysed,Exp_13_May_2023_1445_channel_2,True,False,13,May,2023,1445,2,3003.6041666666665,0.8343344907407407,0.39999999999997726
2023_analysed,Exp_13_May_2023_1545_channel_0,True,False,13,May,2023,1545,0,3003.5,0.8343055555555555,140.79999999999671
2023_analysed,Exp_13_May_2023_1545_channel_1,True,False,13,May,2023,1545,1,3003.5,0.8343055555555555,221.99999999999903
2023_analysed,Exp_13_May_2023_1545_channel_2,True,False,13,May,2023,1545,2,3003.5,0.8343055555555555,0.0
2023_analysed,Exp_13_May_2023_1645_channel_0,True,False,13,May,2023,1645,0,3003.4479166666665,0.8342910879629629,66.00000000000196
2023_analysed,Exp_13_May_2023_1645_channel_1,True,False,13,May,2023,1645,1,3003.4479166666665,0.8342910879629629,13.20000000000007
2023_analysed,Exp_13_May_2023_1645_channel_2,True,False,13,May,2023,1645,2,3003.4479166666665,0.8342910879629629,0.0
2023_analysed,Exp_13_May_2023_1745_channel_0,True,False,13,May,2023,1745,0,3003.5833333333335,0.8343287037037037,124.40000000000062
2023_analysed,Exp_13_May_2023_1745_channel_1,True,False,13,May,2023,1745,1,3003.5833333333335,0.8343287037037037,43.60000000000065
2023_analysed,Exp_13_May_2023_1745_channel_2,True,False,13,May,2023,1745,2,3003.5833333333335,0.8343287037037037,0.7999999999999545
2023_analysed,Exp_13_Nov_2023_0845_channel_1,True,False,13,Nov,2023,0845,1,3007.2916666666665,0.8353587962962963,57.60000000000034
2023_analysed,Exp_13_Sep_2023_1245_channel_0,True,False,13,Sep,2023,1245,0,3009.0,0.8358333333333333,0.0
2023_analysed,Exp_14_Aug_2023_1545_channel_0,True,False,14,Aug,2023,1545,0,3004.15625,0.8344878472222222,54.000000000001364
2023_analysed,Exp_14_Dec_2023_0845_channel_0,True,False,14,Dec,2023,0845,0,3007.0208333333335,0.8352835648148148,0.8000000000000682
2023_analysed,Exp_14_Feb_2023_0745_channel_0,True,False,14,Feb,2023,0745,0,3003.78125,0.8343836805555556,5.9999999999998295
2023_analysed,Exp_14_Feb_2023_0745_channel_1,True,False,14,Feb,2023,0745,1,3003.78125,0.8343836805555556,0.0
2023_analysed,Exp_14_Feb_2023_0845_channel_0,True,False,14,Feb,2023,0845,0,3003.96875,0.8344357638888888,65.19999999999905
2023_analysed,Exp_14_Feb_2023_0845_channel_1,True,False,14,Feb,2023,0845,1,3003.96875,0.8344357638888888,4.000000000000227
2023_analysed,Exp_14_Feb_2023_0945_channel_0,True,False,14,Feb,2023,0945,0,3003.6875,0.8343576388888889,57.99999999999959
2023_analysed,Exp_14_Feb_2023_0945_channel_1,True,False,14,Feb,2023,0945,1,3003.6875,0.8343576388888889,0.0
2023_analysed,Exp_14_Feb_2023_1045_channel_0,True,False,14,Feb,2023,1045,0,3003.6979166666665,0.8343605324074074,128.399999999999
2023_analysed,Exp_14_Feb_2023_1045_channel_1,True,False,14,Feb,2023,1045,1,3003.6979166666665,0.8343605324074074,104.7999999999995
2023_analysed,Exp_14_Feb_2023_1145_channel_0,True,False,14,Feb,2023,1145,0,3004.34375,0.8345399305555555,124.00000000000034
2023_analysed,Exp_14_Feb_2023_1145_channel_1,True,False,14,Feb,2023,1145,1,3004.34375,0.8345399305555555,25.200000000000387
2023_analysed,Exp_14_Feb_2023_1245_channel_0,True,False,14,Feb,2023,1245,0,3003.5208333333335,0.8343113425925927,261.9999999999975
2023_analysed,Exp_14_Feb_2023_1245_channel_1,True,False,14,Feb,2023,1245,1,3003.5208333333335,0.8343113425925927,128.39999999999992
2023_analysed,Exp_14_Feb_2023_1345_channel_0,True,False,14,Feb,2023,1345,0,3003.78125,0.8343836805555556,152.7999999999993
2023_analysed,Exp_14_Feb_2023_1345_channel_1,True,False,14,Feb,2023,1345,1,3003.78125,0.8343836805555556,7.999999999999858
2023_analysed,Exp_14_Feb_2023_1445_channel_0,True,False,14,Feb,2023,1445,0,3003.5520833333335,0.8343200231481482,96.39999999999962
2023_analysed,Exp_14_Feb_2023_1445_channel_1,True,False,14,Feb,2023,1445,1,3003.5520833333335,0.8343200231481482,17.599999999999767
2023_analysed,Exp_14_Feb_2023_1545_channel_0,True,False,14,Feb,2023,1545,0,3003.4166666666665,0.8342824074074073,79.99999999999935
2023_analysed,Exp_14_Feb_2023_1545_channel_1,True,False,14,Feb,2023,1545,1,3003.4166666666665,0.8342824074074073,8.000000000000085
2023_analysed,Exp_14_Feb_2023_1645_channel_0,True,False,14,Feb,2023,1645,0,3003.875,0.8344097222222222,34.40000000000047
2023_analysed,Exp_14_Feb_2023_1645_channel_1,True,False,14,Feb,2023,1645,1,3003.875,0.8344097222222222,0.0
2023_analysed,Exp_14_Feb_2023_1745_channel_0,True,False,14,Feb,2023,1745,0,3003.8125,0.8343923611111111,3.19999999999996
2023_analysed,Exp_14_Feb_2023_1745_channel_1,True,False,14,Feb,2023,1745,1,3003.8125,0.8343923611111111,0.0
2023_analysed,Exp_14_Jul_2023_0745_channel_0,True,False,14,Jul,2023,0745,0,3003.4166666666665,0.8342824074074073,24.400000000000546
2023_analysed,Exp_14_Jul_2023_0745_channel_1,True,False,14,Jul,2023,0745,1,3003.4166666666665,0.8342824074074073,26.399999999999864
2023_analysed,Exp_14_Jul_2023_0845_channel_0,True,False,14,Jul,2023,0845,0,3003.5416666666665,0.8343171296296296,6.0000000000001705
2023_analysed,Exp_14_Jul_2023_0845_channel_1,True,False,14,Jul,2023,0845,1,3003.5416666666665,0.8343171296296296,3.6000000000000227
2023_analysed,Exp_14_Jul_2023_0945_channel_0,True,False,14,Jul,2023,0945,0,3003.4166666666665,0.8342824074074073,16.39999999999955
2023_analysed,Exp_14_Jul_2023_0945_channel_1,True,False,14,Jul,2023,0945,1,3003.4166666666665,0.8342824074074073,48.40000000000004
2023_analysed,Exp_14_Jul_2023_1045_channel_0,True,False,14,Jul,2023,1045,0,3003.46875,0.834296875,39.99999999999849
2023_analysed,Exp_14_Jul_2023_1045_channel_1,True,False,14,Jul,2023,1045,1,3003.46875,0.834296875,17.599999999999227
2023_analysed,Exp_14_Jul_2023_1145_channel_0,True,False,14,Jul,2023,1145,0,3003.3958333333335,0.8342766203703704,37.59999999999903
2023_analysed,Exp_14_Jul_2023_1145_channel_1,True,False,14,Jul,2023,1145,1,3003.3958333333335,0.8342766203703704,78.40000000000038
2023_analysed,Exp_14_Jul_2023_1245_channel_0,True,False,14,Jul,2023,1245,0,3003.5833333333335,0.8343287037037037,0.0
2023_analysed,Exp_14_Jul_2023_1245_channel_1,True,False,14,Jul,2023,1245,1,3003.5833333333335,0.8343287037037037,7.199999999999783
2023_analysed,Exp_14_Jul_2023_1345_channel_0,True,False,14,Jul,2023,1345,0,3003.4895833333335,0.8343026620370371,29.199999999999527
2023_analysed,Exp_14_Jul_2023_1345_channel_1,True,False,14,Jul,2023,1345,1,3003.4895833333335,0.8343026620370371,47.20000000000004
2023_analysed,Exp_14_Jul_2023_1445_channel_0,True,False,14,Jul,2023,1445,0,3003.59375,0.8343315972222223,30.800000000000622
2023_analysed,Exp_14_Jul_2023_1445_channel_1,True,False,14,Jul,2023,1445,1,3003.59375,0.8343315972222223,16.79999999999967
2023_analysed,Exp_14_Jul_2023_1545_channel_0,True,False,14,Jul,2023,1545,0,3003.7083333333335,0.8343634259259259,0.0
2023_analysed,Exp_14_Jul_2023_1545_channel_1,True,False,14,Jul,2023,1545,1,3003.7083333333335,0.8343634259259259,69.20000000000272
2023_analysed,Exp_14_Jul_2023_1645_channel_0,True,False,14,Jul,2023,1645,0,3003.6666666666665,0.8343518518518518,29.199999999997353
2023_analysed,Exp_14_Jul_2023_1645_channel_1,True,False,14,Jul,2023,1645,1,3003.6666666666665,0.8343518518518518,77.60000000000095
2023_analysed,Exp_14_Jul_2023_1745_channel_0,True,False,14,Jul,2023,1745,0,3003.7395833333335,0.8343721064814815,28.8000000000009
2023_analysed,Exp_14_Jul_2023_1745_channel_1,True,False,14,Jul,2023,1745,1,3003.7395833333335,0.8343721064814815,2.7999999999999545
2023_analysed,Exp_14_Jun_2023_0745_channel_0,True,False,14,Jun,2023,0745,0,3003.4583333333335,0.8342939814814815,1.5999999999996817
2023_analysed,Exp_14_Jun_2023_0745_channel_1,True,False,14,Jun,2023,0745,1,3003.4583333333335,0.8342939814814815,2.800000000000068
2023_analysed,Exp_14_Jun_2023_0745_channel_2,True,False,14,Jun,2023,0745,2,3003.4583333333335,0.8342939814814815,1.199999999999136
2023_analysed,Exp_14_Jun_2023_0845_channel_0,True,False,14,Jun,2023,0845,0,3003.40625,0.8342795138888889,3.999999999999517
2023_analysed,Exp_14_Jun_2023_0845_channel_1,True,False,14,Jun,2023,0845,1,3003.40625,0.8342795138888889,2.3999999999996646
2023_analysed,Exp_14_Jun_2023_0845_channel_2,True,False,14,Jun,2023,0845,2,3003.40625,0.8342795138888889,1.6000000000002501
2023_analysed,Exp_14_Jun_2023_0945_channel_0,True,False,14,Jun,2023,0945,0,3003.5104166666665,0.834308449074074,64.80000000000014
2023_analysed,Exp_14_Jun_2023_0945_channel_1,True,False,14,Jun,2023,0945,1,3003.5104166666665,0.834308449074074,114.40000000000057
2023_analysed,Exp_14_Jun_2023_0945_channel_2,True,False,14,Jun,2023,0945,2,3003.5104166666665,0.834308449074074,1.9999999999996874
2023_analysed,Exp_14_Jun_2023_1045_channel_0,True,False,14,Jun,2023,1045,0,3003.4583333333335,0.8342939814814815,21.20000000000084
2023_analysed,Exp_14_Jun_2023_1045_channel_1,True,False,14,Jun,2023,1045,1,3003.4583333333335,0.8342939814814815,1.9999999999997726
2023_analysed,Exp_14_Jun_2023_1045_channel_2,True,False,14,Jun,2023,1045,2,3003.4583333333335,0.8342939814814815,0.7999999999998408
2023_analysed,Exp_14_Jun_2023_1145_channel_0,True,False,14,Jun,2023,1145,0,3003.5416666666665,0.8343171296296296,61.19999999999929
2023_analysed,Exp_14_Jun_2023_1145_channel_1,True,False,14,Jun,2023,1145,1,3003.5416666666665,0.8343171296296296,95.99999999999991
2023_analysed,Exp_14_Jun_2023_1145_channel_2,True,False,14,Jun,2023,1145,2,3003.5416666666665,0.8343171296296296,0.0
2023_analysed,Exp_14_Jun_2023_1245_channel_0,True,False,14,Jun,2023,1245,0,3003.3229166666665,0.8342563657407407,43.99999999999969
2023_analysed,Exp_14_Jun_2023_1245_channel_1,True,False,14,Jun,2023,1245,1,3003.3229166666665,0.8342563657407407,3.599999999999909
2023_analysed,Exp_14_Jun_2023_1245_channel_2,True,False,14,Jun,2023,1245,2,3003.3229166666665,0.8342563657407407,0.0
2023_analysed,Exp_14_Jun_2023_1345_channel_0,True,False,14,Jun,2023,1345,0,3003.40625,0.8342795138888889,115.99999999999784
2023_analysed,Exp_14_Jun_2023_1345_channel_1,True,False,14,Jun,2023,1345,1,3003.40625,0.8342795138888889,124.3999999999987
2023_analysed,Exp_14_Jun_2023_1345_channel_2,True,False,14,Jun,2023,1345,2,3003.40625,0.8342795138888889,0.0
2023_analysed,Exp_14_Jun_2023_1445_channel_0,True,False,14,Jun,2023,1445,0,3003.375,0.8342708333333333,84.800000000002
2023_analysed,Exp_14_Jun_2023_1445_channel_1,True,False,14,Jun,2023,1445,1,3003.375,0.8342708333333333,91.59999999999728
2023_analysed,Exp_14_Jun_2023_1445_channel_2,True,False,14,Jun,2023,1445,2,3003.375,0.8342708333333333,0.0
2023_analysed,Exp_14_Jun_2023_1545_channel_0,True,False,14,Jun,2023,1545,0,3003.4270833333335,0.834285300925926,43.59999999999967
2023_analysed,Exp_14_Jun_2023_1545_channel_1,True,False,14,Jun,2023,1545,1,3003.4270833333335,0.834285300925926,106.00000000000033
2023_analysed,Exp_14_Jun_2023_1545_channel_2,True,False,14,Jun,2023,1545,2,3003.4270833333335,0.834285300925926,0.0
2023_analysed,Exp_14_Jun_2023_1645_channel_0,True,False,14,Jun,2023,1645,0,3003.4583333333335,0.8342939814814815,44.00000000000125
2023_analysed,Exp_14_Jun_2023_1645_channel_1,True,False,14,Jun,2023,1645,1,3003.4583333333335,0.8342939814814815,3.6000000000004775
2023_analysed,Exp_14_Jun_2023_1645_channel_2,True,False,14,Jun,2023,1645,2,3003.4583333333335,0.8342939814814815,0.0
2023_analysed,Exp_14_Jun_2023_1745_channel_0,True,False,14,Jun,2023,1745,0,3003.625,0.8343402777777778,22.40000000000046
2023_analysed,Exp_14_Jun_2023_1745_channel_1,True,False,14,Jun,2023,1745,1,3003.625,0.8343402777777778,3.599999999999504
2023_analysed,Exp_14_Jun_2023_1745_channel_2,True,False,14,Jun,2023,1745,2,3003.625,0.8343402777777778,0.0
2023_analysed,Exp_14_Mar_2023_0745_channel_0,True,False,14,Mar,2023,0745,0,3003.6458333333335,0.8343460648148149,1.2000000000000455
2023_analysed,Exp_14_Mar_2023_0745_channel_1,True,False,14,Mar,2023,0745,1,3003.6458333333335,0.8343460648148149,2.4000000000003183
2023_analysed,Exp_14_Mar_2023_0745_channel_2,True,False,14,Mar,2023,0745,2,3003.6458333333335,0.8343460648148149,0.0
2023_analysed,Exp_14_Mar_2023_0845_channel_0,True,False,14,Mar,2023,0845,0,3003.4479166666665,0.8342910879629629,1.599999999999909
2023_analysed,Exp_14_Mar_2023_0845_channel_1,True,False,14,Mar,2023,0845,1,3003.4479166666665,0.8342910879629629,12.400000000000233
2023_analysed,Exp_14_Mar_2023_0845_channel_2,True,False,14,Mar,2023,0845,2,3003.4479166666665,0.8342910879629629,0.0
2023_analysed,Exp_14_Mar_2023_0945_channel_0,True,False,14,Mar,2023,0945,0,3003.7291666666665,0.834369212962963,4.400000000000318
2023_analysed,Exp_14_Mar_2023_0945_channel_1,True,False,14,Mar,2023,0945,1,3003.7291666666665,0.834369212962963,27.60000000000008
2023_analysed,Exp_14_Mar_2023_0945_channel_2,True,False,14,Mar,2023,0945,2,3003.7291666666665,0.834369212962963,0.4000000000000057
2023_analysed,Exp_14_Mar_2023_1045_channel_0,True,False,14,Mar,2023,1045,0,921.4895833333334,0.2559693287037037,0.0
2023_analysed,Exp_14_Mar_2023_1045_channel_1,True,False,14,Mar,2023,1045,1,921.4931041666666,0.25597030671296295,0.8000000000000682
2023_analysed,Exp_14_Mar_2023_1045_channel_2,True,False,14,Mar,2023,1045,2,921.5144375,0.2559762326388889,0.0
2023_analysed,Exp_14_May_2023_0745_channel_0,True,False,14,May,2023,0745,0,3003.6770833333335,0.8343547453703705,2.3999999999999204
2023_analysed,Exp_14_May_2023_0745_channel_1,True,False,14,May,2023,0745,1,3003.6770833333335,0.8343547453703705,0.0
2023_analysed,Exp_14_May_2023_0745_channel_2,True,False,14,May,2023,0745,2,3003.6770833333335,0.8343547453703705,17.19999999999925
2023_analysed,Exp_14_May_2023_0845_channel_0,True,False,14,May,2023,0845,0,3003.6145833333335,0.8343373842592593,3.2000000000000455
2023_analysed,Exp_14_May_2023_0845_channel_1,True,False,14,May,2023,0845,1,3003.6145833333335,0.8343373842592593,28.40000000000113
2023_analysed,Exp_14_May_2023_0845_channel_2,True,False,14,May,2023,0845,2,3003.6145833333335,0.8343373842592593,19.99999999999983
2023_analysed,Exp_14_May_2023_0945_channel_0,True,False,14,May,2023,0945,0,3003.5104166666665,0.834308449074074,47.19999999999986
2023_analysed,Exp_14_May_2023_0945_channel_1,True,False,14,May,2023,0945,1,3003.5104166666665,0.834308449074074,68.0000000000005
2023_analysed,Exp_14_May_2023_0945_channel_2,True,False,14,May,2023,0945,2,3003.5104166666665,0.834308449074074,1.6000000000002501
2023_analysed,Exp_14_May_2023_1045_channel_0,True,False,14,May,2023,1045,0,3003.3854166666665,0.8342737268518519,109.60000000000144
2023_analysed,Exp_14_May_2023_1045_channel_1,True,False,14,May,2023,1045,1,3003.3854166666665,0.8342737268518519,107.20000000000027
2023_analysed,Exp_14_May_2023_1045_channel_2,True,False,14,May,2023,1045,2,3003.3854166666665,0.8342737268518519,3.199999999999868
2023_analysed,Exp_14_May_2023_1145_channel_0,True,False,14,May,2023,1145,0,3003.4583333333335,0.8342939814814815,74.40000000000023
2023_analysed,Exp_14_May_2023_1145_channel_1,True,False,14,May,2023,1145,1,3003.4583333333335,0.8342939814814815,59.20000000000013
2023_analysed,Exp_14_May_2023_1145_channel_2,True,False,14,May,2023,1145,2,3003.4583333333335,0.8342939814814815,0.0
2023_analysed,Exp_14_May_2023_1245_channel_0,True,False,14,May,2023,1245,0,3003.6041666666665,0.8343344907407407,47.59999999999751
2023_analysed,Exp_14_May_2023_1245_channel_1,True,False,14,May,2023,1245,1,3003.6041666666665,0.8343344907407407,74.80000000000246
2023_analysed,Exp_14_May_2023_1245_channel_2,True,False,14,May,2023,1245,2,3003.6041666666665,0.8343344907407407,0.0
2023_analysed,Exp_14_May_2023_1345_channel_0,True,False,14,May,2023,1345,0,3003.5520833333335,0.8343200231481482,104.39999999999705
2023_analysed,Exp_14_May_2023_1345_channel_1,True,False,14,May,2023,1345,1,3003.5520833333335,0.8343200231481482,138.39999999999824
2023_analysed,Exp_14_May_2023_1345_channel_2,True,False,14,May,2023,1345,2,3003.5520833333335,0.8343200231481482,0.0
2023_analysed,Exp_14_May_2023_1445_channel_0,True,False,14,May,2023,1445,0,3003.4583333333335,0.8342939814814815,129.60000000000315
2023_analysed,Exp_14_May_2023_1445_channel_1,True,False,14,May,2023,1445,1,3003.4583333333335,0.8342939814814815,243.20000000000005
2023_analysed,Exp_14_May_2023_1445_channel_2,True,False,14,May,2023,1445,2,3003.4583333333335,0.8342939814814815,0.0
2023_analysed,Exp_14_May_2023_1545_channel_0,True,False,14,May,2023,1545,0,3003.5208333333335,0.8343113425925927,48.000000000001705
2023_analysed,Exp_14_May_2023_1545_channel_1,True,False,14,May,2023,1545,1,3003.5208333333335,0.8343113425925927,39.599999999999255
2023_analysed,Exp_14_May_2023_1545_channel_2,True,False,14,May,2023,1545,2,3003.5208333333335,0.8343113425925927,0.0
2023_analysed,Exp_14_May_2023_1645_channel_0,True,False,14,May,2023,1645,0,3003.8229166666665,0.8343952546296296,17.199999999999072
2023_analysed,Exp_14_May_2023_1645_channel_1,True,False,14,May,2023,1645,1,3003.8229166666665,0.8343952546296296,3.199999999999818
2023_analysed,Exp_14_May_2023_1645_channel_2,True,False,14,May,2023,1645,2,3003.8229166666665,0.8343952546296296,0.0
2023_analysed,Exp_14_May_2023_1745_channel_0,True,False,14,May,2023,1745,0,3003.4895833333335,0.8343026620370371,12.800000000000207
2023_analysed,Exp_14_May_2023_1745_channel_1,True,False,14,May,2023,1745,1,3003.4895833333335,0.8343026620370371,4.800000000000182
2023_analysed,Exp_14_May_2023_1745_channel_2,True,False,14,May,2023,1745,2,3003.4895833333335,0.8343026620370371,0.0
2023_analysed,Exp_15_Aug_2023_1345_channel_1,True,False,15,Aug,2023,1345,1,3003.4375,0.8342881944444445,113.20000000000063
2023_analysed,Exp_15_Dec_2023_1445_channel_0,True,False,15,Dec,2023,1445,0,3009.8645833333335,0.8360734953703705,0.40000000000009095
2023_analysed,Exp_15_Feb_2023_0745_channel_0,True,False,15,Feb,2023,0745,0,3003.6770833333335,0.8343547453703705,3.199999999999818
2023_analysed,Exp_15_Feb_2023_0745_channel_1,True,False,15,Feb,2023,0745,1,3003.6770833333335,0.8343547453703705,0.39999999999997726
2023_analysed,Exp_15_Feb_2023_0845_channel_0,True,False,15,Feb,2023,0845,0,3003.6041666666665,0.8343344907407407,11.600000000000534
2023_analysed,Exp_15_Feb_2023_0845_channel_1,True,False,15,Feb,2023,0845,1,3003.6041666666665,0.8343344907407407,0.0
2023_analysed,Exp_15_Feb_2023_0945_channel_0,True,False,15,Feb,2023,0945,0,3003.4479166666665,0.8342910879629629,76.00000000000041
2023_analysed,Exp_15_Feb_2023_0945_channel_1,True,False,15,Feb,2023,0945,1,3003.4479166666665,0.8342910879629629,12.800000000000196
2023_analysed,Exp_15_Feb_2023_1045_channel_0,True,False,15,Feb,2023,1045,0,3003.7291666666665,0.834369212962963,33.60000000000127
2023_analysed,Exp_15_Feb_2023_1045_channel_1,True,False,15,Feb,2023,1045,1,3003.7291666666665,0.834369212962963,3.600000000000364
2023_analysed,Exp_15_Feb_2023_1145_channel_0,True,False,15,Feb,2023,1145,0,3003.53125,0.8343142361111111,105.59999999999985
2023_analysed,Exp_15_Feb_2023_1145_channel_1,True,False,15,Feb,2023,1145,1,3003.53125,0.8343142361111111,5.600000000000159
2023_analysed,Exp_15_Feb_2023_1245_channel_0,True,False,15,Feb,2023,1245,0,3003.5416666666665,0.8343171296296296,58.800000000001575
2023_analysed,Exp_15_Feb_2023_1245_channel_1,True,False,15,Feb,2023,1245,1,3003.5416666666665,0.8343171296296296,6.000000000000227
2023_analysed,Exp_15_Feb_2023_1345_channel_0,True,False,15,Feb,2023,1345,0,3003.4583333333335,0.8342939814814815,75.19999999999949
2023_analysed,Exp_15_Feb_2023_1345_channel_1,True,False,15,Feb,2023,1345,1,3003.4583333333335,0.8342939814814815,4.8000000000004945
2023_analysed,Exp_15_Feb_2023_1445_channel_0,True,False,15,Feb,2023,1445,0,3003.3645833333335,0.8342679398148148,89.59999999999816
2023_analysed,Exp_15_Feb_2023_1445_channel_1,True,False,15,Feb,2023,1445,1,3003.3645833333335,0.8342679398148148,13.600000000000364
2023_analysed,Exp_15_Feb_2023_1545_channel_0,True,False,15,Feb,2023,1545,0,3003.4895833333335,0.8343026620370371,143.60000000000048
2023_analysed,Exp_15_Feb_2023_1545_channel_1,True,False,15,Feb,2023,1545,1,3003.4895833333335,0.8343026620370371,16.7999999999995
2023_analysed,Exp_15_Feb_2023_1645_channel_0,True,False,15,Feb,2023,1645,0,3004.1145833333335,0.8344762731481482,8.399999999999949
2023_analysed,Exp_15_Feb_2023_1645_channel_1,True,False,15,Feb,2023,1645,1,3004.1145833333335,0.8344762731481482,3.600000000000108
2023_analysed,Exp_15_Feb_2023_1745_channel_0,True,False,15,Feb,2023,1745,0,3004.3958333333335,0.8345543981481481,4.799999999999784
2023_analysed,Exp_15_Feb_2023_1745_channel_1,True,False,15,Feb,2023,1745,1,3004.3958333333335,0.8345543981481481,0.39999999999997726
2023_analysed,Exp_15_Jul_2023_0745_channel_0,True,False,15,Jul,2023,0745,0,2997.7291666666665,0.8327025462962963,7.6000000000006995
2023_analysed,Exp_15_Jul_2023_0745_channel_1,True,False,15,Jul,2023,0745,1,2997.7291666666665,0.8327025462962963,2.0
2023_analysed,Exp_15_Jul_2023_0845_channel_0,True,False,15,Jul,2023,0845,0,3003.65625,0.8343489583333333,56.39999999999921
2023_analysed,Exp_15_Jul_2023_0845_channel_1,True,False,15,Jul,2023,0845,1,3003.65625,0.8343489583333333,22.799999999998505
2023_analysed,Exp_15_Jul_2023_0945_channel_0,True,False,15,Jul,2023,0945,0,3003.4895833333335,0.8343026620370371,29.599999999999156
2023_analysed,Exp_15_Jul_2023_0945_channel_1,True,False,15,Jul,2023,0945,1,3003.4895833333335,0.8343026620370371,72.00000000000003
2023_analysed,Exp_15_Jul_2023_1045_channel_0,True,False,15,Jul,2023,1045,0,3005.1979166666665,0.834777199074074,0.8000000000001819
2023_analysed,Exp_15_Jul_2023_1045_channel_1,True,False,15,Jul,2023,1045,1,3005.1979166666665,0.834777199074074,4.800000000000182
2023_analysed,Exp_15_Jul_2023_1145_channel_0,True,False,15,Jul,2023,1145,0,3003.8958333333335,0.8344155092592593,0.0
2023_analysed,Exp_15_Jul_2023_1145_channel_1,True,False,15,Jul,2023,1145,1,3003.8958333333335,0.8344155092592593,33.19999999999986
2023_analysed,Exp_15_Jul_2023_1245_channel_0,True,False,15,Jul,2023,1245,0,3003.65625,0.8343489583333333,0.40000000000009095
2023_analysed,Exp_15_Jul_2023_1245_channel_1,True,False,15,Jul,2023,1245,1,3003.65625,0.8343489583333333,17.19999999999927
2023_analysed,Exp_15_Jul_2023_1345_channel_0,True,False,15,Jul,2023,1345,0,3003.53125,0.8343142361111111,0.0
2023_analysed,Exp_15_Jul_2023_1345_channel_1,True,False,15,Jul,2023,1345,1,3003.53125,0.8343142361111111,71.99999999999966
2023_analysed,Exp_15_Jul_2023_1445_channel_0,True,False,15,Jul,2023,1445,0,3003.5208333333335,0.8343113425925927,0.40000000000009095
2023_analysed,Exp_15_Jul_2023_1445_channel_1,True,False,15,Jul,2023,1445,1,3003.5208333333335,0.8343113425925927,31.19999999999939
2023_analysed,Exp_15_Jul_2023_1545_channel_0,True,False,15,Jul,2023,1545,0,3003.53125,0.8343142361111111,0.0
2023_analysed,Exp_15_Jul_2023_1545_channel_1,True,False,15,Jul,2023,1545,1,3003.53125,0.8343142361111111,242.00000000000128
2023_analysed,Exp_15_Jul_2023_1645_channel_0,True,False,15,Jul,2023,1645,0,3003.5416666666665,0.8343171296296296,0.0
2023_analysed,Exp_15_Jul_2023_1645_channel_1,True,False,15,Jul,2023,1645,1,3003.5416666666665,0.8343171296296296,71.6000000000013
2023_analysed,Exp_15_Jul_2023_1745_channel_0,True,False,15,Jul,2023,1745,0,3003.5625,0.8343229166666667,0.0
2023_analysed,Exp_15_Jul_2023_1745_channel_1,True,False,15,Jul,2023,1745,1,3003.5625,0.8343229166666667,9.200000000000834
2023_analysed,Exp_15_Jun_2023_0745_channel_0,True,False,15,Jun,2023,0745,0,3003.46875,0.834296875,4.799999999999557
2023_analysed,Exp_15_Jun_2023_0745_channel_1,True,False,15,Jun,2023,0745,1,3003.46875,0.834296875,1.1999999999999886
2023_analysed,Exp_15_Jun_2023_0745_channel_2,True,False,15,Jun,2023,0745,2,3003.46875,0.834296875,0.0
2023_analysed,Exp_15_Jun_2023_0845_channel_0,True,False,15,Jun,2023,0845,0,3003.4895833333335,0.8343026620370371,14.799999999999216
2023_analysed,Exp_15_Jun_2023_0845_channel_1,True,False,15,Jun,2023,0845,1,3003.4895833333335,0.8343026620370371,14.799999999999407
2023_analysed,Exp_15_Jun_2023_0845_channel_2,True,False,15,Jun,2023,0845,2,3003.4895833333335,0.8343026620370371,0.0
2023_analysed,Exp_15_Jun_2023_0945_channel_0,True,False,15,Jun,2023,0945,0,3003.3125,0.8342534722222222,27.200000000000802
2023_analysed,Exp_15_Jun_2023_0945_channel_1,True,False,15,Jun,2023,0945,1,3003.3125,0.8342534722222222,63.199999999999264
2023_analysed,Exp_15_Jun_2023_0945_channel_2,True,False,15,Jun,2023,0945,2,3003.3125,0.8342534722222222,0.0
2023_analysed,Exp_15_Jun_2023_1045_channel_0,True,False,15,Jun,2023,1045,0,3003.3958333333335,0.8342766203703704,34.39999999999951
2023_analysed,Exp_15_Jun_2023_1045_channel_1,True,False,15,Jun,2023,1045,1,3003.3958333333335,0.8342766203703704,34.79999999999987
2023_analysed,Exp_15_Jun_2023_1045_channel_2,True,False,15,Jun,2023,1045,2,3003.3958333333335,0.8342766203703704,0.0
2023_analysed,Exp_15_Jun_2023_1145_channel_0,True,False,15,Jun,2023,1145,0,3003.4895833333335,0.8343026620370371,77.99999999999693
2023_analysed,Exp_15_Jun_2023_1145_channel_1,True,False,15,Jun,2023,1145,1,3003.4895833333335,0.8343026620370371,107.59999999999954
2023_analysed,Exp_15_Jun_2023_1145_channel_2,True,False,15,Jun,2023,1145,2,3003.4895833333335,0.8343026620370371,0.0
2023_analysed,Exp_15_Jun_2023_1245_channel_0,True,False,15,Jun,2023,1245,0,3003.4895833333335,0.8343026620370371,137.20000000000138
2023_analysed,Exp_15_Jun_2023_1245_channel_1,True,False,15,Jun,2023,1245,1,3003.4895833333335,0.8343026620370371,60.400000000001796
2023_analysed,Exp_15_Jun_2023_1245_channel_2,True,False,15,Jun,2023,1245,2,3003.4895833333335,0.8343026620370371,0.0
2023_analysed,Exp_15_Jun_2023_1345_channel_0,True,False,15,Jun,2023,1345,0,3003.6354166666665,0.8343431712962962,71.20000000000258
2023_analysed,Exp_15_Jun_2023_1345_channel_1,True,False,15,Jun,2023,1345,1,3003.6354166666665,0.8343431712962962,133.2000000000006
2023_analysed,Exp_15_Jun_2023_1345_channel_2,True,False,15,Jun,2023,1345,2,3003.6354166666665,0.8343431712962962,0.0
2023_analysed,Exp_15_Jun_2023_1445_channel_0,True,False,15,Jun,2023,1445,0,3003.40625,0.8342795138888889,167.2000000000025
2023_analysed,Exp_15_Jun_2023_1445_channel_1,True,False,15,Jun,2023,1445,1,3003.40625,0.8342795138888889,40.400000000003274
2023_analysed,Exp_15_Jun_2023_1445_channel_2,True,False,15,Jun,2023,1445,2,3003.40625,0.8342795138888889,0.0
2023_analysed,Exp_15_Jun_2023_1545_channel_0,True,False,15,Jun,2023,1545,0,3003.53125,0.8343142361111111,56.4000000000015
2023_analysed,Exp_15_Jun_2023_1545_channel_1,True,False,15,Jun,2023,1545,1,3003.53125,0.8343142361111111,124.00000000000085
2023_analysed,Exp_15_Jun_2023_1545_channel_2,True,False,15,Jun,2023,1545,2,3003.53125,0.8343142361111111,0.0
2023_analysed,Exp_15_Jun_2023_1645_channel_0,True,False,15,Jun,2023,1645,0,3003.53125,0.8343142361111111,25.20000000000033
2023_analysed,Exp_15_Jun_2023_1645_channel_1,True,False,15,Jun,2023,1645,1,3003.53125,0.8343142361111111,12.800000000000601
2023_analysed,Exp_15_Jun_2023_1645_channel_2,True,False,15,Jun,2023,1645,2,3003.53125,0.8343142361111111,0.0
2023_analysed,Exp_15_Jun_2023_1745_channel_0,True,False,15,Jun,2023,1745,0,3003.4166666666665,0.8342824074074073,23.2000000000014
2023_analysed,Exp_15_Jun_2023_1745_channel_1,True,False,15,Jun,2023,1745,1,3003.4166666666665,0.8342824074074073,8.800000000000097
2023_analysed,Exp_15_Jun_2023_1745_channel_2,True,False,15,Jun,2023,1745,2,3003.4166666666665,0.8342824074074073,0.0
2023_analysed,Exp_15_Mar_2023_0745_channel_0,True,False,15,Mar,2023,0745,0,3003.2395833333335,0.8342332175925926,1.6000000000000227
2023_analysed,Exp_15_Mar_2023_0745_channel_1,True,False,15,Mar,2023,0745,1,3003.2395833333335,0.8342332175925926,0.40000000000009095
2023_analysed,Exp_15_Mar_2023_0745_channel_2,True,False,15,Mar,2023,0745,2,3003.2395833333335,0.8342332175925926,0.0
2023_analysed,Exp_15_Mar_2023_0845_channel_0,True,False,15,Mar,2023,0845,0,3003.3541666666665,0.8342650462962963,11.200000000000387
2023_analysed,Exp_15_Mar_2023_0845_channel_1,True,False,15,Mar,2023,0845,1,3003.3541666666665,0.8342650462962963,6.799999999998704
2023_analysed,Exp_15_Mar_2023_0845_channel_2,True,False,15,Mar,2023,0845,2,3003.3541666666665,0.8342650462962963,3.9999999999997726
2023_analysed,Exp_15_Mar_2023_0945_channel_0,True,False,15,Mar,2023,0945,0,3003.6666666666665,0.8343518518518518,22.79999999999913
2023_analysed,Exp_15_Mar_2023_0945_channel_1,True,False,15,Mar,2023,0945,1,3003.6666666666665,0.8343518518518518,14.800000000000662
2023_analysed,Exp_15_Mar_2023_0945_channel_2,True,False,15,Mar,2023,0945,2,3003.6666666666665,0.8343518518518518,0.0
2023_analysed,Exp_15_Mar_2023_1045_channel_0,True,False,15,Mar,2023,1045,0,3003.375,0.8342708333333333,73.20000000000282
2023_analysed,Exp_15_Mar_2023_1045_channel_1,True,False,15,Mar,2023,1045,1,3003.375,0.8342708333333333,22.799999999999557
2023_analysed,Exp_15_Mar_2023_1045_channel_2,True,False,15,Mar,2023,1045,2,3003.375,0.8342708333333333,0.0
2023_analysed,Exp_15_Mar_2023_1145_channel_0,True,False,15,Mar,2023,1145,0,1918.2291041666667,0.5328414178240741,17.200000000000248
2023_analysed,Exp_15_Mar_2023_1145_channel_1,True,False,15,Mar,2023,1145,1,1918.2291041666667,0.5328414178240741,74.40000000000009
2023_analysed,Exp_15_Mar_2023_1145_channel_2,True,False,15,Mar,2023,1145,2,1918.2291041666667,0.5328414178240741,0.0
2023_analysed,Exp_15_Mar_2023_1245_channel_0,True,False,15,Mar,2023,1245,0,3002.71875,0.8340885416666667,28.399999999998016
2023_analysed,Exp_15_Mar_2023_1245_channel_1,True,False,15,Mar,2023,1245,1,3002.71875,0.8340885416666667,14.000000000001132
2023_analysed,Exp_15_Mar_2023_1245_channel_2,True,False,15,Mar,2023,1245,2,3002.71875,0.8340885416666667,0.40000000000009095
2023_analysed,Exp_15_Mar_2023_1345_channel_0,True,False,15,Mar,2023,1345,0,3003.4583333333335,0.8342939814814815,29.200000000000486
2023_analysed,Exp_15_Mar_2023_1345_channel_1,True,False,15,Mar,2023,1345,1,3003.4583333333335,0.8342939814814815,45.20000000000019
2023_analysed,Exp_15_Mar_2023_1345_channel_2,True,False,15,Mar,2023,1345,2,3003.4583333333335,0.8342939814814815,0.0
2023_analysed,Exp_15_Mar_2023_1445_channel_0,True,False,15,Mar,2023,1445,0,3003.5520833333335,0.8343200231481482,37.99999999999949
2023_analysed,Exp_15_Mar_2023_1445_channel_1,True,False,15,Mar,2023,1445,1,3003.5520833333335,0.8343200231481482,34.40000000000057
2023_analysed,Exp_15_Mar_2023_1445_channel_2,True,False,15,Mar,2023,1445,2,3003.5520833333335,0.8343200231481482,0.0
2023_analysed,Exp_15_Mar_2023_1545_channel_0,True,False,15,Mar,2023,1545,0,3003.6770833333335,0.8343547453703705,23.599999999999987
2023_analysed,Exp_15_Mar_2023_1545_channel_1,True,False,15,Mar,2023,1545,1,3003.6770833333335,0.8343547453703705,103.60000000000029
2023_analysed,Exp_15_Mar_2023_1545_channel_2,True,False,15,Mar,2023,1545,2,3003.6770833333335,0.8343547453703705,0.0
2023_analysed,Exp_15_Mar_2023_1645_channel_0,True,False,15,Mar,2023,1645,0,3003.4375,0.8342881944444445,21.600000000000165
2023_analysed,Exp_15_Mar_2023_1645_channel_1,True,False,15,Mar,2023,1645,1,3003.4375,0.8342881944444445,7.199999999999449
2023_analysed,Exp_15_Mar_2023_1645_channel_2,True,False,15,Mar,2023,1645,2,3003.4375,0.8342881944444445,0.0
2023_analysed,Exp_15_Mar_2023_1745_channel_0,True,False,15,Mar,2023,1745,0,3003.5416666666665,0.8343171296296296,2.0000000000001847
2023_analysed,Exp_15_Mar_2023_1745_channel_1,True,False,15,Mar,2023,1745,1,3003.5416666666665,0.8343171296296296,2.4000000000003183
2023_analysed,Exp_15_Mar_2023_1745_channel_2,True,False,15,Mar,2023,1745,2,3003.5416666666665,0.8343171296296296,0.0
2023_analysed,Exp_15_May_2023_0745_channel_0,True,False,15,May,2023,0745,0,3003.59375,0.8343315972222223,3.9999999999999147
2023_analysed,Exp_15_May_2023_0745_channel_1,True,False,15,May,2023,0745,1,3003.59375,0.8343315972222223,4.399999999999409
2023_analysed,Exp_15_May_2023_0745_channel_2,True,False,15,May,2023,0745,2,3003.59375,0.8343315972222223,5.200000000000074
2023_analysed,Exp_15_May_2023_0845_channel_0,True,False,15,May,2023,0845,0,3003.5104166666665,0.834308449074074,4.7999999999999545
2023_analysed,Exp_15_May_2023_0845_channel_1,True,False,15,May,2023,0845,1,3003.5104166666665,0.834308449074074,12.80000000000058
2023_analysed,Exp_15_May_2023_0845_channel_2,True,False,15,May,2023,0845,2,3003.5104166666665,0.834308449074074,0.0
2023_analysed,Exp_15_May_2023_0945_channel_0,True,False,15,May,2023,0945,0,3003.4479166666665,0.8342910879629629,33.200000000000244
2023_analysed,Exp_15_May_2023_0945_channel_1,True,False,15,May,2023,0945,1,3003.4479166666665,0.8342910879629629,62.000000000000306
2023_analysed,Exp_15_May_2023_0945_channel_2,True,False,15,May,2023,0945,2,3003.4479166666665,0.8342910879629629,0.0
2023_analysed,Exp_15_May_2023_1045_channel_0,True,False,15,May,2023,1045,0,3003.4479166666665,0.8342910879629629,62.799999999999315
2023_analysed,Exp_15_May_2023_1045_channel_1,True,False,15,May,2023,1045,1,3003.4479166666665,0.8342910879629629,37.59999999999971
2023_analysed,Exp_15_May_2023_1045_channel_2,True,False,15,May,2023,1045,2,3003.4479166666665,0.8342910879629629,0.0
2023_analysed,Exp_15_May_2023_1145_channel_0,True,False,15,May,2023,1145,0,3003.3645833333335,0.8342679398148148,67.1999999999988
2023_analysed,Exp_15_May_2023_1145_channel_1,True,False,15,May,2023,1145,1,3003.3645833333335,0.8342679398148148,108.39999999999972
2023_analysed,Exp_15_May_2023_1145_channel_2,True,False,15,May,2023,1145,2,3003.3645833333335,0.8342679398148148,0.0
2023_analysed,Exp_15_May_2023_1245_channel_0,True,False,15,May,2023,1245,0,3003.625,0.8343402777777778,48.40000000000059
2023_analysed,Exp_15_May_2023_1245_channel_1,True,False,15,May,2023,1245,1,3003.625,0.8343402777777778,33.200000000002476
2023_analysed,Exp_15_May_2023_1245_channel_2,True,False,15,May,2023,1245,2,3003.625,0.8343402777777778,0.0
2023_analysed,Exp_15_May_2023_1345_channel_0,True,False,15,May,2023,1345,0,3003.59375,0.8343315972222223,79.19999999999757
2023_analysed,Exp_15_May_2023_1345_channel_1,True,False,15,May,2023,1345,1,3003.59375,0.8343315972222223,115.5999999999998
2023_analysed,Exp_15_May_2023_1345_channel_2,True,False,15,May,2023,1345,2,3003.59375,0.8343315972222223,0.0
2023_analysed,Exp_15_May_2023_1445_channel_0,True,False,15,May,2023,1445,0,3003.46875,0.834296875,82.39999999999705
2023_analysed,Exp_15_May_2023_1445_channel_1,True,False,15,May,2023,1445,1,3003.46875,0.834296875,115.59999999999845
2023_analysed,Exp_15_May_2023_1445_channel_2,True,False,15,May,2023,1445,2,3003.46875,0.834296875,0.0
2023_analysed,Exp_15_May_2023_1545_channel_0,True,False,15,May,2023,1545,0,3003.5,0.8343055555555555,105.19999999999729
2023_analysed,Exp_15_May_2023_1545_channel_1,True,False,15,May,2023,1545,1,3003.5,0.8343055555555555,194.4000000000014
2023_analysed,Exp_15_May_2023_1545_channel_2,True,False,15,May,2023,1545,2,3003.5,0.8343055555555555,0.0
2023_analysed,Exp_15_May_2023_1645_channel_0,True,False,15,May,2023,1645,0,3003.5104166666665,0.834308449074074,17.59999999999907
2023_analysed,Exp_15_May_2023_1645_channel_1,True,False,15,May,2023,1645,1,3003.5104166666665,0.834308449074074,7.599999999999682
2023_analysed,Exp_15_May_2023_1645_channel_2,True,False,15,May,2023,1645,2,3003.5104166666665,0.834308449074074,0.0
2023_analysed,Exp_15_May_2023_1745_channel_0,True,False,15,May,2023,1745,0,3003.40625,0.8342795138888889,25.2
2023_analysed,Exp_15_May_2023_1745_channel_1,True,False,15,May,2023,1745,1,3003.40625,0.8342795138888889,4.799999999999983
2023_analysed,Exp_15_May_2023_1745_channel_2,True,False,15,May,2023,1745,2,3003.40625,0.8342795138888889,0.0
2023_analysed,Exp_15_Oct_2023_1145_channel_0,True,False,15,Oct,2023,1145,0,3008.09375,0.8355815972222222,0.0
2023_analysed,Exp_15_Oct_2023_1545_channel_0,True,False,15,Oct,2023,1545,0,3009.2708333333335,0.8359085648148149,0.0
2023_analysed,Exp_15_Sep_2023_0745_channel_0,True,False,15,Sep,2023,0745,0,3007.7916666666665,0.8354976851851852,0.0
2023_analysed,Exp_15_Sep_2023_0845_channel_0,True,False,15,Sep,2023,0845,0,3008.3854166666665,0.8356626157407407,0.0
2023_analysed,Exp_16_Dec_2023_0945_channel_1,True,False,16,Dec,2023,0945,1,3007.9166666666665,0.8355324074074074,24.800000000000317
2023_analysed,Exp_16_Feb_2023_0745_channel_0,True,False,16,Feb,2023,0745,0,3003.78125,0.8343836805555556,1.599999999999227
2023_analysed,Exp_16_Feb_2023_0745_channel_1,True,False,16,Feb,2023,0745,1,3003.78125,0.8343836805555556,2.400000000000027
2023_analysed,Exp_16_Feb_2023_0845_channel_0,True,False,16,Feb,2023,0845,0,3003.3958333333335,0.8342766203703704,120.40000000000146
2023_analysed,Exp_16_Feb_2023_0845_channel_1,True,False,16,Feb,2023,0845,1,3003.3958333333335,0.8342766203703704,3.199999999999619
2023_analysed,Exp_16_Feb_2023_0945_channel_0,True,False,16,Feb,2023,0945,0,3003.875,0.8344097222222222,139.59999999999988
2023_analysed,Exp_16_Feb_2023_0945_channel_1,True,False,16,Feb,2023,0945,1,3003.875,0.8344097222222222,3.6000000000000014
2023_analysed,Exp_16_Feb_2023_1045_channel_0,True,False,16,Feb,2023,1045,0,3003.6041666666665,0.8343344907407407,94.39999999999827
2023_analysed,Exp_16_Feb_2023_1045_channel_1,True,False,16,Feb,2023,1045,1,3003.6041666666665,0.8343344907407407,6.400000000000425
2023_analysed,Exp_16_Feb_2023_1145_channel_0,True,False,16,Feb,2023,1145,0,3003.5833333333335,0.8343287037037037,128.7999999999992
2023_analysed,Exp_16_Feb_2023_1145_channel_1,True,False,16,Feb,2023,1145,1,3003.5833333333335,0.8343287037037037,4.799999999999869
2023_analysed,Exp_16_Feb_2023_1245_channel_0,True,False,16,Feb,2023,1245,0,3003.4375,0.8342881944444445,28.80000000000119
2023_analysed,Exp_16_Feb_2023_1245_channel_1,True,False,16,Feb,2023,1245,1,3003.4375,0.8342881944444445,16.80000000000001
2023_analysed,Exp_16_Feb_2023_1345_channel_0,True,False,16,Feb,2023,1345,0,3003.40625,0.8342795138888889,154.79999999999973
2023_analysed,Exp_16_Feb_2023_1345_channel_1,True,False,16,Feb,2023,1345,1,3003.40625,0.8342795138888889,2.4000000000000625
2023_analysed,Exp_16_Feb_2023_1445_channel_0,True,False,16,Feb,2023,1445,0,3003.4479166666665,0.8342910879629629,58.80000000000041
2023_analysed,Exp_16_Feb_2023_1445_channel_1,True,False,16,Feb,2023,1445,1,3003.4479166666665,0.8342910879629629,11.999999999999943
2023_analysed,Exp_16_Feb_2023_1545_channel_0,True,False,16,Feb,2023,1545,0,3003.6041666666665,0.8343344907407407,202.39999999999995
2023_analysed,Exp_16_Feb_2023_1545_channel_1,True,False,16,Feb,2023,1545,1,3003.6041666666665,0.8343344907407407,1.200000000000074
2023_analysed,Exp_16_Feb_2023_1645_channel_0,True,False,16,Feb,2023,1645,0,3003.59375,0.8343315972222223,4.799999999999386
2023_analysed,Exp_16_Feb_2023_1645_channel_1,True,False,16,Feb,2023,1645,1,3003.59375,0.8343315972222223,0.40000000000009095
2023_analysed,Exp_16_Feb_2023_1745_channel_0,True,False,16,Feb,2023,1745,0,3003.4895833333335,0.8343026620370371,2.8000000000004093
2023_analysed,Exp_16_Feb_2023_1745_channel_1,True,False,16,Feb,2023,1745,1,3003.4895833333335,0.8343026620370371,0.39999999999997726
2023_analysed,Exp_16_Jul_2023_0745_channel_0,True,False,16,Jul,2023,0745,0,3003.4895833333335,0.8343026620370371,0.0
2023_analysed,Exp_16_Jul_2023_0745_channel_1,True,False,16,Jul,2023,0745,1,3003.4895833333335,0.8343026620370371,17.99999999999909
2023_analysed,Exp_16_Jul_2023_0845_channel_0,True,False,16,Jul,2023,0845,0,3003.8645833333335,0.8344068287037038,0.0
2023_analysed,Exp_16_Jul_2023_0845_channel_1,True,False,16,Jul,2023,0845,1,3003.8645833333335,0.8344068287037038,12.000000000000703
2023_analysed,Exp_16_Jul_2023_0945_channel_0,True,False,16,Jul,2023,0945,0,3003.5833333333335,0.8343287037037037,0.0
2023_analysed,Exp_16_Jul_2023_0945_channel_1,True,False,16,Jul,2023,0945,1,3003.5833333333335,0.8343287037037037,34.399999999999366
2023_analysed,Exp_16_Jul_2023_1045_channel_0,True,False,16,Jul,2023,1045,0,3003.4583333333335,0.8342939814814815,0.0
2023_analysed,Exp_16_Jul_2023_1045_channel_1,True,False,16,Jul,2023,1045,1,3003.4583333333335,0.8342939814814815,21.99999999999914
2023_analysed,Exp_16_Jul_2023_1145_channel_0,True,False,16,Jul,2023,1145,0,3003.625,0.8343402777777778,0.0
2023_analysed,Exp_16_Jul_2023_1145_channel_1,True,False,16,Jul,2023,1145,1,3003.625,0.8343402777777778,35.60000000000038
2023_analysed,Exp_16_Jul_2023_1245_channel_0,True,False,16,Jul,2023,1245,0,3003.6041666666665,0.8343344907407407,0.39999999999997726
2023_analysed,Exp_16_Jul_2023_1245_channel_1,True,False,16,Jul,2023,1245,1,3003.6041666666665,0.8343344907407407,15.200000000000074
2023_analysed,Exp_16_Jul_2023_1345_channel_0,True,False,16,Jul,2023,1345,0,3003.5520833333335,0.8343200231481482,0.0
2023_analysed,Exp_16_Jul_2023_1345_channel_1,True,False,16,Jul,2023,1345,1,3003.5520833333335,0.8343200231481482,61.199999999999946
2023_analysed,Exp_16_Jul_2023_1445_channel_0,True,False,16,Jul,2023,1445,0,3003.375,0.8342708333333333,5.599999999999909
2023_analysed,Exp_16_Jul_2023_1445_channel_1,True,False,16,Jul,2023,1445,1,3003.375,0.8342708333333333,21.999999999998522
2023_analysed,Exp_16_Jul_2023_1545_channel_0,True,False,16,Jul,2023,1545,0,3003.4583333333335,0.8342939814814815,4.000000000000199
2023_analysed,Exp_16_Jul_2023_1545_channel_1,True,False,16,Jul,2023,1545,1,3003.4583333333335,0.8342939814814815,96.79999999999882
2023_analysed,Exp_16_Jul_2023_1645_channel_0,True,False,16,Jul,2023,1645,0,3003.4895833333335,0.8343026620370371,8.799999999999955
2023_analysed,Exp_16_Jul_2023_1645_channel_1,True,False,16,Jul,2023,1645,1,3003.4895833333335,0.8343026620370371,35.999999999999446
2023_analysed,Exp_16_Jul_2023_1745_channel_0,True,False,16,Jul,2023,1745,0,3003.65625,0.8343489583333333,3.199999999999818
2023_analysed,Exp_16_Jul_2023_1745_channel_1,True,False,16,Jul,2023,1745,1,3003.65625,0.8343489583333333,8.800000000000125
2023_analysed,Exp_16_Jun_2023_0745_channel_0,True,False,16,Jun,2023,0745,0,3003.4895833333335,0.8343026620370371,4.400000000000027
2023_analysed,Exp_16_Jun_2023_0745_channel_1,True,False,16,Jun,2023,0745,1,3003.4895833333335,0.8343026620370371,0.8000000000001819
2023_analysed,Exp_16_Jun_2023_0745_channel_2,True,False,16,Jun,2023,0745,2,3003.4895833333335,0.8343026620370371,0.0
2023_analysed,Exp_16_Jun_2023_0845_channel_0,True,False,16,Jun,2023,0845,0,3003.3541666666665,0.8342650462962963,14.399999999998613
2023_analysed,Exp_16_Jun_2023_0845_channel_1,True,False,16,Jun,2023,0845,1,3003.3541666666665,0.8342650462962963,13.20000000000175
2023_analysed,Exp_16_Jun_2023_0845_channel_2,True,False,16,Jun,2023,0845,2,3003.3541666666665,0.8342650462962963,0.0
2023_analysed,Exp_16_Jun_2023_0945_channel_0,True,False,16,Jun,2023,0945,0,3004.1875,0.8344965277777778,36.79999999999804
2023_analysed,Exp_16_Jun_2023_0945_channel_1,True,False,16,Jun,2023,0945,1,3004.1875,0.8344965277777778,127.60000000000089
2023_analysed,Exp_16_Jun_2023_0945_channel_2,True,False,16,Jun,2023,0945,2,3004.1875,0.8344965277777778,0.0
2023_analysed,Exp_16_Jun_2023_1045_channel_0,True,False,16,Jun,2023,1045,0,3003.4375,0.8342881944444445,30.399999999999977
2023_analysed,Exp_16_Jun_2023_1045_channel_1,True,False,16,Jun,2023,1045,1,3003.4375,0.8342881944444445,1.599999999999966
2023_analysed,Exp_16_Jun_2023_1045_channel_2,True,False,16,Jun,2023,1045,2,3003.4375,0.8342881944444445,0.0
2023_analysed,Exp_16_Jun_2023_1145_channel_0,True,False,16,Jun,2023,1145,0,3003.4270833333335,0.834285300925926,66.79999999999976
2023_analysed,Exp_16_Jun_2023_1145_channel_1,True,False,16,Jun,2023,1145,1,3003.4270833333335,0.834285300925926,128.799999999999
2023_analysed,Exp_16_Jun_2023_1145_channel_2,True,False,16,Jun,2023,1145,2,3003.4270833333335,0.834285300925926,2.399999999999295
2023_analysed,Exp_16_Jun_2023_1245_channel_0,True,False,16,Jun,2023,1245,0,3003.7395833333335,0.8343721064814815,49.60000000000081
2023_analysed,Exp_16_Jun_2023_1245_channel_1,True,False,16,Jun,2023,1245,1,3003.7395833333335,0.8343721064814815,30.799999999999727
2023_analysed,Exp_16_Jun_2023_1245_channel_2,True,False,16,Jun,2023,1245,2,3003.7395833333335,0.8343721064814815,0.40000000000009095
2023_analysed,Exp_16_Jun_2023_1345_channel_0,True,False,16,Jun,2023,1345,0,3003.5520833333335,0.8343200231481482,88.80000000000106
2023_analysed,Exp_16_Jun_2023_1345_channel_1,True,False,16,Jun,2023,1345,1,3003.5520833333335,0.8343200231481482,175.60000000000042
2023_analysed,Exp_16_Jun_2023_1345_channel_2,True,False,16,Jun,2023,1345,2,3003.5520833333335,0.8343200231481482,0.0
2023_analysed,Exp_16_Jun_2023_1445_channel_0,True,False,16,Jun,2023,1445,0,3003.4166666666665,0.8342824074074073,166.79999999999964
2023_analysed,Exp_16_Jun_2023_1445_channel_1,True,False,16,Jun,2023,1445,1,3003.4166666666665,0.8342824074074073,127.19999999999581
2023_analysed,Exp_16_Jun_2023_1445_channel_2,True,False,16,Jun,2023,1445,2,3003.4166666666665,0.8342824074074073,0.0
2023_analysed,Exp_16_Jun_2023_1545_channel_0,True,False,16,Jun,2023,1545,0,3003.4895833333335,0.8343026620370371,80.40000000000124
2023_analysed,Exp_16_Jun_2023_1545_channel_1,True,False,16,Jun,2023,1545,1,3003.4895833333335,0.8343026620370371,199.2
2023_analysed,Exp_16_Jun_2023_1545_channel_2,True,False,16,Jun,2023,1545,2,3003.4895833333335,0.8343026620370371,0.0
2023_analysed,Exp_16_Jun_2023_1645_channel_0,True,False,16,Jun,2023,1645,0,3003.59375,0.8343315972222223,42.39999999999969
2023_analysed,Exp_16_Jun_2023_1645_channel_1,True,False,16,Jun,2023,1645,1,3003.59375,0.8343315972222223,11.999999999998977
2023_analysed,Exp_16_Jun_2023_1645_channel_2,True,False,16,Jun,2023,1645,2,3003.59375,0.8343315972222223,0.40000000000009095
2023_analysed,Exp_16_Jun_2023_1745_channel_0,True,False,16,Jun,2023,1745,0,3003.53125,0.8343142361111111,35.600000000000556
2023_analysed,Exp_16_Jun_2023_1745_channel_1,True,False,16,Jun,2023,1745,1,3003.53125,0.8343142361111111,0.8000000000000966
2023_analysed,Exp_16_Jun_2023_1745_channel_2,True,False,16,Jun,2023,1745,2,3003.53125,0.8343142361111111,0.0
2023_analysed,Exp_16_Mar_2023_0745_channel_0,True,False,16,Mar,2023,0745,0,3003.40625,0.8342795138888889,0.7999999999999758
2023_analysed,Exp_16_Mar_2023_0745_channel_1,True,False,16,Mar,2023,0745,1,3003.40625,0.8342795138888889,2.8000000000000966
2023_analysed,Exp_16_Mar_2023_0745_channel_2,True,False,16,Mar,2023,0745,2,3003.40625,0.8342795138888889,0.0
2023_analysed,Exp_16_Mar_2023_0845_channel_0,True,False,16,Mar,2023,0845,0,3003.65625,0.8343489583333333,4.400000000000205
2023_analysed,Exp_16_Mar_2023_0845_channel_1,True,False,16,Mar,2023,0845,1,3003.65625,0.8343489583333333,12.40000000000137
2023_analysed,Exp_16_Mar_2023_0845_channel_2,True,False,16,Mar,2023,0845,2,3003.65625,0.8343489583333333,0.3999999999998636
2023_analysed,Exp_16_Mar_2023_0945_channel_0,True,False,16,Mar,2023,0945,0,3003.5208333333335,0.8343113425925927,9.19999999999989
2023_analysed,Exp_16_Mar_2023_0945_channel_1,True,False,16,Mar,2023,0945,1,3003.5208333333335,0.8343113425925927,54.000000000001435
2023_analysed,Exp_16_Mar_2023_0945_channel_2,True,False,16,Mar,2023,0945,2,3003.5208333333335,0.8343113425925927,0.40000000000009095
2023_analysed,Exp_16_Mar_2023_1045_channel_0,True,False,16,Mar,2023,1045,0,3003.8541666666665,0.8344039351851852,13.199999999999584
2023_analysed,Exp_16_Mar_2023_1045_channel_1,True,False,16,Mar,2023,1045,1,3003.8541666666665,0.8344039351851852,26.399999999999878
2023_analysed,Exp_16_Mar_2023_1045_channel_2,True,False,16,Mar,2023,1045,2,3003.8541666666665,0.8344039351851852,3.2000000000004434
2023_analysed,Exp_16_Mar_2023_1145_channel_0,True,False,16,Mar,2023,1145,0,3003.5833333333335,0.8343287037037037,19.600000000001522
2023_analysed,Exp_16_Mar_2023_1145_channel_1,True,False,16,Mar,2023,1145,1,3003.5833333333335,0.8343287037037037,74.40000000000117
2023_analysed,Exp_16_Mar_2023_1145_channel_2,True,False,16,Mar,2023,1145,2,3003.5833333333335,0.8343287037037037,3.200000000000614
2023_analysed,Exp_16_Mar_2023_1245_channel_0,True,False,16,Mar,2023,1245,0,3003.5104166666665,0.834308449074074,36.39999999999983
2023_analysed,Exp_16_Mar_2023_1245_channel_1,True,False,16,Mar,2023,1245,1,3003.5104166666665,0.834308449074074,41.200000000002056
2023_analysed,Exp_16_Mar_2023_1245_channel_2,True,False,16,Mar,2023,1245,2,3003.5104166666665,0.834308449074074,5.199999999999534
2023_analysed,Exp_16_Mar_2023_1345_channel_0,True,False,16,Mar,2023,1345,0,3003.3645833333335,0.8342679398148148,21.600000000000193
2023_analysed,Exp_16_Mar_2023_1345_channel_1,True,False,16,Mar,2023,1345,1,3003.3645833333335,0.8342679398148148,84.4000000000004
2023_analysed,Exp_16_Mar_2023_1345_channel_2,True,False,16,Mar,2023,1345,2,3003.3645833333335,0.8342679398148148,3.5999999999994543
2023_analysed,Exp_16_Mar_2023_1445_channel_0,True,False,16,Mar,2023,1445,0,3003.5104166666665,0.834308449074074,18.80000000000001
2023_analysed,Exp_16_Mar_2023_1445_channel_1,True,False,16,Mar,2023,1445,1,3003.5104166666665,0.834308449074074,58.79999999999853
2023_analysed,Exp_16_Mar_2023_1445_channel_2,True,False,16,Mar,2023,1445,2,3003.5104166666665,0.834308449074074,0.8000000000000682
2023_analysed,Exp_16_Mar_2023_1545_channel_0,True,False,16,Mar,2023,1545,0,3003.4270833333335,0.834285300925926,10.400000000000787
2023_analysed,Exp_16_Mar_2023_1545_channel_1,True,False,16,Mar,2023,1545,1,3003.4270833333335,0.834285300925926,51.59999999999967
2023_analysed,Exp_16_Mar_2023_1545_channel_2,True,False,16,Mar,2023,1545,2,3003.4270833333335,0.834285300925926,16.80000000000038
2023_analysed,Exp_16_Mar_2023_1645_channel_0,True,False,16,Mar,2023,1645,0,3003.5729166666665,0.8343258101851851,7.999999999999746
2023_analysed,Exp_16_Mar_2023_1645_channel_1,True,False,16,Mar,2023,1645,1,3003.5729166666665,0.8343258101851851,8.400000000000205
2023_analysed,Exp_16_Mar_2023_1645_channel_2,True,False,16,Mar,2023,1645,2,3003.5729166666665,0.8343258101851851,8.40000000000012
2023_analysed,Exp_16_Mar_2023_1745_channel_0,True,False,16,Mar,2023,1745,0,3003.4270833333335,0.834285300925926,1.5999999999997954
2023_analysed,Exp_16_Mar_2023_1745_channel_1,True,False,16,Mar,2023,1745,1,3003.4270833333335,0.834285300925926,1.5999999999995964
2023_analysed,Exp_16_Mar_2023_1745_channel_2,True,False,16,Mar,2023,1745,2,3003.4270833333335,0.834285300925926,0.0
2023_analysed,Exp_16_May_2023_0745_channel_0,True,False,16,May,2023,0745,0,3003.59375,0.8343315972222223,6.00000000000027
2023_analysed,Exp_16_May_2023_0745_channel_1,True,False,16,May,2023,0745,1,3003.59375,0.8343315972222223,2.40000000000029
2023_analysed,Exp_16_May_2023_0745_channel_2,True,False,16,May,2023,0745,2,3003.59375,0.8343315972222223,0.0
2023_analysed,Exp_16_May_2023_0845_channel_0,True,False,16,May,2023,0845,0,3003.4166666666665,0.8342824074074073,4.799999999999921
2023_analysed,Exp_16_May_2023_0845_channel_1,True,False,16,May,2023,0845,1,3003.4166666666665,0.8342824074074073,4.399999999999892
2023_analysed,Exp_16_May_2023_0845_channel_2,True,False,16,May,2023,0845,2,3003.4166666666665,0.8342824074074073,0.0
2023_analysed,Exp_16_May_2023_0945_channel_0,True,False,16,May,2023,0945,0,3003.6041666666665,0.8343344907407407,34.7999999999986
2023_analysed,Exp_16_May_2023_0945_channel_1,True,False,16,May,2023,0945,1,3003.6041666666665,0.8343344907407407,103.60000000000018
2023_analysed,Exp_16_May_2023_0945_channel_2,True,False,16,May,2023,0945,2,3003.6041666666665,0.8343344907407407,0.0
2023_analysed,Exp_16_May_2023_1045_channel_0,True,False,16,May,2023,1045,0,3003.4270833333335,0.834285300925926,52.39999999999749
2023_analysed,Exp_16_May_2023_1045_channel_1,True,False,16,May,2023,1045,1,3003.4270833333335,0.834285300925926,25.199999999998546
2023_analysed,Exp_16_May_2023_1045_channel_2,True,False,16,May,2023,1045,2,3003.4270833333335,0.834285300925926,0.0
2023_analysed,Exp_16_May_2023_1145_channel_0,True,False,16,May,2023,1145,0,3003.46875,0.834296875,180.00000000000352
2023_analysed,Exp_16_May_2023_1145_channel_1,True,False,16,May,2023,1145,1,3003.46875,0.834296875,174.0000000000025
2023_analysed,Exp_16_May_2023_1145_channel_2,True,False,16,May,2023,1145,2,3003.46875,0.834296875,0.0
2023_analysed,Exp_16_May_2023_1245_channel_0,True,False,16,May,2023,1245,0,3003.59375,0.8343315972222223,81.19999999999752
2023_analysed,Exp_16_May_2023_1245_channel_1,True,False,16,May,2023,1245,1,3003.59375,0.8343315972222223,58.80000000000027
2023_analysed,Exp_16_May_2023_1245_channel_2,True,False,16,May,2023,1245,2,3003.59375,0.8343315972222223,0.0
2023_analysed,Exp_16_May_2023_1345_channel_0,True,False,16,May,2023,1345,0,3003.4270833333335,0.834285300925926,99.59999999999921
2023_analysed,Exp_16_May_2023_1345_channel_1,True,False,16,May,2023,1345,1,3003.4270833333335,0.834285300925926,148.7999999999994
2023_analysed,Exp_16_May_2023_1345_channel_2,True,False,16,May,2023,1345,2,3003.4270833333335,0.834285300925926,0.0
2023_analysed,Exp_16_May_2023_1445_channel_0,True,False,16,May,2023,1445,0,3003.5,0.8343055555555555,98.399999999997
2023_analysed,Exp_16_May_2023_1445_channel_1,True,False,16,May,2023,1445,1,3003.5,0.8343055555555555,72.00000000000026
2023_analysed,Exp_16_May_2023_1445_channel_2,True,False,16,May,2023,1445,2,3003.5,0.8343055555555555,0.0
2023_analysed,Exp_16_May_2023_1545_channel_0,True,False,16,May,2023,1545,0,3003.59375,0.8343315972222223,42.00000000000033
2023_analysed,Exp_16_May_2023_1545_channel_1,True,False,16,May,2023,1545,1,3003.59375,0.8343315972222223,178.4000000000004
2023_analysed,Exp_16_May_2023_1545_channel_2,True,False,16,May,2023,1545,2,3003.59375,0.8343315972222223,0.0
2023_analysed,Exp_16_May_2023_1645_channel_0,True,False,16,May,2023,1645,0,3003.5104166666665,0.834308449074074,158.4000000000014
2023_analysed,Exp_16_May_2023_1645_channel_1,True,False,16,May,2023,1645,1,3003.5104166666665,0.834308449074074,46.00000000000125
2023_analysed,Exp_16_May_2023_1645_channel_2,True,False,16,May,2023,1645,2,3003.5104166666665,0.834308449074074,0.0
2023_analysed,Exp_16_May_2023_1745_channel_0,True,False,16,May,2023,1745,0,3003.5208333333335,0.8343113425925927,31.20000000000087
2023_analysed,Exp_16_May_2023_1745_channel_1,True,False,16,May,2023,1745,1,3003.5208333333335,0.8343113425925927,3.199999999998795
2023_analysed,Exp_16_May_2023_1745_channel_2,True,False,16,May,2023,1745,2,3003.5208333333335,0.8343113425925927,4.000000000000313
2023_analysed,Exp_16_Oct_2023_1545_channel_0,True,False,16,Oct,2023,1545,0,3008.3541666666665,0.8356539351851852,0.0
2023_analysed,Exp_17_Aug_2023_0945_channel_0,True,False,17,Aug,2023,0945,0,3008.5208333333335,0.8357002314814815,12.799999999999642
2023_analysed,Exp_17_Aug_2023_1345_channel_1,True,False,17,Aug,2023,1345,1,3010.6770833333335,0.8362991898148149,109.19999999999965
2023_analysed,Exp_17_Feb_2023_0745_channel_0,True,False,17,Feb,2023,0745,0,3003.34375,0.8342621527777778,0.0
2023_analysed,Exp_17_Feb_2023_0745_channel_1,True,False,17,Feb,2023,0745,1,3003.34375,0.8342621527777778,0.0
2023_analysed,Exp_17_Feb_2023_0845_channel_0,True,False,17,Feb,2023,0845,0,3003.7395833333335,0.8343721064814815,3.199999999999818
2023_analysed,Exp_17_Feb_2023_0845_channel_1,True,False,17,Feb,2023,0845,1,3003.7395833333335,0.8343721064814815,0.0
2023_analysed,Exp_17_Feb_2023_0945_channel_0,True,False,17,Feb,2023,0945,0,3003.5208333333335,0.8343113425925927,28.800000000000125
2023_analysed,Exp_17_Feb_2023_0945_channel_1,True,False,17,Feb,2023,0945,1,3003.5208333333335,0.8343113425925927,0.7999999999999545
2023_analysed,Exp_17_Feb_2023_1045_channel_0,True,False,17,Feb,2023,1045,0,3003.8125,0.8343923611111111,21.200000000000728
2023_analysed,Exp_17_Feb_2023_1045_channel_1,True,False,17,Feb,2023,1045,1,3003.8125,0.8343923611111111,0.40000000000009095
2023_analysed,Exp_17_Feb_2023_1145_channel_0,True,False,17,Feb,2023,1145,0,3003.6875,0.8343576388888889,71.60000000000062
2023_analysed,Exp_17_Feb_2023_1145_channel_1,True,False,17,Feb,2023,1145,1,3003.6875,0.8343576388888889,14.40000000000137
2023_analysed,Exp_17_Feb_2023_1245_channel_0,True,False,17,Feb,2023,1245,0,3003.7395833333335,0.8343721064814815,149.60000000000218
2023_analysed,Exp_17_Feb_2023_1245_channel_1,True,False,17,Feb,2023,1245,1,3003.7395833333335,0.8343721064814815,109.60000000000095
2023_analysed,Exp_17_Feb_2023_1345_channel_0,True,False,17,Feb,2023,1345,0,3003.59375,0.8343315972222223,281.5999999999948
2023_analysed,Exp_17_Feb_2023_1345_channel_1,True,False,17,Feb,2023,1345,1,3003.59375,0.8343315972222223,20.400000000000386
2023_analysed,Exp_17_Feb_2023_1445_channel_0,True,False,17,Feb,2023,1445,0,3003.4791666666665,0.8342997685185185,31.6000000000005
2023_analysed,Exp_17_Feb_2023_1445_channel_1,True,False,17,Feb,2023,1445,1,3003.4791666666665,0.8342997685185185,10.000000000000796
2023_analysed,Exp_17_Feb_2023_1545_channel_0,True,False,17,Feb,2023,1545,0,3003.7708333333335,0.8343807870370371,97.20000000000009
2023_analysed,Exp_17_Feb_2023_1545_channel_1,True,False,17,Feb,2023,1545,1,3003.7708333333335,0.8343807870370371,20.000000000000014
2023_analysed,Exp_17_Feb_2023_1645_channel_0,True,False,17,Feb,2023,1645,0,3003.5833333333335,0.8343287037037037,4.000000000000341
2023_analysed,Exp_17_Feb_2023_1645_channel_1,True,False,17,Feb,2023,1645,1,3003.5833333333335,0.8343287037037037,0.7999999999998693
2023_analysed,Exp_17_Feb_2023_1745_channel_0,True,False,17,Feb,2023,1745,0,3003.5,0.8343055555555555,2.3999999999999773
2023_analysed,Exp_17_Feb_2023_1745_channel_1,True,False,17,Feb,2023,1745,1,3003.5,0.8343055555555555,1.9999999999997726
2023_analysed,Exp_17_Jul_2023_0745_channel_0,True,False,17,Jul,2023,0745,0,3003.3645833333335,0.8342679398148148,0.7999999999999545
2023_analysed,Exp_17_Jul_2023_0745_channel_1,True,False,17,Jul,2023,0745,1,3003.3645833333335,0.8342679398148148,4.000000000000114
2023_analysed,Exp_17_Jul_2023_0845_channel_0,True,False,17,Jul,2023,0845,0,3003.5520833333335,0.8343200231481482,1.1999999999999318
2023_analysed,Exp_17_Jul_2023_0845_channel_1,True,False,17,Jul,2023,0845,1,3003.5520833333335,0.8343200231481482,19.60000000000028
2023_analysed,Exp_17_Jul_2023_0945_channel_0,True,False,17,Jul,2023,0945,0,3003.3854166666665,0.8342737268518519,25.599999999999824
2023_analysed,Exp_17_Jul_2023_0945_channel_1,True,False,17,Jul,2023,0945,1,3003.3854166666665,0.8342737268518519,103.99999999999919
2023_analysed,Exp_17_Jul_2023_1045_channel_0,True,False,17,Jul,2023,1045,0,3003.5208333333335,0.8343113425925927,9.19999999999959
2023_analysed,Exp_17_Jul_2023_1045_channel_1,True,False,17,Jul,2023,1045,1,3003.5208333333335,0.8343113425925927,20.79999999999785
2023_analysed,Exp_17_Jul_2023_1145_channel_0,True,False,17,Jul,2023,1145,0,3003.6145833333335,0.8343373842592593,8.400000000000478
2023_analysed,Exp_17_Jul_2023_1145_channel_1,True,False,17,Jul,2023,1145,1,3003.6145833333335,0.8343373842592593,58.80000000000043
2023_analysed,Exp_17_Jul_2023_1245_channel_0,True,False,17,Jul,2023,1245,0,3003.5104166666665,0.834308449074074,20.400000000000176
2023_analysed,Exp_17_Jul_2023_1245_channel_1,True,False,17,Jul,2023,1245,1,3003.5104166666665,0.834308449074074,15.200000000000216
2023_analysed,Exp_17_Jul_2023_1345_channel_0,True,False,17,Jul,2023,1345,0,3003.4479166666665,0.8342910879629629,13.600000000000534
2023_analysed,Exp_17_Jul_2023_1345_channel_1,True,False,17,Jul,2023,1345,1,3003.4479166666665,0.8342910879629629,51.60000000000051
2023_analysed,Exp_17_Jul_2023_1445_channel_0,True,False,17,Jul,2023,1445,0,3003.4791666666665,0.8342997685185185,50.40000000000106
2023_analysed,Exp_17_Jul_2023_1445_channel_1,True,False,17,Jul,2023,1445,1,3003.4791666666665,0.8342997685185185,56.399999999998926
2023_analysed,Exp_17_Jul_2023_1545_channel_0,True,False,17,Jul,2023,1545,0,3003.59375,0.8343315972222223,52.39999999999916
2023_analysed,Exp_17_Jul_2023_1545_channel_1,True,False,17,Jul,2023,1545,1,3003.59375,0.8343315972222223,227.99999999999682
2023_analysed,Exp_17_Jul_2023_1645_channel_0,True,False,17,Jul,2023,1645,0,3009.03125,0.8358420138888889,0.0
2023_analysed,Exp_17_Jul_2023_1645_channel_1,True,False,17,Jul,2023,1645,1,3009.03125,0.8358420138888889,0.0
2023_analysed,Exp_17_Jul_2023_1745_channel_0,True,False,17,Jul,2023,1745,0,3003.71875,0.8343663194444444,0.0
2023_analysed,Exp_17_Jul_2023_1745_channel_1,True,False,17,Jul,2023,1745,1,3003.71875,0.8343663194444444,0.0
2023_analysed,Exp_17_Jul_2023_1920_channel_0,True,False,17,Jul,2023,1920,0,60.0625,0.016684027777777777,0.0
2023_analysed,Exp_17_Jul_2023_1930_channel_0,True,False,17,Jul,2023,1930,0,300.375,0.0834375,0.0
2023_analysed,Exp_17_Jul_2023_1930_channel_1,True,False,17,Jul,2023,1930,1,300.375,0.0834375,0.0
2023_analysed,Exp_17_Jul_2023_1942_channel_0,True,False,17,Jul,2023,1942,0,60.0625,0.016684027777777777,0.0
2023_analysed,Exp_17_Jul_2023_1942_channel_1,True,False,17,Jul,2023,1942,1,60.0625,0.016684027777777777,0.0
2023_analysed,Exp_17_Jun_2023_0745_channel_0,True,False,17,Jun,2023,0745,0,3003.4791666666665,0.8342997685185185,10.39999999999975
2023_analysed,Exp_17_Jun_2023_0745_channel_1,True,False,17,Jun,2023,0745,1,3003.4791666666665,0.8342997685185185,10.000000000001705
2023_analysed,Exp_17_Jun_2023_0745_channel_2,True,False,17,Jun,2023,0745,2,3003.4791666666665,0.8342997685185185,0.0
2023_analysed,Exp_17_Jun_2023_0845_channel_0,True,False,17,Jun,2023,0845,0,3003.5520833333335,0.8343200231481482,25.99999999999838
2023_analysed,Exp_17_Jun_2023_0845_channel_1,True,False,17,Jun,2023,0845,1,3003.5520833333335,0.8343200231481482,23.60000000000019
2023_analysed,Exp_17_Jun_2023_0845_channel_2,True,False,17,Jun,2023,0845,2,3003.5520833333335,0.8343200231481482,0.0
2023_analysed,Exp_17_Jun_2023_0945_channel_0,True,False,17,Jun,2023,0945,0,3003.375,0.8342708333333333,25.5999999999987
2023_analysed,Exp_17_Jun_2023_0945_channel_1,True,False,17,Jun,2023,0945,1,3003.375,0.8342708333333333,100.79999999999984
2023_analysed,Exp_17_Jun_2023_0945_channel_2,True,False,17,Jun,2023,0945,2,3003.375,0.8342708333333333,0.0
2023_analysed,Exp_17_Jun_2023_1045_channel_0,True,False,17,Jun,2023,1045,0,3003.4166666666665,0.8342824074074073,119.99999999999861
2023_analysed,Exp_17_Jun_2023_1045_channel_1,True,False,17,Jun,2023,1045,1,3003.4166666666665,0.8342824074074073,33.20000000000103
2023_analysed,Exp_17_Jun_2023_1045_channel_2,True,False,17,Jun,2023,1045,2,3003.4166666666665,0.8342824074074073,0.0
2023_analysed,Exp_17_Jun_2023_1145_channel_0,True,False,17,Jun,2023,1145,0,3003.3541666666665,0.8342650462962963,63.20000000000067
2023_analysed,Exp_17_Jun_2023_1145_channel_1,True,False,17,Jun,2023,1145,1,3003.3541666666665,0.8342650462962963,152.7999999999991
2023_analysed,Exp_17_Jun_2023_1145_channel_2,True,False,17,Jun,2023,1145,2,3003.3541666666665,0.8342650462962963,0.0
2023_analysed,Exp_17_Jun_2023_1245_channel_0,True,False,17,Jun,2023,1245,0,3003.46875,0.834296875,16.399999999999743
2023_analysed,Exp_17_Jun_2023_1245_channel_1,True,False,17,Jun,2023,1245,1,3003.46875,0.834296875,42.799999999999145
2023_analysed,Exp_17_Jun_2023_1245_channel_2,True,False,17,Jun,2023,1245,2,3003.46875,0.834296875,0.0
2023_analysed,Exp_17_Jun_2023_1345_channel_0,True,False,17,Jun,2023,1345,0,3003.46875,0.834296875,23.599999999999916
2023_analysed,Exp_17_Jun_2023_1345_channel_1,True,False,17,Jun,2023,1345,1,3003.46875,0.834296875,47.20000000000012
2023_analysed,Exp_17_Jun_2023_1345_channel_2,True,False,17,Jun,2023,1345,2,3003.46875,0.834296875,0.0
2023_analysed,Exp_17_Jun_2023_1445_channel_0,True,False,17,Jun,2023,1445,0,3003.5729166666665,0.8343258101851851,131.19999999999726
2023_analysed,Exp_17_Jun_2023_1445_channel_1,True,False,17,Jun,2023,1445,1,3003.5729166666665,0.8343258101851851,97.20000000000078
2023_analysed,Exp_17_Jun_2023_1445_channel_2,True,False,17,Jun,2023,1445,2,3003.5729166666665,0.8343258101851851,0.0
2023_analysed,Exp_17_Jun_2023_1545_channel_0,True,False,17,Jun,2023,1545,0,3003.5625,0.8343229166666667,61.200000000001964
2023_analysed,Exp_17_Jun_2023_1545_channel_1,True,False,17,Jun,2023,1545,1,3003.5625,0.8343229166666667,158.00000000000063
2023_analysed,Exp_17_Jun_2023_1545_channel_2,True,False,17,Jun,2023,1545,2,3003.5625,0.8343229166666667,0.0
2023_analysed,Exp_17_Jun_2023_1645_channel_0,True,False,17,Jun,2023,1645,0,3003.4166666666665,0.8342824074074073,63.19999999999917
2023_analysed,Exp_17_Jun_2023_1645_channel_1,True,False,17,Jun,2023,1645,1,3003.4166666666665,0.8342824074074073,17.199999999999612
2023_analysed,Exp_17_Jun_2023_1645_channel_2,True,False,17,Jun,2023,1645,2,3003.4166666666665,0.8342824074074073,0.0
2023_analysed,Exp_17_Jun_2023_1745_channel_0,True,False,17,Jun,2023,1745,0,3003.3541666666665,0.8342650462962963,14.000000000000785
2023_analysed,Exp_17_Jun_2023_1745_channel_1,True,False,17,Jun,2023,1745,1,3003.3541666666665,0.8342650462962963,0.8000000000000682
2023_analysed,Exp_17_Jun_2023_1745_channel_2,True,False,17,Jun,2023,1745,2,3003.3541666666665,0.8342650462962963,0.0
2023_analysed,Exp_17_Mar_2023_0745_channel_0,True,False,17,Mar,2023,0745,0,3003.5104166666665,0.834308449074074,4.400000000000318
2023_analysed,Exp_17_Mar_2023_0745_channel_1,True,False,17,Mar,2023,0745,1,3003.5104166666665,0.834308449074074,6.800000000000054
2023_analysed,Exp_17_Mar_2023_0745_channel_2,True,False,17,Mar,2023,0745,2,3003.5104166666665,0.834308449074074,10.399999999999503
2023_analysed,Exp_17_Mar_2023_0845_channel_0,True,False,17,Mar,2023,0845,0,3003.4479166666665,0.8342910879629629,12.400000000000226
2023_analysed,Exp_17_Mar_2023_0845_channel_1,True,False,17,Mar,2023,0845,1,3003.4479166666665,0.8342910879629629,11.999999999999886
2023_analysed,Exp_17_Mar_2023_0845_channel_2,True,False,17,Mar,2023,0845,2,3003.4479166666665,0.8342910879629629,1.5999999999999375
2023_analysed,Exp_17_Mar_2023_0945_channel_0,True,False,17,Mar,2023,0945,0,3003.40625,0.8342795138888889,16.80000000000046
2023_analysed,Exp_17_Mar_2023_0945_channel_1,True,False,17,Mar,2023,0945,1,3003.40625,0.8342795138888889,45.60000000000042
2023_analysed,Exp_17_Mar_2023_0945_channel_2,True,False,17,Mar,2023,0945,2,3003.40625,0.8342795138888889,1.2000000000002728
2023_analysed,Exp_17_Mar_2023_1045_channel_0,True,False,17,Mar,2023,1045,0,3003.5520833333335,0.8343200231481482,50.40000000000023
2023_analysed,Exp_17_Mar_2023_1045_channel_1,True,False,17,Mar,2023,1045,1,3003.5520833333335,0.8343200231481482,44.00000000000033
2023_analysed,Exp_17_Mar_2023_1045_channel_2,True,False,17,Mar,2023,1045,2,3003.5520833333335,0.8343200231481482,0.7999999999999545
2023_analysed,Exp_17_Mar_2023_1145_channel_0,True,False,17,Mar,2023,1145,0,3003.53125,0.8343142361111111,34.39999999999982
2023_analysed,Exp_17_Mar_2023_1145_channel_1,True,False,17,Mar,2023,1145,1,3003.53125,0.8343142361111111,100.39999999999974
2023_analysed,Exp_17_Mar_2023_1145_channel_2,True,False,17,Mar,2023,1145,2,3003.53125,0.8343142361111111,0.0
2023_analysed,Exp_17_Mar_2023_1245_channel_0,True,False,17,Mar,2023,1245,0,3003.4375,0.8342881944444445,52.799999999999315
2023_analysed,Exp_17_Mar_2023_1245_channel_1,True,False,17,Mar,2023,1245,1,3003.4375,0.8342881944444445,61.60000000000006
2023_analysed,Exp_17_Mar_2023_1245_channel_2,True,False,17,Mar,2023,1245,2,3003.4375,0.8342881944444445,0.40000000000009095
2023_analysed,Exp_17_Mar_2023_1345_channel_0,True,False,17,Mar,2023,1345,0,3003.40625,0.8342795138888889,44.00000000000054
2023_analysed,Exp_17_Mar_2023_1345_channel_1,True,False,17,Mar,2023,1345,1,3003.40625,0.8342795138888889,146.80000000000112
2023_analysed,Exp_17_Mar_2023_1345_channel_2,True,False,17,Mar,2023,1345,2,3003.40625,0.8342795138888889,1.6000000000001364
2023_analysed,Exp_17_Mar_2023_1445_channel_0,True,False,17,Mar,2023,1445,0,3003.40625,0.8342795138888889,64.40000000000074
2023_analysed,Exp_17_Mar_2023_1445_channel_1,True,False,17,Mar,2023,1445,1,3003.40625,0.8342795138888889,89.999999999999
2023_analysed,Exp_17_Mar_2023_1445_channel_2,True,False,17,Mar,2023,1445,2,3003.40625,0.8342795138888889,3.1999999999997897
2023_analysed,Exp_17_Mar_2023_1545_channel_0,True,False,17,Mar,2023,1545,0,3003.5416666666665,0.8343171296296296,31.19999999999981
2023_analysed,Exp_17_Mar_2023_1545_channel_1,True,False,17,Mar,2023,1545,1,3003.5416666666665,0.8343171296296296,162.39999999999935
2023_analysed,Exp_17_Mar_2023_1545_channel_2,True,False,17,Mar,2023,1545,2,3003.5416666666665,0.8343171296296296,4.800000000000523
2023_analysed,Exp_17_Mar_2023_1645_channel_0,True,False,17,Mar,2023,1645,0,3003.3541666666665,0.8342650462962963,7.600000000000165
2023_analysed,Exp_17_Mar_2023_1645_channel_1,True,False,17,Mar,2023,1645,1,3003.3541666666665,0.8342650462962963,6.399999999999409
2023_analysed,Exp_17_Mar_2023_1645_channel_2,True,False,17,Mar,2023,1645,2,3003.3541666666665,0.8342650462962963,3.9999999999995453
2023_analysed,Exp_17_Mar_2023_1745_channel_0,True,False,17,Mar,2023,1745,0,3003.5208333333335,0.8343113425925927,1.5999999999998238
2023_analysed,Exp_17_Mar_2023_1745_channel_1,True,False,17,Mar,2023,1745,1,3003.5208333333335,0.8343113425925927,1.5999999999997954
2023_analysed,Exp_17_Mar_2023_1745_channel_2,True,False,17,Mar,2023,1745,2,3003.5208333333335,0.8343113425925927,0.0
2023_analysed,Exp_17_May_2023_0745_channel_0,True,False,17,May,2023,0745,0,3003.5833333333335,0.8343287037037037,3.9999999999996305
2023_analysed,Exp_17_May_2023_0745_channel_1,True,False,17,May,2023,0745,1,3003.5833333333335,0.8343287037037037,1.6000000000003638
2023_analysed,Exp_17_May_2023_0745_channel_2,True,False,17,May,2023,0745,2,3003.5833333333335,0.8343287037037037,0.0
2023_analysed,Exp_17_May_2023_0845_channel_0,True,False,17,May,2023,0845,0,3003.4166666666665,0.8342824074074073,6.400000000000858
2023_analysed,Exp_17_May_2023_0845_channel_1,True,False,17,May,2023,0845,1,3003.4166666666665,0.8342824074074073,11.200000000001637
2023_analysed,Exp_17_May_2023_0845_channel_2,True,False,17,May,2023,0845,2,3003.4166666666665,0.8342824074074073,0.0
2023_analysed,Exp_17_May_2023_0945_channel_0,True,False,17,May,2023,0945,0,3003.59375,0.8343315972222223,118.80000000000221
2023_analysed,Exp_17_May_2023_0945_channel_1,True,False,17,May,2023,0945,1,3003.59375,0.8343315972222223,184.40000000000097
2023_analysed,Exp_17_May_2023_0945_channel_2,True,False,17,May,2023,0945,2,3003.59375,0.8343315972222223,0.0
2023_analysed,Exp_17_May_2023_1045_channel_0,True,False,17,May,2023,1045,0,3003.5416666666665,0.8343171296296296,33.99999999999872
2023_analysed,Exp_17_May_2023_1045_channel_1,True,False,17,May,2023,1045,1,3003.5416666666665,0.8343171296296296,26.800000000001205
2023_analysed,Exp_17_May_2023_1045_channel_2,True,False,17,May,2023,1045,2,3003.5416666666665,0.8343171296296296,0.0
2023_analysed,Exp_17_May_2023_1145_channel_0,True,False,17,May,2023,1145,0,3003.75,0.834375,48.400000000001015
2023_analysed,Exp_17_May_2023_1145_channel_1,True,False,17,May,2023,1145,1,3003.75,0.834375,123.99999999999997
2023_analysed,Exp_17_May_2023_1145_channel_2,True,False,17,May,2023,1145,2,3003.75,0.834375,0.0
2023_analysed,Exp_17_May_2023_1245_channel_0,True,False,17,May,2023,1245,0,3003.46875,0.834296875,108.40000000000009
2023_analysed,Exp_17_May_2023_1245_channel_1,True,False,17,May,2023,1245,1,3003.46875,0.834296875,78.79999999999905
2023_analysed,Exp_17_May_2023_1245_channel_2,True,False,17,May,2023,1245,2,3003.46875,0.834296875,0.0
2023_analysed,Exp_17_May_2023_1345_channel_0,True,False,17,May,2023,1345,0,3003.46875,0.834296875,26.000000000000497
2023_analysed,Exp_17_May_2023_1345_channel_1,True,False,17,May,2023,1345,1,3003.46875,0.834296875,141.19999999999987
2023_analysed,Exp_17_May_2023_1345_channel_2,True,False,17,May,2023,1345,2,3003.46875,0.834296875,0.0
2023_analysed,Exp_17_May_2023_1445_channel_0,True,False,17,May,2023,1445,0,3003.5208333333335,0.8343113425925927,25.200000000001033
2023_analysed,Exp_17_May_2023_1445_channel_1,True,False,17,May,2023,1445,1,3003.5208333333335,0.8343113425925927,1.9999999999998863
2023_analysed,Exp_17_May_2023_1445_channel_2,True,False,17,May,2023,1445,2,3003.5208333333335,0.8343113425925927,0.0
2023_analysed,Exp_17_May_2023_1545_channel_0,True,False,17,May,2023,1545,0,3003.5208333333335,0.8343113425925927,30.80000000000025
2023_analysed,Exp_17_May_2023_1545_channel_1,True,False,17,May,2023,1545,1,3003.5208333333335,0.8343113425925927,113.99999999999967
2023_analysed,Exp_17_May_2023_1545_channel_2,True,False,17,May,2023,1545,2,3003.5208333333335,0.8343113425925927,0.0
2023_analysed,Exp_17_May_2023_1645_channel_0,True,False,17,May,2023,1645,0,3003.46875,0.834296875,20.400000000000233
2023_analysed,Exp_17_May_2023_1645_channel_1,True,False,17,May,2023,1645,1,3003.46875,0.834296875,6.799999999999386
2023_analysed,Exp_17_May_2023_1645_channel_2,True,False,17,May,2023,1645,2,3003.46875,0.834296875,0.0
2023_analysed,Exp_17_May_2023_1745_channel_0,True,False,17,May,2023,1745,0,3003.4791666666665,0.8342997685185185,11.20000000000013
2023_analysed,Exp_17_May_2023_1745_channel_1,True,False,17,May,2023,1745,1,3003.4791666666665,0.8342997685185185,4.399999999999864
2023_analysed,Exp_17_May_2023_1745_channel_2,True,False,17,May,2023,1745,2,3003.4791666666665,0.8342997685185185,0.0
2023_analysed,Exp_17_Nov_2023_0845_channel_1,True,False,17,Nov,2023,0845,1,3009.2395833333335,0.8358998842592593,39.60000000000255
2023_analysed,Exp_17_Oct_2023_0745_channel_1,True,False,17,Oct,2023,0745,1,3007.9895833333335,0.835552662037037,0.39999999999997726
2023_analysed,Exp_17_Oct_2023_1245_channel_0,True,False,17,Oct,2023,1245,0,3007.0104166666665,0.8352806712962962,0.0
2023_analysed,Exp_17_Oct_2023_1345_channel_1,True,False,17,Oct,2023,1345,1,3010.1458333333335,0.8361516203703704,61.19999999999993
2023_analysed,Exp_17_Sep_2023_1345_channel_0,True,False,17,Sep,2023,1345,0,3009.3125,0.8359201388888889,0.0
2023_analysed,Exp_18_Feb_2023_0745_channel_0,True,False,18,Feb,2023,0745,0,3003.8645833333335,0.8344068287037038,0.0
2023_analysed,Exp_18_Feb_2023_0745_channel_1,True,False,18,Feb,2023,0745,1,3003.8645833333335,0.8344068287037038,0.3999999999999986
2023_analysed,Exp_18_Feb_2023_0845_channel_0,True,False,18,Feb,2023,0845,0,3003.5625,0.8343229166666667,35.20000000000323
2023_analysed,Exp_18_Feb_2023_0845_channel_1,True,False,18,Feb,2023,0845,1,3003.5625,0.8343229166666667,0.0
2023_analysed,Exp_18_Feb_2023_0945_channel_0,True,False,18,Feb,2023,0945,0,3003.6666666666665,0.8343518518518518,72.40000000000003
2023_analysed,Exp_18_Feb_2023_0945_channel_1,True,False,18,Feb,2023,0945,1,3003.6666666666665,0.8343518518518518,0.4000000000000057
2023_analysed,Exp_18_Feb_2023_1045_channel_0,True,False,18,Feb,2023,1045,0,3003.6354166666665,0.8343431712962962,1.2000000000000455
2023_analysed,Exp_18_Feb_2023_1045_channel_1,True,False,18,Feb,2023,1045,1,3003.6354166666665,0.8343431712962962,0.40000000000009095
2023_analysed,Exp_18_Feb_2023_1145_channel_0,True,False,18,Feb,2023,1145,0,3003.4791666666665,0.8342997685185185,62.400000000000304
2023_analysed,Exp_18_Feb_2023_1145_channel_1,True,False,18,Feb,2023,1145,1,3003.4791666666665,0.8342997685185185,2.4000000000000767
2023_analysed,Exp_18_Feb_2023_1245_channel_0,True,False,18,Feb,2023,1245,0,3003.4479166666665,0.8342910879629629,36.79999999999718
2023_analysed,Exp_18_Feb_2023_1245_channel_1,True,False,18,Feb,2023,1245,1,3003.4479166666665,0.8342910879629629,21.60000000000082
2023_analysed,Exp_18_Feb_2023_1428_channel_0,True,False,18,Feb,2023,1428,0,3003.4270833333335,0.834285300925926,18.800000000000566
2023_analysed,Exp_18_Feb_2023_1428_channel_1,True,False,18,Feb,2023,1428,1,3003.4270833333335,0.834285300925926,3.999999999999659
2023_analysed,Exp_18_Feb_2023_1445_channel_0,True,False,18,Feb,2023,1445,0,0.0,0.0,0.0
2023_analysed,Exp_18_Feb_2023_1445_channel_1,True,False,18,Feb,2023,1445,1,0.0,0.0,0.0
2023_analysed,Exp_18_Feb_2023_1645_channel_0,True,False,18,Feb,2023,1645,0,3003.8958333333335,0.8344155092592593,3.200000000000074
2023_analysed,Exp_18_Feb_2023_1645_channel_1,True,False,18,Feb,2023,1645,1,3003.8958333333335,0.8344155092592593,2.8000000000003524
2023_analysed,Exp_18_Feb_2023_1745_channel_0,True,False,18,Feb,2023,1745,0,3003.53125,0.8343142361111111,0.8000000000000682
2023_analysed,Exp_18_Feb_2023_1745_channel_1,True,False,18,Feb,2023,1745,1,3003.53125,0.8343142361111111,0.0
2023_analysed,Exp_18_Jul_2023_0745_channel_0,True,False,18,Jul,2023,0745,0,3003.625,0.8343402777777778,0.0
2023_analysed,Exp_18_Jul_2023_0745_channel_1,True,False,18,Jul,2023,0745,1,3003.625,0.8343402777777778,0.0
2023_analysed,Exp_18_Jul_2023_0845_channel_0,True,False,18,Jul,2023,0845,0,3003.4583333333335,0.8342939814814815,0.0
2023_analysed,Exp_18_Jul_2023_0845_channel_1,True,False,18,Jul,2023,0845,1,3003.4583333333335,0.8342939814814815,0.0
2023_analysed,Exp_18_Jul_2023_1445_channel_0,True,False,18,Jul,2023,1445,0,3003.5833333333335,0.8343287037037037,73.19999999999972
2023_analysed,Exp_18_Jun_2023_0745_channel_0,True,False,18,Jun,2023,0745,0,3003.59375,0.8343315972222223,10.400000000000773
2023_analysed,Exp_18_Jun_2023_0745_channel_1,True,False,18,Jun,2023,0745,1,3003.59375,0.8343315972222223,14.40000000000039
2023_analysed,Exp_18_Jun_2023_0745_channel_2,True,False,18,Jun,2023,0745,2,3003.59375,0.8343315972222223,0.0
2023_analysed,Exp_18_Jun_2023_0845_channel_0,True,False,18,Jun,2023,0845,0,3003.5,0.8343055555555555,114.40000000000349
2023_analysed,Exp_18_Jun_2023_0845_channel_1,True,False,18,Jun,2023,0845,1,3003.5,0.8343055555555555,137.99999999999832
2023_analysed,Exp_18_Jun_2023_0845_channel_2,True,False,18,Jun,2023,0845,2,3003.5,0.8343055555555555,0.3999999999998636
2023_analysed,Exp_18_Jun_2023_0945_channel_0,True,False,18,Jun,2023,0945,0,3003.375,0.8342708333333333,34.40000000000011
2023_analysed,Exp_18_Jun_2023_0945_channel_1,True,False,18,Jun,2023,0945,1,3003.375,0.8342708333333333,121.59999999999926
2023_analysed,Exp_18_Jun_2023_0945_channel_2,True,False,18,Jun,2023,0945,2,3003.375,0.8342708333333333,0.0
2023_analysed,Exp_18_Jun_2023_1045_channel_0,True,False,18,Jun,2023,1045,0,3003.6354166666665,0.8343431712962962,18.40000000000033
2023_analysed,Exp_18_Jun_2023_1045_channel_1,True,False,18,Jun,2023,1045,1,3003.6354166666665,0.8343431712962962,32.00000000000167
2023_analysed,Exp_18_Jun_2023_1045_channel_2,True,False,18,Jun,2023,1045,2,3003.6354166666665,0.8343431712962962,4.399999999999892
2023_analysed,Exp_18_Jun_2023_1145_channel_0,True,False,18,Jun,2023,1145,0,3003.8229166666665,0.8343952546296296,71.19999999999956
2023_analysed,Exp_18_Jun_2023_1145_channel_1,True,False,18,Jun,2023,1145,1,3003.8229166666665,0.8343952546296296,35.5999999999988
2023_analysed,Exp_18_Jun_2023_1145_channel_2,True,False,18,Jun,2023,1145,2,3003.8229166666665,0.8343952546296296,0.39999999999997726
2023_analysed,Exp_18_Jun_2023_1245_channel_0,True,False,18,Jun,2023,1245,0,3003.4375,0.8342881944444445,66.40000000000067
2023_analysed,Exp_18_Jun_2023_1245_channel_1,True,False,18,Jun,2023,1245,1,3003.4375,0.8342881944444445,27.60000000000109
2023_analysed,Exp_18_Jun_2023_1245_channel_2,True,False,18,Jun,2023,1245,2,3003.4375,0.8342881944444445,0.0
2023_analysed,Exp_18_Jun_2023_1345_channel_0,True,False,18,Jun,2023,1345,0,3003.3229166666665,0.8342563657407407,82.39999999999844
2023_analysed,Exp_18_Jun_2023_1345_channel_1,True,False,18,Jun,2023,1345,1,3003.3229166666665,0.8342563657407407,61.600000000000215
2023_analysed,Exp_18_Jun_2023_1345_channel_2,True,False,18,Jun,2023,1345,2,3003.3229166666665,0.8342563657407407,0.0
2023_analysed,Exp_18_Jun_2023_1445_channel_0,True,False,18,Jun,2023,1445,0,3003.3541666666665,0.8342650462962963,59.199999999998425
2023_analysed,Exp_18_Jun_2023_1445_channel_1,True,False,18,Jun,2023,1445,1,3003.3541666666665,0.8342650462962963,134.40000000000137
2023_analysed,Exp_18_Jun_2023_1445_channel_2,True,False,18,Jun,2023,1445,2,3003.3541666666665,0.8342650462962963,0.0
2023_analysed,Exp_18_Jun_2023_1545_channel_0,True,False,18,Jun,2023,1545,0,3003.5,0.8343055555555555,155.1999999999988
2023_analysed,Exp_18_Jun_2023_1545_channel_1,True,False,18,Jun,2023,1545,1,3003.5,0.8343055555555555,207.99999999999966
2023_analysed,Exp_18_Jun_2023_1545_channel_2,True,False,18,Jun,2023,1545,2,3003.5,0.8343055555555555,0.0
2023_analysed,Exp_18_Jun_2023_1645_channel_0,True,False,18,Jun,2023,1645,0,3003.5,0.8343055555555555,35.19999999999922
2023_analysed,Exp_18_Jun_2023_1645_channel_1,True,False,18,Jun,2023,1645,1,3003.5,0.8343055555555555,16.40000000000088
2023_analysed,Exp_18_Jun_2023_1645_channel_2,True,False,18,Jun,2023,1645,2,3003.5,0.8343055555555555,0.0
2023_analysed,Exp_18_Jun_2023_1745_channel_0,True,False,18,Jun,2023,1745,0,3003.5208333333335,0.8343113425925927,16.400000000000432
2023_analysed,Exp_18_Jun_2023_1745_channel_1,True,False,18,Jun,2023,1745,1,3003.5208333333335,0.8343113425925927,14.799999999999898
2023_analysed,Exp_18_Jun_2023_1745_channel_2,True,False,18,Jun,2023,1745,2,3003.5208333333335,0.8343113425925927,0.0
2023_analysed,Exp_18_Mar_2023_0745_channel_0,True,False,18,Mar,2023,0745,0,3003.3854166666665,0.8342737268518519,5.199999999999637
2023_analysed,Exp_18_Mar_2023_0745_channel_1,True,False,18,Mar,2023,0745,1,3003.3854166666665,0.8342737268518519,4.7999999999996135
2023_analysed,Exp_18_Mar_2023_0745_channel_2,True,False,18,Mar,2023,0745,2,3003.3854166666665,0.8342737268518519,3.600000000000364
2023_analysed,Exp_18_Mar_2023_0845_channel_0,True,False,18,Mar,2023,0845,0,3003.6666666666665,0.8343518518518518,28.400000000000595
2023_analysed,Exp_18_Mar_2023_0845_channel_1,True,False,18,Mar,2023,0845,1,3003.6666666666665,0.8343518518518518,93.20000000000277
2023_analysed,Exp_18_Mar_2023_0845_channel_2,True,False,18,Mar,2023,0845,2,3003.6666666666665,0.8343518518518518,4.799999999999841
2023_analysed,Exp_18_Mar_2023_0945_channel_0,True,False,18,Mar,2023,0945,0,3003.4895833333335,0.8343026620370371,26.800000000001177
2023_analysed,Exp_18_Mar_2023_0945_channel_1,True,False,18,Mar,2023,0945,1,3003.4895833333335,0.8343026620370371,128.40000000000006
2023_analysed,Exp_18_Mar_2023_0945_channel_2,True,False,18,Mar,2023,0945,2,3003.4895833333335,0.8343026620370371,3.599999999999845
2023_analysed,Exp_18_Mar_2023_1045_channel_0,True,False,18,Mar,2023,1045,0,3003.46875,0.834296875,47.99999999999712
2023_analysed,Exp_18_Mar_2023_1045_channel_1,True,False,18,Mar,2023,1045,1,3003.46875,0.834296875,48.40000000000061
2023_analysed,Exp_18_Mar_2023_1045_channel_2,True,False,18,Mar,2023,1045,2,3003.46875,0.834296875,3.1999999999993882
2023_analysed,Exp_18_Mar_2023_1145_channel_0,True,False,18,Mar,2023,1145,0,3003.6041666666665,0.8343344907407407,61.19999999999872
2023_analysed,Exp_18_Mar_2023_1145_channel_1,True,False,18,Mar,2023,1145,1,3003.6041666666665,0.8343344907407407,173.59999999999897
2023_analysed,Exp_18_Mar_2023_1145_channel_2,True,False,18,Mar,2023,1145,2,3003.6041666666665,0.8343344907407407,2.4000000000001123
2023_analysed,Exp_18_Mar_2023_1245_channel_0,True,False,18,Mar,2023,1245,0,3003.5625,0.8343229166666667,222.8000000000004
2023_analysed,Exp_18_Mar_2023_1245_channel_1,True,False,18,Mar,2023,1245,1,3003.5625,0.8343229166666667,180.80000000000015
2023_analysed,Exp_18_Mar_2023_1245_channel_2,True,False,18,Mar,2023,1245,2,3003.5625,0.8343229166666667,4.400000000000091
2023_analysed,Exp_18_Mar_2023_1345_channel_0,True,False,18,Mar,2023,1345,0,3003.96875,0.8344357638888888,59.19999999999859
2023_analysed,Exp_18_Mar_2023_1345_channel_1,True,False,18,Mar,2023,1345,1,3003.96875,0.8344357638888888,243.19999999999916
2023_analysed,Exp_18_Mar_2023_1345_channel_2,True,False,18,Mar,2023,1345,2,3003.96875,0.8344357638888888,3.6000000000001933
2023_analysed,Exp_18_Mar_2023_1445_channel_0,True,False,18,Mar,2023,1445,0,3003.4583333333335,0.8342939814814815,126.39999999999648
2023_analysed,Exp_18_Mar_2023_1445_channel_1,True,False,18,Mar,2023,1445,1,3003.4583333333335,0.8342939814814815,131.99999999999596
2023_analysed,Exp_18_Mar_2023_1445_channel_2,True,False,18,Mar,2023,1445,2,3003.4583333333335,0.8342939814814815,4.7999999999999545
2023_analysed,Exp_18_Mar_2023_1545_channel_0,True,False,18,Mar,2023,1545,0,3003.40625,0.8342795138888889,79.19999999999978
2023_analysed,Exp_18_Mar_2023_1545_channel_1,True,False,18,Mar,2023,1545,1,3003.40625,0.8342795138888889,129.60000000000068
2023_analysed,Exp_18_Mar_2023_1545_channel_2,True,False,18,Mar,2023,1545,2,3003.40625,0.8342795138888889,0.40000000000009095
2023_analysed,Exp_18_Mar_2023_1645_channel_0,True,False,18,Mar,2023,1645,0,3003.4270833333335,0.834285300925926,2.7999999999996135
2023_analysed,Exp_18_Mar_2023_1645_channel_1,True,False,18,Mar,2023,1645,1,3003.4270833333335,0.834285300925926,1.6000000000001506
2023_analysed,Exp_18_Mar_2023_1645_channel_2,True,False,18,Mar,2023,1645,2,3003.4270833333335,0.834285300925926,0.0
2023_analysed,Exp_18_Mar_2023_1745_channel_0,True,False,18,Mar,2023,1745,0,3003.5625,0.8343229166666667,0.0
2023_analysed,Exp_18_Mar_2023_1745_channel_1,True,False,18,Mar,2023,1745,1,3003.5625,0.8343229166666667,0.0
2023_analysed,Exp_18_Mar_2023_1745_channel_2,True,False,18,Mar,2023,1745,2,3003.5625,0.8343229166666667,0.39999999999997726
2023_analysed,Exp_18_May_2023_0745_channel_0,True,False,18,May,2023,0745,0,3003.375,0.8342708333333333,1.9999999999998863
2023_analysed,Exp_18_May_2023_0745_channel_1,True,False,18,May,2023,0745,1,3003.375,0.8342708333333333,1.5999999999996817
2023_analysed,Exp_18_May_2023_0745_channel_2,True,False,18,May,2023,0745,2,3003.375,0.8342708333333333,2.799999999999585
2023_analysed,Exp_18_May_2023_0845_channel_0,True,False,18,May,2023,0845,0,3003.3541666666665,0.8342650462962963,4.400000000000318
2023_analysed,Exp_18_May_2023_0845_channel_1,True,False,18,May,2023,0845,1,3003.3541666666665,0.8342650462962963,6.7999999999996135
2023_analysed,Exp_18_May_2023_0845_channel_2,True,False,18,May,2023,0845,2,3003.3541666666665,0.8342650462962963,0.0
2023_analysed,Exp_18_May_2023_0945_channel_0,True,False,18,May,2023,0945,0,3003.5625,0.8343229166666667,12.799999999999834
2023_analysed,Exp_18_May_2023_0945_channel_1,True,False,18,May,2023,0945,1,3003.5625,0.8343229166666667,103.59999999999917
2023_analysed,Exp_18_May_2023_0945_channel_2,True,False,18,May,2023,0945,2,3003.5625,0.8343229166666667,0.0
2023_analysed,Exp_18_May_2023_1045_channel_0,True,False,18,May,2023,1045,0,3003.53125,0.8343142361111111,13.600000000000499
2023_analysed,Exp_18_May_2023_1045_channel_1,True,False,18,May,2023,1045,1,3003.53125,0.8343142361111111,17.199999999999875
2023_analysed,Exp_18_May_2023_1045_channel_2,True,False,18,May,2023,1045,2,3003.53125,0.8343142361111111,0.0
2023_analysed,Exp_18_May_2023_1145_channel_0,True,False,18,May,2023,1145,0,3003.6979166666665,0.8343605324074074,72.79999999999995
2023_analysed,Exp_18_May_2023_1145_channel_1,True,False,18,May,2023,1145,1,3003.6979166666665,0.8343605324074074,120.39999999999974
2023_analysed,Exp_18_May_2023_1145_channel_2,True,False,18,May,2023,1145,2,3003.6979166666665,0.8343605324074074,0.0
2023_analysed,Exp_18_May_2023_1245_channel_0,True,False,18,May,2023,1245,0,3004.0833333333335,0.8344675925925926,55.599999999998545
2023_analysed,Exp_18_May_2023_1245_channel_1,True,False,18,May,2023,1245,1,3004.0833333333335,0.8344675925925926,38.79999999999866
2023_analysed,Exp_18_May_2023_1245_channel_2,True,False,18,May,2023,1245,2,3004.0833333333335,0.8344675925925926,0.0
2023_analysed,Exp_18_May_2023_1345_channel_0,True,False,18,May,2023,1345,0,3003.6145833333335,0.8343373842592593,74.40000000000019
2023_analysed,Exp_18_May_2023_1345_channel_1,True,False,18,May,2023,1345,1,3003.6145833333335,0.8343373842592593,104.39999999999884
2023_analysed,Exp_18_May_2023_1345_channel_2,True,False,18,May,2023,1345,2,3003.6145833333335,0.8343373842592593,0.0
2023_analysed,Exp_18_May_2023_1445_channel_0,True,False,18,May,2023,1445,0,3003.4166666666665,0.8342824074074073,30.80000000000117
2023_analysed,Exp_18_May_2023_1445_channel_1,True,False,18,May,2023,1445,1,3003.4166666666665,0.8342824074074073,48.400000000000276
2023_analysed,Exp_18_May_2023_1445_channel_2,True,False,18,May,2023,1445,2,3003.4166666666665,0.8342824074074073,0.0
2023_analysed,Exp_18_May_2023_1545_channel_0,True,False,18,May,2023,1545,0,3003.46875,0.834296875,40.79999999999997
2023_analysed,Exp_18_May_2023_1545_channel_1,True,False,18,May,2023,1545,1,3003.46875,0.834296875,102.40000000000052
2023_analysed,Exp_18_May_2023_1545_channel_2,True,False,18,May,2023,1545,2,3003.46875,0.834296875,0.0
2023_analysed,Exp_18_May_2023_1645_channel_0,True,False,18,May,2023,1645,0,3003.65625,0.8343489583333333,17.599999999999667
2023_analysed,Exp_18_May_2023_1645_channel_1,True,False,18,May,2023,1645,1,3003.65625,0.8343489583333333,0.8000000000001819
2023_analysed,Exp_18_May_2023_1645_channel_2,True,False,18,May,2023,1645,2,3003.65625,0.8343489583333333,0.0
2023_analysed,Exp_18_May_2023_1745_channel_0,True,False,18,May,2023,1745,0,3003.6354166666665,0.8343431712962962,13.599999999998701
2023_analysed,Exp_18_May_2023_1745_channel_1,True,False,18,May,2023,1745,1,3003.6354166666665,0.8343431712962962,10.800000000000544
2023_analysed,Exp_18_May_2023_1745_channel_2,True,False,18,May,2023,1745,2,3003.6354166666665,0.8343431712962962,0.0
2023_analysed,Exp_18_Nov_2023_1245_channel_0,True,False,18,Nov,2023,1245,0,3008.5833333333335,0.8357175925925926,25.199999999999942
2023_analysed,Exp_18_Nov_2023_1645_channel_1,True,False,18,Nov,2023,1645,1,3010.8020833333335,0.8363339120370371,1.6000000000000796
2023_analysed,Exp_18_Oct_2023_1345_channel_1,True,False,18,Oct,2023,1345,1,3008.90625,0.8358072916666667,85.59999999999944
2023_analysed,Exp_18_Sep_2023_1245_channel_0,True,False,18,Sep,2023,1245,0,3007.4166666666665,0.8353935185185185,0.0
2023_analysed,Exp_19_Apr_2023_1045_channel_0,True,False,19,Apr,2023,1045,0,3002.625,0.8340625,26.80000000000078
2023_analysed,Exp_19_Apr_2023_1045_channel_1,True,False,19,Apr,2023,1045,1,3002.625,0.8340625,20.000000000000057
2023_analysed,Exp_19_Apr_2023_1045_channel_2,True,False,19,Apr,2023,1045,2,3002.625,0.8340625,0.0
2023_analysed,Exp_19_Apr_2023_1145_channel_0,True,False,19,Apr,2023,1145,0,3003.2604166666665,0.8342390046296296,25.20000000000141
2023_analysed,Exp_19_Apr_2023_1145_channel_1,True,False,19,Apr,2023,1145,1,3003.2604166666665,0.8342390046296296,120.79999999999981
2023_analysed,Exp_19_Apr_2023_1145_channel_2,True,False,19,Apr,2023,1145,2,3003.2604166666665,0.8342390046296296,0.0
2023_analysed,Exp_19_Apr_2023_1245_channel_0,True,False,19,Apr,2023,1245,0,3006.7291666666665,0.8352025462962962,57.59999999999694
2023_analysed,Exp_19_Apr_2023_1245_channel_1,True,False,19,Apr,2023,1245,1,3006.7291666666665,0.8352025462962962,45.999999999997065
2023_analysed,Exp_19_Apr_2023_1245_channel_2,True,False,19,Apr,2023,1245,2,3006.7291666666665,0.8352025462962962,0.0
2023_analysed,Exp_19_Apr_2023_1345_channel_0,True,False,19,Apr,2023,1345,0,3005.6458333333335,0.8349016203703704,20.399999999999388
2023_analysed,Exp_19_Apr_2023_1345_channel_1,True,False,19,Apr,2023,1345,1,3005.6458333333335,0.8349016203703704,80.39999999999961
2023_analysed,Exp_19_Apr_2023_1345_channel_2,True,False,19,Apr,2023,1345,2,3005.6458333333335,0.8349016203703704,0.0
2023_analysed,Exp_19_Apr_2023_1445_channel_0,True,False,19,Apr,2023,1445,0,3005.7916666666665,0.8349421296296295,17.99999999999966
2023_analysed,Exp_19_Apr_2023_1445_channel_1,True,False,19,Apr,2023,1445,1,3005.7916666666665,0.8349421296296295,116.80000000000189
2023_analysed,Exp_19_Apr_2023_1445_channel_2,True,False,19,Apr,2023,1445,2,3005.7916666666665,0.8349421296296295,0.0
2023_analysed,Exp_19_Apr_2023_1545_channel_0,True,False,19,Apr,2023,1545,0,3010.9166666666665,0.8363657407407407,140.80000000000024
2023_analysed,Exp_19_Apr_2023_1545_channel_1,True,False,19,Apr,2023,1545,1,3010.9166666666665,0.8363657407407407,147.5999999999994
2023_analysed,Exp_19_Apr_2023_1545_channel_2,True,False,19,Apr,2023,1545,2,3010.9166666666665,0.8363657407407407,3.5999999999997385
2023_analysed,Exp_19_Apr_2023_1645_channel_0,True,False,19,Apr,2023,1645,0,3007.3958333333335,0.8353877314814815,4.000000000000313
2023_analysed,Exp_19_Apr_2023_1645_channel_1,True,False,19,Apr,2023,1645,1,3007.3958333333335,0.8353877314814815,4.799999999999528
2023_analysed,Exp_19_Apr_2023_1645_channel_2,True,False,19,Apr,2023,1645,2,3007.3958333333335,0.8353877314814815,7.199999999999591
2023_analysed,Exp_19_Apr_2023_1745_channel_0,True,False,19,Apr,2023,1745,0,3003.5208333333335,0.8343113425925927,3.600000000000186
2023_analysed,Exp_19_Apr_2023_1745_channel_1,True,False,19,Apr,2023,1745,1,3003.5208333333335,0.8343113425925927,3.9999999999998863
2023_analysed,Exp_19_Apr_2023_1745_channel_2,True,False,19,Apr,2023,1745,2,3003.5208333333335,0.8343113425925927,63.20000000000013
2023_analysed,Exp_19_Aug_2023_0945_channel_0,True,False,19,Aug,2023,0945,0,3007.9583333333335,0.8355439814814816,0.0
2023_analysed,Exp_19_Dec_2023_1445_channel_1,True,False,19,Dec,2023,1445,1,3009.3333333333335,0.835925925925926,56.40000000000484
2023_analysed,Exp_19_Feb_2023_0745_channel_0,True,False,19,Feb,2023,0745,0,3003.5208333333335,0.8343113425925927,97.6000000000009
2023_analysed,Exp_19_Feb_2023_0745_channel_1,True,False,19,Feb,2023,0745,1,3003.5208333333335,0.8343113425925927,2.8000000000002956
2023_analysed,Exp_19_Feb_2023_1045_channel_0,True,False,19,Feb,2023,1045,0,3003.3541666666665,0.8342650462962963,51.60000000000241
2023_analysed,Exp_19_Feb_2023_1045_channel_1,True,False,19,Feb,2023,1045,1,3003.3541666666665,0.8342650462962963,4.000000000000341
2023_analysed,Exp_19_Feb_2023_1145_channel_0,True,False,19,Feb,2023,1145,0,3003.5104166666665,0.834308449074074,27.199999999999875
2023_analysed,Exp_19_Feb_2023_1145_channel_1,True,False,19,Feb,2023,1145,1,3003.5104166666665,0.834308449074074,6.800000000000026
2023_analysed,Exp_19_Feb_2023_1245_channel_0,True,False,19,Feb,2023,1245,0,3003.3645833333335,0.8342679398148148,115.19999999999567
2023_analysed,Exp_19_Feb_2023_1245_channel_1,True,False,19,Feb,2023,1245,1,3003.3645833333335,0.8342679398148148,0.8000000000001819
2023_analysed,Exp_19_Feb_2023_1345_channel_0,True,False,19,Feb,2023,1345,0,3003.5625,0.8343229166666667,127.20000000000098
2023_analysed,Exp_19_Feb_2023_1345_channel_1,True,False,19,Feb,2023,1345,1,3003.5625,0.8343229166666667,22.399999999999636
2023_analysed,Exp_19_Feb_2023_1445_channel_0,True,False,19,Feb,2023,1445,0,3003.6770833333335,0.8343547453703705,301.19999999999607
2023_analysed,Exp_19_Feb_2023_1445_channel_1,True,False,19,Feb,2023,1445,1,3003.6770833333335,0.8343547453703705,5.599999999999795
2023_analysed,Exp_19_Feb_2023_1545_channel_0,True,False,19,Feb,2023,1545,0,3003.5833333333335,0.8343287037037037,101.99999999999972
2023_analysed,Exp_19_Feb_2023_1545_channel_1,True,False,19,Feb,2023,1545,1,3003.5833333333335,0.8343287037037037,3.6000000000001933
2023_analysed,Exp_19_Feb_2023_1645_channel_0,True,False,19,Feb,2023,1645,0,3003.6145833333335,0.8343373842592593,2.000000000000057
2023_analysed,Exp_19_Feb_2023_1645_channel_1,True,False,19,Feb,2023,1645,1,3003.6145833333335,0.8343373842592593,0.8000000000000824
2023_analysed,Exp_19_Feb_2023_1814_channel_0,True,False,19,Feb,2023,1814,0,3003.65625,0.8343489583333333,0.40000000000009095
2023_analysed,Exp_19_Feb_2023_1814_channel_1,True,False,19,Feb,2023,1814,1,3003.65625,0.8343489583333333,0.40000000000009095
2023_analysed,Exp_19_Jul_2023_1445_channel_1,True,False,19,Jul,2023,1445,1,3004.8645833333335,0.8346846064814816,22.799999999999194
2023_analysed,Exp_19_Jun_2023_0745_channel_0,True,False,19,Jun,2023,0745,0,3003.3854166666665,0.8342737268518519,2.800000000000125
2023_analysed,Exp_19_Jun_2023_0745_channel_1,True,False,19,Jun,2023,0745,1,3003.3854166666665,0.8342737268518519,2.8000000000004093
2023_analysed,Exp_19_Jun_2023_0745_channel_2,True,False,19,Jun,2023,0745,2,3003.3854166666665,0.8342737268518519,1.9999999999998863
2023_analysed,Exp_19_Jun_2023_0845_channel_0,True,False,19,Jun,2023,0845,0,3003.4895833333335,0.8343026620370371,13.200000000000273
2023_analysed,Exp_19_Jun_2023_0845_channel_1,True,False,19,Jun,2023,0845,1,3003.4895833333335,0.8343026620370371,48.39999999999969
2023_analysed,Exp_19_Jun_2023_0845_channel_2,True,False,19,Jun,2023,0845,2,3003.4895833333335,0.8343026620370371,1.599999999999639
2023_analysed,Exp_19_Jun_2023_0945_channel_0,True,False,19,Jun,2023,0945,0,3003.4791666666665,0.8342997685185185,41.999999999999176
2023_analysed,Exp_19_Jun_2023_0945_channel_1,True,False,19,Jun,2023,0945,1,3003.4791666666665,0.8342997685185185,47.600000000000406
2023_analysed,Exp_19_Jun_2023_0945_channel_2,True,False,19,Jun,2023,0945,2,3003.4791666666665,0.8342997685185185,0.40000000000009095
2023_analysed,Exp_19_Jun_2023_1045_channel_0,True,False,19,Jun,2023,1045,0,3003.5625,0.8343229166666667,47.200000000000216
2023_analysed,Exp_19_Jun_2023_1045_channel_1,True,False,19,Jun,2023,1045,1,3003.5625,0.8343229166666667,32.00000000000071
2023_analysed,Exp_19_Jun_2023_1045_channel_2,True,False,19,Jun,2023,1045,2,3003.5625,0.8343229166666667,0.0
2023_analysed,Exp_19_Jun_2023_1145_channel_0,True,False,19,Jun,2023,1145,0,3003.59375,0.8343315972222223,86.80000000000138
2023_analysed,Exp_19_Jun_2023_1145_channel_1,True,False,19,Jun,2023,1145,1,3003.59375,0.8343315972222223,150.00000000000017
2023_analysed,Exp_19_Jun_2023_1145_channel_2,True,False,19,Jun,2023,1145,2,3003.59375,0.8343315972222223,0.4000000000000057
2023_analysed,Exp_19_Jun_2023_1245_channel_0,True,False,19,Jun,2023,1245,0,3003.3958333333335,0.8342766203703704,59.60000000000111
2023_analysed,Exp_19_Jun_2023_1245_channel_1,True,False,19,Jun,2023,1245,1,3003.3958333333335,0.8342766203703704,48.39999999999844
2023_analysed,Exp_19_Jun_2023_1245_channel_2,True,False,19,Jun,2023,1245,2,3003.3958333333335,0.8342766203703704,4.400000000000375
2023_analysed,Exp_19_Jun_2023_1345_channel_0,True,False,19,Jun,2023,1345,0,3003.6354166666665,0.8343431712962962,112.80000000000106
2023_analysed,Exp_19_Jun_2023_1345_channel_1,True,False,19,Jun,2023,1345,1,3003.6354166666665,0.8343431712962962,210.00000000000213
2023_analysed,Exp_19_Jun_2023_1345_channel_2,True,False,19,Jun,2023,1345,2,3003.6354166666665,0.8343431712962962,0.8000000000001819
2023_analysed,Exp_19_Jun_2023_1445_channel_0,True,False,19,Jun,2023,1445,0,3003.5,0.8343055555555555,89.60000000000011
2023_analysed,Exp_19_Jun_2023_1445_channel_1,True,False,19,Jun,2023,1445,1,3003.5,0.8343055555555555,96.00000000000067
2023_analysed,Exp_19_Jun_2023_1445_channel_2,True,False,19,Jun,2023,1445,2,3003.5,0.8343055555555555,0.3999999999999986
2023_analysed,Exp_19_Jun_2023_1545_channel_0,True,False,19,Jun,2023,1545,0,3003.3645833333335,0.8342679398148148,53.60000000000133
2023_analysed,Exp_19_Jun_2023_1545_channel_1,True,False,19,Jun,2023,1545,1,3003.3645833333335,0.8342679398148148,200.40000000000006
2023_analysed,Exp_19_Jun_2023_1545_channel_2,True,False,19,Jun,2023,1545,2,3003.3645833333335,0.8342679398148148,0.0
2023_analysed,Exp_19_Jun_2023_1645_channel_0,True,False,19,Jun,2023,1645,0,3003.4166666666665,0.8342824074074073,52.40000000000024
2023_analysed,Exp_19_Jun_2023_1645_channel_1,True,False,19,Jun,2023,1645,1,3003.4166666666665,0.8342824074074073,15.19999999999854
2023_analysed,Exp_19_Jun_2023_1645_channel_2,True,False,19,Jun,2023,1645,2,3003.4166666666665,0.8342824074074073,0.0
2023_analysed,Exp_19_Jun_2023_1745_channel_0,True,False,19,Jun,2023,1745,0,3003.53125,0.8343142361111111,33.600000000000094
2023_analysed,Exp_19_Jun_2023_1745_channel_1,True,False,19,Jun,2023,1745,1,3003.53125,0.8343142361111111,14.39999999999877
2023_analysed,Exp_19_Jun_2023_1745_channel_2,True,False,19,Jun,2023,1745,2,3003.53125,0.8343142361111111,0.0
2023_analysed,Exp_19_Mar_2023_0745_channel_0,True,False,19,Mar,2023,0745,0,3003.59375,0.8343315972222223,5.200000000000216
2023_analysed,Exp_19_Mar_2023_0745_channel_1,True,False,19,Mar,2023,0745,1,3003.59375,0.8343315972222223,13.199999999999804
2023_analysed,Exp_19_Mar_2023_0745_channel_2,True,False,19,Mar,2023,0745,2,3003.59375,0.8343315972222223,37.20000000000003
2023_analysed,Exp_19_Mar_2023_0845_channel_0,True,False,19,Mar,2023,0845,0,3003.5520833333335,0.8343200231481482,5.200000000000415
2023_analysed,Exp_19_Mar_2023_0845_channel_1,True,False,19,Mar,2023,0845,1,3003.5520833333335,0.8343200231481482,44.0000000000006
2023_analysed,Exp_19_Mar_2023_0845_channel_2,True,False,19,Mar,2023,0845,2,3003.5520833333335,0.8343200231481482,7.199999999999955
2023_analysed,Exp_19_Mar_2023_0945_channel_0,True,False,19,Mar,2023,0945,0,3003.4270833333335,0.834285300925926,19.20000000000001
2023_analysed,Exp_19_Mar_2023_0945_channel_1,True,False,19,Mar,2023,0945,1,3003.4270833333335,0.834285300925926,50.39999999999833
2023_analysed,Exp_19_Mar_2023_0945_channel_2,True,False,19,Mar,2023,0945,2,3003.4270833333335,0.834285300925926,0.40000000000009095
2023_analysed,Exp_19_Mar_2023_1045_channel_0,True,False,19,Mar,2023,1045,0,3003.6875,0.8343576388888889,19.600000000000364
2023_analysed,Exp_19_Mar_2023_1045_channel_1,True,False,19,Mar,2023,1045,1,3003.6875,0.8343576388888889,17.60000000000028
2023_analysed,Exp_19_Mar_2023_1045_channel_2,True,False,19,Mar,2023,1045,2,3003.6875,0.8343576388888889,2.800000000000196
2023_analysed,Exp_19_Mar_2023_1145_channel_0,True,False,19,Mar,2023,1145,0,3003.6145833333335,0.8343373842592593,19.999999999998977
2023_analysed,Exp_19_Mar_2023_1145_channel_1,True,False,19,Mar,2023,1145,1,3003.6145833333335,0.8343373842592593,85.59999999999937
2023_analysed,Exp_19_Mar_2023_1145_channel_2,True,False,19,Mar,2023,1145,2,3003.6145833333335,0.8343373842592593,18.399999999999565
2023_analysed,Exp_19_Mar_2023_1245_channel_0,True,False,19,Mar,2023,1245,0,3003.5208333333335,0.8343113425925927,18.400000000000496
2023_analysed,Exp_19_Mar_2023_1245_channel_1,True,False,19,Mar,2023,1245,1,3003.5208333333335,0.8343113425925927,53.99999999999771
2023_analysed,Exp_19_Mar_2023_1245_channel_2,True,False,19,Mar,2023,1245,2,3003.5208333333335,0.8343113425925927,45.9999999999988
2023_analysed,Exp_19_Mar_2023_1345_channel_0,True,False,19,Mar,2023,1345,0,3003.4791666666665,0.8342997685185185,23.199999999998283
2023_analysed,Exp_19_Mar_2023_1345_channel_1,True,False,19,Mar,2023,1345,1,3003.4791666666665,0.8342997685185185,123.20000000000107
2023_analysed,Exp_19_Mar_2023_1345_channel_2,True,False,19,Mar,2023,1345,2,3003.4791666666665,0.8342997685185185,122.0000000000012
2023_analysed,Exp_19_Mar_2023_1445_channel_0,True,False,19,Mar,2023,1445,0,3003.4895833333335,0.8343026620370371,21.59999999999991
2023_analysed,Exp_19_Mar_2023_1445_channel_1,True,False,19,Mar,2023,1445,1,3003.4895833333335,0.8343026620370371,276.79999999999995
2023_analysed,Exp_19_Mar_2023_1445_channel_2,True,False,19,Mar,2023,1445,2,3003.4895833333335,0.8343026620370371,214.39999999999918
2023_analysed,Exp_19_Mar_2023_1545_channel_0,True,False,19,Mar,2023,1545,0,3003.4479166666665,0.8342910879629629,11.599999999999532
2023_analysed,Exp_19_Mar_2023_1545_channel_1,True,False,19,Mar,2023,1545,1,3003.4479166666665,0.8342910879629629,50.8
2023_analysed,Exp_19_Mar_2023_1545_channel_2,True,False,19,Mar,2023,1545,2,3003.4479166666665,0.8342910879629629,129.20000000000022
2023_analysed,Exp_19_Mar_2023_1645_channel_0,True,False,19,Mar,2023,1645,0,3003.5729166666665,0.8343258101851851,2.7999999999997556
2023_analysed,Exp_19_Mar_2023_1645_channel_1,True,False,19,Mar,2023,1645,1,3003.5729166666665,0.8343258101851851,1.2000000000001236
2023_analysed,Exp_19_Mar_2023_1645_channel_2,True,False,19,Mar,2023,1645,2,3003.5729166666665,0.8343258101851851,0.0
2023_analysed,Exp_19_Mar_2023_1745_channel_0,True,False,19,Mar,2023,1745,0,3003.34375,0.8342621527777778,2.799999999999841
2023_analysed,Exp_19_Mar_2023_1745_channel_1,True,False,19,Mar,2023,1745,1,3003.34375,0.8342621527777778,3.199999999999932
2023_analysed,Exp_19_Mar_2023_1745_channel_2,True,False,19,Mar,2023,1745,2,3003.34375,0.8342621527777778,0.0
2023_analysed,Exp_19_May_2023_0745_channel_0,True,False,19,May,2023,0745,0,3003.6354166666665,0.8343431712962962,0.0
2023_analysed,Exp_19_May_2023_0745_channel_1,True,False,19,May,2023,0745,1,3003.6354166666665,0.8343431712962962,3.200000000000159
2023_analysed,Exp_19_May_2023_0745_channel_2,True,False,19,May,2023,0745,2,3003.6354166666665,0.8343431712962962,12.000000000000018
2023_analysed,Exp_19_May_2023_0845_channel_0,True,False,19,May,2023,0845,0,3003.5,0.8343055555555555,17.20000000000089
2023_analysed,Exp_19_May_2023_0845_channel_1,True,False,19,May,2023,0845,1,3003.5,0.8343055555555555,23.6000000000013
2023_analysed,Exp_19_May_2023_0845_channel_2,True,False,19,May,2023,0845,2,3003.5,0.8343055555555555,0.0
2023_analysed,Exp_19_May_2023_0945_channel_0,True,False,19,May,2023,0945,0,3003.3958333333335,0.8342766203703704,35.600000000000435
2023_analysed,Exp_19_May_2023_0945_channel_1,True,False,19,May,2023,0945,1,3003.3958333333335,0.8342766203703704,198.40000000000245
2023_analysed,Exp_19_May_2023_0945_channel_2,True,False,19,May,2023,0945,2,3003.3958333333335,0.8342766203703704,0.40000000000009095
2023_analysed,Exp_19_May_2023_1045_channel_0,True,False,19,May,2023,1045,0,3003.4479166666665,0.8342910879629629,73.99999999999653
2023_analysed,Exp_19_May_2023_1045_channel_1,True,False,19,May,2023,1045,1,3003.4479166666665,0.8342910879629629,73.59999999999849
2023_analysed,Exp_19_May_2023_1045_channel_2,True,False,19,May,2023,1045,2,3003.4479166666665,0.8342910879629629,0.0
2023_analysed,Exp_19_May_2023_1145_channel_0,True,False,19,May,2023,1145,0,3003.46875,0.834296875,89.60000000000007
2023_analysed,Exp_19_May_2023_1145_channel_1,True,False,19,May,2023,1145,1,3003.46875,0.834296875,110.40000000000067
2023_analysed,Exp_19_May_2023_1145_channel_2,True,False,19,May,2023,1145,2,3003.46875,0.834296875,0.0
2023_analysed,Exp_19_May_2023_1245_channel_0,True,False,19,May,2023,1245,0,3003.4375,0.8342881944444445,68.79999999999832
2023_analysed,Exp_19_May_2023_1245_channel_1,True,False,19,May,2023,1245,1,3003.4375,0.8342881944444445,32.80000000000011
2023_analysed,Exp_19_May_2023_1245_channel_2,True,False,19,May,2023,1245,2,3003.4375,0.8342881944444445,0.0
2023_analysed,Exp_19_May_2023_1345_channel_0,True,False,19,May,2023,1345,0,3003.40625,0.8342795138888889,65.99999999999838
2023_analysed,Exp_19_May_2023_1345_channel_1,True,False,19,May,2023,1345,1,3003.40625,0.8342795138888889,120.39999999999898
2023_analysed,Exp_19_May_2023_1345_channel_2,True,False,19,May,2023,1345,2,3003.40625,0.8342795138888889,0.0
2023_analysed,Exp_19_May_2023_1445_channel_0,True,False,19,May,2023,1445,0,3003.59375,0.8343315972222223,130.00000000000082
2023_analysed,Exp_19_May_2023_1445_channel_1,True,False,19,May,2023,1445,1,3003.59375,0.8343315972222223,116.79999999999734
2023_analysed,Exp_19_May_2023_1445_channel_2,True,False,19,May,2023,1445,2,3003.59375,0.8343315972222223,0.0
2023_analysed,Exp_19_May_2023_1545_channel_0,True,False,19,May,2023,1545,0,3003.5520833333335,0.8343200231481482,90.79999999999846
2023_analysed,Exp_19_May_2023_1545_channel_1,True,False,19,May,2023,1545,1,3003.5520833333335,0.8343200231481482,224.40000000000035
2023_analysed,Exp_19_May_2023_1545_channel_2,True,False,19,May,2023,1545,2,3003.5520833333335,0.8343200231481482,0.0
2023_analysed,Exp_19_May_2023_1645_channel_0,True,False,19,May,2023,1645,0,3003.5625,0.8343229166666667,48.7999999999996
2023_analysed,Exp_19_May_2023_1645_channel_1,True,False,19,May,2023,1645,1,3003.5625,0.8343229166666667,21.19999999999905
2023_analysed,Exp_19_May_2023_1645_channel_2,True,False,19,May,2023,1645,2,3003.5625,0.8343229166666667,0.0
2023_analysed,Exp_19_May_2023_1745_channel_0,True,False,19,May,2023,1745,0,3003.65625,0.8343489583333333,31.60000000000052
2023_analysed,Exp_19_May_2023_1745_channel_1,True,False,19,May,2023,1745,1,3003.65625,0.8343489583333333,5.60000000000025
2023_analysed,Exp_19_May_2023_1745_channel_2,True,False,19,May,2023,1745,2,3003.65625,0.8343489583333333,0.8000000000000682
2023_analysed,Exp_19_Sep_2023_1645_channel_1,True,False,19,Sep,2023,1645,1,3009.5208333333335,0.8359780092592592,55.59999999999975
2023_analysed,Exp_20_Apr_2023_0745_channel_0,True,False,20,Apr,2023,0745,0,3003.5625,0.8343229166666667,0.8000000000001819
2023_analysed,Exp_20_Apr_2023_0745_channel_1,True,False,20,Apr,2023,0745,1,3003.5625,0.8343229166666667,22.79999999999934
2023_analysed,Exp_20_Apr_2023_0745_channel_2,True,False,20,Apr,2023,0745,2,3003.5625,0.8343229166666667,23.599999999999753
2023_analysed,Exp_20_Apr_2023_0845_channel_0,True,False,20,Apr,2023,0845,0,3003.4479166666665,0.8342910879629629,0.8000000000001819
2023_analysed,Exp_20_Apr_2023_0845_channel_1,True,False,20,Apr,2023,0845,1,3003.4479166666665,0.8342910879629629,14.400000000000283
2023_analysed,Exp_20_Apr_2023_0845_channel_2,True,False,20,Apr,2023,0845,2,3003.4479166666665,0.8342910879629629,29.200000000001083
2023_analysed,Exp_20_Apr_2023_0945_channel_0,True,False,20,Apr,2023,0945,0,3003.5833333333335,0.8343287037037037,7.600000000000101
2023_analysed,Exp_20_Apr_2023_0945_channel_1,True,False,20,Apr,2023,0945,1,3003.5833333333335,0.8343287037037037,13.200000000000713
2023_analysed,Exp_20_Apr_2023_0945_channel_2,True,False,20,Apr,2023,0945,2,3003.5833333333335,0.8343287037037037,0.7999999999999545
2023_analysed,Exp_20_Apr_2023_1045_channel_0,True,False,20,Apr,2023,1045,0,3003.3854166666665,0.8342737268518519,7.600000000000108
2023_analysed,Exp_20_Apr_2023_1045_channel_1,True,False,20,Apr,2023,1045,1,3003.3854166666665,0.8342737268518519,11.200000000000102
2023_analysed,Exp_20_Apr_2023_1045_channel_2,True,False,20,Apr,2023,1045,2,3003.3854166666665,0.8342737268518519,18.000000000000966
2023_analysed,Exp_20_Apr_2023_1145_channel_0,True,False,20,Apr,2023,1145,0,3003.4583333333335,0.8342939814814815,17.999999999999673
2023_analysed,Exp_20_Apr_2023_1145_channel_1,True,False,20,Apr,2023,1145,1,3003.4583333333335,0.8342939814814815,14.400000000000055
2023_analysed,Exp_20_Apr_2023_1145_channel_2,True,False,20,Apr,2023,1145,2,3003.4583333333335,0.8342939814814815,13.999999999999787
2023_analysed,Exp_20_Apr_2023_1245_channel_0,True,False,20,Apr,2023,1245,0,3003.34375,0.8342621527777778,11.600000000000499
2023_analysed,Exp_20_Apr_2023_1245_channel_1,True,False,20,Apr,2023,1245,1,3003.34375,0.8342621527777778,7.600000000000051
2023_analysed,Exp_20_Apr_2023_1245_channel_2,True,False,20,Apr,2023,1245,2,3003.34375,0.8342621527777778,12.399999999999721
2023_analysed,Exp_20_Apr_2023_1345_channel_0,True,False,20,Apr,2023,1345,0,3003.5416666666665,0.8343171296296296,10.799999999999713
2023_analysed,Exp_20_Apr_2023_1345_channel_1,True,False,20,Apr,2023,1345,1,3003.5416666666665,0.8343171296296296,9.600000000000762
2023_analysed,Exp_20_Apr_2023_1345_channel_2,True,False,20,Apr,2023,1345,2,3003.5416666666665,0.8343171296296296,21.999999999998607
2023_analysed,Exp_20_Apr_2023_1445_channel_0,True,False,20,Apr,2023,1445,0,3003.3958333333335,0.8342766203703704,12.400000000000546
2023_analysed,Exp_20_Apr_2023_1445_channel_1,True,False,20,Apr,2023,1445,1,3003.3958333333335,0.8342766203703704,10.399999999998627
2023_analysed,Exp_20_Apr_2023_1445_channel_2,True,False,20,Apr,2023,1445,2,3003.3958333333335,0.8342766203703704,12.000000000000142
2023_analysed,Exp_20_Apr_2023_1545_channel_0,True,False,20,Apr,2023,1545,0,3003.40625,0.8342795138888889,13.20000000000043
2023_analysed,Exp_20_Apr_2023_1545_channel_1,True,False,20,Apr,2023,1545,1,3003.40625,0.8342795138888889,9.200000000000685
2023_analysed,Exp_20_Apr_2023_1545_channel_2,True,False,20,Apr,2023,1545,2,3003.40625,0.8342795138888889,12.00000000000081
2023_analysed,Exp_20_Apr_2023_1645_channel_0,True,False,20,Apr,2023,1645,0,3003.3854166666665,0.8342737268518519,16.799999999999386
2023_analysed,Exp_20_Apr_2023_1645_channel_1,True,False,20,Apr,2023,1645,1,3003.3854166666665,0.8342737268518519,22.40000000000063
2023_analysed,Exp_20_Apr_2023_1645_channel_2,True,False,20,Apr,2023,1645,2,3003.3854166666665,0.8342737268518519,32.400000000000375
2023_analysed,Exp_20_Apr_2023_1745_channel_0,True,False,20,Apr,2023,1745,0,3003.4583333333335,0.8342939814814815,7.6000000000000725
2023_analysed,Exp_20_Apr_2023_1745_channel_1,True,False,20,Apr,2023,1745,1,3003.4583333333335,0.8342939814814815,16.80000000000004
2023_analysed,Exp_20_Apr_2023_1745_channel_2,True,False,20,Apr,2023,1745,2,3003.4583333333335,0.8342939814814815,32.40000000000125
2023_analysed,Exp_20_Dec_2023_1545_channel_0,True,False,20,Dec,2023,1545,0,3009.5416666666665,0.8359837962962963,5.2000000000001805
2023_analysed,Exp_20_Feb_2023_0945_channel_0,True,False,20,Feb,2023,0945,0,3003.4375,0.8342881944444445,181.5999999999953
2023_analysed,Exp_20_Feb_2023_0945_channel_1,True,False,20,Feb,2023,0945,1,3003.4375,0.8342881944444445,87.99999999999727
2023_analysed,Exp_20_Feb_2023_1045_channel_0,True,False,20,Feb,2023,1045,0,3003.625,0.8343402777777778,58.80000000000007
2023_analysed,Exp_20_Feb_2023_1045_channel_1,True,False,20,Feb,2023,1045,1,3003.625,0.8343402777777778,36.79999999999944
2023_analysed,Exp_20_Feb_2023_1145_channel_0,True,False,20,Feb,2023,1145,0,3003.8229166666665,0.8343952546296296,77.19999999999985
2023_analysed,Exp_20_Feb_2023_1145_channel_1,True,False,20,Feb,2023,1145,1,3003.8229166666665,0.8343952546296296,8.000000000000249
2023_analysed,Exp_20_Feb_2023_1245_channel_0,True,False,20,Feb,2023,1245,0,3003.4895833333335,0.8343026620370371,104.79999999999876
2023_analysed,Exp_20_Feb_2023_1245_channel_1,True,False,20,Feb,2023,1245,1,3003.4895833333335,0.8343026620370371,59.600000000001984
2023_analysed,Exp_20_Feb_2023_1345_channel_0,True,False,20,Feb,2023,1345,0,3003.5104166666665,0.834308449074074,104.40000000000038
2023_analysed,Exp_20_Feb_2023_1345_channel_1,True,False,20,Feb,2023,1345,1,3003.5104166666665,0.834308449074074,16.399999999999963
2023_analysed,Exp_20_Feb_2023_1652_channel_0,True,False,20,Feb,2023,1652,0,3003.8854166666665,0.8344126157407407,0.7999999999999545
2023_analysed,Exp_20_Feb_2023_1652_channel_1,True,False,20,Feb,2023,1652,1,3003.8854166666665,0.8344126157407407,0.39999999999997726
2023_analysed,Exp_20_Jul_2023_1445_channel_0,True,False,20,Jul,2023,1445,0,3005.5208333333335,0.8348668981481482,7.200000000000364
2023_analysed,Exp_20_Jul_2023_1545_channel_0,True,False,20,Jul,2023,1545,0,3003.9166666666665,0.8344212962962962,45.200000000000095
2023_analysed,Exp_20_Jun_2023_0745_channel_0,True,False,20,Jun,2023,0745,0,3003.4375,0.8342881944444445,1.9999999999998863
2023_analysed,Exp_20_Jun_2023_0745_channel_1,True,False,20,Jun,2023,0745,1,3003.4375,0.8342881944444445,1.2000000000002728
2023_analysed,Exp_20_Jun_2023_0745_channel_2,True,False,20,Jun,2023,0745,2,3003.4375,0.8342881944444445,1.6000000000001364
2023_analysed,Exp_20_Jun_2023_0845_channel_0,True,False,20,Jun,2023,0845,0,3003.4583333333335,0.8342939814814815,19.600000000000364
2023_analysed,Exp_20_Jun_2023_0845_channel_1,True,False,20,Jun,2023,0845,1,3003.4583333333335,0.8342939814814815,85.19999999999828
2023_analysed,Exp_20_Jun_2023_0845_channel_2,True,False,20,Jun,2023,0845,2,3003.4583333333335,0.8342939814814815,4.000000000000085
2023_analysed,Exp_20_Jun_2023_0945_channel_0,True,False,20,Jun,2023,0945,0,3003.53125,0.8343142361111111,28.40000000000002
2023_analysed,Exp_20_Jun_2023_0945_channel_1,True,False,20,Jun,2023,0945,1,3003.53125,0.8343142361111111,84.79999999999998
2023_analysed,Exp_20_Jun_2023_0945_channel_2,True,False,20,Jun,2023,0945,2,3003.53125,0.8343142361111111,1.6000000000000512
2023_analysed,Exp_20_Jun_2023_1045_channel_0,True,False,20,Jun,2023,1045,0,3003.40625,0.8342795138888889,24.00000000000039
2023_analysed,Exp_20_Jun_2023_1045_channel_1,True,False,20,Jun,2023,1045,1,3003.40625,0.8342795138888889,17.999999999999773
2023_analysed,Exp_20_Jun_2023_1045_channel_2,True,False,20,Jun,2023,1045,2,3003.40625,0.8342795138888889,0.0
2023_analysed,Exp_20_Jun_2023_1145_channel_0,True,False,20,Jun,2023,1145,0,3003.5625,0.8343229166666667,40.40000000000219
2023_analysed,Exp_20_Jun_2023_1145_channel_1,True,False,20,Jun,2023,1145,1,3003.5625,0.8343229166666667,85.99999999999949
2023_analysed,Exp_20_Jun_2023_1145_channel_2,True,False,20,Jun,2023,1145,2,3003.5625,0.8343229166666667,0.0
2023_analysed,Exp_20_Jun_2023_1245_channel_0,True,False,20,Jun,2023,1245,0,3003.6145833333335,0.8343373842592593,110.79999999999978
2023_analysed,Exp_20_Jun_2023_1245_channel_1,True,False,20,Jun,2023,1245,1,3003.6145833333335,0.8343373842592593,104.39999999999901
2023_analysed,Exp_20_Jun_2023_1245_channel_2,True,False,20,Jun,2023,1245,2,3003.6145833333335,0.8343373842592593,4.7999999999995
2023_analysed,Exp_20_Jun_2023_1345_channel_0,True,False,20,Jun,2023,1345,0,3003.3541666666665,0.8342650462962963,43.59999999999792
2023_analysed,Exp_20_Jun_2023_1345_channel_1,True,False,20,Jun,2023,1345,1,3003.3541666666665,0.8342650462962963,168.39999999999867
2023_analysed,Exp_20_Jun_2023_1345_channel_2,True,False,20,Jun,2023,1345,2,3003.3541666666665,0.8342650462962963,4.399999999999409
2023_analysed,Exp_20_Jun_2023_1445_channel_0,True,False,20,Jun,2023,1445,0,3003.5208333333335,0.8343113425925927,62.79999999999952
2023_analysed,Exp_20_Jun_2023_1445_channel_1,True,False,20,Jun,2023,1445,1,3003.5208333333335,0.8343113425925927,61.20000000000016
2023_analysed,Exp_20_Jun_2023_1445_channel_2,True,False,20,Jun,2023,1445,2,3003.5208333333335,0.8343113425925927,1.1999999999999318
2023_analysed,Exp_20_Jun_2023_1545_channel_0,True,False,20,Jun,2023,1545,0,3003.375,0.8342708333333333,94.40000000000055
2023_analysed,Exp_20_Jun_2023_1545_channel_1,True,False,20,Jun,2023,1545,1,3003.375,0.8342708333333333,141.60000000000122
2023_analysed,Exp_20_Jun_2023_1545_channel_2,True,False,20,Jun,2023,1545,2,3003.375,0.8342708333333333,1.1999999999999602
2023_analysed,Exp_20_Jun_2023_1645_channel_0,True,False,20,Jun,2023,1645,0,3003.3125,0.8342534722222222,69.1999999999982
2023_analysed,Exp_20_Jun_2023_1645_channel_1,True,False,20,Jun,2023,1645,1,3003.3125,0.8342534722222222,15.199999999999505
2023_analysed,Exp_20_Jun_2023_1645_channel_2,True,False,20,Jun,2023,1645,2,3003.3125,0.8342534722222222,0.0
2023_analysed,Exp_20_Jun_2023_1745_channel_0,True,False,20,Jun,2023,1745,0,3003.5416666666665,0.8343171296296296,30.7999999999994
2023_analysed,Exp_20_Jun_2023_1745_channel_1,True,False,20,Jun,2023,1745,1,3003.5416666666665,0.8343171296296296,11.999999999999822
2023_analysed,Exp_20_Jun_2023_1745_channel_2,True,False,20,Jun,2023,1745,2,3003.5416666666665,0.8343171296296296,0.0
2023_analysed,Exp_20_Mar_2023_0745_channel_0,True,False,20,Mar,2023,0745,0,3003.5208333333335,0.8343113425925927,3.99999999999946
2023_analysed,Exp_20_Mar_2023_0745_channel_1,True,False,20,Mar,2023,0745,1,3003.5208333333335,0.8343113425925927,3.200000000000273
2023_analysed,Exp_20_Mar_2023_0745_channel_2,True,False,20,Mar,2023,0745,2,3003.5208333333335,0.8343113425925927,40.80000000000042
2023_analysed,Exp_20_Mar_2023_0845_channel_0,True,False,20,Mar,2023,0845,0,3003.3854166666665,0.8342737268518519,6.799999999999386
2023_analysed,Exp_20_Mar_2023_0845_channel_1,True,False,20,Mar,2023,0845,1,3003.3854166666665,0.8342737268518519,22.00000000000071
2023_analysed,Exp_20_Mar_2023_0845_channel_2,True,False,20,Mar,2023,0845,2,3003.3854166666665,0.8342737268518519,0.0
2023_analysed,Exp_20_Mar_2023_0945_channel_0,True,False,20,Mar,2023,0945,0,3003.5729166666665,0.8343258101851851,7.599999999999973
2023_analysed,Exp_20_Mar_2023_0945_channel_1,True,False,20,Mar,2023,0945,1,3003.5729166666665,0.8343258101851851,58.79999999999977
2023_analysed,Exp_20_Mar_2023_0945_channel_2,True,False,20,Mar,2023,0945,2,3003.5729166666665,0.8343258101851851,0.0
2023_analysed,Exp_20_Mar_2023_1045_channel_0,True,False,20,Mar,2023,1045,0,3003.59375,0.8343315972222223,23.599999999999767
2023_analysed,Exp_20_Mar_2023_1045_channel_1,True,False,20,Mar,2023,1045,1,3003.59375,0.8343315972222223,22.799999999999898
2023_analysed,Exp_20_Mar_2023_1045_channel_2,True,False,20,Mar,2023,1045,2,3003.59375,0.8343315972222223,27.59999999999991
2023_analysed,Exp_20_Mar_2023_1145_channel_0,True,False,20,Mar,2023,1145,0,3003.4375,0.8342881944444445,17.199999999999342
2023_analysed,Exp_20_Mar_2023_1145_channel_1,True,False,20,Mar,2023,1145,1,3003.4375,0.8342881944444445,143.20000000000059
2023_analysed,Exp_20_Mar_2023_1145_channel_2,True,False,20,Mar,2023,1145,2,3003.4375,0.8342881944444445,3.60000000000025
2023_analysed,Exp_20_Mar_2023_1245_channel_0,True,False,20,Mar,2023,1245,0,3003.4375,0.8342881944444445,41.20000000000175
2023_analysed,Exp_20_Mar_2023_1245_channel_1,True,False,20,Mar,2023,1245,1,3003.4375,0.8342881944444445,76.80000000000328
2023_analysed,Exp_20_Mar_2023_1245_channel_2,True,False,20,Mar,2023,1245,2,3003.4375,0.8342881944444445,32.400000000000944
2023_analysed,Exp_20_Mar_2023_1345_channel_0,True,False,20,Mar,2023,1345,0,2127.0208333333335,0.5908391203703705,18.399999999999455
2023_analysed,Exp_20_Mar_2023_1345_channel_1,True,False,20,Mar,2023,1345,1,2127.0208333333335,0.5908391203703705,148.00000000000017
2023_analysed,Exp_20_Mar_2023_1345_channel_2,True,False,20,Mar,2023,1345,2,2127.0208333333335,0.5908391203703705,5.999999999999886
2023_analysed,Exp_20_Mar_2023_1445_channel_0,True,False,20,Mar,2023,1445,0,3002.6875,0.8340798611111111,14.799999999999955
2023_analysed,Exp_20_Mar_2023_1445_channel_1,True,False,20,Mar,2023,1445,1,3002.6875,0.8340798611111111,24.00000000000037
2023_analysed,Exp_20_Mar_2023_1445_channel_2,True,False,20,Mar,2023,1445,2,3002.6875,0.8340798611111111,0.0
2023_analysed,Exp_20_Mar_2023_1545_channel_0,True,False,20,Mar,2023,1545,0,3003.3541666666665,0.8342650462962963,4.800000000000182
2023_analysed,Exp_20_Mar_2023_1545_channel_1,True,False,20,Mar,2023,1545,1,3003.3541666666665,0.8342650462962963,83.19999999999987
2023_analysed,Exp_20_Mar_2023_1545_channel_2,True,False,20,Mar,2023,1545,2,3003.3541666666665,0.8342650462962963,18.000000000000455
2023_analysed,Exp_20_Mar_2023_1645_channel_0,True,False,20,Mar,2023,1645,0,3003.5208333333335,0.8343113425925927,5.600000000000129
2023_analysed,Exp_20_Mar_2023_1645_channel_1,True,False,20,Mar,2023,1645,1,3003.5208333333335,0.8343113425925927,1.6000000000001648
2023_analysed,Exp_20_Mar_2023_1645_channel_2,True,False,20,Mar,2023,1645,2,3003.5208333333335,0.8343113425925927,0.0
2023_analysed,Exp_20_Mar_2023_1745_channel_0,True,False,20,Mar,2023,1745,0,3003.75,0.834375,0.39999999999997726
2023_analysed,Exp_20_Mar_2023_1745_channel_1,True,False,20,Mar,2023,1745,1,3003.75,0.834375,2.000000000000256
2023_analysed,Exp_20_Mar_2023_1745_channel_2,True,False,20,Mar,2023,1745,2,3003.75,0.834375,0.39999999999997726
2023_analysed,Exp_20_May_2023_0745_channel_0,True,False,20,May,2023,0745,0,3003.4583333333335,0.8342939814814815,11.200000000000415
2023_analysed,Exp_20_May_2023_0745_channel_1,True,False,20,May,2023,0745,1,3003.4583333333335,0.8342939814814815,4.80000000000058
2023_analysed,Exp_20_May_2023_0745_channel_2,True,False,20,May,2023,0745,2,3003.4583333333335,0.8342939814814815,2.4000000000000483
2023_analysed,Exp_20_May_2023_0845_channel_0,True,False,20,May,2023,0845,0,3003.53125,0.8343142361111111,19.599999999998587
2023_analysed,Exp_20_May_2023_0845_channel_1,True,False,20,May,2023,0845,1,3003.53125,0.8343142361111111,21.600000000000332
2023_analysed,Exp_20_May_2023_0845_channel_2,True,False,20,May,2023,0845,2,3003.53125,0.8343142361111111,1.5999999999999979
2023_analysed,Exp_20_May_2023_0945_channel_0,True,False,20,May,2023,0945,0,3003.5416666666665,0.8343171296296296,27.600000000000826
2023_analysed,Exp_20_May_2023_0945_channel_1,True,False,20,May,2023,0945,1,3003.5416666666665,0.8343171296296296,178.39999999999444
2023_analysed,Exp_20_May_2023_0945_channel_2,True,False,20,May,2023,0945,2,3003.5416666666665,0.8343171296296296,0.4000000000000341
2023_analysed,Exp_20_May_2023_1045_channel_0,True,False,20,May,2023,1045,0,3003.5104166666665,0.834308449074074,79.59999999999869
2023_analysed,Exp_20_May_2023_1045_channel_1,True,False,20,May,2023,1045,1,3003.5104166666665,0.834308449074074,46.0000000000002
2023_analysed,Exp_20_May_2023_1045_channel_2,True,False,20,May,2023,1045,2,3003.5104166666665,0.834308449074074,0.0
2023_analysed,Exp_20_May_2023_1145_channel_0,True,False,20,May,2023,1145,0,3003.5104166666665,0.834308449074074,95.6000000000002
2023_analysed,Exp_20_May_2023_1145_channel_1,True,False,20,May,2023,1145,1,3003.5104166666665,0.834308449074074,154.00000000000136
2023_analysed,Exp_20_May_2023_1145_channel_2,True,False,20,May,2023,1145,2,3003.5104166666665,0.834308449074074,0.0
2023_analysed,Exp_20_May_2023_1245_channel_0,True,False,20,May,2023,1245,0,3003.3020833333335,0.8342505787037038,97.59999999999991
2023_analysed,Exp_20_May_2023_1245_channel_1,True,False,20,May,2023,1245,1,3003.3020833333335,0.8342505787037038,77.60000000000008
2023_analysed,Exp_20_May_2023_1245_channel_2,True,False,20,May,2023,1245,2,3003.3020833333335,0.8342505787037038,0.0
2023_analysed,Exp_20_May_2023_1345_channel_0,True,False,20,May,2023,1345,0,3003.5833333333335,0.8343287037037037,75.19999999999857
2023_analysed,Exp_20_May_2023_1345_channel_1,True,False,20,May,2023,1345,1,3003.5833333333335,0.8343287037037037,216.3999999999986
2023_analysed,Exp_20_May_2023_1345_channel_2,True,False,20,May,2023,1345,2,3003.5833333333335,0.8343287037037037,0.0
2023_analysed,Exp_20_May_2023_1445_channel_0,True,False,20,May,2023,1445,0,3003.4375,0.8342881944444445,135.19999999999982
2023_analysed,Exp_20_May_2023_1445_channel_1,True,False,20,May,2023,1445,1,3003.4375,0.8342881944444445,99.59999999999718
2023_analysed,Exp_20_May_2023_1445_channel_2,True,False,20,May,2023,1445,2,3003.4375,0.8342881944444445,0.0
2023_analysed,Exp_20_May_2023_1545_channel_0,True,False,20,May,2023,1545,0,3003.375,0.8342708333333333,71.60000000000076
2023_analysed,Exp_20_May_2023_1545_channel_1,True,False,20,May,2023,1545,1,3003.375,0.8342708333333333,208.7999999999996
2023_analysed,Exp_20_May_2023_1545_channel_2,True,False,20,May,2023,1545,2,3003.375,0.8342708333333333,3.200000000000273
2023_analysed,Exp_20_May_2023_1645_channel_0,True,False,20,May,2023,1645,0,3003.5625,0.8343229166666667,59.99999999999827
2023_analysed,Exp_20_May_2023_1645_channel_1,True,False,20,May,2023,1645,1,3003.5625,0.8343229166666667,15.200000000000387
2023_analysed,Exp_20_May_2023_1645_channel_2,True,False,20,May,2023,1645,2,3003.5625,0.8343229166666667,0.0
2023_analysed,Exp_20_May_2023_1745_channel_0,True,False,20,May,2023,1745,0,3003.375,0.8342708333333333,40.00000000000151
2023_analysed,Exp_20_May_2023_1745_channel_1,True,False,20,May,2023,1745,1,3003.375,0.8342708333333333,7.199999999999079
2023_analysed,Exp_20_May_2023_1745_channel_2,True,False,20,May,2023,1745,2,3003.375,0.8342708333333333,0.0
2023_analysed,Exp_20_Oct_2023_0945_channel_0,True,False,20,Oct,2023,0945,0,3013.0416666666665,0.8369560185185185,0.0
2023_analysed,Exp_21_Apr_2023_0745_channel_0,True,False,21,Apr,2023,0745,0,3003.6458333333335,0.8343460648148149,2.7999999999996703
2023_analysed,Exp_21_Apr_2023_0745_channel_1,True,False,21,Apr,2023,0745,1,3003.6458333333335,0.8343460648148149,31.600000000001685
2023_analysed,Exp_21_Apr_2023_0745_channel_2,True,False,21,Apr,2023,0745,2,3003.6458333333335,0.8343460648148149,47.20000000000046
2023_analysed,Exp_21_Apr_2023_0845_channel_0,True,False,21,Apr,2023,0845,0,3003.4479166666665,0.8342910879629629,5.60000000000052
2023_analysed,Exp_21_Apr_2023_0845_channel_1,True,False,21,Apr,2023,0845,1,3003.4479166666665,0.8342910879629629,20.800000000000004
2023_analysed,Exp_21_Apr_2023_0845_channel_2,True,False,21,Apr,2023,0845,2,3003.4479166666665,0.8342910879629629,28.39999999999976
2023_analysed,Exp_21_Apr_2023_0945_channel_0,True,False,21,Apr,2023,0945,0,3003.625,0.8343402777777778,9.600000000000037
2023_analysed,Exp_21_Apr_2023_0945_channel_1,True,False,21,Apr,2023,0945,1,3003.625,0.8343402777777778,18.39999999999963
2023_analysed,Exp_21_Apr_2023_0945_channel_2,True,False,21,Apr,2023,0945,2,3003.625,0.8343402777777778,19.600000000000485
2023_analysed,Exp_21_Apr_2023_1045_channel_0,True,False,21,Apr,2023,1045,0,3003.6145833333335,0.8343373842592593,11.199999999999164
2023_analysed,Exp_21_Apr_2023_1045_channel_1,True,False,21,Apr,2023,1045,1,3003.6145833333335,0.8343373842592593,16.400000000000112
2023_analysed,Exp_21_Apr_2023_1045_channel_2,True,False,21,Apr,2023,1045,2,3003.6145833333335,0.8343373842592593,25.59999999999954
2023_analysed,Exp_21_Apr_2023_1145_channel_0,True,False,21,Apr,2023,1145,0,3003.40625,0.8342795138888889,30.00000000000037
2023_analysed,Exp_21_Apr_2023_1145_channel_1,True,False,21,Apr,2023,1145,1,3003.40625,0.8342795138888889,12.400000000000853
2023_analysed,Exp_21_Apr_2023_1145_channel_2,True,False,21,Apr,2023,1145,2,3003.40625,0.8342795138888889,22.800000000000146
2023_analysed,Exp_21_Apr_2023_1245_channel_0,True,False,21,Apr,2023,1245,0,3003.4791666666665,0.8342997685185185,15.600000000000364
2023_analysed,Exp_21_Apr_2023_1245_channel_1,True,False,21,Apr,2023,1245,1,3003.4791666666665,0.8342997685185185,15.199999999999463
2023_analysed,Exp_21_Apr_2023_1245_channel_2,True,False,21,Apr,2023,1245,2,3003.4791666666665,0.8342997685185185,28.79999999999933
2023_analysed,Exp_21_Apr_2023_1345_channel_0,True,False,21,Apr,2023,1345,0,3003.53125,0.8343142361111111,10.40000000000007
2023_analysed,Exp_21_Apr_2023_1345_channel_1,True,False,21,Apr,2023,1345,1,3003.53125,0.8343142361111111,17.199999999999648
2023_analysed,Exp_21_Apr_2023_1345_channel_2,True,False,21,Apr,2023,1345,2,3003.53125,0.8343142361111111,32.800000000000686
2023_analysed,Exp_21_Apr_2023_1445_channel_0,True,False,21,Apr,2023,1445,0,3003.5729166666665,0.8343258101851851,45.19999999999919
2023_analysed,Exp_21_Apr_2023_1445_channel_1,True,False,21,Apr,2023,1445,1,3003.5729166666665,0.8343258101851851,17.59999999999981
2023_analysed,Exp_21_Apr_2023_1445_channel_2,True,False,21,Apr,2023,1445,2,3003.5729166666665,0.8343258101851851,31.600000000001657
2023_analysed,Exp_21_Apr_2023_1545_channel_0,True,False,21,Apr,2023,1545,0,3003.5,0.8343055555555555,50.000000000000526
2023_analysed,Exp_21_Apr_2023_1545_channel_1,True,False,21,Apr,2023,1545,1,3003.5,0.8343055555555555,21.59999999999978
2023_analysed,Exp_21_Apr_2023_1545_channel_2,True,False,21,Apr,2023,1545,2,3003.5,0.8343055555555555,44.000000000001876
2023_analysed,Exp_21_Apr_2023_1645_channel_0,True,False,21,Apr,2023,1645,0,3003.3020833333335,0.8342505787037038,6.400000000000318
2023_analysed,Exp_21_Apr_2023_1645_channel_1,True,False,21,Apr,2023,1645,1,3003.3020833333335,0.8342505787037038,32.80000000000057
2023_analysed,Exp_21_Apr_2023_1645_channel_2,True,False,21,Apr,2023,1645,2,3003.3020833333335,0.8342505787037038,57.20000000000213
2023_analysed,Exp_21_Apr_2023_1745_channel_0,True,False,21,Apr,2023,1745,0,3003.4270833333335,0.834285300925926,4.800000000000665
2023_analysed,Exp_21_Apr_2023_1745_channel_1,True,False,21,Apr,2023,1745,1,3003.4270833333335,0.834285300925926,32.400000000000595
2023_analysed,Exp_21_Apr_2023_1745_channel_2,True,False,21,Apr,2023,1745,2,3003.4270833333335,0.834285300925926,54.39999999999901
2023_analysed,Exp_21_Dec_2023_0945_channel_0,True,False,21,Dec,2023,0945,0,3008.71875,0.8357552083333334,2.3999999999999204
2023_analysed,Exp_21_Dec_2023_1545_channel_1,True,False,21,Dec,2023,1545,1,3009.4479166666665,0.8359577546296296,108.79999999999882
2023_analysed,Exp_21_Feb_2023_0745_channel_0,True,False,21,Feb,2023,0745,0,3003.5104166666665,0.834308449074074,2.7999999999992156
2023_analysed,Exp_21_Feb_2023_0745_channel_1,True,False,21,Feb,2023,0745,1,3003.5104166666665,0.834308449074074,1.9999999999998863
2023_analysed,Exp_21_Feb_2023_0845_channel_0,True,False,21,Feb,2023,0845,0,3003.5104166666665,0.834308449074074,43.99999999999898
2023_analysed,Exp_21_Feb_2023_0845_channel_1,True,False,21,Feb,2023,0845,1,3003.5104166666665,0.834308449074074,8.799999999999862
2023_analysed,Exp_21_Feb_2023_0945_channel_0,True,False,21,Feb,2023,0945,0,3003.4583333333335,0.8342939814814815,82.39999999999921
2023_analysed,Exp_21_Feb_2023_0945_channel_1,True,False,21,Feb,2023,0945,1,3003.4583333333335,0.8342939814814815,4.80000000000002
2023_analysed,Exp_21_Feb_2023_1145_channel_0,True,False,21,Feb,2023,1145,0,3003.46875,0.834296875,97.20000000000051
2023_analysed,Exp_21_Feb_2023_1145_channel_1,True,False,21,Feb,2023,1145,1,3003.46875,0.834296875,5.200000000000109
2023_analysed,Exp_21_Feb_2023_1245_channel_0,True,False,21,Feb,2023,1245,0,3003.6041666666665,0.8343344907407407,49.20000000000039
2023_analysed,Exp_21_Feb_2023_1245_channel_1,True,False,21,Feb,2023,1245,1,3003.6041666666665,0.8343344907407407,47.599999999999
2023_analysed,Exp_21_Feb_2023_1545_channel_0,True,False,21,Feb,2023,1545,0,3003.8854166666665,0.8344126157407407,93.20000000000059
2023_analysed,Exp_21_Feb_2023_1545_channel_1,True,False,21,Feb,2023,1545,1,3003.8854166666665,0.8344126157407407,18.800000000000328
2023_analysed,Exp_21_Feb_2023_1645_channel_0,True,False,21,Feb,2023,1645,0,3003.78125,0.8343836805555556,3.199999999999818
2023_analysed,Exp_21_Feb_2023_1645_channel_1,True,False,21,Feb,2023,1645,1,3003.78125,0.8343836805555556,4.399999999999601
2023_analysed,Exp_21_Feb_2023_1745_channel_0,True,False,21,Feb,2023,1745,0,3004.5416666666665,0.8345949074074074,3.2000000000003865
2023_analysed,Exp_21_Feb_2023_1745_channel_1,True,False,21,Feb,2023,1745,1,3004.5416666666665,0.8345949074074074,1.1999999999999318
2023_analysed,Exp_21_Jul_2023_0945_channel_1,True,False,21,Jul,2023,0945,1,3004.1770833333335,0.8344936342592593,177.99999999999775
2023_analysed,Exp_21_Jun_2023_0745_channel_0,True,False,21,Jun,2023,0745,0,3003.7604166666665,0.8343778935185184,5.599999999999866
2023_analysed,Exp_21_Jun_2023_0745_channel_1,True,False,21,Jun,2023,0745,1,3003.7604166666665,0.8343778935185184,2.3999999999999773
2023_analysed,Exp_21_Jun_2023_0745_channel_2,True,False,21,Jun,2023,0745,2,3003.7604166666665,0.8343778935185184,0.0
2023_analysed,Exp_21_Jun_2023_0845_channel_0,True,False,21,Jun,2023,0845,0,3003.5104166666665,0.834308449074074,22.39999999999941
2023_analysed,Exp_21_Jun_2023_0845_channel_1,True,False,21,Jun,2023,0845,1,3003.5104166666665,0.834308449074074,58.799999999995975
2023_analysed,Exp_21_Jun_2023_0845_channel_2,True,False,21,Jun,2023,0845,2,3003.5104166666665,0.834308449074074,0.40000000000009095
2023_analysed,Exp_21_Jun_2023_0945_channel_0,True,False,21,Jun,2023,0945,0,3003.6041666666665,0.8343344907407407,10.400000000000514
2023_analysed,Exp_21_Jun_2023_0945_channel_1,True,False,21,Jun,2023,0945,1,3003.6041666666665,0.8343344907407407,165.99999999999903
2023_analysed,Exp_21_Jun_2023_0945_channel_2,True,False,21,Jun,2023,0945,2,3003.6041666666665,0.8343344907407407,0.7999999999999545
2023_analysed,Exp_21_Jun_2023_1045_channel_0,True,False,21,Jun,2023,1045,0,3003.3958333333335,0.8342766203703704,20.40000000000026
2023_analysed,Exp_21_Jun_2023_1045_channel_1,True,False,21,Jun,2023,1045,1,3003.3958333333335,0.8342766203703704,0.0
2023_analysed,Exp_21_Jun_2023_1045_channel_2,True,False,21,Jun,2023,1045,2,3003.3958333333335,0.8342766203703704,0.7999999999999545
2023_analysed,Exp_21_Jun_2023_1145_channel_0,True,False,21,Jun,2023,1145,0,3003.4270833333335,0.834285300925926,104.39999999999941
2023_analysed,Exp_21_Jun_2023_1145_channel_1,True,False,21,Jun,2023,1145,1,3003.4270833333335,0.834285300925926,177.19999999999834
2023_analysed,Exp_21_Jun_2023_1145_channel_2,True,False,21,Jun,2023,1145,2,3003.4270833333335,0.834285300925926,0.0
2023_analysed,Exp_21_Jun_2023_1245_channel_0,True,False,21,Jun,2023,1245,0,3003.4375,0.8342881944444445,48.79999999999989
2023_analysed,Exp_21_Jun_2023_1245_channel_1,True,False,21,Jun,2023,1245,1,3003.4375,0.8342881944444445,0.40000000000009095
2023_analysed,Exp_21_Jun_2023_1245_channel_2,True,False,21,Jun,2023,1245,2,3003.4375,0.8342881944444445,0.0
2023_analysed,Exp_21_Jun_2023_1345_channel_0,True,False,21,Jun,2023,1345,0,3003.5520833333335,0.8343200231481482,148.00000000000028
2023_analysed,Exp_21_Jun_2023_1345_channel_1,True,False,21,Jun,2023,1345,1,3003.5520833333335,0.8343200231481482,161.99999999999855
2023_analysed,Exp_21_Jun_2023_1345_channel_2,True,False,21,Jun,2023,1345,2,3003.5520833333335,0.8343200231481482,0.0
2023_analysed,Exp_21_Jun_2023_1445_channel_0,True,False,21,Jun,2023,1445,0,3003.4166666666665,0.8342824074074073,104.00000000000063
2023_analysed,Exp_21_Jun_2023_1445_channel_1,True,False,21,Jun,2023,1445,1,3003.4166666666665,0.8342824074074073,90.79999999999868
2023_analysed,Exp_21_Jun_2023_1445_channel_2,True,False,21,Jun,2023,1445,2,3003.4166666666665,0.8342824074074073,0.0
2023_analysed,Exp_21_Jun_2023_1545_channel_0,True,False,21,Jun,2023,1545,0,3003.3854166666665,0.8342737268518519,48.000000000000874
2023_analysed,Exp_21_Jun_2023_1545_channel_1,True,False,21,Jun,2023,1545,1,3003.3854166666665,0.8342737268518519,99.60000000000038
2023_analysed,Exp_21_Jun_2023_1545_channel_2,True,False,21,Jun,2023,1545,2,3003.3854166666665,0.8342737268518519,0.40000000000009095
2023_analysed,Exp_21_Jun_2023_1645_channel_0,True,False,21,Jun,2023,1645,0,3003.5416666666665,0.8343171296296296,39.20000000000124
2023_analysed,Exp_21_Jun_2023_1645_channel_1,True,False,21,Jun,2023,1645,1,3003.5416666666665,0.8343171296296296,5.200000000000244
2023_analysed,Exp_21_Jun_2023_1645_channel_2,True,False,21,Jun,2023,1645,2,3003.5416666666665,0.8343171296296296,29.999999999999318
2023_analysed,Exp_21_Jun_2023_1745_channel_0,True,False,21,Jun,2023,1745,0,3003.65625,0.8343489583333333,27.200000000001516
2023_analysed,Exp_21_Jun_2023_1745_channel_1,True,False,21,Jun,2023,1745,1,3003.65625,0.8343489583333333,2.399999999999636
2023_analysed,Exp_21_Jun_2023_1745_channel_2,True,False,21,Jun,2023,1745,2,3003.65625,0.8343489583333333,0.0
2023_analysed,Exp_21_Mar_2023_0745_channel_0,True,False,21,Mar,2023,0745,0,3003.5625,0.8343229166666667,1.2000000000002728
2023_analysed,Exp_21_Mar_2023_0745_channel_1,True,False,21,Mar,2023,0745,1,3003.5625,0.8343229166666667,8.400000000000318
2023_analysed,Exp_21_Mar_2023_0745_channel_2,True,False,21,Mar,2023,0745,2,3003.5625,0.8343229166666667,28.000000000000416
2023_analysed,Exp_21_Mar_2023_0845_channel_0,True,False,21,Mar,2023,0845,0,3003.4270833333335,0.834285300925926,4.400000000000034
2023_analysed,Exp_21_Mar_2023_0845_channel_1,True,False,21,Mar,2023,0845,1,3003.4270833333335,0.834285300925926,101.60000000000117
2023_analysed,Exp_21_Mar_2023_0845_channel_2,True,False,21,Mar,2023,0845,2,3003.4270833333335,0.834285300925926,0.0
2023_analysed,Exp_21_Mar_2023_0945_channel_0,True,False,21,Mar,2023,0945,0,3003.4166666666665,0.8342824074074073,12.39999999999975
2023_analysed,Exp_21_Mar_2023_0945_channel_1,True,False,21,Mar,2023,0945,1,3003.4166666666665,0.8342824074074073,91.19999999999891
2023_analysed,Exp_21_Mar_2023_0945_channel_2,True,False,21,Mar,2023,0945,2,3003.4166666666665,0.8342824074074073,0.0
2023_analysed,Exp_21_Mar_2023_1045_channel_0,True,False,21,Mar,2023,1045,0,3003.4895833333335,0.8343026620370371,16.00000000000003
2023_analysed,Exp_21_Mar_2023_1045_channel_1,True,False,21,Mar,2023,1045,1,3003.4895833333335,0.8343026620370371,25.600000000000506
2023_analysed,Exp_21_Mar_2023_1045_channel_2,True,False,21,Mar,2023,1045,2,3003.4895833333335,0.8343026620370371,1.199999999999818
2023_analysed,Exp_21_Mar_2023_1145_channel_0,True,False,21,Mar,2023,1145,0,3003.625,0.8343402777777778,26.39999999999958
2023_analysed,Exp_21_Mar_2023_1145_channel_1,True,False,21,Mar,2023,1145,1,3003.625,0.8343402777777778,115.60000000000039
2023_analysed,Exp_21_Mar_2023_1145_channel_2,True,False,21,Mar,2023,1145,2,3003.625,0.8343402777777778,6.399999999999821
2023_analysed,Exp_21_Mar_2023_1245_channel_0,True,False,21,Mar,2023,1245,0,3003.3854166666665,0.8342737268518519,12.000000000000647
2023_analysed,Exp_21_Mar_2023_1245_channel_1,True,False,21,Mar,2023,1245,1,3003.3854166666665,0.8342737268518519,17.99999999999997
2023_analysed,Exp_21_Mar_2023_1245_channel_2,True,False,21,Mar,2023,1245,2,3003.3854166666665,0.8342737268518519,4.400000000000389
2023_analysed,Exp_21_Mar_2023_1345_channel_0,True,False,21,Mar,2023,1345,0,3003.3229166666665,0.8342563657407407,11.200000000000438
2023_analysed,Exp_21_Mar_2023_1345_channel_1,True,False,21,Mar,2023,1345,1,3003.3229166666665,0.8342563657407407,98.80000000000044
2023_analysed,Exp_21_Mar_2023_1345_channel_2,True,False,21,Mar,2023,1345,2,3003.3229166666665,0.8342563657407407,2.8000000000002956
2023_analysed,Exp_21_Mar_2023_1445_channel_0,True,False,21,Mar,2023,1445,0,3003.8125,0.8343923611111111,24.400000000000958
2023_analysed,Exp_21_Mar_2023_1445_channel_1,True,False,21,Mar,2023,1445,1,3003.8125,0.8343923611111111,96.79999999999609
2023_analysed,Exp_21_Mar_2023_1445_channel_2,True,False,21,Mar,2023,1445,2,3003.8125,0.8343923611111111,3.2000000000001023
2023_analysed,Exp_21_Mar_2023_1545_channel_0,True,False,21,Mar,2023,1545,0,3003.4791666666665,0.8342997685185185,5.600000000000443
2023_analysed,Exp_21_Mar_2023_1545_channel_1,True,False,21,Mar,2023,1545,1,3003.4791666666665,0.8342997685185185,58.00000000000001
2023_analysed,Exp_21_Mar_2023_1545_channel_2,True,False,21,Mar,2023,1545,2,3003.4791666666665,0.8342997685185185,0.0
2023_analysed,Exp_21_Mar_2023_1645_channel_0,True,False,21,Mar,2023,1645,0,3003.75,0.834375,2.799999999999983
2023_analysed,Exp_21_Mar_2023_1645_channel_1,True,False,21,Mar,2023,1645,1,3003.75,0.834375,2.000000000000284
2023_analysed,Exp_21_Mar_2023_1645_channel_2,True,False,21,Mar,2023,1645,2,3003.75,0.834375,0.0
2023_analysed,Exp_21_Mar_2023_1745_channel_0,True,False,21,Mar,2023,1745,0,3003.7291666666665,0.834369212962963,0.0
2023_analysed,Exp_21_Mar_2023_1745_channel_1,True,False,21,Mar,2023,1745,1,3003.7291666666665,0.834369212962963,2.799999999999841
2023_analysed,Exp_21_Mar_2023_1745_channel_2,True,False,21,Mar,2023,1745,2,3003.7291666666665,0.834369212962963,0.0
2023_analysed,Exp_21_May_2023_0745_channel_0,True,False,21,May,2023,0745,0,3003.6458333333335,0.8343460648148149,7.999999999999659
2023_analysed,Exp_21_May_2023_0745_channel_1,True,False,21,May,2023,0745,1,3003.6458333333335,0.8343460648148149,5.600000000000108
2023_analysed,Exp_21_May_2023_0745_channel_2,True,False,21,May,2023,0745,2,3003.6458333333335,0.8343460648148149,21.999999999999858
2023_analysed,Exp_21_May_2023_0845_channel_0,True,False,21,May,2023,0845,0,3003.4375,0.8342881944444445,9.599999999999284
2023_analysed,Exp_21_May_2023_0845_channel_1,True,False,21,May,2023,0845,1,3003.4375,0.8342881944444445,32.79999999999944
2023_analysed,Exp_21_May_2023_0845_channel_2,True,False,21,May,2023,0845,2,3003.4375,0.8342881944444445,6.80000000000004
2023_analysed,Exp_21_May_2023_0945_channel_0,True,False,21,May,2023,0945,0,3003.7083333333335,0.8343634259259259,30.800000000000267
2023_analysed,Exp_21_May_2023_0945_channel_1,True,False,21,May,2023,0945,1,3003.7083333333335,0.8343634259259259,77.99999999999811
2023_analysed,Exp_21_May_2023_0945_channel_2,True,False,21,May,2023,0945,2,3003.7083333333335,0.8343634259259259,0.4000000000000057
2023_analysed,Exp_21_May_2023_1045_channel_0,True,False,21,May,2023,1045,0,3003.5416666666665,0.8343171296296296,14.000000000000306
2023_analysed,Exp_21_May_2023_1045_channel_1,True,False,21,May,2023,1045,1,3003.5416666666665,0.8343171296296296,39.19999999999973
2023_analysed,Exp_21_May_2023_1045_channel_2,True,False,21,May,2023,1045,2,3003.5416666666665,0.8343171296296296,0.0
2023_analysed,Exp_21_May_2023_1145_channel_0,True,False,21,May,2023,1145,0,3003.6666666666665,0.8343518518518518,25.999999999999986
2023_analysed,Exp_21_May_2023_1145_channel_1,True,False,21,May,2023,1145,1,3003.6666666666665,0.8343518518518518,58.000000000001165
2023_analysed,Exp_21_May_2023_1145_channel_2,True,False,21,May,2023,1145,2,3003.6666666666665,0.8343518518518518,0.0
2023_analysed,Exp_21_May_2023_1245_channel_0,True,False,21,May,2023,1245,0,3003.3541666666665,0.8342650462962963,33.59999999999911
2023_analysed,Exp_21_May_2023_1245_channel_1,True,False,21,May,2023,1245,1,3003.3541666666665,0.8342650462962963,13.599999999999927
2023_analysed,Exp_21_May_2023_1245_channel_2,True,False,21,May,2023,1245,2,3003.3541666666665,0.8342650462962963,0.0
2023_analysed,Exp_21_May_2023_1345_channel_0,True,False,21,May,2023,1345,0,3003.375,0.8342708333333333,76.39999999999944
2023_analysed,Exp_21_May_2023_1345_channel_1,True,False,21,May,2023,1345,1,3003.375,0.8342708333333333,71.5999999999991
2023_analysed,Exp_21_May_2023_1345_channel_2,True,False,21,May,2023,1345,2,3003.375,0.8342708333333333,0.0
2023_analysed,Exp_21_May_2023_1445_channel_0,True,False,21,May,2023,1445,0,3003.6458333333335,0.8343460648148149,73.20000000000024
2023_analysed,Exp_21_May_2023_1445_channel_1,True,False,21,May,2023,1445,1,3003.6458333333335,0.8343460648148149,149.19999999999638
2023_analysed,Exp_21_May_2023_1445_channel_2,True,False,21,May,2023,1445,2,3003.6458333333335,0.8343460648148149,0.0
2023_analysed,Exp_21_May_2023_1545_channel_0,True,False,21,May,2023,1545,0,3003.4375,0.8342881944444445,27.600000000000904
2023_analysed,Exp_21_May_2023_1545_channel_1,True,False,21,May,2023,1545,1,3003.4375,0.8342881944444445,17.600000000000232
2023_analysed,Exp_21_May_2023_1545_channel_2,True,False,21,May,2023,1545,2,3003.4375,0.8342881944444445,0.0
2023_analysed,Exp_21_May_2023_1645_channel_0,True,False,21,May,2023,1645,0,3003.5104166666665,0.834308449074074,16.800000000000658
2023_analysed,Exp_21_May_2023_1645_channel_1,True,False,21,May,2023,1645,1,3003.5104166666665,0.834308449074074,3.599999999999966
2023_analysed,Exp_21_May_2023_1645_channel_2,True,False,21,May,2023,1645,2,3003.5104166666665,0.834308449074074,0.0
2023_analysed,Exp_21_May_2023_1745_channel_0,True,False,21,May,2023,1745,0,3003.625,0.8343402777777778,19.20000000000033
2023_analysed,Exp_21_May_2023_1745_channel_1,True,False,21,May,2023,1745,1,3003.625,0.8343402777777778,8.80000000000021
2023_analysed,Exp_21_May_2023_1745_channel_2,True,False,21,May,2023,1745,2,3003.625,0.8343402777777778,0.0
2023_analysed,Exp_21_Oct_2023_1145_channel_1,True,False,21,Oct,2023,1145,1,3009.84375,0.8360677083333333,97.20000000000306
2023_analysed,Exp_21_Oct_2023_1545_channel_1,True,False,21,Oct,2023,1545,1,3010.4479166666665,0.8362355324074073,223.59999999999505
2023_analysed,Exp_21_Sep_2023_1245_channel_0,True,False,21,Sep,2023,1245,0,3007.7708333333335,0.8354918981481482,0.0
2023_analysed,Exp_21_Sep_2023_1645_channel_1,True,False,21,Sep,2023,1645,1,3009.15625,0.8358767361111111,63.199999999999676
2023_analysed,Exp_22_Apr_2023_0745_channel_0,True,False,22,Apr,2023,0745,0,3003.4791666666665,0.8342997685185185,6.399999999999466
2023_analysed,Exp_22_Apr_2023_0745_channel_1,True,False,22,Apr,2023,0745,1,3003.4791666666665,0.8342997685185185,24.399999999999594
2023_analysed,Exp_22_Apr_2023_0745_channel_2,True,False,22,Apr,2023,0745,2,3003.4791666666665,0.8342997685185185,33.599999999998644
2023_analysed,Exp_22_Apr_2023_0845_channel_0,True,False,22,Apr,2023,0845,0,3003.4895833333335,0.8343026620370371,28.400000000000887
2023_analysed,Exp_22_Apr_2023_0845_channel_1,True,False,22,Apr,2023,0845,1,3003.4895833333335,0.8343026620370371,20.399999999999217
2023_analysed,Exp_22_Apr_2023_0845_channel_2,True,False,22,Apr,2023,0845,2,3003.4895833333335,0.8343026620370371,33.99999999999986
2023_analysed,Exp_22_Apr_2023_0945_channel_0,True,False,22,Apr,2023,0945,0,3004.1458333333335,0.8344849537037038,142.80000000000106
2023_analysed,Exp_22_Apr_2023_0945_channel_1,True,False,22,Apr,2023,0945,1,3004.1458333333335,0.8344849537037038,21.200000000002
2023_analysed,Exp_22_Apr_2023_0945_channel_2,True,False,22,Apr,2023,0945,2,3004.1458333333335,0.8344849537037038,27.60000000000177
2023_analysed,Exp_22_Apr_2023_1045_channel_0,True,False,22,Apr,2023,1045,0,3003.3541666666665,0.8342650462962963,106.00000000000004
2023_analysed,Exp_22_Apr_2023_1045_channel_1,True,False,22,Apr,2023,1045,1,3003.3541666666665,0.8342650462962963,16.7999999999997
2023_analysed,Exp_22_Apr_2023_1045_channel_2,True,False,22,Apr,2023,1045,2,3003.3541666666665,0.8342650462962963,26.79999999999989
2023_analysed,Exp_22_Apr_2023_1145_channel_0,True,False,22,Apr,2023,1145,0,3003.5208333333335,0.8343113425925927,95.6000000000003
2023_analysed,Exp_22_Apr_2023_1145_channel_1,True,False,22,Apr,2023,1145,1,3003.5208333333335,0.8343113425925927,15.999999999998984
2023_analysed,Exp_22_Apr_2023_1145_channel_2,True,False,22,Apr,2023,1145,2,3003.5208333333335,0.8343113425925927,18.400000000001
2023_analysed,Exp_22_Apr_2023_1245_channel_0,True,False,22,Apr,2023,1245,0,3003.3229166666665,0.8342563657407407,136.80000000000243
2023_analysed,Exp_22_Apr_2023_1245_channel_1,True,False,22,Apr,2023,1245,1,3003.3229166666665,0.8342563657407407,13.199999999998823
2023_analysed,Exp_22_Apr_2023_1245_channel_2,True,False,22,Apr,2023,1245,2,3003.3229166666665,0.8342563657407407,23.999999999999197
2023_analysed,Exp_22_Apr_2023_1345_channel_0,True,False,22,Apr,2023,1345,0,3003.3958333333335,0.8342766203703704,41.99999999999906
2023_analysed,Exp_22_Apr_2023_1345_channel_1,True,False,22,Apr,2023,1345,1,3003.3958333333335,0.8342766203703704,20.40000000000032
2023_analysed,Exp_22_Apr_2023_1345_channel_2,True,False,22,Apr,2023,1345,2,3003.3958333333335,0.8342766203703704,37.999999999999574
2023_analysed,Exp_22_Apr_2023_1445_channel_0,True,False,22,Apr,2023,1445,0,3003.4375,0.8342881944444445,169.60000000000156
2023_analysed,Exp_22_Apr_2023_1445_channel_1,True,False,22,Apr,2023,1445,1,3003.4375,0.8342881944444445,20.400000000000787
2023_analysed,Exp_22_Apr_2023_1445_channel_2,True,False,22,Apr,2023,1445,2,3003.4375,0.8342881944444445,39.60000000000041
2023_analysed,Exp_22_Apr_2023_1545_channel_0,True,False,22,Apr,2023,1545,0,3003.5625,0.8343229166666667,30.0000000000002
2023_analysed,Exp_22_Apr_2023_1545_channel_1,True,False,22,Apr,2023,1545,1,3003.5625,0.8343229166666667,19.999999999998465
2023_analysed,Exp_22_Apr_2023_1545_channel_2,True,False,22,Apr,2023,1545,2,3003.5625,0.8343229166666667,37.19999999999836
2023_analysed,Exp_22_Apr_2023_1645_channel_0,True,False,22,Apr,2023,1645,0,3003.375,0.8342708333333333,16.399999999999167
2023_analysed,Exp_22_Apr_2023_1645_channel_1,True,False,22,Apr,2023,1645,1,3003.375,0.8342708333333333,22.400000000000343
2023_analysed,Exp_22_Apr_2023_1645_channel_2,True,False,22,Apr,2023,1645,2,3003.375,0.8342708333333333,37.20000000000052
2023_analysed,Exp_22_Apr_2023_1745_channel_0,True,False,22,Apr,2023,1745,0,3003.2916666666665,0.8342476851851851,9.599999999999927
2023_analysed,Exp_22_Apr_2023_1745_channel_1,True,False,22,Apr,2023,1745,1,3003.2916666666665,0.8342476851851851,18.800000000000153
2023_analysed,Exp_22_Apr_2023_1745_channel_2,True,False,22,Apr,2023,1745,2,3003.2916666666665,0.8342476851851851,23.199999999999548
2023_analysed,Exp_22_Aug_2023_1145_channel_1,True,False,22,Aug,2023,1145,1,3008.8541666666665,0.8357928240740741,141.19999999999882
2023_analysed,Exp_22_Dec_2023_1145_channel_1,True,False,22,Dec,2023,1145,1,3007.125,0.8353125,54.00000000000003
2023_analysed,Exp_22_Feb_2023_0745_channel_0,True,False,22,Feb,2023,0745,0,3003.7604166666665,0.8343778935185184,13.19999999999942
2023_analysed,Exp_22_Feb_2023_0745_channel_1,True,False,22,Feb,2023,0745,1,3003.7604166666665,0.8343778935185184,8.800000000000402
2023_analysed,Exp_22_Feb_2023_0845_channel_0,True,False,22,Feb,2023,0845,0,3003.3854166666665,0.8342737268518519,50.39999999999994
2023_analysed,Exp_22_Feb_2023_0845_channel_1,True,False,22,Feb,2023,0845,1,3003.3854166666665,0.8342737268518519,12.000000000000533
2023_analysed,Exp_22_Feb_2023_0945_channel_0,True,False,22,Feb,2023,0945,0,3004.0729166666665,0.8344646990740741,119.59999999999997
2023_analysed,Exp_22_Feb_2023_0945_channel_1,True,False,22,Feb,2023,0945,1,3004.0729166666665,0.8344646990740741,13.600000000000051
2023_analysed,Exp_22_Feb_2023_1045_channel_0,True,False,22,Feb,2023,1045,0,3003.7083333333335,0.8343634259259259,11.19999999999962
2023_analysed,Exp_22_Feb_2023_1045_channel_1,True,False,22,Feb,2023,1045,1,3003.7083333333335,0.8343634259259259,12.800000000001205
2023_analysed,Exp_22_Feb_2023_1345_channel_0,True,False,22,Feb,2023,1345,0,3003.5416666666665,0.8343171296296296,133.99999999999872
2023_analysed,Exp_22_Feb_2023_1345_channel_1,True,False,22,Feb,2023,1345,1,3003.5416666666665,0.8343171296296296,48.39999999999843
2023_analysed,Exp_22_Feb_2023_1445_channel_0,True,False,22,Feb,2023,1445,0,3003.6145833333335,0.8343373842592593,236.80000000000075
2023_analysed,Exp_22_Feb_2023_1445_channel_1,True,False,22,Feb,2023,1445,1,3003.6145833333335,0.8343373842592593,103.9999999999994
2023_analysed,Exp_22_Feb_2023_1545_channel_0,True,False,22,Feb,2023,1545,0,3003.7708333333335,0.8343807870370371,141.19999999999928
2023_analysed,Exp_22_Feb_2023_1545_channel_1,True,False,22,Feb,2023,1545,1,3003.7708333333335,0.8343807870370371,46.400000000000226
2023_analysed,Exp_22_Feb_2023_1645_channel_0,True,False,22,Feb,2023,1645,0,3003.8854166666665,0.8344126157407407,0.0
2023_analysed,Exp_22_Feb_2023_1645_channel_1,True,False,22,Feb,2023,1645,1,3003.8854166666665,0.8344126157407407,0.0
2023_analysed,Exp_22_Feb_2023_1745_channel_0,True,False,22,Feb,2023,1745,0,3003.6770833333335,0.8343547453703705,2.800000000000523
2023_analysed,Exp_22_Feb_2023_1745_channel_1,True,False,22,Feb,2023,1745,1,3003.6770833333335,0.8343547453703705,0.0
2023_analysed,Exp_22_Jun_2023_0745_channel_0,True,False,22,Jun,2023,0745,0,3003.4895833333335,0.8343026620370371,0.0
2023_analysed,Exp_22_Jun_2023_0745_channel_1,True,False,22,Jun,2023,0745,1,3003.4895833333335,0.8343026620370371,2.4000000000005457
2023_analysed,Exp_22_Jun_2023_0745_channel_2,True,False,22,Jun,2023,0745,2,3003.4895833333335,0.8343026620370371,0.40000000000009095
2023_analysed,Exp_22_Jun_2023_0845_channel_0,True,False,22,Jun,2023,0845,0,3003.4791666666665,0.8342997685185185,17.99999999999841
2023_analysed,Exp_22_Jun_2023_0845_channel_1,True,False,22,Jun,2023,0845,1,3003.4791666666665,0.8342997685185185,18.00000000000034
2023_analysed,Exp_22_Jun_2023_0845_channel_2,True,False,22,Jun,2023,0845,2,3003.4791666666665,0.8342997685185185,0.4000000000000057
2023_analysed,Exp_22_Jun_2023_0945_channel_0,True,False,22,Jun,2023,0945,0,3003.3541666666665,0.8342650462962963,15.999999999999943
2023_analysed,Exp_22_Jun_2023_0945_channel_1,True,False,22,Jun,2023,0945,1,3003.3541666666665,0.8342650462962963,91.20000000000041
2023_analysed,Exp_22_Jun_2023_0945_channel_2,True,False,22,Jun,2023,0945,2,3003.3541666666665,0.8342650462962963,0.39999999999997726
2023_analysed,Exp_22_Jun_2023_1045_channel_0,True,False,22,Jun,2023,1045,0,3003.4479166666665,0.8342910879629629,124.80000000000129
2023_analysed,Exp_22_Jun_2023_1045_channel_1,True,False,22,Jun,2023,1045,1,3003.4479166666665,0.8342910879629629,127.5999999999998
2023_analysed,Exp_22_Jun_2023_1045_channel_2,True,False,22,Jun,2023,1045,2,3003.4479166666665,0.8342910879629629,0.0
2023_analysed,Exp_22_Jun_2023_1145_channel_0,True,False,22,Jun,2023,1145,0,3003.5729166666665,0.8343258101851851,99.99999999999878
2023_analysed,Exp_22_Jun_2023_1145_channel_1,True,False,22,Jun,2023,1145,1,3003.5729166666665,0.8343258101851851,163.9999999999989
2023_analysed,Exp_22_Jun_2023_1145_channel_2,True,False,22,Jun,2023,1145,2,3003.5729166666665,0.8343258101851851,0.0
2023_analysed,Exp_22_Jun_2023_1245_channel_0,True,False,22,Jun,2023,1245,0,3003.6041666666665,0.8343344907407407,45.60000000000081
2023_analysed,Exp_22_Jun_2023_1245_channel_1,True,False,22,Jun,2023,1245,1,3003.6041666666665,0.8343344907407407,30.800000000001468
2023_analysed,Exp_22_Jun_2023_1245_channel_2,True,False,22,Jun,2023,1245,2,3003.6041666666665,0.8343344907407407,0.0
2023_analysed,Exp_22_Jun_2023_1345_channel_0,True,False,22,Jun,2023,1345,0,3003.59375,0.8343315972222223,71.19999999999992
2023_analysed,Exp_22_Jun_2023_1345_channel_1,True,False,22,Jun,2023,1345,1,3003.59375,0.8343315972222223,107.59999999999994
2023_analysed,Exp_22_Jun_2023_1345_channel_2,True,False,22,Jun,2023,1345,2,3003.59375,0.8343315972222223,0.0
2023_analysed,Exp_22_Jun_2023_1445_channel_0,True,False,22,Jun,2023,1445,0,3003.4895833333335,0.8343026620370371,48.000000000000476
2023_analysed,Exp_22_Jun_2023_1445_channel_1,True,False,22,Jun,2023,1445,1,3003.4895833333335,0.8343026620370371,50.00000000000184
2023_analysed,Exp_22_Jun_2023_1445_channel_2,True,False,22,Jun,2023,1445,2,3003.4895833333335,0.8343026620370371,0.0
2023_analysed,Exp_22_Jun_2023_1545_channel_0,True,False,22,Jun,2023,1545,0,3003.5520833333335,0.8343200231481482,63.200000000006455
2023_analysed,Exp_22_Jun_2023_1545_channel_1,True,False,22,Jun,2023,1545,1,3003.5520833333335,0.8343200231481482,89.60000000000025
2023_analysed,Exp_22_Jun_2023_1545_channel_2,True,False,22,Jun,2023,1545,2,3003.5520833333335,0.8343200231481482,0.0
2023_analysed,Exp_22_Jun_2023_1645_channel_0,True,False,22,Jun,2023,1645,0,3003.4479166666665,0.8342910879629629,36.399999999998975
2023_analysed,Exp_22_Jun_2023_1645_channel_1,True,False,22,Jun,2023,1645,1,3003.4479166666665,0.8342910879629629,2.800000000000182
2023_analysed,Exp_22_Jun_2023_1645_channel_2,True,False,22,Jun,2023,1645,2,3003.4479166666665,0.8342910879629629,0.0
2023_analysed,Exp_22_Jun_2023_1745_channel_0,True,False,22,Jun,2023,1745,0,3003.5416666666665,0.8343171296296296,20.40000000000063
2023_analysed,Exp_22_Jun_2023_1745_channel_1,True,False,22,Jun,2023,1745,1,3003.5416666666665,0.8343171296296296,5.999999999999943
2023_analysed,Exp_22_Jun_2023_1745_channel_2,True,False,22,Jun,2023,1745,2,3003.5416666666665,0.8343171296296296,0.3999999999996362
2023_analysed,Exp_22_Mar_2023_0745_channel_0,True,False,22,Mar,2023,0745,0,3003.5625,0.8343229166666667,1.6000000000002501
2023_analysed,Exp_22_Mar_2023_0745_channel_1,True,False,22,Mar,2023,0745,1,3003.5625,0.8343229166666667,1.999999999999659
2023_analysed,Exp_22_Mar_2023_0745_channel_2,True,False,22,Mar,2023,0745,2,3003.5625,0.8343229166666667,57.5999999999995
2023_analysed,Exp_22_Mar_2023_0845_channel_0,True,False,22,Mar,2023,0845,0,3003.6145833333335,0.8343373842592593,0.40000000000009095
2023_analysed,Exp_22_Mar_2023_0845_channel_1,True,False,22,Mar,2023,0845,1,3003.6145833333335,0.8343373842592593,0.0
2023_analysed,Exp_22_Mar_2023_0845_channel_2,True,False,22,Mar,2023,0845,2,3003.6145833333335,0.8343373842592593,7.200000000000102
2023_analysed,Exp_22_Mar_2023_0945_channel_0,True,False,22,Mar,2023,0945,0,3004.0416666666665,0.8344560185185185,8.400000000000228
2023_analysed,Exp_22_Mar_2023_0945_channel_1,True,False,22,Mar,2023,0945,1,3004.0416666666665,0.8344560185185185,65.2000000000001
2023_analysed,Exp_22_Mar_2023_0945_channel_2,True,False,22,Mar,2023,0945,2,3004.0416666666665,0.8344560185185185,1.5999999999998522
2023_analysed,Exp_22_Mar_2023_1045_channel_0,True,False,22,Mar,2023,1045,0,3003.6979166666665,0.8343605324074074,12.400000000000063
2023_analysed,Exp_22_Mar_2023_1045_channel_1,True,False,22,Mar,2023,1045,1,3003.6979166666665,0.8343605324074074,26.000000000001876
2023_analysed,Exp_22_Mar_2023_1045_channel_2,True,False,22,Mar,2023,1045,2,3003.6979166666665,0.8343605324074074,3.199999999999477
2023_analysed,Exp_22_Mar_2023_1145_channel_0,True,False,22,Mar,2023,1145,0,3003.4791666666665,0.8342997685185185,11.600000000000016
2023_analysed,Exp_22_Mar_2023_1145_channel_1,True,False,22,Mar,2023,1145,1,3003.4791666666665,0.8342997685185185,71.19999999999999
2023_analysed,Exp_22_Mar_2023_1145_channel_2,True,False,22,Mar,2023,1145,2,3003.4791666666665,0.8342997685185185,1.6000000000001933
2023_analysed,Exp_22_Mar_2023_1245_channel_0,True,False,22,Mar,2023,1245,0,3003.4895833333335,0.8343026620370371,2.799999999999727
2023_analysed,Exp_22_Mar_2023_1245_channel_1,True,False,22,Mar,2023,1245,1,3003.4895833333335,0.8343026620370371,8.799999999999443
2023_analysed,Exp_22_Mar_2023_1245_channel_2,True,False,22,Mar,2023,1245,2,3003.4895833333335,0.8343026620370371,0.7999999999999545
2023_analysed,Exp_22_Mar_2023_1345_channel_0,True,False,22,Mar,2023,1345,0,3003.5104166666665,0.834308449074074,11.199999999999939
2023_analysed,Exp_22_Mar_2023_1345_channel_1,True,False,22,Mar,2023,1345,1,3003.5104166666665,0.834308449074074,78.79999999999998
2023_analysed,Exp_22_Mar_2023_1345_channel_2,True,False,22,Mar,2023,1345,2,3003.5104166666665,0.834308449074074,0.0
2023_analysed,Exp_22_Mar_2023_1445_channel_0,True,False,22,Mar,2023,1445,0,3003.5520833333335,0.8343200231481482,44.00000000000228
2023_analysed,Exp_22_Mar_2023_1445_channel_1,True,False,22,Mar,2023,1445,1,3003.5520833333335,0.8343200231481482,89.19999999999894
2023_analysed,Exp_22_Mar_2023_1445_channel_2,True,False,22,Mar,2023,1445,2,3003.5520833333335,0.8343200231481482,0.0
2023_analysed,Exp_22_Mar_2023_1545_channel_0,True,False,22,Mar,2023,1545,0,3003.5104166666665,0.834308449074074,165.2000000000001
2023_analysed,Exp_22_Mar_2023_1545_channel_1,True,False,22,Mar,2023,1545,1,3003.5104166666665,0.834308449074074,179.99999999999974
2023_analysed,Exp_22_Mar_2023_1545_channel_2,True,False,22,Mar,2023,1545,2,3003.5104166666665,0.834308449074074,1.199999999999818
2023_analysed,Exp_22_Mar_2023_1645_channel_0,True,False,22,Mar,2023,1645,0,3003.5625,0.8343229166666667,1.2000000000000455
2023_analysed,Exp_22_Mar_2023_1645_channel_1,True,False,22,Mar,2023,1645,1,3003.5625,0.8343229166666667,1.9999999999997868
2023_analysed,Exp_22_Mar_2023_1645_channel_2,True,False,22,Mar,2023,1645,2,3003.5625,0.8343229166666667,0.40000000000009095
2023_analysed,Exp_22_Mar_2023_1745_channel_0,True,False,22,Mar,2023,1745,0,3003.4895833333335,0.8343026620370371,0.8000000000000966
2023_analysed,Exp_22_Mar_2023_1745_channel_1,True,False,22,Mar,2023,1745,1,3003.4895833333335,0.8343026620370371,1.2000000000001592
2023_analysed,Exp_22_Mar_2023_1745_channel_2,True,False,22,Mar,2023,1745,2,3003.4895833333335,0.8343026620370371,0.0
2023_analysed,Exp_22_May_2023_0745_channel_0,True,False,22,May,2023,0745,0,3003.5208333333335,0.8343113425925927,24.40000000000068
2023_analysed,Exp_22_May_2023_0745_channel_1,True,False,22,May,2023,0745,1,3003.5208333333335,0.8343113425925927,23.600000000001614
2023_analysed,Exp_22_May_2023_0745_channel_2,True,False,22,May,2023,0745,2,3003.5208333333335,0.8343113425925927,0.0
2023_analysed,Exp_22_May_2023_0845_channel_0,True,False,22,May,2023,0845,0,3003.3229166666665,0.8342563657407407,39.600000000000136
2023_analysed,Exp_22_May_2023_0845_channel_1,True,False,22,May,2023,0845,1,3003.3229166666665,0.8342563657407407,132.40000000000276
2023_analysed,Exp_22_May_2023_0845_channel_2,True,False,22,May,2023,0845,2,3003.3229166666665,0.8342563657407407,0.0
2023_analysed,Exp_22_May_2023_0945_channel_0,True,False,22,May,2023,0945,0,3003.3854166666665,0.8342737268518519,60.000000000000334
2023_analysed,Exp_22_May_2023_0945_channel_1,True,False,22,May,2023,0945,1,3003.3854166666665,0.8342737268518519,95.20000000000076
2023_analysed,Exp_22_May_2023_0945_channel_2,True,False,22,May,2023,0945,2,3003.3854166666665,0.8342737268518519,0.0
2023_analysed,Exp_22_May_2023_1045_channel_0,True,False,22,May,2023,1045,0,3003.75,0.834375,138.3999999999982
2023_analysed,Exp_22_May_2023_1045_channel_1,True,False,22,May,2023,1045,1,3003.75,0.834375,94.79999999999839
2023_analysed,Exp_22_May_2023_1045_channel_2,True,False,22,May,2023,1045,2,3003.75,0.834375,0.0
2023_analysed,Exp_22_May_2023_1145_channel_0,True,False,22,May,2023,1145,0,3003.5,0.8343055555555555,83.59999999999874
2023_analysed,Exp_22_May_2023_1145_channel_1,True,False,22,May,2023,1145,1,3003.5,0.8343055555555555,183.99999999999935
2023_analysed,Exp_22_May_2023_1145_channel_2,True,False,22,May,2023,1145,2,3003.5,0.8343055555555555,0.0
2023_analysed,Exp_22_May_2023_1245_channel_0,True,False,22,May,2023,1245,0,3003.5,0.8343055555555555,44.7999999999982
2023_analysed,Exp_22_May_2023_1245_channel_1,True,False,22,May,2023,1245,1,3003.5,0.8343055555555555,36.799999999999784
2023_analysed,Exp_22_May_2023_1245_channel_2,True,False,22,May,2023,1245,2,3003.5,0.8343055555555555,0.0
2023_analysed,Exp_22_May_2023_1345_channel_0,True,False,22,May,2023,1345,0,3003.5416666666665,0.8343171296296296,69.2000000000003
2023_analysed,Exp_22_May_2023_1345_channel_1,True,False,22,May,2023,1345,1,3003.5416666666665,0.8343171296296296,64.80000000000041
2023_analysed,Exp_22_May_2023_1345_channel_2,True,False,22,May,2023,1345,2,3003.5416666666665,0.8343171296296296,0.0
2023_analysed,Exp_22_May_2023_1445_channel_0,True,False,22,May,2023,1445,0,3003.4583333333335,0.8342939814814815,15.200000000000387
2023_analysed,Exp_22_May_2023_1445_channel_1,True,False,22,May,2023,1445,1,3003.4583333333335,0.8342939814814815,15.599999999999625
2023_analysed,Exp_22_May_2023_1445_channel_2,True,False,22,May,2023,1445,2,3003.4583333333335,0.8342939814814815,1.9999999999995453
2023_analysed,Exp_22_May_2023_1545_channel_0,True,False,22,May,2023,1545,0,3003.625,0.8343402777777778,2.3999999999999773
2023_analysed,Exp_22_May_2023_1545_channel_1,True,False,22,May,2023,1545,1,3003.625,0.8343402777777778,1.6000000000002501
2023_analysed,Exp_22_May_2023_1545_channel_2,True,False,22,May,2023,1545,2,3003.625,0.8343402777777778,5.599999999999213
2023_analysed,Exp_22_May_2023_1645_channel_0,True,False,22,May,2023,1645,0,3003.8020833333335,0.8343894675925926,1.6000000000001933
2023_analysed,Exp_22_May_2023_1645_channel_1,True,False,22,May,2023,1645,1,3003.8020833333335,0.8343894675925926,0.40000000000009095
2023_analysed,Exp_22_May_2023_1645_channel_2,True,False,22,May,2023,1645,2,3003.8020833333335,0.8343894675925926,30.799999999999557
2023_analysed,Exp_22_May_2023_1745_channel_0,True,False,22,May,2023,1745,0,3003.6666666666665,0.8343518518518518,2.000000000000398
2023_analysed,Exp_22_May_2023_1745_channel_1,True,False,22,May,2023,1745,1,3003.6666666666665,0.8343518518518518,1.2000000000001023
2023_analysed,Exp_22_May_2023_1745_channel_2,True,False,22,May,2023,1745,2,3003.6666666666665,0.8343518518518518,56.79999999999908
2023_analysed,Exp_22_Nov_2023_1645_channel_0,True,False,22,Nov,2023,1645,0,3007.59375,0.8354427083333333,0.40000000000009095
2023_analysed,Exp_22_Sep_2023_1045_channel_1,True,False,22,Sep,2023,1045,1,3008.125,0.8355902777777777,7.2000000000003865
2023_analysed,Exp_22_Sep_2023_1445_channel_0,True,False,22,Sep,2023,1445,0,3007.5729166666665,0.8354369212962962,0.0
2023_analysed,Exp_22_Sep_2023_1445_channel_1,True,False,22,Sep,2023,1445,1,3007.5729166666665,0.8354369212962962,4.000000000000483
2023_analysed,Exp_22_Sep_2023_1645_channel_1,True,False,22,Sep,2023,1645,1,3008.1041666666665,0.8355844907407407,86.79999999999902
2023_analysed,Exp_23_Apr_2023_0745_channel_0,True,False,23,Apr,2023,0745,0,3003.5520833333335,0.8343200231481482,2.799999999999727
2023_analysed,Exp_23_Apr_2023_0745_channel_1,True,False,23,Apr,2023,0745,1,3003.5520833333335,0.8343200231481482,39.20000000000207
2023_analysed,Exp_23_Apr_2023_0745_channel_2,True,False,23,Apr,2023,0745,2,3003.5520833333335,0.8343200231481482,59.60000000000011
2023_analysed,Exp_23_Apr_2023_0845_channel_0,True,False,23,Apr,2023,0845,0,3003.5729166666665,0.8343258101851851,3.999999999999673
2023_analysed,Exp_23_Apr_2023_0845_channel_1,True,False,23,Apr,2023,0845,1,3003.5729166666665,0.8343258101851851,2.3999999999999417
2023_analysed,Exp_23_Apr_2023_0845_channel_2,True,False,23,Apr,2023,0845,2,3003.5729166666665,0.8343258101851851,44.3999999999996
2023_analysed,Exp_23_Apr_2023_0945_channel_0,True,False,23,Apr,2023,0945,0,3003.5,0.8343055555555555,5.600000000000222
2023_analysed,Exp_23_Apr_2023_0945_channel_1,True,False,23,Apr,2023,0945,1,3003.5,0.8343055555555555,18.400000000001604
2023_analysed,Exp_23_Apr_2023_0945_channel_2,True,False,23,Apr,2023,0945,2,3003.5,0.8343055555555555,30.00000000000052
2023_analysed,Exp_23_Apr_2023_1045_channel_0,True,False,23,Apr,2023,1045,0,3003.4375,0.8342881944444445,16.00000000000037
2023_analysed,Exp_23_Apr_2023_1045_channel_1,True,False,23,Apr,2023,1045,1,3003.4375,0.8342881944444445,15.999999999999801
2023_analysed,Exp_23_Apr_2023_1045_channel_2,True,False,23,Apr,2023,1045,2,3003.4375,0.8342881944444445,22.800000000001972
2023_analysed,Exp_23_Apr_2023_1145_channel_0,True,False,23,Apr,2023,1145,0,3003.5625,0.8343229166666667,23.60000000000042
2023_analysed,Exp_23_Apr_2023_1145_channel_1,True,False,23,Apr,2023,1145,1,3003.5625,0.8343229166666667,77.60000000000053
2023_analysed,Exp_23_Apr_2023_1145_channel_2,True,False,23,Apr,2023,1145,2,3003.5625,0.8343229166666667,3.6000000000001187
2023_analysed,Exp_23_Apr_2023_1245_channel_0,True,False,23,Apr,2023,1245,0,3003.40625,0.8342795138888889,52.40000000000002
2023_analysed,Exp_23_Apr_2023_1245_channel_1,True,False,23,Apr,2023,1245,1,3003.40625,0.8342795138888889,47.20000000000107
2023_analysed,Exp_23_Apr_2023_1245_channel_2,True,False,23,Apr,2023,1245,2,3003.40625,0.8342795138888889,0.0
2023_analysed,Exp_23_Apr_2023_1345_channel_0,True,False,23,Apr,2023,1345,0,3003.4895833333335,0.8343026620370371,33.199999999999875
2023_analysed,Exp_23_Apr_2023_1345_channel_1,True,False,23,Apr,2023,1345,1,3003.4895833333335,0.8343026620370371,170.40000000000106
2023_analysed,Exp_23_Apr_2023_1345_channel_2,True,False,23,Apr,2023,1345,2,3003.4895833333335,0.8343026620370371,0.0
2023_analysed,Exp_23_Apr_2023_1445_channel_0,True,False,23,Apr,2023,1445,0,3003.40625,0.8342795138888889,111.99999999999841
2023_analysed,Exp_23_Apr_2023_1445_channel_1,True,False,23,Apr,2023,1445,1,3003.40625,0.8342795138888889,218.40000000000057
2023_analysed,Exp_23_Apr_2023_1445_channel_2,True,False,23,Apr,2023,1445,2,3003.40625,0.8342795138888889,0.4000000000000057
2023_analysed,Exp_23_Apr_2023_1545_channel_0,True,False,23,Apr,2023,1545,0,3003.4270833333335,0.834285300925926,54.40000000000018
2023_analysed,Exp_23_Apr_2023_1545_channel_1,True,False,23,Apr,2023,1545,1,3003.4270833333335,0.834285300925926,79.60000000000043
2023_analysed,Exp_23_Apr_2023_1545_channel_2,True,False,23,Apr,2023,1545,2,3003.4270833333335,0.834285300925926,0.8000000000001819
2023_analysed,Exp_23_Apr_2023_1645_channel_0,True,False,23,Apr,2023,1645,0,3003.4895833333335,0.8343026620370371,10.800000000000622
2023_analysed,Exp_23_Apr_2023_1645_channel_1,True,False,23,Apr,2023,1645,1,3003.4895833333335,0.8343026620370371,4.800000000000097
2023_analysed,Exp_23_Apr_2023_1645_channel_2,True,False,23,Apr,2023,1645,2,3003.4895833333335,0.8343026620370371,0.0
2023_analysed,Exp_23_Apr_2023_1745_channel_0,True,False,23,Apr,2023,1745,0,3003.3645833333335,0.8342679398148148,4.399999999999551
2023_analysed,Exp_23_Apr_2023_1745_channel_1,True,False,23,Apr,2023,1745,1,3003.3645833333335,0.8342679398148148,5.9999999999996465
2023_analysed,Exp_23_Apr_2023_1745_channel_2,True,False,23,Apr,2023,1745,2,3003.3645833333335,0.8342679398148148,0.0
2023_analysed,Exp_23_Aug_2023_1745_channel_1,True,False,23,Aug,2023,1745,1,3008.7708333333335,0.835769675925926,1.1999999999999318
2023_analysed,Exp_23_Dec_2023_1245_channel_0,True,False,23,Dec,2023,1245,0,3010.9791666666665,0.8363831018518518,52.40000000000133
2023_analysed,Exp_23_Feb_2023_0745_channel_0,True,False,23,Feb,2023,0745,0,3003.6770833333335,0.8343547453703705,1.1999999999995055
2023_analysed,Exp_23_Feb_2023_0745_channel_1,True,False,23,Feb,2023,0745,1,3003.6770833333335,0.8343547453703705,0.0
2023_analysed,Exp_23_Feb_2023_0845_channel_0,True,False,23,Feb,2023,0845,0,3003.625,0.8343402777777778,47.19999999999825
2023_analysed,Exp_23_Feb_2023_0845_channel_1,True,False,23,Feb,2023,0845,1,3003.625,0.8343402777777778,0.7999999999999545
2023_analysed,Exp_23_Feb_2023_1345_channel_0,True,False,23,Feb,2023,1345,0,3003.7708333333335,0.8343807870370371,125.20000000000012
2023_analysed,Exp_23_Feb_2023_1345_channel_1,True,False,23,Feb,2023,1345,1,3003.7708333333335,0.8343807870370371,7.999999999999197
2023_analysed,Exp_23_Feb_2023_1545_channel_0,True,False,23,Feb,2023,1545,0,3003.875,0.8344097222222222,101.59999999999953
2023_analysed,Exp_23_Feb_2023_1545_channel_1,True,False,23,Feb,2023,1545,1,3003.875,0.8344097222222222,5.200000000000216
2023_analysed,Exp_23_Feb_2023_1645_channel_0,True,False,23,Feb,2023,1645,0,3003.625,0.8343402777777778,19.59999999999809
2023_analysed,Exp_23_Feb_2023_1645_channel_1,True,False,23,Feb,2023,1645,1,3003.625,0.8343402777777778,0.3999999999996362
2023_analysed,Exp_23_Jul_2023_1045_channel_0,True,False,23,Jul,2023,1045,0,3006.09375,0.8350260416666667,16.000000000001535
2023_analysed,Exp_23_Jun_2023_0745_channel_0,True,False,23,Jun,2023,0745,0,3003.5416666666665,0.8343171296296296,2.4000000000003183
2023_analysed,Exp_23_Jun_2023_0745_channel_1,True,False,23,Jun,2023,0745,1,3003.5416666666665,0.8343171296296296,3.199999999999932
2023_analysed,Exp_23_Jun_2023_0745_channel_2,True,False,23,Jun,2023,0745,2,3003.5416666666665,0.8343171296296296,2.799999999999663
2023_analysed,Exp_23_Jun_2023_0845_channel_0,True,False,23,Jun,2023,0845,0,3003.3541666666665,0.8342650462962963,19.60000000000221
2023_analysed,Exp_23_Jun_2023_0845_channel_1,True,False,23,Jun,2023,0845,1,3003.3541666666665,0.8342650462962963,20.399999999999864
2023_analysed,Exp_23_Jun_2023_0845_channel_2,True,False,23,Jun,2023,0845,2,3003.3541666666665,0.8342650462962963,2.7999999999996135
2023_analysed,Exp_23_Jun_2023_0945_channel_0,True,False,23,Jun,2023,0945,0,3003.375,0.8342708333333333,24.40000000000071
2023_analysed,Exp_23_Jun_2023_0945_channel_1,True,False,23,Jun,2023,0945,1,3003.375,0.8342708333333333,107.59999999999934
2023_analysed,Exp_23_Jun_2023_0945_channel_2,True,False,23,Jun,2023,0945,2,3003.375,0.8342708333333333,3.2000000000000455
2023_analysed,Exp_23_Jun_2023_1045_channel_0,True,False,23,Jun,2023,1045,0,3003.6354166666665,0.8343431712962962,40.00000000000007
2023_analysed,Exp_23_Jun_2023_1045_channel_1,True,False,23,Jun,2023,1045,1,3003.6354166666665,0.8343431712962962,41.20000000000305
2023_analysed,Exp_23_Jun_2023_1045_channel_2,True,False,23,Jun,2023,1045,2,3003.6354166666665,0.8343431712962962,2.0000000000002274
2023_analysed,Exp_23_Jun_2023_1145_channel_0,True,False,23,Jun,2023,1145,0,3003.875,0.8344097222222222,94.40000000000121
2023_analysed,Exp_23_Jun_2023_1145_channel_1,True,False,23,Jun,2023,1145,1,3003.875,0.8344097222222222,127.19999999999959
2023_analysed,Exp_23_Jun_2023_1145_channel_2,True,False,23,Jun,2023,1145,2,3003.875,0.8344097222222222,2.0000000000002274
2023_analysed,Exp_23_Jun_2023_1245_channel_0,True,False,23,Jun,2023,1245,0,3003.6875,0.8343576388888889,104.00000000000176
2023_analysed,Exp_23_Jun_2023_1245_channel_1,True,False,23,Jun,2023,1245,1,3003.6875,0.8343576388888889,56.39999999999914
2023_analysed,Exp_23_Jun_2023_1245_channel_2,True,False,23,Jun,2023,1245,2,3003.6875,0.8343576388888889,0.3999999999999915
2023_analysed,Exp_23_Jun_2023_1345_channel_0,True,False,23,Jun,2023,1345,0,3003.5208333333335,0.8343113425925927,100.00000000000189
2023_analysed,Exp_23_Jun_2023_1345_channel_1,True,False,23,Jun,2023,1345,1,3003.5208333333335,0.8343113425925927,148.4
2023_analysed,Exp_23_Jun_2023_1345_channel_2,True,False,23,Jun,2023,1345,2,3003.5208333333335,0.8343113425925927,0.0
2023_analysed,Exp_23_Jun_2023_1445_channel_0,True,False,23,Jun,2023,1445,0,3003.4375,0.8342881944444445,124.39999999999793
2023_analysed,Exp_23_Jun_2023_1445_channel_1,True,False,23,Jun,2023,1445,1,3003.4375,0.8342881944444445,82.80000000000256
2023_analysed,Exp_23_Jun_2023_1445_channel_2,True,False,23,Jun,2023,1445,2,3003.4375,0.8342881944444445,0.0
2023_analysed,Exp_23_Jun_2023_1545_channel_0,True,False,23,Jun,2023,1545,0,3003.4166666666665,0.8342824074074073,206.00000000000102
2023_analysed,Exp_23_Jun_2023_1545_channel_1,True,False,23,Jun,2023,1545,1,3003.4166666666665,0.8342824074074073,219.60000000000088
2023_analysed,Exp_23_Jun_2023_1545_channel_2,True,False,23,Jun,2023,1545,2,3003.4166666666665,0.8342824074074073,0.0
2023_analysed,Exp_23_Jun_2023_1645_channel_0,True,False,23,Jun,2023,1645,0,3003.3645833333335,0.8342679398148148,107.59999999999776
2023_analysed,Exp_23_Jun_2023_1645_channel_1,True,False,23,Jun,2023,1645,1,3003.3645833333335,0.8342679398148148,20.400000000000603
2023_analysed,Exp_23_Jun_2023_1645_channel_2,True,False,23,Jun,2023,1645,2,3003.3645833333335,0.8342679398148148,5.600000000001273
2023_analysed,Exp_23_Jun_2023_1745_channel_0,True,False,23,Jun,2023,1745,0,3003.34375,0.8342621527777778,44.80000000000046
2023_analysed,Exp_23_Jun_2023_1745_channel_1,True,False,23,Jun,2023,1745,1,3003.34375,0.8342621527777778,4.800000000000352
2023_analysed,Exp_23_Jun_2023_1745_channel_2,True,False,23,Jun,2023,1745,2,3003.34375,0.8342621527777778,0.4000000000000341
2023_analysed,Exp_23_Mar_2023_0745_channel_0,True,False,23,Mar,2023,0745,0,3003.46875,0.834296875,3.200000000000557
2023_analysed,Exp_23_Mar_2023_0745_channel_1,True,False,23,Mar,2023,0745,1,3003.46875,0.834296875,1.9999999999997726
2023_analysed,Exp_23_Mar_2023_0745_channel_2,True,False,23,Mar,2023,0745,2,3003.46875,0.834296875,29.600000000000257
2023_analysed,Exp_23_Mar_2023_0845_channel_0,True,False,23,Mar,2023,0845,0,3003.4583333333335,0.8342939814814815,7.599999999998516
2023_analysed,Exp_23_Mar_2023_0845_channel_1,True,False,23,Mar,2023,0845,1,3003.4583333333335,0.8342939814814815,9.199999999999477
2023_analysed,Exp_23_Mar_2023_0845_channel_2,True,False,23,Mar,2023,0845,2,3003.4583333333335,0.8342939814814815,5.600000000000222
2023_analysed,Exp_23_Mar_2023_0945_channel_0,True,False,23,Mar,2023,0945,0,3003.4479166666665,0.8342910879629629,13.199999999999942
2023_analysed,Exp_23_Mar_2023_0945_channel_1,True,False,23,Mar,2023,0945,1,3003.4479166666665,0.8342910879629629,76.79999999999976
2023_analysed,Exp_23_Mar_2023_0945_channel_2,True,False,23,Mar,2023,0945,2,3003.4479166666665,0.8342910879629629,1.599999999999909
2023_analysed,Exp_23_Mar_2023_1045_channel_0,True,False,23,Mar,2023,1045,0,3003.4583333333335,0.8342939814814815,8.800000000000011
2023_analysed,Exp_23_Mar_2023_1045_channel_1,True,False,23,Mar,2023,1045,1,3003.4583333333335,0.8342939814814815,47.99999999999807
2023_analysed,Exp_23_Mar_2023_1045_channel_2,True,False,23,Mar,2023,1045,2,3003.4583333333335,0.8342939814814815,19.19999999999927
2023_analysed,Exp_23_Mar_2023_1145_channel_0,True,False,23,Mar,2023,1145,0,3003.7395833333335,0.8343721064814815,5.999999999998295
2023_analysed,Exp_23_Mar_2023_1145_channel_1,True,False,23,Mar,2023,1145,1,3003.7395833333335,0.8343721064814815,70.00000000000026
2023_analysed,Exp_23_Mar_2023_1145_channel_2,True,False,23,Mar,2023,1145,2,3003.7395833333335,0.8343721064814815,2.8000000000001624
2023_analysed,Exp_23_Mar_2023_1245_channel_0,True,False,23,Mar,2023,1245,0,3003.8229166666665,0.8343952546296296,143.60000000000292
2023_analysed,Exp_23_Mar_2023_1245_channel_1,True,False,23,Mar,2023,1245,1,3003.8229166666665,0.8343952546296296,95.20000000000007
2023_analysed,Exp_23_Mar_2023_1245_channel_2,True,False,23,Mar,2023,1245,2,3003.8229166666665,0.8343952546296296,0.7999999999999545
2023_analysed,Exp_23_Mar_2023_1345_channel_0,True,False,23,Mar,2023,1345,0,3003.3958333333335,0.8342766203703704,66.40000000000063
2023_analysed,Exp_23_Mar_2023_1345_channel_1,True,False,23,Mar,2023,1345,1,3003.3958333333335,0.8342766203703704,197.59999999999758
2023_analysed,Exp_23_Mar_2023_1345_channel_2,True,False,23,Mar,2023,1345,2,3003.3958333333335,0.8342766203703704,0.3999999999996362
2023_analysed,Exp_23_Mar_2023_1445_channel_0,True,False,23,Mar,2023,1445,0,3003.59375,0.8343315972222223,99.19999999999959
2023_analysed,Exp_23_Mar_2023_1445_channel_1,True,False,23,Mar,2023,1445,1,3003.59375,0.8343315972222223,126.79999999999927
2023_analysed,Exp_23_Mar_2023_1445_channel_2,True,False,23,Mar,2023,1445,2,3003.59375,0.8343315972222223,0.0
2023_analysed,Exp_23_Mar_2023_1545_channel_0,True,False,23,Mar,2023,1545,0,3003.8645833333335,0.8344068287037038,13.199999999999672
2023_analysed,Exp_23_Mar_2023_1545_channel_1,True,False,23,Mar,2023,1545,1,3003.8645833333335,0.8344068287037038,82.39999999999996
2023_analysed,Exp_23_Mar_2023_1545_channel_2,True,False,23,Mar,2023,1545,2,3003.8645833333335,0.8344068287037038,0.0
2023_analysed,Exp_23_Mar_2023_1645_channel_0,True,False,23,Mar,2023,1645,0,3003.5833333333335,0.8343287037037037,2.4000000000003183
2023_analysed,Exp_23_Mar_2023_1645_channel_1,True,False,23,Mar,2023,1645,1,3003.5833333333335,0.8343287037037037,1.1999999999999886
2023_analysed,Exp_23_Mar_2023_1645_channel_2,True,False,23,Mar,2023,1645,2,3003.5833333333335,0.8343287037037037,0.0
2023_analysed,Exp_23_Mar_2023_1745_channel_0,True,False,23,Mar,2023,1745,0,3003.40625,0.8342795138888889,2.000000000000284
2023_analysed,Exp_23_Mar_2023_1745_channel_1,True,False,23,Mar,2023,1745,1,3003.40625,0.8342795138888889,1.5999999999996404
2023_analysed,Exp_23_Mar_2023_1745_channel_2,True,False,23,Mar,2023,1745,2,3003.40625,0.8342795138888889,0.0
2023_analysed,Exp_23_May_2023_0745_channel_0,True,False,23,May,2023,0745,0,3003.4583333333335,0.8342939814814815,2.800000000000182
2023_analysed,Exp_23_May_2023_0745_channel_1,True,False,23,May,2023,0745,1,3003.4583333333335,0.8342939814814815,2.3999999999999773
2023_analysed,Exp_23_May_2023_0745_channel_2,True,False,23,May,2023,0745,2,3003.4583333333335,0.8342939814814815,0.0
2023_analysed,Exp_23_May_2023_0845_channel_0,True,False,23,May,2023,0845,0,3003.4583333333335,0.8342939814814815,3.9999999999997726
2023_analysed,Exp_23_May_2023_0845_channel_1,True,False,23,May,2023,0845,1,3003.4583333333335,0.8342939814814815,4.400000000000205
2023_analysed,Exp_23_May_2023_0845_channel_2,True,False,23,May,2023,0845,2,3003.4583333333335,0.8342939814814815,2.4000000000000057
2023_analysed,Exp_23_May_2023_0945_channel_0,True,False,23,May,2023,0945,0,3003.4895833333335,0.8343026620370371,37.59999999999973
2023_analysed,Exp_23_May_2023_0945_channel_1,True,False,23,May,2023,0945,1,3003.4895833333335,0.8343026620370371,134.40000000000188
2023_analysed,Exp_23_May_2023_0945_channel_2,True,False,23,May,2023,0945,2,3003.4895833333335,0.8343026620370371,0.0
2023_analysed,Exp_23_May_2023_1045_channel_0,True,False,23,May,2023,1045,0,3003.5,0.8343055555555555,139.99999999999866
2023_analysed,Exp_23_May_2023_1045_channel_1,True,False,23,May,2023,1045,1,3003.5,0.8343055555555555,101.59999999999978
2023_analysed,Exp_23_May_2023_1045_channel_2,True,False,23,May,2023,1045,2,3003.5,0.8343055555555555,0.40000000000009095
2023_analysed,Exp_23_May_2023_1145_channel_0,True,False,23,May,2023,1145,0,3003.5520833333335,0.8343200231481482,63.600000000000975
2023_analysed,Exp_23_May_2023_1145_channel_1,True,False,23,May,2023,1145,1,3003.5520833333335,0.8343200231481482,112.39999999999839
2023_analysed,Exp_23_May_2023_1145_channel_2,True,False,23,May,2023,1145,2,3003.5520833333335,0.8343200231481482,1.9999999999998863
2023_analysed,Exp_23_May_2023_1245_channel_0,True,False,23,May,2023,1245,0,3003.4791666666665,0.8342997685185185,116.39999999999755
2023_analysed,Exp_23_May_2023_1245_channel_1,True,False,23,May,2023,1245,1,3003.4791666666665,0.8342997685185185,61.2000000000005
2023_analysed,Exp_23_May_2023_1245_channel_2,True,False,23,May,2023,1245,2,3003.4791666666665,0.8342997685185185,0.8000000000001819
2023_analysed,Exp_23_May_2023_1345_channel_0,True,False,23,May,2023,1345,0,3003.46875,0.834296875,99.20000000000081
2023_analysed,Exp_23_May_2023_1345_channel_1,True,False,23,May,2023,1345,1,3003.46875,0.834296875,157.20000000000132
2023_analysed,Exp_23_May_2023_1345_channel_2,True,False,23,May,2023,1345,2,3003.46875,0.834296875,2.3999999999999773
2023_analysed,Exp_23_May_2023_1445_channel_0,True,False,23,May,2023,1445,0,3003.4166666666665,0.8342824074074073,218.00000000000128
2023_analysed,Exp_23_May_2023_1445_channel_1,True,False,23,May,2023,1445,1,3003.4166666666665,0.8342824074074073,187.2000000000045
2023_analysed,Exp_23_May_2023_1445_channel_2,True,False,23,May,2023,1445,2,3003.4166666666665,0.8342824074074073,2.0000000000001137
2023_analysed,Exp_23_May_2023_1545_channel_0,True,False,23,May,2023,1545,0,3003.4375,0.8342881944444445,43.59999999999826
2023_analysed,Exp_23_May_2023_1545_channel_1,True,False,23,May,2023,1545,1,3003.4375,0.8342881944444445,107.2000000000006
2023_analysed,Exp_23_May_2023_1545_channel_2,True,False,23,May,2023,1545,2,3003.4375,0.8342881944444445,1.5999999999996817
2023_analysed,Exp_23_May_2023_1645_channel_0,True,False,23,May,2023,1645,0,3003.375,0.8342708333333333,20.000000000000412
2023_analysed,Exp_23_May_2023_1645_channel_1,True,False,23,May,2023,1645,1,3003.375,0.8342708333333333,8.399999999999135
2023_analysed,Exp_23_May_2023_1645_channel_2,True,False,23,May,2023,1645,2,3003.375,0.8342708333333333,0.0
2023_analysed,Exp_23_May_2023_1745_channel_0,True,False,23,May,2023,1745,0,3003.4583333333335,0.8342939814814815,9.600000000000335
2023_analysed,Exp_23_May_2023_1745_channel_1,True,False,23,May,2023,1745,1,3003.4583333333335,0.8342939814814815,3.199999999999818
2023_analysed,Exp_23_May_2023_1745_channel_2,True,False,23,May,2023,1745,2,3003.4583333333335,0.8342939814814815,0.39999999999997726
2023_analysed,Exp_23_Nov_2023_1045_channel_0,True,False,23,Nov,2023,1045,0,3009.3333333333335,0.835925925925926,4.400000000000553
2023_analysed,Exp_24_Apr_2023_0745_channel_0,True,False,24,Apr,2023,0745,0,3003.6354166666665,0.8343431712962962,4.8000000000007645
2023_analysed,Exp_24_Apr_2023_0745_channel_1,True,False,24,Apr,2023,0745,1,3003.6354166666665,0.8343431712962962,4.800000000000296
2023_analysed,Exp_24_Apr_2023_0745_channel_2,True,False,24,Apr,2023,0745,2,3003.6354166666665,0.8343431712962962,7.600000000000293
2023_analysed,Exp_24_Apr_2023_0845_channel_0,True,False,24,Apr,2023,0845,0,3003.3645833333335,0.8342679398148148,15.999999999998465
2023_analysed,Exp_24_Apr_2023_0845_channel_1,True,False,24,Apr,2023,0845,1,3003.3645833333335,0.8342679398148148,15.199999999999967
2023_analysed,Exp_24_Apr_2023_0845_channel_2,True,False,24,Apr,2023,0845,2,3003.3645833333335,0.8342679398148148,3.6000000000000796
2023_analysed,Exp_24_Apr_2023_0945_channel_0,True,False,24,Apr,2023,0945,0,3003.5416666666665,0.8343171296296296,31.60000000000106
2023_analysed,Exp_24_Apr_2023_0945_channel_1,True,False,24,Apr,2023,0945,1,3003.5416666666665,0.8343171296296296,102.80000000000024
2023_analysed,Exp_24_Apr_2023_0945_channel_2,True,False,24,Apr,2023,0945,2,3003.5416666666665,0.8343171296296296,0.0
2023_analysed,Exp_24_Apr_2023_1045_channel_0,True,False,24,Apr,2023,1045,0,3003.4375,0.8342881944444445,96.40000000000242
2023_analysed,Exp_24_Apr_2023_1045_channel_1,True,False,24,Apr,2023,1045,1,3003.4375,0.8342881944444445,59.99999999999861
2023_analysed,Exp_24_Apr_2023_1045_channel_2,True,False,24,Apr,2023,1045,2,3003.4375,0.8342881944444445,0.0
2023_analysed,Exp_24_Apr_2023_1145_channel_0,True,False,24,Apr,2023,1145,0,3003.4375,0.8342881944444445,51.99999999999907
2023_analysed,Exp_24_Apr_2023_1145_channel_1,True,False,24,Apr,2023,1145,1,3003.4375,0.8342881944444445,138.39999999999938
2023_analysed,Exp_24_Apr_2023_1145_channel_2,True,False,24,Apr,2023,1145,2,3003.4375,0.8342881944444445,0.0
2023_analysed,Exp_24_Apr_2023_1245_channel_0,True,False,24,Apr,2023,1245,0,3003.4583333333335,0.8342939814814815,36.40000000000078
2023_analysed,Exp_24_Apr_2023_1245_channel_1,True,False,24,Apr,2023,1245,1,3003.4583333333335,0.8342939814814815,32.400000000001306
2023_analysed,Exp_24_Apr_2023_1245_channel_2,True,False,24,Apr,2023,1245,2,3003.4583333333335,0.8342939814814815,0.0
2023_analysed,Exp_24_Apr_2023_1345_channel_0,True,False,24,Apr,2023,1345,0,3003.3854166666665,0.8342737268518519,50.800000000000594
2023_analysed,Exp_24_Apr_2023_1345_channel_1,True,False,24,Apr,2023,1345,1,3003.3854166666665,0.8342737268518519,173.19999999999789
2023_analysed,Exp_24_Apr_2023_1345_channel_2,True,False,24,Apr,2023,1345,2,3003.3854166666665,0.8342737268518519,0.0
2023_analysed,Exp_24_Apr_2023_1445_channel_0,True,False,24,Apr,2023,1445,0,3003.5104166666665,0.834308449074074,99.20000000000263
2023_analysed,Exp_24_Apr_2023_1445_channel_1,True,False,24,Apr,2023,1445,1,3003.5104166666665,0.834308449074074,20.80000000000016
2023_analysed,Exp_24_Apr_2023_1445_channel_2,True,False,24,Apr,2023,1445,2,3003.5104166666665,0.834308449074074,0.0
2023_analysed,Exp_24_Apr_2023_1545_channel_0,True,False,24,Apr,2023,1545,0,3003.3854166666665,0.8342737268518519,22.000000000000348
2023_analysed,Exp_24_Apr_2023_1545_channel_1,True,False,24,Apr,2023,1545,1,3003.3854166666665,0.8342737268518519,107.60000000000082
2023_analysed,Exp_24_Apr_2023_1545_channel_2,True,False,24,Apr,2023,1545,2,3003.3854166666665,0.8342737268518519,0.0
2023_analysed,Exp_24_Apr_2023_1645_channel_0,True,False,24,Apr,2023,1645,0,3003.2916666666665,0.8342476851851851,195.99999999999852
2023_analysed,Exp_24_Apr_2023_1645_channel_1,True,False,24,Apr,2023,1645,1,3003.2916666666665,0.8342476851851851,88.00000000000165
2023_analysed,Exp_24_Apr_2023_1645_channel_2,True,False,24,Apr,2023,1645,2,3003.2916666666665,0.8342476851851851,0.0
2023_analysed,Exp_24_Apr_2023_1745_channel_0,True,False,24,Apr,2023,1745,0,3003.7395833333335,0.8343721064814815,7.9999999999990905
2023_analysed,Exp_24_Apr_2023_1745_channel_1,True,False,24,Apr,2023,1745,1,3003.7395833333335,0.8343721064814815,3.2000000000000455
2023_analysed,Exp_24_Apr_2023_1745_channel_2,True,False,24,Apr,2023,1745,2,3003.7395833333335,0.8343721064814815,0.3999999999998636
2023_analysed,Exp_24_Dec_2023_0745_channel_0,True,False,24,Dec,2023,0745,0,3008.7604166666665,0.8357667824074073,3.6000000000000796
2023_analysed,Exp_24_Dec_2023_1145_channel_1,True,False,24,Dec,2023,1145,1,3008.2395833333335,0.8356221064814815,116.80000000000189
2023_analysed,Exp_24_Feb_2023_0745_channel_0,True,False,24,Feb,2023,0745,0,3003.6666666666665,0.8343518518518518,1.2000000000000455
2023_analysed,Exp_24_Feb_2023_0745_channel_1,True,False,24,Feb,2023,0745,1,3003.6666666666665,0.8343518518518518,4.400000000000546
2023_analysed,Exp_24_Feb_2023_0845_channel_0,True,False,24,Feb,2023,0845,0,3003.8854166666665,0.8344126157407407,55.20000000000482
2023_analysed,Exp_24_Feb_2023_0845_channel_1,True,False,24,Feb,2023,0845,1,3003.8854166666665,0.8344126157407407,8.400000000000318
2023_analysed,Exp_24_Feb_2023_0945_channel_0,True,False,24,Feb,2023,0945,0,3004.0729166666665,0.8344646990740741,171.5999999999999
2023_analysed,Exp_24_Feb_2023_0945_channel_1,True,False,24,Feb,2023,0945,1,3004.0729166666665,0.8344646990740741,9.600000000000364
2023_analysed,Exp_24_Feb_2023_1345_channel_0,True,False,24,Feb,2023,1345,0,3003.3020833333335,0.8342505787037038,161.19999999999987
2023_analysed,Exp_24_Feb_2023_1345_channel_1,True,False,24,Feb,2023,1345,1,3003.3020833333335,0.8342505787037038,24.3999999999985
2023_analysed,Exp_24_Feb_2023_1445_channel_0,True,False,24,Feb,2023,1445,0,3003.5,0.8343055555555555,43.200000000000294
2023_analysed,Exp_24_Feb_2023_1445_channel_1,True,False,24,Feb,2023,1445,1,3003.5,0.8343055555555555,26.39999999999914
2023_analysed,Exp_24_Feb_2023_1545_channel_0,True,False,24,Feb,2023,1545,0,3003.5520833333335,0.8343200231481482,111.20000000000059
2023_analysed,Exp_24_Feb_2023_1545_channel_1,True,False,24,Feb,2023,1545,1,3003.5520833333335,0.8343200231481482,27.60000000000023
2023_analysed,Exp_24_Feb_2023_1645_channel_0,True,False,24,Feb,2023,1645,0,3003.8333333333335,0.8343981481481482,0.7999999999998408
2023_analysed,Exp_24_Feb_2023_1645_channel_1,True,False,24,Feb,2023,1645,1,3003.8333333333335,0.8343981481481482,7.200000000000273
2023_analysed,Exp_24_Jun_2023_0745_channel_0,True,False,24,Jun,2023,0745,0,3003.5729166666665,0.8343258101851851,2.3999999999999986
2023_analysed,Exp_24_Jun_2023_0745_channel_1,True,False,24,Jun,2023,0745,1,3003.5729166666665,0.8343258101851851,1.1999999999999886
2023_analysed,Exp_24_Jun_2023_0745_channel_2,True,False,24,Jun,2023,0745,2,3003.5729166666665,0.8343258101851851,0.40000000000009095
2023_analysed,Exp_24_Jun_2023_0845_channel_0,True,False,24,Jun,2023,0845,0,3003.4791666666665,0.8342997685185185,35.19999999999797
2023_analysed,Exp_24_Jun_2023_0845_channel_1,True,False,24,Jun,2023,0845,1,3003.4791666666665,0.8342997685185185,38.799999999998136
2023_analysed,Exp_24_Jun_2023_0845_channel_2,True,False,24,Jun,2023,0845,2,3003.4791666666665,0.8342997685185185,0.0
2023_analysed,Exp_24_Jun_2023_0945_channel_0,True,False,24,Jun,2023,0945,0,3003.3854166666665,0.8342737268518519,23.200000000001523
2023_analysed,Exp_24_Jun_2023_0945_channel_1,True,False,24,Jun,2023,0945,1,3003.3854166666665,0.8342737268518519,105.99999999999991
2023_analysed,Exp_24_Jun_2023_0945_channel_2,True,False,24,Jun,2023,0945,2,3003.3854166666665,0.8342737268518519,0.40000000000009095
2023_analysed,Exp_24_Jun_2023_1045_channel_0,True,False,24,Jun,2023,1045,0,3003.5520833333335,0.8343200231481482,101.59999999999978
2023_analysed,Exp_24_Jun_2023_1045_channel_1,True,False,24,Jun,2023,1045,1,3003.5520833333335,0.8343200231481482,100.40000000000354
2023_analysed,Exp_24_Jun_2023_1045_channel_2,True,False,24,Jun,2023,1045,2,3003.5520833333335,0.8343200231481482,0.40000000000009095
2023_analysed,Exp_24_Jun_2023_1145_channel_0,True,False,24,Jun,2023,1145,0,3003.4479166666665,0.8342910879629629,71.19999999999823
2023_analysed,Exp_24_Jun_2023_1145_channel_1,True,False,24,Jun,2023,1145,1,3003.4479166666665,0.8342910879629629,144.39999999999992
2023_analysed,Exp_24_Jun_2023_1145_channel_2,True,False,24,Jun,2023,1145,2,3003.4479166666665,0.8342910879629629,0.0
2023_analysed,Exp_24_Jun_2023_1245_channel_0,True,False,24,Jun,2023,1245,0,3003.5,0.8343055555555555,77.19999999999962
2023_analysed,Exp_24_Jun_2023_1245_channel_1,True,False,24,Jun,2023,1245,1,3003.5,0.8343055555555555,44.79999999999958
2023_analysed,Exp_24_Jun_2023_1245_channel_2,True,False,24,Jun,2023,1245,2,3003.5,0.8343055555555555,0.0
2023_analysed,Exp_24_Jun_2023_1345_channel_0,True,False,24,Jun,2023,1345,0,3003.4270833333335,0.834285300925926,46.39999999999788
2023_analysed,Exp_24_Jun_2023_1345_channel_1,True,False,24,Jun,2023,1345,1,3003.4270833333335,0.834285300925926,159.59999999999928
2023_analysed,Exp_24_Jun_2023_1345_channel_2,True,False,24,Jun,2023,1345,2,3003.4270833333335,0.834285300925926,0.0
2023_analysed,Exp_24_Jun_2023_1445_channel_0,True,False,24,Jun,2023,1445,0,3003.59375,0.8343315972222223,103.19999999999997
2023_analysed,Exp_24_Jun_2023_1445_channel_1,True,False,24,Jun,2023,1445,1,3003.59375,0.8343315972222223,86.00000000000003
2023_analysed,Exp_24_Jun_2023_1445_channel_2,True,False,24,Jun,2023,1445,2,3003.59375,0.8343315972222223,0.0
2023_analysed,Exp_24_Jun_2023_1545_channel_0,True,False,24,Jun,2023,1545,0,3003.9895833333335,0.834441550925926,70.39999999999958
2023_analysed,Exp_24_Jun_2023_1545_channel_1,True,False,24,Jun,2023,1545,1,3003.9895833333335,0.834441550925926,165.59999999999968
2023_analysed,Exp_24_Jun_2023_1545_channel_2,True,False,24,Jun,2023,1545,2,3003.9895833333335,0.834441550925926,0.0
2023_analysed,Exp_24_Jun_2023_1645_channel_0,True,False,24,Jun,2023,1645,0,3003.4791666666665,0.8342997685185185,85.60000000000036
2023_analysed,Exp_24_Jun_2023_1645_channel_1,True,False,24,Jun,2023,1645,1,3003.4791666666665,0.8342997685185185,28.800000000000253
2023_analysed,Exp_24_Jun_2023_1645_channel_2,True,False,24,Jun,2023,1645,2,3003.4791666666665,0.8342997685185185,0.0
2023_analysed,Exp_24_Jun_2023_1745_channel_0,True,False,24,Jun,2023,1745,0,3003.6458333333335,0.8343460648148149,25.60000000000022
2023_analysed,Exp_24_Jun_2023_1745_channel_1,True,False,24,Jun,2023,1745,1,3003.6458333333335,0.8343460648148149,4.800000000000125
2023_analysed,Exp_24_Jun_2023_1745_channel_2,True,False,24,Jun,2023,1745,2,3003.6458333333335,0.8343460648148149,1.6000000000001364
2023_analysed,Exp_24_Mar_2023_0745_channel_0,True,False,24,Mar,2023,0745,0,3003.4375,0.8342881944444445,1.199999999999818
2023_analysed,Exp_24_Mar_2023_0745_channel_1,True,False,24,Mar,2023,0745,1,3003.4375,0.8342881944444445,0.0
2023_analysed,Exp_24_Mar_2023_0745_channel_2,True,False,24,Mar,2023,0745,2,3003.4375,0.8342881944444445,0.0
2023_analysed,Exp_24_Mar_2023_0845_channel_0,True,False,24,Mar,2023,0845,0,3003.4791666666665,0.8342997685185185,5.599999999999591
2023_analysed,Exp_24_Mar_2023_0845_channel_1,True,False,24,Mar,2023,0845,1,3003.4791666666665,0.8342997685185185,0.0
2023_analysed,Exp_24_Mar_2023_0845_channel_2,True,False,24,Mar,2023,0845,2,3003.4791666666665,0.8342997685185185,0.8000000000001819
2023_analysed,Exp_24_Mar_2023_0945_channel_0,True,False,24,Mar,2023,0945,0,3003.4895833333335,0.8343026620370371,29.19999999999999
2023_analysed,Exp_24_Mar_2023_0945_channel_1,True,False,24,Mar,2023,0945,1,3003.4895833333335,0.8343026620370371,0.3999999999996362
2023_analysed,Exp_24_Mar_2023_0945_channel_2,True,False,24,Mar,2023,0945,2,3003.4895833333335,0.8343026620370371,0.40000000000009095
2023_analysed,Exp_24_Mar_2023_1045_channel_0,True,False,24,Mar,2023,1045,0,3003.4375,0.8342881944444445,57.99999999999905
2023_analysed,Exp_24_Mar_2023_1045_channel_1,True,False,24,Mar,2023,1045,1,3003.4375,0.8342881944444445,7.599999999999909
2023_analysed,Exp_24_Mar_2023_1045_channel_2,True,False,24,Mar,2023,1045,2,3003.4375,0.8342881944444445,0.40000000000009095
2023_analysed,Exp_24_Mar_2023_1145_channel_0,True,False,24,Mar,2023,1145,0,3003.3854166666665,0.8342737268518519,101.59999999999829
2023_analysed,Exp_24_Mar_2023_1145_channel_1,True,False,24,Mar,2023,1145,1,3003.3854166666665,0.8342737268518519,120.8
2023_analysed,Exp_24_Mar_2023_1145_channel_2,True,False,24,Mar,2023,1145,2,3003.3854166666665,0.8342737268518519,0.0
2023_analysed,Exp_24_Mar_2023_1245_channel_0,True,False,24,Mar,2023,1245,0,3003.5,0.8343055555555555,57.99999999999902
2023_analysed,Exp_24_Mar_2023_1245_channel_1,True,False,24,Mar,2023,1245,1,3003.5,0.8343055555555555,0.40000000000009095
2023_analysed,Exp_24_Mar_2023_1245_channel_2,True,False,24,Mar,2023,1245,2,3003.5,0.8343055555555555,0.40000000000009095
2023_analysed,Exp_24_Mar_2023_1345_channel_0,True,False,24,Mar,2023,1345,0,3003.5833333333335,0.8343287037037037,65.20000000000032
2023_analysed,Exp_24_Mar_2023_1345_channel_1,True,False,24,Mar,2023,1345,1,3003.5833333333335,0.8343287037037037,0.0
2023_analysed,Exp_24_Mar_2023_1345_channel_2,True,False,24,Mar,2023,1345,2,3003.5833333333335,0.8343287037037037,0.0
2023_analysed,Exp_24_Mar_2023_1445_channel_0,True,False,24,Mar,2023,1445,0,3003.5729166666665,0.8343258101851851,78.00000000000054
2023_analysed,Exp_24_Mar_2023_1445_channel_1,True,False,24,Mar,2023,1445,1,3003.5729166666665,0.8343258101851851,0.3999999999996362
2023_analysed,Exp_24_Mar_2023_1445_channel_2,True,False,24,Mar,2023,1445,2,3003.5729166666665,0.8343258101851851,1.1999999999995907
2023_analysed,Exp_24_Mar_2023_1545_channel_0,True,False,24,Mar,2023,1545,0,3003.4375,0.8342881944444445,41.99999999999983
2023_analysed,Exp_24_Mar_2023_1545_channel_1,True,False,24,Mar,2023,1545,1,3003.4375,0.8342881944444445,0.8000000000001819
2023_analysed,Exp_24_Mar_2023_1545_channel_2,True,False,24,Mar,2023,1545,2,3003.4375,0.8342881944444445,0.8000000000001819
2023_analysed,Exp_24_Mar_2023_1645_channel_0,True,False,24,Mar,2023,1645,0,3003.7291666666665,0.834369212962963,8.000000000000824
2023_analysed,Exp_24_Mar_2023_1645_channel_1,True,False,24,Mar,2023,1645,1,3003.7291666666665,0.834369212962963,10.800000000000821
2023_analysed,Exp_24_Mar_2023_1645_channel_2,True,False,24,Mar,2023,1645,2,3003.7291666666665,0.834369212962963,7.999999999999858
2023_analysed,Exp_24_Mar_2023_1745_channel_0,True,False,24,Mar,2023,1745,0,3003.3854166666665,0.8342737268518519,5.2000000000011255
2023_analysed,Exp_24_Mar_2023_1745_channel_1,True,False,24,Mar,2023,1745,1,3003.3854166666665,0.8342737268518519,0.0
2023_analysed,Exp_24_Mar_2023_1745_channel_2,True,False,24,Mar,2023,1745,2,3003.3854166666665,0.8342737268518519,0.8000000000000682
2023_analysed,Exp_24_May_2023_0745_channel_0,True,False,24,May,2023,0745,0,3003.4791666666665,0.8342997685185185,3.5999999999999304
2023_analysed,Exp_24_May_2023_0745_channel_1,True,False,24,May,2023,0745,1,3003.4791666666665,0.8342997685185185,2.40000000000029
2023_analysed,Exp_24_May_2023_0745_channel_2,True,False,24,May,2023,0745,2,3003.4791666666665,0.8342997685185185,10.800000000000864
2023_analysed,Exp_24_May_2023_0845_channel_0,True,False,24,May,2023,0845,0,3003.5833333333335,0.8343287037037037,2.400000000000091
2023_analysed,Exp_24_May_2023_0845_channel_1,True,False,24,May,2023,0845,1,3003.5833333333335,0.8343287037037037,1.2000000000001592
2023_analysed,Exp_24_May_2023_0845_channel_2,True,False,24,May,2023,0845,2,3003.5833333333335,0.8343287037037037,0.3999999999998636
2023_analysed,Exp_24_May_2023_0945_channel_0,True,False,24,May,2023,0945,0,3003.5208333333335,0.8343113425925927,7.200000000000301
2023_analysed,Exp_24_May_2023_0945_channel_1,True,False,24,May,2023,0945,1,3003.5208333333335,0.8343113425925927,26.000000000000263
2023_analysed,Exp_24_May_2023_0945_channel_2,True,False,24,May,2023,0945,2,3003.5208333333335,0.8343113425925927,1.2000000000000455
2023_analysed,Exp_24_May_2023_1045_channel_0,True,False,24,May,2023,1045,0,3003.4375,0.8342881944444445,41.999999999999886
2023_analysed,Exp_24_May_2023_1045_channel_1,True,False,24,May,2023,1045,1,3003.4375,0.8342881944444445,28.000000000000014
2023_analysed,Exp_24_May_2023_1045_channel_2,True,False,24,May,2023,1045,2,3003.4375,0.8342881944444445,1.5999999999999375
2023_analysed,Exp_24_May_2023_1145_channel_0,True,False,24,May,2023,1145,0,3003.46875,0.834296875,51.99999999999823
2023_analysed,Exp_24_May_2023_1145_channel_1,True,False,24,May,2023,1145,1,3003.46875,0.834296875,130.39999999999927
2023_analysed,Exp_24_May_2023_1145_channel_2,True,False,24,May,2023,1145,2,3003.46875,0.834296875,0.0
2023_analysed,Exp_24_May_2023_1245_channel_0,True,False,24,May,2023,1245,0,3003.3333333333335,0.8342592592592593,3.5999999999994543
2023_analysed,Exp_24_May_2023_1245_channel_1,True,False,24,May,2023,1245,1,3003.3333333333335,0.8342592592592593,6.0
2023_analysed,Exp_24_May_2023_1245_channel_2,True,False,24,May,2023,1245,2,3003.3333333333335,0.8342592592592593,0.0
2023_analysed,Exp_24_May_2023_1345_channel_0,True,False,24,May,2023,1345,0,3004.1354166666665,0.8344820601851851,31.20000000000047
2023_analysed,Exp_24_May_2023_1345_channel_1,True,False,24,May,2023,1345,1,3004.1354166666665,0.8344820601851851,77.5999999999996
2023_analysed,Exp_24_May_2023_1345_channel_2,True,False,24,May,2023,1345,2,3004.1354166666665,0.8344820601851851,0.0
2023_analysed,Exp_24_May_2023_1445_channel_0,True,False,24,May,2023,1445,0,3003.625,0.8343402777777778,49.9999999999994
2023_analysed,Exp_24_May_2023_1445_channel_1,True,False,24,May,2023,1445,1,3003.625,0.8343402777777778,89.19999999999928
2023_analysed,Exp_24_May_2023_1445_channel_2,True,False,24,May,2023,1445,2,3003.625,0.8343402777777778,0.0
2023_analysed,Exp_24_May_2023_1545_channel_0,True,False,24,May,2023,1545,0,3003.5520833333335,0.8343200231481482,19.600000000000158
2023_analysed,Exp_24_May_2023_1545_channel_1,True,False,24,May,2023,1545,1,3003.5520833333335,0.8343200231481482,124.79999999999995
2023_analysed,Exp_24_May_2023_1545_channel_2,True,False,24,May,2023,1545,2,3003.5520833333335,0.8343200231481482,0.0
2023_analysed,Exp_24_May_2023_1645_channel_0,True,False,24,May,2023,1645,0,3003.46875,0.834296875,11.599999999997408
2023_analysed,Exp_24_May_2023_1645_channel_1,True,False,24,May,2023,1645,1,3003.46875,0.834296875,2.399999999999295
2023_analysed,Exp_24_May_2023_1645_channel_2,True,False,24,May,2023,1645,2,3003.46875,0.834296875,0.0
2023_analysed,Exp_24_May_2023_1745_channel_0,True,False,24,May,2023,1745,0,3003.65625,0.8343489583333333,8.800000000000296
2023_analysed,Exp_24_May_2023_1745_channel_1,True,False,24,May,2023,1745,1,3003.65625,0.8343489583333333,2.80000000000015
2023_analysed,Exp_24_May_2023_1745_channel_2,True,False,24,May,2023,1745,2,3003.65625,0.8343489583333333,0.0
2023_analysed,Exp_25_Apr_2023_0745_channel_0,True,False,25,Apr,2023,0745,0,3003.34375,0.8342621527777778,6.799999999999443
2023_analysed,Exp_25_Apr_2023_0745_channel_1,True,False,25,Apr,2023,0745,1,3003.34375,0.8342621527777778,3.1999999999993634
2023_analysed,Exp_25_Apr_2023_0745_channel_2,True,False,25,Apr,2023,0745,2,3003.34375,0.8342621527777778,1.199999999999477
2023_analysed,Exp_25_Apr_2023_0845_channel_0,True,False,25,Apr,2023,0845,0,3003.5416666666665,0.8343171296296296,8.399999999999238
2023_analysed,Exp_25_Apr_2023_0845_channel_1,True,False,25,Apr,2023,0845,1,3003.5416666666665,0.8343171296296296,3.199999999999875
2023_analysed,Exp_25_Apr_2023_0845_channel_2,True,False,25,Apr,2023,0845,2,3003.5416666666665,0.8343171296296296,3.599999999999909
2023_analysed,Exp_25_Apr_2023_0945_channel_0,True,False,25,Apr,2023,0945,0,3003.4583333333335,0.8342939814814815,12.399999999999991
2023_analysed,Exp_25_Apr_2023_0945_channel_1,True,False,25,Apr,2023,0945,1,3003.4583333333335,0.8342939814814815,43.2000000000003
2023_analysed,Exp_25_Apr_2023_0945_channel_2,True,False,25,Apr,2023,0945,2,3003.4583333333335,0.8342939814814815,7.600000000000108
2023_analysed,Exp_25_Apr_2023_1045_channel_0,True,False,25,Apr,2023,1045,0,3003.4791666666665,0.8342997685185185,7.600000000000385
2023_analysed,Exp_25_Apr_2023_1045_channel_1,True,False,25,Apr,2023,1045,1,3003.4791666666665,0.8342997685185185,1.6000000000000227
2023_analysed,Exp_25_Apr_2023_1045_channel_2,True,False,25,Apr,2023,1045,2,3003.4791666666665,0.8342997685185185,0.7999999999999545
2023_analysed,Exp_25_Apr_2023_1145_channel_0,True,False,25,Apr,2023,1145,0,3003.5833333333335,0.8343287037037037,8.000000000000416
2023_analysed,Exp_25_Apr_2023_1145_channel_1,True,False,25,Apr,2023,1145,1,3003.5833333333335,0.8343287037037037,36.40000000000024
2023_analysed,Exp_25_Apr_2023_1145_channel_2,True,False,25,Apr,2023,1145,2,3003.5833333333335,0.8343287037037037,0.0
2023_analysed,Exp_25_Apr_2023_1245_channel_0,True,False,25,Apr,2023,1245,0,3003.4583333333335,0.8342939814814815,8.7999999999993
2023_analysed,Exp_25_Apr_2023_1245_channel_1,True,False,25,Apr,2023,1245,1,3003.4583333333335,0.8342939814814815,4.400000000000006
2023_analysed,Exp_25_Apr_2023_1245_channel_2,True,False,25,Apr,2023,1245,2,3003.4583333333335,0.8342939814814815,0.0
2023_analysed,Exp_25_Apr_2023_1345_channel_0,True,False,25,Apr,2023,1345,0,3003.3229166666665,0.8342563657407407,17.59999999999898
2023_analysed,Exp_25_Apr_2023_1345_channel_1,True,False,25,Apr,2023,1345,1,3003.3229166666665,0.8342563657407407,88.800000000001
2023_analysed,Exp_25_Apr_2023_1345_channel_2,True,False,25,Apr,2023,1345,2,3003.3229166666665,0.8342563657407407,0.0
2023_analysed,Exp_25_Apr_2023_1445_channel_0,True,False,25,Apr,2023,1445,0,3003.46875,0.834296875,15.999999999999801
2023_analysed,Exp_25_Apr_2023_1445_channel_1,True,False,25,Apr,2023,1445,1,3003.46875,0.834296875,103.59999999999457
2023_analysed,Exp_25_Apr_2023_1445_channel_2,True,False,25,Apr,2023,1445,2,3003.46875,0.834296875,0.0
2023_analysed,Exp_25_Apr_2023_1545_channel_0,True,False,25,Apr,2023,1545,0,3003.3958333333335,0.8342766203703704,10.000000000000568
2023_analysed,Exp_25_Apr_2023_1545_channel_1,True,False,25,Apr,2023,1545,1,3003.3958333333335,0.8342766203703704,85.20000000000005
2023_analysed,Exp_25_Apr_2023_1545_channel_2,True,False,25,Apr,2023,1545,2,3003.3958333333335,0.8342766203703704,0.4000000000000057
2023_analysed,Exp_25_Apr_2023_1645_channel_0,True,False,25,Apr,2023,1645,0,3003.3958333333335,0.8342766203703704,10.39999999999921
2023_analysed,Exp_25_Apr_2023_1645_channel_1,True,False,25,Apr,2023,1645,1,3003.3958333333335,0.8342766203703704,2.7999999999999545
2023_analysed,Exp_25_Apr_2023_1645_channel_2,True,False,25,Apr,2023,1645,2,3003.3958333333335,0.8342766203703704,0.0
2023_analysed,Exp_25_Apr_2023_1745_channel_0,True,False,25,Apr,2023,1745,0,3003.375,0.8342708333333333,5.999999999999256
2023_analysed,Exp_25_Apr_2023_1745_channel_1,True,False,25,Apr,2023,1745,1,3003.375,0.8342708333333333,3.200000000000408
2023_analysed,Exp_25_Apr_2023_1745_channel_2,True,False,25,Apr,2023,1745,2,3003.375,0.8342708333333333,0.3999999999998636
2023_analysed,Exp_25_Dec_2023_1345_channel_0,True,False,25,Dec,2023,1345,0,3009.8958333333335,0.8360821759259259,18.399999999999835
2023_analysed,Exp_25_Dec_2023_1645_channel_0,True,False,25,Dec,2023,1645,0,3009.09375,0.835859375,3.9999999999998295
2023_analysed,Exp_25_Feb_2023_0845_channel_0,True,False,25,Feb,2023,0845,0,3003.6458333333335,0.8343460648148149,39.20000000000064
2023_analysed,Exp_25_Feb_2023_0845_channel_1,True,False,25,Feb,2023,0845,1,3003.6458333333335,0.8343460648148149,25.199999999998276
2023_analysed,Exp_25_Feb_2023_0945_channel_0,True,False,25,Feb,2023,0945,0,3003.5,0.8343055555555555,200.40000000000018
2023_analysed,Exp_25_Feb_2023_0945_channel_1,True,False,25,Feb,2023,0945,1,3003.5,0.8343055555555555,12.799999999999464
2023_analysed,Exp_25_Feb_2023_1145_channel_0,True,False,25,Feb,2023,1145,0,3003.6770833333335,0.8343547453703705,148.80000000000004
2023_analysed,Exp_25_Feb_2023_1145_channel_1,True,False,25,Feb,2023,1145,1,3003.6770833333335,0.8343547453703705,14.799999999999741
2023_analysed,Exp_25_Feb_2023_1245_channel_0,True,False,25,Feb,2023,1245,0,3003.6458333333335,0.8343460648148149,190.79999999999893
2023_analysed,Exp_25_Feb_2023_1245_channel_1,True,False,25,Feb,2023,1245,1,3003.6458333333335,0.8343460648148149,102.00000000001182
2023_analysed,Exp_25_Feb_2023_1345_channel_0,True,False,25,Feb,2023,1345,0,3003.8541666666665,0.8344039351851852,194.40000000000114
2023_analysed,Exp_25_Feb_2023_1345_channel_1,True,False,25,Feb,2023,1345,1,3003.8541666666665,0.8344039351851852,3.600000000000392
2023_analysed,Exp_25_Feb_2023_1445_channel_0,True,False,25,Feb,2023,1445,0,3003.65625,0.8343489583333333,93.19999999999922
2023_analysed,Exp_25_Feb_2023_1445_channel_1,True,False,25,Feb,2023,1445,1,3003.65625,0.8343489583333333,46.79999999999813
2023_analysed,Exp_25_Feb_2023_1545_channel_0,True,False,25,Feb,2023,1545,0,3003.7395833333335,0.8343721064814815,253.60000000000002
2023_analysed,Exp_25_Feb_2023_1545_channel_1,True,False,25,Feb,2023,1545,1,3003.7395833333335,0.8343721064814815,13.600000000000069
2023_analysed,Exp_25_Jun_2023_0745_channel_0,True,False,25,Jun,2023,0745,0,3003.4583333333335,0.8342939814814815,3.199999999999477
2023_analysed,Exp_25_Jun_2023_0745_channel_1,True,False,25,Jun,2023,0745,1,3003.4583333333335,0.8342939814814815,2.799999999999983
2023_analysed,Exp_25_Jun_2023_0745_channel_2,True,False,25,Jun,2023,0745,2,3003.4583333333335,0.8342939814814815,0.0
2023_analysed,Exp_25_Jun_2023_0845_channel_0,True,False,25,Jun,2023,0845,0,3003.5520833333335,0.8343200231481482,19.200000000000202
2023_analysed,Exp_25_Jun_2023_0845_channel_1,True,False,25,Jun,2023,0845,1,3003.5520833333335,0.8343200231481482,10.400000000000205
2023_analysed,Exp_25_Jun_2023_0845_channel_2,True,False,25,Jun,2023,0845,2,3003.5520833333335,0.8343200231481482,0.39999999999997726
2023_analysed,Exp_25_Jun_2023_0945_channel_0,True,False,25,Jun,2023,0945,0,3003.4270833333335,0.834285300925926,25.59999999999934
2023_analysed,Exp_25_Jun_2023_0945_channel_1,True,False,25,Jun,2023,0945,1,3003.4270833333335,0.834285300925926,50.000000000001265
2023_analysed,Exp_25_Jun_2023_0945_channel_2,True,False,25,Jun,2023,0945,2,3003.4270833333335,0.834285300925926,0.0
2023_analysed,Exp_25_Jun_2023_1045_channel_0,True,False,25,Jun,2023,1045,0,3003.4895833333335,0.8343026620370371,34.00000000000255
2023_analysed,Exp_25_Jun_2023_1045_channel_1,True,False,25,Jun,2023,1045,1,3003.4895833333335,0.8343026620370371,50.40000000000009
2023_analysed,Exp_25_Jun_2023_1045_channel_2,True,False,25,Jun,2023,1045,2,3003.4895833333335,0.8343026620370371,0.0
2023_analysed,Exp_25_Jun_2023_1145_channel_0,True,False,25,Jun,2023,1145,0,3003.7291666666665,0.834369212962963,57.60000000000113
2023_analysed,Exp_25_Jun_2023_1145_channel_1,True,False,25,Jun,2023,1145,1,3003.7291666666665,0.834369212962963,101.19999999999949
2023_analysed,Exp_25_Jun_2023_1145_channel_2,True,False,25,Jun,2023,1145,2,3003.7291666666665,0.834369212962963,0.0
2023_analysed,Exp_25_Jun_2023_1245_channel_0,True,False,25,Jun,2023,1245,0,3003.4375,0.8342881944444445,23.60000000000096
2023_analysed,Exp_25_Jun_2023_1245_channel_1,True,False,25,Jun,2023,1245,1,3003.4375,0.8342881944444445,6.800000000000807
2023_analysed,Exp_25_Jun_2023_1245_channel_2,True,False,25,Jun,2023,1245,2,3003.4375,0.8342881944444445,0.3999999999996362
2023_analysed,Exp_25_Jun_2023_1345_channel_0,True,False,25,Jun,2023,1345,0,3003.4479166666665,0.8342910879629629,47.59999999999997
2023_analysed,Exp_25_Jun_2023_1345_channel_1,True,False,25,Jun,2023,1345,1,3003.4479166666665,0.8342910879629629,116.0000000000005
2023_analysed,Exp_25_Jun_2023_1345_channel_2,True,False,25,Jun,2023,1345,2,3003.4479166666665,0.8342910879629629,0.7999999999999545
2023_analysed,Exp_25_Jun_2023_1445_channel_0,True,False,25,Jun,2023,1445,0,3003.59375,0.8343315972222223,30.800000000001056
2023_analysed,Exp_25_Jun_2023_1445_channel_1,True,False,25,Jun,2023,1445,1,3003.59375,0.8343315972222223,84.00000000000148
2023_analysed,Exp_25_Jun_2023_1445_channel_2,True,False,25,Jun,2023,1445,2,3003.59375,0.8343315972222223,0.0
2023_analysed,Exp_25_Jun_2023_1545_channel_0,True,False,25,Jun,2023,1545,0,3003.4895833333335,0.8343026620370371,19.200000000001367
2023_analysed,Exp_25_Jun_2023_1545_channel_1,True,False,25,Jun,2023,1545,1,3003.4895833333335,0.8343026620370371,89.6000000000007
2023_analysed,Exp_25_Jun_2023_1545_channel_2,True,False,25,Jun,2023,1545,2,3003.4895833333335,0.8343026620370371,0.0
2023_analysed,Exp_25_Jun_2023_1645_channel_0,True,False,25,Jun,2023,1645,0,3003.3958333333335,0.8342766203703704,12.79999999999989
2023_analysed,Exp_25_Jun_2023_1645_channel_1,True,False,25,Jun,2023,1645,1,3003.3958333333335,0.8342766203703704,1.2000000000000455
2023_analysed,Exp_25_Jun_2023_1645_channel_2,True,False,25,Jun,2023,1645,2,3003.3958333333335,0.8342766203703704,0.3999999999998636
2023_analysed,Exp_25_Jun_2023_1745_channel_0,True,False,25,Jun,2023,1745,0,3003.46875,0.834296875,9.599999999999909
2023_analysed,Exp_25_Jun_2023_1745_channel_1,True,False,25,Jun,2023,1745,1,3003.46875,0.834296875,2.000000000000057
2023_analysed,Exp_25_Jun_2023_1745_channel_2,True,False,25,Jun,2023,1745,2,3003.46875,0.834296875,0.0
2023_analysed,Exp_25_Mar_2023_0745_channel_0,True,False,25,Mar,2023,0745,0,3003.3854166666665,0.8342737268518519,0.40000000000009095
2023_analysed,Exp_25_Mar_2023_0745_channel_1,True,False,25,Mar,2023,0745,1,3003.3854166666665,0.8342737268518519,53.20000000000243
2023_analysed,Exp_25_Mar_2023_0745_channel_2,True,False,25,Mar,2023,0745,2,3003.3854166666665,0.8342737268518519,65.1999999999993
2023_analysed,Exp_25_Mar_2023_0845_channel_0,True,False,25,Mar,2023,0845,0,3003.40625,0.8342795138888889,2.399999999999636
2023_analysed,Exp_25_Mar_2023_0845_channel_1,True,False,25,Mar,2023,0845,1,3003.40625,0.8342795138888889,38.800000000000765
2023_analysed,Exp_25_Mar_2023_0845_channel_2,True,False,25,Mar,2023,0845,2,3003.40625,0.8342795138888889,37.999999999999226
2023_analysed,Exp_25_Mar_2023_0945_channel_0,True,False,25,Mar,2023,0945,0,3003.8020833333335,0.8343894675925926,34.80000000000169
2023_analysed,Exp_25_Mar_2023_0945_channel_1,True,False,25,Mar,2023,0945,1,3003.8020833333335,0.8343894675925926,3.200000000000358
2023_analysed,Exp_25_Mar_2023_0945_channel_2,True,False,25,Mar,2023,0945,2,3003.8020833333335,0.8343894675925926,3.999999999999737
2023_analysed,Exp_25_Mar_2023_1045_channel_0,True,False,25,Mar,2023,1045,0,3003.5520833333335,0.8343200231481482,31.599999999999795
2023_analysed,Exp_25_Mar_2023_1045_channel_1,True,False,25,Mar,2023,1045,1,3003.5520833333335,0.8343200231481482,2.8000000000004093
2023_analysed,Exp_25_Mar_2023_1045_channel_2,True,False,25,Mar,2023,1045,2,3003.5520833333335,0.8343200231481482,0.8000000000001819
2023_analysed,Exp_25_Mar_2023_1145_channel_0,True,False,25,Mar,2023,1145,0,3003.5,0.8343055555555555,20.799999999999976
2023_analysed,Exp_25_Mar_2023_1145_channel_1,True,False,25,Mar,2023,1145,1,3003.5,0.8343055555555555,3.5999999999989853
2023_analysed,Exp_25_Mar_2023_1145_channel_2,True,False,25,Mar,2023,1145,2,3003.5,0.8343055555555555,0.7999999999997272
2023_analysed,Exp_25_Mar_2023_1245_channel_0,True,False,25,Mar,2023,1245,0,3003.6875,0.8343576388888889,53.19999999999944
2023_analysed,Exp_25_Mar_2023_1245_channel_1,True,False,25,Mar,2023,1245,1,3003.6875,0.8343576388888889,1.6000000000002501
2023_analysed,Exp_25_Mar_2023_1245_channel_2,True,False,25,Mar,2023,1245,2,3003.6875,0.8343576388888889,2.0000000000002274
2023_analysed,Exp_25_Mar_2023_1345_channel_0,True,False,25,Mar,2023,1345,0,3003.4895833333335,0.8343026620370371,29.600000000000755
2023_analysed,Exp_25_Mar_2023_1345_channel_1,True,False,25,Mar,2023,1345,1,3003.4895833333335,0.8343026620370371,3.200000000000614
2023_analysed,Exp_25_Mar_2023_1345_channel_2,True,False,25,Mar,2023,1345,2,3003.4895833333335,0.8343026620370371,2.000000000000398
2023_analysed,Exp_25_Mar_2023_1445_channel_0,True,False,25,Mar,2023,1445,0,3003.4270833333335,0.834285300925926,40.39999999999887
2023_analysed,Exp_25_Mar_2023_1445_channel_1,True,False,25,Mar,2023,1445,1,3003.4270833333335,0.834285300925926,2.4000000000001407
2023_analysed,Exp_25_Mar_2023_1445_channel_2,True,False,25,Mar,2023,1445,2,3003.4270833333335,0.834285300925926,0.8000000000001819
2023_analysed,Exp_25_Mar_2023_1545_channel_0,True,False,25,Mar,2023,1545,0,3003.4375,0.8342881944444445,5.20000000000039
2023_analysed,Exp_25_Mar_2023_1545_channel_1,True,False,25,Mar,2023,1545,1,3003.4375,0.8342881944444445,1.2000000000000455
2023_analysed,Exp_25_Mar_2023_1545_channel_2,True,False,25,Mar,2023,1545,2,3003.4375,0.8342881944444445,2.000000000000284
2023_analysed,Exp_25_Mar_2023_1645_channel_0,True,False,25,Mar,2023,1645,0,3003.6145833333335,0.8343373842592593,1.9999999999997726
2023_analysed,Exp_25_Mar_2023_1645_channel_1,True,False,25,Mar,2023,1645,1,3003.6145833333335,0.8343373842592593,5.19999999999925
2023_analysed,Exp_25_Mar_2023_1645_channel_2,True,False,25,Mar,2023,1645,2,3003.6145833333335,0.8343373842592593,8.799999999999415
2023_analysed,Exp_25_May_2023_0745_channel_0,True,False,25,May,2023,0745,0,3003.3958333333335,0.8342766203703704,1.199999999999818
2023_analysed,Exp_25_May_2023_0745_channel_1,True,False,25,May,2023,0745,1,3003.3958333333335,0.8342766203703704,1.9999999999998863
2023_analysed,Exp_25_May_2023_0745_channel_2,True,False,25,May,2023,0745,2,3003.3958333333335,0.8342766203703704,0.8000000000000966
2023_analysed,Exp_25_May_2023_0845_channel_0,True,False,25,May,2023,0845,0,3003.4583333333335,0.8342939814814815,8.000000000000341
2023_analysed,Exp_25_May_2023_0845_channel_1,True,False,25,May,2023,0845,1,3003.4583333333335,0.8342939814814815,13.20000000000033
2023_analysed,Exp_25_May_2023_0845_channel_2,True,False,25,May,2023,0845,2,3003.4583333333335,0.8342939814814815,8.800000000000573
2023_analysed,Exp_25_May_2023_0945_channel_0,True,False,25,May,2023,0945,0,3003.5625,0.8343229166666667,78.40000000000029
2023_analysed,Exp_25_May_2023_0945_channel_1,True,False,25,May,2023,0945,1,3003.5625,0.8343229166666667,109.60000000000127
2023_analysed,Exp_25_May_2023_0945_channel_2,True,False,25,May,2023,0945,2,3003.5625,0.8343229166666667,9.600000000000136
2023_analysed,Exp_25_May_2023_1045_channel_0,True,False,25,May,2023,1045,0,3003.4583333333335,0.8342939814814815,49.20000000000016
2023_analysed,Exp_25_May_2023_1045_channel_1,True,False,25,May,2023,1045,1,3003.4583333333335,0.8342939814814815,29.99999999999966
2023_analysed,Exp_25_May_2023_1045_channel_2,True,False,25,May,2023,1045,2,3003.4583333333335,0.8342939814814815,7.600000000000364
2023_analysed,Exp_25_May_2023_1145_channel_0,True,False,25,May,2023,1145,0,3003.46875,0.834296875,118.0000000000001
2023_analysed,Exp_25_May_2023_1145_channel_1,True,False,25,May,2023,1145,1,3003.46875,0.834296875,188.40000000000003
2023_analysed,Exp_25_May_2023_1145_channel_2,True,False,25,May,2023,1145,2,3003.46875,0.834296875,0.0
2023_analysed,Exp_25_May_2023_1245_channel_0,True,False,25,May,2023,1245,0,3003.4375,0.8342881944444445,142.80000000000044
2023_analysed,Exp_25_May_2023_1245_channel_1,True,False,25,May,2023,1245,1,3003.4375,0.8342881944444445,77.1999999999999
2023_analysed,Exp_25_May_2023_1245_channel_2,True,False,25,May,2023,1245,2,3003.4375,0.8342881944444445,0.0
2023_analysed,Exp_25_May_2023_1345_channel_0,True,False,25,May,2023,1345,0,3003.4479166666665,0.8342910879629629,83.59999999999772
2023_analysed,Exp_25_May_2023_1345_channel_1,True,False,25,May,2023,1345,1,3003.4479166666665,0.8342910879629629,251.19999999999376
2023_analysed,Exp_25_May_2023_1345_channel_2,True,False,25,May,2023,1345,2,3003.4479166666665,0.8342910879629629,0.0
2023_analysed,Exp_25_May_2023_1445_channel_0,True,False,25,May,2023,1445,0,3003.65625,0.8343489583333333,158.8000000000025
2023_analysed,Exp_25_May_2023_1445_channel_1,True,False,25,May,2023,1445,1,3003.65625,0.8343489583333333,137.20000000000368
2023_analysed,Exp_25_May_2023_1445_channel_2,True,False,25,May,2023,1445,2,3003.65625,0.8343489583333333,0.0
2023_analysed,Exp_25_May_2023_1545_channel_0,True,False,25,May,2023,1545,0,3003.7604166666665,0.8343778935185184,106.40000000000026
2023_analysed,Exp_25_May_2023_1545_channel_1,True,False,25,May,2023,1545,1,3003.7604166666665,0.8343778935185184,196.00000000000185
2023_analysed,Exp_25_May_2023_1545_channel_2,True,False,25,May,2023,1545,2,3003.7604166666665,0.8343778935185184,0.0
2023_analysed,Exp_25_May_2023_1645_channel_0,True,False,25,May,2023,1645,0,3003.46875,0.834296875,25.200000000001154
2023_analysed,Exp_25_May_2023_1645_channel_1,True,False,25,May,2023,1645,1,3003.46875,0.834296875,10.800000000000853
2023_analysed,Exp_25_May_2023_1645_channel_2,True,False,25,May,2023,1645,2,3003.46875,0.834296875,0.0
2023_analysed,Exp_25_May_2023_1745_channel_0,True,False,25,May,2023,1745,0,3003.59375,0.8343315972222223,10.400000000000116
2023_analysed,Exp_25_May_2023_1745_channel_1,True,False,25,May,2023,1745,1,3003.59375,0.8343315972222223,4.000000000000341
2023_analysed,Exp_25_May_2023_1745_channel_2,True,False,25,May,2023,1745,2,3003.59375,0.8343315972222223,0.0
2023_analysed,Exp_25_Oct_2023_0945_channel_0,True,False,25,Oct,2023,0945,0,3010.5104166666665,0.8362528935185185,0.7999999999999545
2023_analysed,Exp_25_Oct_2023_0945_channel_1,True,False,25,Oct,2023,0945,1,3010.5104166666665,0.8362528935185185,82.39999999999912
2023_analysed,Exp_26_Apr_2023_0745_channel_0,True,False,26,Apr,2023,0745,0,3003.8958333333335,0.8344155092592593,1.6000000000001364
2023_analysed,Exp_26_Apr_2023_0745_channel_1,True,False,26,Apr,2023,0745,1,3003.8958333333335,0.8344155092592593,0.7999999999999545
2023_analysed,Exp_26_Apr_2023_0745_channel_2,True,False,26,Apr,2023,0745,2,3003.8958333333335,0.8344155092592593,6.7999999999996135
2023_analysed,Exp_26_Apr_2023_0845_channel_0,True,False,26,Apr,2023,0845,0,3003.625,0.8343402777777778,5.599999999999852
2023_analysed,Exp_26_Apr_2023_0845_channel_1,True,False,26,Apr,2023,0845,1,3003.625,0.8343402777777778,3.9999999999995453
2023_analysed,Exp_26_Apr_2023_0845_channel_2,True,False,26,Apr,2023,0845,2,3003.625,0.8343402777777778,0.39999999999997726
2023_analysed,Exp_26_Apr_2023_0945_channel_0,True,False,26,Apr,2023,0945,0,3003.40625,0.8342795138888889,51.19999999999976
2023_analysed,Exp_26_Apr_2023_0945_channel_1,True,False,26,Apr,2023,0945,1,3003.40625,0.8342795138888889,128.40000000000072
2023_analysed,Exp_26_Apr_2023_0945_channel_2,True,False,26,Apr,2023,0945,2,3003.40625,0.8342795138888889,0.0
2023_analysed,Exp_26_Apr_2023_1045_channel_0,True,False,26,Apr,2023,1045,0,3003.8541666666665,0.8344039351851852,16.39999999999926
2023_analysed,Exp_26_Apr_2023_1045_channel_1,True,False,26,Apr,2023,1045,1,3003.8541666666665,0.8344039351851852,13.199999999998994
2023_analysed,Exp_26_Apr_2023_1045_channel_2,True,False,26,Apr,2023,1045,2,3003.8541666666665,0.8344039351851852,0.0
2023_analysed,Exp_26_Apr_2023_1145_channel_0,True,False,26,Apr,2023,1145,0,3003.6875,0.8343576388888889,39.999999999999176
2023_analysed,Exp_26_Apr_2023_1145_channel_1,True,False,26,Apr,2023,1145,1,3003.6875,0.8343576388888889,66.00000000000146
2023_analysed,Exp_26_Apr_2023_1145_channel_2,True,False,26,Apr,2023,1145,2,3003.6875,0.8343576388888889,0.0
2023_analysed,Exp_26_Apr_2023_1245_channel_0,True,False,26,Apr,2023,1245,0,3003.65625,0.8343489583333333,97.59999999999738
2023_analysed,Exp_26_Apr_2023_1245_channel_1,True,False,26,Apr,2023,1245,1,3003.65625,0.8343489583333333,83.99999999999844
2023_analysed,Exp_26_Apr_2023_1245_channel_2,True,False,26,Apr,2023,1245,2,3003.65625,0.8343489583333333,0.0
2023_analysed,Exp_26_Apr_2023_1345_channel_0,True,False,26,Apr,2023,1345,0,3003.46875,0.834296875,62.00000000000015
2023_analysed,Exp_26_Apr_2023_1345_channel_1,True,False,26,Apr,2023,1345,1,3003.46875,0.834296875,164.39999999999839
2023_analysed,Exp_26_Apr_2023_1345_channel_2,True,False,26,Apr,2023,1345,2,3003.46875,0.834296875,0.0
2023_analysed,Exp_26_Apr_2023_1445_channel_0,True,False,26,Apr,2023,1445,0,3003.5208333333335,0.8343113425925927,63.199999999999605
2023_analysed,Exp_26_Apr_2023_1445_channel_1,True,False,26,Apr,2023,1445,1,3003.5208333333335,0.8343113425925927,60.799999999998256
2023_analysed,Exp_26_Apr_2023_1445_channel_2,True,False,26,Apr,2023,1445,2,3003.5208333333335,0.8343113425925927,0.0
2023_analysed,Exp_26_Apr_2023_1545_channel_0,True,False,26,Apr,2023,1545,0,3003.3020833333335,0.8342505787037038,56.79999999999991
2023_analysed,Exp_26_Apr_2023_1545_channel_1,True,False,26,Apr,2023,1545,1,3003.3020833333335,0.8342505787037038,178.39999999999972
2023_analysed,Exp_26_Apr_2023_1545_channel_2,True,False,26,Apr,2023,1545,2,3003.3020833333335,0.8342505787037038,0.0
2023_analysed,Exp_26_Apr_2023_1645_channel_0,True,False,26,Apr,2023,1645,0,3003.46875,0.834296875,36.00000000000039
2023_analysed,Exp_26_Apr_2023_1645_channel_1,True,False,26,Apr,2023,1645,1,3003.46875,0.834296875,10.400000000000091
2023_analysed,Exp_26_Apr_2023_1645_channel_2,True,False,26,Apr,2023,1645,2,3003.46875,0.834296875,0.40000000000009095
2023_analysed,Exp_26_Apr_2023_1745_channel_0,True,False,26,Apr,2023,1745,0,3003.4270833333335,0.834285300925926,16.79999999999935
2023_analysed,Exp_26_Apr_2023_1745_channel_1,True,False,26,Apr,2023,1745,1,3003.4270833333335,0.834285300925926,14.400000000001022
2023_analysed,Exp_26_Apr_2023_1745_channel_2,True,False,26,Apr,2023,1745,2,3003.4270833333335,0.834285300925926,0.3999999999998636
2023_analysed,Exp_26_Feb_2023_0745_channel_0,True,False,26,Feb,2023,0745,0,3003.5,0.8343055555555555,23.200000000000358
2023_analysed,Exp_26_Feb_2023_0745_channel_1,True,False,26,Feb,2023,0745,1,3003.5,0.8343055555555555,3.6000000000001364
2023_analysed,Exp_26_Feb_2023_0845_channel_0,True,False,26,Feb,2023,0845,0,3004.0625,0.8344618055555556,2.800000000000068
2023_analysed,Exp_26_Feb_2023_0845_channel_1,True,False,26,Feb,2023,0845,1,3004.0625,0.8344618055555556,2.400000000000233
2023_analysed,Exp_26_Feb_2023_0945_channel_0,True,False,26,Feb,2023,0945,0,3003.5625,0.8343229166666667,104.40000000000018
2023_analysed,Exp_26_Feb_2023_0945_channel_1,True,False,26,Feb,2023,0945,1,3003.5625,0.8343229166666667,7.600000000000534
2023_analysed,Exp_26_Feb_2023_1100_channel_0,True,False,26,Feb,2023,1100,0,3003.5,0.8343055555555555,327.59999999999746
2023_analysed,Exp_26_Feb_2023_1100_channel_1,True,False,26,Feb,2023,1100,1,3003.5,0.8343055555555555,51.20000000000027
2023_analysed,Exp_26_Feb_2023_1145_channel_0,True,False,26,Feb,2023,1145,0,0.0,0.0,0.0
2023_analysed,Exp_26_Feb_2023_1145_channel_1,True,False,26,Feb,2023,1145,1,0.0,0.0,0.0
2023_analysed,Exp_26_Feb_2023_1245_channel_0,True,False,26,Feb,2023,1245,0,3003.3854166666665,0.8342737268518519,32.8000000000012
2023_analysed,Exp_26_Feb_2023_1245_channel_1,True,False,26,Feb,2023,1245,1,3003.3854166666665,0.8342737268518519,3.200000000000067
2023_analysed,Exp_26_Feb_2023_1345_channel_0,True,False,26,Feb,2023,1345,0,3003.46875,0.834296875,138.3999999999977
2023_analysed,Exp_26_Feb_2023_1345_channel_1,True,False,26,Feb,2023,1345,1,3003.46875,0.834296875,59.59999999999946
2023_analysed,Exp_26_Feb_2023_1445_channel_0,True,False,26,Feb,2023,1445,0,3003.6666666666665,0.8343518518518518,291.60000000000355
2023_analysed,Exp_26_Feb_2023_1445_channel_1,True,False,26,Feb,2023,1445,1,3003.6666666666665,0.8343518518518518,122.40000000000055
2023_analysed,Exp_26_Feb_2023_1545_channel_0,True,False,26,Feb,2023,1545,0,3003.6875,0.8343576388888889,63.20000000000045
2023_analysed,Exp_26_Feb_2023_1545_channel_1,True,False,26,Feb,2023,1545,1,3003.6875,0.8343576388888889,17.999999999999883
2023_analysed,Exp_26_Feb_2023_1745_channel_0,True,False,26,Feb,2023,1745,0,3003.4895833333335,0.8343026620370371,0.4000000000000341
2023_analysed,Exp_26_Feb_2023_1745_channel_1,True,False,26,Feb,2023,1745,1,3003.4895833333335,0.8343026620370371,0.40000000000009095
2023_analysed,Exp_26_Jul_2023_1345_channel_1,True,False,26,Jul,2023,1345,1,3011.4895833333335,0.8365248842592593,155.20000000000073
2023_analysed,Exp_26_Jun_2023_0745_channel_0,True,False,26,Jun,2023,0745,0,3003.5625,0.8343229166666667,13.599999999999682
2023_analysed,Exp_26_Jun_2023_0745_channel_1,True,False,26,Jun,2023,0745,1,3003.5625,0.8343229166666667,7.19999999999925
2023_analysed,Exp_26_Jun_2023_0845_channel_0,True,False,26,Jun,2023,0845,0,3003.4479166666665,0.8342910879629629,37.99999999999852
2023_analysed,Exp_26_Jun_2023_0845_channel_1,True,False,26,Jun,2023,0845,1,3003.4479166666665,0.8342910879629629,39.19999999999959
2023_analysed,Exp_26_Jun_2023_0945_channel_0,True,False,26,Jun,2023,0945,0,3003.4479166666665,0.8342910879629629,28.80000000000141
2023_analysed,Exp_26_Jun_2023_0945_channel_1,True,False,26,Jun,2023,0945,1,3003.4479166666665,0.8342910879629629,108.39999999999978
2023_analysed,Exp_26_Jun_2023_1045_channel_0,True,False,26,Jun,2023,1045,0,3003.65625,0.8343489583333333,51.99999999999935
2023_analysed,Exp_26_Jun_2023_1045_channel_1,True,False,26,Jun,2023,1045,1,3003.65625,0.8343489583333333,30.400000000001356
2023_analysed,Exp_26_Jun_2023_1145_channel_0,True,False,26,Jun,2023,1145,0,3003.375,0.8342708333333333,105.99999999999892
2023_analysed,Exp_26_Jun_2023_1145_channel_1,True,False,26,Jun,2023,1145,1,3003.375,0.8342708333333333,187.6000000000009
2023_analysed,Exp_26_Jun_2023_1245_channel_0,True,False,26,Jun,2023,1245,0,3003.53125,0.8343142361111111,79.20000000000248
2023_analysed,Exp_26_Jun_2023_1245_channel_1,True,False,26,Jun,2023,1245,1,3003.53125,0.8343142361111111,38.40000000000123
2023_analysed,Exp_26_Jun_2023_1345_channel_0,True,False,26,Jun,2023,1345,0,3003.6145833333335,0.8343373842592593,169.20000000000215
2023_analysed,Exp_26_Jun_2023_1345_channel_1,True,False,26,Jun,2023,1345,1,3003.6145833333335,0.8343373842592593,233.19999999999789
2023_analysed,Exp_26_Jun_2023_1445_channel_0,True,False,26,Jun,2023,1445,0,3003.34375,0.8342621527777778,156.7999999999988
2023_analysed,Exp_26_Jun_2023_1445_channel_1,True,False,26,Jun,2023,1445,1,3003.34375,0.8342621527777778,202.00000000000279
2023_analysed,Exp_26_Jun_2023_1545_channel_0,True,False,26,Jun,2023,1545,0,3003.3854166666665,0.8342737268518519,107.1999999999997
2023_analysed,Exp_26_Jun_2023_1545_channel_1,True,False,26,Jun,2023,1545,1,3003.3854166666665,0.8342737268518519,178.80000000000229
2023_analysed,Exp_26_Jun_2023_1645_channel_0,True,False,26,Jun,2023,1645,0,3003.3958333333335,0.8342766203703704,42.399999999998805
2023_analysed,Exp_26_Jun_2023_1645_channel_1,True,False,26,Jun,2023,1645,1,3003.3958333333335,0.8342766203703704,10.000000000000114
2023_analysed,Exp_26_Jun_2023_1745_channel_0,True,False,26,Jun,2023,1745,0,3003.34375,0.8342621527777778,31.199999999998305
2023_analysed,Exp_26_Jun_2023_1745_channel_1,True,False,26,Jun,2023,1745,1,3003.34375,0.8342621527777778,3.9999999999996305
2023_analysed,Exp_26_May_2023_0745_channel_0,True,False,26,May,2023,0745,0,3003.6145833333335,0.8343373842592593,2.3999999999999773
2023_analysed,Exp_26_May_2023_0745_channel_1,True,False,26,May,2023,0745,1,3003.6145833333335,0.8343373842592593,2.8000000000002956
2023_analysed,Exp_26_May_2023_0745_channel_2,True,False,26,May,2023,0745,2,3003.6145833333335,0.8343373842592593,1.5999999999999943
2023_analysed,Exp_26_May_2023_0845_channel_0,True,False,26,May,2023,0845,0,3003.5729166666665,0.8343258101851851,15.599999999998545
2023_analysed,Exp_26_May_2023_0845_channel_1,True,False,26,May,2023,0845,1,3003.5729166666665,0.8343258101851851,26.399999999998272
2023_analysed,Exp_26_May_2023_0845_channel_2,True,False,26,May,2023,0845,2,3003.5729166666665,0.8343258101851851,0.0
2023_analysed,Exp_26_May_2023_0945_channel_0,True,False,26,May,2023,0945,0,3003.5520833333335,0.8343200231481482,70.80000000000146
2023_analysed,Exp_26_May_2023_0945_channel_1,True,False,26,May,2023,0945,1,3003.5520833333335,0.8343200231481482,153.6000000000011
2023_analysed,Exp_26_May_2023_0945_channel_2,True,False,26,May,2023,0945,2,3003.5520833333335,0.8343200231481482,0.0
2023_analysed,Exp_26_May_2023_1045_channel_0,True,False,26,May,2023,1045,0,3003.4479166666665,0.8342910879629629,37.20000000000002
2023_analysed,Exp_26_May_2023_1045_channel_1,True,False,26,May,2023,1045,1,3003.4479166666665,0.8342910879629629,21.999999999999403
2023_analysed,Exp_26_May_2023_1045_channel_2,True,False,26,May,2023,1045,2,3003.4479166666665,0.8342910879629629,0.39999999999997726
2023_analysed,Exp_26_May_2023_1145_channel_0,True,False,26,May,2023,1145,0,3003.3854166666665,0.8342737268518519,88.00000000000031
2023_analysed,Exp_26_May_2023_1145_channel_1,True,False,26,May,2023,1145,1,3003.3854166666665,0.8342737268518519,209.60000000000198
2023_analysed,Exp_26_May_2023_1145_channel_2,True,False,26,May,2023,1145,2,3003.3854166666665,0.8342737268518519,0.0
2023_analysed,Exp_26_May_2023_1245_channel_0,True,False,26,May,2023,1245,0,3003.5208333333335,0.8343113425925927,54.800000000001994
2023_analysed,Exp_26_May_2023_1245_channel_1,True,False,26,May,2023,1245,1,3003.5208333333335,0.8343113425925927,18.400000000001143
2023_analysed,Exp_26_May_2023_1245_channel_2,True,False,26,May,2023,1245,2,3003.5208333333335,0.8343113425925927,0.8000000000001819
2023_analysed,Exp_26_May_2023_1345_channel_0,True,False,26,May,2023,1345,0,3003.6354166666665,0.8343431712962962,89.2000000000009
2023_analysed,Exp_26_May_2023_1345_channel_1,True,False,26,May,2023,1345,1,3003.6354166666665,0.8343431712962962,212.40000000000003
2023_analysed,Exp_26_May_2023_1345_channel_2,True,False,26,May,2023,1345,2,3003.6354166666665,0.8343431712962962,0.8000000000000909
2023_analysed,Exp_26_May_2023_1445_channel_0,True,False,26,May,2023,1445,0,3003.46875,0.834296875,11.60000000000079
2023_analysed,Exp_26_May_2023_1445_channel_1,True,False,26,May,2023,1445,1,3003.46875,0.834296875,54.40000000000069
2023_analysed,Exp_26_May_2023_1445_channel_2,True,False,26,May,2023,1445,2,3003.46875,0.834296875,0.0
2023_analysed,Exp_26_May_2023_1545_channel_0,True,False,26,May,2023,1545,0,3003.3854166666665,0.8342737268518519,88.800000000002
2023_analysed,Exp_26_May_2023_1545_channel_1,True,False,26,May,2023,1545,1,3003.3854166666665,0.8342737268518519,176.80000000000007
2023_analysed,Exp_26_May_2023_1545_channel_2,True,False,26,May,2023,1545,2,3003.3854166666665,0.8342737268518519,0.0
2023_analysed,Exp_26_May_2023_1645_channel_0,True,False,26,May,2023,1645,0,3003.7291666666665,0.834369212962963,31.19999999999981
2023_analysed,Exp_26_May_2023_1645_channel_1,True,False,26,May,2023,1645,1,3003.7291666666665,0.834369212962963,5.2000000000003865
2023_analysed,Exp_26_May_2023_1645_channel_2,True,False,26,May,2023,1645,2,3003.7291666666665,0.834369212962963,0.8000000000001819
2023_analysed,Exp_26_May_2023_1745_channel_0,True,False,26,May,2023,1745,0,3003.4895833333335,0.8343026620370371,19.600000000000023
2023_analysed,Exp_26_May_2023_1745_channel_1,True,False,26,May,2023,1745,1,3003.4895833333335,0.8343026620370371,7.1999999999994415
2023_analysed,Exp_26_May_2023_1745_channel_2,True,False,26,May,2023,1745,2,3003.4895833333335,0.8343026620370371,0.40000000000009095
2023_analysed,Exp_26_Nov_2023_1445_channel_1,True,False,26,Nov,2023,1445,1,3008.5520833333335,0.8357089120370371,54.80000000000218
2023_analysed,Exp_27_Apr_2023_0745_channel_0,True,False,27,Apr,2023,0745,0,3003.3645833333335,0.8342679398148148,5.199999999999704
2023_analysed,Exp_27_Apr_2023_0745_channel_1,True,False,27,Apr,2023,0745,1,3003.3645833333335,0.8342679398148148,3.2000000000000597
2023_analysed,Exp_27_Apr_2023_0745_channel_2,True,False,27,Apr,2023,0745,2,3003.3645833333335,0.8342679398148148,2.3999999999999986
2023_analysed,Exp_27_Apr_2023_0845_channel_0,True,False,27,Apr,2023,0845,0,3003.4583333333335,0.8342939814814815,6.000000000000341
2023_analysed,Exp_27_Apr_2023_0845_channel_1,True,False,27,Apr,2023,0845,1,3003.4583333333335,0.8342939814814815,1.1999999999995907
2023_analysed,Exp_27_Apr_2023_0845_channel_2,True,False,27,Apr,2023,0845,2,3003.4583333333335,0.8342939814814815,0.8000000000000682
2023_analysed,Exp_27_Apr_2023_0945_channel_0,True,False,27,Apr,2023,0945,0,3003.5,0.8343055555555555,8.000000000000355
2023_analysed,Exp_27_Apr_2023_0945_channel_1,True,False,27,Apr,2023,0945,1,3003.5,0.8343055555555555,51.19999999999857
2023_analysed,Exp_27_Apr_2023_0945_channel_2,True,False,27,Apr,2023,0945,2,3003.5,0.8343055555555555,0.0
2023_analysed,Exp_27_Apr_2023_1045_channel_0,True,False,27,Apr,2023,1045,0,3003.375,0.8342708333333333,28.400000000001086
2023_analysed,Exp_27_Apr_2023_1045_channel_1,True,False,27,Apr,2023,1045,1,3003.375,0.8342708333333333,17.59999999999993
2023_analysed,Exp_27_Apr_2023_1045_channel_2,True,False,27,Apr,2023,1045,2,3003.375,0.8342708333333333,0.0
2023_analysed,Exp_27_Apr_2023_1145_channel_0,True,False,27,Apr,2023,1145,0,3003.3333333333335,0.8342592592592593,65.99999999999682
2023_analysed,Exp_27_Apr_2023_1145_channel_1,True,False,27,Apr,2023,1145,1,3003.3333333333335,0.8342592592592593,130.00000000000057
2023_analysed,Exp_27_Apr_2023_1145_channel_2,True,False,27,Apr,2023,1145,2,3003.3333333333335,0.8342592592592593,0.8000000000000682
2023_analysed,Exp_27_Apr_2023_1245_channel_0,True,False,27,Apr,2023,1245,0,3003.6145833333335,0.8343373842592593,14.400000000000404
2023_analysed,Exp_27_Apr_2023_1245_channel_1,True,False,27,Apr,2023,1245,1,3003.6145833333335,0.8343373842592593,31.199999999999868
2023_analysed,Exp_27_Apr_2023_1245_channel_2,True,False,27,Apr,2023,1245,2,3003.6145833333335,0.8343373842592593,1.2000000000000455
2023_analysed,Exp_27_Apr_2023_1345_channel_0,True,False,27,Apr,2023,1345,0,3003.4270833333335,0.834285300925926,104.39999999999998
2023_analysed,Exp_27_Apr_2023_1345_channel_1,True,False,27,Apr,2023,1345,1,3003.4270833333335,0.834285300925926,125.20000000000084
2023_analysed,Exp_27_Apr_2023_1345_channel_2,True,False,27,Apr,2023,1345,2,3003.4270833333335,0.834285300925926,0.0
2023_analysed,Exp_27_Apr_2023_1445_channel_0,True,False,27,Apr,2023,1445,0,3003.4895833333335,0.8343026620370371,27.600000000001074
2023_analysed,Exp_27_Apr_2023_1445_channel_1,True,False,27,Apr,2023,1445,1,3003.4895833333335,0.8343026620370371,51.20000000000045
2023_analysed,Exp_27_Apr_2023_1445_channel_2,True,False,27,Apr,2023,1445,2,3003.4895833333335,0.8343026620370371,0.0
2023_analysed,Exp_27_Apr_2023_1545_channel_0,True,False,27,Apr,2023,1545,0,3003.6041666666665,0.8343344907407407,42.40000000000114
2023_analysed,Exp_27_Apr_2023_1545_channel_1,True,False,27,Apr,2023,1545,1,3003.6041666666665,0.8343344907407407,167.19999999999965
2023_analysed,Exp_27_Apr_2023_1545_channel_2,True,False,27,Apr,2023,1545,2,3003.6041666666665,0.8343344907407407,0.0
2023_analysed,Exp_27_Apr_2023_1645_channel_0,True,False,27,Apr,2023,1645,0,3003.5520833333335,0.8343200231481482,51.60000000000013
2023_analysed,Exp_27_Apr_2023_1645_channel_1,True,False,27,Apr,2023,1645,1,3003.5520833333335,0.8343200231481482,7.599999999999994
2023_analysed,Exp_27_Apr_2023_1645_channel_2,True,False,27,Apr,2023,1645,2,3003.5520833333335,0.8343200231481482,0.0
2023_analysed,Exp_27_Apr_2023_1745_channel_0,True,False,27,Apr,2023,1745,0,3003.4583333333335,0.8342939814814815,3.5999999999994827
2023_analysed,Exp_27_Apr_2023_1745_channel_1,True,False,27,Apr,2023,1745,1,3003.4583333333335,0.8342939814814815,3.9999999999998295
2023_analysed,Exp_27_Apr_2023_1745_channel_2,True,False,27,Apr,2023,1745,2,3003.4583333333335,0.8342939814814815,0.0
2023_analysed,Exp_27_Feb_2023_0745_channel_0,True,False,27,Feb,2023,0745,0,3003.7708333333335,0.8343807870370371,164.39999999999768
2023_analysed,Exp_27_Feb_2023_0745_channel_1,True,False,27,Feb,2023,0745,1,3003.7708333333335,0.8343807870370371,1.2000000000001592
2023_analysed,Exp_27_Feb_2023_0845_channel_0,True,False,27,Feb,2023,0845,0,3003.59375,0.8343315972222223,45.99999999999956
2023_analysed,Exp_27_Feb_2023_0845_channel_1,True,False,27,Feb,2023,0845,1,3003.59375,0.8343315972222223,20.800000000000097
2023_analysed,Exp_27_Feb_2023_0945_channel_0,True,False,27,Feb,2023,0945,0,3004.1041666666665,0.8344733796296296,97.99999999999962
2023_analysed,Exp_27_Feb_2023_0945_channel_1,True,False,27,Feb,2023,0945,1,3004.1041666666665,0.8344733796296296,7.200000000000003
2023_analysed,Exp_27_Feb_2023_1045_channel_0,True,False,27,Feb,2023,1045,0,3003.7083333333335,0.8343634259259259,69.99999999999795
2023_analysed,Exp_27_Feb_2023_1045_channel_1,True,False,27,Feb,2023,1045,1,3003.7083333333335,0.8343634259259259,55.59999999999957
2023_analysed,Exp_27_Feb_2023_1145_channel_0,True,False,27,Feb,2023,1145,0,3004.2916666666665,0.8345254629629629,167.60000000000025
2023_analysed,Exp_27_Feb_2023_1145_channel_1,True,False,27,Feb,2023,1145,1,3004.2916666666665,0.8345254629629629,18.800000000000566
2023_analysed,Exp_27_Feb_2023_1345_channel_0,True,False,27,Feb,2023,1345,0,3003.71875,0.8343663194444444,116.79999999999953
2023_analysed,Exp_27_Feb_2023_1345_channel_1,True,False,27,Feb,2023,1345,1,3003.71875,0.8343663194444444,26.000000000000057
2023_analysed,Exp_27_Feb_2023_1445_channel_0,True,False,27,Feb,2023,1445,0,3004.375,0.8345486111111111,217.99999999999926
2023_analysed,Exp_27_Feb_2023_1445_channel_1,True,False,27,Feb,2023,1445,1,3004.375,0.8345486111111111,55.99999999999932
2023_analysed,Exp_27_Feb_2023_1745_channel_0,True,False,27,Feb,2023,1745,0,3003.6354166666665,0.8343431712962962,2.4000000000001194
2023_analysed,Exp_27_Feb_2023_1745_channel_1,True,False,27,Feb,2023,1745,1,3003.6354166666665,0.8343431712962962,1.2000000000002728
2023_analysed,Exp_27_Jul_2023_1445_channel_0,True,False,27,Jul,2023,1445,0,3008.625,0.8357291666666666,22.000000000001933
2023_analysed,Exp_27_Jun_2023_0745_channel_0,True,False,27,Jun,2023,0745,0,3003.84375,0.8344010416666666,13.199999999999925
2023_analysed,Exp_27_Jun_2023_0745_channel_1,True,False,27,Jun,2023,0745,1,3003.84375,0.8344010416666666,16.000000000000142
2023_analysed,Exp_27_Jun_2023_0845_channel_0,True,False,27,Jun,2023,0845,0,3003.53125,0.8343142361111111,7.199999999999044
2023_analysed,Exp_27_Jun_2023_0845_channel_1,True,False,27,Jun,2023,0845,1,3003.53125,0.8343142361111111,11.600000000000819
2023_analysed,Exp_27_Jun_2023_0945_channel_0,True,False,27,Jun,2023,0945,0,3003.46875,0.834296875,30.800000000000978
2023_analysed,Exp_27_Jun_2023_0945_channel_1,True,False,27,Jun,2023,0945,1,3003.46875,0.834296875,63.200000000000244
2023_analysed,Exp_27_Jun_2023_1045_channel_0,True,False,27,Jun,2023,1045,0,3003.59375,0.8343315972222223,35.20000000000234
2023_analysed,Exp_27_Jun_2023_1045_channel_1,True,False,27,Jun,2023,1045,1,3003.59375,0.8343315972222223,1.1999999999999602
2023_analysed,Exp_27_Jun_2023_1145_channel_0,True,False,27,Jun,2023,1145,0,3003.4791666666665,0.8342997685185185,53.200000000000735
2023_analysed,Exp_27_Jun_2023_1145_channel_1,True,False,27,Jun,2023,1145,1,3003.4791666666665,0.8342997685185185,103.5999999999981
2023_analysed,Exp_27_Jun_2023_1245_channel_0,True,False,27,Jun,2023,1245,0,3003.4270833333335,0.834285300925926,58.8000000000016
2023_analysed,Exp_27_Jun_2023_1245_channel_1,True,False,27,Jun,2023,1245,1,3003.4270833333335,0.834285300925926,28.39999999999823
2023_analysed,Exp_27_Jun_2023_1345_channel_0,True,False,27,Jun,2023,1345,0,3003.375,0.8342708333333333,90.00000000000091
2023_analysed,Exp_27_Jun_2023_1345_channel_1,True,False,27,Jun,2023,1345,1,3003.375,0.8342708333333333,144.8000000000008
2023_analysed,Exp_27_Jun_2023_1445_channel_0,True,False,27,Jun,2023,1445,0,3003.5,0.8343055555555555,138.7999999999958
2023_analysed,Exp_27_Jun_2023_1445_channel_1,True,False,27,Jun,2023,1445,1,3003.5,0.8343055555555555,100.39999999999544
2023_analysed,Exp_27_Jun_2023_1545_channel_0,True,False,27,Jun,2023,1545,0,3003.5208333333335,0.8343113425925927,84.00000000000227
2023_analysed,Exp_27_Jun_2023_1545_channel_1,True,False,27,Jun,2023,1545,1,3003.5208333333335,0.8343113425925927,125.59999999999876
2023_analysed,Exp_27_Jun_2023_1645_channel_0,True,False,27,Jun,2023,1645,0,3003.4583333333335,0.8342939814814815,82.4000000000004
2023_analysed,Exp_27_Jun_2023_1645_channel_1,True,False,27,Jun,2023,1645,1,3003.4583333333335,0.8342939814814815,29.19999999999971
2023_analysed,Exp_27_Jun_2023_1745_channel_0,True,False,27,Jun,2023,1745,0,3003.4895833333335,0.8343026620370371,40.39999999999877
2023_analysed,Exp_27_Jun_2023_1745_channel_1,True,False,27,Jun,2023,1745,1,3003.4895833333335,0.8343026620370371,7.9999999999990905
2023_analysed,Exp_27_May_2023_0745_channel_0,True,False,27,May,2023,0745,0,3003.3958333333335,0.8342766203703704,5.9999999999997335
2023_analysed,Exp_27_May_2023_0745_channel_1,True,False,27,May,2023,0745,1,3003.3958333333335,0.8342766203703704,10.400000000000507
2023_analysed,Exp_27_May_2023_0745_channel_2,True,False,27,May,2023,0745,2,3003.3958333333335,0.8342766203703704,0.8000000000001819
2023_analysed,Exp_27_May_2023_0845_channel_0,True,False,27,May,2023,0845,0,3003.53125,0.8343142361111111,25.19999999999891
2023_analysed,Exp_27_May_2023_0845_channel_1,True,False,27,May,2023,0845,1,3003.53125,0.8343142361111111,43.599999999999284
2023_analysed,Exp_27_May_2023_0845_channel_2,True,False,27,May,2023,0845,2,3003.53125,0.8343142361111111,0.0
2023_analysed,Exp_27_May_2023_0945_channel_0,True,False,27,May,2023,0945,0,3003.625,0.8343402777777778,14.79999999999984
2023_analysed,Exp_27_May_2023_0945_channel_1,True,False,27,May,2023,0945,1,3003.625,0.8343402777777778,74.80000000000051
2023_analysed,Exp_27_May_2023_0945_channel_2,True,False,27,May,2023,0945,2,3003.625,0.8343402777777778,0.7999999999999999
2023_analysed,Exp_27_May_2023_1045_channel_0,True,False,27,May,2023,1045,0,3003.4791666666665,0.8342997685185185,26.000000000001307
2023_analysed,Exp_27_May_2023_1045_channel_1,True,False,27,May,2023,1045,1,3003.4791666666665,0.8342997685185185,1.599999999999909
2023_analysed,Exp_27_May_2023_1045_channel_2,True,False,27,May,2023,1045,2,3003.4791666666665,0.8342997685185185,0.0
2023_analysed,Exp_27_May_2023_1145_channel_0,True,False,27,May,2023,1145,0,3003.3958333333335,0.8342766203703704,106.00000000000031
2023_analysed,Exp_27_May_2023_1145_channel_1,True,False,27,May,2023,1145,1,3003.3958333333335,0.8342766203703704,184.8000000000006
2023_analysed,Exp_27_May_2023_1145_channel_2,True,False,27,May,2023,1145,2,3003.3958333333335,0.8342766203703704,0.0
2023_analysed,Exp_27_May_2023_1245_channel_0,True,False,27,May,2023,1245,0,3003.4583333333335,0.8342939814814815,29.600000000001003
2023_analysed,Exp_27_May_2023_1245_channel_1,True,False,27,May,2023,1245,1,3003.4583333333335,0.8342939814814815,24.80000000000023
2023_analysed,Exp_27_May_2023_1245_channel_2,True,False,27,May,2023,1245,2,3003.4583333333335,0.8342939814814815,0.0
2023_analysed,Exp_27_May_2023_1345_channel_0,True,False,27,May,2023,1345,0,3003.5416666666665,0.8343171296296296,60.800000000000175
2023_analysed,Exp_27_May_2023_1345_channel_1,True,False,27,May,2023,1345,1,3003.5416666666665,0.8343171296296296,128.0000000000009
2023_analysed,Exp_27_May_2023_1345_channel_2,True,False,27,May,2023,1345,2,3003.5416666666665,0.8343171296296296,0.0
2023_analysed,Exp_27_May_2023_1445_channel_0,True,False,27,May,2023,1445,0,3003.4895833333335,0.8343026620370371,52.399999999999835
2023_analysed,Exp_27_May_2023_1445_channel_1,True,False,27,May,2023,1445,1,3003.4895833333335,0.8343026620370371,61.19999999999952
2023_analysed,Exp_27_May_2023_1445_channel_2,True,False,27,May,2023,1445,2,3003.4895833333335,0.8343026620370371,1.2000000000000455
2023_analysed,Exp_27_May_2023_1545_channel_0,True,False,27,May,2023,1545,0,3003.4270833333335,0.834285300925926,15.59999999999981
2023_analysed,Exp_27_May_2023_1545_channel_1,True,False,27,May,2023,1545,1,3003.4270833333335,0.834285300925926,85.19999999999976
2023_analysed,Exp_27_May_2023_1545_channel_2,True,False,27,May,2023,1545,2,3003.4270833333335,0.834285300925926,0.7999999999999545
2023_analysed,Exp_27_May_2023_1645_channel_0,True,False,27,May,2023,1645,0,3003.3854166666665,0.8342737268518519,2.0000000000002274
2023_analysed,Exp_27_May_2023_1645_channel_1,True,False,27,May,2023,1645,1,3003.3854166666665,0.8342737268518519,1.2000000000000455
2023_analysed,Exp_27_May_2023_1645_channel_2,True,False,27,May,2023,1645,2,3003.3854166666665,0.8342737268518519,5.6000000000008185
2023_analysed,Exp_27_May_2023_1745_channel_0,True,False,27,May,2023,1745,0,3003.5208333333335,0.8343113425925927,0.7999999999994998
2023_analysed,Exp_27_May_2023_1745_channel_1,True,False,27,May,2023,1745,1,3003.5208333333335,0.8343113425925927,0.7999999999997272
2023_analysed,Exp_27_May_2023_1745_channel_2,True,False,27,May,2023,1745,2,3003.5208333333335,0.8343113425925927,51.19999999999834
2023_analysed,Exp_27_Nov_2023_1045_channel_0,True,False,27,Nov,2023,1045,0,3009.375,0.8359375,30.800000000002385
2023_analysed,Exp_27_Nov_2023_1445_channel_1,True,False,27,Nov,2023,1445,1,3007.1354166666665,0.8353153935185185,112.80000000001033
2023_analysed,Exp_27_Oct_2023_0845_channel_0,True,False,27,Oct,2023,0845,0,3007.6145833333335,0.8354484953703704,0.0
2023_analysed,Exp_28_Apr_2023_0745_channel_0,True,False,28,Apr,2023,0745,0,3003.3541666666665,0.8342650462962963,4.800000000000068
2023_analysed,Exp_28_Apr_2023_0745_channel_1,True,False,28,Apr,2023,0745,1,3003.3541666666665,0.8342650462962963,6.800000000000125
2023_analysed,Exp_28_Apr_2023_0745_channel_2,True,False,28,Apr,2023,0745,2,3003.3541666666665,0.8342650462962963,3.2000000000001876
2023_analysed,Exp_28_Apr_2023_0845_channel_0,True,False,28,Apr,2023,0845,0,3003.3125,0.8342534722222222,16.4000000000008
2023_analysed,Exp_28_Apr_2023_0845_channel_1,True,False,28,Apr,2023,0845,1,3003.3125,0.8342534722222222,10.400000000000688
2023_analysed,Exp_28_Apr_2023_0845_channel_2,True,False,28,Apr,2023,0845,2,3003.3125,0.8342534722222222,0.0
2023_analysed,Exp_28_Apr_2023_0945_channel_0,True,False,28,Apr,2023,0945,0,3003.3541666666665,0.8342650462962963,141.20000000000067
2023_analysed,Exp_28_Apr_2023_0945_channel_1,True,False,28,Apr,2023,0945,1,3003.3541666666665,0.8342650462962963,205.60000000000272
2023_analysed,Exp_28_Apr_2023_0945_channel_2,True,False,28,Apr,2023,0945,2,3003.3541666666665,0.8342650462962963,0.40000000000009095
2023_analysed,Exp_28_Apr_2023_1045_channel_0,True,False,28,Apr,2023,1045,0,3003.6354166666665,0.8343431712962962,145.60000000000096
2023_analysed,Exp_28_Apr_2023_1045_channel_1,True,False,28,Apr,2023,1045,1,3003.6354166666665,0.8343431712962962,103.2000000000008
2023_analysed,Exp_28_Apr_2023_1045_channel_2,True,False,28,Apr,2023,1045,2,3003.6354166666665,0.8343431712962962,0.0
2023_analysed,Exp_28_Apr_2023_1145_channel_0,True,False,28,Apr,2023,1145,0,3003.5520833333335,0.8343200231481482,111.20000000000017
2023_analysed,Exp_28_Apr_2023_1145_channel_1,True,False,28,Apr,2023,1145,1,3003.5520833333335,0.8343200231481482,147.20000000000022
2023_analysed,Exp_28_Apr_2023_1145_channel_2,True,False,28,Apr,2023,1145,2,3003.5520833333335,0.8343200231481482,0.0
2023_analysed,Exp_28_Apr_2023_1245_channel_0,True,False,28,Apr,2023,1245,0,3003.5,0.8343055555555555,132.4000000000016
2023_analysed,Exp_28_Apr_2023_1245_channel_1,True,False,28,Apr,2023,1245,1,3003.5,0.8343055555555555,121.99999999999842
2023_analysed,Exp_28_Apr_2023_1245_channel_2,True,False,28,Apr,2023,1245,2,3003.5,0.8343055555555555,0.0
2023_analysed,Exp_28_Apr_2023_1345_channel_0,True,False,28,Apr,2023,1345,0,3003.5729166666665,0.8343258101851851,101.20000000000081
2023_analysed,Exp_28_Apr_2023_1345_channel_1,True,False,28,Apr,2023,1345,1,3003.5729166666665,0.8343258101851851,188.40000000000109
2023_analysed,Exp_28_Apr_2023_1345_channel_2,True,False,28,Apr,2023,1345,2,3003.5729166666665,0.8343258101851851,0.0
2023_analysed,Exp_28_Apr_2023_1445_channel_0,True,False,28,Apr,2023,1445,0,3003.5729166666665,0.8343258101851851,150.39999999999975
2023_analysed,Exp_28_Apr_2023_1445_channel_1,True,False,28,Apr,2023,1445,1,3003.5729166666665,0.8343258101851851,153.19999999999868
2023_analysed,Exp_28_Apr_2023_1445_channel_2,True,False,28,Apr,2023,1445,2,3003.5729166666665,0.8343258101851851,0.0
2023_analysed,Exp_28_Apr_2023_1545_channel_0,True,False,28,Apr,2023,1545,0,3003.375,0.8342708333333333,49.20000000000054
2023_analysed,Exp_28_Apr_2023_1545_channel_1,True,False,28,Apr,2023,1545,1,3003.375,0.8342708333333333,212.00000000000017
2023_analysed,Exp_28_Apr_2023_1545_channel_2,True,False,28,Apr,2023,1545,2,3003.375,0.8342708333333333,0.0
2023_analysed,Exp_28_Apr_2023_1645_channel_0,True,False,28,Apr,2023,1645,0,3003.4166666666665,0.8342824074074073,10.800000000000125
2023_analysed,Exp_28_Apr_2023_1645_channel_1,True,False,28,Apr,2023,1645,1,3003.4166666666665,0.8342824074074073,8.000000000000085
2023_analysed,Exp_28_Apr_2023_1645_channel_2,True,False,28,Apr,2023,1645,2,3003.4166666666665,0.8342824074074073,0.0
2023_analysed,Exp_28_Apr_2023_1745_channel_0,True,False,28,Apr,2023,1745,0,3003.375,0.8342708333333333,5.1999999999995055
2023_analysed,Exp_28_Apr_2023_1745_channel_1,True,False,28,Apr,2023,1745,1,3003.375,0.8342708333333333,6.000000000000398
2023_analysed,Exp_28_Apr_2023_1745_channel_2,True,False,28,Apr,2023,1745,2,3003.375,0.8342708333333333,0.0
2023_analysed,Exp_28_Dec_2023_1345_channel_1,True,False,28,Dec,2023,1345,1,3008.8333333333335,0.835787037037037,100.3999999999991
2023_analysed,Exp_28_Feb_2023_0745_channel_0,True,False,28,Feb,2023,0745,0,3003.7291666666665,0.834369212962963,9.600000000000136
2023_analysed,Exp_28_Feb_2023_0745_channel_1,True,False,28,Feb,2023,0745,1,3003.7291666666665,0.834369212962963,4.799999999999841
2023_analysed,Exp_28_Feb_2023_0845_channel_0,True,False,28,Feb,2023,0845,0,3004.21875,0.8345052083333333,85.60000000000127
2023_analysed,Exp_28_Feb_2023_0845_channel_1,True,False,28,Feb,2023,0845,1,3004.21875,0.8345052083333333,38.000000000000114
2023_analysed,Exp_28_Feb_2023_0945_channel_0,True,False,28,Feb,2023,0945,0,3003.7291666666665,0.834369212962963,139.19999999999993
2023_analysed,Exp_28_Feb_2023_0945_channel_1,True,False,28,Feb,2023,0945,1,3003.7291666666665,0.834369212962963,3.600000000000051
2023_analysed,Exp_28_Feb_2023_1045_channel_0,True,False,28,Feb,2023,1045,0,3003.65625,0.8343489583333333,10.39999999999938
2023_analysed,Exp_28_Feb_2023_1045_channel_1,True,False,28,Feb,2023,1045,1,3003.65625,0.8343489583333333,0.7999999999997272
2023_analysed,Exp_28_Feb_2023_1146_channel_0,True,False,28,Feb,2023,1146,0,3003.9375,0.8344270833333334,147.9999999999987
2023_analysed,Exp_28_Feb_2023_1146_channel_1,True,False,28,Feb,2023,1146,1,3003.9375,0.8344270833333334,48.80000000000018
2023_analysed,Exp_28_Feb_2023_1345_channel_0,True,False,28,Feb,2023,1345,0,3003.59375,0.8343315972222223,172.39999999999918
2023_analysed,Exp_28_Feb_2023_1345_channel_1,True,False,28,Feb,2023,1345,1,3003.59375,0.8343315972222223,4.79999999999978
2023_analysed,Exp_28_Feb_2023_1445_channel_0,True,False,28,Feb,2023,1445,0,3004.46875,0.8345746527777778,66.39999999999986
2023_analysed,Exp_28_Feb_2023_1445_channel_1,True,False,28,Feb,2023,1445,1,3004.46875,0.8345746527777778,28.799999999998903
2023_analysed,Exp_28_Feb_2023_1545_channel_0,True,False,28,Feb,2023,1545,0,3004.3229166666665,0.8345341435185185,288.00000000000125
2023_analysed,Exp_28_Feb_2023_1545_channel_1,True,False,28,Feb,2023,1545,1,3004.3229166666665,0.8345341435185185,54.0000000000001
2023_analysed,Exp_28_Feb_2023_1745_channel_0,True,False,28,Feb,2023,1745,0,3003.9375,0.8344270833333334,3.6000000000001364
2023_analysed,Exp_28_Feb_2023_1745_channel_1,True,False,28,Feb,2023,1745,1,3003.9375,0.8344270833333334,1.2000000000000455
2023_analysed,Exp_28_Jan_2023_1545_channel_0,True,False,28,Jan,2023,1545,0,3003.3854166666665,0.8342737268518519,344.3999999999995
2023_analysed,Exp_28_Jan_2023_1545_channel_1,True,False,28,Jan,2023,1545,1,3003.3854166666665,0.8342737268518519,37.99999999999993
2023_analysed,Exp_28_Jan_2023_1645_channel_0,True,False,28,Jan,2023,1645,0,3003.4479166666665,0.8342910879629629,386.0000000000024
2023_analysed,Exp_28_Jan_2023_1645_channel_1,True,False,28,Jan,2023,1645,1,3003.4479166666665,0.8342910879629629,137.19999999999862
2023_analysed,Exp_28_Jan_2023_1745_channel_0,True,False,28,Jan,2023,1745,0,3003.4375,0.8342881944444445,255.5999999999973
2023_analysed,Exp_28_Jan_2023_1745_channel_1,True,False,28,Jan,2023,1745,1,3003.4375,0.8342881944444445,68.39999999999901
2023_analysed,Exp_28_Jul_2023_0745_channel_1,True,False,28,Jul,2023,0745,1,3009.71875,0.8360329861111111,11.999999999999432
2023_analysed,Exp_28_Jul_2023_1645_channel_1,True,False,28,Jul,2023,1645,1,3007.4166666666665,0.8353935185185185,185.19999999999575
2023_analysed,Exp_28_Jun_2023_0745_channel_0,True,False,28,Jun,2023,0745,0,3003.46875,0.834296875,5.200000000000834
2023_analysed,Exp_28_Jun_2023_0745_channel_1,True,False,28,Jun,2023,0745,1,3003.46875,0.834296875,3.600000000000236
2023_analysed,Exp_28_Jun_2023_0845_channel_0,True,False,28,Jun,2023,0845,0,3003.4583333333335,0.8342939814814815,28.79999999999974
2023_analysed,Exp_28_Jun_2023_0845_channel_1,True,False,28,Jun,2023,0845,1,3003.4583333333335,0.8342939814814815,12.399999999999636
2023_analysed,Exp_28_Jun_2023_0945_channel_0,True,False,28,Jun,2023,0945,0,3003.5,0.8343055555555555,30.400000000001313
2023_analysed,Exp_28_Jun_2023_0945_channel_1,True,False,28,Jun,2023,0945,1,3003.5,0.8343055555555555,38.39999999999975
2023_analysed,Exp_28_Jun_2023_1045_channel_0,True,False,28,Jun,2023,1045,0,3003.5104166666665,0.834308449074074,48.79999999999876
2023_analysed,Exp_28_Jun_2023_1045_channel_1,True,False,28,Jun,2023,1045,1,3003.5104166666665,0.834308449074074,0.3999999999998636
2023_analysed,Exp_28_Jun_2023_1145_channel_0,True,False,28,Jun,2023,1145,0,3003.4479166666665,0.8342910879629629,73.59999999999948
2023_analysed,Exp_28_Jun_2023_1145_channel_1,True,False,28,Jun,2023,1145,1,3003.4479166666665,0.8342910879629629,135.1999999999993
2023_analysed,Exp_28_Jun_2023_1245_channel_0,True,False,28,Jun,2023,1245,0,3003.40625,0.8342795138888889,47.20000000000052
2023_analysed,Exp_28_Jun_2023_1245_channel_1,True,False,28,Jun,2023,1245,1,3003.40625,0.8342795138888889,31.199999999999378
2023_analysed,Exp_28_Jun_2023_1345_channel_0,True,False,28,Jun,2023,1345,0,3003.5520833333335,0.8343200231481482,67.20000000000053
2023_analysed,Exp_28_Jun_2023_1345_channel_1,True,False,28,Jun,2023,1345,1,3003.5520833333335,0.8343200231481482,120.80000000000152
2023_analysed,Exp_28_Jun_2023_1445_channel_0,True,False,28,Jun,2023,1445,0,3003.4166666666665,0.8342824074074073,106.80000000000302
2023_analysed,Exp_28_Jun_2023_1445_channel_1,True,False,28,Jun,2023,1445,1,3003.4166666666665,0.8342824074074073,86.40000000000295
2023_analysed,Exp_28_Jun_2023_1545_channel_0,True,False,28,Jun,2023,1545,0,3003.4270833333335,0.834285300925926,100.80000000000186
2023_analysed,Exp_28_Jun_2023_1545_channel_1,True,False,28,Jun,2023,1545,1,3003.4270833333335,0.834285300925926,250.80000000000118
2023_analysed,Exp_28_Jun_2023_1645_channel_0,True,False,28,Jun,2023,1645,0,3003.8645833333335,0.8344068287037038,68.80000000000136
2023_analysed,Exp_28_Jun_2023_1645_channel_1,True,False,28,Jun,2023,1645,1,3003.8645833333335,0.8344068287037038,19.20000000000026
2023_analysed,Exp_28_Jun_2023_1745_channel_0,True,False,28,Jun,2023,1745,0,3003.5208333333335,0.8343113425925927,45.99999999999888
2023_analysed,Exp_28_Jun_2023_1745_channel_1,True,False,28,Jun,2023,1745,1,3003.5208333333335,0.8343113425925927,8.399999999999842
2023_analysed,Exp_28_May_2023_0745_channel_0,True,False,28,May,2023,0745,0,3003.3541666666665,0.8342650462962963,0.0
2023_analysed,Exp_28_May_2023_0745_channel_1,True,False,28,May,2023,0745,1,3003.3541666666665,0.8342650462962963,5.199999999999591
2023_analysed,Exp_28_May_2023_0745_channel_2,True,False,28,May,2023,0745,2,3003.3541666666665,0.8342650462962963,107.20000000000329
2023_analysed,Exp_28_May_2023_0845_channel_0,True,False,28,May,2023,0845,0,3003.5520833333335,0.8343200231481482,3.9999999999996874
2023_analysed,Exp_28_May_2023_0845_channel_1,True,False,28,May,2023,0845,1,3003.5520833333335,0.8343200231481482,4.799999999999272
2023_analysed,Exp_28_May_2023_0845_channel_2,True,False,28,May,2023,0845,2,3003.5520833333335,0.8343200231481482,217.99999999999912
2023_analysed,Exp_28_May_2023_0945_channel_0,True,False,28,May,2023,0945,0,3003.7708333333335,0.8343807870370371,35.2000000000007
2023_analysed,Exp_28_May_2023_0945_channel_1,True,False,28,May,2023,0945,1,3003.7708333333335,0.8343807870370371,44.79999999999866
2023_analysed,Exp_28_May_2023_0945_channel_2,True,False,28,May,2023,0945,2,3003.7708333333335,0.8343807870370371,77.20000000000246
2023_analysed,Exp_28_May_2023_1045_channel_0,True,False,28,May,2023,1045,0,3003.8854166666665,0.8344126157407407,58.000000000000796
2023_analysed,Exp_28_May_2023_1045_channel_1,True,False,28,May,2023,1045,1,3003.8854166666665,0.8344126157407407,32.399999999999565
2023_analysed,Exp_28_May_2023_1045_channel_2,True,False,28,May,2023,1045,2,3003.8854166666665,0.8344126157407407,115.20000000000051
2023_analysed,Exp_28_May_2023_1145_channel_0,True,False,28,May,2023,1145,0,3003.65625,0.8343489583333333,16.400000000000134
2023_analysed,Exp_28_May_2023_1145_channel_1,True,False,28,May,2023,1145,1,3003.65625,0.8343489583333333,35.99999999999994
2023_analysed,Exp_28_May_2023_1145_channel_2,True,False,28,May,2023,1145,2,3003.65625,0.8343489583333333,174.8000000000015
2023_analysed,Exp_28_May_2023_1245_channel_0,True,False,28,May,2023,1245,0,3003.5104166666665,0.834308449074074,10.00000000000045
2023_analysed,Exp_28_May_2023_1245_channel_1,True,False,28,May,2023,1245,1,3003.5104166666665,0.834308449074074,6.800000000000864
2023_analysed,Exp_28_May_2023_1245_channel_2,True,False,28,May,2023,1245,2,3003.5104166666665,0.834308449074074,128.00000000000153
2023_analysed,Exp_28_May_2023_1345_channel_0,True,False,28,May,2023,1345,0,3003.4791666666665,0.8342997685185185,23.599999999999262
2023_analysed,Exp_28_May_2023_1345_channel_1,True,False,28,May,2023,1345,1,3003.4791666666665,0.8342997685185185,50.40000000000053
2023_analysed,Exp_28_May_2023_1345_channel_2,True,False,28,May,2023,1345,2,3003.4791666666665,0.8342997685185185,96.40000000000072
2023_analysed,Exp_28_May_2023_1445_channel_0,True,False,28,May,2023,1445,0,3003.4166666666665,0.8342824074074073,29.999999999997428
2023_analysed,Exp_28_May_2023_1445_channel_1,True,False,28,May,2023,1445,1,3003.4166666666665,0.8342824074074073,118.40000000000165
2023_analysed,Exp_28_May_2023_1445_channel_2,True,False,28,May,2023,1445,2,3003.4166666666665,0.8342824074074073,24.80000000000008
2023_analysed,Exp_28_May_2023_1545_channel_0,True,False,28,May,2023,1545,0,3003.8645833333335,0.8344068287037038,26.39999999999931
2023_analysed,Exp_28_May_2023_1545_channel_1,True,False,28,May,2023,1545,1,3003.8645833333335,0.8344068287037038,5.199999999999932
2023_analysed,Exp_28_May_2023_1545_channel_2,True,False,28,May,2023,1545,2,3003.8645833333335,0.8344068287037038,285.19999999999754
2023_analysed,Exp_28_May_2023_1645_channel_0,True,False,28,May,2023,1645,0,3003.53125,0.8343142361111111,7.999999999999886
2023_analysed,Exp_28_May_2023_1645_channel_1,True,False,28,May,2023,1645,1,3003.53125,0.8343142361111111,2.39999999999975
2023_analysed,Exp_28_May_2023_1645_channel_2,True,False,28,May,2023,1645,2,3003.53125,0.8343142361111111,181.9999999999989
2023_analysed,Exp_28_May_2023_1745_channel_0,True,False,28,May,2023,1745,0,3003.5104166666665,0.834308449074074,7.199999999999999
2023_analysed,Exp_28_May_2023_1745_channel_1,True,False,28,May,2023,1745,1,3003.5104166666665,0.834308449074074,1.6000000000001595
2023_analysed,Exp_28_May_2023_1745_channel_2,True,False,28,May,2023,1745,2,3003.5104166666665,0.834308449074074,149.59999999999837
2023_analysed,Exp_28_Nov_2023_1445_channel_1,True,False,28,Nov,2023,1445,1,3007.84375,0.8355121527777778,2.0000000000001137
2023_analysed,Exp_28_Sep_2023_0745_channel_1,True,False,28,Sep,2023,0745,1,3007.2395833333335,0.8353443287037038,0.0
2023_analysed,Exp_28_Sep_2023_0945_channel_0,True,False,28,Sep,2023,0945,0,3009.1145833333335,0.8358651620370371,0.0
2023_analysed,Exp_29_Apr_2023_0745_channel_0,True,False,29,Apr,2023,0745,0,3003.5729166666665,0.8343258101851851,1.6000000000002501
2023_analysed,Exp_29_Apr_2023_0745_channel_1,True,False,29,Apr,2023,0745,1,3003.5729166666665,0.8343258101851851,6.000000000000551
2023_analysed,Exp_29_Apr_2023_0745_channel_2,True,False,29,Apr,2023,0745,2,3003.5729166666665,0.8343258101851851,8.399999999999778
2023_analysed,Exp_29_Apr_2023_0845_channel_0,True,False,29,Apr,2023,0845,0,3003.3854166666665,0.8342737268518519,21.600000000000506
2023_analysed,Exp_29_Apr_2023_0845_channel_1,True,False,29,Apr,2023,0845,1,3003.3854166666665,0.8342737268518519,28.800000000000523
2023_analysed,Exp_29_Apr_2023_0845_channel_2,True,False,29,Apr,2023,0845,2,3003.3854166666665,0.8342737268518519,0.0
2023_analysed,Exp_29_Apr_2023_0945_channel_0,True,False,29,Apr,2023,0945,0,3003.7604166666665,0.8343778935185184,38.40000000000037
2023_analysed,Exp_29_Apr_2023_0945_channel_1,True,False,29,Apr,2023,0945,1,3003.7604166666665,0.8343778935185184,93.20000000000066
2023_analysed,Exp_29_Apr_2023_0945_channel_2,True,False,29,Apr,2023,0945,2,3003.7604166666665,0.8343778935185184,0.0
2023_analysed,Exp_29_Apr_2023_1045_channel_0,True,False,29,Apr,2023,1045,0,3003.8229166666665,0.8343952546296296,78.4000000000043
2023_analysed,Exp_29_Apr_2023_1045_channel_1,True,False,29,Apr,2023,1045,1,3003.8229166666665,0.8343952546296296,51.60000000000033
2023_analysed,Exp_29_Apr_2023_1045_channel_2,True,False,29,Apr,2023,1045,2,3003.8229166666665,0.8343952546296296,0.0
2023_analysed,Exp_29_Apr_2023_1145_channel_0,True,False,29,Apr,2023,1145,0,3003.4375,0.8342881944444445,52.40000000000035
2023_analysed,Exp_29_Apr_2023_1145_channel_1,True,False,29,Apr,2023,1145,1,3003.4375,0.8342881944444445,112.40000000000083
2023_analysed,Exp_29_Apr_2023_1145_channel_2,True,False,29,Apr,2023,1145,2,3003.4375,0.8342881944444445,0.0
2023_analysed,Exp_29_Apr_2023_1245_channel_0,True,False,29,Apr,2023,1245,0,3003.5416666666665,0.8343171296296296,48.80000000000089
2023_analysed,Exp_29_Apr_2023_1245_channel_1,True,False,29,Apr,2023,1245,1,3003.5416666666665,0.8343171296296296,22.4000000000009
2023_analysed,Exp_29_Apr_2023_1245_channel_2,True,False,29,Apr,2023,1245,2,3003.5416666666665,0.8343171296296296,0.0
2023_analysed,Exp_29_Apr_2023_1345_channel_0,True,False,29,Apr,2023,1345,0,3003.5520833333335,0.8343200231481482,55.599999999998786
2023_analysed,Exp_29_Apr_2023_1345_channel_1,True,False,29,Apr,2023,1345,1,3003.5520833333335,0.8343200231481482,123.20000000000006
2023_analysed,Exp_29_Apr_2023_1345_channel_2,True,False,29,Apr,2023,1345,2,3003.5520833333335,0.8343200231481482,0.40000000000009095
2023_analysed,Exp_29_Apr_2023_1445_channel_0,True,False,29,Apr,2023,1445,0,3003.3958333333335,0.8342766203703704,130.80000000000027
2023_analysed,Exp_29_Apr_2023_1445_channel_1,True,False,29,Apr,2023,1445,1,3003.3958333333335,0.8342766203703704,95.20000000000054
2023_analysed,Exp_29_Apr_2023_1445_channel_2,True,False,29,Apr,2023,1445,2,3003.3958333333335,0.8342766203703704,0.4000000000000057
2023_analysed,Exp_29_Apr_2023_1545_channel_0,True,False,29,Apr,2023,1545,0,3003.4375,0.8342881944444445,36.80000000000104
2023_analysed,Exp_29_Apr_2023_1545_channel_1,True,False,29,Apr,2023,1545,1,3003.4375,0.8342881944444445,157.9999999999987
2023_analysed,Exp_29_Apr_2023_1545_channel_2,True,False,29,Apr,2023,1545,2,3003.4375,0.8342881944444445,0.40000000000009095
2023_analysed,Exp_29_Apr_2023_1645_channel_0,True,False,29,Apr,2023,1645,0,3003.5104166666665,0.834308449074074,10.399999999998954
2023_analysed,Exp_29_Apr_2023_1645_channel_1,True,False,29,Apr,2023,1645,1,3003.5104166666665,0.834308449074074,8.799999999999642
2023_analysed,Exp_29_Apr_2023_1645_channel_2,True,False,29,Apr,2023,1645,2,3003.5104166666665,0.834308449074074,0.0
2023_analysed,Exp_29_Apr_2023_1745_channel_0,True,False,29,Apr,2023,1745,0,3003.78125,0.8343836805555556,6.799999999999869
2023_analysed,Exp_29_Apr_2023_1745_channel_1,True,False,29,Apr,2023,1745,1,3003.78125,0.8343836805555556,5.600000000000108
2023_analysed,Exp_29_Apr_2023_1745_channel_2,True,False,29,Apr,2023,1745,2,3003.78125,0.8343836805555556,0.0
2023_analysed,Exp_29_Aug_2023_1545_channel_1,True,False,29,Aug,2023,1545,1,3003.46875,0.834296875,96.00000000000105
2023_analysed,Exp_29_Aug_2023_1645_channel_1,True,False,29,Aug,2023,1645,1,3003.34375,0.8342621527777778,86.39999999999917
2023_analysed,Exp_29_Dec_2023_1045_channel_1,True,False,29,Dec,2023,1045,1,3007.96875,0.835546875,68.40000000000711
2023_analysed,Exp_29_Dec_2023_1145_channel_1,True,False,29,Dec,2023,1145,1,3009.7708333333335,0.8360474537037037,155.19999999999828
2023_analysed,Exp_29_Jan_2023_0745_channel_0,True,False,29,Jan,2023,0745,0,3003.5520833333335,0.8343200231481482,188.40000000000046
2023_analysed,Exp_29_Jan_2023_0745_channel_1,True,False,29,Jan,2023,0745,1,3003.5520833333335,0.8343200231481482,0.0
2023_analysed,Exp_29_Jan_2023_0845_channel_0,True,False,29,Jan,2023,0845,0,3003.4583333333335,0.8342939814814815,1337.999999999999
2023_analysed,Exp_29_Jan_2023_0845_channel_1,True,False,29,Jan,2023,0845,1,3003.4583333333335,0.8342939814814815,1251.1999999999985
2023_analysed,Exp_29_Jan_2023_0945_channel_0,True,False,29,Jan,2023,0945,0,3003.46875,0.834296875,404.4
2023_analysed,Exp_29_Jan_2023_0945_channel_1,True,False,29,Jan,2023,0945,1,3003.46875,0.834296875,447.1999999999996
2023_analysed,Exp_29_Jan_2023_1045_channel_0,True,False,29,Jan,2023,1045,0,3003.53125,0.8343142361111111,587.1999999999986
2023_analysed,Exp_29_Jan_2023_1045_channel_1,True,False,29,Jan,2023,1045,1,3003.53125,0.8343142361111111,421.1999999999989
2023_analysed,Exp_29_Jan_2023_1145_channel_0,True,False,29,Jan,2023,1145,0,3003.40625,0.8342795138888889,871.9999999999991
2023_analysed,Exp_29_Jan_2023_1145_channel_1,True,False,29,Jan,2023,1145,1,3003.40625,0.8342795138888889,1235.1999999999994
2023_analysed,Exp_29_Jan_2023_1245_channel_0,True,False,29,Jan,2023,1245,0,3003.6145833333335,0.8343373842592593,421.5999999999993
2023_analysed,Exp_29_Jan_2023_1245_channel_1,True,False,29,Jan,2023,1245,1,3003.6145833333335,0.8343373842592593,13.200000000001182
2023_analysed,Exp_29_Jan_2023_1345_channel_0,True,False,29,Jan,2023,1345,0,3003.4166666666665,0.8342824074074073,41.19999999999969
2023_analysed,Exp_29_Jan_2023_1345_channel_1,True,False,29,Jan,2023,1345,1,3003.4166666666665,0.8342824074074073,43.20000000000135
2023_analysed,Exp_29_Jan_2023_1445_channel_0,True,False,29,Jan,2023,1445,0,3003.4375,0.8342881944444445,60.39999999999853
2023_analysed,Exp_29_Jan_2023_1445_channel_1,True,False,29,Jan,2023,1445,1,3003.4375,0.8342881944444445,60.80000000000352
2023_analysed,Exp_29_Jan_2023_1545_channel_0,True,False,29,Jan,2023,1545,0,3003.4479166666665,0.8342910879629629,110.00000000000084
2023_analysed,Exp_29_Jan_2023_1545_channel_1,True,False,29,Jan,2023,1545,1,3003.4479166666665,0.8342910879629629,81.5999999999999
2023_analysed,Exp_29_Jan_2023_1645_channel_0,True,False,29,Jan,2023,1645,0,3003.6458333333335,0.8343460648148149,2.3999999999998067
2023_analysed,Exp_29_Jan_2023_1645_channel_1,True,False,29,Jan,2023,1645,1,3003.6458333333335,0.8343460648148149,7.999999999999368
2023_analysed,Exp_29_Jan_2023_1745_channel_0,True,False,29,Jan,2023,1745,0,3003.6041666666665,0.8343344907407407,3.60000000000025
2023_analysed,Exp_29_Jan_2023_1745_channel_1,True,False,29,Jan,2023,1745,1,3003.6041666666665,0.8343344907407407,5.599999999999852
2023_analysed,Exp_29_Jul_2023_0745_channel_1,True,False,29,Jul,2023,0745,1,3008.0833333333335,0.8355787037037038,22.799999999999955
2023_analysed,Exp_29_Jul_2023_0945_channel_0,True,False,29,Jul,2023,0945,0,3008.1041666666665,0.8355844907407407,11.19999999999989
2023_analysed,Exp_29_Jul_2023_1145_channel_0,True,False,29,Jul,2023,1145,0,3009.5520833333335,0.8359866898148148,19.599999999999994
2023_analysed,Exp_29_Jun_2023_0745_channel_0,True,False,29,Jun,2023,0745,0,3003.4895833333335,0.8343026620370371,9.999999999999881
2023_analysed,Exp_29_Jun_2023_0745_channel_1,True,False,29,Jun,2023,0745,1,3003.4895833333335,0.8343026620370371,9.599999999999811
2023_analysed,Exp_29_Jun_2023_0845_channel_0,True,False,29,Jun,2023,0845,0,3003.46875,0.834296875,9.200000000000045
2023_analysed,Exp_29_Jun_2023_0845_channel_1,True,False,29,Jun,2023,0845,1,3003.46875,0.834296875,4.8000000000000895
2023_analysed,Exp_29_Jun_2023_0945_channel_0,True,False,29,Jun,2023,0945,0,3003.5208333333335,0.8343113425925927,33.99999999999886
2023_analysed,Exp_29_Jun_2023_0945_channel_1,True,False,29,Jun,2023,0945,1,3003.5208333333335,0.8343113425925927,121.99999999999869
2023_analysed,Exp_29_Jun_2023_1045_channel_0,True,False,29,Jun,2023,1045,0,3003.5416666666665,0.8343171296296296,55.60000000000473
2023_analysed,Exp_29_Jun_2023_1045_channel_1,True,False,29,Jun,2023,1045,1,3003.5416666666665,0.8343171296296296,66.4000000000022
2023_analysed,Exp_29_Jun_2023_1145_channel_0,True,False,29,Jun,2023,1145,0,3003.4479166666665,0.8342910879629629,137.59999999999997
2023_analysed,Exp_29_Jun_2023_1145_channel_1,True,False,29,Jun,2023,1145,1,3003.4479166666665,0.8342910879629629,241.20000000000027
2023_analysed,Exp_29_Jun_2023_1245_channel_0,True,False,29,Jun,2023,1245,0,3003.3645833333335,0.8342679398148148,76.80000000000169
2023_analysed,Exp_29_Jun_2023_1245_channel_1,True,False,29,Jun,2023,1245,1,3003.3645833333335,0.8342679398148148,72.40000000000242
2023_analysed,Exp_29_Jun_2023_1345_channel_0,True,False,29,Jun,2023,1345,0,3003.3854166666665,0.8342737268518519,64.00000000000011
2023_analysed,Exp_29_Jun_2023_1345_channel_1,True,False,29,Jun,2023,1345,1,3003.3854166666665,0.8342737268518519,189.20000000000084
2023_analysed,Exp_29_Jun_2023_1445_channel_0,True,False,29,Jun,2023,1445,0,3003.3645833333335,0.8342679398148148,207.99999999999872
2023_analysed,Exp_29_Jun_2023_1445_channel_1,True,False,29,Jun,2023,1445,1,3003.3645833333335,0.8342679398148148,36.40000000000339
2023_analysed,Exp_29_Jun_2023_1545_channel_0,True,False,29,Jun,2023,1545,0,3003.5,0.8343055555555555,92.40000000000019
2023_analysed,Exp_29_Jun_2023_1545_channel_1,True,False,29,Jun,2023,1545,1,3003.5,0.8343055555555555,167.59999999999997
2023_analysed,Exp_29_Jun_2023_1645_channel_0,True,False,29,Jun,2023,1645,0,3003.4479166666665,0.8342910879629629,72.00000000000067
2023_analysed,Exp_29_Jun_2023_1645_channel_1,True,False,29,Jun,2023,1645,1,3003.4479166666665,0.8342910879629629,24.800000000000175
2023_analysed,Exp_29_Jun_2023_1745_channel_0,True,False,29,Jun,2023,1745,0,3003.5729166666665,0.8343258101851851,51.60000000000022
2023_analysed,Exp_29_Jun_2023_1745_channel_1,True,False,29,Jun,2023,1745,1,3003.5729166666665,0.8343258101851851,12.800000000000807
2023_analysed,Exp_29_May_2023_0745_channel_0,True,False,29,May,2023,0745,0,2999.9479166666665,0.8333188657407407,0.39999999999997726
2023_analysed,Exp_29_May_2023_0745_channel_1,True,False,29,May,2023,0745,1,2999.9479166666665,0.8333188657407407,0.40000000000009095
2023_analysed,Exp_29_May_2023_0745_channel_2,True,False,29,May,2023,0745,2,2999.9479166666665,0.8333188657407407,79.20000000000064
2023_analysed,Exp_29_May_2023_0845_channel_0,True,False,29,May,2023,0845,0,3003.375,0.8342708333333333,8.799999999999812
2023_analysed,Exp_29_May_2023_0845_channel_1,True,False,29,May,2023,0845,1,3003.375,0.8342708333333333,22.800000000002257
2023_analysed,Exp_29_May_2023_0845_channel_2,True,False,29,May,2023,0845,2,3003.375,0.8342708333333333,23.999999999999947
2023_analysed,Exp_29_May_2023_0945_channel_0,True,False,29,May,2023,0945,0,3003.4791666666665,0.8342997685185185,12.800000000000352
2023_analysed,Exp_29_May_2023_0945_channel_1,True,False,29,May,2023,0945,1,3003.4791666666665,0.8342997685185185,64.00000000000105
2023_analysed,Exp_29_May_2023_0945_channel_2,True,False,29,May,2023,0945,2,3003.4791666666665,0.8342997685185185,18.000000000001194
2023_analysed,Exp_29_May_2023_1045_channel_0,True,False,29,May,2023,1045,0,3003.4583333333335,0.8342939814814815,6.800000000000281
2023_analysed,Exp_29_May_2023_1045_channel_1,True,False,29,May,2023,1045,1,3003.4583333333335,0.8342939814814815,2.3999999999998867
2023_analysed,Exp_29_May_2023_1045_channel_2,True,False,29,May,2023,1045,2,3003.4583333333335,0.8342939814814815,17.200000000001268
2023_analysed,Exp_29_May_2023_1145_channel_0,True,False,29,May,2023,1145,0,3003.4583333333335,0.8342939814814815,43.19999999999797
2023_analysed,Exp_29_May_2023_1145_channel_1,True,False,29,May,2023,1145,1,3003.4583333333335,0.8342939814814815,125.60000000000048
2023_analysed,Exp_29_May_2023_1145_channel_2,True,False,29,May,2023,1145,2,3003.4583333333335,0.8342939814814815,21.999999999999716
2023_analysed,Exp_29_May_2023_1245_channel_0,True,False,29,May,2023,1245,0,3003.625,0.8343402777777778,22.000000000000057
2023_analysed,Exp_29_May_2023_1245_channel_1,True,False,29,May,2023,1245,1,3003.625,0.8343402777777778,35.59999999999972
2023_analysed,Exp_29_May_2023_1245_channel_2,True,False,29,May,2023,1245,2,3003.625,0.8343402777777778,22.000000000000163
2023_analysed,Exp_29_May_2023_1345_channel_0,True,False,29,May,2023,1345,0,3003.34375,0.8342621527777778,40.400000000000816
2023_analysed,Exp_29_May_2023_1345_channel_1,True,False,29,May,2023,1345,1,3003.34375,0.8342621527777778,156.39999999999895
2023_analysed,Exp_29_May_2023_1345_channel_2,True,False,29,May,2023,1345,2,3003.34375,0.8342621527777778,2.4000000000001123
2023_analysed,Exp_29_May_2023_1445_channel_0,True,False,29,May,2023,1445,0,3003.40625,0.8342795138888889,108.40000000000464
2023_analysed,Exp_29_May_2023_1445_channel_1,True,False,29,May,2023,1445,1,3003.40625,0.8342795138888889,200.80000000000126
2023_analysed,Exp_29_May_2023_1445_channel_2,True,False,29,May,2023,1445,2,3003.40625,0.8342795138888889,0.8000000000000682
2023_analysed,Exp_29_May_2023_1545_channel_0,True,False,29,May,2023,1545,0,3003.5208333333335,0.8343113425925927,28.000000000000654
2023_analysed,Exp_29_May_2023_1545_channel_1,True,False,29,May,2023,1545,1,3003.5208333333335,0.8343113425925927,196.80000000000098
2023_analysed,Exp_29_May_2023_1545_channel_2,True,False,29,May,2023,1545,2,3003.5208333333335,0.8343113425925927,27.99999999999909
2023_analysed,Exp_29_May_2023_1645_channel_0,True,False,29,May,2023,1645,0,3003.4791666666665,0.8342997685185185,12.399999999999931
2023_analysed,Exp_29_May_2023_1645_channel_1,True,False,29,May,2023,1645,1,3003.4791666666665,0.8342997685185185,7.200000000000138
2023_analysed,Exp_29_May_2023_1645_channel_2,True,False,29,May,2023,1645,2,3003.4791666666665,0.8342997685185185,73.99999999999986
2023_analysed,Exp_29_May_2023_1745_channel_0,True,False,29,May,2023,1745,0,3003.4375,0.8342881944444445,5.599999999999227
2023_analysed,Exp_29_May_2023_1745_channel_1,True,False,29,May,2023,1745,1,3003.4375,0.8342881944444445,2.4000000000002615
2023_analysed,Exp_29_May_2023_1745_channel_2,True,False,29,May,2023,1745,2,3003.4375,0.8342881944444445,143.5999999999974
2023_analysed,Exp_29_Nov_2023_1245_channel_1,True,False,29,Nov,2023,1245,1,3008.40625,0.8356684027777778,119.20000000000198
2023_analysed,Exp_29_Nov_2023_1545_channel_1,True,False,29,Nov,2023,1545,1,3008.0729166666665,0.8355758101851851,251.99999999999815
2023_analysed,Exp_29_Oct_2023_1045_channel_1,True,False,29,Oct,2023,1045,1,3008.1770833333335,0.8356047453703704,20.80000000000168
2023_analysed,Exp_30_Apr_2023_0745_channel_0,True,False,30,Apr,2023,0745,0,3003.3958333333335,0.8342766203703704,6.399999999999125
2023_analysed,Exp_30_Apr_2023_0745_channel_1,True,False,30,Apr,2023,0745,1,3003.3958333333335,0.8342766203703704,7.600000000000023
2023_analysed,Exp_30_Apr_2023_0745_channel_2,True,False,30,Apr,2023,0745,2,3003.3958333333335,0.8342766203703704,36.39999999999968
2023_analysed,Exp_30_Apr_2023_0845_channel_0,True,False,30,Apr,2023,0845,0,3003.3854166666665,0.8342737268518519,10.399999999999537
2023_analysed,Exp_30_Apr_2023_0845_channel_1,True,False,30,Apr,2023,0845,1,3003.3854166666665,0.8342737268518519,14.000000000001194
2023_analysed,Exp_30_Apr_2023_0845_channel_2,True,False,30,Apr,2023,0845,2,3003.3854166666665,0.8342737268518519,20.40000000000026
2023_analysed,Exp_30_Apr_2023_0945_channel_0,True,False,30,Apr,2023,0945,0,3003.4583333333335,0.8342939814814815,205.20000000000016
2023_analysed,Exp_30_Apr_2023_0945_channel_1,True,False,30,Apr,2023,0945,1,3003.4583333333335,0.8342939814814815,178.00000000000176
2023_analysed,Exp_30_Apr_2023_0945_channel_2,True,False,30,Apr,2023,0945,2,3003.4583333333335,0.8342939814814815,3.199999999999932
2023_analysed,Exp_30_Apr_2023_1045_channel_0,True,False,30,Apr,2023,1045,0,3003.5,0.8343055555555555,512.7999999999993
2023_analysed,Exp_30_Apr_2023_1045_channel_1,True,False,30,Apr,2023,1045,1,3003.5,0.8343055555555555,320.3999999999983
2023_analysed,Exp_30_Apr_2023_1045_channel_2,True,False,30,Apr,2023,1045,2,3003.5,0.8343055555555555,1.999999999999602
2023_analysed,Exp_30_Apr_2023_1145_channel_0,True,False,30,Apr,2023,1145,0,3003.4895833333335,0.8343026620370371,33.20000000000127
2023_analysed,Exp_30_Apr_2023_1145_channel_1,True,False,30,Apr,2023,1145,1,3003.4895833333335,0.8343026620370371,33.59999999999978
2023_analysed,Exp_30_Apr_2023_1145_channel_2,True,False,30,Apr,2023,1145,2,3003.4895833333335,0.8343026620370371,9.200000000000978
2023_analysed,Exp_30_Apr_2023_1245_channel_0,True,False,30,Apr,2023,1245,0,3003.3854166666665,0.8342737268518519,77.20000000000054
2023_analysed,Exp_30_Apr_2023_1245_channel_1,True,False,30,Apr,2023,1245,1,3003.3854166666665,0.8342737268518519,99.60000000000414
2023_analysed,Exp_30_Apr_2023_1245_channel_2,True,False,30,Apr,2023,1245,2,3003.3854166666665,0.8342737268518519,20.00000000000091
2023_analysed,Exp_30_Apr_2023_1345_channel_0,True,False,30,Apr,2023,1345,0,3003.4166666666665,0.8342824074074073,24.39999999999958
2023_analysed,Exp_30_Apr_2023_1345_channel_1,True,False,30,Apr,2023,1345,1,3003.4166666666665,0.8342824074074073,88.40000000000123
2023_analysed,Exp_30_Apr_2023_1345_channel_2,True,False,30,Apr,2023,1345,2,3003.4166666666665,0.8342824074074073,10.800000000000296
2023_analysed,Exp_30_Apr_2023_1445_channel_0,True,False,30,Apr,2023,1445,0,3003.5,0.8343055555555555,41.200000000001594
2023_analysed,Exp_30_Apr_2023_1445_channel_1,True,False,30,Apr,2023,1445,1,3003.5,0.8343055555555555,280.3999999999934
2023_analysed,Exp_30_Apr_2023_1445_channel_2,True,False,30,Apr,2023,1445,2,3003.5,0.8343055555555555,0.0
2023_analysed,Exp_30_Apr_2023_1545_channel_0,True,False,30,Apr,2023,1545,0,3003.4375,0.8342881944444445,31.599999999998076
2023_analysed,Exp_30_Apr_2023_1545_channel_1,True,False,30,Apr,2023,1545,1,3003.4375,0.8342881944444445,27.999999999999588
2023_analysed,Exp_30_Apr_2023_1545_channel_2,True,False,30,Apr,2023,1545,2,3003.4375,0.8342881944444445,0.0
2023_analysed,Exp_30_Apr_2023_1645_channel_0,True,False,30,Apr,2023,1645,0,3003.34375,0.8342621527777778,10.800000000000006
2023_analysed,Exp_30_Apr_2023_1645_channel_1,True,False,30,Apr,2023,1645,1,3003.34375,0.8342621527777778,0.0
2023_analysed,Exp_30_Apr_2023_1645_channel_2,True,False,30,Apr,2023,1645,2,3003.34375,0.8342621527777778,0.0
2023_analysed,Exp_30_Apr_2023_1745_channel_0,True,False,30,Apr,2023,1745,0,3003.6458333333335,0.8343460648148149,0.0
2023_analysed,Exp_30_Apr_2023_1745_channel_1,True,False,30,Apr,2023,1745,1,3003.6458333333335,0.8343460648148149,9.999999999999943
2023_analysed,Exp_30_Apr_2023_1745_channel_2,True,False,30,Apr,2023,1745,2,3003.6458333333335,0.8343460648148149,0.0
2023_analysed,Exp_30_Dec_2023_0745_channel_0,True,False,30,Dec,2023,0745,0,3006.53125,0.8351475694444445,15.199999999999989
2023_analysed,Exp_30_Dec_2023_0945_channel_1,True,False,30,Dec,2023,0945,1,3008.4895833333335,0.835691550925926,70.8000000000004
2023_analysed,Exp_30_Dec_2023_1245_channel_1,True,False,30,Dec,2023,1245,1,3006.8854166666665,0.835245949074074,8.40000000000051
2023_analysed,Exp_30_Dec_2023_1445_channel_1,True,False,30,Dec,2023,1445,1,3010.7083333333335,0.8363078703703705,69.6000000000061
2023_analysed,Exp_30_Jan_2023_0745_channel_0,True,False,30,Jan,2023,0745,0,3003.3854166666665,0.8342737268518519,3.6000000000001364
2023_analysed,Exp_30_Jan_2023_0745_channel_1,True,False,30,Jan,2023,0745,1,3003.3854166666665,0.8342737268518519,5.200000000000273
2023_analysed,Exp_30_Jan_2023_0845_channel_0,True,False,30,Jan,2023,0845,0,3003.5104166666665,0.834308449074074,24.399999999999082
2023_analysed,Exp_30_Jan_2023_0845_channel_1,True,False,30,Jan,2023,0845,1,3003.5104166666665,0.834308449074074,19.200000000001207
2023_analysed,Exp_30_Jan_2023_0945_channel_0,True,False,30,Jan,2023,0945,0,3003.625,0.8343402777777778,95.20000000000056
2023_analysed,Exp_30_Jan_2023_0945_channel_1,True,False,30,Jan,2023,0945,1,3003.625,0.8343402777777778,81.6000000000008
2023_analysed,Exp_30_Jan_2023_1045_channel_0,True,False,30,Jan,2023,1045,0,3003.5625,0.8343229166666667,7.2000000000005
2023_analysed,Exp_30_Jan_2023_1045_channel_1,True,False,30,Jan,2023,1045,1,3003.5625,0.8343229166666667,15.200000000001474
2023_analysed,Exp_30_Jan_2023_1145_channel_0,True,False,30,Jan,2023,1145,0,3003.40625,0.8342795138888889,158.8000000000011
2023_analysed,Exp_30_Jan_2023_1145_channel_1,True,False,30,Jan,2023,1145,1,3003.40625,0.8342795138888889,126.4000000000002
2023_analysed,Exp_30_Jan_2023_1245_channel_0,True,False,30,Jan,2023,1245,0,3003.4895833333335,0.8343026620370371,27.200000000000642
2023_analysed,Exp_30_Jan_2023_1245_channel_1,True,False,30,Jan,2023,1245,1,3003.4895833333335,0.8343026620370371,31.599999999999028
2023_analysed,Exp_30_Jan_2023_1345_channel_0,True,False,30,Jan,2023,1345,0,3003.5520833333335,0.8343200231481482,121.99999999999937
2023_analysed,Exp_30_Jan_2023_1345_channel_1,True,False,30,Jan,2023,1345,1,3003.5520833333335,0.8343200231481482,94.40000000000015
2023_analysed,Exp_30_Jan_2023_1445_channel_0,True,False,30,Jan,2023,1445,0,3003.4583333333335,0.8342939814814815,189.60000000000178
2023_analysed,Exp_30_Jan_2023_1445_channel_1,True,False,30,Jan,2023,1445,1,3003.4583333333335,0.8342939814814815,111.60000000000207
2023_analysed,Exp_30_Jan_2023_1545_channel_0,True,False,30,Jan,2023,1545,0,3003.5104166666665,0.834308449074074,94.00000000000024
2023_analysed,Exp_30_Jan_2023_1545_channel_1,True,False,30,Jan,2023,1545,1,3003.5104166666665,0.834308449074074,66.80000000000032
2023_analysed,Exp_30_Jan_2023_1645_channel_0,True,False,30,Jan,2023,1645,0,3003.4895833333335,0.8343026620370371,1.200000000000074
2023_analysed,Exp_30_Jan_2023_1645_channel_1,True,False,30,Jan,2023,1645,1,3003.4895833333335,0.8343026620370371,3.6000000000001933
2023_analysed,Exp_30_Jan_2023_1745_channel_0,True,False,30,Jan,2023,1745,0,3003.5416666666665,0.8343171296296296,3.600000000000364
2023_analysed,Exp_30_Jan_2023_1745_channel_1,True,False,30,Jan,2023,1745,1,3003.5416666666665,0.8343171296296296,6.399999999999318
2023_analysed,Exp_30_Jun_2023_0745_channel_0,True,False,30,Jun,2023,0745,0,3003.46875,0.834296875,8.000000000000156
2023_analysed,Exp_30_Jun_2023_0745_channel_1,True,False,30,Jun,2023,0745,1,3003.46875,0.834296875,5.199999999999882
2023_analysed,Exp_30_Jun_2023_0845_channel_0,True,False,30,Jun,2023,0845,0,3003.5208333333335,0.8343113425925927,0.0
2023_analysed,Exp_30_Jun_2023_0845_channel_1,True,False,30,Jun,2023,0845,1,3003.5208333333335,0.8343113425925927,28.39999999999877
2023_analysed,Exp_30_Jun_2023_0945_channel_0,True,False,30,Jun,2023,0945,0,3003.4479166666665,0.8342910879629629,84.39999999999978
2023_analysed,Exp_30_Jun_2023_0945_channel_1,True,False,30,Jun,2023,0945,1,3003.4479166666665,0.8342910879629629,165.2000000000016
2023_analysed,Exp_30_Jun_2023_1045_channel_0,True,False,30,Jun,2023,1045,0,3003.5,0.8343055555555555,76.79999999999981
2023_analysed,Exp_30_Jun_2023_1045_channel_1,True,False,30,Jun,2023,1045,1,3003.5,0.8343055555555555,29.999999999999616
2023_analysed,Exp_30_Jun_2023_1145_channel_0,True,False,30,Jun,2023,1145,0,3003.6770833333335,0.8343547453703705,126.80000000000052
2023_analysed,Exp_30_Jun_2023_1145_channel_1,True,False,30,Jun,2023,1145,1,3003.6770833333335,0.8343547453703705,170.40000000000006
2023_analysed,Exp_30_Jun_2023_1245_channel_0,True,False,30,Jun,2023,1245,0,3003.53125,0.8343142361111111,159.99999999999613
2023_analysed,Exp_30_Jun_2023_1245_channel_1,True,False,30,Jun,2023,1245,1,3003.53125,0.8343142361111111,105.19999999999905
2023_analysed,Exp_30_Jun_2023_1345_channel_0,True,False,30,Jun,2023,1345,0,3003.4791666666665,0.8342997685185185,156.00000000000156
2023_analysed,Exp_30_Jun_2023_1345_channel_1,True,False,30,Jun,2023,1345,1,3003.4791666666665,0.8342997685185185,261.2000000000026
2023_analysed,Exp_30_Jun_2023_1445_channel_0,True,False,30,Jun,2023,1445,0,3003.7395833333335,0.8343721064814815,353.5999999999974
2023_analysed,Exp_30_Jun_2023_1445_channel_1,True,False,30,Jun,2023,1445,1,3003.7395833333335,0.8343721064814815,344.4000000000001
2023_analysed,Exp_30_Jun_2023_1545_channel_0,True,False,30,Jun,2023,1545,0,3003.375,0.8342708333333333,123.20000000000263
2023_analysed,Exp_30_Jun_2023_1545_channel_1,True,False,30,Jun,2023,1545,1,3003.375,0.8342708333333333,345.9999999999949
2023_analysed,Exp_30_Jun_2023_1645_channel_0,True,False,30,Jun,2023,1645,0,3003.3020833333335,0.8342505787037038,127.20000000000249
2023_analysed,Exp_30_Jun_2023_1645_channel_1,True,False,30,Jun,2023,1645,1,3003.3020833333335,0.8342505787037038,37.20000000000018
2023_analysed,Exp_30_Jun_2023_1745_channel_0,True,False,30,Jun,2023,1745,0,3003.4375,0.8342881944444445,58.000000000000036
2023_analysed,Exp_30_Jun_2023_1745_channel_1,True,False,30,Jun,2023,1745,1,3003.4375,0.8342881944444445,15.199999999999886
2023_analysed,Exp_30_May_2023_0745_channel_0,True,False,30,May,2023,0745,0,3003.40625,0.8342795138888889,2.0
2023_analysed,Exp_30_May_2023_0745_channel_1,True,False,30,May,2023,0745,1,3003.40625,0.8342795138888889,1.6000000000002217
2023_analysed,Exp_30_May_2023_0745_channel_2,True,False,30,May,2023,0745,2,3003.40625,0.8342795138888889,0.0
2023_analysed,Exp_30_May_2023_0845_channel_0,True,False,30,May,2023,0845,0,3003.34375,0.8342621527777778,4.399999999999636
2023_analysed,Exp_30_May_2023_0845_channel_1,True,False,30,May,2023,0845,1,3003.34375,0.8342621527777778,14.399999999999181
2023_analysed,Exp_30_May_2023_0845_channel_2,True,False,30,May,2023,0845,2,3003.34375,0.8342621527777778,0.0
2023_analysed,Exp_30_May_2023_0945_channel_0,True,False,30,May,2023,0945,0,3003.4479166666665,0.8342910879629629,60.39999999999975
2023_analysed,Exp_30_May_2023_0945_channel_1,True,False,30,May,2023,0945,1,3003.4479166666665,0.8342910879629629,70.40000000000192
2023_analysed,Exp_30_May_2023_0945_channel_2,True,False,30,May,2023,0945,2,3003.4479166666665,0.8342910879629629,1.599999999999966
2023_analysed,Exp_30_May_2023_1045_channel_0,True,False,30,May,2023,1045,0,3003.4270833333335,0.834285300925926,49.20000000000039
2023_analysed,Exp_30_May_2023_1045_channel_1,True,False,30,May,2023,1045,1,3003.4270833333335,0.834285300925926,29.999999999999503
2023_analysed,Exp_30_May_2023_1045_channel_2,True,False,30,May,2023,1045,2,3003.4270833333335,0.834285300925926,0.0
2023_analysed,Exp_30_May_2023_1145_channel_0,True,False,30,May,2023,1145,0,3003.3333333333335,0.8342592592592593,134.0
2023_analysed,Exp_30_May_2023_1145_channel_1,True,False,30,May,2023,1145,1,3003.3333333333335,0.8342592592592593,218.00000000000148
2023_analysed,Exp_30_May_2023_1145_channel_2,True,False,30,May,2023,1145,2,3003.3333333333335,0.8342592592592593,0.0
2023_analysed,Exp_30_May_2023_1245_channel_0,True,False,30,May,2023,1245,0,3003.5520833333335,0.8343200231481482,48.39999999999881
2023_analysed,Exp_30_May_2023_1245_channel_1,True,False,30,May,2023,1245,1,3003.5520833333335,0.8343200231481482,36.399999999999835
2023_analysed,Exp_30_May_2023_1245_channel_2,True,False,30,May,2023,1245,2,3003.5520833333335,0.8343200231481482,2.000000000000014
2023_analysed,Exp_30_May_2023_1345_channel_0,True,False,30,May,2023,1345,0,3003.3645833333335,0.8342679398148148,42.80000000000145
2023_analysed,Exp_30_May_2023_1345_channel_1,True,False,30,May,2023,1345,1,3003.3645833333335,0.8342679398148148,132.00000000000148
2023_analysed,Exp_30_May_2023_1345_channel_2,True,False,30,May,2023,1345,2,3003.3645833333335,0.8342679398148148,3.59999999999971
2023_analysed,Exp_30_May_2023_1445_channel_0,True,False,30,May,2023,1445,0,3003.3645833333335,0.8342679398148148,39.99999999999761
2023_analysed,Exp_30_May_2023_1445_channel_1,True,False,30,May,2023,1445,1,3003.3645833333335,0.8342679398148148,76.79999999999995
2023_analysed,Exp_30_May_2023_1445_channel_2,True,False,30,May,2023,1445,2,3003.3645833333335,0.8342679398148148,3.19999999999996
2023_analysed,Exp_30_May_2023_1545_channel_0,True,False,30,May,2023,1545,0,3003.4895833333335,0.8343026620370371,37.99999999999986
2023_analysed,Exp_30_May_2023_1545_channel_1,True,False,30,May,2023,1545,1,3003.4895833333335,0.8343026620370371,114.40000000000079
2023_analysed,Exp_30_May_2023_1545_channel_2,True,False,30,May,2023,1545,2,3003.4895833333335,0.8343026620370371,0.0
2023_analysed,Exp_30_May_2023_1645_channel_0,True,False,30,May,2023,1645,0,3003.3854166666665,0.8342737268518519,6.800000000000466
2023_analysed,Exp_30_May_2023_1645_channel_1,True,False,30,May,2023,1645,1,3003.3854166666665,0.8342737268518519,5.999999999998579
2023_analysed,Exp_30_May_2023_1645_channel_2,True,False,30,May,2023,1645,2,3003.3854166666665,0.8342737268518519,0.0
2023_analysed,Exp_30_May_2023_1745_channel_0,True,False,30,May,2023,1745,0,3003.5729166666665,0.8343258101851851,102.39999999999799
2023_analysed,Exp_30_May_2023_1745_channel_1,True,False,30,May,2023,1745,1,3003.5729166666665,0.8343258101851851,54.39999999999978
2023_analysed,Exp_30_May_2023_1745_channel_2,True,False,30,May,2023,1745,2,3003.5729166666665,0.8343258101851851,7.19999999999996
2023_analysed,Exp_30_Nov_2023_1245_channel_1,True,False,30,Nov,2023,1245,1,3008.6041666666665,0.8357233796296296,2.3999999999999773
2023_analysed,Exp_30_Nov_2023_1345_channel_1,True,False,30,Nov,2023,1345,1,3008.2395833333335,0.8356221064814815,88.79999999999858
2023_analysed,Exp_31_Dec_2023_0745_channel_0,True,False,31,Dec,2023,0745,0,3008.3541666666665,0.8356539351851852,5.999999999999659
2023_analysed,Exp_31_Dec_2023_1545_channel_0,True,False,31,Dec,2023,1545,0,3010.3854166666665,0.8362181712962963,65.20000000000051
2023_analysed,Exp_31_Jan_2023_0745_channel_0,True,False,31,Jan,2023,0745,0,3003.6666666666665,0.8343518518518518,0.0
2023_analysed,Exp_31_Jan_2023_0745_channel_1,True,False,31,Jan,2023,0745,1,3003.6666666666665,0.8343518518518518,0.39999999999997726
2023_analysed,Exp_31_Jan_2023_0845_channel_0,True,False,31,Jan,2023,0845,0,3004.0833333333335,0.8344675925925926,9.600000000000136
2023_analysed,Exp_31_Jan_2023_0845_channel_1,True,False,31,Jan,2023,0845,1,3004.0833333333335,0.8344675925925926,15.999999999999773
2023_analysed,Exp_31_Jan_2023_0945_channel_0,True,False,31,Jan,2023,0945,0,3003.6458333333335,0.8343460648148149,14.399999999999437
2023_analysed,Exp_31_Jan_2023_0945_channel_1,True,False,31,Jan,2023,0945,1,3003.6458333333335,0.8343460648148149,6.000000000000284
2023_analysed,Exp_31_Jan_2023_1045_channel_0,True,False,31,Jan,2023,1045,0,3003.40625,0.8342795138888889,12.79999999999907
2023_analysed,Exp_31_Jan_2023_1045_channel_1,True,False,31,Jan,2023,1045,1,3003.40625,0.8342795138888889,0.4000000000000057
2023_analysed,Exp_31_Jan_2023_1145_channel_0,True,False,31,Jan,2023,1145,0,3007.1041666666665,0.8353067129629629,142.80000000000115
2023_analysed,Exp_31_Jan_2023_1145_channel_1,True,False,31,Jan,2023,1145,1,3007.1041666666665,0.8353067129629629,0.0
2023_analysed,Exp_31_Jan_2023_1245_channel_0,True,False,31,Jan,2023,1245,0,1371.125,0.38086805555555553,3.1999999999999886
2023_analysed,Exp_31_Jan_2023_1245_channel_1,True,False,31,Jan,2023,1245,1,1371.125,0.38086805555555553,2.0
2023_analysed,Exp_31_Jan_2023_1545_channel_0,True,False,31,Jan,2023,1545,0,3003.9479166666665,0.8344299768518518,169.6000000000016
2023_analysed,Exp_31_Jan_2023_1545_channel_1,True,False,31,Jan,2023,1545,1,3003.9479166666665,0.8344299768518518,0.0
2023_analysed,Exp_31_Jan_2023_1645_channel_0,True,False,31,Jan,2023,1645,0,3003.78125,0.8343836805555556,2.8000000000000114
2023_analysed,Exp_31_Jan_2023_1645_channel_1,True,False,31,Jan,2023,1645,1,3003.78125,0.8343836805555556,0.4000000000000057
2023_analysed,Exp_31_Jan_2023_1745_channel_0,True,False,31,Jan,2023,1745,0,3003.5625,0.8343229166666667,1.2000000000002728
2023_analysed,Exp_31_Jan_2023_1745_channel_1,True,False,31,Jan,2023,1745,1,3003.5625,0.8343229166666667,0.40000000000009095
2023_analysed,Exp_31_May_2023_0745_channel_0,True,False,31,May,2023,0745,0,3003.2916666666665,0.8342476851851851,1.6000000000000227
2023_analysed,Exp_31_May_2023_0745_channel_1,True,False,31,May,2023,0745,1,3003.2916666666665,0.8342476851851851,1.9999999999998295
2023_analysed,Exp_31_May_2023_0745_channel_2,True,False,31,May,2023,0745,2,3003.2916666666665,0.8342476851851851,0.0
2023_analysed,Exp_31_May_2023_0845_channel_0,True,False,31,May,2023,0845,0,3004.09375,0.8344704861111111,13.599999999999682
2023_analysed,Exp_31_May_2023_0845_channel_1,True,False,31,May,2023,0845,1,3004.09375,0.8344704861111111,11.600000000000534
2023_analysed,Exp_31_May_2023_0845_channel_2,True,False,31,May,2023,0845,2,3004.09375,0.8344704861111111,0.0
2023_analysed,Exp_31_May_2023_0945_channel_0,True,False,31,May,2023,0945,0,3003.5520833333335,0.8343200231481482,12.400000000000077
2023_analysed,Exp_31_May_2023_0945_channel_1,True,False,31,May,2023,0945,1,3003.5520833333335,0.8343200231481482,84.0000000000001
2023_analysed,Exp_31_May_2023_0945_channel_2,True,False,31,May,2023,0945,2,3003.5520833333335,0.8343200231481482,0.0
2023_analysed,Exp_31_May_2023_1045_channel_0,True,False,31,May,2023,1045,0,3003.53125,0.8343142361111111,12.399999999998123
2023_analysed,Exp_31_May_2023_1045_channel_1,True,False,31,May,2023,1045,1,3003.53125,0.8343142361111111,14.399999999999409
2023_analysed,Exp_31_May_2023_1045_channel_2,True,False,31,May,2023,1045,2,3003.53125,0.8343142361111111,0.0
2023_analysed,Exp_31_May_2023_1145_channel_0,True,False,31,May,2023,1145,0,3003.4375,0.8342881944444445,28.79999999999979
2023_analysed,Exp_31_May_2023_1145_channel_1,True,False,31,May,2023,1145,1,3003.4375,0.8342881944444445,114.79999999999988
2023_analysed,Exp_31_May_2023_1145_channel_2,True,False,31,May,2023,1145,2,3003.4375,0.8342881944444445,0.0
2023_analysed,Exp_31_May_2023_1245_channel_0,True,False,31,May,2023,1245,0,3003.4791666666665,0.8342997685185185,57.200000000000045
2023_analysed,Exp_31_May_2023_1245_channel_1,True,False,31,May,2023,1245,1,3003.4791666666665,0.8342997685185185,26.39999999999918
2023_analysed,Exp_31_May_2023_1245_channel_2,True,False,31,May,2023,1245,2,3003.4791666666665,0.8342997685185185,0.0
2023_analysed,Exp_31_May_2023_1345_channel_0,True,False,31,May,2023,1345,0,3003.5416666666665,0.8343171296296296,66.8000000000027
2023_analysed,Exp_31_May_2023_1345_channel_1,True,False,31,May,2023,1345,1,3003.5416666666665,0.8343171296296296,149.60000000000096
2023_analysed,Exp_31_May_2023_1345_channel_2,True,False,31,May,2023,1345,2,3003.5416666666665,0.8343171296296296,0.0
2023_analysed,Exp_31_May_2023_1445_channel_0,True,False,31,May,2023,1445,0,3003.7395833333335,0.8343721064814815,69.99999999999923
2023_analysed,Exp_31_May_2023_1445_channel_1,True,False,31,May,2023,1445,1,3003.7395833333335,0.8343721064814815,108.00000000000281
2023_analysed,Exp_31_May_2023_1445_channel_2,True,False,31,May,2023,1445,2,3003.7395833333335,0.8343721064814815,0.0
2023_analysed,Exp_31_May_2023_1545_channel_0,True,False,31,May,2023,1545,0,3003.4479166666665,0.8342910879629629,47.19999999999894
2023_analysed,Exp_31_May_2023_1545_channel_1,True,False,31,May,2023,1545,1,3003.4479166666665,0.8342910879629629,191.20000000000007
2023_analysed,Exp_31_May_2023_1545_channel_2,True,False,31,May,2023,1545,2,3003.4479166666665,0.8342910879629629,0.0
2023_analysed,Exp_31_May_2023_1645_channel_0,True,False,31,May,2023,1645,0,3003.4270833333335,0.834285300925926,21.20000000000057
2023_analysed,Exp_31_May_2023_1645_channel_1,True,False,31,May,2023,1645,1,3003.4270833333335,0.834285300925926,3.599999999999767
2023_analysed,Exp_31_May_2023_1645_channel_2,True,False,31,May,2023,1645,2,3003.4270833333335,0.834285300925926,0.0
2023_analysed,Exp_31_May_2023_1745_channel_0,True,False,31,May,2023,1745,0,3003.5520833333335,0.8343200231481482,9.599999999999824
2023_analysed,Exp_31_May_2023_1745_channel_1,True,False,31,May,2023,1745,1,3003.5520833333335,0.8343200231481482,3.200000000000216
2023_analysed,Exp_31_May_2023_1745_channel_2,True,False,31,May,2023,1745,2,3003.5520833333335,0.8343200231481482,0.0
2024_analysed_jan-apr,Exp_01_Feb_2024_0945_channel_0,True,False,01,Feb,2024,0945,0,3009.7083333333335,0.8360300925925926,0.8000000000000895
2024_analysed_jan-apr,Exp_01_Feb_2024_1245_channel_1,True,False,01,Feb,2024,1245,1,3008.3229166666665,0.8356452546296296,8.000000000000625
2024_analysed_jan-apr,Exp_01_Jan_2024_0845_channel_0,True,False,01,Jan,2024,0845,0,3007.9270833333335,0.835535300925926,32.00000000000128
2024_analysed_jan-apr,Exp_01_Jan_2024_1145_channel_1,True,False,01,Jan,2024,1145,1,3008.7291666666665,0.8357581018518518,40.79999999999956
2024_analysed_jan-apr,Exp_01_Mar_2024_0745_channel_0,True,False,01,Mar,2024,0745,0,3011.0,0.8363888888888888,1.6000000000001364
2024_analysed_jan-apr,Exp_01_Mar_2024_0845_channel_1,True,False,01,Mar,2024,0845,1,3009.4895833333335,0.8359693287037038,24.400000000002137
2024_analysed_jan-apr,Exp_01_Mar_2024_0945_channel_1,True,False,01,Mar,2024,0945,1,3010.1041666666665,0.8361400462962962,34.000000000000014
2024_analysed_jan-apr,Exp_01_Mar_2024_1045_channel_1,True,False,01,Mar,2024,1045,1,3009.28125,0.8359114583333334,38.800000000001205
2024_analysed_jan-apr,Exp_01_Mar_2024_1145_channel_1,True,False,01,Mar,2024,1145,1,3011.3333333333335,0.8364814814814815,95.99999999999883
2024_analysed_jan-apr,Exp_01_Mar_2024_1245_channel_1,True,False,01,Mar,2024,1245,1,3008.3541666666665,0.8356539351851852,3.600000000000591
2024_analysed_jan-apr,Exp_01_Mar_2024_1345_channel_1,True,False,01,Mar,2024,1345,1,3008.2604166666665,0.8356278935185185,156.39999999999986
2024_analysed_jan-apr,Exp_01_Mar_2024_1445_channel_1,True,False,01,Mar,2024,1445,1,3007.7916666666665,0.8354976851851852,18.000000000000483
2024_analysed_jan-apr,Exp_01_Mar_2024_1545_channel_1,True,False,01,Mar,2024,1545,1,3008.7604166666665,0.8357667824074073,188.40000000000512
2024_analysed_jan-apr,Exp_01_Mar_2024_1645_channel_1,True,False,01,Mar,2024,1645,1,3010.75,0.8363194444444444,16.39999999999955
2024_analysed_jan-apr,Exp_02_Feb_2024_0945_channel_1,True,False,02,Feb,2024,0945,1,3008.78125,0.8357725694444444,71.19999999999996
2024_analysed_jan-apr,Exp_02_Jan_2024_1045_channel_1,True,False,02,Jan,2024,1045,1,3006.6145833333335,0.8351707175925926,11.200000000001047
2024_analysed_jan-apr,Exp_02_Jan_2024_1345_channel_0,True,False,02,Jan,2024,1345,0,3010.3020833333335,0.8361950231481482,9.200000000000319
2024_analysed_jan-apr,Exp_02_Mar_2024_0745_channel_1,True,False,02,Mar,2024,0745,1,3007.9583333333335,0.8355439814814816,36.7999999999988
2024_analysed_jan-apr,Exp_02_Mar_2024_0845_channel_1,True,False,02,Mar,2024,0845,1,3008.7083333333335,0.8357523148148148,7.600000000001046
2024_analysed_jan-apr,Exp_02_Mar_2024_0945_channel_1,True,False,02,Mar,2024,0945,1,3007.8645833333335,0.8355179398148148,91.20000000000023
2024_analysed_jan-apr,Exp_02_Mar_2024_1045_channel_1,True,False,02,Mar,2024,1045,1,3009.0416666666665,0.8358449074074074,1.6000000000001933
2024_analysed_jan-apr,Exp_02_Mar_2024_1145_channel_1,True,False,02,Mar,2024,1145,1,3008.34375,0.8356510416666667,104.39999999999944
2024_analysed_jan-apr,Exp_02_Mar_2024_1245_channel_1,True,False,02,Mar,2024,1245,1,3010.6458333333335,0.8362905092592593,0.8000000000001819
2024_analysed_jan-apr,Exp_02_Mar_2024_1345_channel_1,True,False,02,Mar,2024,1345,1,3008.3229166666665,0.8356452546296296,50.39999999999995
2024_analysed_jan-apr,Exp_02_Mar_2024_1445_channel_1,True,False,02,Mar,2024,1445,1,3009.0729166666665,0.8358535879629629,13.600000000000819
2024_analysed_jan-apr,Exp_02_Mar_2024_1545_channel_0,True,False,02,Mar,2024,1545,0,3009.0833333333335,0.8358564814814815,0.3999999999996362
2024_analysed_jan-apr,Exp_02_Mar_2024_1545_channel_1,True,False,02,Mar,2024,1545,1,3009.0833333333335,0.8358564814814815,63.60000000000022
2024_analysed_jan-apr,Exp_02_Mar_2024_1645_channel_0,True,False,02,Mar,2024,1645,0,3007.8125,0.8355034722222222,42.0000000000029
2024_analysed_jan-apr,Exp_02_Mar_2024_1645_channel_1,True,False,02,Mar,2024,1645,1,3007.8125,0.8355034722222222,15.199999999999434
2024_analysed_jan-apr,Exp_03_Mar_2024_0745_channel_1,True,False,03,Mar,2024,0745,1,3008.9895833333335,0.8358304398148149,0.799999999999983
2024_analysed_jan-apr,Exp_03_Mar_2024_0845_channel_0,True,False,03,Mar,2024,0845,0,3009.8645833333335,0.8360734953703705,2.000000000000057
2024_analysed_jan-apr,Exp_03_Mar_2024_0845_channel_1,True,False,03,Mar,2024,0845,1,3009.8645833333335,0.8360734953703705,4.000000000000227
2024_analysed_jan-apr,Exp_03_Mar_2024_0945_channel_0,True,False,03,Mar,2024,0945,0,3008.8333333333335,0.835787037037037,0.3999999999999915
2024_analysed_jan-apr,Exp_03_Mar_2024_0945_channel_1,True,False,03,Mar,2024,0945,1,3008.8333333333335,0.835787037037037,79.59999999999924
2024_analysed_jan-apr,Exp_03_Mar_2024_1045_channel_0,True,False,03,Mar,2024,1045,0,3006.8020833333335,0.8352228009259259,4.000000000000142
2024_analysed_jan-apr,Exp_03_Mar_2024_1045_channel_1,True,False,03,Mar,2024,1045,1,3006.8020833333335,0.8352228009259259,0.39999999999997726
2024_analysed_jan-apr,Exp_03_Mar_2024_1145_channel_0,True,False,03,Mar,2024,1145,0,3007.6666666666665,0.835462962962963,7.2000000000003865
2024_analysed_jan-apr,Exp_03_Mar_2024_1145_channel_1,True,False,03,Mar,2024,1145,1,3007.6666666666665,0.835462962962963,1.1999999999999602
2024_analysed_jan-apr,Exp_03_Mar_2024_1245_channel_0,True,False,03,Mar,2024,1245,0,3007.8958333333335,0.8355266203703704,0.4000000000000057
2024_analysed_jan-apr,Exp_03_Mar_2024_1245_channel_1,True,False,03,Mar,2024,1245,1,3007.8958333333335,0.8355266203703704,3.5999999999998806
2024_analysed_jan-apr,Exp_03_Mar_2024_1345_channel_0,True,False,03,Mar,2024,1345,0,3009.8229166666665,0.8360619212962963,0.7999999999999972
2024_analysed_jan-apr,Exp_03_Mar_2024_1345_channel_1,True,False,03,Mar,2024,1345,1,3009.8229166666665,0.8360619212962963,18.00000000000001
2024_analysed_jan-apr,Exp_03_Mar_2024_1445_channel_0,True,False,03,Mar,2024,1445,0,3009.8125,0.8360590277777777,71.2000000000026
2024_analysed_jan-apr,Exp_03_Mar_2024_1445_channel_1,True,False,03,Mar,2024,1445,1,3009.8125,0.8360590277777777,76.00000000000583
2024_analysed_jan-apr,Exp_03_Mar_2024_1545_channel_1,True,False,03,Mar,2024,1545,1,3007.84375,0.8355121527777778,33.20000000000042
2024_analysed_jan-apr,Exp_03_Mar_2024_1645_channel_1,True,False,03,Mar,2024,1645,1,3006.7604166666665,0.8352112268518518,9.999999999999488
2024_analysed_jan-apr,Exp_04_Jan_2024_1545_channel_1,True,False,04,Jan,2024,1545,1,3008.90625,0.8358072916666667,105.60000000000272
2024_analysed_jan-apr,Exp_04_Mar_2024_0745_channel_1,True,False,04,Mar,2024,0745,1,3008.0729166666665,0.8355758101851851,0.40000000000009095
2024_analysed_jan-apr,Exp_04_Mar_2024_0945_channel_1,True,False,04,Mar,2024,0945,1,3009.0729166666665,0.8358535879629629,92.40000000000077
2024_analysed_jan-apr,Exp_04_Mar_2024_1045_channel_1,True,False,04,Mar,2024,1045,1,3008.1354166666665,0.8355931712962963,2.8000000000004093
2024_analysed_jan-apr,Exp_04_Mar_2024_1145_channel_1,True,False,04,Mar,2024,1145,1,3006.375,0.8351041666666666,108.40000000000147
2024_analysed_jan-apr,Exp_04_Mar_2024_1245_channel_1,True,False,04,Mar,2024,1245,1,3008.6770833333335,0.8357436342592593,15.200000000001864
2024_analysed_jan-apr,Exp_04_Mar_2024_1345_channel_1,True,False,04,Mar,2024,1345,1,3009.4479166666665,0.8359577546296296,66.0000000000004
2024_analysed_jan-apr,Exp_04_Mar_2024_1445_channel_1,True,False,04,Mar,2024,1445,1,3008.3333333333335,0.8356481481481481,10.400000000000134
2024_analysed_jan-apr,Exp_04_Mar_2024_1545_channel_0,True,False,04,Mar,2024,1545,0,3009.3645833333335,0.8359346064814815,0.40000000000009095
2024_analysed_jan-apr,Exp_04_Mar_2024_1545_channel_1,True,False,04,Mar,2024,1545,1,3009.3645833333335,0.8359346064814815,0.4000000000000057
2024_analysed_jan-apr,Exp_05_Mar_2024_0745_channel_1,True,False,05,Mar,2024,0745,1,2992.3541666666665,0.8312094907407407,0.8000000000001819
2024_analysed_jan-apr,Exp_05_Mar_2024_0945_channel_1,True,False,05,Mar,2024,0945,1,3007.5,0.8354166666666667,39.60000000000029
2024_analysed_jan-apr,Exp_05_Mar_2024_1045_channel_1,True,False,05,Mar,2024,1045,1,3007.3854166666665,0.8353848379629629,5.600000000000023
2024_analysed_jan-apr,Exp_05_Mar_2024_1145_channel_1,True,False,05,Mar,2024,1145,1,3009.21875,0.8358940972222222,110.7999999999969
2024_analysed_jan-apr,Exp_05_Mar_2024_1245_channel_1,True,False,05,Mar,2024,1245,1,3006.7708333333335,0.8352141203703705,0.39999999999997726
2024_analysed_jan-apr,Exp_05_Mar_2024_1345_channel_1,True,False,05,Mar,2024,1345,1,3008.3229166666665,0.8356452546296296,46.39999999999975
2024_analysed_jan-apr,Exp_05_Mar_2024_1445_channel_1,True,False,05,Mar,2024,1445,1,3007.7291666666665,0.835480324074074,0.799999999999983
2024_analysed_jan-apr,Exp_05_Mar_2024_1545_channel_1,True,False,05,Mar,2024,1545,1,3007.5,0.8354166666666667,21.99999999999961
2024_analysed_jan-apr,Exp_05_Mar_2024_1645_channel_1,True,False,05,Mar,2024,1645,1,3009.5625,0.8359895833333333,1.200000000000017
2024_analysed_jan-apr,Exp_06_Jan_2024_0745_channel_1,True,False,06,Jan,2024,0745,1,3010.0104166666665,0.8361140046296296,10.000000000001364
2024_analysed_jan-apr,Exp_06_Mar_2024_0745_channel_1,True,False,06,Mar,2024,0745,1,3009.28125,0.8359114583333334,0.7999999999999545
2024_analysed_jan-apr,Exp_06_Mar_2024_0845_channel_1,True,False,06,Mar,2024,0845,1,3007.7291666666665,0.835480324074074,0.3999999999998636
2024_analysed_jan-apr,Exp_06_Mar_2024_0945_channel_1,True,False,06,Mar,2024,0945,1,3008.7604166666665,0.8357667824074073,41.19999999999931
2024_analysed_jan-apr,Exp_06_Mar_2024_1045_channel_1,True,False,06,Mar,2024,1045,1,3006.6041666666665,0.8351678240740741,0.8000000000000114
2024_analysed_jan-apr,Exp_06_Mar_2024_1145_channel_1,True,False,06,Mar,2024,1145,1,3008.3125,0.8356423611111111,28.00000000000052
2024_analysed_jan-apr,Exp_06_Mar_2024_1245_channel_0,True,False,06,Mar,2024,1245,0,3010.6145833333335,0.8362818287037037,0.40000000000009095
2024_analysed_jan-apr,Exp_06_Mar_2024_1345_channel_1,True,False,06,Mar,2024,1345,1,3007.2708333333335,0.8353530092592593,85.20000000000141
2024_analysed_jan-apr,Exp_06_Mar_2024_1445_channel_1,True,False,06,Mar,2024,1445,1,3007.90625,0.8355295138888889,6.4000000000010004
2024_analysed_jan-apr,Exp_06_Mar_2024_1545_channel_1,True,False,06,Mar,2024,1545,1,3009.4166666666665,0.835949074074074,54.80000000000014
2024_analysed_jan-apr,Exp_06_Mar_2024_1645_channel_0,True,False,06,Mar,2024,1645,0,3009.6354166666665,0.8360098379629629,10.400000000000205
2024_analysed_jan-apr,Exp_06_Mar_2024_1645_channel_1,True,False,06,Mar,2024,1645,1,3009.6354166666665,0.8360098379629629,0.39999999999997726
2024_analysed_jan-apr,Exp_07_Jan_2024_0945_channel_1,True,False,07,Jan,2024,0945,1,3012.46875,0.836796875,56.40000000000008
2024_analysed_jan-apr,Exp_07_Mar_2024_0945_channel_1,True,False,07,Mar,2024,0945,1,3008.1041666666665,0.8355844907407407,19.999999999999986
2024_analysed_jan-apr,Exp_07_Mar_2024_1045_channel_1,True,False,07,Mar,2024,1045,1,3009.7291666666665,0.8360358796296296,46.00000000000039
2024_analysed_jan-apr,Exp_07_Mar_2024_1145_channel_1,True,False,07,Mar,2024,1145,1,3009.0208333333335,0.8358391203703704,147.59999999999906
2024_analysed_jan-apr,Exp_07_Mar_2024_1245_channel_1,True,False,07,Mar,2024,1245,1,3009.3333333333335,0.835925925925926,1.6000000000000227
2024_analysed_jan-apr,Exp_07_Mar_2024_1345_channel_1,True,False,07,Mar,2024,1345,1,3006.5208333333335,0.835144675925926,4.0
2024_analysed_jan-apr,Exp_07_Mar_2024_1545_channel_1,True,False,07,Mar,2024,1545,1,3011.0833333333335,0.836412037037037,33.199999999999456
2024_analysed_jan-apr,Exp_07_Mar_2024_1645_channel_1,True,False,07,Mar,2024,1645,1,3007.8229166666665,0.8355063657407407,9.600000000000046
2024_analysed_jan-apr,Exp_08_Jan_2024_0845_channel_0,True,False,08,Jan,2024,0845,0,3008.7395833333335,0.8357609953703704,2.799999999999912
2024_analysed_jan-apr,Exp_08_Jan_2024_1445_channel_1,True,False,08,Jan,2024,1445,1,3009.6875,0.8360243055555555,66.40000000000316
2024_analysed_jan-apr,Exp_08_Mar_2024_0745_channel_1,True,False,08,Mar,2024,0745,1,3008.2708333333335,0.8356307870370371,0.40000000000009095
2024_analysed_jan-apr,Exp_08_Mar_2024_0945_channel_1,True,False,08,Mar,2024,0945,1,3008.71875,0.8357552083333334,31.599999999999795
2024_analysed_jan-apr,Exp_08_Mar_2024_1045_channel_1,True,False,08,Mar,2024,1045,1,3011.375,0.8364930555555555,16.80000000000078
2024_analysed_jan-apr,Exp_08_Mar_2024_1145_channel_1,True,False,08,Mar,2024,1145,1,3010.7708333333335,0.8363252314814815,125.19999999999862
2024_analysed_jan-apr,Exp_08_Mar_2024_1245_channel_1,True,False,08,Mar,2024,1245,1,3009.4375,0.8359548611111111,2.3999999999999773
2024_analysed_jan-apr,Exp_08_Mar_2024_1345_channel_1,True,False,08,Mar,2024,1345,1,3010.1979166666665,0.8361660879629629,71.59999999999727
2024_analysed_jan-apr,Exp_08_Mar_2024_1445_channel_1,True,False,08,Mar,2024,1445,1,3011.3645833333335,0.8364901620370371,3.200000000000273
2024_analysed_jan-apr,Exp_08_Mar_2024_1545_channel_1,True,False,08,Mar,2024,1545,1,3008.0729166666665,0.8355758101851851,253.19999999999936
2024_analysed_jan-apr,Exp_08_Mar_2024_1645_channel_1,True,False,08,Mar,2024,1645,1,3007.6875,0.83546875,7.599999999999994
2024_analysed_jan-apr,Exp_09_Feb_2024_1045_channel_1,True,False,09,Feb,2024,1045,1,3010.6770833333335,0.8362991898148149,16.00000000000105
2024_analysed_jan-apr,Exp_09_Jan_2024_0745_channel_0,True,False,09,Jan,2024,0745,0,3007.0625,0.8352951388888888,2.8000000000006366
2024_analysed_jan-apr,Exp_09_Jan_2024_0845_channel_0,True,False,09,Jan,2024,0845,0,3008.25,0.835625,6.399999999999977
2024_analysed_jan-apr,Exp_09_Jan_2024_1445_channel_1,True,False,09,Jan,2024,1445,1,3009.8333333333335,0.8360648148148149,14.800000000001432
2024_analysed_jan-apr,Exp_09_Mar_2024_0845_channel_1,True,False,09,Mar,2024,0845,1,3009.9375,0.83609375,2.7999999999999545
2024_analysed_jan-apr,Exp_09_Mar_2024_0945_channel_1,True,False,09,Mar,2024,0945,1,3009.1875,0.8358854166666667,81.9999999999979
2024_analysed_jan-apr,Exp_09_Mar_2024_1045_channel_1,True,False,09,Mar,2024,1045,1,3009.5625,0.8359895833333333,1.6000000000001364
2024_analysed_jan-apr,Exp_09_Mar_2024_1145_channel_1,True,False,09,Mar,2024,1145,1,3008.4895833333335,0.835691550925926,161.5999999999961
2024_analysed_jan-apr,Exp_09_Mar_2024_1245_channel_1,True,False,09,Mar,2024,1245,1,3011.03125,0.8363975694444444,6.000000000000227
2024_analysed_jan-apr,Exp_09_Mar_2024_1345_channel_1,True,False,09,Mar,2024,1345,1,3008.5833333333335,0.8357175925925926,187.20000000000334
2024_analysed_jan-apr,Exp_09_Mar_2024_1445_channel_1,True,False,09,Mar,2024,1445,1,3008.9583333333335,0.8358217592592593,5.999999999999716
2024_analysed_jan-apr,Exp_09_Mar_2024_1545_channel_1,True,False,09,Mar,2024,1545,1,3008.5416666666665,0.8357060185185184,194.3999999999981
2024_analysed_jan-apr,Exp_09_Mar_2024_1645_channel_0,True,False,09,Mar,2024,1645,0,3009.0729166666665,0.8358535879629629,0.8000000000001819
2024_analysed_jan-apr,Exp_09_Mar_2024_1645_channel_1,True,False,09,Mar,2024,1645,1,3009.0729166666665,0.8358535879629629,53.59999999999865
2024_analysed_jan-apr,Exp_10_Feb_2024_0745_channel_0,True,False,10,Feb,2024,0745,0,3007.3229166666665,0.8353674768518519,0.0
2024_analysed_jan-apr,Exp_10_Feb_2024_0945_channel_1,True,False,10,Feb,2024,0945,1,3007.8333333333335,0.8355092592592593,6.399999999999842
2024_analysed_jan-apr,Exp_10_Feb_2024_1045_channel_1,True,False,10,Feb,2024,1045,1,3008.6875,0.8357465277777778,5.600000000000023
2024_analysed_jan-apr,Exp_10_Feb_2024_1145_channel_1,True,False,10,Feb,2024,1145,1,3008.1666666666665,0.8356018518518518,104.80000000000004
2024_analysed_jan-apr,Exp_10_Feb_2024_1245_channel_1,True,False,10,Feb,2024,1245,1,3008.1458333333335,0.8355960648148149,0.8000000000001819
2024_analysed_jan-apr,Exp_10_Feb_2024_1345_channel_1,True,False,10,Feb,2024,1345,1,3010.8958333333335,0.8363599537037038,76.39999999999968
2024_analysed_jan-apr,Exp_10_Feb_2024_1445_channel_0,True,False,10,Feb,2024,1445,0,3008.9375,0.8358159722222223,0.0
2024_analysed_jan-apr,Exp_10_Feb_2024_1445_channel_1,True,False,10,Feb,2024,1445,1,3008.9375,0.8358159722222223,24.399999999999984
2024_analysed_jan-apr,Exp_10_Feb_2024_1545_channel_1,True,False,10,Feb,2024,1545,1,3008.03125,0.8355642361111111,113.20000000000007
2024_analysed_jan-apr,Exp_10_Feb_2024_1645_channel_0,True,False,10,Feb,2024,1645,0,3007.6354166666665,0.8354542824074074,0.7999999999998693
2024_analysed_jan-apr,Exp_10_Feb_2024_1645_channel_1,True,False,10,Feb,2024,1645,1,3007.6354166666665,0.8354542824074074,14.400000000000091
2024_analysed_jan-apr,Exp_10_Jan_2024_0845_channel_0,True,False,10,Jan,2024,0845,0,3009.3541666666665,0.8359317129629629,5.599999999999966
2024_analysed_jan-apr,Exp_10_Mar_2024_0745_channel_1,True,False,10,Mar,2024,0745,1,3007.53125,0.8354253472222222,2.4000000000000057
2024_analysed_jan-apr,Exp_10_Mar_2024_0845_channel_1,True,False,10,Mar,2024,0845,1,3010.0104166666665,0.8361140046296296,11.200000000000884
2024_analysed_jan-apr,Exp_10_Mar_2024_0945_channel_1,True,False,10,Mar,2024,0945,1,3010.71875,0.8363107638888889,93.99999999999895
2024_analysed_jan-apr,Exp_10_Mar_2024_1045_channel_1,True,False,10,Mar,2024,1045,1,3008.71875,0.8357552083333334,4.000000000000256
2024_analysed_jan-apr,Exp_10_Mar_2024_1145_channel_0,True,False,10,Mar,2024,1145,0,3008.3645833333335,0.8356568287037037,0.3999999999998636
2024_analysed_jan-apr,Exp_10_Mar_2024_1145_channel_1,True,False,10,Mar,2024,1145,1,3008.3645833333335,0.8356568287037037,2.399999999999892
2024_analysed_jan-apr,Exp_10_Mar_2024_1245_channel_0,True,False,10,Mar,2024,1245,0,3009.0,0.8358333333333333,6.799999999999926
2024_analysed_jan-apr,Exp_10_Mar_2024_1245_channel_1,True,False,10,Mar,2024,1245,1,3009.0,0.8358333333333333,1.6000000000001364
2024_analysed_jan-apr,Exp_10_Mar_2024_1345_channel_0,True,False,10,Mar,2024,1345,0,3008.3958333333335,0.8356655092592593,3.999999999999943
2024_analysed_jan-apr,Exp_10_Mar_2024_1345_channel_1,True,False,10,Mar,2024,1345,1,3008.3958333333335,0.8356655092592593,220.3999999999934
2024_analysed_jan-apr,Exp_10_Mar_2024_1445_channel_1,True,False,10,Mar,2024,1445,1,3008.8854166666665,0.8358015046296295,5.600000000000392
2024_analysed_jan-apr,Exp_10_Mar_2024_1545_channel_0,True,False,10,Mar,2024,1545,0,3008.9166666666665,0.8358101851851851,0.39999999999997726
2024_analysed_jan-apr,Exp_10_Mar_2024_1545_channel_1,True,False,10,Mar,2024,1545,1,3008.9166666666665,0.8358101851851851,123.9999999999973
2024_analysed_jan-apr,Exp_10_Mar_2024_1645_channel_1,True,False,10,Mar,2024,1645,1,3008.71875,0.8357552083333334,5.199999999999804
2024_analysed_jan-apr,Exp_11_Feb_2024_0745_channel_1,True,False,11,Feb,2024,0745,1,3009.6354166666665,0.8360098379629629,0.3999999999999986
2024_analysed_jan-apr,Exp_11_Feb_2024_0845_channel_0,True,False,11,Feb,2024,0845,0,3008.0208333333335,0.8355613425925926,0.4000000000000057
2024_analysed_jan-apr,Exp_11_Feb_2024_0845_channel_1,True,False,11,Feb,2024,0845,1,3008.0208333333335,0.8355613425925926,5.200000000000728
2024_analysed_jan-apr,Exp_11_Feb_2024_0945_channel_0,True,False,11,Feb,2024,0945,0,3008.8541666666665,0.8357928240740741,0.8000000000000682
2024_analysed_jan-apr,Exp_11_Feb_2024_0945_channel_1,True,False,11,Feb,2024,0945,1,3008.8541666666665,0.8357928240740741,21.200000000000124
2024_analysed_jan-apr,Exp_11_Feb_2024_1045_channel_1,True,False,11,Feb,2024,1045,1,3006.15625,0.8350434027777778,0.7999999999999545
2024_analysed_jan-apr,Exp_11_Feb_2024_1145_channel_1,True,False,11,Feb,2024,1145,1,3007.7083333333335,0.8354745370370371,47.2000000000003
2024_analysed_jan-apr,Exp_11_Feb_2024_1245_channel_1,True,False,11,Feb,2024,1245,1,3009.28125,0.8359114583333334,0.7999999999999545
2024_analysed_jan-apr,Exp_11_Feb_2024_1345_channel_1,True,False,11,Feb,2024,1345,1,3009.25,0.8359027777777778,51.599999999999895
2024_analysed_jan-apr,Exp_11_Feb_2024_1445_channel_1,True,False,11,Feb,2024,1445,1,3007.71875,0.8354774305555556,2.399999999999949
2024_analysed_jan-apr,Exp_11_Feb_2024_1545_channel_1,True,False,11,Feb,2024,1545,1,3009.90625,0.8360850694444445,154.80000000000027
2024_analysed_jan-apr,Exp_11_Feb_2024_1645_channel_1,True,False,11,Feb,2024,1645,1,3008.8854166666665,0.8358015046296295,5.200000000000195
2024_analysed_jan-apr,Exp_11_Mar_2024_0745_channel_1,True,False,11,Mar,2024,0745,1,3008.34375,0.8356510416666667,0.4000000000000057
2024_analysed_jan-apr,Exp_11_Mar_2024_0945_channel_1,True,False,11,Mar,2024,0945,1,3009.65625,0.836015625,61.999999999997044
2024_analysed_jan-apr,Exp_11_Mar_2024_1045_channel_1,True,False,11,Mar,2024,1045,1,3010.90625,0.8363628472222222,0.7999999999999545
2024_analysed_jan-apr,Exp_11_Mar_2024_1145_channel_1,True,False,11,Mar,2024,1145,1,3010.78125,0.836328125,189.19999999999877
2024_analysed_jan-apr,Exp_11_Mar_2024_1245_channel_1,True,False,11,Mar,2024,1245,1,3012.0416666666665,0.8366782407407407,6.400000000000306
2024_analysed_jan-apr,Exp_11_Mar_2024_1345_channel_1,True,False,11,Mar,2024,1345,1,3012.9479166666665,0.8369299768518518,378.0000000000107
2024_analysed_jan-apr,Exp_11_Mar_2024_1445_channel_1,True,False,11,Mar,2024,1445,1,3010.8854166666665,0.8363570601851852,523.6000000000212
2024_analysed_jan-apr,Exp_11_Mar_2024_1545_channel_1,True,False,11,Mar,2024,1545,1,3009.7916666666665,0.8360532407407407,238.39999999999594
2024_analysed_jan-apr,Exp_11_Mar_2024_1645_channel_0,True,False,11,Mar,2024,1645,0,3010.8541666666665,0.8363483796296296,1.9999999999999645
2024_analysed_jan-apr,Exp_11_Mar_2024_1645_channel_1,True,False,11,Mar,2024,1645,1,3010.8541666666665,0.8363483796296296,31.999999999999567
2024_analysed_jan-apr,Exp_12_Feb_2024_0745_channel_1,True,False,12,Feb,2024,0745,1,3007.8854166666665,0.8355237268518518,0.8000000000001819
2024_analysed_jan-apr,Exp_12_Feb_2024_0845_channel_1,True,False,12,Feb,2024,0845,1,3009.7604166666665,0.8360445601851851,5.600000000000023
2024_analysed_jan-apr,Exp_12_Feb_2024_0945_channel_1,True,False,12,Feb,2024,0945,1,3007.5416666666665,0.8354282407407407,45.600000000000136
2024_analysed_jan-apr,Exp_12_Feb_2024_1045_channel_1,True,False,12,Feb,2024,1045,1,3006.9895833333335,0.8352748842592593,2.0000000000002274
2024_analysed_jan-apr,Exp_12_Feb_2024_1145_channel_0,True,False,12,Feb,2024,1145,0,3007.84375,0.8355121527777778,0.3999999999998636
2024_analysed_jan-apr,Exp_12_Feb_2024_1145_channel_1,True,False,12,Feb,2024,1145,1,3007.84375,0.8355121527777778,87.59999999999864
2024_analysed_jan-apr,Exp_12_Feb_2024_1245_channel_0,True,False,12,Feb,2024,1245,0,3008.4270833333335,0.8356741898148149,0.8000000000000682
2024_analysed_jan-apr,Exp_12_Feb_2024_1245_channel_1,True,False,12,Feb,2024,1245,1,3008.4270833333335,0.8356741898148149,9.60000000000025
2024_analysed_jan-apr,Exp_12_Feb_2024_1345_channel_1,True,False,12,Feb,2024,1345,1,3009.0416666666665,0.8358449074074074,118.40000000000008
2024_analysed_jan-apr,Exp_12_Feb_2024_1445_channel_1,True,False,12,Feb,2024,1445,1,3008.6145833333335,0.8357262731481482,11.999999999999943
2024_analysed_jan-apr,Exp_12_Feb_2024_1545_channel_0,True,False,12,Feb,2024,1545,0,3008.75,0.8357638888888889,0.40000000000009095
2024_analysed_jan-apr,Exp_12_Feb_2024_1545_channel_1,True,False,12,Feb,2024,1545,1,3008.75,0.8357638888888889,138.40000000000327
2024_analysed_jan-apr,Exp_12_Feb_2024_1645_channel_0,True,False,12,Feb,2024,1645,0,3008.8333333333335,0.835787037037037,2.799999999999386
2024_analysed_jan-apr,Exp_12_Feb_2024_1645_channel_1,True,False,12,Feb,2024,1645,1,3008.8333333333335,0.835787037037037,44.800000000000196
2024_analysed_jan-apr,Exp_12_Jan_2024_0745_channel_0,True,False,12,Jan,2024,0745,0,3009.3645833333335,0.8359346064814815,8.399999999999949
2024_analysed_jan-apr,Exp_12_Jan_2024_1545_channel_1,True,False,12,Jan,2024,1545,1,3009.9479166666665,0.8360966435185184,92.39999999999954
2024_analysed_jan-apr,Exp_12_Mar_2024_0745_channel_1,True,False,12,Mar,2024,0745,1,3009.4895833333335,0.8359693287037038,0.8000000000000114
2024_analysed_jan-apr,Exp_12_Mar_2024_0845_channel_1,True,False,12,Mar,2024,0845,1,3009.8645833333335,0.8360734953703705,0.7999999999998408
2024_analysed_jan-apr,Exp_12_Mar_2024_0945_channel_1,True,False,12,Mar,2024,0945,1,3008.25,0.835625,87.59999999999678
2024_analysed_jan-apr,Exp_12_Mar_2024_1045_channel_1,True,False,12,Mar,2024,1045,1,3007.3958333333335,0.8353877314814815,6.0
2024_analysed_jan-apr,Exp_12_Mar_2024_1145_channel_1,True,False,12,Mar,2024,1145,1,3011.0,0.8363888888888888,89.5999999999974
2024_analysed_jan-apr,Exp_12_Mar_2024_1245_channel_1,True,False,12,Mar,2024,1245,1,3008.375,0.8356597222222222,38.39999999999941
2024_analysed_jan-apr,Exp_12_Mar_2024_1345_channel_1,True,False,12,Mar,2024,1345,1,3007.3229166666665,0.8353674768518519,154.4000000000018
2024_analysed_jan-apr,Exp_12_Mar_2024_1445_channel_1,True,False,12,Mar,2024,1445,1,3008.6666666666665,0.8357407407407407,180.0000000000058
2024_analysed_jan-apr,Exp_12_Mar_2024_1545_channel_1,True,False,12,Mar,2024,1545,1,3007.5729166666665,0.8354369212962962,211.5999999999939
2024_analysed_jan-apr,Exp_12_Mar_2024_1645_channel_0,True,False,12,Mar,2024,1645,0,3008.9895833333335,0.8358304398148149,2.4000000000003183
2024_analysed_jan-apr,Exp_12_Mar_2024_1645_channel_1,True,False,12,Mar,2024,1645,1,3008.9895833333335,0.8358304398148149,9.59999999999998
2024_analysed_jan-apr,Exp_13_Feb_2024_0745_channel_1,True,False,13,Feb,2024,0745,1,3008.84375,0.8357899305555555,0.40000000000009095
2024_analysed_jan-apr,Exp_13_Feb_2024_0845_channel_1,True,False,13,Feb,2024,0845,1,3008.4270833333335,0.8356741898148149,11.599999999999909
2024_analysed_jan-apr,Exp_13_Feb_2024_0945_channel_1,True,False,13,Feb,2024,0945,1,3009.7708333333335,0.8360474537037037,46.00000000000005
2024_analysed_jan-apr,Exp_13_Feb_2024_1045_channel_1,True,False,13,Feb,2024,1045,1,3008.28125,0.8356336805555555,28.00000000000091
2024_analysed_jan-apr,Exp_13_Feb_2024_1145_channel_1,True,False,13,Feb,2024,1145,1,3008.2708333333335,0.8356307870370371,166.80000000000024
2024_analysed_jan-apr,Exp_13_Feb_2024_1245_channel_1,True,False,13,Feb,2024,1245,1,3007.8958333333335,0.8355266203703704,20.000000000000142
2024_analysed_jan-apr,Exp_13_Feb_2024_1345_channel_1,True,False,13,Feb,2024,1345,1,3007.1875,0.8353298611111111,85.19999999999978
2024_analysed_jan-apr,Exp_13_Feb_2024_1445_channel_1,True,False,13,Feb,2024,1445,1,3007.8645833333335,0.8355179398148148,23.600000000000406
2024_analysed_jan-apr,Exp_13_Feb_2024_1545_channel_1,True,False,13,Feb,2024,1545,1,3007.5520833333335,0.8354311342592593,179.59999999999923
2024_analysed_jan-apr,Exp_13_Feb_2024_1645_channel_0,True,False,13,Feb,2024,1645,0,3008.2916666666665,0.835636574074074,1.2000000000001592
2024_analysed_jan-apr,Exp_13_Feb_2024_1645_channel_1,True,False,13,Feb,2024,1645,1,3008.2916666666665,0.835636574074074,16.399999999999956
2024_analysed_jan-apr,Exp_13_Jan_2024_0745_channel_0,True,False,13,Jan,2024,0745,0,3007.8645833333335,0.8355179398148148,3.9999999999998863
2024_analysed_jan-apr,Exp_13_Jan_2024_0845_channel_1,True,False,13,Jan,2024,0845,1,3009.28125,0.8359114583333334,81.20000000000327
2024_analysed_jan-apr,Exp_13_Jan_2024_1145_channel_0,True,False,13,Jan,2024,1145,0,3009.4479166666665,0.8359577546296296,6.400000000000091
2024_analysed_jan-apr,Exp_13_Jan_2024_1645_channel_1,True,False,13,Jan,2024,1645,1,3009.90625,0.8360850694444445,5.600000000000051
2024_analysed_jan-apr,Exp_13_Mar_2024_0745_channel_0,True,False,13,Mar,2024,0745,0,3008.2083333333335,0.835613425925926,1.2000000000002728
2024_analysed_jan-apr,Exp_13_Mar_2024_0745_channel_1,True,False,13,Mar,2024,0745,1,3008.2083333333335,0.835613425925926,3.5999999999998664
2024_analysed_jan-apr,Exp_13_Mar_2024_0845_channel_0,True,False,13,Mar,2024,0845,0,3011.46875,0.8365190972222222,12.000000000000085
2024_analysed_jan-apr,Exp_13_Mar_2024_0845_channel_1,True,False,13,Mar,2024,0845,1,3011.46875,0.8365190972222222,0.40000000000009095
2024_analysed_jan-apr,Exp_13_Mar_2024_0945_channel_1,True,False,13,Mar,2024,0945,1,3010.3125,0.8361979166666667,13.599999999999227
2024_analysed_jan-apr,Exp_13_Mar_2024_1045_channel_1,True,False,13,Mar,2024,1045,1,3009.0104166666665,0.8358362268518518,0.40000000000009095
2024_analysed_jan-apr,Exp_13_Mar_2024_1145_channel_1,True,False,13,Mar,2024,1145,1,3010.84375,0.8363454861111111,131.19999999999885
2024_analysed_jan-apr,Exp_13_Mar_2024_1245_channel_1,True,False,13,Mar,2024,1245,1,3011.9895833333335,0.8366637731481482,15.599999999999909
2024_analysed_jan-apr,Exp_13_Mar_2024_1345_channel_1,True,False,13,Mar,2024,1345,1,3010.0625,0.8361284722222222,212.80000000001695
2024_analysed_jan-apr,Exp_13_Mar_2024_1445_channel_1,True,False,13,Mar,2024,1445,1,3011.3541666666665,0.8364872685185185,72.39999999999725
2024_analysed_jan-apr,Exp_13_Mar_2024_1545_channel_0,True,False,13,Mar,2024,1545,0,3011.96875,0.8366579861111111,31.20000000000107
2024_analysed_jan-apr,Exp_13_Mar_2024_1545_channel_1,True,False,13,Mar,2024,1545,1,3011.96875,0.8366579861111111,79.99999999999983
2024_analysed_jan-apr,Exp_13_Mar_2024_1645_channel_0,True,False,13,Mar,2024,1645,0,3009.3020833333335,0.8359172453703704,24.399999999999864
2024_analysed_jan-apr,Exp_13_Mar_2024_1645_channel_1,True,False,13,Mar,2024,1645,1,3009.3020833333335,0.8359172453703704,13.19999999999959
2024_analysed_jan-apr,Exp_14_Feb_2024_0845_channel_0,True,False,14,Feb,2024,0845,0,3009.9166666666665,0.836087962962963,0.0
2024_analysed_jan-apr,Exp_14_Feb_2024_0845_channel_1,True,False,14,Feb,2024,0845,1,3009.9166666666665,0.836087962962963,1.6000000000001933
2024_analysed_jan-apr,Exp_14_Feb_2024_0945_channel_1,True,False,14,Feb,2024,0945,1,3007.8958333333335,0.8355266203703704,40.8000000000001
2024_analysed_jan-apr,Exp_14_Jan_2024_0845_channel_0,True,False,14,Jan,2024,0845,0,3008.9375,0.8358159722222223,6.000000000000057
2024_analysed_jan-apr,Exp_14_Mar_2024_0745_channel_0,True,False,14,Mar,2024,0745,0,3011.4583333333335,0.8365162037037037,10.399999999999892
2024_analysed_jan-apr,Exp_14_Mar_2024_0745_channel_1,True,False,14,Mar,2024,0745,1,3011.4583333333335,0.8365162037037037,6.000000000000014
2024_analysed_jan-apr,Exp_14_Mar_2024_0845_channel_0,True,False,14,Mar,2024,0845,0,3012.2708333333335,0.8367418981481481,8.400000000000219
2024_analysed_jan-apr,Exp_14_Mar_2024_0945_channel_0,True,False,14,Mar,2024,0945,0,3009.40625,0.8359461805555556,9.199999999999932
2024_analysed_jan-apr,Exp_14_Mar_2024_0945_channel_1,True,False,14,Mar,2024,0945,1,3009.40625,0.8359461805555556,21.999999999998863
2024_analysed_jan-apr,Exp_14_Mar_2024_1045_channel_0,True,False,14,Mar,2024,1045,0,3010.5520833333335,0.8362644675925927,12.00000000000071
2024_analysed_jan-apr,Exp_14_Mar_2024_1045_channel_1,True,False,14,Mar,2024,1045,1,3010.5520833333335,0.8362644675925927,7.600000000000591
2024_analysed_jan-apr,Exp_14_Mar_2024_1145_channel_0,True,False,14,Mar,2024,1145,0,3010.6979166666665,0.8363049768518518,27.20000000000082
2024_analysed_jan-apr,Exp_14_Mar_2024_1145_channel_1,True,False,14,Mar,2024,1145,1,3010.6979166666665,0.8363049768518518,177.59999999999837
2024_analysed_jan-apr,Exp_14_Mar_2024_1245_channel_0,True,False,14,Mar,2024,1245,0,3010.3854166666665,0.8362181712962963,73.59999999999953
2024_analysed_jan-apr,Exp_14_Mar_2024_1245_channel_1,True,False,14,Mar,2024,1245,1,3010.3854166666665,0.8362181712962963,55.59999999999991
2024_analysed_jan-apr,Exp_14_Mar_2024_1345_channel_0,True,False,14,Mar,2024,1345,0,3012.34375,0.8367621527777778,36.39999999999954
2024_analysed_jan-apr,Exp_14_Mar_2024_1345_channel_1,True,False,14,Mar,2024,1345,1,3012.34375,0.8367621527777778,70.0000000000014
2024_analysed_jan-apr,Exp_14_Mar_2024_1445_channel_0,True,False,14,Mar,2024,1445,0,3009.3541666666665,0.8359317129629629,18.000000000000327
2024_analysed_jan-apr,Exp_14_Mar_2024_1445_channel_1,True,False,14,Mar,2024,1445,1,3009.3541666666665,0.8359317129629629,215.60000000000466
2024_analysed_jan-apr,Exp_14_Mar_2024_1545_channel_0,True,False,14,Mar,2024,1545,0,3008.2083333333335,0.835613425925926,10.000000000000181
2024_analysed_jan-apr,Exp_14_Mar_2024_1545_channel_1,True,False,14,Mar,2024,1545,1,3008.2083333333335,0.835613425925926,183.99999999999565
2024_analysed_jan-apr,Exp_14_Mar_2024_1645_channel_0,True,False,14,Mar,2024,1645,0,3007.4479166666665,0.835402199074074,34.40000000000151
2024_analysed_jan-apr,Exp_14_Mar_2024_1645_channel_1,True,False,14,Mar,2024,1645,1,3007.4479166666665,0.835402199074074,18.40000000000046
2024_analysed_jan-apr,Exp_15_Jan_2024_1145_channel_1,True,False,15,Jan,2024,1145,1,3009.1979166666665,0.8358883101851852,44.39999999999925
2024_analysed_jan-apr,Exp_15_Mar_2024_0745_channel_0,True,False,15,Mar,2024,0745,0,3010.2291666666665,0.8361747685185185,2.400000000000034
2024_analysed_jan-apr,Exp_15_Mar_2024_0745_channel_1,True,False,15,Mar,2024,0745,1,3010.2291666666665,0.8361747685185185,0.39999999999997726
2024_analysed_jan-apr,Exp_15_Mar_2024_0845_channel_0,True,False,15,Mar,2024,0845,0,3007.5104166666665,0.8354195601851852,1.9999999999998295
2024_analysed_jan-apr,Exp_15_Mar_2024_0845_channel_1,True,False,15,Mar,2024,0845,1,3007.5104166666665,0.8354195601851852,0.4000000000000057
2024_analysed_jan-apr,Exp_15_Mar_2024_0945_channel_0,True,False,15,Mar,2024,0945,0,3010.1979166666665,0.8361660879629629,9.999999999999886
2024_analysed_jan-apr,Exp_15_Mar_2024_0945_channel_1,True,False,15,Mar,2024,0945,1,3010.1979166666665,0.8361660879629629,79.19999999999746
2024_analysed_jan-apr,Exp_15_Mar_2024_1045_channel_0,True,False,15,Mar,2024,1045,0,3010.5,0.83625,45.99999999999972
2024_analysed_jan-apr,Exp_15_Mar_2024_1045_channel_1,True,False,15,Mar,2024,1045,1,3010.5,0.83625,21.200000000000458
2024_analysed_jan-apr,Exp_15_Mar_2024_1145_channel_0,True,False,15,Mar,2024,1145,0,3008.7083333333335,0.8357523148148148,63.59999999999975
2024_analysed_jan-apr,Exp_15_Mar_2024_1145_channel_1,True,False,15,Mar,2024,1145,1,3008.7083333333335,0.8357523148148148,154.39999999999807
2024_analysed_jan-apr,Exp_15_Mar_2024_1245_channel_0,True,False,15,Mar,2024,1245,0,3010.375,0.8362152777777778,11.999999999999886
2024_analysed_jan-apr,Exp_15_Mar_2024_1245_channel_1,True,False,15,Mar,2024,1245,1,3010.375,0.8362152777777778,4.800000000000296
2024_analysed_jan-apr,Exp_15_Mar_2024_1345_channel_0,True,False,15,Mar,2024,1345,0,3007.0833333333335,0.835300925925926,36.800000000001766
2024_analysed_jan-apr,Exp_15_Mar_2024_1345_channel_1,True,False,15,Mar,2024,1345,1,3007.0833333333335,0.835300925925926,261.20000000001096
2024_analysed_jan-apr,Exp_15_Mar_2024_1445_channel_0,True,False,15,Mar,2024,1445,0,3009.3958333333335,0.8359432870370371,24.400000000000347
2024_analysed_jan-apr,Exp_15_Mar_2024_1445_channel_1,True,False,15,Mar,2024,1445,1,3009.3958333333335,0.8359432870370371,129.99999999999872
2024_analysed_jan-apr,Exp_15_Mar_2024_1545_channel_0,True,False,15,Mar,2024,1545,0,3008.9270833333335,0.8358130787037037,106.00000000000028
2024_analysed_jan-apr,Exp_15_Mar_2024_1545_channel_1,True,False,15,Mar,2024,1545,1,3008.9270833333335,0.8358130787037037,205.1999999999952
2024_analysed_jan-apr,Exp_15_Mar_2024_1645_channel_0,True,False,15,Mar,2024,1645,0,3007.9479166666665,0.8355410879629629,30.399999999999828
2024_analysed_jan-apr,Exp_15_Mar_2024_1645_channel_1,True,False,15,Mar,2024,1645,1,3007.9479166666665,0.8355410879629629,15.999999999999176
2024_analysed_jan-apr,Exp_16_Jan_2024_0745_channel_0,True,False,16,Jan,2024,0745,0,3008.84375,0.8357899305555555,0.0
2024_analysed_jan-apr,Exp_16_Jan_2024_1645_channel_1,True,False,16,Jan,2024,1645,1,3010.25,0.8361805555555556,15.199999999999719
2024_analysed_jan-apr,Exp_16_Mar_2024_0745_channel_0,True,False,16,Mar,2024,0745,0,3007.9479166666665,0.8355410879629629,19.599999999999298
2024_analysed_jan-apr,Exp_16_Mar_2024_0745_channel_1,True,False,16,Mar,2024,0745,1,3007.9479166666665,0.8355410879629629,13.999999999999616
2024_analysed_jan-apr,Exp_16_Mar_2024_0845_channel_0,True,False,16,Mar,2024,0845,0,3008.1458333333335,0.8355960648148149,2.4000000000001194
2024_analysed_jan-apr,Exp_16_Mar_2024_0845_channel_1,True,False,16,Mar,2024,0845,1,3008.1458333333335,0.8355960648148149,0.40000000000009095
2024_analysed_jan-apr,Exp_16_Mar_2024_0945_channel_0,True,False,16,Mar,2024,0945,0,3008.8854166666665,0.8358015046296295,12.800000000000097
2024_analysed_jan-apr,Exp_16_Mar_2024_0945_channel_1,True,False,16,Mar,2024,0945,1,3008.8854166666665,0.8358015046296295,31.5999999999986
2024_analysed_jan-apr,Exp_16_Mar_2024_1045_channel_0,True,False,16,Mar,2024,1045,0,3010.6666666666665,0.8362962962962962,6.7999999999999545
2024_analysed_jan-apr,Exp_16_Mar_2024_1045_channel_1,True,False,16,Mar,2024,1045,1,3010.6666666666665,0.8362962962962962,0.4000000000000057
2024_analysed_jan-apr,Exp_16_Mar_2024_1145_channel_0,True,False,16,Mar,2024,1145,0,3008.75,0.8357638888888889,32.80000000000072
2024_analysed_jan-apr,Exp_16_Mar_2024_1145_channel_1,True,False,16,Mar,2024,1145,1,3008.75,0.8357638888888889,120.39999999999651
2024_analysed_jan-apr,Exp_16_Mar_2024_1245_channel_0,True,False,16,Mar,2024,1245,0,3007.9479166666665,0.8355410879629629,66.40000000000124
2024_analysed_jan-apr,Exp_16_Mar_2024_1245_channel_1,True,False,16,Mar,2024,1245,1,3007.9479166666665,0.8355410879629629,42.00000000000063
2024_analysed_jan-apr,Exp_16_Mar_2024_1345_channel_0,True,False,16,Mar,2024,1345,0,3008.2708333333335,0.8356307870370371,36.40000000000015
2024_analysed_jan-apr,Exp_16_Mar_2024_1345_channel_1,True,False,16,Mar,2024,1345,1,3008.2708333333335,0.8356307870370371,117.1999999999976
2024_analysed_jan-apr,Exp_16_Mar_2024_1445_channel_0,True,False,16,Mar,2024,1445,0,3010.9791666666665,0.8363831018518518,39.20000000000249
2024_analysed_jan-apr,Exp_16_Mar_2024_1445_channel_1,True,False,16,Mar,2024,1445,1,3010.9791666666665,0.8363831018518518,166.40000000000973
2024_analysed_jan-apr,Exp_16_Mar_2024_1545_channel_0,True,False,16,Mar,2024,1545,0,3007.7916666666665,0.8354976851851852,28.399999999999768
2024_analysed_jan-apr,Exp_16_Mar_2024_1545_channel_1,True,False,16,Mar,2024,1545,1,3007.7916666666665,0.8354976851851852,200.79999999999777
2024_analysed_jan-apr,Exp_16_Mar_2024_1645_channel_0,True,False,16,Mar,2024,1645,0,3010.0625,0.8361284722222222,33.199999999999164
2024_analysed_jan-apr,Exp_16_Mar_2024_1645_channel_1,True,False,16,Mar,2024,1645,1,3010.0625,0.8361284722222222,17.99999999999946
2024_analysed_jan-apr,Exp_17_Jan_2024_1545_channel_1,True,False,17,Jan,2024,1545,1,3009.6145833333335,0.836004050925926,96.00000000000041
2024_analysed_jan-apr,Exp_17_Mar_2024_0745_channel_0,True,False,17,Mar,2024,0745,0,3009.3333333333335,0.835925925925926,2.399999999999892
2024_analysed_jan-apr,Exp_17_Mar_2024_0745_channel_1,True,False,17,Mar,2024,0745,1,3009.3333333333335,0.835925925925926,0.8000000000001819
2024_analysed_jan-apr,Exp_17_Mar_2024_0845_channel_0,True,False,17,Mar,2024,0845,0,3007.5208333333335,0.8354224537037037,7.599999999999966
2024_analysed_jan-apr,Exp_17_Mar_2024_0845_channel_1,True,False,17,Mar,2024,0845,1,3007.5208333333335,0.8354224537037037,2.0
2024_analysed_jan-apr,Exp_17_Mar_2024_0945_channel_0,True,False,17,Mar,2024,0945,0,3009.2291666666665,0.8358969907407408,17.200000000001296
2024_analysed_jan-apr,Exp_17_Mar_2024_0945_channel_1,True,False,17,Mar,2024,0945,1,3009.2291666666665,0.8358969907407408,37.999999999999886
2024_analysed_jan-apr,Exp_17_Mar_2024_1045_channel_0,True,False,17,Mar,2024,1045,0,3008.1145833333335,0.8355873842592593,6.799999999999898
2024_analysed_jan-apr,Exp_17_Mar_2024_1045_channel_1,True,False,17,Mar,2024,1045,1,3008.1145833333335,0.8355873842592593,0.40000000000009095
2024_analysed_jan-apr,Exp_17_Mar_2024_1145_channel_0,True,False,17,Mar,2024,1145,0,3008.1458333333335,0.8355960648148149,5.200000000000317
2024_analysed_jan-apr,Exp_17_Mar_2024_1245_channel_0,True,False,17,Mar,2024,1245,0,3010.40625,0.8362239583333333,18.80000000000183
2024_analysed_jan-apr,Exp_17_Mar_2024_1245_channel_1,True,False,17,Mar,2024,1245,1,3010.40625,0.8362239583333333,8.40000000000066
2024_analysed_jan-apr,Exp_17_Mar_2024_1345_channel_0,True,False,17,Mar,2024,1345,0,3006.875,0.8352430555555556,15.600000000000726
2024_analysed_jan-apr,Exp_17_Mar_2024_1345_channel_1,True,False,17,Mar,2024,1345,1,3006.875,0.8352430555555556,2.0000000000002274
2024_analysed_jan-apr,Exp_17_Mar_2024_1445_channel_0,True,False,17,Mar,2024,1445,0,3010.3958333333335,0.8362210648148148,12.40000000000122
2024_analysed_jan-apr,Exp_17_Mar_2024_1445_channel_1,True,False,17,Mar,2024,1445,1,3010.3958333333335,0.8362210648148148,1.6000000000000512
2024_analysed_jan-apr,Exp_17_Mar_2024_1545_channel_0,True,False,17,Mar,2024,1545,0,3009.7395833333335,0.8360387731481482,13.20000000000013
2024_analysed_jan-apr,Exp_17_Mar_2024_1545_channel_1,True,False,17,Mar,2024,1545,1,3009.7395833333335,0.8360387731481482,70.39999999999702
2024_analysed_jan-apr,Exp_17_Mar_2024_1645_channel_0,True,False,17,Mar,2024,1645,0,3010.0,0.8361111111111111,8.800000000000267
2024_analysed_jan-apr,Exp_17_Mar_2024_1645_channel_1,True,False,17,Mar,2024,1645,1,3010.0,0.8361111111111111,1.1999999999998465
2024_analysed_jan-apr,Exp_18_Jan_2024_0745_channel_0,True,False,18,Jan,2024,0745,0,3010.71875,0.8363107638888889,6.80000000000112
2024_analysed_jan-apr,Exp_18_Jan_2024_1645_channel_1,True,False,18,Jan,2024,1645,1,3007.5625,0.8354340277777778,20.000000000000114
2024_analysed_jan-apr,Exp_18_Mar_2024_0745_channel_0,True,False,18,Mar,2024,0745,0,3008.59375,0.8357204861111112,11.199999999999818
2024_analysed_jan-apr,Exp_18_Mar_2024_0745_channel_1,True,False,18,Mar,2024,0745,1,3008.59375,0.8357204861111112,6.400000000000034
2024_analysed_jan-apr,Exp_18_Mar_2024_0845_channel_0,True,False,18,Mar,2024,0845,0,3010.7708333333335,0.8363252314814815,3.6000000000000796
2024_analysed_jan-apr,Exp_18_Mar_2024_0845_channel_1,True,False,18,Mar,2024,0845,1,3010.7708333333335,0.8363252314814815,1.6000000000000227
2024_analysed_jan-apr,Exp_18_Mar_2024_0945_channel_0,True,False,18,Mar,2024,0945,0,3010.34375,0.8362065972222222,0.3999999999998636
2024_analysed_jan-apr,Exp_18_Mar_2024_0945_channel_1,True,False,18,Mar,2024,0945,1,3010.34375,0.8362065972222222,42.39999999999998
2024_analysed_jan-apr,Exp_18_Mar_2024_1045_channel_0,True,False,18,Mar,2024,1045,0,3008.1979166666665,0.8356105324074073,6.799999999999926
2024_analysed_jan-apr,Exp_18_Mar_2024_1045_channel_1,True,False,18,Mar,2024,1045,1,3008.1979166666665,0.8356105324074073,0.3999999999998636
2024_analysed_jan-apr,Exp_18_Mar_2024_1145_channel_0,True,False,18,Mar,2024,1145,0,3009.65625,0.836015625,6.00000000000005
2024_analysed_jan-apr,Exp_18_Mar_2024_1145_channel_1,True,False,18,Mar,2024,1145,1,3009.65625,0.836015625,140.79999999999995
2024_analysed_jan-apr,Exp_18_Mar_2024_1245_channel_0,True,False,18,Mar,2024,1245,0,3008.2708333333335,0.8356307870370371,12.800000000000182
2024_analysed_jan-apr,Exp_18_Mar_2024_1245_channel_1,True,False,18,Mar,2024,1245,1,3008.2708333333335,0.8356307870370371,14.000000000000341
2024_analysed_jan-apr,Exp_18_Mar_2024_1345_channel_0,True,False,18,Mar,2024,1345,0,3010.75,0.8363194444444444,34.00000000000009
2024_analysed_jan-apr,Exp_18_Mar_2024_1345_channel_1,True,False,18,Mar,2024,1345,1,3010.75,0.8363194444444444,10.400000000000016
2024_analysed_jan-apr,Exp_18_Mar_2024_1445_channel_0,True,False,18,Mar,2024,1445,0,3010.3020833333335,0.8361950231481482,1.2000000000002728
2024_analysed_jan-apr,Exp_18_Mar_2024_1445_channel_1,True,False,18,Mar,2024,1445,1,3010.3020833333335,0.8361950231481482,80.40000000000012
2024_analysed_jan-apr,Exp_18_Mar_2024_1545_channel_0,True,False,18,Mar,2024,1545,0,3008.09375,0.8355815972222222,10.800000000000686
2024_analysed_jan-apr,Exp_18_Mar_2024_1545_channel_1,True,False,18,Mar,2024,1545,1,3008.09375,0.8355815972222222,22.00000000000108
2024_analysed_jan-apr,Exp_18_Mar_2024_1645_channel_0,True,False,18,Mar,2024,1645,0,3009.6979166666665,0.8360271990740741,16.399999999999338
2024_analysed_jan-apr,Exp_18_Mar_2024_1645_channel_1,True,False,18,Mar,2024,1645,1,3009.6979166666665,0.8360271990740741,10.799999999999885
2024_analysed_jan-apr,Exp_19_Jan_2024_1145_channel_0,True,False,19,Jan,2024,1145,0,2993.1145833333335,0.8314207175925926,16.000000000000824
2024_analysed_jan-apr,Exp_19_Jan_2024_1345_channel_0,True,False,19,Jan,2024,1345,0,3008.90625,0.8358072916666667,4.399999999999807
2024_analysed_jan-apr,Exp_19_Jan_2024_1345_channel_1,True,False,19,Jan,2024,1345,1,3008.90625,0.8358072916666667,127.599999999999
2024_analysed_jan-apr,Exp_19_Mar_2024_0745_channel_0,True,False,19,Mar,2024,0745,0,3009.1354166666665,0.835870949074074,0.40000000000009095
2024_analysed_jan-apr,Exp_19_Mar_2024_0845_channel_0,True,False,19,Mar,2024,0845,0,3010.4166666666665,0.8362268518518519,18.000000000000306
2024_analysed_jan-apr,Exp_19_Mar_2024_0845_channel_1,True,False,19,Mar,2024,0845,1,3010.4166666666665,0.8362268518518519,10.000000000000085
2024_analysed_jan-apr,Exp_19_Mar_2024_0945_channel_0,True,False,19,Mar,2024,0945,0,3009.0520833333335,0.8358478009259259,32.79999999999848
2024_analysed_jan-apr,Exp_19_Mar_2024_0945_channel_1,True,False,19,Mar,2024,0945,1,3009.0520833333335,0.8358478009259259,97.19999999999655
2024_analysed_jan-apr,Exp_19_Mar_2024_1045_channel_0,True,False,19,Mar,2024,1045,0,3010.0208333333335,0.8361168981481482,4.800000000000296
2024_analysed_jan-apr,Exp_19_Mar_2024_1045_channel_1,True,False,19,Mar,2024,1045,1,3010.0208333333335,0.8361168981481482,1.2000000000001592
2024_analysed_jan-apr,Exp_19_Mar_2024_1145_channel_0,True,False,19,Mar,2024,1145,0,3009.90625,0.8360850694444445,18.799999999999926
2024_analysed_jan-apr,Exp_19_Mar_2024_1145_channel_1,True,False,19,Mar,2024,1145,1,3009.90625,0.8360850694444445,113.99999999999599
2024_analysed_jan-apr,Exp_19_Mar_2024_1245_channel_0,True,False,19,Mar,2024,1245,0,3007.1979166666665,0.8353327546296296,6.000000000000073
2024_analysed_jan-apr,Exp_19_Mar_2024_1345_channel_0,True,False,19,Mar,2024,1345,0,3008.75,0.8357638888888889,12.399999999999629
2024_analysed_jan-apr,Exp_19_Mar_2024_1345_channel_1,True,False,19,Mar,2024,1345,1,3008.75,0.8357638888888889,124.40000000000063
2024_analysed_jan-apr,Exp_19_Mar_2024_1445_channel_0,True,False,19,Mar,2024,1445,0,3007.625,0.8354513888888889,2.400000000000233
2024_analysed_jan-apr,Exp_19_Mar_2024_1445_channel_1,True,False,19,Mar,2024,1445,1,3007.625,0.8354513888888889,66.80000000000308
2024_analysed_jan-apr,Exp_19_Mar_2024_1545_channel_0,True,False,19,Mar,2024,1545,0,3007.6458333333335,0.8354571759259259,20.000000000001968
2024_analysed_jan-apr,Exp_19_Mar_2024_1545_channel_1,True,False,19,Mar,2024,1545,1,3007.6458333333335,0.8354571759259259,115.99999999999861
2024_analysed_jan-apr,Exp_19_Mar_2024_1645_channel_0,True,False,19,Mar,2024,1645,0,3008.3125,0.8356423611111111,6.7999999999999545
2024_analysed_jan-apr,Exp_20_Feb_2024_1245_channel_1,True,False,20,Feb,2024,1245,1,2991.2291666666665,0.8308969907407407,36.40000000000052
2024_analysed_jan-apr,Exp_20_Feb_2024_1345_channel_1,True,False,20,Feb,2024,1345,1,3007.4270833333335,0.8353964120370371,141.19999999999953
2024_analysed_jan-apr,Exp_20_Feb_2024_1445_channel_1,True,False,20,Feb,2024,1445,1,3008.9270833333335,0.8358130787037037,9.200000000000387
2024_analysed_jan-apr,Exp_20_Feb_2024_1545_channel_1,True,False,20,Feb,2024,1545,1,3008.3854166666665,0.8356626157407407,106.79999999999926
2024_analysed_jan-apr,Exp_20_Feb_2024_1645_channel_1,True,False,20,Feb,2024,1645,1,3008.125,0.8355902777777777,94.39999999999989
2024_analysed_jan-apr,Exp_20_Jan_2024_1245_channel_0,True,False,20,Jan,2024,1245,0,3009.6458333333335,0.8360127314814815,10.800000000000239
2024_analysed_jan-apr,Exp_20_Mar_2024_0745_channel_0,True,False,20,Mar,2024,0745,0,3008.3125,0.8356423611111111,14.000000000000021
2024_analysed_jan-apr,Exp_20_Mar_2024_0845_channel_0,True,False,20,Mar,2024,0845,0,3008.6979166666665,0.8357494212962963,3.600000000000159
2024_analysed_jan-apr,Exp_20_Mar_2024_0845_channel_1,True,False,20,Mar,2024,0845,1,3008.6979166666665,0.8357494212962963,0.40000000000009095
2024_analysed_jan-apr,Exp_20_Mar_2024_0945_channel_0,True,False,20,Mar,2024,0945,0,3009.0520833333335,0.8358478009259259,2.0000000000001137
2024_analysed_jan-apr,Exp_20_Mar_2024_0945_channel_1,True,False,20,Mar,2024,0945,1,3009.0520833333335,0.8358478009259259,28.39999999999992
2024_analysed_jan-apr,Exp_20_Mar_2024_1045_channel_0,True,False,20,Mar,2024,1045,0,3010.0104166666665,0.8361140046296296,2.7999999999994376
2024_analysed_jan-apr,Exp_20_Mar_2024_1045_channel_1,True,False,20,Mar,2024,1045,1,3010.0104166666665,0.8361140046296296,0.8000000000000682
2024_analysed_jan-apr,Exp_20_Mar_2024_1145_channel_0,True,False,20,Mar,2024,1145,0,3010.9583333333335,0.8363773148148148,1.1999999999999886
2024_analysed_jan-apr,Exp_20_Mar_2024_1145_channel_1,True,False,20,Mar,2024,1145,1,3010.9583333333335,0.8363773148148148,51.60000000000028
2024_analysed_jan-apr,Exp_20_Mar_2024_1245_channel_0,True,False,20,Mar,2024,1245,0,3011.46875,0.8365190972222222,12.799999999999955
2024_analysed_jan-apr,Exp_20_Mar_2024_1345_channel_0,True,False,20,Mar,2024,1345,0,3011.3229166666665,0.8364785879629629,0.40000000000009095
2024_analysed_jan-apr,Exp_20_Mar_2024_1345_channel_1,True,False,20,Mar,2024,1345,1,3011.3229166666665,0.8364785879629629,37.19999999999973
2024_analysed_jan-apr,Exp_20_Mar_2024_1445_channel_0,True,False,20,Mar,2024,1445,0,3009.8958333333335,0.8360821759259259,2.0
2024_analysed_jan-apr,Exp_20_Mar_2024_1445_channel_1,True,False,20,Mar,2024,1445,1,3009.8958333333335,0.8360821759259259,39.200000000000074
2024_analysed_jan-apr,Exp_20_Mar_2024_1545_channel_0,True,False,20,Mar,2024,1545,0,3009.125,0.8358680555555555,4.800000000000264
2024_analysed_jan-apr,Exp_20_Mar_2024_1545_channel_1,True,False,20,Mar,2024,1545,1,3009.125,0.8358680555555555,103.99999999999955
2024_analysed_jan-apr,Exp_20_Mar_2024_1645_channel_0,True,False,20,Mar,2024,1645,0,3008.2083333333335,0.835613425925926,14.800000000000164
2024_analysed_jan-apr,Exp_20_Mar_2024_1645_channel_1,True,False,20,Mar,2024,1645,1,3008.2083333333335,0.835613425925926,5.600000000000065
2024_analysed_jan-apr,Exp_21_Feb_2024_0745_channel_1,True,False,21,Feb,2024,0745,1,3008.4270833333335,0.8356741898148149,0.4000000000000341
2024_analysed_jan-apr,Exp_21_Feb_2024_0845_channel_1,True,False,21,Feb,2024,0845,1,3008.3854166666665,0.8356626157407407,1.1999999999999957
2024_analysed_jan-apr,Exp_21_Feb_2024_0945_channel_1,True,False,21,Feb,2024,0945,1,3009.1041666666665,0.8358622685185185,40.0
2024_analysed_jan-apr,Exp_21_Feb_2024_1045_channel_1,True,False,21,Feb,2024,1045,1,3008.9479166666665,0.8358188657407407,10.400000000000318
2024_analysed_jan-apr,Exp_21_Feb_2024_1145_channel_1,True,False,21,Feb,2024,1145,1,3006.8020833333335,0.8352228009259259,79.60000000000042
2024_analysed_jan-apr,Exp_21_Feb_2024_1345_channel_1,True,False,21,Feb,2024,1345,1,3007.2916666666665,0.8353587962962963,66.79999999999978
2024_analysed_jan-apr,Exp_21_Feb_2024_1445_channel_1,True,False,21,Feb,2024,1445,1,3009.9375,0.83609375,2.799999999999841
2024_analysed_jan-apr,Exp_21_Feb_2024_1545_channel_1,True,False,21,Feb,2024,1545,1,3006.3645833333335,0.8351012731481482,60.799999999999834
2024_analysed_jan-apr,Exp_21_Feb_2024_1645_channel_1,True,False,21,Feb,2024,1645,1,3006.9166666666665,0.8352546296296296,14.400000000000013
2024_analysed_jan-apr,Exp_21_Jan_2024_0745_channel_0,True,False,21,Jan,2024,0745,0,3010.5,0.83625,0.39999999999997726
2024_analysed_jan-apr,Exp_21_Mar_2024_0745_channel_0,True,False,21,Mar,2024,0745,0,3010.3645833333335,0.8362123842592593,2.0000000000000853
2024_analysed_jan-apr,Exp_21_Mar_2024_0745_channel_1,True,False,21,Mar,2024,0745,1,3010.3645833333335,0.8362123842592593,1.2000000000000455
2024_analysed_jan-apr,Exp_21_Mar_2024_0845_channel_0,True,False,21,Mar,2024,0845,0,3011.4166666666665,0.8365046296296296,1.599999999999909
2024_analysed_jan-apr,Exp_21_Mar_2024_0845_channel_1,True,False,21,Mar,2024,0845,1,3011.4166666666665,0.8365046296296296,0.7999999999999545
2024_analysed_jan-apr,Exp_21_Mar_2024_0945_channel_1,True,False,21,Mar,2024,0945,1,3009.2708333333335,0.8359085648148149,5.600000000000023
2024_analysed_jan-apr,Exp_21_Mar_2024_1045_channel_0,True,False,21,Mar,2024,1045,0,3009.7708333333335,0.8360474537037037,0.7999999999999545
2024_analysed_jan-apr,Exp_21_Mar_2024_1145_channel_0,True,False,21,Mar,2024,1145,0,3011.28125,0.8364670138888889,0.7999999999999545
2024_analysed_jan-apr,Exp_21_Mar_2024_1145_channel_1,True,False,21,Mar,2024,1145,1,3011.28125,0.8364670138888889,6.39999999999992
2024_analysed_jan-apr,Exp_21_Mar_2024_1245_channel_0,True,False,21,Mar,2024,1245,0,3009.5208333333335,0.8359780092592592,12.000000000000089
2024_analysed_jan-apr,Exp_21_Mar_2024_1245_channel_1,True,False,21,Mar,2024,1245,1,3009.5208333333335,0.8359780092592592,3.2
2024_analysed_jan-apr,Exp_21_Mar_2024_1345_channel_1,True,False,21,Mar,2024,1345,1,3009.2916666666665,0.8359143518518518,0.3999999999996362
2024_analysed_jan-apr,Exp_21_Mar_2024_1545_channel_0,True,False,21,Mar,2024,1545,0,3009.78125,0.8360503472222223,2.0
2024_analysed_jan-apr,Exp_21_Mar_2024_1545_channel_1,True,False,21,Mar,2024,1545,1,3009.78125,0.8360503472222223,95.60000000000065
2024_analysed_jan-apr,Exp_21_Mar_2024_1645_channel_0,True,False,21,Mar,2024,1645,0,3009.2395833333335,0.8358998842592593,16.00000000000017
2024_analysed_jan-apr,Exp_21_Mar_2024_1645_channel_1,True,False,21,Mar,2024,1645,1,3009.2395833333335,0.8358998842592593,3.2000000000001023
2024_analysed_jan-apr,Exp_22_Feb_2024_0845_channel_1,True,False,22,Feb,2024,0845,1,3007.9583333333335,0.8355439814814816,0.0
2024_analysed_jan-apr,Exp_22_Feb_2024_0945_channel_1,True,False,22,Feb,2024,0945,1,3008.1145833333335,0.8355873842592593,15.600000000000009
2024_analysed_jan-apr,Exp_22_Feb_2024_1145_channel_1,True,False,22,Feb,2024,1145,1,3007.2395833333335,0.8353443287037038,84.79999999999981
2024_analysed_jan-apr,Exp_22_Feb_2024_1245_channel_1,True,False,22,Feb,2024,1245,1,3006.8541666666665,0.8352372685185184,2.800000000000182
2024_analysed_jan-apr,Exp_22_Feb_2024_1345_channel_1,True,False,22,Feb,2024,1345,1,3007.65625,0.8354600694444444,113.5999999999998
2024_analysed_jan-apr,Exp_22_Feb_2024_1445_channel_1,True,False,22,Feb,2024,1445,1,3009.3125,0.8359201388888889,3.199999999999818
2024_analysed_jan-apr,Exp_22_Feb_2024_1545_channel_1,True,False,22,Feb,2024,1545,1,3008.7604166666665,0.8357667824074073,132.40000000000052
2024_analysed_jan-apr,Exp_22_Feb_2024_1645_channel_0,True,False,22,Feb,2024,1645,0,3010.0520833333335,0.8361255787037037,2.400000000000091
2024_analysed_jan-apr,Exp_22_Feb_2024_1645_channel_1,True,False,22,Feb,2024,1645,1,3010.0520833333335,0.8361255787037037,21.20000000000018
2024_analysed_jan-apr,Exp_22_Mar_2024_0745_channel_0,True,False,22,Mar,2024,0745,0,3009.2395833333335,0.8358998842592593,1.1999999999999318
2024_analysed_jan-apr,Exp_22_Mar_2024_0745_channel_1,True,False,22,Mar,2024,0745,1,3009.2395833333335,0.8358998842592593,0.39999999999997726
2024_analysed_jan-apr,Exp_22_Mar_2024_0945_channel_0,True,False,22,Mar,2024,0945,0,3008.625,0.8357291666666666,90.00000000000021
2024_analysed_jan-apr,Exp_22_Mar_2024_0945_channel_1,True,False,22,Mar,2024,0945,1,3008.625,0.8357291666666666,146.79999999999984
2024_analysed_jan-apr,Exp_22_Mar_2024_1045_channel_0,True,False,22,Mar,2024,1045,0,3009.9166666666665,0.836087962962963,3.200000000000159
2024_analysed_jan-apr,Exp_22_Mar_2024_1045_channel_1,True,False,22,Mar,2024,1045,1,3009.9166666666665,0.836087962962963,0.39999999999997726
2024_analysed_jan-apr,Exp_22_Mar_2024_1145_channel_0,True,False,22,Mar,2024,1145,0,3009.1666666666665,0.8358796296296296,13.199999999999761
2024_analysed_jan-apr,Exp_22_Mar_2024_1145_channel_1,True,False,22,Mar,2024,1145,1,3009.1666666666665,0.8358796296296296,159.20000000000005
2024_analysed_jan-apr,Exp_22_Mar_2024_1245_channel_0,True,False,22,Mar,2024,1245,0,3009.5208333333335,0.8359780092592592,10.79999999999984
2024_analysed_jan-apr,Exp_22_Mar_2024_1245_channel_1,True,False,22,Mar,2024,1245,1,3009.5208333333335,0.8359780092592592,7.199999999999761
2024_analysed_jan-apr,Exp_22_Mar_2024_1345_channel_0,True,False,22,Mar,2024,1345,0,3008.8645833333335,0.8357957175925926,9.200000000000031
2024_analysed_jan-apr,Exp_22_Mar_2024_1345_channel_1,True,False,22,Mar,2024,1345,1,3008.8645833333335,0.8357957175925926,57.599999999999724
2024_analysed_jan-apr,Exp_22_Mar_2024_1445_channel_0,True,False,22,Mar,2024,1445,0,3010.4895833333335,0.8362471064814815,3.19999999999996
2024_analysed_jan-apr,Exp_22_Mar_2024_1445_channel_1,True,False,22,Mar,2024,1445,1,3010.4895833333335,0.8362471064814815,46.00000000000007
2024_analysed_jan-apr,Exp_22_Mar_2024_1545_channel_0,True,False,22,Mar,2024,1545,0,3007.5729166666665,0.8354369212962962,5.599999999999881
2024_analysed_jan-apr,Exp_22_Mar_2024_1545_channel_1,True,False,22,Mar,2024,1545,1,3007.5729166666665,0.8354369212962962,198.8000000000012
2024_analysed_jan-apr,Exp_22_Mar_2024_1645_channel_0,True,False,22,Mar,2024,1645,0,3008.71875,0.8357552083333334,9.199999999999925
2024_analysed_jan-apr,Exp_22_Mar_2024_1645_channel_1,True,False,22,Mar,2024,1645,1,3008.71875,0.8357552083333334,1.5999999999999375
2024_analysed_jan-apr,Exp_23_Feb_2024_0745_channel_1,True,False,23,Feb,2024,0745,1,3009.1666666666665,0.8358796296296296,0.40000000000009095
2024_analysed_jan-apr,Exp_23_Feb_2024_0845_channel_1,True,False,23,Feb,2024,0845,1,3009.25,0.8359027777777778,4.400000000000006
2024_analysed_jan-apr,Exp_23_Feb_2024_0945_channel_1,True,False,23,Feb,2024,0945,1,3008.0416666666665,0.8355671296296295,84.80000000000057
2024_analysed_jan-apr,Exp_23_Feb_2024_1145_channel_1,True,False,23,Feb,2024,1145,1,3007.5208333333335,0.8354224537037037,25.99999999999963
2024_analysed_jan-apr,Exp_23_Feb_2024_1245_channel_1,True,False,23,Feb,2024,1245,1,3009.2291666666665,0.8358969907407408,5.5999999999999375
2024_analysed_jan-apr,Exp_23_Feb_2024_1345_channel_1,True,False,23,Feb,2024,1345,1,3008.375,0.8356597222222222,67.60000000000036
2024_analysed_jan-apr,Exp_23_Feb_2024_1445_channel_1,True,False,23,Feb,2024,1445,1,3009.3645833333335,0.8359346064814815,4.400000000000233
2024_analysed_jan-apr,Exp_23_Feb_2024_1545_channel_1,True,False,23,Feb,2024,1545,1,3007.2604166666665,0.8353501157407407,103.99999999999972
2024_analysed_jan-apr,Exp_23_Feb_2024_1645_channel_1,True,False,23,Feb,2024,1645,1,3009.78125,0.8360503472222223,7.1999999999999735
2024_analysed_jan-apr,Exp_23_Jan_2024_0845_channel_1,True,False,23,Jan,2024,0845,1,3010.2604166666665,0.836183449074074,2.799999999999841
2024_analysed_jan-apr,Exp_23_Jan_2024_1145_channel_1,True,False,23,Jan,2024,1145,1,3008.4479166666665,0.8356799768518518,122.79999999999991
2024_analysed_jan-apr,Exp_23_Jan_2024_1245_channel_0,True,False,23,Jan,2024,1245,0,3006.7291666666665,0.8352025462962962,5.200000000000209
2024_analysed_jan-apr,Exp_23_Jan_2024_1245_channel_1,True,False,23,Jan,2024,1245,1,3006.7291666666665,0.8352025462962962,5.200000000000415
2024_analysed_jan-apr,Exp_23_Mar_2024_0745_channel_0,True,False,23,Mar,2024,0745,0,3008.3645833333335,0.8356568287037037,0.40000000000009095
2024_analysed_jan-apr,Exp_23_Mar_2024_0845_channel_0,True,False,23,Mar,2024,0845,0,3007.59375,0.8354427083333333,3.599999999999824
2024_analysed_jan-apr,Exp_23_Mar_2024_0945_channel_0,True,False,23,Mar,2024,0945,0,3009.2395833333335,0.8358998842592593,21.999999999999517
2024_analysed_jan-apr,Exp_23_Mar_2024_0945_channel_1,True,False,23,Mar,2024,0945,1,3009.2395833333335,0.8358998842592593,58.399999999999636
2024_analysed_jan-apr,Exp_23_Mar_2024_1045_channel_0,True,False,23,Mar,2024,1045,0,3009.0208333333335,0.8358391203703704,2.0
2024_analysed_jan-apr,Exp_23_Mar_2024_1045_channel_1,True,False,23,Mar,2024,1045,1,3009.0208333333335,0.8358391203703704,2.400000000000091
2024_analysed_jan-apr,Exp_23_Mar_2024_1145_channel_0,True,False,23,Mar,2024,1145,0,3008.8020833333335,0.8357783564814816,42.000000000000455
2024_analysed_jan-apr,Exp_23_Mar_2024_1145_channel_1,True,False,23,Mar,2024,1145,1,3008.8020833333335,0.8357783564814816,129.6000000000003
2024_analysed_jan-apr,Exp_23_Mar_2024_1245_channel_0,True,False,23,Mar,2024,1245,0,3009.6666666666665,0.8360185185185185,1.6000000000000227
2024_analysed_jan-apr,Exp_23_Mar_2024_1245_channel_1,True,False,23,Mar,2024,1245,1,3009.6666666666665,0.8360185185185185,3.200000000000216
2024_analysed_jan-apr,Exp_23_Mar_2024_1345_channel_0,True,False,23,Mar,2024,1345,0,3009.59375,0.8359982638888889,8.799999999999715
2024_analysed_jan-apr,Exp_23_Mar_2024_1345_channel_1,True,False,23,Mar,2024,1345,1,3009.59375,0.8359982638888889,92.79999999999949
2024_analysed_jan-apr,Exp_23_Mar_2024_1445_channel_0,True,False,23,Mar,2024,1445,0,3011.53125,0.8365364583333333,5.20000000000001
2024_analysed_jan-apr,Exp_23_Mar_2024_1445_channel_1,True,False,23,Mar,2024,1445,1,3011.53125,0.8365364583333333,44.0
2024_analysed_jan-apr,Exp_23_Mar_2024_1545_channel_0,True,False,23,Mar,2024,1545,0,3009.7708333333335,0.8360474537037037,24.400000000000432
2024_analysed_jan-apr,Exp_23_Mar_2024_1545_channel_1,True,False,23,Mar,2024,1545,1,3009.7708333333335,0.8360474537037037,265.199999999999
2024_analysed_jan-apr,Exp_23_Mar_2024_1645_channel_0,True,False,23,Mar,2024,1645,0,3010.59375,0.8362760416666667,1.5999999999999872
2024_analysed_jan-apr,Exp_24_Feb_2024_0745_channel_1,True,False,24,Feb,2024,0745,1,3008.3645833333335,0.8356568287037037,55.60000000000041
2024_analysed_jan-apr,Exp_24_Feb_2024_0845_channel_1,True,False,24,Feb,2024,0845,1,3008.6354166666665,0.8357320601851851,3.5999999999999375
2024_analysed_jan-apr,Exp_24_Feb_2024_0945_channel_1,True,False,24,Feb,2024,0945,1,3007.78125,0.8354947916666666,131.99999999999983
2024_analysed_jan-apr,Exp_24_Feb_2024_1045_channel_1,True,False,24,Feb,2024,1045,1,3007.3958333333335,0.8353877314814815,2.0
2024_analysed_jan-apr,Exp_24_Feb_2024_1145_channel_1,True,False,24,Feb,2024,1145,1,3010.8020833333335,0.8363339120370371,204.39999999999998
2024_analysed_jan-apr,Exp_24_Feb_2024_1245_channel_1,True,False,24,Feb,2024,1245,1,3009.6145833333335,0.836004050925926,3.599999999999909
2024_analysed_jan-apr,Exp_24_Feb_2024_1345_channel_1,True,False,24,Feb,2024,1345,1,3008.7708333333335,0.835769675925926,82.79999999999986
2024_analysed_jan-apr,Exp_24_Feb_2024_1445_channel_1,True,False,24,Feb,2024,1445,1,3007.21875,0.8353385416666667,5.999999999999954
2024_analysed_jan-apr,Exp_24_Feb_2024_1545_channel_1,True,False,24,Feb,2024,1545,1,3010.3229166666665,0.8362008101851851,43.99999999999998
2024_analysed_jan-apr,Exp_24_Feb_2024_1645_channel_0,True,False,24,Feb,2024,1645,0,3007.59375,0.8354427083333333,3.2000000000002444
2024_analysed_jan-apr,Exp_24_Feb_2024_1645_channel_1,True,False,24,Feb,2024,1645,1,3007.59375,0.8354427083333333,38.800000000000445
2024_analysed_jan-apr,Exp_24_Mar_2024_0745_channel_0,True,False,24,Mar,2024,0745,0,3007.6979166666665,0.8354716435185184,22.00000000000096
2024_analysed_jan-apr,Exp_24_Mar_2024_0745_channel_1,True,False,24,Mar,2024,0745,1,3007.6979166666665,0.8354716435185184,0.40000000000009095
2024_analysed_jan-apr,Exp_24_Mar_2024_0845_channel_0,True,False,24,Mar,2024,0845,0,3009.4895833333335,0.8359693287037038,2.799999999999528
2024_analysed_jan-apr,Exp_24_Mar_2024_0845_channel_1,True,False,24,Mar,2024,0845,1,3009.4895833333335,0.8359693287037038,4.000000000000227
2024_analysed_jan-apr,Exp_24_Mar_2024_0945_channel_0,True,False,24,Mar,2024,0945,0,3008.4583333333335,0.8356828703703704,16.800000000000864
2024_analysed_jan-apr,Exp_24_Mar_2024_0945_channel_1,True,False,24,Mar,2024,0945,1,3008.4583333333335,0.8356828703703704,16.400000000000375
2024_analysed_jan-apr,Exp_24_Mar_2024_1045_channel_0,True,False,24,Mar,2024,1045,0,3013.2604166666665,0.8370167824074074,6.400000000000055
2024_analysed_jan-apr,Exp_24_Mar_2024_1045_channel_1,True,False,24,Mar,2024,1045,1,3013.2604166666665,0.8370167824074074,0.8000000000001819
2024_analysed_jan-apr,Exp_24_Mar_2024_1145_channel_0,True,False,24,Mar,2024,1145,0,3010.6666666666665,0.8362962962962962,11.600000000000165
2024_analysed_jan-apr,Exp_24_Mar_2024_1145_channel_1,True,False,24,Mar,2024,1145,1,3010.6666666666665,0.8362962962962962,54.80000000000021
2024_analysed_jan-apr,Exp_24_Mar_2024_1245_channel_0,True,False,24,Mar,2024,1245,0,3008.5729166666665,0.835714699074074,5.200000000000159
2024_analysed_jan-apr,Exp_24_Mar_2024_1245_channel_1,True,False,24,Mar,2024,1245,1,3008.5729166666665,0.835714699074074,2.7999999999997556
2024_analysed_jan-apr,Exp_24_Mar_2024_1345_channel_0,True,False,24,Mar,2024,1345,0,3010.9375,0.8363715277777778,56.80000000000054
2024_analysed_jan-apr,Exp_24_Mar_2024_1345_channel_1,True,False,24,Mar,2024,1345,1,3010.9375,0.8363715277777778,180.0000000000006
2024_analysed_jan-apr,Exp_24_Mar_2024_1445_channel_0,True,False,24,Mar,2024,1445,0,3010.0729166666665,0.8361313657407407,25.599999999999802
2024_analysed_jan-apr,Exp_24_Mar_2024_1445_channel_1,True,False,24,Mar,2024,1445,1,3010.0729166666665,0.8361313657407407,73.20000000000019
2024_analysed_jan-apr,Exp_24_Mar_2024_1545_channel_0,True,False,24,Mar,2024,1545,0,3011.09375,0.8364149305555556,8.400000000000155
2024_analysed_jan-apr,Exp_24_Mar_2024_1545_channel_1,True,False,24,Mar,2024,1545,1,3011.09375,0.8364149305555556,23.200000000000045
2024_analysed_jan-apr,Exp_24_Mar_2024_1645_channel_0,True,False,24,Mar,2024,1645,0,3011.8854166666665,0.8366348379629629,17.600000000000335
2024_analysed_jan-apr,Exp_24_Mar_2024_1645_channel_1,True,False,24,Mar,2024,1645,1,3011.8854166666665,0.8366348379629629,13.20000000000016
2024_analysed_jan-apr,Exp_25_Feb_2024_0745_channel_1,True,False,25,Feb,2024,0745,1,3011.2708333333335,0.8364641203703704,1.1999999999998465
2024_analysed_jan-apr,Exp_25_Feb_2024_0845_channel_0,True,False,25,Feb,2024,0845,0,3008.2395833333335,0.8356221064814815,0.0
2024_analysed_jan-apr,Exp_25_Feb_2024_0945_channel_1,True,False,25,Feb,2024,0945,1,3008.1666666666665,0.8356018518518518,7.599999999999909
2024_analysed_jan-apr,Exp_25_Feb_2024_1045_channel_1,True,False,25,Feb,2024,1045,1,3008.34375,0.8356510416666667,41.60000000000434
2024_analysed_jan-apr,Exp_25_Feb_2024_1145_channel_0,True,False,25,Feb,2024,1145,0,3009.75,0.8360416666666667,3.2000000000003297
2024_analysed_jan-apr,Exp_25_Feb_2024_1145_channel_1,True,False,25,Feb,2024,1145,1,3009.75,0.8360416666666667,30.800000000000097
2024_analysed_jan-apr,Exp_25_Feb_2024_1245_channel_1,True,False,25,Feb,2024,1245,1,3007.71875,0.8354774305555556,18.800000000001887
2024_analysed_jan-apr,Exp_25_Feb_2024_1345_channel_0,True,False,25,Feb,2024,1345,0,3007.8125,0.8355034722222222,56.79999999999863
2024_analysed_jan-apr,Exp_25_Feb_2024_1345_channel_1,True,False,25,Feb,2024,1345,1,3007.8125,0.8355034722222222,132.8000000000003
2024_analysed_jan-apr,Exp_25_Feb_2024_1445_channel_1,True,False,25,Feb,2024,1445,1,3008.6458333333335,0.8357349537037038,10.400000000001597
2024_analysed_jan-apr,Exp_25_Feb_2024_1545_channel_1,True,False,25,Feb,2024,1545,1,3007.7916666666665,0.8354976851851852,174.40000000000362
2024_analysed_jan-apr,Exp_25_Feb_2024_1645_channel_1,True,False,25,Feb,2024,1645,1,3006.8645833333335,0.8352401620370371,5.199999999999861
2024_analysed_jan-apr,Exp_25_Jan_2024_0945_channel_1,True,False,25,Jan,2024,0945,1,3007.625,0.8354513888888889,68.00000000000063
2024_analysed_jan-apr,Exp_25_Mar_2024_0745_channel_0,True,False,25,Mar,2024,0745,0,3008.2395833333335,0.8356221064814815,2.8000000000002103
2024_analysed_jan-apr,Exp_25_Mar_2024_0745_channel_1,True,False,25,Mar,2024,0745,1,3008.2395833333335,0.8356221064814815,0.8000000000001819
2024_analysed_jan-apr,Exp_25_Mar_2024_0845_channel_0,True,False,25,Mar,2024,0845,0,3009.5104166666665,0.8359751157407407,1.1999999999999318
2024_analysed_jan-apr,Exp_25_Mar_2024_0845_channel_1,True,False,25,Mar,2024,0845,1,3009.5104166666665,0.8359751157407407,0.7999999999999545
2024_analysed_jan-apr,Exp_25_Mar_2024_0945_channel_0,True,False,25,Mar,2024,0945,0,3008.1458333333335,0.8355960648148149,18.799999999999976
2024_analysed_jan-apr,Exp_25_Mar_2024_0945_channel_1,True,False,25,Mar,2024,0945,1,3008.1458333333335,0.8355960648148149,86.40000000000032
2024_analysed_jan-apr,Exp_25_Mar_2024_1045_channel_0,True,False,25,Mar,2024,1045,0,3011.1354166666665,0.8364265046296296,2.399999999999956
2024_analysed_jan-apr,Exp_25_Mar_2024_1045_channel_1,True,False,25,Mar,2024,1045,1,3011.1354166666665,0.8364265046296296,0.4000000000000057
2024_analysed_jan-apr,Exp_25_Mar_2024_1145_channel_0,True,False,25,Mar,2024,1145,0,3009.4270833333335,0.8359519675925926,71.2000000000001
2024_analysed_jan-apr,Exp_25_Mar_2024_1145_channel_1,True,False,25,Mar,2024,1145,1,3009.4270833333335,0.8359519675925926,104.80000000000061
2024_analysed_jan-apr,Exp_25_Mar_2024_1245_channel_0,True,False,25,Mar,2024,1245,0,3011.84375,0.8366232638888889,4.000000000000142
2024_analysed_jan-apr,Exp_25_Mar_2024_1245_channel_1,True,False,25,Mar,2024,1245,1,3011.84375,0.8366232638888889,1.5999999999999872
2024_analysed_jan-apr,Exp_25_Mar_2024_1345_channel_0,True,False,25,Mar,2024,1345,0,3008.7604166666665,0.8357667824074073,5.199999999999761
2024_analysed_jan-apr,Exp_25_Mar_2024_1345_channel_1,True,False,25,Mar,2024,1345,1,3008.7604166666665,0.8357667824074073,7.199999999999591
2024_analysed_jan-apr,Exp_25_Mar_2024_1445_channel_0,True,False,25,Mar,2024,1445,0,3008.4166666666665,0.8356712962962962,17.60000000000018
2024_analysed_jan-apr,Exp_25_Mar_2024_1445_channel_1,True,False,25,Mar,2024,1445,1,3008.4166666666665,0.8356712962962962,33.199999999999974
2024_analysed_jan-apr,Exp_25_Mar_2024_1545_channel_0,True,False,25,Mar,2024,1545,0,3010.78125,0.836328125,13.999999999999744
2024_analysed_jan-apr,Exp_25_Mar_2024_1545_channel_1,True,False,25,Mar,2024,1545,1,3010.78125,0.836328125,78.79999999999968
2024_analysed_jan-apr,Exp_25_Mar_2024_1645_channel_0,True,False,25,Mar,2024,1645,0,3010.4479166666665,0.8362355324074073,17.59999999999893
2024_analysed_jan-apr,Exp_25_Mar_2024_1645_channel_1,True,False,25,Mar,2024,1645,1,3010.4479166666665,0.8362355324074073,0.7999999999999545
2024_analysed_jan-apr,Exp_26_Feb_2024_0845_channel_1,True,False,26,Feb,2024,0845,1,3008.5104166666665,0.835697337962963,4.800000000000637
2024_analysed_jan-apr,Exp_26_Feb_2024_0945_channel_1,True,False,26,Feb,2024,0945,1,3008.8541666666665,0.8357928240740741,67.6000000000002
2024_analysed_jan-apr,Exp_26_Feb_2024_1045_channel_1,True,False,26,Feb,2024,1045,1,3008.8541666666665,0.8357928240740741,9.2000000000007
2024_analysed_jan-apr,Exp_26_Feb_2024_1145_channel_1,True,False,26,Feb,2024,1145,1,3008.375,0.8356597222222222,169.20000000000044
2024_analysed_jan-apr,Exp_26_Feb_2024_1245_channel_1,True,False,26,Feb,2024,1245,1,3008.8125,0.83578125,5.600000000000591
2024_analysed_jan-apr,Exp_26_Feb_2024_1345_channel_1,True,False,26,Feb,2024,1345,1,3008.6041666666665,0.8357233796296296,94.3999999999996
2024_analysed_jan-apr,Exp_26_Feb_2024_1445_channel_1,True,False,26,Feb,2024,1445,1,3007.6354166666665,0.8354542824074074,10.400000000001228
2024_analysed_jan-apr,Exp_26_Feb_2024_1545_channel_1,True,False,26,Feb,2024,1545,1,3007.6041666666665,0.8354456018518518,199.60000000000065
2024_analysed_jan-apr,Exp_26_Feb_2024_1645_channel_1,True,False,26,Feb,2024,1645,1,3010.03125,0.8361197916666666,8.000000000000057
2024_analysed_jan-apr,Exp_26_Jan_2024_1345_channel_1,True,False,26,Jan,2024,1345,1,3008.625,0.8357291666666666,85.19999999999959
2024_analysed_jan-apr,Exp_26_Jan_2024_1545_channel_0,True,False,26,Jan,2024,1545,0,3010.4375,0.8362326388888889,9.599999999999724
2024_analysed_jan-apr,Exp_26_Jan_2024_1545_channel_0 (copy 1),False,False,26,Jan,2024,1545,0,,,0.0
2024_analysed_jan-apr,Exp_26_Jan_2024_1545_channel_1,True,False,26,Jan,2024,1545,1,3010.4375,0.8362326388888889,106.40000000000259
2024_analysed_jan-apr,Exp_26_Mar_2024_0745_channel_0,True,False,26,Mar,2024,0745,0,3008.3541666666665,0.8356539351851852,3.6000000000001364
2024_analysed_jan-apr,Exp_26_Mar_2024_0745_channel_1,True,False,26,Mar,2024,0745,1,3008.3541666666665,0.8356539351851852,1.2000000000000455
2024_analysed_jan-apr,Exp_26_Mar_2024_0845_channel_0,True,False,26,Mar,2024,0845,0,3009.8958333333335,0.8360821759259259,1.599999999999909
2024_analysed_jan-apr,Exp_26_Mar_2024_0845_channel_1,True,False,26,Mar,2024,0845,1,3009.8958333333335,0.8360821759259259,2.399999999999636
2024_analysed_jan-apr,Exp_26_Mar_2024_0945_channel_0,True,False,26,Mar,2024,0945,0,3010.2083333333335,0.8361689814814816,18.79999999999967
2024_analysed_jan-apr,Exp_26_Mar_2024_0945_channel_1,True,False,26,Mar,2024,0945,1,3010.2083333333335,0.8361689814814816,101.60000000000095
2024_analysed_jan-apr,Exp_26_Mar_2024_1045_channel_0,True,False,26,Mar,2024,1045,0,3009.15625,0.8358767361111111,2.0
2024_analysed_jan-apr,Exp_26_Mar_2024_1045_channel_1,True,False,26,Mar,2024,1045,1,3009.15625,0.8358767361111111,0.7999999999999545
2024_analysed_jan-apr,Exp_26_Mar_2024_1145_channel_0,True,False,26,Mar,2024,1145,0,3009.9479166666665,0.8360966435185184,22.799999999999812
2024_analysed_jan-apr,Exp_26_Mar_2024_1145_channel_1,True,False,26,Mar,2024,1145,1,3009.9479166666665,0.8360966435185184,169.19999999999982
2024_analysed_jan-apr,Exp_26_Mar_2024_1245_channel_0,True,False,26,Mar,2024,1245,0,3009.5729166666665,0.8359924768518519,0.39999999999997726
2024_analysed_jan-apr,Exp_26_Mar_2024_1245_channel_1,True,False,26,Mar,2024,1245,1,3009.5729166666665,0.8359924768518519,1.199999999999818
2024_analysed_jan-apr,Exp_26_Mar_2024_1345_channel_0,True,False,26,Mar,2024,1345,0,3010.2708333333335,0.8361863425925926,21.599999999999852
2024_analysed_jan-apr,Exp_26_Mar_2024_1345_channel_1,True,False,26,Mar,2024,1345,1,3010.2708333333335,0.8361863425925926,108.3999999999994
2024_analysed_jan-apr,Exp_26_Mar_2024_1445_channel_0,True,False,26,Mar,2024,1445,0,3008.25,0.835625,7.199999999999726
2024_analysed_jan-apr,Exp_26_Mar_2024_1445_channel_1,True,False,26,Mar,2024,1445,1,3008.25,0.835625,80.40000000000094
2024_analysed_jan-apr,Exp_26_Mar_2024_1545_channel_0,True,False,26,Mar,2024,1545,0,3009.1875,0.8358854166666667,14.800000000000395
2024_analysed_jan-apr,Exp_26_Mar_2024_1545_channel_1,True,False,26,Mar,2024,1545,1,3009.1875,0.8358854166666667,309.20000000000095
2024_analysed_jan-apr,Exp_26_Mar_2024_1645_channel_0,True,False,26,Mar,2024,1645,0,3009.9583333333335,0.8360995370370371,40.00000000000051
2024_analysed_jan-apr,Exp_26_Mar_2024_1645_channel_1,True,False,26,Mar,2024,1645,1,3009.9583333333335,0.8360995370370371,58.00000000000012
2024_analysed_jan-apr,Exp_27_Feb_2024_0745_channel_1,True,False,27,Feb,2024,0745,1,3009.6145833333335,0.836004050925926,0.39999999999997726
2024_analysed_jan-apr,Exp_27_Feb_2024_0845_channel_1,True,False,27,Feb,2024,0845,1,3010.6770833333335,0.8362991898148149,3.600000000000364
2024_analysed_jan-apr,Exp_27_Feb_2024_0945_channel_1,True,False,27,Feb,2024,0945,1,3007.8541666666665,0.8355150462962962,25.600000000000747
2024_analysed_jan-apr,Exp_27_Feb_2024_1045_channel_1,True,False,27,Feb,2024,1045,1,3007.40625,0.835390625,20.000000000000654
2024_analysed_jan-apr,Exp_27_Feb_2024_1145_channel_1,True,False,27,Feb,2024,1145,1,3009.2395833333335,0.8358998842592593,138.3999999999991
2024_analysed_jan-apr,Exp_27_Feb_2024_1245_channel_1,True,False,27,Feb,2024,1245,1,3008.90625,0.8358072916666667,40.000000000001464
2024_analysed_jan-apr,Exp_27_Feb_2024_1345_channel_1,True,False,27,Feb,2024,1345,1,3006.3125,0.8350868055555556,114.00000000000041
2024_analysed_jan-apr,Exp_27_Feb_2024_1445_channel_1,True,False,27,Feb,2024,1445,1,3008.1979166666665,0.8356105324074073,31.600000000001387
2024_analysed_jan-apr,Exp_27_Feb_2024_1545_channel_1,True,False,27,Feb,2024,1545,1,3006.7708333333335,0.8352141203703705,211.19999999999715
2024_analysed_jan-apr,Exp_27_Feb_2024_1645_channel_1,True,False,27,Feb,2024,1645,1,3010.0520833333335,0.8361255787037037,9.200000000000665
2024_analysed_jan-apr,Exp_27_Mar_2024_0745_channel_0,True,False,27,Mar,2024,0745,0,3010.2708333333335,0.8361863425925926,5.199999999999704
2024_analysed_jan-apr,Exp_27_Mar_2024_0745_channel_1,True,False,27,Mar,2024,0745,1,3010.2708333333335,0.8361863425925926,0.7999999999999545
2024_analysed_jan-apr,Exp_27_Mar_2024_0845_channel_0,True,False,27,Mar,2024,0845,0,3009.4895833333335,0.8359693287037038,1.1999999999999602
2024_analysed_jan-apr,Exp_27_Mar_2024_0945_channel_0,True,False,27,Mar,2024,0945,0,3008.4166666666665,0.8356712962962962,3.5999999999999943
2024_analysed_jan-apr,Exp_27_Mar_2024_0945_channel_1,True,False,27,Mar,2024,0945,1,3008.4166666666665,0.8356712962962962,47.59999999999968
2024_analysed_jan-apr,Exp_27_Mar_2024_1045_channel_0,True,False,27,Mar,2024,1045,0,3007.5104166666665,0.8354195601851852,1.599999999999909
2024_analysed_jan-apr,Exp_27_Mar_2024_1045_channel_1,True,False,27,Mar,2024,1045,1,3007.5104166666665,0.8354195601851852,2.8000000000000966
2024_analysed_jan-apr,Exp_27_Mar_2024_1145_channel_0,True,False,27,Mar,2024,1145,0,3010.0104166666665,0.8361140046296296,82.80000000000074
2024_analysed_jan-apr,Exp_27_Mar_2024_1145_channel_1,True,False,27,Mar,2024,1145,1,3010.0104166666665,0.8361140046296296,208.80000000000152
2024_analysed_jan-apr,Exp_27_Mar_2024_1245_channel_0,True,False,27,Mar,2024,1245,0,3009.1354166666665,0.835870949074074,10.399999999999949
2024_analysed_jan-apr,Exp_27_Mar_2024_1245_channel_1,True,False,27,Mar,2024,1245,1,3009.1354166666665,0.835870949074074,8.400000000000034
2024_analysed_jan-apr,Exp_27_Mar_2024_1345_channel_0,True,False,27,Mar,2024,1345,0,3008.5208333333335,0.8357002314814815,14.400000000000091
2024_analysed_jan-apr,Exp_27_Mar_2024_1345_channel_1,True,False,27,Mar,2024,1345,1,3008.5208333333335,0.8357002314814815,27.200000000000614
2024_analysed_jan-apr,Exp_27_Mar_2024_1445_channel_1,True,False,27,Mar,2024,1445,1,3010.4270833333335,0.8362297453703704,65.59999999999954
2024_analysed_jan-apr,Exp_27_Mar_2024_1545_channel_1,True,False,27,Mar,2024,1545,1,3009.9895833333335,0.8361082175925927,349.59999999999843
2024_analysed_jan-apr,Exp_27_Mar_2024_1645_channel_0,True,False,27,Mar,2024,1645,0,3013.5729166666665,0.8371035879629629,0.8000000000001819
2024_analysed_jan-apr,Exp_27_Mar_2024_1645_channel_1,True,False,27,Mar,2024,1645,1,3013.5729166666665,0.8371035879629629,3.6000000000002785
2024_analysed_jan-apr,Exp_28_Feb_2024_0745_channel_1,True,False,28,Feb,2024,0745,1,3009.2395833333335,0.8358998842592593,1.6000000000003638
2024_analysed_jan-apr,Exp_28_Feb_2024_0845_channel_1,True,False,28,Feb,2024,0845,1,3007.9583333333335,0.8355439814814816,0.39999999999997726
2024_analysed_jan-apr,Exp_28_Feb_2024_0945_channel_1,True,False,28,Feb,2024,0945,1,3008.0,0.8355555555555556,93.9999999999993
2024_analysed_jan-apr,Exp_28_Feb_2024_1045_channel_1,True,False,28,Feb,2024,1045,1,3008.1145833333335,0.8355873842592593,23.200000000002547
2024_analysed_jan-apr,Exp_28_Feb_2024_1145_channel_1,True,False,28,Feb,2024,1145,1,3008.0729166666665,0.8355758101851851,140.39999999999984
2024_analysed_jan-apr,Exp_28_Feb_2024_1245_channel_1,True,False,28,Feb,2024,1245,1,3007.8854166666665,0.8355237268518518,31.600000000003547
2024_analysed_jan-apr,Exp_28_Feb_2024_1345_channel_0,True,False,28,Feb,2024,1345,0,3007.5520833333335,0.8354311342592593,0.39999999999997726
2024_analysed_jan-apr,Exp_28_Feb_2024_1345_channel_1,True,False,28,Feb,2024,1345,1,3007.5520833333335,0.8354311342592593,198.80000000000038
2024_analysed_jan-apr,Exp_28_Feb_2024_1445_channel_1,True,False,28,Feb,2024,1445,1,3006.3229166666665,0.835089699074074,51.60000000000034
2024_analysed_jan-apr,Exp_28_Feb_2024_1545_channel_1,True,False,28,Feb,2024,1545,1,3009.7916666666665,0.8360532407407407,213.59999999999712
2024_analysed_jan-apr,Exp_28_Feb_2024_1645_channel_1,True,False,28,Feb,2024,1645,1,3008.7083333333335,0.8357523148148148,0.8000000000000114
2024_analysed_jan-apr,Exp_28_Jan_2024_1145_channel_1,True,False,28,Jan,2024,1145,1,3010.5416666666665,0.836261574074074,42.8000000000004
2024_analysed_jan-apr,Exp_28_Jan_2024_1245_channel_0,True,False,28,Jan,2024,1245,0,3012.0416666666665,0.8366782407407407,11.600000000000449
2024_analysed_jan-apr,Exp_28_Mar_2024_0000_channel_0,True,False,28,Mar,2024,0000,0,3003.5,0.8343055555555555,2.400000000000034
2024_analysed_jan-apr,Exp_29_Feb_2024_0845_channel_1,True,False,29,Feb,2024,0845,1,3008.5208333333335,0.8357002314814815,15.2000000000005
2024_analysed_jan-apr,Exp_29_Feb_2024_0945_channel_1,True,False,29,Feb,2024,0945,1,3007.7604166666665,0.8354890046296296,73.59999999999951
2024_analysed_jan-apr,Exp_29_Feb_2024_1045_channel_1,True,False,29,Feb,2024,1045,1,3006.96875,0.8352690972222222,2.8000000000004093
2024_analysed_jan-apr,Exp_29_Feb_2024_1145_channel_1,True,False,29,Feb,2024,1145,1,3009.5416666666665,0.8359837962962963,155.99999999999744
2024_analysed_jan-apr,Exp_29_Feb_2024_1245_channel_1,True,False,29,Feb,2024,1245,1,3009.28125,0.8359114583333334,12.399999999999551
2024_analysed_jan-apr,Exp_29_Feb_2024_1345_channel_1,True,False,29,Feb,2024,1345,1,3009.75,0.8360416666666667,77.20000000000202
2024_analysed_jan-apr,Exp_29_Feb_2024_1445_channel_1,True,False,29,Feb,2024,1445,1,3009.6979166666665,0.8360271990740741,2.0
2024_analysed_jan-apr,Exp_29_Feb_2024_1545_channel_1,True,False,29,Feb,2024,1545,1,3008.03125,0.8355642361111111,153.20000000000152
2024_analysed_jan-apr,Exp_29_Feb_2024_1645_channel_1,True,False,29,Feb,2024,1645,1,3007.0208333333335,0.8352835648148148,60.39999999999969
2024_analysed_jan-apr,Exp_30_Jan_2024_1645_channel_1,True,False,30,Jan,2024,1645,1,3009.1770833333335,0.8358825231481481,29.6000000000001
2024_analysed_jan-apr,Exp_31_Jan_2024_0845_channel_0,True,False,31,Jan,2024,0845,0,3008.3125,0.8356423611111111,1.599999999999909
