subfolder,channel,snr_db,n_stft_frames_used,status,f0_backend
2019_2020_analysed,channel_0,15.86558577121826,180,ok,crepe
2019_2020_analysed,channel_0,1.0057100528644032,97,ok,crepe
2019_2020_analysed,channel_0,-0.5875833364254935,39,ok,crepe
2019_2020_analysed,channel_0,-6.798693815090383,58,ok,crepe
2019_2020_analysed,channel_0,3.69273695879196,164,ok,crepe
2019_2020_analysed,channel_0,3.064443733804377,104,ok,crepe
2019_2020_analysed,channel_0,12.122642894942858,134,ok,crepe
2019_2020_analysed,channel_0,10.59408566821974,183,ok,crepe
2019_2020_analysed,channel_0,22.71804005398378,172,ok,crepe
2019_2020_analysed,channel_0,4.24672846422398,127,ok,crepe
2019_2020_analysed,channel_0,-4.713243736821058,82,ok,crepe
2019_2020_analysed,channel_0,5.662548974220134,139,ok,crepe
2019_2020_analysed,channel_0,24.755419679434873,168,ok,crepe
2019_2020_analysed,channel_0,3.5418976990162254,132,ok,crepe
2019_2020_analysed,channel_0,2.516976765879742,78,ok,crepe
2019_2020_analysed,channel_0,18.3437188007138,140,ok,crepe
2019_2020_analysed,channel_0,19.622421649158827,184,ok,crepe
2019_2020_analysed,channel_0,20.313875663837774,152,ok,crepe
2019_2020_analysed,channel_0,19.796554978673623,119,ok,crepe
2019_2020_analysed,channel_0,22.946114003008105,202,ok,crepe
2019_2020_analysed,channel_0,11.127837087455452,126,ok,crepe
2019_2020_analysed,channel_0,6.220155170556135,148,ok,crepe
2019_2020_analysed,channel_0,12.090295972866716,194,ok,crepe
2019_2020_analysed,channel_0,14.72860498698422,148,ok,crepe
2019_2020_analysed,channel_0,5.783455552474715,87,ok,crepe
2019_2020_analysed,channel_0,15.021880422363598,165,ok,crepe
2019_2020_analysed,channel_0,8.796511543752041,118,ok,crepe
2019_2020_analysed,channel_0,-0.6616173763090027,86,ok,crepe
2019_2020_analysed,channel_0,0.16454845106905897,81,ok,crepe
2019_2020_analysed,channel_0,-4.009273051358544,82,ok,crepe
2019_2020_analysed,channel_0,2.652937847636085,129,ok,crepe
2019_2020_analysed,channel_0,-0.31751502039242063,103,ok,crepe
2019_2020_analysed,channel_0,5.5215656932077355,153,ok,crepe
2019_2020_analysed,channel_0,10.406606143700063,187,ok,crepe
2019_2020_analysed,channel_0,5.577789015705741,134,ok,crepe
2019_2020_analysed,channel_0,-0.20028568539272193,87,ok,crepe
2019_2020_analysed,channel_0,5.900396285081857,180,ok,crepe
2019_2020_analysed,channel_0,-1.5228685461285576,134,ok,crepe
2019_2020_analysed,channel_0,-2.4010958254342114,77,ok,crepe
2019_2020_analysed,channel_0,12.825152427442157,183,ok,crepe
2019_2020_analysed,channel_0,2.016705738486065,81,ok,crepe
2019_2020_analysed,channel_0,15.62556994399425,140,ok,crepe
2019_2020_analysed,channel_0,-9.175636106278686,45,ok,crepe
2019_2020_analysed,channel_0,-4.907383214704316,44,ok,crepe
2019_2020_analysed,channel_0,10.620311000870108,84,ok,crepe
2019_2020_analysed,channel_0,-2.739127345328036,79,ok,crepe
2019_2020_analysed,channel_0,6.652951151552835,75,ok,crepe
2019_2020_analysed,channel_0,8.12580240688995,159,ok,crepe
2019_2020_analysed,channel_0,-5.072612288465422,106,ok,crepe
2019_2020_analysed,channel_0,13.44515212542866,94,ok,crepe
2019_2020_analysed,channel_0,10.237075831474172,149,ok,crepe
2019_2020_analysed,channel_0,16.80557315918698,164,ok,crepe
2019_2020_analysed,channel_0,8.649946562986841,159,ok,crepe
2019_2020_analysed,channel_0,1.0549034446906471,86,ok,crepe
2019_2020_analysed,channel_0,8.774174722555653,93,ok,crepe
2019_2020_analysed,channel_0,14.081114082963245,100,ok,crepe
2019_2020_analysed,channel_0,-2.763132383069423,90,ok,crepe
2019_2020_analysed,channel_0,-7.206719178168691,104,ok,crepe
2019_2020_analysed,channel_0,10.370230150468188,176,ok,crepe
2019_2020_analysed,channel_0,9.190512208766965,124,ok,crepe
2019_2020_analysed,channel_0,2.9870125030460053,152,ok,crepe
2019_2020_analysed,channel_0,-11.029850662696798,64,ok,crepe
2019_2020_analysed,channel_0,7.134491097345216,144,ok,crepe
2019_2020_analysed,channel_0,7.935694388839619,87,ok,crepe
2019_2020_analysed,channel_0,16.37106708925763,166,ok,crepe
2019_2020_analysed,channel_0,4.002338033412953,105,ok,crepe
2019_2020_analysed,channel_0,5.393949453289954,136,ok,crepe
2019_2020_analysed,channel_0,3.0750920111082065,102,ok,crepe
2019_2020_analysed,channel_0,-1.0718769339598642,109,ok,crepe
2019_2020_analysed,channel_0,13.091842508271817,152,ok,crepe
2019_2020_analysed,channel_0,7.6881218653714125,144,ok,crepe
2019_2020_analysed,channel_0,10.69089329284676,144,ok,crepe
2019_2020_analysed,channel_0,1.869535240195236,96,ok,crepe
2019_2020_analysed,channel_0,0.4564530074892862,139,ok,crepe
2019_2020_analysed,channel_0,7.875551635625087,135,ok,crepe
2019_2020_analysed,channel_0,-2.1279337073029274,148,ok,crepe
2019_2020_analysed,channel_0,4.263569178071585,122,ok,crepe
2019_2020_analysed,channel_0,9.935828395158183,99,ok,crepe
2019_2020_analysed,channel_0,-3.980409521285292,73,ok,crepe
2019_2020_analysed,channel_0,7.984160188626237,121,ok,crepe
2019_2020_analysed,channel_0,-3.998040851843097,54,ok,crepe
2019_2020_analysed,channel_0,9.508565409687735,88,ok,crepe
2019_2020_analysed,channel_0,7.158331883110276,104,ok,crepe
2019_2020_analysed,channel_0,-1.0110763114121708,80,ok,crepe
2019_2020_analysed,channel_0,12.229222410426743,153,ok,crepe
2019_2020_analysed,channel_0,8.484598098693581,117,ok,crepe
2019_2020_analysed,channel_0,2.725600868206671,115,ok,crepe
2019_2020_analysed,channel_0,9.234019493697211,146,ok,crepe
2019_2020_analysed,channel_0,-2.6178875730632534,54,ok,crepe
2019_2020_analysed,channel_0,-1.5359938010622132,47,ok,crepe
2019_2020_analysed,channel_0,-2.1259366446775667,128,ok,crepe
2019_2020_analysed,channel_0,7.241451734573861,140,ok,crepe
2019_2020_analysed,channel_0,-2.9176754669296856,55,ok,crepe
2019_2020_analysed,channel_0,18.27926869998755,177,ok,crepe
2019_2020_analysed,channel_0,27.06990203148305,168,ok,crepe
2019_2020_analysed,channel_0,19.941359375481273,187,ok,crepe
2019_2020_analysed,channel_0,-2.1887652850861734,128,ok,crepe
2019_2020_analysed,channel_0,-0.934304288427614,81,ok,crepe
2019_2020_analysed,channel_0,14.45559773919146,173,ok,crepe
2019_2020_analysed,channel_0,15.317232027588542,163,ok,crepe
2019_2020_analysed,channel_0,22.729056315480154,149,ok,crepe
2019_2020_analysed,channel_0,17.722182320569196,152,ok,crepe
2019_2020_analysed,channel_0,8.572355641767164,130,ok,crepe
2019_2020_analysed,channel_0,5.564801429114292,114,ok,crepe
2019_2020_analysed,channel_0,0.15416253731078589,96,ok,crepe
2019_2020_analysed,channel_0,10.078444811553895,142,ok,crepe
2019_2020_analysed,channel_0,12.41597911612139,199,ok,crepe
2019_2020_analysed,channel_0,11.787708161256933,192,ok,crepe
2019_2020_analysed,channel_0,-103.3722876230556,68,ok,crepe
2019_2020_analysed,channel_0,14.935790660213348,115,ok,crepe
2019_2020_analysed,channel_0,16.367260392301503,141,ok,crepe
2019_2020_analysed,channel_0,6.843537879794682,125,ok,crepe
2019_2020_analysed,channel_0,4.631240861294309,119,ok,crepe
2019_2020_analysed,channel_0,15.478632849563246,131,ok,crepe
2019_2020_analysed,channel_0,16.4929183163441,131,ok,crepe
2019_2020_analysed,channel_0,-2.931277018103091,114,ok,crepe
2019_2020_analysed,channel_0,22.90888910881762,142,ok,crepe
2019_2020_analysed,channel_0,-5.274519009419048,106,ok,crepe
2019_2020_analysed,channel_0,-2.6658140409762736,67,ok,crepe
2019_2020_analysed,channel_0,12.744845306016925,112,ok,crepe
2019_2020_analysed,channel_0,5.4065551767419855,166,ok,crepe
2019_2020_analysed,channel_0,1.6193110170833116,80,ok,crepe
2019_2020_analysed,channel_0,6.347101386216614,145,ok,crepe
2019_2020_analysed,channel_0,6.110265499378624,86,ok,crepe
2019_2020_analysed,channel_0,-6.107582978710844,89,ok,crepe
2019_2020_analysed,channel_0,1.2259167416052184,162,ok,crepe
2019_2020_analysed,channel_0,-3.6549841871476114,70,ok,crepe
2019_2020_analysed,channel_0,6.4563827670490594,75,ok,crepe
2019_2020_analysed,channel_0,15.091271323631691,178,ok,crepe
2019_2020_analysed,channel_0,4.551652261245714,133,ok,crepe
2019_2020_analysed,channel_0,-1.322027761418489,118,ok,crepe
2019_2020_analysed,channel_0,-3.75659657983827,71,ok,crepe
2019_2020_analysed,channel_0,-3.0671084396715163,86,ok,crepe
2019_2020_analysed,channel_0,15.773753720021066,154,ok,crepe
2019_2020_analysed,channel_0,8.970374009431907,133,ok,crepe
2019_2020_analysed,channel_0,4.622682967626014,124,ok,crepe
2019_2020_analysed,channel_0,7.740797957046279,149,ok,crepe
2019_2020_analysed,channel_0,12.632882809246633,146,ok,crepe
2019_2020_analysed,channel_0,8.788918998639518,156,ok,crepe
2019_2020_analysed,channel_0,15.327949633436248,203,ok,crepe
2019_2020_analysed,channel_0,-1.0029110731921285,97,ok,crepe
2019_2020_analysed,channel_0,1.745824192148363,99,ok,crepe
2019_2020_analysed,channel_0,4.318302590697702,114,ok,crepe
2019_2020_analysed,channel_0,1.663548633690744,110,ok,crepe
2019_2020_analysed,channel_0,1.7906211014337585,34,ok,crepe
2019_2020_analysed,channel_0,25.02400561320617,156,ok,crepe
2019_2020_analysed,channel_0,13.674695933834592,163,ok,crepe
2019_2020_analysed,channel_0,-0.058022922824143494,83,ok,crepe
2019_2020_analysed,channel_0,6.270630706805579,110,ok,crepe
2019_2020_analysed,channel_0,-3.7292368735440173,133,ok,crepe
2019_2020_analysed,channel_0,13.340497015050147,106,ok,crepe
2019_2020_analysed,channel_0,17.00799438170587,164,ok,crepe
2019_2020_analysed,channel_0,7.404766489569146,146,ok,crepe
2019_2020_analysed,channel_0,12.304699316004648,166,ok,crepe
2019_2020_analysed,channel_0,3.599729845418258,115,ok,crepe
2019_2020_analysed,channel_0,16.537939754655845,125,ok,crepe
2019_2020_analysed,channel_0,4.152753505253426,145,ok,crepe
2019_2020_analysed,channel_0,5.4314920414298555,138,ok,crepe
2019_2020_analysed,channel_0,-3.0579624842540043,111,ok,crepe
2019_2020_analysed,channel_0,7.445303226647799,140,ok,crepe
2019_2020_analysed,channel_0,2.85849011007006,148,ok,crepe
2019_2020_analysed,channel_0,0.703046957896551,105,ok,crepe
2019_2020_analysed,channel_0,8.131347495664107,149,ok,crepe
2019_2020_analysed,channel_0,8.424358324135802,106,ok,crepe
2019_2020_analysed,channel_0,15.74798186848292,172,ok,crepe
2019_2020_analysed,channel_0,15.425665008517203,111,ok,crepe
2019_2020_analysed,channel_0,-2.2313997092016193,82,ok,crepe
2019_2020_analysed,channel_0,10.45794588232338,145,ok,crepe
2019_2020_analysed,channel_0,10.27942508252761,122,ok,crepe
2019_2020_analysed,channel_0,8.620720990728785,127,ok,crepe
2019_2020_analysed,channel_0,0.8651200863857229,120,ok,crepe
2019_2020_analysed,channel_0,4.764126000885472,129,ok,crepe
2019_2020_analysed,channel_0,21.06849701333634,119,ok,crepe
2019_2020_analysed,channel_0,5.76705767870425,103,ok,crepe
2019_2020_analysed,channel_0,6.885833589974251,141,ok,crepe
2019_2020_analysed,channel_0,-5.930887391082532,86,ok,crepe
2019_2020_analysed,channel_0,4.608469583697792,129,ok,crepe
2019_2020_analysed,channel_0,9.187249785098295,202,ok,crepe
2019_2020_analysed,channel_0,10.835500959805904,158,ok,crepe
2019_2020_analysed,channel_0,-0.24969689380195628,20,ok,crepe
2019_2020_analysed,channel_0,3.7496784180890463,79,ok,crepe
2019_2020_analysed,channel_0,4.075206385060543,55,ok,crepe
2019_2020_analysed,channel_0,-3.8925920904140234,133,ok,crepe
2019_2020_analysed,channel_0,-4.689530670698491,109,ok,crepe
2019_2020_analysed,channel_0,-4.145431205888029,52,ok,crepe
2019_2020_analysed,channel_0,11.573893793440625,134,ok,crepe
2019_2020_analysed,channel_0,-2.647484433082922,93,ok,crepe
2019_2020_analysed,channel_0,22.628326101291915,143,ok,crepe
2019_2020_analysed,channel_0,10.535260111656397,126,ok,crepe
2019_2020_analysed,channel_0,-1.1649338397547293,87,ok,crepe
2019_2020_analysed,channel_0,27.81420701396039,86,ok,crepe
2019_2020_analysed,channel_0,-91.41768872561968,87,ok,crepe
2019_2020_analysed,channel_0,-4.245766382869462,74,ok,crepe
2019_2020_analysed,channel_0,-1.3775547431765771,83,ok,crepe
2019_2020_analysed,channel_0,10.979336519355611,158,ok,crepe
2019_2020_analysed,channel_0,5.64718335855105,151,ok,crepe
2019_2020_analysed,channel_0,-8.543884767413653,75,ok,crepe
2019_2020_analysed,channel_0,8.299596942864426,112,ok,crepe
2019_2020_analysed,channel_0,-4.720900353330338,91,ok,crepe
2019_2020_analysed,channel_0,14.90171348254364,162,ok,crepe
2019_2020_analysed,channel_0,4.228190736565578,136,ok,crepe
2019_2020_analysed,channel_0,3.743471282324024,42,ok,crepe
2019_2020_analysed,channel_0,0.6202811385105398,66,ok,crepe
2019_2020_analysed,channel_0,6.885695540552053,181,ok,crepe
2019_2020_analysed,channel_0,4.689548986781601,130,ok,crepe
2019_2020_analysed,channel_0,14.668721379819399,159,ok,crepe
2019_2020_analysed,channel_0,10.064440517931505,94,ok,crepe
2019_2020_analysed,channel_0,17.86676651558896,189,ok,crepe
2019_2020_analysed,channel_0,14.775108227049294,171,ok,crepe
2019_2020_analysed,channel_0,-0.8649348755771569,48,ok,crepe
2019_2020_analysed,channel_0,-2.712468139046586,84,ok,crepe
2019_2020_analysed,channel_0,6.790080219055686,137,ok,crepe
2019_2020_analysed,channel_0,21.512046672313442,156,ok,crepe
2019_2020_analysed,channel_0,5.508256133375676,128,ok,crepe
2019_2020_analysed,channel_0,4.7759047675598785,88,ok,crepe
2019_2020_analysed,channel_0,3.979009112091871,143,ok,crepe
2019_2020_analysed,channel_0,7.352578678300345,113,ok,crepe
2019_2020_analysed,channel_0,1.378281765261671,102,ok,crepe
2019_2020_analysed,channel_0,-2.137025449096301,85,ok,crepe
2019_2020_analysed,channel_0,-0.9464734562575965,110,ok,crepe
2019_2020_analysed,channel_0,7.62412884824796,176,ok,crepe
2019_2020_analysed,channel_0,21.55849632130273,149,ok,crepe
2019_2020_analysed,channel_0,-11.21182159717989,95,ok,crepe
2019_2020_analysed,channel_0,0.6645063913849394,100,ok,crepe
2019_2020_analysed,channel_0,-2.3935891854962223,95,ok,crepe
2019_2020_analysed,channel_0,11.9126411804515,166,ok,crepe
2019_2020_analysed,channel_0,-1.1869329642329678,58,ok,crepe
2019_2020_analysed,channel_0,4.7905931085535975,97,ok,crepe
2019_2020_analysed,channel_0,-6.062180817798507,82,ok,crepe
2019_2020_analysed,channel_0,-0.6988833931009496,108,ok,crepe
2019_2020_analysed,channel_0,-92.80221885642331,73,ok,crepe
2019_2020_analysed,channel_0,6.019536839122104,127,ok,crepe
2019_2020_analysed,channel_0,11.389484286859823,188,ok,crepe
2019_2020_analysed,channel_0,11.03846198001946,165,ok,crepe
2019_2020_analysed,channel_0,1.1935189095792782,100,ok,crepe
2019_2020_analysed,channel_0,9.690490275304345,145,ok,crepe
2019_2020_analysed,channel_0,-1.4783675188807963,75,ok,crepe
2019_2020_analysed,channel_0,-95.75657321148412,98,ok,crepe
2019_2020_analysed,channel_0,6.782581768758085,127,ok,crepe
2019_2020_analysed,channel_0,-2.672941945753991,117,ok,crepe
2019_2020_analysed,channel_0,4.282056798318475,80,ok,crepe
2019_2020_analysed,channel_0,3.6352379838018525,124,ok,crepe
2019_2020_analysed,channel_0,9.31313982256459,181,ok,crepe
2019_2020_analysed,channel_0,4.755940192900004,119,ok,crepe
2019_2020_analysed,channel_0,-8.928012934555387,42,ok,crepe
2019_2020_analysed,channel_0,4.953584841557268,102,ok,crepe
2019_2020_analysed,channel_0,2.6453366747989726,134,ok,crepe
2019_2020_analysed,channel_0,1.7574715888121508,64,ok,crepe
2019_2020_analysed,channel_0,9.488170410537274,154,ok,crepe
2019_2020_analysed,channel_0,2.214981584640254,36,ok,crepe
2019_2020_analysed,channel_0,-1.6957811071289695,77,ok,crepe
2019_2020_analysed,channel_0,2.4884371017596463,113,ok,crepe
2019_2020_analysed,channel_0,7.404240998269954,89,ok,crepe
2019_2020_analysed,channel_0,24.79855717353651,161,ok,crepe
2019_2020_analysed,channel_0,4.039176184528833,109,ok,crepe
2019_2020_analysed,channel_0,17.2902169992715,174,ok,crepe
2019_2020_analysed,channel_0,16.232177585728607,141,ok,crepe
2019_2020_analysed,channel_0,16.564605080942243,120,ok,crepe
2019_2020_analysed,channel_0,11.629609348541512,144,ok,crepe
2019_2020_analysed,channel_0,5.52764180674056,139,ok,crepe
2019_2020_analysed,channel_0,1.645324065693162,100,ok,crepe
2019_2020_analysed,channel_0,12.6355861403141,83,ok,crepe
2019_2020_analysed,channel_0,10.072960087880832,168,ok,crepe
2019_2020_analysed,channel_0,-4.4754626899697945,101,ok,crepe
2019_2020_analysed,channel_0,13.653251472094395,157,ok,crepe
2019_2020_analysed,channel_0,-93.5184991433695,88,ok,crepe
2019_2020_analysed,channel_0,-0.07730657749568817,40,ok,crepe
2019_2020_analysed,channel_0,7.7308888333692325,129,ok,crepe
2019_2020_analysed,channel_0,19.357310473365295,149,ok,crepe
2019_2020_analysed,channel_0,3.0341365526506916,91,ok,crepe
2019_2020_analysed,channel_0,7.136387446244518,71,ok,crepe
2019_2020_analysed,channel_0,16.1688091388879,57,ok,crepe
2019_2020_analysed,channel_0,9.782460277624534,151,ok,crepe
2019_2020_analysed,channel_0,-3.2103799255815706,60,ok,crepe
2019_2020_analysed,channel_0,14.04539115668538,192,ok,crepe
2019_2020_analysed,channel_0,11.804480658108236,148,ok,crepe
2019_2020_analysed,channel_0,-1.3784085498293872,140,ok,crepe
2019_2020_analysed,channel_0,6.992499319883145,110,ok,crepe
2019_2020_analysed,channel_0,-7.01711084958414,50,ok,crepe
2019_2020_analysed,channel_0,4.118829599700801,121,ok,crepe
2019_2020_analysed,channel_0,7.780329035051771,80,ok,crepe
2019_2020_analysed,channel_0,7.637246662133922,160,ok,crepe
2019_2020_analysed,channel_0,18.217644687247272,116,ok,crepe
2019_2020_analysed,channel_0,19.732583022173944,173,ok,crepe
2019_2020_analysed,channel_0,12.437663211357206,175,ok,crepe
2019_2020_analysed,channel_0,14.632782824230233,140,ok,crepe
2019_2020_analysed,channel_0,0.28608671230584054,93,ok,crepe
2019_2020_analysed,channel_0,14.71864778280361,167,ok,crepe
2019_2020_analysed,channel_0,5.658782973134244,101,ok,crepe
2019_2020_analysed,channel_0,1.819635279255982,121,ok,crepe
2019_2020_analysed,channel_0,13.742528597444043,135,ok,crepe
2019_2020_analysed,channel_0,-1.1112476599391166,91,ok,crepe
2019_2020_analysed,channel_0,3.457381040941467,127,ok,crepe
2019_2020_analysed,channel_0,23.454298520471998,162,ok,crepe
2019_2020_analysed,channel_0,12.365627072129811,101,ok,crepe
2019_2020_analysed,channel_0,13.921749003947554,123,ok,crepe
2019_2020_analysed,channel_0,6.177514794757047,122,ok,crepe
2019_2020_analysed,channel_0,-0.2932907491091743,135,ok,crepe
2019_2020_analysed,channel_0,1.9439083831674853,93,ok,crepe
2019_2020_analysed,channel_0,1.5998237360322822,88,ok,crepe
2019_2020_analysed,channel_0,5.614896097488359,150,ok,crepe
2019_2020_analysed,channel_0,-2.05603446726652,47,ok,crepe
2019_2020_analysed,channel_0,-1.674669471517742,75,ok,crepe
2019_2020_analysed,channel_0,13.008128240524252,145,ok,crepe
2019_2020_analysed,channel_0,-2.506576593834828,85,ok,crepe
2019_2020_analysed,channel_0,3.4549911474446295,118,ok,crepe
2019_2020_analysed,channel_0,8.626173191938886,85,ok,crepe
2019_2020_analysed,channel_0,20.87181688870745,128,ok,crepe
2019_2020_analysed,channel_0,10.374764314044771,106,ok,crepe
2019_2020_analysed,channel_0,-2.147096946636208,86,ok,crepe
2019_2020_analysed,channel_0,1.4894149789153386,82,ok,crepe
2019_2020_analysed,channel_0,0.027051020971433373,114,ok,crepe
2019_2020_analysed,channel_0,5.047400020284908,128,ok,crepe
2019_2020_analysed,channel_0,-4.784014464208858,137,ok,crepe
2019_2020_analysed,channel_0,-4.442482468204356,63,ok,crepe
2019_2020_analysed,channel_0,12.427264965452249,169,ok,crepe
2019_2020_analysed,channel_0,-2.466495420279813,58,ok,crepe
2019_2020_analysed,channel_0,-1.3891373390957218,27,ok,crepe
2019_2020_analysed,channel_0,13.486885884255743,159,ok,crepe
2019_2020_analysed,channel_0,15.513175796528692,125,ok,crepe
2019_2020_analysed,channel_0,16.179829632760455,131,ok,crepe
2019_2020_analysed,channel_0,17.815004098368362,181,ok,crepe
2019_2020_analysed,channel_0,-4.466625537542877,79,ok,crepe
2019_2020_analysed,channel_0,4.98400674964632,135,ok,crepe
2019_2020_analysed,channel_0,-5.698522396631144,74,ok,crepe
2019_2020_analysed,channel_0,0.6434048889477616,154,ok,crepe
2019_2020_analysed,channel_0,-3.335868564290443,89,ok,crepe
2019_2020_analysed,channel_0,-0.819514345707517,85,ok,crepe
2019_2020_analysed,channel_0,17.816841453514506,144,ok,crepe
2019_2020_analysed,channel_0,11.247156546885213,164,ok,crepe
2019_2020_analysed,channel_0,4.192592675391119,101,ok,crepe
2019_2020_analysed,channel_0,-3.6396207219791012,66,ok,crepe
2019_2020_analysed,channel_0,14.851734345800523,133,ok,crepe
2019_2020_analysed,channel_0,-3.3430118869600096,130,ok,crepe
2019_2020_analysed,channel_0,5.348047921211563,140,ok,crepe
2019_2020_analysed,channel_0,1.1732620827041944,158,ok,crepe
2019_2020_analysed,channel_0,-6.7891603244293375,114,ok,crepe
2019_2020_analysed,channel_0,-2.290217554958347,101,ok,crepe
2019_2020_analysed,channel_0,5.071117082821597,80,ok,crepe
2019_2020_analysed,channel_0,14.893277337844133,163,ok,crepe
2019_2020_analysed,channel_0,-0.8171960920406298,69,ok,crepe
2019_2020_analysed,channel_0,13.901218474204457,129,ok,crepe
2019_2020_analysed,channel_0,11.23082595454257,140,ok,crepe
2019_2020_analysed,channel_0,21.1389273267105,183,ok,crepe
2019_2020_analysed,channel_0,12.539683301862896,133,ok,crepe
2019_2020_analysed,channel_0,-5.232949656736242,89,ok,crepe
2019_2020_analysed,channel_0,-0.17805212227087583,109,ok,crepe
2019_2020_analysed,channel_0,-2.615412293090917,82,ok,crepe
2019_2020_analysed,channel_0,20.63765390271334,178,ok,crepe
2019_2020_analysed,channel_0,0.9201079134368928,147,ok,crepe
2019_2020_analysed,channel_0,1.7478526541691088,137,ok,crepe
2019_2020_analysed,channel_0,12.717144905959971,94,ok,crepe
2019_2020_analysed,channel_0,-0.35725638915249375,79,ok,crepe
2019_2020_analysed,channel_0,-9.286455698083344,57,ok,crepe
2019_2020_analysed,channel_0,10.85574198289342,158,ok,crepe
2019_2020_analysed,channel_0,5.572464066899741,99,ok,crepe
2019_2020_analysed,channel_0,6.554358769416951,51,ok,crepe
2019_2020_analysed,channel_0,7.827797628208925,131,ok,crepe
2019_2020_analysed,channel_0,4.713934606872236,107,ok,crepe
2019_2020_analysed,channel_0,14.349778617049411,116,ok,crepe
2019_2020_analysed,channel_0,5.621390318559857,148,ok,crepe
2019_2020_analysed,channel_0,4.368726025874784,65,ok,crepe
2019_2020_analysed,channel_0,3.043196514268474,156,ok,crepe
2019_2020_analysed,channel_0,11.54344293556363,144,ok,crepe
2019_2020_analysed,channel_0,29.903472245733305,137,ok,crepe
2019_2020_analysed,channel_0,-1.2265477869899732,93,ok,crepe
2019_2020_analysed,channel_0,2.2980789793645755,69,ok,crepe
2019_2020_analysed,channel_0,3.545108149564661,90,ok,crepe
2019_2020_analysed,channel_0,20.050040610049585,182,ok,crepe
2019_2020_analysed,channel_0,17.05345399439799,181,ok,crepe
2019_2020_analysed,channel_0,6.05571242296328,143,ok,crepe
2019_2020_analysed,channel_0,-1.754916850869187,109,ok,crepe
2019_2020_analysed,channel_0,4.401710399877611,130,ok,crepe
2019_2020_analysed,channel_0,0.49694836598833225,104,ok,crepe
2019_2020_analysed,channel_0,15.91152321947205,125,ok,crepe
2019_2020_analysed,channel_0,0.7539115357824602,65,ok,crepe
2019_2020_analysed,channel_0,8.190031012288348,106,ok,crepe
2019_2020_analysed,channel_0,3.6919321110819596,110,ok,crepe
2019_2020_analysed,channel_0,15.721959785624854,139,ok,crepe
2019_2020_analysed,channel_0,26.121470364908795,160,ok,crepe
2019_2020_analysed,channel_0,6.419331251021816,99,ok,crepe
2019_2020_analysed,channel_0,-4.39611118782277,89,ok,crepe
2019_2020_analysed,channel_0,-4.556772395812783,86,ok,crepe
2019_2020_analysed,channel_0,11.418752967602444,188,ok,crepe
2019_2020_analysed,channel_0,17.012204203666222,143,ok,crepe
2019_2020_analysed,channel_0,22.60760109333297,156,ok,crepe
2019_2020_analysed,channel_0,5.158716780844431,93,ok,crepe
2019_2020_analysed,channel_0,-0.20126821954568194,123,ok,crepe
2019_2020_analysed,channel_0,-1.3921199862588163,116,ok,crepe
2019_2020_analysed,channel_0,2.223577228488445,78,ok,crepe
2019_2020_analysed,channel_0,13.522804181047618,172,ok,crepe
2019_2020_analysed,channel_0,3.4668003758516255,87,ok,crepe
2019_2020_analysed,channel_0,-6.456289027521156,107,ok,crepe
2019_2020_analysed,channel_0,2.4946728862341554,112,ok,crepe
2019_2020_analysed,channel_0,7.134651160049526,110,ok,crepe
2019_2020_analysed,channel_0,14.981307690951535,204,ok,crepe
2019_2020_analysed,channel_0,6.142080394252386,114,ok,crepe
2019_2020_analysed,channel_0,3.065690172689331,114,ok,crepe
2019_2020_analysed,channel_0,-6.461713998367525,80,ok,crepe
2019_2020_analysed,channel_0,17.998260451501448,201,ok,crepe
2019_2020_analysed,channel_0,4.772914034373712,74,ok,crepe
2019_2020_analysed,channel_0,4.634526055785983,178,ok,crepe
2019_2020_analysed,channel_0,-1.6405728606243821,110,ok,crepe
2019_2020_analysed,channel_0,15.54166143213391,174,ok,crepe
2019_2020_analysed,channel_0,17.88380836196992,158,ok,crepe
2019_2020_analysed,channel_0,10.06378812981798,169,ok,crepe
2019_2020_analysed,channel_0,-3.280228922764887,90,ok,crepe
2019_2020_analysed,channel_0,2.3296645226776795,99,ok,crepe
2019_2020_analysed,channel_0,-0.1424112945465021,65,ok,crepe
2019_2020_analysed,channel_0,17.188090751763227,130,ok,crepe
2019_2020_analysed,channel_0,3.8274856731532525,95,ok,crepe
2019_2020_analysed,channel_0,23.807712141042636,166,ok,crepe
2019_2020_analysed,channel_0,-2.3354445991525203,85,ok,crepe
2019_2020_analysed,channel_0,17.280201656272368,180,ok,crepe
2019_2020_analysed,channel_0,16.079691371832986,166,ok,crepe
2019_2020_analysed,channel_0,9.827923937507991,102,ok,crepe
2019_2020_analysed,channel_0,3.380854739374477,104,ok,crepe
2019_2020_analysed,channel_0,-16.336376399480375,75,ok,crepe
2019_2020_analysed,channel_0,2.6303528445550923,107,ok,crepe
2019_2020_analysed,channel_0,5.100083307559023,100,ok,crepe
2019_2020_analysed,channel_0,8.149054652879645,120,ok,crepe
2019_2020_analysed,channel_0,1.6055846289820408,34,ok,crepe
2019_2020_analysed,channel_0,4.5177908247151315,107,ok,crepe
2019_2020_analysed,channel_0,16.947579549107804,161,ok,crepe
2019_2020_analysed,channel_0,6.183210261036115,99,ok,crepe
2019_2020_analysed,channel_0,3.712566859536661,97,ok,crepe
2019_2020_analysed,channel_0,16.934308662020193,170,ok,crepe
2019_2020_analysed,channel_0,6.9846614107804905,155,ok,crepe
2019_2020_analysed,channel_0,0.2206056226280587,104,ok,crepe
2019_2020_analysed,channel_0,-1.6873288492520098,75,ok,crepe
2019_2020_analysed,channel_0,1.8631835957195513,63,ok,crepe
2019_2020_analysed,channel_0,-1.744325940374093,76,ok,crepe
2019_2020_analysed,channel_0,-4.861156319526073,98,ok,crepe
2019_2020_analysed,channel_0,0.790470284174532,116,ok,crepe
2019_2020_analysed,channel_0,4.199262235085037,107,ok,crepe
2019_2020_analysed,channel_0,-4.58848737650268,65,ok,crepe
2019_2020_analysed,channel_0,-0.5730899181069048,94,ok,crepe
2019_2020_analysed,channel_0,10.983688432857813,174,ok,crepe
2019_2020_analysed,channel_0,14.570661733205563,146,ok,crepe
2019_2020_analysed,channel_0,16.390426596937505,170,ok,crepe
2019_2020_analysed,channel_0,-1.1207326011287653,105,ok,crepe
2019_2020_analysed,channel_0,20.968997953243168,113,ok,crepe
2019_2020_analysed,channel_0,12.939226135131708,165,ok,crepe
2019_2020_analysed,channel_0,-5.6508581535617,31,ok,crepe
2019_2020_analysed,channel_0,21.77679910206897,153,ok,crepe
2019_2020_analysed,channel_0,-5.667845858199735,58,ok,crepe
2019_2020_analysed,channel_0,-1.051031417132353,73,ok,crepe
2019_2020_analysed,channel_0,6.743889756864164,158,ok,crepe
2019_2020_analysed,channel_0,-0.7130320288693106,77,ok,crepe
2019_2020_analysed,channel_0,10.914666502136651,182,ok,crepe
2019_2020_analysed,channel_0,-2.216348579386339,95,ok,crepe
2019_2020_analysed,channel_0,4.949108529234161,156,ok,crepe
2019_2020_analysed,channel_0,7.96889398376716,49,ok,crepe
2019_2020_analysed,channel_0,1.6150603427027508,121,ok,crepe
2019_2020_analysed,channel_0,-0.49683779809394857,81,ok,crepe
2019_2020_analysed,channel_0,-0.49975627709260645,48,ok,crepe
2019_2020_analysed,channel_0,-20.447755772709556,67,ok,crepe
2019_2020_analysed,channel_0,4.775131178586289,170,ok,crepe
2019_2020_analysed,channel_0,9.059368119534772,107,ok,crepe
2019_2020_analysed,channel_0,17.788215272960983,163,ok,crepe
2019_2020_analysed,channel_0,-3.275347726036861,67,ok,crepe
2019_2020_analysed,channel_0,-95.82169939452287,68,ok,crepe
2019_2020_analysed,channel_0,2.8949401702054027,109,ok,crepe
2019_2020_analysed,channel_0,-3.8882387446531035,117,ok,crepe
2019_2020_analysed,channel_0,10.737093067675351,151,ok,crepe
2019_2020_analysed,channel_0,16.21370032872242,179,ok,crepe
2019_2020_analysed,channel_0,-2.211116616818192,97,ok,crepe
2019_2020_analysed,channel_0,3.9338088181736905,104,ok,crepe
2019_2020_analysed,channel_0,4.754745453851774,103,ok,crepe
2019_2020_analysed,channel_0,11.738784391541133,183,ok,crepe
2019_2020_analysed,channel_0,5.4457793605065605,79,ok,crepe
2019_2020_analysed,channel_0,1.6537651813089138,116,ok,crepe
2019_2020_analysed,channel_0,-5.007114050936135,92,ok,crepe
2019_2020_analysed,channel_0,-4.282344347624047,66,ok,crepe
2019_2020_analysed,channel_0,28.592326404962076,179,ok,crepe
2019_2020_analysed,channel_0,2.091668195730785,79,ok,crepe
2019_2020_analysed,channel_0,-7.254449590710003,65,ok,crepe
2019_2020_analysed,channel_0,-3.071379813170161,76,ok,crepe
2019_2020_analysed,channel_0,7.025939919808603,71,ok,crepe
2019_2020_analysed,channel_0,-4.277434285904494,75,ok,crepe
2019_2020_analysed,channel_0,12.691070662997783,203,ok,crepe
2019_2020_analysed,channel_0,-2.24449526829483,125,ok,crepe
2019_2020_analysed,channel_0,1.1993018259626833,98,ok,crepe
2019_2020_analysed,channel_0,1.870739573138045,94,ok,crepe
2019_2020_analysed,channel_0,2.9922472642825086,120,ok,crepe
2019_2020_analysed,channel_0,9.732337612027415,166,ok,crepe
2019_2020_analysed,channel_0,-7.353538907653274,82,ok,crepe
2019_2020_analysed,channel_0,7.142089800781452,125,ok,crepe
2019_2020_analysed,channel_0,1.081577869397752,122,ok,crepe
2019_2020_analysed,channel_0,14.029191779479625,148,ok,crepe
2019_2020_analysed,channel_0,7.0567465642755245,128,ok,crepe
2019_2020_analysed,channel_0,0.13023855164592402,94,ok,crepe
2019_2020_analysed,channel_0,-5.439682506231812,118,ok,crepe
2019_2020_analysed,channel_0,13.767534242888503,172,ok,crepe
2019_2020_analysed,channel_0,1.0577778658828758,68,ok,crepe
2019_2020_analysed,channel_0,14.712335111429802,173,ok,crepe
2019_2020_analysed,channel_0,7.698984607622819,96,ok,crepe
2019_2020_analysed,channel_0,14.673723194346938,118,ok,crepe
2019_2020_analysed,channel_0,-0.22892203385134965,109,ok,crepe
2019_2020_analysed,channel_0,15.839434537590192,203,ok,crepe
2019_2020_analysed,channel_0,12.118125308721009,141,ok,crepe
2019_2020_analysed,channel_0,9.517867088408876,146,ok,crepe
2019_2020_analysed,channel_0,-4.3228529039962265,79,ok,crepe
2019_2020_analysed,channel_0,4.3583481461494555,175,ok,crepe
2019_2020_analysed,channel_0,0.5348586846662315,104,ok,crepe
2019_2020_analysed,channel_0,3.2846064844770866,121,ok,crepe
2019_2020_analysed,channel_0,14.514268709600595,161,ok,crepe
2019_2020_analysed,channel_0,2.474299556040676,127,ok,crepe
2019_2020_analysed,channel_0,3.222075678868243,144,ok,crepe
2019_2020_analysed,channel_0,15.43799733271876,151,ok,crepe
2019_2020_analysed,channel_0,22.15633959070765,185,ok,crepe
2019_2020_analysed,channel_0,14.378644936817587,163,ok,crepe
2019_2020_analysed,channel_0,22.873370333065438,161,ok,crepe
2019_2020_analysed,channel_0,16.282691538705812,143,ok,crepe
2019_2020_analysed,channel_0,12.80341953853851,139,ok,crepe
2019_2020_analysed,channel_0,-0.8885358209484409,93,ok,crepe
2019_2020_analysed,channel_0,11.414103123881198,93,ok,crepe
2019_2020_analysed,channel_0,21.190480151688163,156,ok,crepe
2019_2020_analysed,channel_0,2.7563487353315113,110,ok,crepe
2019_2020_analysed,channel_0,1.6198613913226825,155,ok,crepe
2019_2020_analysed,channel_0,-2.5202914264496465,54,ok,crepe
2019_2020_analysed,channel_0,9.578792333952965,105,ok,crepe
2019_2020_analysed,channel_0,7.7620938305499205,121,ok,crepe
2019_2020_analysed,channel_0,10.153771367607792,77,ok,crepe
2019_2020_analysed,channel_0,0.7132898742486873,64,ok,crepe
2019_2020_analysed,channel_0,4.348196585197355,97,ok,crepe
2019_2020_analysed,channel_0,4.942720766632778,162,ok,crepe
2019_2020_analysed,channel_0,-1.2017204167323818,63,ok,crepe
2019_2020_analysed,channel_0,2.667562212118855,108,ok,crepe
2019_2020_analysed,channel_0,11.082912929054277,149,ok,crepe
2019_2020_analysed,channel_0,16.177266640708496,164,ok,crepe
2019_2020_analysed,channel_0,3.6306427045956586,92,ok,crepe
2019_2020_analysed,channel_0,-4.912570296952063,67,ok,crepe
2019_2020_analysed,channel_0,5.771472443073985,142,ok,crepe
2019_2020_analysed,channel_0,-1.4857498034631456,58,ok,crepe
2019_2020_analysed,channel_0,11.105295731901723,148,ok,crepe
2019_2020_analysed,channel_0,19.649282043366924,192,ok,crepe
2019_2020_analysed,channel_0,-0.6602561391246939,84,ok,crepe
2019_2020_analysed,channel_0,0.7366831418127322,114,ok,crepe
2019_2020_analysed,channel_0,1.6713037164082414,95,ok,crepe
2019_2020_analysed,channel_0,-0.5662598443799803,129,ok,crepe
2019_2020_analysed,channel_0,6.218767843215706,107,ok,crepe
2019_2020_analysed,channel_0,1.6465084379170383,126,ok,crepe
2019_2020_analysed,channel_0,-4.275901183181993,97,ok,crepe
2019_2020_analysed,channel_0,10.481295797075514,104,ok,crepe
2019_2020_analysed,channel_0,-0.5863969836635509,90,ok,crepe
2019_2020_analysed,channel_0,8.420012078902122,112,ok,crepe
2019_2020_analysed,channel_0,-5.064228274027417,100,ok,crepe
2019_2020_analysed,channel_0,14.153014013901608,103,ok,crepe
2019_2020_analysed,channel_0,24.145726132700624,175,ok,crepe
2019_2020_analysed,channel_0,-2.092311636735686,105,ok,crepe
2019_2020_analysed,channel_0,-2.977469540316214,34,ok,crepe
2019_2020_analysed,channel_0,6.991880804721056,84,ok,crepe
2019_2020_analysed,channel_0,0.5371259629484229,117,ok,crepe
2019_2020_analysed,channel_0,-0.7306260179232115,99,ok,crepe
2019_2020_analysed,channel_0,12.049850072330855,128,ok,crepe
2019_2020_analysed,channel_0,12.687557960384366,171,ok,crepe
2019_2020_analysed,channel_0,-1.0080737124827095,80,ok,crepe
2019_2020_analysed,channel_0,20.08966557686644,193,ok,crepe
2019_2020_analysed,channel_0,4.615598333981494,81,ok,crepe
2019_2020_analysed,channel_0,3.756381905677173,144,ok,crepe
2019_2020_analysed,channel_0,13.767003944767627,168,ok,crepe
2019_2020_analysed,channel_0,-1.7461364403135218,88,ok,crepe
2019_2020_analysed,channel_0,6.35031186457692,126,ok,crepe
2019_2020_analysed,channel_0,6.997256464307435,120,ok,crepe
2019_2020_analysed,channel_0,13.307318500822799,142,ok,crepe
2019_2020_analysed,channel_0,7.380997099048031,132,ok,crepe
2019_2020_analysed,channel_0,5.1267871291355736,123,ok,crepe
2019_2020_analysed,channel_0,5.703251711300968,138,ok,crepe
2019_2020_analysed,channel_0,3.2514631638023634,103,ok,crepe
2019_2020_analysed,channel_0,1.8266883889242416,111,ok,crepe
2019_2020_analysed,channel_0,14.783024944191745,150,ok,crepe
2019_2020_analysed,channel_0,3.8060581400546303,120,ok,crepe
2019_2020_analysed,channel_0,8.651444756874007,133,ok,crepe
2019_2020_analysed,channel_0,15.096344579326885,179,ok,crepe
2019_2020_analysed,channel_0,8.320587893224706,134,ok,crepe
2019_2020_analysed,channel_0,17.306870030380303,186,ok,crepe
2019_2020_analysed,channel_0,6.06565697687755,148,ok,crepe
2019_2020_analysed,channel_0,-1.7569949582536495,19,ok,crepe
2019_2020_analysed,channel_0,-0.5015458890020358,113,ok,crepe
2019_2020_analysed,channel_0,7.201252027694714,125,ok,crepe
2019_2020_analysed,channel_0,2.632884460908544,55,ok,crepe
2019_2020_analysed,channel_0,13.00675639394383,142,ok,crepe
2019_2020_analysed,channel_0,-0.3263750476357988,131,ok,crepe
2019_2020_analysed,channel_0,-3.5288186185375867,104,ok,crepe
2019_2020_analysed,channel_0,-1.8916647543613747,89,ok,crepe
2019_2020_analysed,channel_0,10.261295048878567,87,ok,crepe
2019_2020_analysed,channel_0,5.40814840916044,126,ok,crepe
2019_2020_analysed,channel_0,8.346715228749428,176,ok,crepe
2019_2020_analysed,channel_0,-4.469629636677526,57,ok,crepe
2019_2020_analysed,channel_0,8.705794601002637,87,ok,crepe
2019_2020_analysed,channel_0,19.084874249136153,174,ok,crepe
2019_2020_analysed,channel_0,8.685205507779838,119,ok,crepe
2019_2020_analysed,channel_0,2.758549173736678,56,ok,crepe
2019_2020_analysed,channel_0,7.079154355378831,77,ok,crepe
2019_2020_analysed,channel_0,9.89556700716472,156,ok,crepe
2019_2020_analysed,channel_0,21.109505785986578,144,ok,crepe
2019_2020_analysed,channel_0,14.812371252944036,171,ok,crepe
2019_2020_analysed,channel_0,16.20744459570143,153,ok,crepe
2019_2020_analysed,channel_0,3.588475544043779,150,ok,crepe
2019_2020_analysed,channel_0,7.026269200917,138,ok,crepe
2019_2020_analysed,channel_0,-13.13062058827003,59,ok,crepe
2019_2020_analysed,channel_0,7.427811102073237,120,ok,crepe
2019_2020_analysed,channel_0,7.6481403870917095,108,ok,crepe
2019_2020_analysed,channel_0,12.50504027629663,118,ok,crepe
2019_2020_analysed,channel_0,1.8743137029584778,73,ok,crepe
2019_2020_analysed,channel_0,2.345465445664953,98,ok,crepe
2019_2020_analysed,channel_0,1.867317441108741,143,ok,crepe
2019_2020_analysed,channel_0,-0.1827360757642154,65,ok,crepe
2019_2020_analysed,channel_0,6.113505811244748,125,ok,crepe
2019_2020_analysed,channel_0,5.549856229082007,64,ok,crepe
2019_2020_analysed,channel_0,5.654505573004533,148,ok,crepe
2019_2020_analysed,channel_0,2.7433049571284887,116,ok,crepe
2019_2020_analysed,channel_0,-2.157891259912712,84,ok,crepe
2019_2020_analysed,channel_0,15.67018868492925,177,ok,crepe
2019_2020_analysed,channel_0,12.287868808244092,165,ok,crepe
2019_2020_analysed,channel_0,2.7729652003707415,141,ok,crepe
2019_2020_analysed,channel_0,-3.6730290667910555,104,ok,crepe
2019_2020_analysed,channel_0,2.860226680041545,133,ok,crepe
2019_2020_analysed,channel_0,-1.90149119065699,74,ok,crepe
2019_2020_analysed,channel_0,8.519307665643778,137,ok,crepe
2019_2020_analysed,channel_0,1.8082388715010862,97,ok,crepe
2019_2020_analysed,channel_0,6.442457149925281,119,ok,crepe
2019_2020_analysed,channel_0,4.622078992565872,117,ok,crepe
2019_2020_analysed,channel_0,19.748711982643993,188,ok,crepe
2019_2020_analysed,channel_0,-7.158299190359494,131,ok,crepe
2019_2020_analysed,channel_0,5.425181725642977,55,ok,crepe
2019_2020_analysed,channel_0,8.174159466018237,81,ok,crepe
2019_2020_analysed,channel_0,18.642131674593124,172,ok,crepe
2019_2020_analysed,channel_0,11.11294967196417,159,ok,crepe
2019_2020_analysed,channel_0,-3.9198775333267575,103,ok,crepe
2019_2020_analysed,channel_0,7.9298791432047615,134,ok,crepe
2019_2020_analysed,channel_0,-1.8324146348221415,107,ok,crepe
2019_2020_analysed,channel_0,15.963506972188142,124,ok,crepe
2019_2020_analysed,channel_0,-0.5255087518893284,50,ok,crepe
2019_2020_analysed,channel_0,13.618713543236842,146,ok,crepe
2019_2020_analysed,channel_0,-5.069320025255502,64,ok,crepe
2019_2020_analysed,channel_0,5.488784576262392,162,ok,crepe
2019_2020_analysed,channel_0,14.975427692937735,170,ok,crepe
2019_2020_analysed,channel_0,8.759609403933593,175,ok,crepe
2019_2020_analysed,channel_0,-1.5461316799647222,57,ok,crepe
2019_2020_analysed,channel_0,10.005047922937724,153,ok,crepe
2019_2020_analysed,channel_0,19.140643324956464,164,ok,crepe
2019_2020_analysed,channel_0,-0.33936808121075057,84,ok,crepe
2019_2020_analysed,channel_0,3.0845701729130304,133,ok,crepe
2019_2020_analysed,channel_0,8.932340638881668,88,ok,crepe
2019_2020_analysed,channel_0,8.517879425309848,131,ok,crepe
2019_2020_analysed,channel_0,15.267807001487494,174,ok,crepe
2019_2020_analysed,channel_0,20.0687289587805,181,ok,crepe
2019_2020_analysed,channel_0,6.010765889683518,148,ok,crepe
2019_2020_analysed,channel_0,2.6546196675676415,96,ok,crepe
2019_2020_analysed,channel_0,20.94497207766478,191,ok,crepe
2019_2020_analysed,channel_0,5.273309131733067,112,ok,crepe
2019_2020_analysed,channel_0,-1.9235373936229676,71,ok,crepe
2019_2020_analysed,channel_0,0.44223204613618006,56,ok,crepe
2019_2020_analysed,channel_0,11.487131440356373,144,ok,crepe
2019_2020_analysed,channel_0,1.6249336012288607,112,ok,crepe
2019_2020_analysed,channel_0,-4.461668458522028,66,ok,crepe
2019_2020_analysed,channel_0,7.990308644246456,106,ok,crepe
2019_2020_analysed,channel_0,14.555303442004226,170,ok,crepe
2019_2020_analysed,channel_0,-5.723832033312378,66,ok,crepe
2019_2020_analysed,channel_0,-98.75048791466125,22,ok,crepe
2019_2020_analysed,channel_0,-3.145628817458084,128,ok,crepe
2019_2020_analysed,channel_0,1.6739726693309611,146,ok,crepe
2019_2020_analysed,channel_0,8.430348501767144,114,ok,crepe
2019_2020_analysed,channel_0,7.403980760668465,116,ok,crepe
2019_2020_analysed,channel_0,-3.686529255276389,90,ok,crepe
2019_2020_analysed,channel_0,14.851158768235138,150,ok,crepe
2019_2020_analysed,channel_0,16.55182761692867,135,ok,crepe
2019_2020_analysed,channel_0,-0.05043435520032105,39,ok,crepe
2019_2020_analysed,channel_0,-2.848029506456843,111,ok,crepe
2019_2020_analysed,channel_0,14.329270567244738,130,ok,crepe
2019_2020_analysed,channel_0,11.597135284127349,87,ok,crepe
2019_2020_analysed,channel_0,9.08249326920193,143,ok,crepe
2019_2020_analysed,channel_0,-2.874089513594959,93,ok,crepe
2019_2020_analysed,channel_0,3.8019733226326617,112,ok,crepe
2019_2020_analysed,channel_0,1.7140020685354362,116,ok,crepe
2019_2020_analysed,channel_0,2.290383997790475,86,ok,crepe
2019_2020_analysed,channel_0,4.594632274899462,129,ok,crepe
2019_2020_analysed,channel_0,-3.0552100970803444,113,ok,crepe
2019_2020_analysed,channel_0,22.23326417632855,149,ok,crepe
2019_2020_analysed,channel_0,-2.4917050236742417,107,ok,crepe
2019_2020_analysed,channel_0,16.71126255197667,148,ok,crepe
2019_2020_analysed,channel_0,-2.9099677400260244,92,ok,crepe
2019_2020_analysed,channel_0,12.387856957981834,146,ok,crepe
2019_2020_analysed,channel_0,9.692104440088379,125,ok,crepe
2019_2020_analysed,channel_0,1.7956688152319016,161,ok,crepe
2019_2020_analysed,channel_0,15.311823906454018,191,ok,crepe
2019_2020_analysed,channel_0,4.487077360038557,112,ok,crepe
2019_2020_analysed,channel_0,10.175086769812548,85,ok,crepe
2019_2020_analysed,channel_0,4.432763934219612,125,ok,crepe
2019_2020_analysed,channel_0,6.592827680445154,134,ok,crepe
2019_2020_analysed,channel_0,0.8845578407692595,72,ok,crepe
2019_2020_analysed,channel_0,-6.605387496243309,47,ok,crepe
2019_2020_analysed,channel_0,16.070073933544943,105,ok,crepe
2019_2020_analysed,channel_0,5.009770383576237,109,ok,crepe
2019_2020_analysed,channel_0,-0.27316277655418736,84,ok,crepe
2019_2020_analysed,channel_0,9.596984460628331,164,ok,crepe
2019_2020_analysed,channel_0,-1.7532246606508801,55,ok,crepe
2019_2020_analysed,channel_0,11.469958963591578,123,ok,crepe
2019_2020_analysed,channel_0,10.021042063630025,135,ok,crepe
2019_2020_analysed,channel_0,8.73454887900991,120,ok,crepe
2019_2020_analysed,channel_0,-4.340438345971973,85,ok,crepe
2019_2020_analysed,channel_0,-1.1260851322927847,62,ok,crepe
2019_2020_analysed,channel_0,-2.201345021637729,119,ok,crepe
2019_2020_analysed,channel_0,1.237762948786386,179,ok,crepe
2019_2020_analysed,channel_0,2.0040390760454114,168,ok,crepe
2019_2020_analysed,channel_0,17.668263748651643,163,ok,crepe
2019_2020_analysed,channel_0,8.642628741122548,116,ok,crepe
2019_2020_analysed,channel_0,11.14972585117753,172,ok,crepe
2019_2020_analysed,channel_0,16.96987501080949,125,ok,crepe
2019_2020_analysed,channel_0,5.83087520973137,144,ok,crepe
2019_2020_analysed,channel_0,3.4905229369372535,110,ok,crepe
2019_2020_analysed,channel_0,10.712142414425989,142,ok,crepe
2019_2020_analysed,channel_0,11.299970386569687,101,ok,crepe
2019_2020_analysed,channel_0,12.529999303794037,189,ok,crepe
2019_2020_analysed,channel_0,6.89082231962386,100,ok,crepe
2019_2020_analysed,channel_0,10.253667525309975,166,ok,crepe
2019_2020_analysed,channel_0,-3.3682437838890884,65,ok,crepe
2019_2020_analysed,channel_0,14.176365076783481,153,ok,crepe
2019_2020_analysed,channel_0,-3.1235080803552986,61,ok,crepe
2019_2020_analysed,channel_0,17.106382901123826,169,ok,crepe
2019_2020_analysed,channel_0,13.414163733154332,145,ok,crepe
2019_2020_analysed,channel_0,10.093491748089606,147,ok,crepe
2019_2020_analysed,channel_0,2.530679881743643,119,ok,crepe
2019_2020_analysed,channel_0,-3.1491820710907135,90,ok,crepe
2019_2020_analysed,channel_0,19.547190240532185,149,ok,crepe
2019_2020_analysed,channel_0,7.38152808044825,132,ok,crepe
2019_2020_analysed,channel_0,11.694613013675117,134,ok,crepe
2019_2020_analysed,channel_0,-0.41168584089126553,97,ok,crepe
2019_2020_analysed,channel_0,-4.955722425040271,58,ok,crepe
2019_2020_analysed,channel_0,0.21589202664015647,99,ok,crepe
2019_2020_analysed,channel_0,-2.011410243405971,114,ok,crepe
2019_2020_analysed,channel_0,-3.8508893347421025,68,ok,crepe
2019_2020_analysed,channel_0,8.583513574974651,75,ok,crepe
2019_2020_analysed,channel_0,-0.18938513110844118,111,ok,crepe
2019_2020_analysed,channel_0,12.232254296929936,156,ok,crepe
2019_2020_analysed,channel_0,2.3660297864115787,108,ok,crepe
2019_2020_analysed,channel_0,8.218033048717475,106,ok,crepe
2019_2020_analysed,channel_0,-1.0844074631868668,109,ok,crepe
2019_2020_analysed,channel_0,4.762024904838547,123,ok,crepe
2019_2020_analysed,channel_0,3.9945675572335975,158,ok,crepe
2019_2020_analysed,channel_0,3.93583637504159,102,ok,crepe
2019_2020_analysed,channel_0,8.162264798737747,123,ok,crepe
2019_2020_analysed,channel_0,-1.7155549197669338,72,ok,crepe
2019_2020_analysed,channel_0,4.494218138810103,36,ok,crepe
2019_2020_analysed,channel_0,3.1588506217664114,83,ok,crepe
2019_2020_analysed,channel_0,10.13311778569048,169,ok,crepe
2019_2020_analysed,channel_0,-90.63641563962902,78,ok,crepe
2019_2020_analysed,channel_0,21.259145254876724,152,ok,crepe
2019_2020_analysed,channel_0,-3.48381801574714,84,ok,crepe
2019_2020_analysed,channel_0,-1.8243509525143287,88,ok,crepe
2019_2020_analysed,channel_0,5.158453715816,122,ok,crepe
2019_2020_analysed,channel_0,-0.3205947366381422,85,ok,crepe
2019_2020_analysed,channel_0,14.759451575649482,188,ok,crepe
2019_2020_analysed,channel_0,-0.7402520136958067,81,ok,crepe
2019_2020_analysed,channel_0,10.012011580307147,95,ok,crepe
2019_2020_analysed,channel_0,6.412525827879478,113,ok,crepe
2019_2020_analysed,channel_0,3.533424972882629,95,ok,crepe
2019_2020_analysed,channel_0,10.113216824180649,158,ok,crepe
2019_2020_analysed,channel_0,0.7784619280934528,90,ok,crepe
2019_2020_analysed,channel_0,-96.27342274858444,68,ok,crepe
2019_2020_analysed,channel_0,13.041091596276008,55,ok,crepe
2019_2020_analysed,channel_0,23.99291502105434,162,ok,crepe
2019_2020_analysed,channel_0,-7.58081403391873,71,ok,crepe
2019_2020_analysed,channel_0,22.102255502880006,142,ok,crepe
2019_2020_analysed,channel_0,12.192787694630402,146,ok,crepe
2019_2020_analysed,channel_0,1.8493715279354146,86,ok,crepe
2019_2020_analysed,channel_0,-0.9045865719959606,127,ok,crepe
2019_2020_analysed,channel_0,0.14966219713256745,64,ok,crepe
2019_2020_analysed,channel_0,6.7744758128811515,143,ok,crepe
2019_2020_analysed,channel_0,4.176095632639919,73,ok,crepe
2019_2020_analysed,channel_0,4.493607832025025,122,ok,crepe
2019_2020_analysed,channel_0,10.14923146228799,138,ok,crepe
2019_2020_analysed,channel_0,-0.7115305427597445,75,ok,crepe
2019_2020_analysed,channel_0,-2.230105537887075,78,ok,crepe
2019_2020_analysed,channel_0,4.561532753342408,76,ok,crepe
2019_2020_analysed,channel_0,-6.480774556606912,78,ok,crepe
2019_2020_analysed,channel_0,21.59841384121968,185,ok,crepe
2019_2020_analysed,channel_0,-2.1110561979914397,98,ok,crepe
2019_2020_analysed,channel_0,4.136086211774256,118,ok,crepe
2019_2020_analysed,channel_0,11.392743479419513,167,ok,crepe
2019_2020_analysed,channel_0,3.1999918491701473,132,ok,crepe
2019_2020_analysed,channel_0,3.7992777157979747,112,ok,crepe
2019_2020_analysed,channel_0,15.430129768412911,166,ok,crepe
2019_2020_analysed,channel_0,11.937162052513779,145,ok,crepe
2019_2020_analysed,channel_0,11.62948391638752,124,ok,crepe
2019_2020_analysed,channel_0,3.5884728689059395,58,ok,crepe
2019_2020_analysed,channel_0,7.92896471715276,93,ok,crepe
2019_2020_analysed,channel_0,3.7069819113303715,132,ok,crepe
2019_2020_analysed,channel_0,0.6301460721566442,84,ok,crepe
2019_2020_analysed,channel_0,15.272013714640858,148,ok,crepe
2019_2020_analysed,channel_0,0.4545769345140637,71,ok,crepe
2019_2020_analysed,channel_0,7.8776729522660816,158,ok,crepe
2019_2020_analysed,channel_0,11.991336683867216,142,ok,crepe
2019_2020_analysed,channel_0,13.084676745903652,177,ok,crepe
2019_2020_analysed,channel_0,6.404500126758508,117,ok,crepe
2019_2020_analysed,channel_0,12.952195417732767,174,ok,crepe
2019_2020_analysed,channel_0,9.697356809898555,117,ok,crepe
2019_2020_analysed,channel_0,7.740370356723389,114,ok,crepe
2019_2020_analysed,channel_0,8.238510477408287,134,ok,crepe
2019_2020_analysed,channel_0,5.462087186333154,147,ok,crepe
2019_2020_analysed,channel_0,20.334121750735214,161,ok,crepe
2019_2020_analysed,channel_0,-0.4262279704673943,59,ok,crepe
2019_2020_analysed,channel_0,-3.1784009794686696,82,ok,crepe
2019_2020_analysed,channel_0,9.440539041784346,85,ok,crepe
2019_2020_analysed,channel_0,9.251426521910885,117,ok,crepe
2019_2020_analysed,channel_0,-4.72858270902381,75,ok,crepe
2019_2020_analysed,channel_0,-1.4877628836399093,103,ok,crepe
2019_2020_analysed,channel_0,2.2436202682113624,80,ok,crepe
2019_2020_analysed,channel_0,18.21039154733824,189,ok,crepe
2019_2020_analysed,channel_0,19.546368189008692,176,ok,crepe
2019_2020_analysed,channel_0,-1.2329156463842286,66,ok,crepe
2019_2020_analysed,channel_0,16.405973500940846,204,ok,crepe
2019_2020_analysed,channel_0,12.564271850097402,169,ok,crepe
2019_2020_analysed,channel_0,3.631736273462468,106,ok,crepe
2019_2020_analysed,channel_0,1.2896713254993741,132,ok,crepe
2019_2020_analysed,channel_0,-0.6800522324763347,99,ok,crepe
2019_2020_analysed,channel_0,10.022471880211297,70,ok,crepe
2019_2020_analysed,channel_0,-102.60822151405506,34,ok,crepe
2019_2020_analysed,channel_0,6.90253770124087,78,ok,crepe
2019_2020_analysed,channel_0,-4.108455917303782,58,ok,crepe
2019_2020_analysed,channel_0,9.963653888771557,100,ok,crepe
2019_2020_analysed,channel_0,13.668969934980415,156,ok,crepe
2019_2020_analysed,channel_0,4.206167279044444,85,ok,crepe
2019_2020_analysed,channel_0,5.668662480881724,128,ok,crepe
2019_2020_analysed,channel_0,6.805888309502757,126,ok,crepe
2019_2020_analysed,channel_0,13.27858949142691,122,ok,crepe
2019_2020_analysed,channel_0,0.03979105783513692,103,ok,crepe
2019_2020_analysed,channel_0,-1.628208085041023,97,ok,crepe
2019_2020_analysed,channel_0,14.022093578355593,163,ok,crepe
2019_2020_analysed,channel_0,2.971582301673901,135,ok,crepe
2019_2020_analysed,channel_0,11.39821181181456,99,ok,crepe
2019_2020_analysed,channel_0,2.1903731078439663,94,ok,crepe
2019_2020_analysed,channel_0,10.396839974896627,92,ok,crepe
2019_2020_analysed,channel_0,8.318043104469645,186,ok,crepe
2019_2020_analysed,channel_0,16.195947820216094,173,ok,crepe
2019_2020_analysed,channel_0,14.981147623256899,185,ok,crepe
2019_2020_analysed,channel_0,10.08160791183278,145,ok,crepe
2019_2020_analysed,channel_0,4.770309667231007,109,ok,crepe
2019_2020_analysed,channel_0,-3.2257887782489467,104,ok,crepe
2019_2020_analysed,channel_0,13.526441960170153,203,ok,crepe
2019_2020_analysed,channel_0,-2.862861753034731,44,ok,crepe
2019_2020_analysed,channel_0,12.4994134356362,181,ok,crepe
2019_2020_analysed,channel_0,2.827127785434107,79,ok,crepe
2019_2020_analysed,channel_0,-91.87829813465605,47,ok,crepe
2019_2020_analysed,channel_0,4.488938222131233,172,ok,crepe
2019_2020_analysed,channel_0,9.496961118558705,198,ok,crepe
2019_2020_analysed,channel_0,16.53363463973076,199,ok,crepe
2019_2020_analysed,channel_0,8.86786618095413,175,ok,crepe
2019_2020_analysed,channel_0,7.463898986585628,121,ok,crepe
2019_2020_analysed,channel_0,-0.28071785391730664,86,ok,crepe
2019_2020_analysed,channel_0,7.582628154543315,101,ok,crepe
2019_2020_analysed,channel_0,8.142369347745163,185,ok,crepe
2019_2020_analysed,channel_0,19.788657741481675,139,ok,crepe
2019_2020_analysed,channel_0,9.897585671429901,124,ok,crepe
2019_2020_analysed,channel_0,10.983140832530038,173,ok,crepe
2019_2020_analysed,channel_0,-5.351347608583135,75,ok,crepe
2019_2020_analysed,channel_0,4.1283422388153905,107,ok,crepe
2019_2020_analysed,channel_0,10.693446304955923,126,ok,crepe
2019_2020_analysed,channel_0,-7.289874838355356,74,ok,crepe
2019_2020_analysed,channel_0,11.675968062765378,157,ok,crepe
2019_2020_analysed,channel_0,7.301966818857066,112,ok,crepe
2019_2020_analysed,channel_0,14.43872717473041,189,ok,crepe
2019_2020_analysed,channel_0,8.952273880289932,115,ok,crepe
2019_2020_analysed,channel_0,5.7171007800248255,133,ok,crepe
2019_2020_analysed,channel_0,-0.16979657069419163,104,ok,crepe
2019_2020_analysed,channel_0,21.483957139243977,157,ok,crepe
2019_2020_analysed,channel_0,4.805793063293555,69,ok,crepe
2019_2020_analysed,channel_0,12.067866342150037,196,ok,crepe
2019_2020_analysed,channel_0,4.434100957528244,19,ok,crepe
2019_2020_analysed,channel_0,14.336389886468243,165,ok,crepe
2019_2020_analysed,channel_0,8.999096594810124,88,ok,crepe
2019_2020_analysed,channel_0,8.911207588773287,79,ok,crepe
2019_2020_analysed,channel_0,10.558826866766255,149,ok,crepe
2019_2020_analysed,channel_0,15.440901544542156,141,ok,crepe
2019_2020_analysed,channel_0,12.4948596294793,87,ok,crepe
2019_2020_analysed,channel_0,14.615405207378938,128,ok,crepe
2019_2020_analysed,channel_0,1.473393682370375,115,ok,crepe
2019_2020_analysed,channel_0,15.661158444471734,168,ok,crepe
2019_2020_analysed,channel_0,-2.468453503540458,63,ok,crepe
2019_2020_analysed,channel_0,3.6735181130018235,86,ok,crepe
2019_2020_analysed,channel_0,2.7801874030629916,54,ok,crepe
2019_2020_analysed,channel_0,11.105954167270992,189,ok,crepe
2019_2020_analysed,channel_0,8.773799555993971,105,ok,crepe
2019_2020_analysed,channel_0,15.27269500752347,183,ok,crepe
2019_2020_analysed,channel_0,8.03259335495481,151,ok,crepe
2019_2020_analysed,channel_0,5.277927109844222,119,ok,crepe
2019_2020_analysed,channel_0,-3.064744418075034,66,ok,crepe
2019_2020_analysed,channel_0,4.416647959586327,133,ok,crepe
2019_2020_analysed,channel_0,3.572823142031847,158,ok,crepe
2019_2020_analysed,channel_0,8.59268093126091,129,ok,crepe
2019_2020_analysed,channel_0,18.74723408692909,118,ok,crepe
2019_2020_analysed,channel_0,17.73168222705587,93,ok,crepe
2019_2020_analysed,channel_0,2.6028719251736323,101,ok,crepe
2019_2020_analysed,channel_0,-4.029667437481476,117,ok,crepe
2019_2020_analysed,channel_0,13.98252641047648,184,ok,crepe
2019_2020_analysed,channel_0,-5.256166430903084,81,ok,crepe
2019_2020_analysed,channel_0,6.350301367727141,146,ok,crepe
2019_2020_analysed,channel_0,9.688884610293997,120,ok,crepe
2019_2020_analysed,channel_0,-0.70977099588971,47,ok,crepe
2019_2020_analysed,channel_0,1.1056812513917684,56,ok,crepe
2019_2020_analysed,channel_0,-5.4103640318361235,69,ok,crepe
2019_2020_analysed,channel_0,8.63224512893016,122,ok,crepe
2019_2020_analysed,channel_0,6.525828590838182,116,ok,crepe
2019_2020_analysed,channel_0,11.584339933371373,122,ok,crepe
2019_2020_analysed,channel_0,6.974006780462652,174,ok,crepe
2019_2020_analysed,channel_0,-2.962721993370712,114,ok,crepe
2019_2020_analysed,channel_0,3.4720344747886727,158,ok,crepe
2019_2020_analysed,channel_0,5.231310118745882,154,ok,crepe
2019_2020_analysed,channel_0,2.441747031493242,113,ok,crepe
2019_2020_analysed,channel_0,-6.828232433431504,119,ok,crepe
2019_2020_analysed,channel_0,18.0866310272831,152,ok,crepe
2019_2020_analysed,channel_0,0.1525585883197166,67,ok,crepe
2019_2020_analysed,channel_0,7.13243319734074,153,ok,crepe
2019_2020_analysed,channel_0,-6.658431045876484,106,ok,crepe
2019_2020_analysed,channel_0,-0.7031663073818504,38,ok,crepe
2019_2020_analysed,channel_0,8.15569737174876,162,ok,crepe
2019_2020_analysed,channel_0,-0.4595003962918244,103,ok,crepe
2019_2020_analysed,channel_0,-6.836205065746311,76,ok,crepe
2019_2020_analysed,channel_0,7.631578131384735,141,ok,crepe
2019_2020_analysed,channel_0,9.868704802173609,174,ok,crepe
2019_2020_analysed,channel_0,14.016603302742205,160,ok,crepe
2019_2020_analysed,channel_0,17.792284977245714,170,ok,crepe
2019_2020_analysed,channel_0,-3.121118664630958,127,ok,crepe
2019_2020_analysed,channel_0,4.53158367744114,128,ok,crepe
2019_2020_analysed,channel_0,0.8315835616373644,107,ok,crepe
2019_2020_analysed,channel_0,3.5099545934543555,155,ok,crepe
2019_2020_analysed,channel_0,3.7546094191242627,88,ok,crepe
2019_2020_analysed,channel_0,19.200293277588905,181,ok,crepe
2019_2020_analysed,channel_0,9.080249481961678,161,ok,crepe
2019_2020_analysed,channel_0,9.020751104032886,172,ok,crepe
2019_2020_analysed,channel_0,2.0905289057725076,117,ok,crepe
2019_2020_analysed,channel_0,13.74247122597367,124,ok,crepe
2019_2020_analysed,channel_0,11.840208090582227,134,ok,crepe
2019_2020_analysed,channel_0,-0.5030094508432517,113,ok,crepe
2019_2020_analysed,channel_0,-10.526435270360041,33,ok,crepe
2019_2020_analysed,channel_0,1.3452952441672998,156,ok,crepe
2019_2020_analysed,channel_0,17.494568588005944,126,ok,crepe
2019_2020_analysed,channel_0,5.621497698008251,79,ok,crepe
2019_2020_analysed,channel_0,0.377809782491094,50,ok,crepe
2019_2020_analysed,channel_0,-11.172753285329302,100,ok,crepe
2019_2020_analysed,channel_0,0.8749692883120797,91,ok,crepe
2019_2020_analysed,channel_0,-1.9278421492456643,70,ok,crepe
2019_2020_analysed,channel_0,-0.6501155077551881,107,ok,crepe
2019_2020_analysed,channel_0,10.34022577665095,142,ok,crepe
2019_2020_analysed,channel_0,9.115546535548866,154,ok,crepe
2019_2020_analysed,channel_0,5.866710293854169,113,ok,crepe
2019_2020_analysed,channel_0,4.572519700634715,180,ok,crepe
2019_2020_analysed,channel_0,13.63129615372231,146,ok,crepe
2019_2020_analysed,channel_0,7.49797906821526,55,ok,crepe
2019_2020_analysed,channel_0,12.259841142888773,115,ok,crepe
2019_2020_analysed,channel_0,-7.895448362030151,58,ok,crepe
2019_2020_analysed,channel_0,13.802196907665,99,ok,crepe
2019_2020_analysed,channel_0,-2.008595714334776,128,ok,crepe
2019_2020_analysed,channel_0,12.342116042872531,107,ok,crepe
2019_2020_analysed,channel_0,18.73084890731374,147,ok,crepe
2019_2020_analysed,channel_0,3.1519527169224166,136,ok,crepe
2019_2020_analysed,channel_0,-5.0171668711496835,73,ok,crepe
2019_2020_analysed,channel_0,7.988432769742804,126,ok,crepe
2019_2020_analysed,channel_0,6.319862904987442,110,ok,crepe
2019_2020_analysed,channel_0,-2.048124086284409,81,ok,crepe
2019_2020_analysed,channel_0,-0.8948641533193581,106,ok,crepe
2019_2020_analysed,channel_0,3.5587598851397444,67,ok,crepe
2019_2020_analysed,channel_0,-0.0559958063545704,96,ok,crepe
2019_2020_analysed,channel_0,22.13544140828305,157,ok,crepe
2019_2020_analysed,channel_0,1.3727868711938676,52,ok,crepe
2019_2020_analysed,channel_0,-10.151983211261351,119,ok,crepe
2019_2020_analysed,channel_0,0.6384766534991682,124,ok,crepe
2019_2020_analysed,channel_0,0.39123526441492784,102,ok,crepe
2019_2020_analysed,channel_0,13.170075784651672,152,ok,crepe
2019_2020_analysed,channel_0,-1.2962260609714638,87,ok,crepe
2019_2020_analysed,channel_0,5.843564322377332,93,ok,crepe
2019_2020_analysed,channel_0,9.849004106207913,93,ok,crepe
2019_2020_analysed,channel_0,7.955390055911743,79,ok,crepe
2019_2020_analysed,channel_0,2.2604415431437834,138,ok,crepe
2019_2020_analysed,channel_0,-5.570246734591895,128,ok,crepe
2019_2020_analysed,channel_0,7.191166209452614,92,ok,crepe
2019_2020_analysed,channel_0,15.338898282113098,142,ok,crepe
2019_2020_analysed,channel_0,-2.9989094016224485,104,ok,crepe
2019_2020_analysed,channel_0,5.962168686572475,149,ok,crepe
2019_2020_analysed,channel_0,7.526298180853254,110,ok,crepe
2019_2020_analysed,channel_0,8.319407471911948,102,ok,crepe
2019_2020_analysed,channel_0,7.007414238592233,141,ok,crepe
2019_2020_analysed,channel_0,14.79210626123756,117,ok,crepe
2019_2020_analysed,channel_0,9.532485045288471,115,ok,crepe
2019_2020_analysed,channel_0,9.340616559345756,146,ok,crepe
2019_2020_analysed,channel_0,18.439577127512305,151,ok,crepe
2019_2020_analysed,channel_0,14.992816006417966,185,ok,crepe
2019_2020_analysed,channel_0,-0.8537845267404711,107,ok,crepe
2019_2020_analysed,channel_0,12.495584011732166,153,ok,crepe
2019_2020_analysed,channel_0,-6.216664409448665,126,ok,crepe
2019_2020_analysed,channel_0,14.531999433467714,179,ok,crepe
2019_2020_analysed,channel_0,2.9053959984791455,78,ok,crepe
2019_2020_analysed,channel_0,15.413322198226087,152,ok,crepe
2019_2020_analysed,channel_0,5.508605336922139,122,ok,crepe
2019_2020_analysed,channel_0,16.01321773912533,180,ok,crepe
2019_2020_analysed,channel_0,-0.4211452806679993,111,ok,crepe
2019_2020_analysed,channel_0,15.704382851772765,201,ok,crepe
2019_2020_analysed,channel_0,0.9564454127117693,94,ok,crepe
2021_analysed,channel_0,9.858656182190778,122,ok,crepe
2021_analysed,channel_0,18.65244718478981,158,ok,crepe
2021_analysed,channel_0,23.979827296637588,201,ok,crepe
2021_analysed,channel_0,-2.6257089017003143,104,ok,crepe
2021_analysed,channel_0,8.71754693950158,144,ok,crepe
2021_analysed,channel_0,18.039054981341827,179,ok,crepe
2021_analysed,channel_0,14.979422953654375,162,ok,crepe
2021_analysed,channel_0,16.796433747930546,155,ok,crepe
2021_analysed,channel_0,0.7953628761656929,65,ok,crepe
2021_analysed,channel_0,-5.224946103739178,24,ok,crepe
2021_analysed,channel_0,26.201559909642334,199,ok,crepe
2021_analysed,channel_0,28.402889013777187,198,ok,crepe
2021_analysed,channel_0,8.857850625739022,184,ok,crepe
2021_analysed,channel_0,14.105387330088599,166,ok,crepe
2021_analysed,channel_0,27.405143761499072,196,ok,crepe
2021_analysed,channel_0,5.496558476766163,69,ok,crepe
2021_analysed,channel_0,21.11577669380273,161,ok,crepe
2021_analysed,channel_0,3.722090587836151,142,ok,crepe
2021_analysed,channel_0,7.850152612959881,101,ok,crepe
2021_analysed,channel_0,28.516713032034815,178,ok,crepe
2021_analysed,channel_0,30.201467695203917,178,ok,crepe
2021_analysed,channel_0,1.5024242615860253,127,ok,crepe
2021_analysed,channel_0,-1.4260768129312522,121,ok,crepe
2021_analysed,channel_0,11.977943403601518,175,ok,crepe
2021_analysed,channel_0,29.20730664951838,190,ok,crepe
2021_analysed,channel_0,6.339262107096758,146,ok,crepe
2021_analysed,channel_0,10.868192223983012,89,ok,crepe
2021_analysed,channel_0,15.776094213255174,165,ok,crepe
2021_analysed,channel_0,30.565781314627202,192,ok,crepe
2021_analysed,channel_0,11.667143289463365,133,ok,crepe
2021_analysed,channel_0,19.3589636400455,189,ok,crepe
2021_analysed,channel_0,7.46560051252364,152,ok,crepe
2021_analysed,channel_0,20.57657294725654,200,ok,crepe
2021_analysed,channel_0,1.6091221406007064,78,ok,crepe
2021_analysed,channel_0,31.489459914519,175,ok,crepe
2021_analysed,channel_0,-0.5149553164639782,93,ok,crepe
2021_analysed,channel_0,8.271674785645352,114,ok,crepe
2021_analysed,channel_0,1.7853598667525312,89,ok,crepe
2021_analysed,channel_0,21.932547267317076,177,ok,crepe
2021_analysed,channel_0,4.744294893539287,144,ok,crepe
2021_analysed,channel_0,28.700465521592342,191,ok,crepe
2021_analysed,channel_0,19.968119372065075,196,ok,crepe
2021_analysed,channel_0,20.41073420047207,168,ok,crepe
2021_analysed,channel_0,19.43074799480072,140,ok,crepe
2021_analysed,channel_0,21.683542529222844,176,ok,crepe
2021_analysed,channel_0,4.958393671513063,176,ok,crepe
2021_analysed,channel_0,-1.04358125662187,85,ok,crepe
2021_analysed,channel_0,26.40924223293264,172,ok,crepe
2021_analysed,channel_0,22.52019518797312,169,ok,crepe
2021_analysed,channel_0,7.13682652316721,168,ok,crepe
2021_analysed,channel_0,11.139322194430601,187,ok,crepe
2021_analysed,channel_0,8.670810308789974,92,ok,crepe
2021_analysed,channel_0,30.352913185056494,186,ok,crepe
2021_analysed,channel_0,11.232078760026866,142,ok,crepe
2021_analysed,channel_0,19.624172140314524,135,ok,crepe
2021_analysed,channel_0,23.93122286792479,175,ok,crepe
2021_analysed,channel_0,7.194995397767611,160,ok,crepe
2021_analysed,channel_0,16.875961922287747,77,ok,crepe
2021_analysed,channel_0,16.47235595871161,150,ok,crepe
2021_analysed,channel_0,10.196003940431817,143,ok,crepe
2021_analysed,channel_0,-0.9794854604711384,70,ok,crepe
2021_analysed,channel_0,2.6257989267826325,157,ok,crepe
2021_analysed,channel_0,5.441913143550728,108,ok,crepe
2021_analysed,channel_0,19.04170731726379,146,ok,crepe
2021_analysed,channel_0,14.68411509750233,160,ok,crepe
2021_analysed,channel_0,11.383047048026537,154,ok,crepe
2021_analysed,channel_0,5.227154550280375,153,ok,crepe
2021_analysed,channel_0,22.74498728677497,195,ok,crepe
2021_analysed,channel_0,-6.103587367687214,42,ok,crepe
2021_analysed,channel_0,28.895997599308156,199,ok,crepe
2021_analysed,channel_0,6.739263815507681,160,ok,crepe
2021_analysed,channel_0,10.79685711560189,151,ok,crepe
2021_analysed,channel_0,-2.7487457895097718,52,ok,crepe
2021_analysed,channel_0,14.767351313169621,158,ok,crepe
2021_analysed,channel_0,4.92282645188409,152,ok,crepe
2021_analysed,channel_0,10.74271210304056,156,ok,crepe
2021_analysed,channel_0,16.58953274010347,174,ok,crepe
2021_analysed,channel_0,29.670182991323607,196,ok,crepe
2021_analysed,channel_0,-0.4593084261499274,98,ok,crepe
2021_analysed,channel_0,0.8788287585004801,83,ok,crepe
2021_analysed,channel_0,33.00068736845295,197,ok,crepe
2021_analysed,channel_0,20.365595786289997,158,ok,crepe
2021_analysed,channel_0,25.44778848747999,191,ok,crepe
2021_analysed,channel_0,12.274576617977706,131,ok,crepe
2021_analysed,channel_0,18.710681168315908,175,ok,crepe
2021_analysed,channel_0,28.21194039419186,193,ok,crepe
2021_analysed,channel_0,26.87943515178246,171,ok,crepe
2021_analysed,channel_0,-4.089981414158,88,ok,crepe
2021_analysed,channel_0,19.003864374787735,187,ok,crepe
2021_analysed,channel_0,7.529188582611555,161,ok,crepe
2021_analysed,channel_0,30.895839919225132,189,ok,crepe
2021_analysed,channel_0,15.338356965406945,96,ok,crepe
2021_analysed,channel_0,34.959829276082644,197,ok,crepe
2021_analysed,channel_0,-3.2134697280392874,71,ok,crepe
2021_analysed,channel_0,24.084704234380286,146,ok,crepe
2021_analysed,channel_0,29.497208240509853,190,ok,crepe
2021_analysed,channel_0,-3.11412156936072,87,ok,crepe
2021_analysed,channel_0,11.595707624236347,162,ok,crepe
2021_analysed,channel_0,7.495507327036888,174,ok,crepe
2021_analysed,channel_0,12.039497660560896,160,ok,crepe
2021_analysed,channel_0,28.773186098508642,195,ok,crepe
2021_analysed,channel_0,23.216958628920597,197,ok,crepe
2021_analysed,channel_0,23.331697183430297,188,ok,crepe
2021_analysed,channel_0,0.9223065484415498,124,ok,crepe
2021_analysed,channel_0,11.671838966852162,197,ok,crepe
2021_analysed,channel_0,5.853452317739389,144,ok,crepe
2021_analysed,channel_0,30.860554235754837,188,ok,crepe
2021_analysed,channel_0,-2.1218244960790194,56,ok,crepe
2021_analysed,channel_0,25.657804339221677,195,ok,crepe
2021_analysed,channel_0,7.486755295240899,166,ok,crepe
2021_analysed,channel_0,21.843372130504925,161,ok,crepe
2021_analysed,channel_0,17.979412870915045,155,ok,crepe
2021_analysed,channel_0,6.456391807259669,134,ok,crepe
2021_analysed,channel_0,24.143713433865877,195,ok,crepe
2021_analysed,channel_0,3.686511138268707,106,ok,crepe
2021_analysed,channel_0,23.539306889131048,180,ok,crepe
2021_analysed,channel_0,4.368472262569356,146,ok,crepe
2021_analysed,channel_0,30.3663170615837,171,ok,crepe
2021_analysed,channel_0,20.694781285703023,177,ok,crepe
2021_analysed,channel_0,14.290492648956821,189,ok,crepe
2021_analysed,channel_0,7.852349305918195,153,ok,crepe
2021_analysed,channel_0,-1.9851526938536423,31,ok,crepe
2021_analysed,channel_0,28.38503470574436,197,ok,crepe
2021_analysed,channel_0,15.9957542936014,125,ok,crepe
2021_analysed,channel_0,-3.510479882489736,76,ok,crepe
2021_analysed,channel_0,-0.47110992795015316,112,ok,crepe
2021_analysed,channel_0,3.8875483308760277,136,ok,crepe
2021_analysed,channel_0,7.805955345913553,175,ok,crepe
2021_analysed,channel_0,5.1127553651781055,164,ok,crepe
2021_analysed,channel_0,16.811608959808794,174,ok,crepe
2021_analysed,channel_0,10.049929418572273,138,ok,crepe
2021_analysed,channel_0,20.090935377400875,191,ok,crepe
2021_analysed,channel_0,27.357989117920912,161,ok,crepe
2021_analysed,channel_0,14.388052417296526,188,ok,crepe
2021_analysed,channel_0,-3.5419480424952643,129,ok,crepe
2021_analysed,channel_0,9.562622680338201,172,ok,crepe
2021_analysed,channel_0,28.433947508605367,186,ok,crepe
2021_analysed,channel_0,14.876901563643308,160,ok,crepe
2021_analysed,channel_0,-1.5552249757247334,127,ok,crepe
2021_analysed,channel_0,26.75753825318505,192,ok,crepe
2021_analysed,channel_0,33.64166408804277,196,ok,crepe
2021_analysed,channel_0,18.027650061411784,172,ok,crepe
2021_analysed,channel_0,28.652170026816325,194,ok,crepe
2021_analysed,channel_0,11.606445336165695,193,ok,crepe
2021_analysed,channel_0,14.918420358907102,159,ok,crepe
2021_analysed,channel_0,6.81896941979088,129,ok,crepe
2021_analysed,channel_0,5.0578636122918,160,ok,crepe
2021_analysed,channel_0,26.14671715932587,188,ok,crepe
2021_analysed,channel_0,24.264114980932973,174,ok,crepe
2021_analysed,channel_0,7.657158311880277,99,ok,crepe
2021_analysed,channel_0,5.686126092769022,145,ok,crepe
2021_analysed,channel_0,3.9899187820751125,142,ok,crepe
2021_analysed,channel_0,-3.816346751938258,55,ok,crepe
2021_analysed,channel_0,26.49526397457447,194,ok,crepe
2021_analysed,channel_0,17.813104435560454,196,ok,crepe
2021_analysed,channel_0,11.346164641052255,154,ok,crepe
2021_analysed,channel_0,13.110231710979317,149,ok,crepe
2021_analysed,channel_0,0.00462199612519359,77,ok,crepe
2021_analysed,channel_0,7.949085639081053,156,ok,crepe
2021_analysed,channel_0,4.71415129119155,134,ok,crepe
2021_analysed,channel_0,24.242445217357158,197,ok,crepe
2021_analysed,channel_0,-6.808602148566294,77,ok,crepe
2021_analysed,channel_0,18.172477696869226,194,ok,crepe
2021_analysed,channel_0,0.8482530090127345,80,ok,crepe
2021_analysed,channel_0,1.4764509197443,124,ok,crepe
2021_analysed,channel_0,26.923633950398816,200,ok,crepe
2021_analysed,channel_0,29.571630639408433,206,ok,crepe
2021_analysed,channel_0,4.224654041807909,126,ok,crepe
2021_analysed,channel_0,18.10054515010765,175,ok,crepe
2021_analysed,channel_0,18.552722933060352,178,ok,crepe
2021_analysed,channel_0,8.496988723195022,101,ok,crepe
2021_analysed,channel_0,31.48056390040995,192,ok,crepe
2021_analysed,channel_0,5.696880806272655,160,ok,crepe
2021_analysed,channel_0,16.51302345334011,179,ok,crepe
2021_analysed,channel_0,7.2442846403834595,188,ok,crepe
2021_analysed,channel_0,26.011874029318474,160,ok,crepe
2021_analysed,channel_0,8.137765726960932,169,ok,crepe
2021_analysed,channel_0,13.851733663456072,179,ok,crepe
2021_analysed,channel_0,12.706722021492853,186,ok,crepe
2021_analysed,channel_0,7.217728685528844,109,ok,crepe
2021_analysed,channel_0,29.259756470793246,195,ok,crepe
2021_analysed,channel_0,27.013600487130134,182,ok,crepe
2021_analysed,channel_0,3.114219708457842,74,ok,crepe
2021_analysed,channel_0,8.160685190483965,156,ok,crepe
2021_analysed,channel_0,8.5261395421161,135,ok,crepe
2021_analysed,channel_0,20.519761888439003,178,ok,crepe
2021_analysed,channel_0,23.90603119336778,195,ok,crepe
2021_analysed,channel_0,17.189958287739127,158,ok,crepe
2021_analysed,channel_0,22.962982433164537,170,ok,crepe
2021_analysed,channel_0,18.229006634079266,162,ok,crepe
2021_analysed,channel_0,21.835795598233734,168,ok,crepe
2021_analysed,channel_0,19.296486712229907,162,ok,crepe
2021_analysed,channel_0,8.975316201245144,163,ok,crepe
2021_analysed,channel_0,13.123871901113969,116,ok,crepe
2021_analysed,channel_0,33.72944717950109,189,ok,crepe
2021_analysed,channel_0,27.238543831894372,190,ok,crepe
2021_analysed,channel_0,-1.7367638911723424,98,ok,crepe
2021_analysed,channel_0,18.132390460185608,136,ok,crepe
2021_analysed,channel_0,30.361886883934194,199,ok,crepe
2021_analysed,channel_0,17.093332590890398,188,ok,crepe
2021_analysed,channel_0,24.277040446510018,184,ok,crepe
2021_analysed,channel_0,4.740274554913533,115,ok,crepe
2021_analysed,channel_0,31.70411725891462,183,ok,crepe
2021_analysed,channel_0,14.397498463455598,139,ok,crepe
2021_analysed,channel_0,17.672356739358225,159,ok,crepe
2021_analysed,channel_0,3.66485831609402,146,ok,crepe
2021_analysed,channel_0,28.629150606932697,191,ok,crepe
2021_analysed,channel_0,29.933656721477398,202,ok,crepe
2021_analysed,channel_0,28.273120555118624,196,ok,crepe
2021_analysed,channel_0,10.102652127937208,158,ok,crepe
2021_analysed,channel_0,11.066835597348653,168,ok,crepe
2021_analysed,channel_0,9.168213719871158,99,ok,crepe
2021_analysed,channel_0,0.5456218038261955,101,ok,crepe
2021_analysed,channel_0,24.36372437333997,192,ok,crepe
2021_analysed,channel_0,12.520115225664618,148,ok,crepe
2021_analysed,channel_0,21.294288539327972,185,ok,crepe
2021_analysed,channel_0,11.271549423283606,173,ok,crepe
2021_analysed,channel_0,24.964821957531377,180,ok,crepe
2021_analysed,channel_0,11.669564494299742,111,ok,crepe
2021_analysed,channel_0,8.112917027046937,153,ok,crepe
2021_analysed,channel_0,2.9409443582633683,133,ok,crepe
2021_analysed,channel_0,5.9659520587058035,124,ok,crepe
2021_analysed,channel_0,10.24349967116674,168,ok,crepe
2021_analysed,channel_0,1.9084396303950864,104,ok,crepe
2021_analysed,channel_0,18.377947712636033,193,ok,crepe
2021_analysed,channel_0,11.10385967367148,149,ok,crepe
2021_analysed,channel_0,1.5388271106572287,107,ok,crepe
2021_analysed,channel_0,12.246430748514207,173,ok,crepe
2021_analysed,channel_0,36.804465444961785,156,ok,crepe
2021_analysed,channel_0,3.7983744721621937,51,ok,crepe
2021_analysed,channel_0,5.590041857650205,163,ok,crepe
2021_analysed,channel_0,25.520360015179733,165,ok,crepe
2021_analysed,channel_0,29.00412435791434,180,ok,crepe
2021_analysed,channel_0,18.486577671085673,189,ok,crepe
2021_analysed,channel_0,4.724175084813611,119,ok,crepe
2021_analysed,channel_0,29.17178570291368,181,ok,crepe
2021_analysed,channel_0,27.06966662420927,200,ok,crepe
2021_analysed,channel_0,28.616908000124553,193,ok,crepe
2021_analysed,channel_0,11.928614538659732,143,ok,crepe
2021_analysed,channel_0,17.66414177203257,200,ok,crepe
2021_analysed,channel_0,24.07116517706665,175,ok,crepe
2021_analysed,channel_0,6.699844709640596,75,ok,crepe
2021_analysed,channel_0,1.5639121401669032,108,ok,crepe
2021_analysed,channel_0,23.523378213678164,196,ok,crepe
2021_analysed,channel_0,3.892444513489643,120,ok,crepe
2021_analysed,channel_0,15.081996038258481,157,ok,crepe
2021_analysed,channel_0,1.342189324108489,94,ok,crepe
2021_analysed,channel_0,26.274547812978607,191,ok,crepe
2021_analysed,channel_0,21.248373573415115,199,ok,crepe
2021_analysed,channel_0,6.610563797299865,72,ok,crepe
2021_analysed,channel_0,10.203016997307198,165,ok,crepe
2021_analysed,channel_0,-2.0399046693109857,111,ok,crepe
2021_analysed,channel_0,35.042585446809575,196,ok,crepe
2021_analysed,channel_0,20.51683276562809,173,ok,crepe
2021_analysed,channel_0,0.6815879304775356,94,ok,crepe
2021_analysed,channel_0,3.274786646915328,118,ok,crepe
2021_analysed,channel_0,27.1492636629157,194,ok,crepe
2021_analysed,channel_0,15.019432178352801,123,ok,crepe
2021_analysed,channel_0,2.331473342839593,130,ok,crepe
2021_analysed,channel_0,7.032755429991852,122,ok,crepe
2021_analysed,channel_0,3.898495305142254,126,ok,crepe
2021_analysed,channel_0,-3.5054442247712982,68,ok,crepe
2021_analysed,channel_0,27.88026806685846,190,ok,crepe
2021_analysed,channel_0,22.62782424465087,194,ok,crepe
2021_analysed,channel_0,11.506127397422931,181,ok,crepe
2021_analysed,channel_0,14.785044052464137,179,ok,crepe
2021_analysed,channel_0,28.50447817668186,191,ok,crepe
2021_analysed,channel_0,5.570985913724956,158,ok,crepe
2021_analysed,channel_0,18.242470567237355,167,ok,crepe
2021_analysed,channel_0,6.981709671852809,130,ok,crepe
2021_analysed,channel_0,0.28656643510621194,81,ok,crepe
2021_analysed,channel_0,13.101452987855765,165,ok,crepe
2021_analysed,channel_0,5.092883179637992,112,ok,crepe
2021_analysed,channel_0,23.71768279747634,179,ok,crepe
2021_analysed,channel_0,14.566297645372817,182,ok,crepe
2021_analysed,channel_0,8.894111018230364,75,ok,crepe
2021_analysed,channel_0,1.5991249656192188,115,ok,crepe
2021_analysed,channel_0,5.636989429061084,72,ok,crepe
2021_analysed,channel_0,28.478050184178056,162,ok,crepe
2021_analysed,channel_0,15.015410829270106,164,ok,crepe
2021_analysed,channel_0,17.070245693846935,189,ok,crepe
2021_analysed,channel_0,24.983506137481942,193,ok,crepe
2021_analysed,channel_0,-5.434766363970834,75,ok,crepe
2021_analysed,channel_0,10.033678419842246,89,ok,crepe
2021_analysed,channel_0,11.487484654754399,73,ok,crepe
2021_analysed,channel_0,16.133701758505932,189,ok,crepe
2021_analysed,channel_0,19.157182919241293,174,ok,crepe
2021_analysed,channel_0,5.181845303185818,130,ok,crepe
2021_analysed,channel_0,33.53276029906789,198,ok,crepe
2021_analysed,channel_0,4.506212769993237,109,ok,crepe
2021_analysed,channel_0,14.559039690433595,169,ok,crepe
2021_analysed,channel_0,31.287230223619652,190,ok,crepe
2021_analysed,channel_0,0.671785145104101,78,ok,crepe
2021_analysed,channel_0,-2.37985001709714,29,ok,crepe
2021_analysed,channel_0,19.92791956025198,190,ok,crepe
2021_analysed,channel_0,3.2770239056554837,140,ok,crepe
2021_analysed,channel_0,30.054318602419535,193,ok,crepe
2021_analysed,channel_0,8.633153995448327,151,ok,crepe
2021_analysed,channel_0,24.902249087404854,175,ok,crepe
2021_analysed,channel_0,27.00376648693215,193,ok,crepe
2021_analysed,channel_0,18.69554296622224,169,ok,crepe
2021_analysed,channel_0,30.64269579466563,196,ok,crepe
2021_analysed,channel_0,18.38578166134692,191,ok,crepe
2021_analysed,channel_0,13.58215469982504,148,ok,crepe
2021_analysed,channel_0,10.684146741720769,163,ok,crepe
2021_analysed,channel_0,5.70592755466509,166,ok,crepe
2021_analysed,channel_0,-4.3796071849928015,83,ok,crepe
2021_analysed,channel_0,24.612327070877548,137,ok,crepe
2021_analysed,channel_0,20.05182361067828,150,ok,crepe
2021_analysed,channel_0,16.60846081385406,185,ok,crepe
2021_analysed,channel_0,13.42146980899251,166,ok,crepe
2021_analysed,channel_0,-2.7697918112486573,82,ok,crepe
2021_analysed,channel_0,7.4325746378417445,155,ok,crepe
2021_analysed,channel_0,25.30198158681713,196,ok,crepe
2021_analysed,channel_0,11.186612167826242,169,ok,crepe
2021_analysed,channel_0,22.505260348627605,189,ok,crepe
2021_analysed,channel_0,21.109052386116346,195,ok,crepe
2021_analysed,channel_0,12.566904041468039,186,ok,crepe
2021_analysed,channel_0,6.1888121838269345,83,ok,crepe
2021_analysed,channel_0,27.73772182690996,199,ok,crepe
2021_analysed,channel_0,11.42435074004371,184,ok,crepe
2021_analysed,channel_0,16.00436303657972,186,ok,crepe
2021_analysed,channel_0,8.598774969803893,142,ok,crepe
2021_analysed,channel_0,29.071616121651683,192,ok,crepe
2021_analysed,channel_0,14.252381423353619,144,ok,crepe
2021_analysed,channel_0,8.503121869045629,193,ok,crepe
2021_analysed,channel_0,29.536805063417532,185,ok,crepe
2021_analysed,channel_0,7.865971339320346,155,ok,crepe
2021_analysed,channel_0,29.34117849218513,197,ok,crepe
2021_analysed,channel_0,1.3217327812191946,94,ok,crepe
2021_analysed,channel_0,1.4822595781640693,92,ok,crepe
2021_analysed,channel_0,3.506921405539831,69,ok,crepe
2021_analysed,channel_0,3.5474375842648986,151,ok,crepe
2021_analysed,channel_0,22.081437804961368,180,ok,crepe
2021_analysed,channel_0,15.734739929650573,192,ok,crepe
2021_analysed,channel_0,18.56063921944508,193,ok,crepe
2021_analysed,channel_0,19.506939696972516,191,ok,crepe
2021_analysed,channel_0,25.773425098544436,147,ok,crepe
2021_analysed,channel_0,12.624761393072115,153,ok,crepe
2021_analysed,channel_0,6.365347236802295,129,ok,crepe
2021_analysed,channel_0,19.570533983523454,179,ok,crepe
2021_analysed,channel_0,14.531846215676222,115,ok,crepe
2021_analysed,channel_0,0.46403398274326596,122,ok,crepe
2021_analysed,channel_0,17.978316362348785,181,ok,crepe
2021_analysed,channel_0,3.8026449235073354,114,ok,crepe
2021_analysed,channel_0,9.39904558243131,152,ok,crepe
2021_analysed,channel_0,-9.528016186419121,64,ok,crepe
2021_analysed,channel_0,23.650757706611074,185,ok,crepe
2021_analysed,channel_0,4.5360352704641596,123,ok,crepe
2021_analysed,channel_0,22.189655232235545,164,ok,crepe
2021_analysed,channel_0,31.108838848016504,187,ok,crepe
2021_analysed,channel_0,27.274758718043213,197,ok,crepe
2021_analysed,channel_0,19.859901804118284,205,ok,crepe
2021_analysed,channel_0,17.255892366067457,172,ok,crepe
2021_analysed,channel_0,2.986581628081809,153,ok,crepe
2021_analysed,channel_0,12.807853185069797,140,ok,crepe
2021_analysed,channel_0,31.502932902796147,196,ok,crepe
2021_analysed,channel_0,8.94739883271987,155,ok,crepe
2021_analysed,channel_0,15.907854549266546,126,ok,crepe
2021_analysed,channel_0,21.324202507166756,151,ok,crepe
2021_analysed,channel_0,26.025864828574466,198,ok,crepe
2021_analysed,channel_0,-1.64822533604253,68,ok,crepe
2021_analysed,channel_0,9.744585905493501,182,ok,crepe
2021_analysed,channel_0,30.62217365178843,195,ok,crepe
2021_analysed,channel_0,12.276171627890482,163,ok,crepe
2021_analysed,channel_0,4.128883305492196,175,ok,crepe
2021_analysed,channel_0,34.50250743141833,205,ok,crepe
2021_analysed,channel_0,6.47760308544595,80,ok,crepe
2021_analysed,channel_0,4.46786496620986,121,ok,crepe
2021_analysed,channel_0,27.120255503149878,159,ok,crepe
2021_analysed,channel_0,6.931480115119016,152,ok,crepe
2021_analysed,channel_0,9.287532809373362,143,ok,crepe
2021_analysed,channel_0,6.99686122990928,127,ok,crepe
2021_analysed,channel_0,22.3046815633058,178,ok,crepe
2021_analysed,channel_0,2.488554361282895,129,ok,crepe
2021_analysed,channel_0,1.6324492706593299,45,ok,crepe
2021_analysed,channel_0,24.3585360553586,188,ok,crepe
2021_analysed,channel_0,27.066623096965934,177,ok,crepe
2021_analysed,channel_0,7.000125589853196,151,ok,crepe
2021_analysed,channel_0,6.717239145505629,138,ok,crepe
2021_analysed,channel_0,-1.6272930325134163,110,ok,crepe
2021_analysed,channel_0,32.03427423170772,199,ok,crepe
2021_analysed,channel_0,27.123031367344836,205,ok,crepe
2021_analysed,channel_0,21.537633415261354,177,ok,crepe
2021_analysed,channel_0,4.518080991939861,89,ok,crepe
2021_analysed,channel_0,20.469324846598475,193,ok,crepe
2021_analysed,channel_0,27.788675248628255,195,ok,crepe
2021_analysed,channel_0,12.202452853316476,176,ok,crepe
2021_analysed,channel_0,12.169824338722222,156,ok,crepe
2021_analysed,channel_0,16.98094901915459,196,ok,crepe
2021_analysed,channel_0,27.653191939854572,190,ok,crepe
2021_analysed,channel_0,15.631291403107701,175,ok,crepe
2021_analysed,channel_0,5.844437140614907,160,ok,crepe
2021_analysed,channel_0,3.3200587495259306,66,ok,crepe
2021_analysed,channel_0,24.960004595614972,193,ok,crepe
2021_analysed,channel_0,10.133692615419479,144,ok,crepe
2021_analysed,channel_0,3.455961045353304,143,ok,crepe
2021_analysed,channel_0,9.087065470197006,133,ok,crepe
2021_analysed,channel_0,-0.1991219471172938,84,ok,crepe
2021_analysed,channel_0,-4.380161593226401,51,ok,crepe
2021_analysed,channel_0,9.389101772519005,169,ok,crepe
2021_analysed,channel_0,24.417811556526246,179,ok,crepe
2021_analysed,channel_0,23.150412778794287,156,ok,crepe
2021_analysed,channel_0,23.566445982953972,177,ok,crepe
2021_analysed,channel_0,27.74219983852239,177,ok,crepe
2021_analysed,channel_0,19.39031655380806,166,ok,crepe
2021_analysed,channel_0,6.132835188201246,133,ok,crepe
2021_analysed,channel_0,15.704901677078935,107,ok,crepe
2021_analysed,channel_0,7.868519305106086,138,ok,crepe
2021_analysed,channel_0,5.126672745517283,107,ok,crepe
2021_analysed,channel_0,16.065673775604825,168,ok,crepe
2021_analysed,channel_0,35.16366124274691,156,ok,crepe
2021_analysed,channel_0,21.76101802833029,194,ok,crepe
2021_analysed,channel_0,14.48128163084042,190,ok,crepe
2021_analysed,channel_0,5.147850897936726,103,ok,crepe
2021_analysed,channel_0,21.391055800657103,156,ok,crepe
2021_analysed,channel_0,12.132918328048962,155,ok,crepe
2021_analysed,channel_0,25.88668512135889,179,ok,crepe
2021_analysed,channel_0,29.792289469255905,194,ok,crepe
2021_analysed,channel_0,11.536896884009993,119,ok,crepe
2021_analysed,channel_0,14.581512840883557,181,ok,crepe
2021_analysed,channel_0,6.642452067365729,114,ok,crepe
2021_analysed,channel_0,19.778325318521922,169,ok,crepe
2021_analysed,channel_0,10.057215547339984,171,ok,crepe
2021_analysed,channel_0,10.287261376739563,169,ok,crepe
2021_analysed,channel_0,20.02296484354284,86,ok,crepe
2021_analysed,channel_0,6.663513865895968,136,ok,crepe
2021_analysed,channel_0,13.523569961762991,115,ok,crepe
2021_analysed,channel_0,15.88710363117292,180,ok,crepe
2021_analysed,channel_0,28.265198843148987,193,ok,crepe
2021_analysed,channel_0,27.647529155604012,189,ok,crepe
2021_analysed,channel_0,29.543572597681287,189,ok,crepe
2021_analysed,channel_0,27.138036917634246,182,ok,crepe
2021_analysed,channel_0,4.1903058131401325,157,ok,crepe
2021_analysed,channel_0,-1.368197249296067,76,ok,crepe
2021_analysed,channel_0,13.77433328354206,166,ok,crepe
2021_analysed,channel_0,15.034113511501253,174,ok,crepe
2021_analysed,channel_0,19.35025414635924,185,ok,crepe
2021_analysed,channel_0,12.491195045256784,167,ok,crepe
2021_analysed,channel_0,22.897213723694545,198,ok,crepe
2021_analysed,channel_0,19.12851978605436,193,ok,crepe
2021_analysed,channel_0,-0.6193037403835815,97,ok,crepe
2021_analysed,channel_0,20.63096771001597,188,ok,crepe
2021_analysed,channel_0,21.14985417596403,178,ok,crepe
2021_analysed,channel_0,7.085249351338603,123,ok,crepe
2021_analysed,channel_0,16.289158770142546,186,ok,crepe
2021_analysed,channel_0,4.856804029993709,73,ok,crepe
2021_analysed,channel_0,21.671158042488766,179,ok,crepe
2021_analysed,channel_0,6.166626258813771,106,ok,crepe
2021_analysed,channel_0,-3.0483054017105653,77,ok,crepe
2021_analysed,channel_0,5.98402451751433,148,ok,crepe
2021_analysed,channel_0,23.318641833426334,184,ok,crepe
2021_analysed,channel_0,12.782077470943076,147,ok,crepe
2021_analysed,channel_0,6.606805374439997,141,ok,crepe
2021_analysed,channel_0,18.166605794612266,159,ok,crepe
2021_analysed,channel_0,11.565339827022473,127,ok,crepe
2021_analysed,channel_0,9.827477887308204,172,ok,crepe
2021_analysed,channel_0,11.08808281288481,123,ok,crepe
2021_analysed,channel_0,8.751107889314135,173,ok,crepe
2021_analysed,channel_0,18.50336451137374,165,ok,crepe
2021_analysed,channel_0,22.31707747178571,167,ok,crepe
2021_analysed,channel_0,25.819826409943317,190,ok,crepe
2021_analysed,channel_0,23.631683057856918,196,ok,crepe
2021_analysed,channel_0,17.530501178961895,149,ok,crepe
2021_analysed,channel_0,13.37284370499448,98,ok,crepe
2021_analysed,channel_0,10.274119487912683,181,ok,crepe
2021_analysed,channel_0,29.830060742011657,164,ok,crepe
2021_analysed,channel_0,0.8911750398966595,130,ok,crepe
2021_analysed,channel_0,12.170148809901187,179,ok,crepe
2021_analysed,channel_0,10.918791367639642,108,ok,crepe
2021_analysed,channel_0,18.916916789022743,202,ok,crepe
2021_analysed,channel_0,-2.4890224891775237,68,ok,crepe
2021_analysed,channel_0,8.451734578432756,109,ok,crepe
2021_analysed,channel_0,12.55657208120357,158,ok,crepe
2021_analysed,channel_0,6.093099750372436,163,ok,crepe
2021_analysed,channel_0,6.6243700716661245,127,ok,crepe
2021_analysed,channel_0,21.274336275413926,146,ok,crepe
2021_analysed,channel_0,26.980783784993978,195,ok,crepe
2021_analysed,channel_0,11.504140392357362,160,ok,crepe
2021_analysed,channel_0,7.503982943583965,150,ok,crepe
2021_analysed,channel_0,13.391681226967869,135,ok,crepe
2021_analysed,channel_0,32.83131635354619,162,ok,crepe
2021_analysed,channel_0,26.72370030692,97,ok,crepe
2021_analysed,channel_0,32.21383917721438,192,ok,crepe
2021_analysed,channel_0,16.774467333727728,163,ok,crepe
2021_analysed,channel_0,29.854835666979533,162,ok,crepe
2021_analysed,channel_0,17.229773121351506,144,ok,crepe
2021_analysed,channel_0,28.328725484086753,191,ok,crepe
2021_analysed,channel_0,24.702216586258572,193,ok,crepe
2021_analysed,channel_0,15.024098802532887,157,ok,crepe
2021_analysed,channel_0,12.298865631964834,185,ok,crepe
2021_analysed,channel_0,10.403075276450908,124,ok,crepe
2021_analysed,channel_0,12.314466960831073,129,ok,crepe
2021_analysed,channel_0,-1.1811242542913718,80,ok,crepe
2021_analysed,channel_0,2.007154432302574,79,ok,crepe
2021_analysed,channel_0,23.798758298178345,184,ok,crepe
2021_analysed,channel_0,19.836233013242694,176,ok,crepe
2021_analysed,channel_0,26.940921633885306,206,ok,crepe
2021_analysed,channel_0,1.630247917543336,71,ok,crepe
2021_analysed,channel_0,28.37922723002217,198,ok,crepe
2021_analysed,channel_0,2.220528583992702,129,ok,crepe
2021_analysed,channel_0,10.632443330008037,189,ok,crepe
2021_analysed,channel_0,25.10513775224485,188,ok,crepe
2021_analysed,channel_0,6.788173666679298,132,ok,crepe
2021_analysed,channel_0,27.729962685083468,190,ok,crepe
2021_analysed,channel_0,16.813939763156732,153,ok,crepe
2021_analysed,channel_0,32.03527041302439,198,ok,crepe
2021_analysed,channel_0,18.062352867612713,175,ok,crepe
2021_analysed,channel_0,27.025659680250683,167,ok,crepe
2021_analysed,channel_0,-3.6373380621448748,76,ok,crepe
2021_analysed,channel_0,-2.0040272218110475,75,ok,crepe
2021_analysed,channel_0,3.6085655648864288,113,ok,crepe
2021_analysed,channel_0,0.42870169927037177,23,ok,crepe
2021_analysed,channel_0,0.19659398398485844,99,ok,crepe
2021_analysed,channel_0,6.534401973248781,75,ok,crepe
2021_analysed,channel_0,6.3505027089884605,143,ok,crepe
2021_analysed,channel_0,21.575328164393653,168,ok,crepe
2021_analysed,channel_0,16.091991547225927,173,ok,crepe
2021_analysed,channel_0,1.705539622627896,92,ok,crepe
2021_analysed,channel_0,1.2345016412790228,74,ok,crepe
2021_analysed,channel_0,24.92837132826009,147,ok,crepe
2021_analysed,channel_0,0.1941154171000024,80,ok,crepe
2021_analysed,channel_0,22.501791125611742,197,ok,crepe
2021_analysed,channel_0,22.91717398922394,187,ok,crepe
2021_analysed,channel_0,17.272865980712535,173,ok,crepe
2021_analysed,channel_0,20.256984540202033,190,ok,crepe
2021_analysed,channel_0,5.106317360868557,109,ok,crepe
2021_analysed,channel_0,25.64682863371153,177,ok,crepe
2021_analysed,channel_0,-1.3383180853110879,115,ok,crepe
2021_analysed,channel_0,11.288253214807911,160,ok,crepe
2021_analysed,channel_0,5.3711035510587966,35,ok,crepe
2021_analysed,channel_0,13.210128727409494,178,ok,crepe
2021_analysed,channel_0,26.517836806365338,161,ok,crepe
2021_analysed,channel_0,23.1790863657284,147,ok,crepe
2021_analysed,channel_0,10.019825415872655,127,ok,crepe
2021_analysed,channel_0,14.887020762885353,168,ok,crepe
2021_analysed,channel_0,12.02387027945477,152,ok,crepe
2021_analysed,channel_0,3.366702181926321,145,ok,crepe
2021_analysed,channel_0,8.71186328277318,165,ok,crepe
2021_analysed,channel_0,8.567111971314107,164,ok,crepe
2021_analysed,channel_0,9.231472464642021,117,ok,crepe
2021_analysed,channel_0,28.37232852720031,183,ok,crepe
2021_analysed,channel_0,5.782492674426541,86,ok,crepe
2021_analysed,channel_0,29.69219176357061,193,ok,crepe
2021_analysed,channel_0,26.075877178291794,191,ok,crepe
2021_analysed,channel_0,3.4720059524125038,127,ok,crepe
2021_analysed,channel_0,-2.6244396147931246,90,ok,crepe
2021_analysed,channel_0,14.364345723621387,174,ok,crepe
2021_analysed,channel_0,19.654411572770996,197,ok,crepe
2021_analysed,channel_0,0.26607320607794865,53,ok,crepe
2021_analysed,channel_0,-4.819944976945278,35,ok,crepe
2021_analysed,channel_0,14.803974112041436,177,ok,crepe
2021_analysed,channel_0,5.582665064371247,75,ok,crepe
2021_analysed,channel_0,23.68392714213314,160,ok,crepe
2021_analysed,channel_0,11.606819553765677,171,ok,crepe
2021_analysed,channel_0,7.967219456522145,146,ok,crepe
2021_analysed,channel_0,30.008989122455812,200,ok,crepe
2021_analysed,channel_0,1.303028058423111,174,ok,crepe
2021_analysed,channel_0,22.595885332632033,182,ok,crepe
2021_analysed,channel_0,24.048716117872566,193,ok,crepe
2021_analysed,channel_0,23.03759671181252,175,ok,crepe
2021_analysed,channel_0,5.1531374393314335,115,ok,crepe
2021_analysed,channel_0,-0.29165361917578675,95,ok,crepe
2021_analysed,channel_0,17.67515435734979,185,ok,crepe
2021_analysed,channel_0,26.27897127515571,196,ok,crepe
2021_analysed,channel_0,-1.571572427646157,130,ok,crepe
2021_analysed,channel_0,18.498335323967574,155,ok,crepe
2021_analysed,channel_0,25.2484565623273,195,ok,crepe
2021_analysed,channel_0,20.706284414756013,192,ok,crepe
2021_analysed,channel_0,1.807973956912824,92,ok,crepe
2021_analysed,channel_0,4.243393969801702,103,ok,crepe
2021_analysed,channel_0,21.445396563120607,181,ok,crepe
2021_analysed,channel_0,8.940392492603495,160,ok,crepe
2021_analysed,channel_0,20.354696684789666,191,ok,crepe
2021_analysed,channel_0,19.92942197476251,161,ok,crepe
2021_analysed,channel_0,9.824159396765964,138,ok,crepe
2021_analysed,channel_0,-2.975555789966518,20,ok,crepe
2021_analysed,channel_0,9.198031365843196,161,ok,crepe
2021_analysed,channel_0,5.774066069637366,119,ok,crepe
2021_analysed,channel_0,15.430045466636857,172,ok,crepe
2021_analysed,channel_0,-2.055869731582746,95,ok,crepe
2021_analysed,channel_0,5.499073357246116,87,ok,crepe
2021_analysed,channel_0,28.541352797343045,201,ok,crepe
2021_analysed,channel_0,12.649100295610165,197,ok,crepe
2021_analysed,channel_0,2.00619411877994,127,ok,crepe
2021_analysed,channel_0,20.518594534813495,188,ok,crepe
2021_analysed,channel_0,5.942479336402789,88,ok,crepe
2021_analysed,channel_0,12.73005665369347,180,ok,crepe
2021_analysed,channel_0,12.490131464717845,154,ok,crepe
2021_analysed,channel_0,12.008610498409727,148,ok,crepe
2021_analysed,channel_0,27.970233606778685,197,ok,crepe
2021_analysed,channel_0,7.574210615611281,178,ok,crepe
2021_analysed,channel_0,3.7572958419725393,127,ok,crepe
2021_analysed,channel_0,7.053544271481469,164,ok,crepe
2021_analysed,channel_0,6.055161498628444,78,ok,crepe
2021_analysed,channel_0,25.336530222146468,186,ok,crepe
2021_analysed,channel_0,18.26320073409275,178,ok,crepe
2021_analysed,channel_0,6.4322293822331655,132,ok,crepe
2021_analysed,channel_0,11.731333236999754,161,ok,crepe
2021_analysed,channel_0,26.1555281776792,196,ok,crepe
2021_analysed,channel_0,25.87986413842632,195,ok,crepe
2021_analysed,channel_0,0.5373200380034424,115,ok,crepe
2021_analysed,channel_0,21.03761188735647,195,ok,crepe
2021_analysed,channel_0,32.08799840307241,200,ok,crepe
2021_analysed,channel_0,4.292424613413652,106,ok,crepe
2021_analysed,channel_0,8.513255524986075,114,ok,crepe
2021_analysed,channel_0,25.390260931437805,192,ok,crepe
2021_analysed,channel_0,2.2770534084088583,148,ok,crepe
2021_analysed,channel_0,11.490972348993225,136,ok,crepe
2021_analysed,channel_0,27.59368176262479,197,ok,crepe
2021_analysed,channel_0,6.454283389344089,130,ok,crepe
2021_analysed,channel_0,15.557675143209694,150,ok,crepe
2021_analysed,channel_0,13.065193369979715,177,ok,crepe
2021_analysed,channel_0,5.853669521555157,90,ok,crepe
2021_analysed,channel_0,29.535740529768297,198,ok,crepe
2021_analysed,channel_0,17.043797037564403,179,ok,crepe
2021_analysed,channel_0,6.877427489612603,100,ok,crepe
2021_analysed,channel_0,11.038429711807765,147,ok,crepe
2021_analysed,channel_0,13.915948494975414,189,ok,crepe
2021_analysed,channel_0,14.813195456005081,141,ok,crepe
2021_analysed,channel_0,12.139938220352684,116,ok,crepe
2021_analysed,channel_0,-4.606554476290591,112,ok,crepe
2021_analysed,channel_0,4.138791338693532,105,ok,crepe
2021_analysed,channel_0,8.479485970084776,132,ok,crepe
2021_analysed,channel_0,11.112025607339755,188,ok,crepe
2021_analysed,channel_0,9.447075951110179,141,ok,crepe
2021_analysed,channel_0,25.009340218567566,188,ok,crepe
2021_analysed,channel_0,-5.759900129889793,75,ok,crepe
2021_analysed,channel_0,21.66462877921687,189,ok,crepe
2021_analysed,channel_0,12.35141988039981,177,ok,crepe
2021_analysed,channel_0,28.903570259510673,144,ok,crepe
2021_analysed,channel_0,9.574648302132736,122,ok,crepe
2021_analysed,channel_0,22.629033662891235,172,ok,crepe
2021_analysed,channel_0,22.87110015472138,176,ok,crepe
2021_analysed,channel_0,5.369757893730169,174,ok,crepe
2021_analysed,channel_0,24.118022841029052,197,ok,crepe
2021_analysed,channel_0,14.602980785415053,127,ok,crepe
2021_analysed,channel_0,14.381529467341574,143,ok,crepe
2021_analysed,channel_0,-0.9916251076710831,68,ok,crepe
2021_analysed,channel_0,-12.109938925124798,67,ok,crepe
2021_analysed,channel_0,23.787368679357304,188,ok,crepe
2021_analysed,channel_0,13.773777176076152,189,ok,crepe
2021_analysed,channel_0,3.470141982880619,148,ok,crepe
2021_analysed,channel_0,11.171131354417941,182,ok,crepe
2021_analysed,channel_0,10.865109532191259,137,ok,crepe
2021_analysed,channel_0,-1.660908432383355,40,ok,crepe
2021_analysed,channel_0,24.606475358186422,186,ok,crepe
2021_analysed,channel_0,7.786446671448655,185,ok,crepe
2021_analysed,channel_0,16.801507228330873,165,ok,crepe
2021_analysed,channel_0,19.53340574947262,117,ok,crepe
2021_analysed,channel_0,30.78533717459368,183,ok,crepe
2021_analysed,channel_0,1.9367181404738854,108,ok,crepe
2021_analysed,channel_0,3.2419578391239727,72,ok,crepe
2021_analysed,channel_0,8.283805617387307,153,ok,crepe
2021_analysed,channel_0,16.122467587262467,173,ok,crepe
2021_analysed,channel_0,16.922236729126112,177,ok,crepe
2021_analysed,channel_0,27.338170859383197,186,ok,crepe
2021_analysed,channel_0,-1.775792609801723,57,ok,crepe
2021_analysed,channel_0,11.458476275158205,94,ok,crepe
2021_analysed,channel_0,4.6462742467646025,102,ok,crepe
2021_analysed,channel_0,6.417681401652629,164,ok,crepe
2021_analysed,channel_0,5.022502537211603,58,ok,crepe
2021_analysed,channel_0,26.59905876098843,199,ok,crepe
2021_analysed,channel_0,34.51309807476049,197,ok,crepe
2021_analysed,channel_0,-4.23807264073101,51,ok,crepe
2021_analysed,channel_0,10.63172967161452,172,ok,crepe
2021_analysed,channel_0,13.846202596853352,177,ok,crepe
2021_analysed,channel_0,5.690736470233084,115,ok,crepe
2021_analysed,channel_0,23.15754960157813,196,ok,crepe
2021_analysed,channel_0,5.672456366303383,122,ok,crepe
2021_analysed,channel_0,23.551679591449435,196,ok,crepe
2021_analysed,channel_0,7.365836113674921,136,ok,crepe
2021_analysed,channel_0,30.256198019555455,192,ok,crepe
2021_analysed,channel_0,0.8114490956645913,55,ok,crepe
2021_analysed,channel_0,-0.34592941308769287,89,ok,crepe
2021_analysed,channel_0,21.367099961603703,184,ok,crepe
2021_analysed,channel_0,8.053661805893697,135,ok,crepe
2021_analysed,channel_0,4.897287417521634,122,ok,crepe
2021_analysed,channel_0,21.210022820392524,151,ok,crepe
2021_analysed,channel_0,5.7130992179002575,146,ok,crepe
2021_analysed,channel_0,7.824975205886787,92,ok,crepe
2021_analysed,channel_0,17.951306431764056,155,ok,crepe
2021_analysed,channel_0,21.335607749192857,190,ok,crepe
2021_analysed,channel_0,27.395178156016282,190,ok,crepe
2021_analysed,channel_0,8.039147774440858,114,ok,crepe
2021_analysed,channel_0,12.178996227157505,113,ok,crepe
2021_analysed,channel_0,24.809773847772224,200,ok,crepe
2021_analysed,channel_0,10.71732790328824,172,ok,crepe
2021_analysed,channel_0,15.284770467793486,161,ok,crepe
2021_analysed,channel_0,-1.800962456696336,123,ok,crepe
2021_analysed,channel_0,3.623897247614706,147,ok,crepe
2021_analysed,channel_0,16.779726780902383,163,ok,crepe
2021_analysed,channel_0,22.82845386671852,156,ok,crepe
2021_analysed,channel_0,22.274188035735158,182,ok,crepe
2021_analysed,channel_0,17.49906347002925,156,ok,crepe
2021_analysed,channel_0,-0.6555209259661955,86,ok,crepe
2021_analysed,channel_0,5.049671574975612,167,ok,crepe
2021_analysed,channel_0,0.45734868146296326,106,ok,crepe
2021_analysed,channel_0,8.807527733223651,180,ok,crepe
2021_analysed,channel_0,24.830599940078226,200,ok,crepe
2021_analysed,channel_0,23.396682100397378,127,ok,crepe
2021_analysed,channel_0,14.243202521857874,185,ok,crepe
2021_analysed,channel_0,9.493671757842733,159,ok,crepe
2021_analysed,channel_0,8.861643809620116,86,ok,crepe
2021_analysed,channel_0,13.548801579657113,200,ok,crepe
2021_analysed,channel_0,25.321054152873096,194,ok,crepe
2021_analysed,channel_0,24.940454655666684,188,ok,crepe
2021_analysed,channel_0,5.721523900662259,153,ok,crepe
2021_analysed,channel_0,2.2216296895479615,86,ok,crepe
2021_analysed,channel_0,8.356937973429718,154,ok,crepe
2021_analysed,channel_0,9.440340080202963,86,ok,crepe
2021_analysed,channel_0,24.600573540356876,192,ok,crepe
2021_analysed,channel_0,0.08607964422723696,39,ok,crepe
2021_analysed,channel_0,11.992714155529411,153,ok,crepe
2021_analysed,channel_0,28.484414400360556,190,ok,crepe
2021_analysed,channel_0,30.581118169540407,185,ok,crepe
2021_analysed,channel_0,7.462390506068875,124,ok,crepe
2021_analysed,channel_0,17.244921945144846,155,ok,crepe
2021_analysed,channel_0,19.566504871852338,159,ok,crepe
2021_analysed,channel_0,23.862731305610655,181,ok,crepe
2021_analysed,channel_0,2.9730741917960133,67,ok,crepe
2021_analysed,channel_0,-8.586811472732688,123,ok,crepe
2021_analysed,channel_0,17.215649866891273,91,ok,crepe
2021_analysed,channel_0,17.382074967110352,162,ok,crepe
2021_analysed,channel_0,27.76108433374548,191,ok,crepe
2021_analysed,channel_0,19.539719231604103,174,ok,crepe
2021_analysed,channel_0,4.288434906921987,157,ok,crepe
2021_analysed,channel_0,23.691697783293808,142,ok,crepe
2021_analysed,channel_0,0.5431016565391166,137,ok,crepe
2021_analysed,channel_0,24.97183878623819,187,ok,crepe
2021_analysed,channel_0,25.435015153361107,197,ok,crepe
2021_analysed,channel_0,17.948845902572202,172,ok,crepe
2021_analysed,channel_0,33.48845109732753,195,ok,crepe
2021_analysed,channel_0,4.358662486471036,148,ok,crepe
2021_analysed,channel_0,3.90225723020841,89,ok,crepe
2021_analysed,channel_0,0.36806779569452636,107,ok,crepe
2021_analysed,channel_0,18.99898584952671,187,ok,crepe
2021_analysed,channel_0,26.593806879013297,194,ok,crepe
2021_analysed,channel_0,24.72319861091673,187,ok,crepe
2021_analysed,channel_0,12.756839891330944,141,ok,crepe
2021_analysed,channel_0,22.484357790398775,199,ok,crepe
2021_analysed,channel_0,9.145146775304632,150,ok,crepe
2021_analysed,channel_0,18.145548637437283,184,ok,crepe
2021_analysed,channel_0,14.610515254867229,159,ok,crepe
2021_analysed,channel_0,13.850063243276999,166,ok,crepe
2021_analysed,channel_0,17.532421798130247,146,ok,crepe
2021_analysed,channel_0,11.138771898706972,188,ok,crepe
2021_analysed,channel_0,27.811212847128793,194,ok,crepe
2021_analysed,channel_0,-20.57020385831536,79,ok,crepe
2021_analysed,channel_0,10.213532632450605,195,ok,crepe
2021_analysed,channel_0,13.548809536891799,100,ok,crepe
2021_analysed,channel_0,22.170004089316592,166,ok,crepe
2021_analysed,channel_0,26.24259367472916,145,ok,crepe
2021_analysed,channel_0,0.9930417626948375,99,ok,crepe
2021_analysed,channel_0,22.786703189589726,198,ok,crepe
2021_analysed,channel_0,6.281386846025313,181,ok,crepe
2021_analysed,channel_0,13.747501445985248,159,ok,crepe
2021_analysed,channel_0,-6.135290215048542,34,ok,crepe
2021_analysed,channel_0,29.873230735833136,201,ok,crepe
2021_analysed,channel_0,25.36574417755866,169,ok,crepe
2021_analysed,channel_0,14.946895158465846,191,ok,crepe
2021_analysed,channel_0,4.228739132123836,139,ok,crepe
2021_analysed,channel_0,8.629264073277694,174,ok,crepe
2021_analysed,channel_0,16.73416170472683,197,ok,crepe
2021_analysed,channel_0,26.61091782907921,199,ok,crepe
2021_analysed,channel_0,27.81025233341142,199,ok,crepe
2021_analysed,channel_0,18.390994458938017,190,ok,crepe
2021_analysed,channel_0,8.381003517540355,134,ok,crepe
2021_analysed,channel_0,27.755391214524778,175,ok,crepe
2021_analysed,channel_0,18.837665977108657,183,ok,crepe
2021_analysed,channel_0,8.825703168929127,160,ok,crepe
2021_analysed,channel_0,1.0470416542679009,106,ok,crepe
2021_analysed,channel_0,24.98323554025987,173,ok,crepe
2021_analysed,channel_0,7.893840980529578,120,ok,crepe
2021_analysed,channel_0,12.624046156097721,165,ok,crepe
2021_analysed,channel_0,10.981749496413586,124,ok,crepe
2021_analysed,channel_0,-1.0900174364466781,96,ok,crepe
2021_analysed,channel_0,33.99850801757934,130,ok,crepe
2021_analysed,channel_0,29.653626724601352,200,ok,crepe
2021_analysed,channel_0,33.64697837621503,199,ok,crepe
2021_analysed,channel_0,11.314859557320709,177,ok,crepe
2021_analysed,channel_0,9.291063565605471,116,ok,crepe
2021_analysed,channel_0,28.414305506458643,183,ok,crepe
2021_analysed,channel_0,21.98542250368491,187,ok,crepe
2021_analysed,channel_0,7.104042260035222,72,ok,crepe
2021_analysed,channel_0,5.325747962489932,101,ok,crepe
2021_analysed,channel_0,5.5687526658867315,138,ok,crepe
2021_analysed,channel_0,27.9399004973128,157,ok,crepe
2021_analysed,channel_0,10.913937869671184,122,ok,crepe
2021_analysed,channel_0,18.515121260843323,178,ok,crepe
2021_analysed,channel_0,-1.623713721506538,139,ok,crepe
2021_analysed,channel_0,25.899368296840063,169,ok,crepe
2021_analysed,channel_0,3.687739980840364,90,ok,crepe
2021_analysed,channel_0,15.303048526514434,150,ok,crepe
2021_analysed,channel_0,27.546555537685016,189,ok,crepe
2021_analysed,channel_0,13.692462930955404,81,ok,crepe
2021_analysed,channel_0,6.472770666535443,166,ok,crepe
2021_analysed,channel_0,7.847953733290196,120,ok,crepe
2021_analysed,channel_0,12.114280490230634,192,ok,crepe
2021_analysed,channel_0,13.975396856510148,151,ok,crepe
2021_analysed,channel_0,3.5400723579022375,117,ok,crepe
2021_analysed,channel_0,29.47729946361909,189,ok,crepe
2021_analysed,channel_0,15.220653312251189,172,ok,crepe
2021_analysed,channel_0,5.577290195902873,107,ok,crepe
2021_analysed,channel_0,22.491343549803993,186,ok,crepe
2021_analysed,channel_0,1.648828521026937,122,ok,crepe
2021_analysed,channel_0,11.624185791737716,157,ok,crepe
2021_analysed,channel_0,18.64549312083996,192,ok,crepe
2021_analysed,channel_0,21.9902292149142,192,ok,crepe
2021_analysed,channel_0,9.721925404248104,136,ok,crepe
2021_analysed,channel_0,20.982400135824832,193,ok,crepe
2021_analysed,channel_0,18.24296900236452,195,ok,crepe
2021_analysed,channel_0,1.9133258891540468,111,ok,crepe
2021_analysed,channel_0,7.86687929855478,172,ok,crepe
2021_analysed,channel_0,1.6546698758557563,98,ok,crepe
2021_analysed,channel_0,28.657431242399554,167,ok,crepe
2021_analysed,channel_0,8.078271113359426,136,ok,crepe
2021_analysed,channel_0,32.58115719263433,180,ok,crepe
2021_analysed,channel_0,28.041373973153334,192,ok,crepe
2021_analysed,channel_0,9.10320360504569,120,ok,crepe
2021_analysed,channel_0,1.8182214448491396,32,ok,crepe
2021_analysed,channel_0,32.13472817955776,145,ok,crepe
2021_analysed,channel_0,-1.368450152066618,73,ok,crepe
2021_analysed,channel_0,0.698121228502371,52,ok,crepe
2021_analysed,channel_0,0.062981824517291,113,ok,crepe
2021_analysed,channel_0,6.732279750615312,154,ok,crepe
2021_analysed,channel_0,22.02161072717068,184,ok,crepe
2021_analysed,channel_0,6.1570361551434925,174,ok,crepe
2021_analysed,channel_0,25.6152369827891,198,ok,crepe
2021_analysed,channel_0,31.888803952404654,172,ok,crepe
2021_analysed,channel_0,5.818458775910408,73,ok,crepe
2021_analysed,channel_0,9.746253707232094,130,ok,crepe
2021_analysed,channel_0,27.328315419631437,198,ok,crepe
2021_analysed,channel_0,5.5101030643610915,126,ok,crepe
2021_analysed,channel_0,4.913999199211068,102,ok,crepe
2021_analysed,channel_0,1.9102997020016368,154,ok,crepe
2021_analysed,channel_0,28.385190313470247,173,ok,crepe
2021_analysed,channel_0,30.14865667256837,198,ok,crepe
2021_analysed,channel_0,1.5381612829044378,159,ok,crepe
2021_analysed,channel_0,25.813677948645612,195,ok,crepe
2021_analysed,channel_0,-3.8332036520395842,97,ok,crepe
2021_analysed,channel_0,29.587279049341465,183,ok,crepe
2021_analysed,channel_0,25.752423122113317,191,ok,crepe
2021_analysed,channel_0,-2.8691069156339117,95,ok,crepe
2021_analysed,channel_0,2.9294364811128997,90,ok,crepe
2021_analysed,channel_0,2.932745611985639,100,ok,crepe
2021_analysed,channel_0,2.3645847403901623,112,ok,crepe
2021_analysed,channel_0,29.96546470152015,201,ok,crepe
2021_analysed,channel_0,10.980844637079855,134,ok,crepe
2021_analysed,channel_0,18.661052076380056,169,ok,crepe
2021_analysed,channel_0,28.48053930325073,188,ok,crepe
2021_analysed,channel_0,8.229064878239306,132,ok,crepe
2021_analysed,channel_0,4.17911358622368,71,ok,crepe
2021_analysed,channel_0,8.201902917611124,197,ok,crepe
2021_analysed,channel_0,15.66808744487525,137,ok,crepe
2021_analysed,channel_0,6.8239072482772345,132,ok,crepe
2021_analysed,channel_0,21.09895117082374,169,ok,crepe
2021_analysed,channel_0,33.70187597793191,197,ok,crepe
2021_analysed,channel_0,0.9150142280040165,47,ok,crepe
2021_analysed,channel_0,6.050003103873731,114,ok,crepe
2021_analysed,channel_0,21.8423470270166,171,ok,crepe
2021_analysed,channel_0,20.437836300065875,156,ok,crepe
2021_analysed,channel_0,5.954951104744271,123,ok,crepe
2021_analysed,channel_0,30.01375273022355,195,ok,crepe
2021_analysed,channel_0,1.6920573911788601,103,ok,crepe
2021_analysed,channel_0,-1.5773690421934419,131,ok,crepe
2021_analysed,channel_0,5.141517973432332,127,ok,crepe
2021_analysed,channel_0,21.93432528164366,114,ok,crepe
2021_analysed,channel_0,11.889473622318334,143,ok,crepe
2021_analysed,channel_0,-7.275554298088885,85,ok,crepe
2021_analysed,channel_0,6.3623232968580945,160,ok,crepe
2021_analysed,channel_0,22.48359193762105,188,ok,crepe
2021_analysed,channel_0,20.77823804457568,190,ok,crepe
2021_analysed,channel_0,22.26646210948388,189,ok,crepe
2021_analysed,channel_0,26.239375715703446,195,ok,crepe
2021_analysed,channel_0,24.059039383093335,152,ok,crepe
2021_analysed,channel_0,29.767410356162948,193,ok,crepe
2021_analysed,channel_0,17.100738019387776,183,ok,crepe
2021_analysed,channel_0,30.33883171958204,200,ok,crepe
2021_analysed,channel_0,16.860354410762838,147,ok,crepe
2021_analysed,channel_0,25.33695175696723,172,ok,crepe
2021_analysed,channel_0,11.682650272496923,202,ok,crepe
2021_analysed,channel_0,20.244213248525362,183,ok,crepe
2021_analysed,channel_0,30.205625892856563,191,ok,crepe
2021_analysed,channel_0,22.08548236236991,179,ok,crepe
2021_analysed,channel_0,2.5100012952252513,141,ok,crepe
2021_analysed,channel_0,3.209785340549419,117,ok,crepe
2021_analysed,channel_0,25.69328609140569,154,ok,crepe
2021_analysed,channel_0,0.6937250641271462,131,ok,crepe
2021_analysed,channel_0,10.435120661077754,151,ok,crepe
2021_analysed,channel_0,24.19127094269285,193,ok,crepe
2021_analysed,channel_0,16.350369410434226,190,ok,crepe
2021_analysed,channel_0,2.9787594432039484,104,ok,crepe
2021_analysed,channel_0,19.877786139414113,200,ok,crepe
2021_analysed,channel_0,24.54909397652161,186,ok,crepe
2021_analysed,channel_0,14.199344597737465,156,ok,crepe
2021_analysed,channel_0,0.08752807389981786,125,ok,crepe
2021_analysed,channel_0,14.192920773167039,150,ok,crepe
2021_analysed,channel_0,8.281729229380705,163,ok,crepe
2021_analysed,channel_0,21.926952619135967,184,ok,crepe
2021_analysed,channel_0,6.0483762043810465,93,ok,crepe
2021_analysed,channel_0,3.958045839237727,172,ok,crepe
2021_analysed,channel_0,23.04251672441639,188,ok,crepe
2021_analysed,channel_0,24.234105049588294,189,ok,crepe
2021_analysed,channel_0,16.720003049102623,149,ok,crepe
2021_analysed,channel_0,3.087715635911662,126,ok,crepe
2021_analysed,channel_0,30.432212810593736,174,ok,crepe
2021_analysed,channel_0,24.45536018294003,199,ok,crepe
2021_analysed,channel_0,1.0319913978317987,98,ok,crepe
2021_analysed,channel_0,25.964917541942647,179,ok,crepe
2021_analysed,channel_0,26.43736977329003,200,ok,crepe
2021_analysed,channel_0,5.942915245322679,151,ok,crepe
2021_analysed,channel_0,12.798797196473544,177,ok,crepe
2021_analysed,channel_0,10.818526849117145,149,ok,crepe
2021_analysed,channel_0,4.520715348779828,90,ok,crepe
2021_analysed,channel_0,5.0452384827148204,152,ok,crepe
2021_analysed,channel_0,17.61907502066036,139,ok,crepe
2021_analysed,channel_0,17.622371272988474,168,ok,crepe
2021_analysed,channel_0,22.24771280135507,182,ok,crepe
2021_analysed,channel_0,16.06736155082285,127,ok,crepe
2021_analysed,channel_0,1.2216832905613255,68,ok,crepe
2021_analysed,channel_0,11.129782991312265,153,ok,crepe
2021_analysed,channel_0,17.01396362913471,138,ok,crepe
2021_analysed,channel_0,7.8421098681379595,111,ok,crepe
2021_analysed,channel_0,21.875723722483947,158,ok,crepe
2021_analysed,channel_0,17.225395936137552,152,ok,crepe
2021_analysed,channel_0,17.961931004167013,153,ok,crepe
2021_analysed,channel_0,5.720971280455808,110,ok,crepe
2021_analysed,channel_0,6.795131502532482,173,ok,crepe
2021_analysed,channel_0,18.69584064655495,185,ok,crepe
2021_analysed,channel_0,4.1986172007430085,94,ok,crepe
2021_analysed,channel_0,11.848891650339226,117,ok,crepe
2021_analysed,channel_0,16.101253766179152,146,ok,crepe
2021_analysed,channel_0,28.180294913458614,196,ok,crepe
2021_analysed,channel_0,-3.146871722636427,6,ok,crepe
2021_analysed,channel_0,30.844715821984817,168,ok,crepe
2021_analysed,channel_0,28.057268318873376,198,ok,crepe
2021_analysed,channel_0,30.13325559562046,196,ok,crepe
2021_analysed,channel_0,25.862593307529018,189,ok,crepe
2021_analysed,channel_0,7.134078250490194,201,ok,crepe
2021_analysed,channel_0,21.2505487849309,186,ok,crepe
2021_analysed,channel_0,4.787671792279069,168,ok,crepe
2021_analysed,channel_0,24.53373905185305,187,ok,crepe
2021_analysed,channel_0,12.50210093768799,163,ok,crepe
2021_analysed,channel_0,6.611133601051263,115,ok,crepe
2021_analysed,channel_0,5.156634443439608,128,ok,crepe
2021_analysed,channel_0,29.714766534853197,190,ok,crepe
2021_analysed,channel_0,28.20039231085747,195,ok,crepe
2021_analysed,channel_0,26.558217467147834,189,ok,crepe
2021_analysed,channel_0,10.168018543676553,138,ok,crepe
2021_analysed,channel_0,31.460991433274387,187,ok,crepe
2021_analysed,channel_0,15.166493135388572,182,ok,crepe
2021_analysed,channel_0,1.346244620477672,58,ok,crepe
2021_analysed,channel_0,33.10861177431404,192,ok,crepe
2021_analysed,channel_0,27.571353022748365,197,ok,crepe
2021_analysed,channel_0,6.732222996590669,188,ok,crepe
2021_analysed,channel_0,10.519880270029127,91,ok,crepe
2021_analysed,channel_0,-1.0169262733201336,88,ok,crepe
2021_analysed,channel_0,5.175724494361007,127,ok,crepe
2021_analysed,channel_0,20.72056690041289,172,ok,crepe
2021_analysed,channel_0,1.5997266559856533,78,ok,crepe
2021_analysed,channel_0,18.483936896272155,180,ok,crepe
2021_analysed,channel_0,0.6838640498010196,130,ok,crepe
2021_analysed,channel_0,22.600339905436986,177,ok,crepe
2021_analysed,channel_0,6.316530331391503,99,ok,crepe
2021_analysed,channel_0,5.6626862622288545,126,ok,crepe
2021_analysed,channel_0,15.709934249404764,183,ok,crepe
2021_analysed,channel_0,17.42867894650316,122,ok,crepe
2021_analysed,channel_0,3.3627094720883797,89,ok,crepe
2021_analysed,channel_0,15.823422630984943,203,ok,crepe
2021_analysed,channel_0,11.484173812716804,144,ok,crepe
2021_analysed,channel_0,-2.7600496815654427,65,ok,crepe
2021_analysed,channel_0,5.28308618264313,104,ok,crepe
2021_analysed,channel_0,2.9678963410113695,102,ok,crepe
2021_analysed,channel_0,-1.3939761351802702,30,ok,crepe
2021_analysed,channel_0,30.094154870839752,169,ok,crepe
2021_analysed,channel_0,10.023294516540497,155,ok,crepe
2021_analysed,channel_0,11.125477912755413,161,ok,crepe
2021_analysed,channel_0,19.57569131594511,132,ok,crepe
2021_analysed,channel_0,26.009107803528046,199,ok,crepe
2021_analysed,channel_0,2.2418839761853966,160,ok,crepe
2021_analysed,channel_0,1.015725319028082,92,ok,crepe
2021_analysed,channel_0,-2.0085165182872307,125,ok,crepe
2021_analysed,channel_0,31.79650859009905,194,ok,crepe
2021_analysed,channel_0,15.861891003777941,144,ok,crepe
2021_analysed,channel_0,6.7898882601519315,175,ok,crepe
2021_analysed,channel_0,3.004777102484755,126,ok,crepe
2021_analysed,channel_0,18.01658917673347,175,ok,crepe
2021_analysed,channel_0,3.0355153556438763,117,ok,crepe
2021_analysed,channel_0,19.52413734084956,198,ok,crepe
2021_analysed,channel_0,-3.03828008317204,158,ok,crepe
2021_analysed,channel_0,22.764439549182597,194,ok,crepe
2021_analysed,channel_0,5.964486720403941,103,ok,crepe
2021_analysed,channel_0,-0.9417847502253778,71,ok,crepe
2021_analysed,channel_0,27.63872790610327,162,ok,crepe
2021_analysed,channel_0,0.9081421031931969,102,ok,crepe
2021_analysed,channel_0,14.915610184211175,147,ok,crepe
2021_analysed,channel_0,29.29895160456429,197,ok,crepe
2021_analysed,channel_0,9.857887791731201,85,ok,crepe
2021_analysed,channel_0,21.61505011731675,176,ok,crepe
2023_analysed,channel_1,-3.480342657054409,90,ok,crepe
2023_analysed,channel_0,-5.619233436713042,109,ok,crepe
2023_analysed,channel_0,6.276773921667993,125,ok,crepe
2023_analysed,channel_0,0.8774659887570626,114,ok,crepe
2023_analysed,channel_1,-3.2598996457022933,57,ok,crepe
2023_analysed,channel_1,-3.836536647759767,143,ok,crepe
2023_analysed,channel_1,1.9003783720334328,144,ok,crepe
2023_analysed,channel_0,-4.0409709481019735,123,ok,crepe
2023_analysed,channel_1,-4.619616195743893,87,ok,crepe
2023_analysed,channel_1,2.2931880660543023,130,ok,crepe
2023_analysed,channel_0,8.223543505242967,141,ok,crepe
2023_analysed,channel_2,-6.080772567948393,151,ok,crepe
2023_analysed,channel_0,-2.928886943887097,94,ok,crepe
2023_analysed,channel_0,-4.973988095944097,106,ok,crepe
2023_analysed,channel_0,-1.6711606947174347,130,ok,crepe
2023_analysed,channel_1,0.3597721657428292,137,ok,crepe
2023_analysed,channel_1,-0.7341526707730989,90,ok,crepe
2023_analysed,channel_0,6.494758904436756,57,ok,crepe
2023_analysed,channel_1,-4.434536555035083,111,ok,crepe
2023_analysed,channel_0,-4.713513279109204,105,ok,crepe
2023_analysed,channel_0,12.430585883769577,180,ok,crepe
2023_analysed,channel_0,2.9955615409465013,139,ok,crepe
2023_analysed,channel_1,18.61634738233567,116,ok,crepe
2023_analysed,channel_0,-4.281584531862698,88,ok,crepe
2023_analysed,channel_0,2.4069071378200992,79,ok,crepe
2023_analysed,channel_1,17.16207437507528,205,ok,crepe
2023_analysed,channel_1,-8.316395527099129,72,ok,crepe
2023_analysed,channel_0,-3.8288292619606668,114,ok,crepe
2023_analysed,channel_1,18.749374887541233,120,ok,crepe
2023_analysed,channel_1,-2.9722175230500163,148,ok,crepe
2023_analysed,channel_1,2.151330349121773,123,ok,crepe
2023_analysed,channel_1,2.5893024406157332,123,ok,crepe
2023_analysed,channel_0,-1.9258796740325757,138,ok,crepe
2023_analysed,channel_1,11.364609020579898,70,ok,crepe
2023_analysed,channel_0,2.2787648617666183,137,ok,crepe
2023_analysed,channel_0,6.739143201083935,141,ok,crepe
2023_analysed,channel_1,-2.792242427439483,114,ok,crepe
2023_analysed,channel_1,-0.011034750452203368,64,ok,crepe
2023_analysed,channel_0,-0.6013432166555189,114,ok,crepe
2023_analysed,channel_0,4.311654400867137,37,ok,crepe
2023_analysed,channel_0,-1.8786412294608732,109,ok,crepe
2023_analysed,channel_1,-6.32350760909017,90,ok,crepe
2023_analysed,channel_0,6.601405603135979,143,ok,crepe
2023_analysed,channel_0,-3.4635192410737488,101,ok,crepe
2023_analysed,channel_0,3.211274035322877,105,ok,crepe
2023_analysed,channel_1,6.125951798027327,125,ok,crepe
2023_analysed,channel_1,0.9827854921467,105,ok,crepe
2023_analysed,channel_1,-2.9072011732148835,98,ok,crepe
2023_analysed,channel_0,-0.202951722396191,134,ok,crepe
2023_analysed,channel_1,5.831590345054318,131,ok,crepe
2023_analysed,channel_0,-5.038095688306393,131,ok,crepe
2023_analysed,channel_1,-1.0939335694499805,58,ok,crepe
2023_analysed,channel_0,-2.4859330156236967,79,ok,crepe
2023_analysed,channel_1,1.3049049034538698,81,ok,crepe
2023_analysed,channel_0,-0.9901622145829453,107,ok,crepe
2023_analysed,channel_0,7.442626958317792,163,ok,crepe
2023_analysed,channel_1,1.3619593080683434,83,ok,crepe
2023_analysed,channel_1,8.266662568155574,176,ok,crepe
2023_analysed,channel_1,2.743394318285728,159,ok,crepe
2023_analysed,channel_0,-1.706124990373858,77,ok,crepe
2023_analysed,channel_1,3.446236522231004,151,ok,crepe
2023_analysed,channel_0,-2.2582325303175828,141,ok,crepe
2023_analysed,channel_0,5.600697397733681,72,ok,crepe
2023_analysed,channel_0,8.50029097562247,182,ok,crepe
2023_analysed,channel_0,-4.855357626158715,92,ok,crepe
2023_analysed,channel_0,-1.070425836685236,109,ok,crepe
2023_analysed,channel_0,9.541264453051133,148,ok,crepe
2023_analysed,channel_1,3.8931347854132814,126,ok,crepe
2023_analysed,channel_0,0.48981567879451654,68,ok,crepe
2023_analysed,channel_0,10.566701317465181,166,ok,crepe
2023_analysed,channel_0,-3.548997025563611,91,ok,crepe
2023_analysed,channel_0,-1.9841063632660427,156,ok,crepe
2023_analysed,channel_2,-10.608285779818946,99,ok,crepe
2023_analysed,channel_1,1.2401057965101068,43,ok,crepe
2023_analysed,channel_1,8.665754206719598,195,ok,crepe
2023_analysed,channel_2,-6.101813913392117,121,ok,crepe
2023_analysed,channel_0,5.515688662049025,65,ok,crepe
2023_analysed,channel_1,8.962778198866095,161,ok,crepe
2023_analysed,channel_1,5.56370622739278,76,ok,crepe
2023_analysed,channel_1,-6.367207114159179,61,ok,crepe
2023_analysed,channel_1,0.9062369541911525,134,ok,crepe
2023_analysed,channel_1,0.39466037573332446,111,ok,crepe
2023_analysed,channel_0,2.863191709145287,46,ok,crepe
2023_analysed,channel_1,0.501510523779692,76,ok,crepe
2023_analysed,channel_1,-4.354238810956406,93,ok,crepe
2023_analysed,channel_1,0.9938704516139919,106,ok,crepe
2023_analysed,channel_0,15.411062318500479,105,ok,crepe
2023_analysed,channel_1,2.349539890743658,149,ok,crepe
2023_analysed,channel_0,5.540488838286565,170,ok,crepe
2023_analysed,channel_1,5.632026846169889,63,ok,crepe
2023_analysed,channel_1,1.931420884801374,76,ok,crepe
2023_analysed,channel_0,4.781186557330877,100,ok,crepe
2023_analysed,channel_1,8.91025497539425,180,ok,crepe
2023_analysed,channel_0,-0.008955984661611224,63,ok,crepe
2023_analysed,channel_1,0.5282346407428844,107,ok,crepe
2023_analysed,channel_0,5.200221927879167,55,ok,crepe
2023_analysed,channel_0,-2.4673633482476065,105,ok,crepe
2023_analysed,channel_0,0.7074835976304688,100,ok,crepe
2023_analysed,channel_1,10.581206253099847,149,ok,crepe
2023_analysed,channel_0,1.7299080685246984,113,ok,crepe
2023_analysed,channel_1,2.4743638436247095,134,ok,crepe
2023_analysed,channel_1,0.5811535820099676,132,ok,crepe
2023_analysed,channel_1,1.2666951829584066,55,ok,crepe
2023_analysed,channel_0,8.147056777239769,193,ok,crepe
2023_analysed,channel_0,-1.1149285158168043,124,ok,crepe
2023_analysed,channel_0,6.757474370193838,164,ok,crepe
2023_analysed,channel_0,5.72646789920329,143,ok,crepe
2023_analysed,channel_0,2.948314447765968,36,ok,crepe
2023_analysed,channel_1,1.5716572767279153,139,ok,crepe
2023_analysed,channel_1,-5.143258306407521,57,ok,crepe
2023_analysed,channel_0,0.2731484751170265,130,ok,crepe
2023_analysed,channel_1,-0.017731210897005634,143,ok,crepe
2023_analysed,channel_0,-3.1218892364943134,119,ok,crepe
2023_analysed,channel_0,-3.471156430051325,70,ok,crepe
2023_analysed,channel_1,1.8976019766004157,100,ok,crepe
2023_analysed,channel_1,-4.782869602915797,97,ok,crepe
2023_analysed,channel_0,0.006003326732847501,103,ok,crepe
2023_analysed,channel_0,-3.9137702150666245,129,ok,crepe
2023_analysed,channel_2,-14.153748067153973,178,ok,crepe
2023_analysed,channel_1,-1.5804088161275207,80,ok,crepe
2023_analysed,channel_1,9.036675970773105,158,ok,crepe
2023_analysed,channel_0,-3.984565322840936,131,ok,crepe
2023_analysed,channel_0,5.287715266751264,168,ok,crepe
2023_analysed,channel_0,-2.181248445137574,109,ok,crepe
2023_analysed,channel_1,0.27321262336300967,115,ok,crepe
2023_analysed,channel_1,-0.18702985206459904,156,ok,crepe
2023_analysed,channel_0,-1.041739566819714,80,ok,crepe
2023_analysed,channel_2,3.621342836422258,166,ok,crepe
2023_analysed,channel_0,9.645394775943165,138,ok,crepe
2023_analysed,channel_0,5.138763456552839,120,ok,crepe
2023_analysed,channel_0,13.721360222244233,69,ok,crepe
2023_analysed,channel_0,-4.391315549380467,73,ok,crepe
2023_analysed,channel_1,4.038208895259369,153,ok,crepe
2023_analysed,channel_0,-6.144915601453615,61,ok,crepe
2023_analysed,channel_1,-124.87453542664952,71,ok,crepe
2023_analysed,channel_1,9.539581378495765,135,ok,crepe
2023_analysed,channel_0,8.38785872099824,110,ok,crepe
2023_analysed,channel_0,-2.51508419621002,104,ok,crepe
2023_analysed,channel_0,7.297083251542322,173,ok,crepe
2023_analysed,channel_1,-0.7506716883159282,63,ok,crepe
2023_analysed,channel_0,8.159585569183744,88,ok,crepe
2023_analysed,channel_1,8.874887022936726,116,ok,crepe
2023_analysed,channel_0,3.9950703191788106,147,ok,crepe
2023_analysed,channel_0,2.942936265602563,161,ok,crepe
2023_analysed,channel_1,14.774249348102062,183,ok,crepe
2023_analysed,channel_0,-0.9531485153696249,123,ok,crepe
2023_analysed,channel_0,5.985102705964229,100,ok,crepe
2023_analysed,channel_0,-0.24281069078644735,98,ok,crepe
2023_analysed,channel_1,-0.9898148482888354,100,ok,crepe
2023_analysed,channel_1,9.046206122321504,110,ok,crepe
2023_analysed,channel_0,-116.05898046039927,99,ok,crepe
2023_analysed,channel_1,-3.23846848512783,82,ok,crepe
2023_analysed,channel_1,6.504587892149594,114,ok,crepe
2023_analysed,channel_1,0.30001694297791215,125,ok,crepe
2023_analysed,channel_0,2.058125650967371,147,ok,crepe
2023_analysed,channel_1,5.827304983891773,135,ok,crepe
2023_analysed,channel_0,-4.8093694453980635,143,ok,crepe
2023_analysed,channel_0,-1.4597907120495521,115,ok,crepe
2023_analysed,channel_0,10.327694588701263,144,ok,crepe
2023_analysed,channel_0,-0.9260101271677877,113,ok,crepe
2023_analysed,channel_1,-2.8894943083583406,130,ok,crepe
2023_analysed,channel_0,-1.7633454926452796,80,ok,crepe
2023_analysed,channel_0,-1.9067828082261673,78,ok,crepe
2023_analysed,channel_0,-1.6627189963854847,139,ok,crepe
2023_analysed,channel_0,10.476554110780294,112,ok,crepe
2023_analysed,channel_0,-3.946717088616688,111,ok,crepe
2023_analysed,channel_1,2.7179931973085605,94,ok,crepe
2023_analysed,channel_0,-0.9760269394272258,125,ok,crepe
2023_analysed,channel_1,1.1978758861914949,119,ok,crepe
2023_analysed,channel_1,-3.170916899277652,82,ok,crepe
2023_analysed,channel_1,1.9849781076230912,114,ok,crepe
2023_analysed,channel_0,-0.9763067897331835,99,ok,crepe
2023_analysed,channel_1,6.06096597224997,145,ok,crepe
2023_analysed,channel_2,-2.681683048875299,127,ok,crepe
2023_analysed,channel_1,-2.318952882954022,107,ok,crepe
2023_analysed,channel_0,6.171487735827954,103,ok,crepe
2023_analysed,channel_1,8.075627809864102,128,ok,crepe
2023_analysed,channel_2,-9.172992938535135,100,ok,crepe
2023_analysed,channel_0,-1.4459909281968222,129,ok,crepe
2023_analysed,channel_1,3.9015341983610092,80,ok,crepe
2023_analysed,channel_0,3.874294870320612,145,ok,crepe
2023_analysed,channel_0,-1.5433311410595965,106,ok,crepe
2023_analysed,channel_2,-4.677635198002223,175,ok,crepe
2023_analysed,channel_1,5.358815530490424,142,ok,crepe
2023_analysed,channel_1,-1.5434141512340598,70,ok,crepe
2023_analysed,channel_2,-8.006771770950419,181,ok,crepe
2023_analysed,channel_1,0.4256913631212771,110,ok,crepe
2023_analysed,channel_0,-2.002166675599269,117,ok,crepe
2023_analysed,channel_1,8.398872377952241,135,ok,crepe
2023_analysed,channel_1,1.363570723103309,81,ok,crepe
2023_analysed,channel_1,2.3663758447939283,114,ok,crepe
2023_analysed,channel_1,1.8790323580341364,112,ok,crepe
2023_analysed,channel_0,14.37880342513341,195,ok,crepe
2023_analysed,channel_1,-1.4915982937806431,105,ok,crepe
2023_analysed,channel_0,2.5301593605543315,117,ok,crepe
2023_analysed,channel_1,6.331309246203228,133,ok,crepe
2023_analysed,channel_0,0.5191656476441191,106,ok,crepe
2023_analysed,channel_1,-4.979231529379385,86,ok,crepe
2023_analysed,channel_1,5.5278012116409245,188,ok,crepe
2023_analysed,channel_0,-2.73610496004057,72,ok,crepe
2023_analysed,channel_1,1.7641497676161635,131,ok,crepe
2023_analysed,channel_0,6.009113983919267,158,ok,crepe
2023_analysed,channel_0,8.846173911553786,122,ok,crepe
2023_analysed,channel_0,-3.8169339898970494,103,ok,crepe
2023_analysed,channel_0,-2.6669843793716437,123,ok,crepe
2023_analysed,channel_0,-4.712747286068454,119,ok,crepe
2023_analysed,channel_0,15.856405703469933,149,ok,crepe
2023_analysed,channel_1,4.713246410356514,95,ok,crepe
2023_analysed,channel_1,12.370770805002005,175,ok,crepe
2023_analysed,channel_1,8.185814128395597,168,ok,crepe
2023_analysed,channel_1,5.84988729604504,103,ok,crepe
2023_analysed,channel_0,11.788724681721195,161,ok,crepe
2023_analysed,channel_0,4.105820796806015,109,ok,crepe
2023_analysed,channel_0,7.607053012677034,122,ok,crepe
2023_analysed,channel_1,-0.1656135486769024,124,ok,crepe
2023_analysed,channel_0,4.76579492614389,164,ok,crepe
2023_analysed,channel_1,-0.9151935818360536,98,ok,crepe
2023_analysed,channel_0,0.9576829367586763,48,ok,crepe
2023_analysed,channel_1,5.517779023585626,103,ok,crepe
2023_analysed,channel_1,5.260320388992468,136,ok,crepe
2023_analysed,channel_0,13.82021317537527,169,ok,crepe
2023_analysed,channel_1,3.2318571304975965,117,ok,crepe
2023_analysed,channel_1,3.2473405442081433,158,ok,crepe
2023_analysed,channel_0,18.40626621706871,199,ok,crepe
2023_analysed,channel_0,-3.3195187532525456,83,ok,crepe
2023_analysed,channel_1,3.3002184362372846,80,ok,crepe
2023_analysed,channel_1,3.5084846458164227,92,ok,crepe
2023_analysed,channel_1,7.16694990559382,119,ok,crepe
2023_analysed,channel_0,6.799627448839274,136,ok,crepe
2023_analysed,channel_1,0.6304769415968136,115,ok,crepe
2023_analysed,channel_0,5.341067345188126,111,ok,crepe
2023_analysed,channel_0,-1.026318192911192,91,ok,crepe
2023_analysed,channel_1,-8.460550479707196,78,ok,crepe
2023_analysed,channel_1,4.276616127457481,111,ok,crepe
2023_analysed,channel_1,1.5845533152556477,85,ok,crepe
2023_analysed,channel_1,6.402634662775359,122,ok,crepe
2023_analysed,channel_1,-2.8588425739429724,52,ok,crepe
2023_analysed,channel_0,-8.041002040857208,121,ok,crepe
2023_analysed,channel_1,5.509433364872552,103,ok,crepe
2023_analysed,channel_1,6.676251375786223,76,ok,crepe
2023_analysed,channel_1,5.541990588279525,130,ok,crepe
2023_analysed,channel_0,-1.1322440529258249,101,ok,crepe
2023_analysed,channel_1,4.984094538900531,123,ok,crepe
2023_analysed,channel_0,8.967924264861088,72,ok,crepe
2023_analysed,channel_0,-3.6354833626713,114,ok,crepe
2023_analysed,channel_0,2.980734640243124,161,ok,crepe
2023_analysed,channel_1,0.7462190846625381,87,ok,crepe
2023_analysed,channel_0,-1.41014002836656,97,ok,crepe
2023_analysed,channel_1,4.142293710742612,111,ok,crepe
2023_analysed,channel_0,-0.03149614642316374,111,ok,crepe
2023_analysed,channel_1,6.120533628626827,152,ok,crepe
2023_analysed,channel_1,-0.3496620825219904,115,ok,crepe
2023_analysed,channel_1,15.09642980852973,172,ok,crepe
2023_analysed,channel_0,-0.4147462877442671,89,ok,crepe
2023_analysed,channel_1,1.7866713286692402,49,ok,crepe
2023_analysed,channel_0,-6.211722555014699,114,ok,crepe
2023_analysed,channel_0,9.722663919519075,179,ok,crepe
2023_analysed,channel_0,16.602540365709316,167,ok,crepe
2023_analysed,channel_2,-6.073055745426111,111,ok,crepe
2023_analysed,channel_0,2.4741740048829346,94,ok,crepe
2023_analysed,channel_1,0.2503061270571944,157,ok,crepe
2023_analysed,channel_0,8.581872847560662,140,ok,crepe
2023_analysed,channel_1,-7.447234694422777,92,ok,crepe
2023_analysed,channel_0,2.647115829875235,139,ok,crepe
2023_analysed,channel_0,-8.910500489987534,128,ok,crepe
2023_analysed,channel_2,-3.118621355259311,131,ok,crepe
2023_analysed,channel_0,4.379140404433145,69,ok,crepe
2023_analysed,channel_0,-3.536181196144921,136,ok,crepe
2023_analysed,channel_1,-2.230957989657885,151,ok,crepe
2023_analysed,channel_0,6.189664914994567,143,ok,crepe
2023_analysed,channel_1,10.59094083459067,199,ok,crepe
2023_analysed,channel_1,-1.257023505969059,146,ok,crepe
2023_analysed,channel_1,-4.537164369313466,131,ok,crepe
2023_analysed,channel_1,-1.917976024645438,97,ok,crepe
2023_analysed,channel_0,-1.743321220010329,112,ok,crepe
2023_analysed,channel_0,-1.5431797643092087,90,ok,crepe
2023_analysed,channel_1,2.4541854756862853,47,ok,crepe
2023_analysed,channel_1,-16.386094135233602,142,ok,crepe
2023_analysed,channel_1,-150.99102912431346,31,ok,crepe
2023_analysed,channel_1,-2.6527517370900737,119,ok,crepe
2023_analysed,channel_1,3.649824813392807,73,ok,crepe
2023_analysed,channel_0,-2.4955200573256917,133,ok,crepe
2023_analysed,channel_1,5.857596377696811,147,ok,crepe
2023_analysed,channel_0,7.667374007794288,180,ok,crepe
2023_analysed,channel_0,2.7436481077589447,63,ok,crepe
2023_analysed,channel_2,-4.586385919507304,106,ok,crepe
2023_analysed,channel_0,7.615789178863057,142,ok,crepe
2023_analysed,channel_0,-8.880284751039616,80,ok,crepe
2023_analysed,channel_0,6.87164956769948,77,ok,crepe
2023_analysed,channel_0,12.898494793470913,160,ok,crepe
2023_analysed,channel_1,0.6404919508817224,119,ok,crepe
2023_analysed,channel_0,13.290040440355373,192,ok,crepe
2023_analysed,channel_0,14.910613851750261,134,ok,crepe
2023_analysed,channel_1,1.5493710249918178,71,ok,crepe
2023_analysed,channel_1,-2.4012012078592564,72,ok,crepe
2023_analysed,channel_1,-0.8984974929331581,45,ok,crepe
2023_analysed,channel_1,-4.3869326200487695,100,ok,crepe
2023_analysed,channel_0,-5.164473713693491,40,ok,crepe
2023_analysed,channel_0,9.266753059500214,174,ok,crepe
2023_analysed,channel_0,-0.39129391288213494,107,ok,crepe
2023_analysed,channel_0,-1.1454112231217082,122,ok,crepe
2023_analysed,channel_1,-0.7814371822810139,94,ok,crepe
2023_analysed,channel_1,10.850371635159775,125,ok,crepe
2023_analysed,channel_0,2.707301624218978,92,ok,crepe
2023_analysed,channel_0,11.508271101917703,189,ok,crepe
2023_analysed,channel_1,-114.31424140757416,34,ok,crepe
2023_analysed,channel_0,7.415177566256923,146,ok,crepe
2023_analysed,channel_1,3.760502031943305,168,ok,crepe
2023_analysed,channel_1,-1.6420241222738239,117,ok,crepe
2023_analysed,channel_0,-3.4141126355318234,35,ok,crepe
2023_analysed,channel_1,13.315784100795671,203,ok,crepe
2023_analysed,channel_0,-1.0942691535518725,80,ok,crepe
2023_analysed,channel_1,10.572851366081862,133,ok,crepe
2023_analysed,channel_1,12.140996097666008,144,ok,crepe
2023_analysed,channel_1,2.1354222805773833,122,ok,crepe
2023_analysed,channel_1,17.30350705518195,153,ok,crepe
2023_analysed,channel_0,-3.5298639413935144,133,ok,crepe
2023_analysed,channel_0,-4.150534111188257,82,ok,crepe
2023_analysed,channel_2,-4.782898458823111,109,ok,crepe
2023_analysed,channel_0,-4.997033498820805,115,ok,crepe
2023_analysed,channel_1,1.404917483138631,138,ok,crepe
2023_analysed,channel_0,0.43216467167341854,65,ok,crepe
2023_analysed,channel_1,-0.5076332211467295,116,ok,crepe
2023_analysed,channel_1,2.906077522414761,159,ok,crepe
2023_analysed,channel_1,2.35769797960218,175,ok,crepe
2023_analysed,channel_1,10.496245158412387,101,ok,crepe
2023_analysed,channel_1,3.99595307816476,155,ok,crepe
2023_analysed,channel_1,3.4641046982173513,132,ok,crepe
2023_analysed,channel_1,-0.04176677642390768,88,ok,crepe
2023_analysed,channel_0,12.433113661877993,37,ok,crepe
2023_analysed,channel_0,-2.941022008729823,103,ok,crepe
2023_analysed,channel_1,4.256942227225025,141,ok,crepe
2023_analysed,channel_1,3.3919885152384417,26,ok,crepe
2023_analysed,channel_0,-3.1664156154469585,76,ok,crepe
2023_analysed,channel_0,0.29266929654570717,109,ok,crepe
2023_analysed,channel_1,-0.8537584142830423,55,ok,crepe
2023_analysed,channel_1,1.144149121370473,166,ok,crepe
2023_analysed,channel_2,-8.355732820228036,100,ok,crepe
2023_analysed,channel_1,4.526497226231805,119,ok,crepe
2023_analysed,channel_1,4.28756464144671,137,ok,crepe
2023_analysed,channel_1,0.730743913003981,119,ok,crepe
2023_analysed,channel_0,6.65313403403843,171,ok,crepe
2023_analysed,channel_0,-6.134115187165323,119,ok,crepe
2023_analysed,channel_0,-2.2722780824955167,97,ok,crepe
2023_analysed,channel_0,-0.8815217559763602,111,ok,crepe
2023_analysed,channel_2,-3.9982431347265166,165,ok,crepe
2023_analysed,channel_1,1.9208470611721538,27,ok,crepe
2023_analysed,channel_0,0.7103017846672937,117,ok,crepe
2023_analysed,channel_1,-1.1023813412666292,130,ok,crepe
2023_analysed,channel_0,5.906794500644205,144,ok,crepe
2023_analysed,channel_0,5.441612861886806,90,ok,crepe
2023_analysed,channel_0,-2.8049235228266656,117,ok,crepe
2023_analysed,channel_0,-2.365720292318109,106,ok,crepe
2023_analysed,channel_1,2.1445123419633645,89,ok,crepe
2023_analysed,channel_0,-1.6976995603302716,91,ok,crepe
2023_analysed,channel_0,13.204553244128938,161,ok,crepe
2023_analysed,channel_0,-4.8191782134556576,75,ok,crepe
2023_analysed,channel_0,7.588464765701044,151,ok,crepe
2023_analysed,channel_0,-4.079881617471063,102,ok,crepe
2023_analysed,channel_1,7.9710661643944105,131,ok,crepe
2023_analysed,channel_0,3.8944883845422265,90,ok,crepe
2023_analysed,channel_1,4.593169497576034,118,ok,crepe
2023_analysed,channel_0,-0.38488240839795357,137,ok,crepe
2023_analysed,channel_0,6.370802620516519,128,ok,crepe
2023_analysed,channel_1,-0.011170861674398935,138,ok,crepe
2023_analysed,channel_1,3.3846699091204426,126,ok,crepe
2023_analysed,channel_0,-1.7709215816251298,114,ok,crepe
2023_analysed,channel_0,-6.195884463259539,88,ok,crepe
2023_analysed,channel_0,7.1416050021340025,130,ok,crepe
2023_analysed,channel_0,-0.19292715238354294,30,ok,crepe
2023_analysed,channel_0,-1.762930460613501,130,ok,crepe
2023_analysed,channel_1,4.709654825174528,55,ok,crepe
2023_analysed,channel_0,-3.2562223075229113,107,ok,crepe
2023_analysed,channel_1,4.541887823045142,153,ok,crepe
2023_analysed,channel_1,15.35598322782754,140,ok,crepe
2023_analysed,channel_1,-6.301392878594861,66,ok,crepe
2023_analysed,channel_1,-119.60281031020207,90,ok,crepe
2023_analysed,channel_1,-3.0940887724958404,37,ok,crepe
2023_analysed,channel_0,28.415701418329395,203,ok,crepe
2023_analysed,channel_1,1.858569933456518,86,ok,crepe
2023_analysed,channel_0,2.85060256800951,151,ok,crepe
2023_analysed,channel_1,10.442054492083702,183,ok,crepe
2023_analysed,channel_1,-6.2829638361451146,120,ok,crepe
2023_analysed,channel_0,8.27257535517543,108,ok,crepe
2023_analysed,channel_1,7.056871924921023,165,ok,crepe
2023_analysed,channel_1,4.880211447670614,149,ok,crepe
2023_analysed,channel_1,8.504756676035354,159,ok,crepe
2023_analysed,channel_1,5.266819815796988,146,ok,crepe
2023_analysed,channel_1,-2.144147467161389,105,ok,crepe
2023_analysed,channel_0,-2.9979961282967604,121,ok,crepe
2023_analysed,channel_1,7.537186464470538,79,ok,crepe
2023_analysed,channel_1,9.250499929029273,143,ok,crepe
2023_analysed,channel_1,2.118604745526054,108,ok,crepe
2023_analysed,channel_1,4.821748227741839,139,ok,crepe
2023_analysed,channel_1,3.63495049372017,104,ok,crepe
2023_analysed,channel_0,2.884671821511773,163,ok,crepe
2023_analysed,channel_0,10.756392962777175,185,ok,crepe
2023_analysed,channel_1,3.9770007578107194,41,ok,crepe
2023_analysed,channel_0,-123.58107275005787,51,ok,crepe
2023_analysed,channel_1,1.560287589396555,166,ok,crepe
2023_analysed,channel_1,10.095212469288473,168,ok,crepe
2023_analysed,channel_1,-1.510614441436279,84,ok,crepe
2023_analysed,channel_1,-4.075272163527995,108,ok,crepe
2023_analysed,channel_1,9.465791948091919,182,ok,crepe
2023_analysed,channel_0,10.901768524815814,149,ok,crepe
2023_analysed,channel_1,4.044342629395441,83,ok,crepe
2023_analysed,channel_1,19.179831299141938,188,ok,crepe
2023_analysed,channel_0,-1.624852647242777,133,ok,crepe
2023_analysed,channel_1,-3.7691817486792396,119,ok,crepe
2023_analysed,channel_2,-6.88065111334498,88,ok,crepe
2023_analysed,channel_1,-6.70895852687205,32,ok,crepe
2023_analysed,channel_1,3.839238518137247,153,ok,crepe
2023_analysed,channel_0,14.23845225113884,143,ok,crepe
2023_analysed,channel_0,4.759859295081108,126,ok,crepe
2023_analysed,channel_1,-11.106729880589022,75,ok,crepe
2023_analysed,channel_1,9.664039475538308,187,ok,crepe
2023_analysed,channel_0,2.858798272696955,134,ok,crepe
2023_analysed,channel_1,20.63946028680936,158,ok,crepe
2023_analysed,channel_0,-7.381642698376243,51,ok,crepe
2023_analysed,channel_1,0.6038331569025821,110,ok,crepe
2023_analysed,channel_1,-5.050800380644159,106,ok,crepe
2023_analysed,channel_0,-3.2369995224674035,93,ok,crepe
2023_analysed,channel_1,-0.7428811787195366,114,ok,crepe
2023_analysed,channel_1,1.020956810902787,128,ok,crepe
2023_analysed,channel_0,-0.6805140333514277,119,ok,crepe
2023_analysed,channel_1,-0.39206811939472996,114,ok,crepe
2023_analysed,channel_0,-3.2969755001184007,128,ok,crepe
2023_analysed,channel_1,3.0429899625472046,143,ok,crepe
2023_analysed,channel_1,-4.382487685697132,93,ok,crepe
2023_analysed,channel_0,-5.063304984484974,106,ok,crepe
2023_analysed,channel_1,-2.080626094842808,87,ok,crepe
2023_analysed,channel_0,7.1975970209397495,150,ok,crepe
2023_analysed,channel_0,-4.681949567153556,87,ok,crepe
2023_analysed,channel_0,2.516114220430076,173,ok,crepe
2023_analysed,channel_1,2.4899886843030816,36,ok,crepe
2023_analysed,channel_1,12.046617587753216,135,ok,crepe
2023_analysed,channel_0,-1.4021486255314093,108,ok,crepe
2023_analysed,channel_1,-1.2184281781615907,108,ok,crepe
2023_analysed,channel_1,-0.9004562604426514,80,ok,crepe
2023_analysed,channel_0,12.147542958252826,169,ok,crepe
2023_analysed,channel_1,9.533635466601574,146,ok,crepe
2023_analysed,channel_1,15.204182717537675,145,ok,crepe
2023_analysed,channel_1,-128.07179432851666,73,ok,crepe
2023_analysed,channel_2,-4.950548400897189,112,ok,crepe
2023_analysed,channel_0,6.128862098115773,139,ok,crepe
2023_analysed,channel_0,3.1919245910687577,162,ok,crepe
2023_analysed,channel_1,5.565257725827727,102,ok,crepe
2023_analysed,channel_1,2.5657657896641113,62,ok,crepe
2023_analysed,channel_1,4.62490575530336,175,ok,crepe
2023_analysed,channel_1,15.983801196184082,160,ok,crepe
2023_analysed,channel_1,5.11705223834238,133,ok,crepe
2023_analysed,channel_0,-3.4399910961923155,124,ok,crepe
2023_analysed,channel_0,-1.49287159482427,115,ok,crepe
2023_analysed,channel_0,5.184487023668306,151,ok,crepe
2023_analysed,channel_1,-2.580746849114668,94,ok,crepe
2023_analysed,channel_0,10.24091853989425,112,ok,crepe
2023_analysed,channel_1,6.1257029007943515,148,ok,crepe
2023_analysed,channel_0,10.193294892348295,129,ok,crepe
2023_analysed,channel_1,4.015360334178514,144,ok,crepe
2023_analysed,channel_0,6.677144682141815,39,ok,crepe
2023_analysed,channel_0,-2.9614028191724606,120,ok,crepe
2023_analysed,channel_0,7.505694240611508,164,ok,crepe
2023_analysed,channel_0,-2.7194985036357715,123,ok,crepe
2023_analysed,channel_0,-1.4837480244635914,73,ok,crepe
2023_analysed,channel_1,6.664092178586946,124,ok,crepe
2023_analysed,channel_1,9.533378558819113,146,ok,crepe
2023_analysed,channel_1,1.046027511654012,157,ok,crepe
2023_analysed,channel_0,-3.2996436212290576,129,ok,crepe
2023_analysed,channel_0,-3.0026832821721094,115,ok,crepe
2023_analysed,channel_1,5.322372599395274,138,ok,crepe
2023_analysed,channel_1,-0.738948156724546,130,ok,crepe
2023_analysed,channel_1,-11.982560583623203,112,ok,crepe
2023_analysed,channel_1,10.78411958804085,150,ok,crepe
2023_analysed,channel_0,-4.237293725487467,124,ok,crepe
2023_analysed,channel_1,-0.24098268059732963,70,ok,crepe
2023_analysed,channel_1,4.377559056099213,139,ok,crepe
2023_analysed,channel_0,-3.5904789626468365,115,ok,crepe
2023_analysed,channel_0,0.7765729842560603,121,ok,crepe
2023_analysed,channel_1,-2.6458564749275797,90,ok,crepe
2023_analysed,channel_1,5.77791327563153,149,ok,crepe
2023_analysed,channel_0,-1.926558911093008,97,ok,crepe
2023_analysed,channel_0,9.058182167499536,182,ok,crepe
2023_analysed,channel_0,-0.7045599839138941,87,ok,crepe
2023_analysed,channel_1,9.35432131799952,161,ok,crepe
2023_analysed,channel_1,0.5335056727353402,126,ok,crepe
2023_analysed,channel_1,5.2596093846298855,104,ok,crepe
2023_analysed,channel_1,4.752925343372847,122,ok,crepe
2023_analysed,channel_0,-1.9372918296841957,123,ok,crepe
2023_analysed,channel_0,2.0164012342225393,111,ok,crepe
2023_analysed,channel_1,6.741815571664408,88,ok,crepe
2023_analysed,channel_0,-2.55090472339982,113,ok,crepe
2023_analysed,channel_0,3.985745036718793,159,ok,crepe
2023_analysed,channel_0,-1.370511170203124,102,ok,crepe
2023_analysed,channel_1,0.5803089721760523,105,ok,crepe
2023_analysed,channel_1,6.548715449633948,166,ok,crepe
2023_analysed,channel_1,4.744448561872769,133,ok,crepe
2023_analysed,channel_0,12.527422994918195,148,ok,crepe
2023_analysed,channel_0,-7.099298307978133,102,ok,crepe
2023_analysed,channel_0,7.776339268290534,90,ok,crepe
2023_analysed,channel_1,10.559826466525656,164,ok,crepe
2023_analysed,channel_1,1.5880101607582122,119,ok,crepe
2023_analysed,channel_0,11.695375625422702,157,ok,crepe
2023_analysed,channel_0,-5.0399962241661385,63,ok,crepe
2023_analysed,channel_0,7.779450241428152,45,ok,crepe
2023_analysed,channel_0,4.993168363899915,135,ok,crepe
2023_analysed,channel_0,1.8050693966429507,120,ok,crepe
2023_analysed,channel_1,1.9436696196394236,128,ok,crepe
2023_analysed,channel_0,5.336317758318532,155,ok,crepe
2023_analysed,channel_0,-3.302252838309576,92,ok,crepe
2023_analysed,channel_0,-2.03019902966959,85,ok,crepe
2023_analysed,channel_1,7.045386001427185,143,ok,crepe
2023_analysed,channel_1,-14.046231714844152,59,ok,crepe
2023_analysed,channel_1,1.2830192512877705,43,ok,crepe
2023_analysed,channel_0,-3.6447230938002306,100,ok,crepe
2023_analysed,channel_1,-4.419290638950603,64,ok,crepe
2023_analysed,channel_0,-3.2191648431407565,87,ok,crepe
2023_analysed,channel_0,6.646096185287844,172,ok,crepe
2023_analysed,channel_1,9.852804496877422,145,ok,crepe
2023_analysed,channel_1,-1.0078993783356625,76,ok,crepe
2023_analysed,channel_0,9.267394154111097,175,ok,crepe
2023_analysed,channel_2,-19.80889443868087,104,ok,crepe
2023_analysed,channel_0,-6.599929036636651,91,ok,crepe
2023_analysed,channel_1,3.6194867228062746,146,ok,crepe
2023_analysed,channel_0,-1.8084999593402533,118,ok,crepe
2023_analysed,channel_0,-2.565248519599555,125,ok,crepe
2023_analysed,channel_0,-0.545152301931948,124,ok,crepe
2023_analysed,channel_1,2.8945693647636284,100,ok,crepe
2023_analysed,channel_1,-1.4270976295771343,41,ok,crepe
2023_analysed,channel_2,-1.9134484125675315,139,ok,crepe
2023_analysed,channel_0,-5.672654381875799,69,ok,crepe
2023_analysed,channel_0,-2.604816901349119,110,ok,crepe
2023_analysed,channel_0,-5.892614322971546,124,ok,crepe
2023_analysed,channel_0,4.058916663997413,158,ok,crepe
2023_analysed,channel_1,-2.6303402899719686,122,ok,crepe
2023_analysed,channel_1,5.422893125579064,112,ok,crepe
2023_analysed,channel_1,-0.15566499449187807,116,ok,crepe
2023_analysed,channel_0,-2.6382240328312907,114,ok,crepe
2023_analysed,channel_1,-1.8161495689689944,64,ok,crepe
2023_analysed,channel_0,1.5090243446626548,93,ok,crepe
2023_analysed,channel_1,5.738271627010421,134,ok,crepe
2023_analysed,channel_1,12.072201691518638,77,ok,crepe
2023_analysed,channel_0,-1.9827031670280004,115,ok,crepe
2023_analysed,channel_0,2.875605031210431,169,ok,crepe
2023_analysed,channel_1,-9.331729880811086,45,ok,crepe
2023_analysed,channel_1,-2.014680400205469,80,ok,crepe
2023_analysed,channel_1,11.873528426570005,129,ok,crepe
2023_analysed,channel_0,0.7745547322935459,139,ok,crepe
2023_analysed,channel_1,3.520589095085636,110,ok,crepe
2023_analysed,channel_1,-0.5127457613539411,80,ok,crepe
2023_analysed,channel_0,-4.361261246300705,116,ok,crepe
2023_analysed,channel_0,1.685258094952491,128,ok,crepe
2023_analysed,channel_0,-5.772615913304957,120,ok,crepe
2023_analysed,channel_0,0.77153328883038,129,ok,crepe
2023_analysed,channel_1,4.861724885290172,139,ok,crepe
2023_analysed,channel_0,5.71482415825714,134,ok,crepe
2023_analysed,channel_1,-1.0477827559579258,88,ok,crepe
2023_analysed,channel_0,-5.207305501060199,81,ok,crepe
2023_analysed,channel_0,-3.2743984282331766,121,ok,crepe
2023_analysed,channel_2,-5.045126449820789,73,ok,crepe
2023_analysed,channel_0,1.9096186680215883,41,ok,crepe
2023_analysed,channel_0,17.212401893664588,191,ok,crepe
2023_analysed,channel_1,0.623110831930141,109,ok,crepe
2023_analysed,channel_2,-5.394106808213991,114,ok,crepe
2023_analysed,channel_1,7.8010352864486165,100,ok,crepe
2023_analysed,channel_1,3.834106990850561,143,ok,crepe
2023_analysed,channel_1,4.325768637395798,73,ok,crepe
2023_analysed,channel_1,-4.69323841159551,71,ok,crepe
2023_analysed,channel_1,4.047887308392905,109,ok,crepe
2023_analysed,channel_0,9.055737563088238,192,ok,crepe
2023_analysed,channel_0,10.604570446136808,189,ok,crepe
2023_analysed,channel_1,-3.2989309071251682,103,ok,crepe
2023_analysed,channel_2,-11.949679159158517,175,ok,crepe
2023_analysed,channel_1,1.2136520592955145,171,ok,crepe
2023_analysed,channel_1,12.296534167390064,164,ok,crepe
2023_analysed,channel_0,4.467471022195602,73,ok,crepe
2023_analysed,channel_1,5.686480771438457,138,ok,crepe
2023_analysed,channel_0,-3.4996987111481284,140,ok,crepe
2023_analysed,channel_1,7.208431332450264,123,ok,crepe
2023_analysed,channel_1,-4.935916666436565,105,ok,crepe
2023_analysed,channel_1,0.4619183056138072,130,ok,crepe
2023_analysed,channel_2,-129.8354794436097,156,ok,crepe
2023_analysed,channel_1,20.072933377587194,187,ok,crepe
2023_analysed,channel_0,-2.7315431580703904,112,ok,crepe
2023_analysed,channel_0,5.5411663038806145,128,ok,crepe
2023_analysed,channel_1,-5.53681533812871,47,ok,crepe
2023_analysed,channel_0,6.782338497828012,179,ok,crepe
2023_analysed,channel_1,8.138505709122377,65,ok,crepe
2023_analysed,channel_0,-2.3846516918444225,103,ok,crepe
2023_analysed,channel_0,4.367543547120638,105,ok,crepe
2023_analysed,channel_0,2.845783328834255,135,ok,crepe
2023_analysed,channel_1,-3.504944370081774,113,ok,crepe
2023_analysed,channel_0,-3.8716758565320224,91,ok,crepe
2023_analysed,channel_1,5.718171391754209,69,ok,crepe
2023_analysed,channel_0,-0.5417808524079145,100,ok,crepe
2023_analysed,channel_2,-7.047080441816597,129,ok,crepe
2023_analysed,channel_1,11.087060594032357,118,ok,crepe
2023_analysed,channel_1,14.601004673503532,107,ok,crepe
2023_analysed,channel_1,11.273419263795878,139,ok,crepe
2023_analysed,channel_0,12.116891289392145,182,ok,crepe
2023_analysed,channel_0,-2.648118128386956,45,ok,crepe
2023_analysed,channel_1,10.567332464912553,175,ok,crepe
2023_analysed,channel_1,13.764767407856322,162,ok,crepe
2023_analysed,channel_0,-2.4210383200736048,41,ok,crepe
2023_analysed,channel_1,2.9322402928896545,121,ok,crepe
2023_analysed,channel_0,1.2775398197423737,104,ok,crepe
2023_analysed,channel_0,-3.0513691990559026,88,ok,crepe
2023_analysed,channel_1,4.546825974895158,78,ok,crepe
2023_analysed,channel_1,-0.5783681019823479,104,ok,crepe
2023_analysed,channel_1,7.445142255779251,163,ok,crepe
2023_analysed,channel_0,-2.442561315057738,92,ok,crepe
2023_analysed,channel_0,18.391211938158026,107,ok,crepe
2023_analysed,channel_1,6.537887784770449,148,ok,crepe
2023_analysed,channel_0,4.89896186440609,117,ok,crepe
2023_analysed,channel_1,2.1646286735223375,123,ok,crepe
2023_analysed,channel_1,7.314280925676239,162,ok,crepe
2023_analysed,channel_0,14.362734063456717,57,ok,crepe
2023_analysed,channel_0,4.435187188399007,153,ok,crepe
2023_analysed,channel_1,3.460013207814473,122,ok,crepe
2023_analysed,channel_0,8.39535032210482,108,ok,crepe
2023_analysed,channel_1,7.098674810739544,139,ok,crepe
2023_analysed,channel_0,-2.5677216123883797,120,ok,crepe
2023_analysed,channel_1,-0.38218826790278093,161,ok,crepe
2023_analysed,channel_0,-87.5597490105815,59,ok,crepe
2023_analysed,channel_2,-5.874787369926344,119,ok,crepe
2023_analysed,channel_0,-1.6832620847517648,18,ok,crepe
2023_analysed,channel_1,3.246988438444225,174,ok,crepe
2023_analysed,channel_1,-0.7265434674766108,123,ok,crepe
2023_analysed,channel_0,7.291652800383095,134,ok,crepe
2023_analysed,channel_0,3.4141441008913094,155,ok,crepe
2023_analysed,channel_0,13.74044614511018,165,ok,crepe
2023_analysed,channel_1,1.1747635368399674,99,ok,crepe
2023_analysed,channel_1,-2.074289436735826,125,ok,crepe
2023_analysed,channel_1,9.198671852426884,169,ok,crepe
2023_analysed,channel_0,10.824571660024244,148,ok,crepe
2023_analysed,channel_0,12.763107851879836,131,ok,crepe
2023_analysed,channel_0,5.526572804463613,166,ok,crepe
2023_analysed,channel_1,-4.463686027246576,91,ok,crepe
2023_analysed,channel_1,6.14923707070187,123,ok,crepe
2023_analysed,channel_0,-0.7849578075071635,94,ok,crepe
2023_analysed,channel_0,4.3252062857780285,157,ok,crepe
2023_analysed,channel_0,-2.892683095104045,114,ok,crepe
2023_analysed,channel_1,10.920242810113052,123,ok,crepe
2023_analysed,channel_0,-0.9593991480578616,109,ok,crepe
2023_analysed,channel_1,-4.098191618595592,49,ok,crepe
2023_analysed,channel_1,-1.086362870747696,60,ok,crepe
2023_analysed,channel_1,-0.194398405176051,83,ok,crepe
2023_analysed,channel_0,1.7839262226795198,129,ok,crepe
2023_analysed,channel_0,0.5561045680708827,136,ok,crepe
2023_analysed,channel_1,4.033655745054235,151,ok,crepe
2023_analysed,channel_1,0.7720964030205896,134,ok,crepe
2023_analysed,channel_0,-2.1801780089318026,112,ok,crepe
2023_analysed,channel_0,-1.4360219552708777,104,ok,crepe
2023_analysed,channel_1,-120.04803246018616,39,ok,crepe
2023_analysed,channel_0,7.538204048405576,184,ok,crepe
2023_analysed,channel_0,-1.051997844700548,113,ok,crepe
2023_analysed,channel_0,-6.922890476685062,69,ok,crepe
2023_analysed,channel_1,-124.11882476320955,96,ok,crepe
2023_analysed,channel_0,-2.715447548419995,82,ok,crepe
2023_analysed,channel_1,1.362542472302712,143,ok,crepe
2023_analysed,channel_0,10.971439901198664,123,ok,crepe
2023_analysed,channel_1,6.350425328377397,136,ok,crepe
2023_analysed,channel_2,-5.701625782123958,178,ok,crepe
2023_analysed,channel_1,-2.3331495432782456,93,ok,crepe
2023_analysed,channel_0,1.909431872557092,76,ok,crepe
2023_analysed,channel_0,8.05755483708584,171,ok,crepe
2023_analysed,channel_1,-2.8875622510505314,87,ok,crepe
2023_analysed,channel_1,13.969446959755395,200,ok,crepe
2023_analysed,channel_1,-0.06885253406063047,31,ok,crepe
2023_analysed,channel_1,5.390714211948005,131,ok,crepe
2023_analysed,channel_1,-4.137800580911203,114,ok,crepe
2023_analysed,channel_0,-0.36211022414747557,80,ok,crepe
2023_analysed,channel_1,1.0625695800010386,139,ok,crepe
2023_analysed,channel_1,8.933153966773274,143,ok,crepe
2023_analysed,channel_1,-1.0195675772771107,75,ok,crepe
2023_analysed,channel_1,9.441651112402862,186,ok,crepe
2023_analysed,channel_1,6.314204621084211,157,ok,crepe
2023_analysed,channel_1,0.8749203900420609,75,ok,crepe
2023_analysed,channel_1,0.6665609801147618,109,ok,crepe
2023_analysed,channel_1,11.06438451557765,178,ok,crepe
2023_analysed,channel_1,4.537770781549453,71,ok,crepe
2023_analysed,channel_1,0.3323941314289749,157,ok,crepe
2023_analysed,channel_0,14.894371339033903,182,ok,crepe
2023_analysed,channel_0,7.96708738474338,159,ok,crepe
2023_analysed,channel_0,8.254593252937894,108,ok,crepe
2023_analysed,channel_0,11.162728270762068,160,ok,crepe
2023_analysed,channel_1,6.305987228808378,65,ok,crepe
2023_analysed,channel_0,10.618278676498516,175,ok,crepe
2023_analysed,channel_0,4.340676541760912,150,ok,crepe
2023_analysed,channel_1,6.569232779884309,141,ok,crepe
2023_analysed,channel_0,-2.566629326968241,86,ok,crepe
2023_analysed,channel_0,-1.1781444972837347,141,ok,crepe
2023_analysed,channel_1,2.9792644020768417,98,ok,crepe
2023_analysed,channel_1,18.541575446140047,170,ok,crepe
2023_analysed,channel_0,2.2391380983717735,116,ok,crepe
2023_analysed,channel_1,-0.47414670668149134,89,ok,crepe
2023_analysed,channel_0,-5.398411939458285,103,ok,crepe
2023_analysed,channel_0,9.533535073610937,159,ok,crepe
2023_analysed,channel_2,-8.341714023339707,117,ok,crepe
2023_analysed,channel_1,4.519278755416541,150,ok,crepe
2023_analysed,channel_1,-2.9614166648727243,67,ok,crepe
2023_analysed,channel_1,2.2025594142584963,152,ok,crepe
2023_analysed,channel_1,0.26793912356440913,117,ok,crepe
2023_analysed,channel_2,-8.384927200167821,92,ok,crepe
2023_analysed,channel_1,1.961957186206647,97,ok,crepe
2023_analysed,channel_0,-2.0314679969516583,120,ok,crepe
2023_analysed,channel_0,-2.6070335069802053,131,ok,crepe
2023_analysed,channel_0,1.2289244558060386,95,ok,crepe
2023_analysed,channel_1,1.4450668348577773,118,ok,crepe
2023_analysed,channel_1,4.689870026618907,181,ok,crepe
2023_analysed,channel_0,6.397062698105394,115,ok,crepe
2023_analysed,channel_1,3.4831614396879385,156,ok,crepe
2023_analysed,channel_0,-130.50183949237345,111,ok,crepe
2023_analysed,channel_1,3.0534754675855535,150,ok,crepe
2023_analysed,channel_1,-0.8904030403494911,108,ok,crepe
2023_analysed,channel_1,2.1210597428980904,124,ok,crepe
2023_analysed,channel_0,-5.815545604706537,46,ok,crepe
2023_analysed,channel_0,-0.5103916564575662,92,ok,crepe
2023_analysed,channel_1,-4.335798381557052,79,ok,crepe
2023_analysed,channel_0,-1.8797322074668248,92,ok,crepe
2023_analysed,channel_1,-5.377992007242424,87,ok,crepe
2023_analysed,channel_0,-6.878966926406473,90,ok,crepe
2023_analysed,channel_0,11.513493392007657,160,ok,crepe
2023_analysed,channel_1,2.571165325363406,108,ok,crepe
2023_analysed,channel_0,6.814936663339264,133,ok,crepe
2023_analysed,channel_0,-2.89594987126783,96,ok,crepe
2023_analysed,channel_1,-7.050280980756787,109,ok,crepe
2023_analysed,channel_2,-1.1587615666236013,147,ok,crepe
2023_analysed,channel_0,5.464410781414079,154,ok,crepe
2023_analysed,channel_0,-7.718844112323517,103,ok,crepe
2023_analysed,channel_0,18.753292168179957,131,ok,crepe
2023_analysed,channel_1,5.855588909896637,128,ok,crepe
2023_analysed,channel_0,8.49701270124917,141,ok,crepe
2023_analysed,channel_1,8.20116345088253,138,ok,crepe
2023_analysed,channel_1,-2.2244377050552733,124,ok,crepe
2023_analysed,channel_0,-2.7096366130637426,93,ok,crepe
2023_analysed,channel_0,8.290599089932432,85,ok,crepe
2023_analysed,channel_1,-2.874028160049586,93,ok,crepe
2023_analysed,channel_0,8.143048078597134,131,ok,crepe
2023_analysed,channel_1,-5.511055771851571,61,ok,crepe
2023_analysed,channel_0,9.18669650721969,166,ok,crepe
2023_analysed,channel_0,2.529538943557128,147,ok,crepe
2023_analysed,channel_0,5.491137614778001,139,ok,crepe
2023_analysed,channel_1,-0.05331938294125113,99,ok,crepe
2023_analysed,channel_1,-6.732835639906528,82,ok,crepe
2023_analysed,channel_0,-1.7041027509204745,113,ok,crepe
2023_analysed,channel_0,11.152193443847674,172,ok,crepe
2023_analysed,channel_0,-2.9961199179158102,101,ok,crepe
2023_analysed,channel_1,7.392568077863137,156,ok,crepe
2023_analysed,channel_2,-11.43965651991352,133,ok,crepe
2023_analysed,channel_2,-14.726474951222528,129,ok,crepe
2023_analysed,channel_0,-1.0956809590601044,86,ok,crepe
2023_analysed,channel_1,-7.412839931633193,53,ok,crepe
2023_analysed,channel_0,1.5590586920770966,149,ok,crepe
2023_analysed,channel_1,10.935636606146176,182,ok,crepe
2023_analysed,channel_1,3.7108507596152136,122,ok,crepe
2023_analysed,channel_1,4.173606804606583,158,ok,crepe
2023_analysed,channel_0,3.189792740116296,62,ok,crepe
2023_analysed,channel_0,-1.904761183603709,123,ok,crepe
2023_analysed,channel_0,-1.8154276139906678,132,ok,crepe
2023_analysed,channel_1,6.898882858260974,108,ok,crepe
2023_analysed,channel_0,4.390968842179838,154,ok,crepe
2023_analysed,channel_1,-3.3521601656315814,90,ok,crepe
2023_analysed,channel_1,11.78876281133093,146,ok,crepe
2023_analysed,channel_0,0.2491326128857205,124,ok,crepe
2023_analysed,channel_0,-0.07036565485994306,124,ok,crepe
2023_analysed,channel_1,-1.7815816117292949,70,ok,crepe
2023_analysed,channel_0,6.10288686741514,70,ok,crepe
2023_analysed,channel_1,-1.6133121254387275,76,ok,crepe
2023_analysed,channel_0,10.671679457984698,39,ok,crepe
2023_analysed,channel_1,11.193942937467558,196,ok,crepe
2023_analysed,channel_0,6.181194994106821,152,ok,crepe
2023_analysed,channel_1,8.887308270152765,178,ok,crepe
2023_analysed,channel_1,11.03076155802935,173,ok,crepe
2023_analysed,channel_0,12.625978863775181,181,ok,crepe
2023_analysed,channel_0,-4.065276870031818,134,ok,crepe
2023_analysed,channel_0,5.84064543565053,46,ok,crepe
2023_analysed,channel_1,12.182507151830883,183,ok,crepe
2023_analysed,channel_0,16.18918736906437,169,ok,crepe
2023_analysed,channel_0,-4.37826644676293,98,ok,crepe
2023_analysed,channel_0,-4.021806707291788,61,ok,crepe
2023_analysed,channel_0,9.738983025976209,176,ok,crepe
2023_analysed,channel_1,0.31953449359354613,95,ok,crepe
2023_analysed,channel_1,0.38244850469692726,43,ok,crepe
2023_analysed,channel_0,7.455465418056642,117,ok,crepe
2023_analysed,channel_1,0.8095489434954168,163,ok,crepe
2023_analysed,channel_0,-2.5858909132206795,91,ok,crepe
2023_analysed,channel_1,-4.4055173079482435,89,ok,crepe
2023_analysed,channel_1,5.3778481177865185,139,ok,crepe
2023_analysed,channel_0,1.6906035740451606,100,ok,crepe
2023_analysed,channel_0,0.5267628263036569,101,ok,crepe
2023_analysed,channel_0,6.5048663806565035,85,ok,crepe
2023_analysed,channel_0,0.07806246410890104,52,ok,crepe
2023_analysed,channel_0,13.708707467745473,159,ok,crepe
2023_analysed,channel_1,7.912621223829495,118,ok,crepe
2023_analysed,channel_0,-3.4173335379522007,99,ok,crepe
2023_analysed,channel_1,5.190932255422192,133,ok,crepe
2023_analysed,channel_1,1.6158576691522544,141,ok,crepe
2023_analysed,channel_1,4.198496482331876,122,ok,crepe
2023_analysed,channel_0,-6.821211711020247,108,ok,crepe
2023_analysed,channel_0,8.812178547028727,155,ok,crepe
2023_analysed,channel_1,-2.218016551871153,100,ok,crepe
2023_analysed,channel_0,-11.193301528067146,136,ok,crepe
2023_analysed,channel_0,1.8842437612659158,115,ok,crepe
2023_analysed,channel_1,2.034492423558538,145,ok,crepe
2023_analysed,channel_1,1.7988098729089845,181,ok,crepe
2023_analysed,channel_1,-0.2917495847610386,103,ok,crepe
2023_analysed,channel_1,-1.9654503739914317,110,ok,crepe
2023_analysed,channel_1,1.544005010235661,155,ok,crepe
2023_analysed,channel_0,-2.959548720328095,111,ok,crepe
2023_analysed,channel_1,6.4259733732128845,143,ok,crepe
2023_analysed,channel_0,4.624195371882577,160,ok,crepe
2023_analysed,channel_1,7.089462528790417,170,ok,crepe
2023_analysed,channel_1,5.574839547269611,110,ok,crepe
2023_analysed,channel_1,4.644828551588168,120,ok,crepe
2023_analysed,channel_1,5.266919699350535,120,ok,crepe
2023_analysed,channel_1,3.4922305260450557,112,ok,crepe
2023_analysed,channel_0,10.069730622608276,199,ok,crepe
2023_analysed,channel_0,7.023673740578377,127,ok,crepe
2023_analysed,channel_0,-6.5443106427002355,75,ok,crepe
2023_analysed,channel_0,2.8489073532840004,30,ok,crepe
2023_analysed,channel_1,4.852700288637134,88,ok,crepe
2023_analysed,channel_0,2.5859282503464147,112,ok,crepe
2023_analysed,channel_0,-2.288747783583723,112,ok,crepe
2023_analysed,channel_0,-1.6091737331542513,145,ok,crepe
2023_analysed,channel_1,5.58206897579803,160,ok,crepe
2023_analysed,channel_0,-1.6935706453631703,60,ok,crepe
2023_analysed,channel_1,7.0749123977896575,148,ok,crepe
2023_analysed,channel_1,3.75884300670847,93,ok,crepe
2023_analysed,channel_1,4.364090552973687,143,ok,crepe
2023_analysed,channel_1,4.42741990583607,142,ok,crepe
2023_analysed,channel_1,-1.1719401831543872,68,ok,crepe
2023_analysed,channel_0,8.569434716380236,138,ok,crepe
2023_analysed,channel_1,-5.562951934819845,62,ok,crepe
2023_analysed,channel_1,0.7023972471116641,111,ok,crepe
2023_analysed,channel_0,0.9279128395914209,126,ok,crepe
2023_analysed,channel_0,4.074477975977478,82,ok,crepe
2023_analysed,channel_1,1.653802733750248,94,ok,crepe
2023_analysed,channel_0,10.868548601792881,173,ok,crepe
2023_analysed,channel_0,8.739870542920476,163,ok,crepe
2023_analysed,channel_0,-1.6128298702977428,115,ok,crepe
2023_analysed,channel_0,6.411463116493495,148,ok,crepe
2023_analysed,channel_1,0.34304717386191486,111,ok,crepe
2023_analysed,channel_1,3.1883947844376093,103,ok,crepe
2023_analysed,channel_0,-2.5647012343656437,129,ok,crepe
2023_analysed,channel_1,9.619257999756117,103,ok,crepe
2023_analysed,channel_0,2.239483977299793,148,ok,crepe
2023_analysed,channel_0,-4.151541959352455,109,ok,crepe
2023_analysed,channel_1,-0.34250167640408535,85,ok,crepe
2023_analysed,channel_1,9.330206648184634,157,ok,crepe
2023_analysed,channel_0,-1.2022832783449342,118,ok,crepe
2023_analysed,channel_0,-2.1436293586009714,60,ok,crepe
2023_analysed,channel_0,-3.498946091920513,92,ok,crepe
2023_analysed,channel_0,-2.95086970917174,95,ok,crepe
2023_analysed,channel_1,8.234569230207253,138,ok,crepe
2023_analysed,channel_0,-0.6181390921375529,103,ok,crepe
2023_analysed,channel_0,9.483059275679912,158,ok,crepe
2023_analysed,channel_1,6.695760943480349,133,ok,crepe
2023_analysed,channel_0,14.536389523332392,163,ok,crepe
2023_analysed,channel_1,0.975619455720942,143,ok,crepe
2023_analysed,channel_1,-5.712321767161125,103,ok,crepe
2023_analysed,channel_1,6.657135938412759,139,ok,crepe
2023_analysed,channel_1,17.106960486618547,176,ok,crepe
2023_analysed,channel_0,-6.4647989406152195,39,ok,crepe
2023_analysed,channel_1,-2.8870628658828963,135,ok,crepe
2023_analysed,channel_1,12.171528679186165,125,ok,crepe
2023_analysed,channel_0,-2.3504245775485613,96,ok,crepe
2023_analysed,channel_1,-5.005307666292388,39,ok,crepe
2023_analysed,channel_1,-1.9423055389641888,91,ok,crepe
2023_analysed,channel_0,8.202328986839442,164,ok,crepe
2023_analysed,channel_2,-6.511413238224896,105,ok,crepe
2023_analysed,channel_0,-6.029196625203363,115,ok,crepe
2023_analysed,channel_1,13.844410093219214,72,ok,crepe
2023_analysed,channel_0,9.519962496078117,169,ok,crepe
2023_analysed,channel_0,6.632359611552569,83,ok,crepe
2023_analysed,channel_1,6.0144827577114315,196,ok,crepe
2023_analysed,channel_1,6.768208304188504,188,ok,crepe
2023_analysed,channel_1,-8.059689004214688,79,ok,crepe
2023_analysed,channel_1,6.416245054182582,150,ok,crepe
2023_analysed,channel_0,1.467599647471408,146,ok,crepe
2023_analysed,channel_0,-1.8828638531523807,121,ok,crepe
2023_analysed,channel_1,-0.093471719428286,111,ok,crepe
2023_analysed,channel_0,10.63222904539783,146,ok,crepe
2023_analysed,channel_1,4.56355164432269,126,ok,crepe
2023_analysed,channel_0,-1.5591418987103876,68,ok,crepe
2023_analysed,channel_1,-2.7279583975688797,89,ok,crepe
2023_analysed,channel_2,-10.112222815834588,129,ok,crepe
2023_analysed,channel_1,9.650350207103642,158,ok,crepe
2023_analysed,channel_0,8.200460161377027,142,ok,crepe
2023_analysed,channel_1,1.6232705271670134,121,ok,crepe
2023_analysed,channel_0,-2.9564499819619137,102,ok,crepe
2023_analysed,channel_0,8.272950845669891,136,ok,crepe
2023_analysed,channel_1,8.251568050903085,144,ok,crepe
2023_analysed,channel_0,5.5659986642304276,113,ok,crepe
2023_analysed,channel_1,12.248117619091348,105,ok,crepe
2023_analysed,channel_0,-0.4452349326991745,72,ok,crepe
2023_analysed,channel_1,2.8867155322725586,155,ok,crepe
2023_analysed,channel_0,1.425628029716086,108,ok,crepe
2023_analysed,channel_1,6.278728954018813,131,ok,crepe
2023_analysed,channel_1,8.641160536089213,147,ok,crepe
2023_analysed,channel_1,13.888102501378402,87,ok,crepe
2023_analysed,channel_1,3.653211001489222,132,ok,crepe
2023_analysed,channel_0,9.540135255461312,162,ok,crepe
2023_analysed,channel_0,-3.7782394022399,99,ok,crepe
2023_analysed,channel_1,10.174356596199928,185,ok,crepe
2023_analysed,channel_1,-3.5017204113759814,79,ok,crepe
2023_analysed,channel_1,16.326792804391157,96,ok,crepe
2023_analysed,channel_1,1.6644906411484808,81,ok,crepe
2023_analysed,channel_0,18.879197408810363,160,ok,crepe
2023_analysed,channel_1,8.093873321625258,117,ok,crepe
2023_analysed,channel_0,-1.4148193554260489,55,ok,crepe
2023_analysed,channel_1,2.7458350479487965,164,ok,crepe
2023_analysed,channel_1,12.80695757013639,126,ok,crepe
2023_analysed,channel_0,-3.7860758670711987,83,ok,crepe
2023_analysed,channel_0,9.82608214407822,114,ok,crepe
2023_analysed,channel_0,-2.0610827623855656,65,ok,crepe
2023_analysed,channel_0,10.737934770861393,203,ok,crepe
2023_analysed,channel_0,-0.3743011216179467,110,ok,crepe
2023_analysed,channel_0,3.418060084759916,86,ok,crepe
2023_analysed,channel_0,-4.228208526033689,79,ok,crepe
2023_analysed,channel_0,-10.909812549397785,31,ok,crepe
2023_analysed,channel_0,-0.35305187576853814,123,ok,crepe
2023_analysed,channel_0,-0.9655042656162556,117,ok,crepe
2023_analysed,channel_1,10.169082200784878,126,ok,crepe
2023_analysed,channel_1,1.369822084173161,104,ok,crepe
2023_analysed,channel_1,3.6970510693088317,151,ok,crepe
2023_analysed,channel_0,-0.1033948216177446,50,ok,crepe
2023_analysed,channel_1,7.474277412320829,105,ok,crepe
2023_analysed,channel_1,-0.9267285147889079,97,ok,crepe
2023_analysed,channel_0,7.782382799627523,157,ok,crepe
2023_analysed,channel_1,6.625610547251284,107,ok,crepe
2023_analysed,channel_0,15.109014592217179,85,ok,crepe
2023_analysed,channel_0,-1.0788995604115212,132,ok,crepe
2023_analysed,channel_1,0.4175818509601428,118,ok,crepe
2023_analysed,channel_0,-1.6526411396330292,84,ok,crepe
2023_analysed,channel_1,4.080265202150647,174,ok,crepe
2023_analysed,channel_0,-2.4726734811193154,109,ok,crepe
2023_analysed,channel_2,-7.094181608245391,101,ok,crepe
2023_analysed,channel_1,11.322662739539258,138,ok,crepe
2023_analysed,channel_0,-1.2983609501031408,158,ok,crepe
2023_analysed,channel_0,9.793900841272432,148,ok,crepe
2023_analysed,channel_1,6.098078647162014,96,ok,crepe
2023_analysed,channel_1,6.5524245970574,161,ok,crepe
2023_analysed,channel_1,6.0778171964603365,91,ok,crepe
2023_analysed,channel_0,3.217083413181579,112,ok,crepe
2023_analysed,channel_1,-6.981108473151543,79,ok,crepe
2023_analysed,channel_1,5.597072519591509,149,ok,crepe
2023_analysed,channel_0,-5.234232115790284,85,ok,crepe
2023_analysed,channel_0,10.648043018457404,167,ok,crepe
2023_analysed,channel_0,14.693723345195393,75,ok,crepe
2023_analysed,channel_0,-0.19416800808931606,108,ok,crepe
2023_analysed,channel_0,-1.6427880105765196,97,ok,crepe
2023_analysed,channel_1,7.191218084618035,173,ok,crepe
2023_analysed,channel_0,3.488298336079013,121,ok,crepe
2023_analysed,channel_1,7.740193891003332,152,ok,crepe
2023_analysed,channel_1,2.037705230400492,121,ok,crepe
2023_analysed,channel_1,2.476138690076504,162,ok,crepe
2023_analysed,channel_0,-1.3072542740043744,69,ok,crepe
2023_analysed,channel_1,0.8998012099066598,60,ok,crepe
2023_analysed,channel_1,-2.702570775919896,87,ok,crepe
2023_analysed,channel_2,2.4073597215312144,93,ok,crepe
2023_analysed,channel_1,-0.5109915567304449,111,ok,crepe
2023_analysed,channel_1,8.536831325882064,160,ok,crepe
2023_analysed,channel_0,7.289497967867549,104,ok,crepe
2023_analysed,channel_0,9.225230070228344,118,ok,crepe
2023_analysed,channel_1,-1.2085245034926586,158,ok,crepe
2023_analysed,channel_1,-2.9610962403630743,119,ok,crepe
2023_analysed,channel_0,6.212385908413848,114,ok,crepe
2023_analysed,channel_1,-0.8764188379690476,81,ok,crepe
2023_analysed,channel_1,-2.9658152441311065,111,ok,crepe
2023_analysed,channel_1,12.498409219760106,144,ok,crepe
2023_analysed,channel_1,3.4847859082171144,162,ok,crepe
2023_analysed,channel_1,0.5329263073022632,120,ok,crepe
2023_analysed,channel_2,-7.037737245167105,82,ok,crepe
2023_analysed,channel_1,5.5631328447132,164,ok,crepe
2023_analysed,channel_0,0.4368329103969107,47,ok,crepe
2023_analysed,channel_1,-0.03268160061604369,143,ok,crepe
2023_analysed,channel_1,-3.591757030196292,68,ok,crepe
2023_analysed,channel_1,9.353139805312185,122,ok,crepe
2023_analysed,channel_1,0.3542473190337003,104,ok,crepe
2023_analysed,channel_0,-1.8603597803492593,138,ok,crepe
2023_analysed,channel_0,8.008009346271203,173,ok,crepe
2023_analysed,channel_0,0.052287615506334664,82,ok,crepe
2023_analysed,channel_0,-2.1443031921036484,121,ok,crepe
2023_analysed,channel_1,5.396500436001376,125,ok,crepe
2023_analysed,channel_0,-2.032155808760849,119,ok,crepe
2023_analysed,channel_1,7.529954642634358,160,ok,crepe
2023_analysed,channel_0,7.12111792758198,148,ok,crepe
2023_analysed,channel_0,-5.089398157804669,82,ok,crepe
2023_analysed,channel_0,-2.9355724137555534,35,ok,crepe
2023_analysed,channel_1,3.335975880599713,110,ok,crepe
2023_analysed,channel_0,-0.21220551472313307,62,ok,crepe
2023_analysed,channel_1,0.20057532693302838,142,ok,crepe
2023_analysed,channel_1,12.090025861259473,93,ok,crepe
2023_analysed,channel_1,10.06595740222258,136,ok,crepe
2023_analysed,channel_0,1.1201340107662432,132,ok,crepe
2023_analysed,channel_0,-4.19095824436969,122,ok,crepe
2023_analysed,channel_0,1.2992016294255841,145,ok,crepe
2023_analysed,channel_1,-1.9075652307187398,125,ok,crepe
2023_analysed,channel_0,2.4747039664441477,136,ok,crepe
2023_analysed,channel_0,-2.6508476556524436,141,ok,crepe
2024_analysed_jan-apr,channel_1,0.8753488334849907,141,ok,crepe
2024_analysed_jan-apr,channel_1,4.561051169837141,173,ok,crepe
2024_analysed_jan-apr,channel_1,8.333936813728961,180,ok,crepe
2024_analysed_jan-apr,channel_1,12.912028059927529,156,ok,crepe
2024_analysed_jan-apr,channel_1,9.46716796099502,146,ok,crepe
2024_analysed_jan-apr,channel_1,9.50162395811266,163,ok,crepe
2024_analysed_jan-apr,channel_1,5.688563653374821,169,ok,crepe
2024_analysed_jan-apr,channel_1,15.89779549824646,130,ok,crepe
2024_analysed_jan-apr,channel_1,1.3904377815177607,106,ok,crepe
2024_analysed_jan-apr,channel_0,-2.159465749284259,88,ok,crepe
2024_analysed_jan-apr,channel_0,-5.289391244669922,138,ok,crepe
2024_analysed_jan-apr,channel_1,9.086663994857897,133,ok,crepe
2024_analysed_jan-apr,channel_1,8.841278988083024,165,ok,crepe
2024_analysed_jan-apr,channel_1,6.713742967686462,103,ok,crepe
2024_analysed_jan-apr,channel_1,-1.5333508215807858,95,ok,crepe
2024_analysed_jan-apr,channel_0,-2.0287725902019065,153,ok,crepe
2024_analysed_jan-apr,channel_1,4.634337528723204,98,ok,crepe
2024_analysed_jan-apr,channel_0,7.718958447750204,187,ok,crepe
2024_analysed_jan-apr,channel_1,-4.230537865897169,110,ok,crepe
2024_analysed_jan-apr,channel_1,-3.2281304521636836,102,ok,crepe
2024_analysed_jan-apr,channel_1,5.506386517657132,179,ok,crepe
2024_analysed_jan-apr,channel_1,5.196819543414489,169,ok,crepe
2024_analysed_jan-apr,channel_1,7.423728121763622,148,ok,crepe
2024_analysed_jan-apr,channel_0,-1.489999783000042,92,ok,crepe
2024_analysed_jan-apr,channel_1,-0.047634977403170915,153,ok,crepe
2024_analysed_jan-apr,channel_1,8.201586239540704,157,ok,crepe
2024_analysed_jan-apr,channel_1,10.302144543233602,178,ok,crepe
2024_analysed_jan-apr,channel_1,2.957891301242683,149,ok,crepe
2024_analysed_jan-apr,channel_1,7.481541284135349,96,ok,crepe
2024_analysed_jan-apr,channel_1,3.953780436509608,123,ok,crepe
2024_analysed_jan-apr,channel_0,-3.5125526222241668,112,ok,crepe
2024_analysed_jan-apr,channel_1,-4.986897166063006,102,ok,crepe
2024_analysed_jan-apr,channel_1,5.258496543679939,137,ok,crepe
2024_analysed_jan-apr,channel_1,6.318723003490643,153,ok,crepe
2024_analysed_jan-apr,channel_1,5.685282024884443,142,ok,crepe
2024_analysed_jan-apr,channel_1,3.0794931736539817,85,ok,crepe
2024_analysed_jan-apr,channel_1,11.25416958285706,163,ok,crepe
2024_analysed_jan-apr,channel_1,2.984841873946849,135,ok,crepe
2024_analysed_jan-apr,channel_1,1.9955318445230508,159,ok,crepe
2024_analysed_jan-apr,channel_1,16.154615970601448,202,ok,crepe
2024_analysed_jan-apr,channel_1,-0.3836361632389509,90,ok,crepe
2024_analysed_jan-apr,channel_1,4.149846588229697,112,ok,crepe
2024_analysed_jan-apr,channel_1,2.41065995084076,189,ok,crepe
2024_analysed_jan-apr,channel_1,-4.677652454459546,102,ok,crepe
2024_analysed_jan-apr,channel_1,3.76873293636973,150,ok,crepe
2024_analysed_jan-apr,channel_0,-5.221782909405319,76,ok,crepe
2024_analysed_jan-apr,channel_1,-0.4012429460866724,72,ok,crepe
2024_analysed_jan-apr,channel_0,13.795986600760465,161,ok,crepe
2024_analysed_jan-apr,channel_1,4.5203460031008715,169,ok,crepe
2024_analysed_jan-apr,channel_1,1.3705428353159734,112,ok,crepe
2024_analysed_jan-apr,channel_0,2.0657342596536044,117,ok,crepe
2024_analysed_jan-apr,channel_0,9.016315153098798,142,ok,crepe
2024_analysed_jan-apr,channel_0,-2.8060844023560314,98,ok,crepe
2024_analysed_jan-apr,channel_1,-2.1855406616237683,117,ok,crepe
2024_analysed_jan-apr,channel_0,1.9972363425094346,162,ok,crepe
2024_analysed_jan-apr,channel_1,4.16809348750165,112,ok,crepe
2024_analysed_jan-apr,channel_0,-2.296559973818738,124,ok,crepe
2024_analysed_jan-apr,channel_1,13.49260160853425,147,ok,crepe
2024_analysed_jan-apr,channel_0,-3.998723602576714,69,ok,crepe
2024_analysed_jan-apr,channel_1,2.3169323849314925,118,ok,crepe
2024_analysed_jan-apr,channel_0,-3.4482037486193313,103,ok,crepe
2024_analysed_jan-apr,channel_1,3.7662764174518704,164,ok,crepe
2024_analysed_jan-apr,channel_1,9.654964718727975,171,ok,crepe
2024_analysed_jan-apr,channel_1,7.010797608871961,158,ok,crepe
2024_analysed_jan-apr,channel_1,13.21219159114732,182,ok,crepe
2024_analysed_jan-apr,channel_0,-3.783231733145217,67,ok,crepe
2024_analysed_jan-apr,channel_1,11.279077699492133,175,ok,crepe
2024_analysed_jan-apr,channel_1,4.367891716934401,121,ok,crepe
2024_analysed_jan-apr,channel_1,6.892072938820597,192,ok,crepe
2024_analysed_jan-apr,channel_1,-3.829937041909741,48,ok,crepe
2024_analysed_jan-apr,channel_1,9.593081660505034,140,ok,crepe
2024_analysed_jan-apr,channel_1,8.087157315259219,114,ok,crepe
2024_analysed_jan-apr,channel_1,1.9342381138148328,126,ok,crepe
2024_analysed_jan-apr,channel_1,2.634185353377885,139,ok,crepe
2024_analysed_jan-apr,channel_1,9.72385657042992,181,ok,crepe
2024_analysed_jan-apr,channel_1,4.8521525611525975,153,ok,crepe
2024_analysed_jan-apr,channel_1,3.6468807228432536,86,ok,crepe
2024_analysed_jan-apr,channel_1,1.3274528009679796,104,ok,crepe
2024_analysed_jan-apr,channel_1,6.878683241757386,128,ok,crepe
2024_analysed_jan-apr,channel_1,12.130748735716592,139,ok,crepe
2024_analysed_jan-apr,channel_1,-0.8190175277617074,53,ok,crepe
2024_analysed_jan-apr,channel_0,-131.6379110714228,97,ok,crepe
2024_analysed_jan-apr,channel_1,7.276557888732807,168,ok,crepe
2024_analysed_jan-apr,channel_0,7.0649285438171106,176,ok,crepe
2024_analysed_jan-apr,channel_1,0.5025490904665231,88,ok,crepe
2024_analysed_jan-apr,channel_1,4.622820848509389,148,ok,crepe
2024_analysed_jan-apr,channel_0,13.781196686973507,170,ok,crepe
2024_analysed_jan-apr,channel_1,6.02726762717818,146,ok,crepe
2024_analysed_jan-apr,channel_1,7.702089944166297,187,ok,crepe
2024_analysed_jan-apr,channel_1,8.34963027444783,104,ok,crepe
2024_analysed_jan-apr,channel_1,10.805240887766498,189,ok,crepe
2024_analysed_jan-apr,channel_0,1.536314162755016,166,ok,crepe
2024_analysed_jan-apr,channel_1,-0.7817763389017012,100,ok,crepe
2024_analysed_jan-apr,channel_1,2.5241947489273353,105,ok,crepe
2024_analysed_jan-apr,channel_1,-7.3537526941216145,83,ok,crepe
2024_analysed_jan-apr,channel_1,1.3515363603184136,156,ok,crepe
2024_analysed_jan-apr,channel_1,4.486587751777378,119,ok,crepe
2024_analysed_jan-apr,channel_1,5.223406638584406,165,ok,crepe
2024_analysed_jan-apr,channel_0,7.791834277923333,157,ok,crepe
2024_analysed_jan-apr,channel_1,13.697067372515708,149,ok,crepe
2024_analysed_jan-apr,channel_1,1.2838508057965725,64,ok,crepe
2024_analysed_jan-apr,channel_1,10.768657367137351,167,ok,crepe
2024_analysed_jan-apr,channel_1,8.631501718101012,142,ok,crepe
2024_analysed_jan-apr,channel_1,-0.12784211270306228,85,ok,crepe
2024_analysed_jan-apr,channel_1,8.490006768078223,106,ok,crepe
2024_analysed_jan-apr,channel_1,-0.08432814424949003,94,ok,crepe
2024_analysed_jan-apr,channel_1,4.255053370748917,103,ok,crepe
2024_analysed_jan-apr,channel_0,6.981640425095694,171,ok,crepe
2024_analysed_jan-apr,channel_1,3.4899826899232784,97,ok,crepe
2024_analysed_jan-apr,channel_1,9.030177082711022,138,ok,crepe
2024_analysed_jan-apr,channel_1,9.13046811147518,115,ok,crepe
2024_analysed_jan-apr,channel_1,15.52053154871273,148,ok,crepe
2024_analysed_jan-apr,channel_1,7.395675515639991,113,ok,crepe
2024_analysed_jan-apr,channel_1,7.039490562009922,186,ok,crepe
2024_analysed_jan-apr,channel_0,-2.501543440286082,106,ok,crepe
2024_analysed_jan-apr,channel_1,-1.039341639659293,96,ok,crepe
2024_analysed_jan-apr,channel_1,-0.7345197692271254,106,ok,crepe
2024_analysed_jan-apr,channel_1,6.643424838007958,172,ok,crepe
2024_analysed_jan-apr,channel_1,5.081631365902936,134,ok,crepe
2024_analysed_jan-apr,channel_1,2.0948475107456206,73,ok,crepe
2024_analysed_jan-apr,channel_1,8.599432654997429,170,ok,crepe
2024_analysed_jan-apr,channel_1,3.112403511182799,135,ok,crepe
2024_analysed_jan-apr,channel_1,1.0420032225955522,141,ok,crepe
2024_analysed_jan-apr,channel_1,3.1021382704973237,157,ok,crepe
2024_analysed_jan-apr,channel_1,13.42679223441711,159,ok,crepe
2024_analysed_jan-apr,channel_1,4.805746045006906,141,ok,crepe
2024_analysed_jan-apr,channel_1,12.893536275569204,161,ok,crepe
2024_analysed_jan-apr,channel_1,1.654035395343199,140,ok,crepe
2024_analysed_jan-apr,channel_1,7.536216821696286,140,ok,crepe
2024_analysed_jan-apr,channel_1,6.8919885184317975,158,ok,crepe
2024_analysed_jan-apr,channel_1,1.0454485353294516,116,ok,crepe
2024_analysed_jan-apr,channel_1,9.493414220177648,145,ok,crepe
2024_analysed_jan-apr,channel_0,-3.5348950951027565,101,ok,crepe
2024_analysed_jan-apr,channel_0,-2.908128846744548,81,ok,crepe
2024_analysed_jan-apr,channel_1,2.7898002681993743,132,ok,crepe
2024_analysed_jan-apr,channel_1,2.6386002706984693,121,ok,crepe
2024_analysed_jan-apr,channel_1,3.328459579255899,138,ok,crepe
2024_analysed_jan-apr,channel_1,-1.410384031813889,93,ok,crepe
2024_analysed_jan-apr,channel_1,5.68268720081997,152,ok,crepe
2024_analysed_jan-apr,channel_1,2.9282942408606156,106,ok,crepe
2024_analysed_jan-apr,channel_1,1.9228087153085627,116,ok,crepe
2024_analysed_jan-apr,channel_0,6.454655380659884,172,ok,crepe
2024_analysed_jan-apr,channel_1,13.43901776755124,174,ok,crepe
2024_analysed_jan-apr,channel_1,4.225211083309544,162,ok,crepe
2024_analysed_jan-apr,channel_1,1.9551685898927174,143,ok,crepe
2024_analysed_jan-apr,channel_1,4.87576531719463,124,ok,crepe
2024_analysed_jan-apr,channel_1,2.749167874726688,116,ok,crepe
2024_analysed_jan-apr,channel_1,6.161782386006599,168,ok,crepe
2024_analysed_jan-apr,channel_1,3.022765800812561,162,ok,crepe
2024_analysed_jan-apr,channel_1,5.932925627225771,171,ok,crepe
2024_analysed_jan-apr,channel_1,3.8790534456525667,112,ok,crepe
2024_analysed_jan-apr,channel_0,-6.900382555397496,117,ok,crepe
2024_analysed_jan-apr,channel_1,2.7034653497014496,153,ok,crepe
2024_analysed_jan-apr,channel_1,13.668384179434124,149,ok,crepe
2024_analysed_jan-apr,channel_1,0.5161418575691156,130,ok,crepe
2024_analysed_jan-apr,channel_1,0.9831840524746458,127,ok,crepe
2024_analysed_jan-apr,channel_1,12.646513535504988,133,ok,crepe
2024_analysed_jan-apr,channel_1,11.322100298090376,103,ok,crepe
2024_analysed_jan-apr,channel_1,1.5709670646056828,119,ok,crepe
2024_analysed_jan-apr,channel_0,-0.5723462679332267,110,ok,crepe
2024_analysed_jan-apr,channel_1,1.965129629309173,118,ok,crepe
2024_analysed_jan-apr,channel_1,-0.029663267402438506,146,ok,crepe
2024_analysed_jan-apr,channel_1,8.627818010658768,118,ok,crepe
2024_analysed_jan-apr,channel_0,-2.6624148706513346,117,ok,crepe
2024_analysed_jan-apr,channel_0,-0.21793978687820975,100,ok,crepe
2024_analysed_jan-apr,channel_1,3.0087387251500513,117,ok,crepe
2024_analysed_jan-apr,channel_1,5.645136033298717,147,ok,crepe
2024_analysed_jan-apr,channel_1,2.3070055223599244,190,ok,crepe
2024_analysed_jan-apr,channel_1,5.84651296226009,158,ok,crepe
2024_analysed_jan-apr,channel_1,-1.0113581327881855,115,ok,crepe
2024_analysed_jan-apr,channel_1,0.28710850923971376,113,ok,crepe
2024_analysed_jan-apr,channel_1,1.9762260905273048,105,ok,crepe
2024_analysed_jan-apr,channel_1,1.6114140837987065,82,ok,crepe
2024_analysed_jan-apr,channel_1,4.476724577718868,125,ok,crepe
2024_analysed_jan-apr,channel_1,0.6544044928608184,98,ok,crepe
2024_analysed_jan-apr,channel_1,-0.694276568209574,136,ok,crepe
2024_analysed_jan-apr,channel_1,2.818766982430102,153,ok,crepe
2024_analysed_jan-apr,channel_1,5.294828523716541,141,ok,crepe
2024_analysed_jan-apr,channel_1,8.395610392193243,133,ok,crepe
2024_analysed_jan-apr,channel_1,-1.8963325210562845,135,ok,crepe
2024_analysed_jan-apr,channel_1,0.6398673020969808,151,ok,crepe
2024_analysed_jan-apr,channel_1,10.582654296720456,113,ok,crepe
2024_analysed_jan-apr,channel_1,-13.79325277263183,139,ok,crepe
2024_analysed_jan-apr,channel_1,6.017691916704603,173,ok,crepe
2024_analysed_jan-apr,channel_1,0.5791934658631571,167,ok,crepe
2024_analysed_jan-apr,channel_1,7.822220682516083,174,ok,crepe
2024_analysed_jan-apr,channel_0,2.0523210473946363,101,ok,crepe
2024_analysed_jan-apr,channel_1,7.191250017950221,188,ok,crepe
2024_analysed_jan-apr,channel_0,-3.1868702942674365,109,ok,crepe
2024_analysed_jan-apr,channel_1,3.4635960711612066,131,ok,crepe
2024_analysed_jan-apr,channel_1,-2.0162632711232544,125,ok,crepe
2024_analysed_jan-apr,channel_1,1.4022042556541758,108,ok,crepe
2024_analysed_jan-apr,channel_1,5.1316218360495744,148,ok,crepe
2024_analysed_jan-apr,channel_1,8.541272016603507,155,ok,crepe
2024_analysed_jan-apr,channel_1,-0.4186255703778801,91,ok,crepe
2024_analysed_jan-apr,channel_1,-1.9983547406025286,138,ok,crepe
2024_analysed_jan-apr,channel_1,3.304082241193957,165,ok,crepe
2024_analysed_jan-apr,channel_1,4.128209887236485,96,ok,crepe
2024_analysed_jan-apr,channel_1,0.7499665832814564,139,ok,crepe
2024_analysed_jan-apr,channel_1,-4.875229766275087,78,ok,crepe
2024_analysed_jan-apr,channel_1,5.333601833895988,143,ok,crepe
2024_analysed_jan-apr,channel_1,1.7323477057184418,100,ok,crepe
2024_analysed_jan-apr,channel_1,13.147456431071735,155,ok,crepe
2024_analysed_jan-apr,channel_1,10.106446614588618,195,ok,crepe
2024_analysed_jan-apr,channel_1,10.2261416976472,191,ok,crepe
2024_analysed_jan-apr,channel_1,11.64547069981904,171,ok,crepe
2024_analysed_jan-apr,channel_0,-6.6489913700906165,80,ok,crepe
2024_analysed_jan-apr,channel_1,11.670982771311722,187,ok,crepe
2024_analysed_jan-apr,channel_1,6.786405263202582,124,ok,crepe
2024_analysed_jan-apr,channel_1,7.551350649106009,160,ok,crepe
2024_analysed_jan-apr,channel_1,2.8081788057621946,139,ok,crepe
2024_analysed_jan-apr,channel_1,3.055397831758822,98,ok,crepe
2024_analysed_jan-apr,channel_1,4.227710993128451,131,ok,crepe
2024_analysed_jan-apr,channel_1,1.7072222198782487,82,ok,crepe
2024_analysed_jan-apr,channel_1,3.7844995941764936,178,ok,crepe
2024_analysed_jan-apr,channel_1,3.879664355889378,123,ok,crepe
2024_analysed_jan-apr,channel_1,4.300426011566544,133,ok,crepe
2024_analysed_jan-apr,channel_1,1.7203621288218258,105,ok,crepe
2024_analysed_jan-apr,channel_1,1.1212143990914076,83,ok,crepe
2024_analysed_jan-apr,channel_1,8.137597099486747,163,ok,crepe
2024_analysed_jan-apr,channel_1,-9.95155881861858,2,ok,crepe
2024_analysed_jan-apr,channel_0,7.431527303220593,152,ok,crepe
2024_analysed_jan-apr,channel_1,-1.0197244433269752,128,ok,crepe
2024_analysed_jan-apr,channel_0,9.740138220963981,172,ok,crepe
2024_analysed_jan-apr,channel_1,5.682050291208087,106,ok,crepe
2024_analysed_jan-apr,channel_1,4.451569775174993,136,ok,crepe
2024_analysed_jan-apr,channel_1,0.852365243310049,135,ok,crepe
2024_analysed_jan-apr,channel_1,6.552835551438311,159,ok,crepe
2024_analysed_jan-apr,channel_1,6.33997424599106,162,ok,crepe
2024_analysed_jan-apr,channel_0,-0.06811416887835109,110,ok,crepe
2024_analysed_jan-apr,channel_0,0.4123848520133094,141,ok,crepe
2024_analysed_jan-apr,channel_1,6.6617396423212805,108,ok,crepe
2024_analysed_jan-apr,channel_0,-0.5443128489564186,124,ok,crepe
2024_analysed_jan-apr,channel_1,7.606954957314197,169,ok,crepe
2024_analysed_jan-apr,channel_0,-1.0970324045958113,139,ok,crepe
2024_analysed_jan-apr,channel_1,-1.4269819454766284,109,ok,crepe
2024_analysed_jan-apr,channel_1,-2.8509857286826596,108,ok,crepe
2024_analysed_jan-apr,channel_1,3.4414952603919193,146,ok,crepe
2024_analysed_jan-apr,channel_1,4.210424423470231,138,ok,crepe
2024_analysed_jan-apr,channel_1,8.477082274252139,174,ok,crepe
2024_analysed_jan-apr,channel_1,5.718111201732677,145,ok,crepe
2024_analysed_jan-apr,channel_1,9.319686467235016,144,ok,crepe
2024_analysed_jan-apr,channel_1,5.003046852595721,158,ok,crepe
2024_analysed_jan-apr,channel_1,9.709451173721922,143,ok,crepe
2024_analysed_jan-apr,channel_1,4.821335910797709,141,ok,crepe
2024_analysed_jan-apr,channel_0,8.488973808118068,170,ok,crepe
2024_analysed_jan-apr,channel_1,14.860446064798595,167,ok,crepe
2024_analysed_jan-apr,channel_1,-1.2824238059132045,61,ok,crepe
2024_analysed_jan-apr,channel_1,0.3201443274143856,124,ok,crepe
2024_analysed_jan-apr,channel_1,9.460936727502698,185,ok,crepe
2024_analysed_jan-apr,channel_1,14.291096181818997,97,ok,crepe
2024_analysed_jan-apr,channel_1,3.6999162596724977,153,ok,crepe
2024_analysed_jan-apr,channel_1,4.323740973709737,98,ok,crepe
2024_analysed_jan-apr,channel_1,4.577252034095113,150,ok,crepe
2024_analysed_jan-apr,channel_0,1.9521759298961556,134,ok,crepe
2024_analysed_jan-apr,channel_1,11.245415377207468,180,ok,crepe
2024_analysed_jan-apr,channel_1,5.845233723855996,143,ok,crepe
2024_analysed_jan-apr,channel_0,-1.2358636587302168,47,ok,crepe
2024_analysed_jan-apr,channel_1,8.913454532567611,171,ok,crepe
2024_analysed_jan-apr,channel_1,7.995028583567613,153,ok,crepe
2024_analysed_jan-apr,channel_0,16.49749863056513,157,ok,crepe
2024_analysed_jan-apr,channel_1,5.975374838348662,153,ok,crepe
2024_analysed_jan-apr,channel_1,8.466290864458157,178,ok,crepe
2024_analysed_jan-apr,channel_1,2.0639389197377476,141,ok,crepe
2024_analysed_jan-apr,channel_1,2.5163946253302716,154,ok,crepe
2024_analysed_jan-apr,channel_1,2.8563285619148306,136,ok,crepe
2024_analysed_jan-apr,channel_1,-3.3587999223960896,61,ok,crepe
2024_analysed_jan-apr,channel_1,6.848657569600515,103,ok,crepe
2024_analysed_jan-apr,channel_1,9.149323744746777,127,ok,crepe
2024_analysed_jan-apr,channel_1,3.1102382302570852,112,ok,crepe
2024_analysed_jan-apr,channel_1,7.704756213503849,186,ok,crepe
2024_analysed_jan-apr,channel_1,2.50166093829102,155,ok,crepe
2024_analysed_jan-apr,channel_1,-3.9289065963985017,137,ok,crepe
2024_analysed_jan-apr,channel_1,16.84476510612154,185,ok,crepe
2024_analysed_jan-apr,channel_1,-1.8402856778534957,135,ok,crepe
2024_analysed_jan-apr,channel_1,9.861156940360793,178,ok,crepe
2024_analysed_jan-apr,channel_0,-3.4992330239689693,82,ok,crepe
2024_analysed_jan-apr,channel_1,1.8357761578824046,112,ok,crepe
2024_analysed_jan-apr,channel_1,0.5324021458256307,106,ok,crepe
2024_analysed_jan-apr,channel_1,1.298909949223752,157,ok,crepe
2024_analysed_jan-apr,channel_0,14.987156487913985,183,ok,crepe
2024_analysed_jan-apr,channel_1,7.938338884353611,123,ok,crepe
2024_analysed_jan-apr,channel_1,4.290351269227,156,ok,crepe
2024_analysed_jan-apr,channel_1,-0.8360546775387672,93,ok,crepe
2024_analysed_jan-apr,channel_1,3.51910458644026,118,ok,crepe
2024_analysed_jan-apr,channel_1,4.019275786466495,142,ok,crepe
2024_analysed_jan-apr,channel_1,8.38560640874907,151,ok,crepe
2024_analysed_jan-apr,channel_1,6.413229622012358,140,ok,crepe
2024_analysed_jan-apr,channel_1,6.291662583704843,128,ok,crepe
2024_analysed_jan-apr,channel_1,5.257749178026087,155,ok,crepe
2024_analysed_jan-apr,channel_1,4.974428273121583,173,ok,crepe
2024_analysed_jan-apr,channel_1,3.2184868381313865,139,ok,crepe
2024_analysed_jan-apr,channel_1,5.597704850407583,113,ok,crepe
2024_analysed_jan-apr,channel_1,-127.1958437430246,65,ok,crepe
2024_analysed_jan-apr,channel_1,-0.552757286786924,120,ok,crepe
2024_analysed_jan-apr,channel_1,2.5982499262396836,149,ok,crepe
2024_analysed_jan-apr,channel_1,4.933295958525379,132,ok,crepe
2024_analysed_jan-apr,channel_0,6.959831654357247,176,ok,crepe
2024_analysed_jan-apr,channel_1,-4.415819373060889,92,ok,crepe
2024_analysed_jan-apr,channel_1,-2.542109221981819,109,ok,crepe
2024_analysed_jan-apr,channel_0,-3.0431551124155765,117,ok,crepe
2024_analysed_jan-apr,channel_1,0.7049945657289771,154,ok,crepe
2024_analysed_jan-apr,channel_1,-2.6805951431079467,105,ok,crepe
2024_analysed_jan-apr,channel_1,8.777218443571165,127,ok,crepe
2024_analysed_jan-apr,channel_1,7.780242235453832,175,ok,crepe
2024_analysed_jan-apr,channel_1,-0.9446857810461707,148,ok,crepe
2024_analysed_jan-apr,channel_1,3.305313933767514,137,ok,crepe
2024_analysed_jan-apr,channel_1,4.152933317449778,159,ok,crepe
2024_analysed_jan-apr,channel_1,8.427435251245681,127,ok,crepe
2024_analysed_jan-apr,channel_1,6.647138331971636,78,ok,crepe
2024_analysed_jan-apr,channel_1,9.866730489964436,164,ok,crepe
2024_analysed_jan-apr,channel_1,12.213710049858971,151,ok,crepe
2024_analysed_jan-apr,channel_0,-2.4337419432338065,124,ok,crepe
2024_analysed_jan-apr,channel_1,-1.0675403083116455,114,ok,crepe
2024_analysed_jan-apr,channel_1,-0.2968718635510394,73,ok,crepe
2024_analysed_jan-apr,channel_1,11.183494492097946,189,ok,crepe
2024_analysed_jan-apr,channel_1,2.625727335114252,128,ok,crepe
2024_analysed_jan-apr,channel_1,-1.4078128478365446,76,ok,crepe
2024_analysed_jan-apr,channel_1,6.433974286973956,160,ok,crepe
2024_analysed_jan-apr,channel_1,8.86650472120023,108,ok,crepe
2024_analysed_jan-apr,channel_0,-4.894406216408792,100,ok,crepe
2024_analysed_jan-apr,channel_1,2.463831863641268,130,ok,crepe
2024_analysed_jan-apr,channel_0,14.809450959301314,206,ok,crepe
2024_analysed_jan-apr,channel_0,-2.738373763829955,119,ok,crepe
2024_analysed_jan-apr,channel_1,0.8332262698814914,104,ok,crepe
2024_analysed_jan-apr,channel_0,-5.565242358200143,70,ok,crepe
2024_analysed_jan-apr,channel_1,2.3003807152139837,135,ok,crepe
2024_analysed_jan-apr,channel_1,0.6049090852701238,123,ok,crepe
2024_analysed_jan-apr,channel_1,0.05590457683229865,124,ok,crepe
2024_analysed_jan-apr,channel_1,3.627121842324292,82,ok,crepe
2024_analysed_jan-apr,channel_1,-125.71810019998526,69,ok,crepe
2024_analysed_jan-apr,channel_1,8.868269697672872,127,ok,crepe
2024_analysed_jan-apr,channel_1,3.6944610643239377,133,ok,crepe
2024_analysed_jan-apr,channel_1,-0.05322387137263921,109,ok,crepe
2024_analysed_jan-apr,channel_1,1.4723851862291182,142,ok,crepe
2024_analysed_jan-apr,channel_1,-1.1351567706196262,145,ok,crepe
2024_analysed_jan-apr,channel_1,6.023319219343693,138,ok,crepe
2024_analysed_jan-apr,channel_1,6.167933436794051,136,ok,crepe
2024_analysed_jan-apr,channel_1,2.427185579843839,135,ok,crepe
2024_analysed_jan-apr,channel_1,9.125269101947453,107,ok,crepe
2024_analysed_jan-apr,channel_1,4.431669449710909,170,ok,crepe
2024_analysed_jan-apr,channel_1,1.7165912586555598,144,ok,crepe
2024_analysed_jan-apr,channel_1,8.037523053198369,125,ok,crepe
2024_analysed_jan-apr,channel_1,0.6571903272683316,133,ok,crepe
2024_analysed_jan-apr,channel_1,-127.22527837339202,101,ok,crepe
2024_analysed_jan-apr,channel_1,8.364280535252378,169,ok,crepe
2024_analysed_jan-apr,channel_1,6.828841783961167,142,ok,crepe
2024_analysed_jan-apr,channel_1,2.8976156181611583,133,ok,crepe
2024_analysed_jan-apr,channel_1,3.1158666000097,147,ok,crepe
2024_analysed_jan-apr,channel_1,0.614147844932805,124,ok,crepe
2024_analysed_jan-apr,channel_1,-1.8618703975102395,119,ok,crepe
2024_analysed_jan-apr,channel_0,3.423841632085633,157,ok,crepe
2024_analysed_jan-apr,channel_1,5.696957832383907,154,ok,crepe
2024_analysed_jan-apr,channel_1,8.900487262744882,151,ok,crepe
2024_analysed_jan-apr,channel_1,15.991513461655638,178,ok,crepe
2024_analysed_jan-apr,channel_1,12.423753547518398,183,ok,crepe
2024_analysed_jan-apr,channel_1,7.5033363950443075,144,ok,crepe
2024_analysed_jan-apr,channel_1,-2.533128962207897,107,ok,crepe
2024_analysed_jan-apr,channel_1,5.397246047621999,113,ok,crepe
2024_analysed_jan-apr,channel_1,6.511872903070665,139,ok,crepe
2024_analysed_jan-apr,channel_1,9.693835536574282,169,ok,crepe
2024_analysed_jan-apr,channel_1,0.892114976463043,165,ok,crepe
2024_analysed_jan-apr,channel_1,5.866644225379943,163,ok,crepe
2024_analysed_jan-apr,channel_1,5.523236825828684,163,ok,crepe
2024_analysed_jan-apr,channel_1,-0.710152432737631,139,ok,crepe
2024_analysed_jan-apr,channel_1,9.13350166720119,161,ok,crepe
2024_analysed_jan-apr,channel_1,8.458101608345022,186,ok,crepe
2024_analysed_jan-apr,channel_1,0.1818925868979765,124,ok,crepe
2024_analysed_jan-apr,channel_1,5.675401533540768,152,ok,crepe
2024_analysed_jan-apr,channel_1,9.096299707552012,117,ok,crepe
2024_analysed_jan-apr,channel_0,-4.9004181366163735,79,ok,crepe
2024_analysed_jan-apr,channel_1,14.748260402230468,203,ok,crepe
2024_analysed_jan-apr,channel_0,4.263571201003328,123,ok,crepe
2024_analysed_jan-apr,channel_1,2.708550936550846,144,ok,crepe
2024_analysed_jan-apr,channel_0,-0.7806086868504671,112,ok,crepe
2024_analysed_jan-apr,channel_1,0.008378444007528964,130,ok,crepe
2024_analysed_jan-apr,channel_1,2.571607252773335,121,ok,crepe
2024_analysed_jan-apr,channel_1,8.875491095758177,134,ok,crepe
2024_analysed_jan-apr,channel_1,0.30078945516301875,147,ok,crepe
2024_analysed_jan-apr,channel_1,1.3361455217604326,126,ok,crepe
2024_analysed_jan-apr,channel_1,-2.0517392816399593,146,ok,crepe
2024_analysed_jan-apr,channel_1,-0.838300414790323,163,ok,crepe
2024_analysed_jan-apr,channel_1,14.834978501744793,107,ok,crepe
2024_analysed_jan-apr,channel_1,3.800312756934389,114,ok,crepe
2024_analysed_jan-apr,channel_1,4.911868758101666,89,ok,crepe
2024_analysed_jan-apr,channel_0,-4.347893597020699,73,ok,crepe
2024_analysed_jan-apr,channel_1,-1.6399373870654719,115,ok,crepe
2024_analysed_jan-apr,channel_1,0.008865641840685501,114,ok,crepe
2024_analysed_jan-apr,channel_1,7.370036821764938,169,ok,crepe
2024_analysed_jan-apr,channel_1,8.705715721156707,129,ok,crepe
2024_analysed_jan-apr,channel_1,1.7462437372792625,120,ok,crepe
2024_analysed_jan-apr,channel_1,6.107922030108965,117,ok,crepe
2024_analysed_jan-apr,channel_1,4.310836674331384,96,ok,crepe
2024_analysed_jan-apr,channel_1,7.180134901299693,177,ok,crepe
2024_analysed_jan-apr,channel_1,0.49072728705375923,121,ok,crepe
2024_analysed_jan-apr,channel_1,3.5243401611061302,127,ok,crepe
2024_analysed_jan-apr,channel_1,7.45576705049236,157,ok,crepe
2024_analysed_jan-apr,channel_1,14.508372485440646,174,ok,crepe
2024_analysed_jan-apr,channel_1,8.669085438518355,150,ok,crepe
2024_analysed_jan-apr,channel_1,-3.767474732316477,104,ok,crepe
2024_analysed_jan-apr,channel_1,0.5638192989849016,139,ok,crepe
2024_analysed_jan-apr,channel_1,-0.8253870643275933,167,ok,crepe
2024_analysed_jan-apr,channel_1,5.1589659181784775,139,ok,crepe
2024_analysed_jan-apr,channel_0,-4.2571311431867835,91,ok,crepe
2024_analysed_jan-apr,channel_1,4.412920380636841,161,ok,crepe
2024_analysed_jan-apr,channel_1,10.158594113150416,127,ok,crepe
2024_analysed_jan-apr,channel_1,3.4941421615100965,133,ok,crepe
2024_analysed_jan-apr,channel_0,3.5628085711410966,158,ok,crepe
2024_analysed_jan-apr,channel_1,7.757115282547984,154,ok,crepe
2024_analysed_jan-apr,channel_1,5.209189147234498,150,ok,crepe
2024_analysed_jan-apr,channel_0,13.334785954194174,201,ok,crepe
2024_analysed_jan-apr,channel_1,4.892002434124041,183,ok,crepe
2024_analysed_jan-apr,channel_1,7.334915697886286,138,ok,crepe
2024_analysed_jan-apr,channel_1,4.284117994037048,119,ok,crepe
2024_analysed_jan-apr,channel_1,-1.7731154203887303,47,ok,crepe
2024_analysed_jan-apr,channel_1,7.1172218050550455,189,ok,crepe
2024_analysed_jan-apr,channel_0,5.461695801927348,156,ok,crepe
2024_analysed_jan-apr,channel_1,3.756594907361232,164,ok,crepe
2024_analysed_jan-apr,channel_1,0.4961448789735822,111,ok,crepe
2024_analysed_jan-apr,channel_1,-3.2196661574854346,108,ok,crepe
2024_analysed_jan-apr,channel_1,6.49494953558543,123,ok,crepe
2024_analysed_jan-apr,channel_1,1.0805791828941849,96,ok,crepe
2024_analysed_jan-apr,channel_1,3.41821852751573,91,ok,crepe
2024_analysed_jan-apr,channel_1,4.768176038393866,101,ok,crepe
2024_analysed_jan-apr,channel_1,-3.8685253016625514,95,ok,crepe
2024_analysed_jan-apr,channel_1,1.3294611686190807,114,ok,crepe
2024_analysed_jan-apr,channel_1,4.2002247774620205,183,ok,crepe
2024_analysed_jan-apr,channel_1,3.9025671213701143,135,ok,crepe
2024_analysed_jan-apr,channel_1,3.7441066821774744,150,ok,crepe
2024_analysed_jan-apr,channel_1,1.674542282712475,103,ok,crepe
2024_analysed_jan-apr,channel_1,8.36829625136607,112,ok,crepe
2024_analysed_jan-apr,channel_1,-1.0754379153981826,92,ok,crepe
2024_analysed_jan-apr,channel_1,3.214804380313966,139,ok,crepe
2024_analysed_jan-apr,channel_1,14.428303213145421,169,ok,crepe
2024_analysed_jan-apr,channel_1,5.277059425205812,155,ok,crepe
2024_analysed_jan-apr,channel_1,11.602846660524815,195,ok,crepe
2024_analysed_jan-apr,channel_1,-126.0406679121818,91,ok,crepe
2024_analysed_jan-apr,channel_1,5.9948909533106365,137,ok,crepe
2024_analysed_jan-apr,channel_1,4.094920540183322,132,ok,crepe
2024_analysed_jan-apr,channel_1,1.7547452677686652,161,ok,crepe
2024_analysed_jan-apr,channel_1,14.669796202731991,198,ok,crepe
2024_analysed_jan-apr,channel_0,4.5787909784338865,183,ok,crepe
2024_analysed_jan-apr,channel_1,1.8940628766937135,165,ok,crepe
2024_analysed_jan-apr,channel_1,3.3767470410014466,133,ok,crepe
2024_analysed_jan-apr,channel_1,4.287682929941811,144,ok,crepe
2024_analysed_jan-apr,channel_0,-2.1524799616983663,139,ok,crepe
2024_analysed_jan-apr,channel_1,1.3470322505975485,100,ok,crepe
2024_analysed_jan-apr,channel_0,-3.039918531183913,82,ok,crepe
2024_analysed_jan-apr,channel_1,5.746976264805477,158,ok,crepe
2024_analysed_jan-apr,channel_1,11.39521080901412,185,ok,crepe
2024_analysed_jan-apr,channel_1,-11.499200994705681,43,ok,crepe
2024_analysed_jan-apr,channel_1,5.9509790813024726,126,ok,crepe
2024_analysed_jan-apr,channel_1,3.6031259257841137,116,ok,crepe
2024_analysed_jan-apr,channel_1,6.906604764714695,142,ok,crepe
2024_analysed_jan-apr,channel_1,8.151548370669543,136,ok,crepe
2024_analysed_jan-apr,channel_1,5.998518067477984,131,ok,crepe
2024_analysed_jan-apr,channel_1,-8.519406111874135,107,ok,crepe
2024_analysed_jan-apr,channel_1,5.761171618105166,80,ok,crepe
2024_analysed_jan-apr,channel_1,5.00338492946363,125,ok,crepe
2024_analysed_jan-apr,channel_1,0.4059595585271837,105,ok,crepe
2024_analysed_jan-apr,channel_1,4.508220343275485,151,ok,crepe
2024_analysed_jan-apr,channel_0,-2.9890863176058575,87,ok,crepe
2024_analysed_jan-apr,channel_1,10.097463198586718,192,ok,crepe
2024_analysed_jan-apr,channel_1,6.575453720691859,129,ok,crepe
2024_analysed_jan-apr,channel_1,-1.4107510533810177,121,ok,crepe
2024_analysed_jan-apr,channel_1,14.31655562662111,136,ok,crepe
2024_analysed_jan-apr,channel_1,1.3064832544963814,110,ok,crepe
2024_analysed_jan-apr,channel_1,-3.420328043876573,117,ok,crepe
2024_analysed_jan-apr,channel_1,16.72669184084285,144,ok,crepe
2024_analysed_jan-apr,channel_0,-7.533360771994168,96,ok,crepe
2024_analysed_jan-apr,channel_1,3.266494160971742,140,ok,crepe
2024_analysed_jan-apr,channel_1,-2.5357310208009114,120,ok,crepe
2024_analysed_jan-apr,channel_1,-0.8157337838108949,140,ok,crepe
2024_analysed_jan-apr,channel_1,4.811329044463871,165,ok,crepe
2024_analysed_jan-apr,channel_1,-0.7889294562583481,147,ok,crepe
2024_analysed_jan-apr,channel_1,0.887091428373526,98,ok,crepe
2024_analysed_jan-apr,channel_1,2.937329025897793,91,ok,crepe
2024_analysed_jan-apr,channel_1,-3.89351750826225,77,ok,crepe
2024_analysed_jan-apr,channel_1,4.045796383665009,155,ok,crepe
2024_analysed_jan-apr,channel_0,-1.7167661367082985,126,ok,crepe
2024_analysed_jan-apr,channel_1,1.2839283633980314,131,ok,crepe
2024_analysed_jan-apr,channel_1,5.459751932388657,167,ok,crepe
2024_analysed_jan-apr,channel_0,1.8372762509917495,135,ok,crepe
2024_analysed_jan-apr,channel_1,1.0224509535711173,123,ok,crepe
2024_analysed_jan-apr,channel_1,4.257271468578808,122,ok,crepe
2024_analysed_jan-apr,channel_1,10.974504917736965,171,ok,crepe
2024_analysed_jan-apr,channel_1,-3.3480196352827365,114,ok,crepe
2024_analysed_jan-apr,channel_1,0.7775754407727147,71,ok,crepe
2024_analysed_jan-apr,channel_1,1.09978179449248,118,ok,crepe
2024_analysed_jan-apr,channel_1,2.1956230474914644,133,ok,crepe
2024_analysed_jan-apr,channel_1,10.520916158206104,176,ok,crepe
2024_analysed_jan-apr,channel_1,4.1570153281110915,176,ok,crepe
2024_analysed_jan-apr,channel_1,4.605228186186412,109,ok,crepe
2024_analysed_jan-apr,channel_0,4.916358601727654,176,ok,crepe
2024_analysed_jan-apr,channel_1,7.665461650983745,172,ok,crepe
2024_analysed_jan-apr,channel_1,5.767988784124913,181,ok,crepe
2024_analysed_jan-apr,channel_1,4.640089327006142,145,ok,crepe
2024_analysed_jan-apr,channel_0,-1.581685241398605,110,ok,crepe
2024_analysed_jan-apr,channel_1,2.6169667211789758,182,ok,crepe
2024_analysed_jan-apr,channel_1,5.228540934935767,158,ok,crepe
2024_analysed_jan-apr,channel_1,7.294401038170896,158,ok,crepe
2024_analysed_jan-apr,channel_1,7.681567554055011,102,ok,crepe
2024_analysed_jan-apr,channel_1,8.912428663457773,153,ok,crepe
2024_analysed_jan-apr,channel_1,7.611901816646956,132,ok,crepe
2024_analysed_jan-apr,channel_1,-0.9316027532212083,112,ok,crepe
2024_analysed_jan-apr,channel_1,1.4236602863937662,91,ok,crepe
2024_analysed_jan-apr,channel_1,-2.232491258864165,72,ok,crepe
2024_analysed_jan-apr,channel_1,-1.7816436501310517,83,ok,crepe
2024_analysed_jan-apr,channel_1,2.4499085313071762,128,ok,crepe
2024_analysed_jan-apr,channel_1,-7.045749562186266,113,ok,crepe
2024_analysed_jan-apr,channel_1,8.030865648654629,182,ok,crepe
2024_analysed_jan-apr,channel_1,4.266846722184088,148,ok,crepe
2024_analysed_jan-apr,channel_1,12.08101767289778,164,ok,crepe
2024_analysed_jan-apr,channel_1,6.7608268699112815,121,ok,crepe
2024_analysed_jan-apr,channel_1,7.0157350945981065,180,ok,crepe
2024_analysed_jan-apr,channel_1,2.5924421835106175,141,ok,crepe
2024_analysed_jan-apr,channel_1,7.887052381732945,158,ok,crepe
2024_analysed_jan-apr,channel_1,-0.388392971913995,82,ok,crepe
2024_analysed_jan-apr,channel_0,4.455933105455868,182,ok,crepe
2024_analysed_jan-apr,channel_1,12.839900926895018,169,ok,crepe
2024_analysed_jan-apr,channel_1,5.187765399946694,146,ok,crepe
2024_analysed_jan-apr,channel_1,1.386548791684274,141,ok,crepe
2024_analysed_jan-apr,channel_1,8.637381955353263,111,ok,crepe
2024_analysed_jan-apr,channel_1,7.739336564782633,187,ok,crepe
2024_analysed_jan-apr,channel_1,6.346688795013953,179,ok,crepe
2024_analysed_jan-apr,channel_1,-3.8012330689045837,150,ok,crepe
2024_analysed_jan-apr,channel_1,7.98942095727051,171,ok,crepe
2024_analysed_jan-apr,channel_1,4.560323502648651,106,ok,crepe
2024_analysed_jan-apr,channel_0,-2.2375710923609207,114,ok,crepe
2024_analysed_jan-apr,channel_1,2.768461641238031,117,ok,crepe
2024_analysed_jan-apr,channel_1,6.962275178233654,155,ok,crepe
2024_analysed_jan-apr,channel_1,12.367023125825572,168,ok,crepe
2024_analysed_jan-apr,channel_1,4.503938420864853,161,ok,crepe
2024_analysed_jan-apr,channel_1,13.970751765141912,175,ok,crepe
2024_analysed_jan-apr,channel_1,2.5604296980615104,134,ok,crepe
2024_analysed_jan-apr,channel_1,6.534311264061526,148,ok,crepe
2024_analysed_jan-apr,channel_1,7.958790230807549,112,ok,crepe
2024_analysed_jan-apr,channel_1,0.14262198998951273,97,ok,crepe
2024_analysed_jan-apr,channel_1,-1.6521743224967478,99,ok,crepe
2024_analysed_jan-apr,channel_0,1.287839454602093,115,ok,crepe
2024_analysed_jan-apr,channel_1,2.27876418535905,147,ok,crepe
2024_analysed_jan-apr,channel_1,9.72957395564265,166,ok,crepe
2024_analysed_jan-apr,channel_1,2.925520807139233,147,ok,crepe
2024_analysed_jan-apr,channel_1,9.596289472799242,191,ok,crepe
2024_analysed_jan-apr,channel_1,7.617833554184713,162,ok,crepe
2024_analysed_jan-apr,channel_0,0.2668548208244149,130,ok,crepe
2024_analysed_jan-apr,channel_1,20.312290673027277,186,ok,crepe
2024_analysed_jan-apr,channel_1,-1.5496823772198842,124,ok,crepe
2024_analysed_jan-apr,channel_1,3.890652021712977,145,ok,crepe
2024_analysed_jan-apr,channel_1,6.956967155291357,156,ok,crepe
2024_analysed_jan-apr,channel_1,7.360842339896564,166,ok,crepe
2024_analysed_jan-apr,channel_0,-2.560738832272238,93,ok,crepe
2024_analysed_jan-apr,channel_1,7.485125240304279,124,ok,crepe
2024_analysed_jan-apr,channel_1,0.767790284759615,154,ok,crepe
2024_analysed_jan-apr,channel_1,3.739568809766686,156,ok,crepe
2024_analysed_jan-apr,channel_1,1.3767810699652305,140,ok,crepe
2024_analysed_jan-apr,channel_1,10.156130037348326,155,ok,crepe
2024_analysed_jan-apr,channel_1,-0.7242276447205404,89,ok,crepe
2024_analysed_jan-apr,channel_1,5.4562901647100155,166,ok,crepe
2024_analysed_jan-apr,channel_1,3.4054808175750595,128,ok,crepe
2024_analysed_jan-apr,channel_1,7.109000359813161,127,ok,crepe
2024_analysed_jan-apr,channel_1,11.291735845127803,153,ok,crepe
2024_analysed_jan-apr,channel_1,10.64947861236595,199,ok,crepe
2024_analysed_jan-apr,channel_1,-1.6778775278358395,146,ok,crepe
2024_analysed_jan-apr,channel_1,6.710351681862852,143,ok,crepe
2024_analysed_jan-apr,channel_1,1.9828123510266236,85,ok,crepe
2024_analysed_jan-apr,channel_1,2.588832918086181,102,ok,crepe
2024_analysed_jan-apr,channel_1,16.210396459898433,197,ok,crepe
2024_analysed_jan-apr,channel_1,-0.264909110080663,114,ok,crepe
2024_analysed_jan-apr,channel_1,19.715159766769258,156,ok,crepe
2024_analysed_jan-apr,channel_1,12.133508976436708,166,ok,crepe
2024_analysed_jan-apr,channel_1,5.58324006379772,103,ok,crepe
2024_analysed_jan-apr,channel_1,8.32924388145839,171,ok,crepe
2024_analysed_jan-apr,channel_1,-3.191270098854922,87,ok,crepe
2024_analysed_jan-apr,channel_1,9.239057816563882,131,ok,crepe
2024_analysed_jan-apr,channel_1,2.9028456330565677,127,ok,crepe
2024_analysed_jan-apr,channel_1,4.0833974892776865,70,ok,crepe
2024_analysed_jan-apr,channel_1,6.635721912476552,152,ok,crepe
2024_analysed_jan-apr,channel_1,3.881660191983377,126,ok,crepe
2024_analysed_jan-apr,channel_1,6.815932817145417,114,ok,crepe
2024_analysed_jan-apr,channel_1,4.304049371270402,148,ok,crepe
2024_analysed_jan-apr,channel_1,-2.519145292804543,84,ok,crepe
2024_analysed_jan-apr,channel_1,2.443642682764627,110,ok,crepe
2024_analysed_jan-apr,channel_1,4.729018471069926,93,ok,crepe
2024_analysed_jan-apr,channel_1,9.037804236982051,176,ok,crepe
2024_analysed_jan-apr,channel_0,5.419651244151097,154,ok,crepe
2024_analysed_jan-apr,channel_1,2.2501272435950033,143,ok,crepe
2024_analysed_jan-apr,channel_1,2.711381649850147,133,ok,crepe
2024_analysed_jan-apr,channel_0,-2.900057745574138,111,ok,crepe
2024_analysed_jan-apr,channel_0,3.935606839921612,160,ok,crepe
2024_analysed_jan-apr,channel_1,15.100115678170729,160,ok,crepe
2024_analysed_jan-apr,channel_1,5.007102245983923,171,ok,crepe
2024_analysed_jan-apr,channel_1,1.4387252153386663,123,ok,crepe
2024_analysed_jan-apr,channel_0,9.529550565891885,137,ok,crepe
2024_analysed_jan-apr,channel_1,8.736884942366967,159,ok,crepe
2024_analysed_jan-apr,channel_1,1.6422643275067204,108,ok,crepe
2024_analysed_jan-apr,channel_1,2.935053859601103,125,ok,crepe
2024_analysed_jan-apr,channel_1,0.23668344328616614,167,ok,crepe
2024_analysed_jan-apr,channel_0,-4.988318448732542,117,ok,crepe
2024_analysed_jan-apr,channel_1,5.149666768363257,134,ok,crepe
2024_analysed_jan-apr,channel_1,5.841553021326006,149,ok,crepe
2024_analysed_jan-apr,channel_1,3.152103560381387,110,ok,crepe
2024_analysed_jan-apr,channel_1,2.37809706694343,88,ok,crepe
2024_analysed_jan-apr,channel_1,-0.27624962807428205,114,ok,crepe
2024_analysed_jan-apr,channel_1,6.462149533198932,114,ok,crepe
2024_analysed_jan-apr,channel_0,6.988219381026175,136,ok,crepe
2024_analysed_jan-apr,channel_0,-1.3176411073522676,127,ok,crepe
2024_analysed_jan-apr,channel_0,11.400297382280261,163,ok,crepe
2024_analysed_jan-apr,channel_1,4.853204255210115,128,ok,crepe
2024_analysed_jan-apr,channel_1,-1.265908017010425,107,ok,crepe
2024_analysed_jan-apr,channel_1,4.745442935978962,139,ok,crepe
2024_analysed_jan-apr,channel_1,7.803881781467162,188,ok,crepe
2024_analysed_jan-apr,channel_1,3.923451372551214,81,ok,crepe
2024_analysed_jan-apr,channel_1,10.903599471935728,169,ok,crepe
2024_analysed_jan-apr,channel_1,5.95963118700484,134,ok,crepe
2024_analysed_jan-apr,channel_1,2.6485142687530185,181,ok,crepe
2024_analysed_jan-apr,channel_1,8.12343107181021,131,ok,crepe
2024_analysed_jan-apr,channel_1,2.8827474351018574,155,ok,crepe
2024_analysed_jan-apr,channel_1,0.7069175341689443,135,ok,crepe
2024_analysed_jan-apr,channel_1,-7.350053463342077,144,ok,crepe
2024_analysed_jan-apr,channel_1,6.757325429668278,181,ok,crepe
2024_analysed_jan-apr,channel_1,4.52518926152047,124,ok,crepe
2024_analysed_jan-apr,channel_1,7.8010612545742575,141,ok,crepe
2024_analysed_jan-apr,channel_1,-0.9051539886639004,99,ok,crepe
2024_analysed_jan-apr,channel_1,5.695166882445875,183,ok,crepe
2024_analysed_jan-apr,channel_1,5.256169791778033,122,ok,crepe
2024_analysed_jan-apr,channel_1,6.075234675969216,166,ok,crepe
2024_analysed_jan-apr,channel_0,-6.169988440257126,58,ok,crepe
2024_analysed_jan-apr,channel_1,-3.74314207454439,102,ok,crepe
2024_analysed_jan-apr,channel_1,5.512091139738492,72,ok,crepe
2024_analysed_jan-apr,channel_1,3.272474716047556,126,ok,crepe
2024_analysed_jan-apr,channel_1,5.167322063438719,146,ok,crepe
2024_analysed_jan-apr,channel_0,-2.4935157477775034,141,ok,crepe
2024_analysed_jan-apr,channel_1,2.319703426456271,125,ok,crepe
2024_analysed_jan-apr,channel_0,-4.447787926806077,120,ok,crepe
2024_analysed_jan-apr,channel_1,9.281315012872001,178,ok,crepe
2024_analysed_jan-apr,channel_1,4.26460419119753,172,ok,crepe
2024_analysed_jan-apr,channel_1,2.7298667446621923,117,ok,crepe
2024_analysed_jan-apr,channel_1,2.8035119920487817,111,ok,crepe
2024_analysed_jan-apr,channel_1,4.0626082293413175,138,ok,crepe
2024_analysed_jan-apr,channel_1,-1.7054506921260313,100,ok,crepe
2024_analysed_jan-apr,channel_1,-0.2623491995920767,46,ok,crepe
2024_analysed_jan-apr,channel_1,0.42616052903744106,66,ok,crepe
2024_analysed_jan-apr,channel_1,1.3171364794451068,92,ok,crepe
2024_analysed_jan-apr,channel_1,5.324902333496757,157,ok,crepe
2024_analysed_jan-apr,channel_1,7.111229214424943,151,ok,crepe
2024_analysed_jan-apr,channel_1,13.105255780328209,156,ok,crepe
2024_analysed_jan-apr,channel_1,-129.36222117749656,41,ok,crepe
2024_analysed_jan-apr,channel_1,5.438663612409479,137,ok,crepe
2024_analysed_jan-apr,channel_1,2.994945265630695,118,ok,crepe
2024_analysed_jan-apr,channel_1,2.7965085592834313,164,ok,crepe
2024_analysed_jan-apr,channel_1,5.147944219911019,139,ok,crepe
2024_analysed_jan-apr,channel_1,-4.278296708520564,122,ok,crepe
2024_analysed_jan-apr,channel_1,8.035865947655067,133,ok,crepe
2024_analysed_jan-apr,channel_1,5.189349100097983,94,ok,crepe
2024_analysed_jan-apr,channel_1,4.388762765746062,126,ok,crepe
2024_analysed_jan-apr,channel_1,6.32705891655791,166,ok,crepe
2024_analysed_jan-apr,channel_1,2.723385812110324,147,ok,crepe
2024_analysed_jan-apr,channel_1,5.461820961624957,101,ok,crepe
2024_analysed_jan-apr,channel_1,11.23544244974398,122,ok,crepe
2024_analysed_jan-apr,channel_1,13.501756902076034,193,ok,crepe
2024_analysed_jan-apr,channel_1,5.964829532424992,137,ok,crepe
2024_analysed_jan-apr,channel_1,7.2459277642252,118,ok,crepe
2024_analysed_jan-apr,channel_1,-0.5953242396518452,93,ok,crepe
2024_analysed_jan-apr,channel_1,-5.515173923962521,101,ok,crepe
2024_analysed_jan-apr,channel_1,4.261316161303047,147,ok,crepe
2024_analysed_jan-apr,channel_1,5.914350144194311,103,ok,crepe
2024_analysed_jan-apr,channel_1,0.35244253229553724,120,ok,crepe
2024_analysed_jan-apr,channel_1,11.41467871086567,157,ok,crepe
2024_analysed_jan-apr,channel_1,8.708974233229547,146,ok,crepe
2024_analysed_jan-apr,channel_1,5.702609420218151,117,ok,crepe
2024_analysed_jan-apr,channel_1,11.209038848825356,154,ok,crepe
2024_analysed_jan-apr,channel_1,3.465825832794331,145,ok,crepe
2024_analysed_jan-apr,channel_1,10.211006194224769,113,ok,crepe
2024_analysed_jan-apr,channel_1,3.464735071137288,119,ok,crepe
2024_analysed_jan-apr,channel_1,4.052432474027932,145,ok,crepe
2024_analysed_jan-apr,channel_1,12.512554052712353,168,ok,crepe
2024_analysed_jan-apr,channel_1,-2.751657250832481,85,ok,crepe
2024_analysed_jan-apr,channel_1,-0.3784860143389359,121,ok,crepe
2024_analysed_jan-apr,channel_1,8.503520844950376,172,ok,crepe
2024_analysed_jan-apr,channel_1,19.986340941680904,168,ok,crepe
2024_analysed_jan-apr,channel_0,-4.348068095392331,93,ok,crepe
2024_analysed_jan-apr,channel_1,0.6522817906308775,185,ok,crepe
2024_analysed_jan-apr,channel_1,2.4888922993306712,139,ok,crepe
2024_analysed_jan-apr,channel_0,-4.178037064241175,44,ok,crepe
2024_analysed_jan-apr,channel_1,-8.13743550967231e-05,120,ok,crepe
2024_analysed_jan-apr,channel_0,3.992628907216666,145,ok,crepe
2024_analysed_jan-apr,channel_1,17.20491633631447,205,ok,crepe
2024_analysed_jan-apr,channel_1,5.214482894056609,127,ok,crepe
2024_analysed_jan-apr,channel_1,2.150472440305216,159,ok,crepe
2024_analysed_jan-apr,channel_1,-2.215697527932699,102,ok,crepe
2024_analysed_jan-apr,channel_1,9.610385429603035,172,ok,crepe
2024_analysed_jan-apr,channel_1,9.868914946309943,126,ok,crepe
2024_analysed_jan-apr,channel_1,2.1352037550542753,122,ok,crepe
2024_analysed_jan-apr,channel_1,2.084567258898856,64,ok,crepe
2024_analysed_jan-apr,channel_0,-0.15074679385940107,149,ok,crepe
2024_analysed_jan-apr,channel_1,-1.3574495000196662,94,ok,crepe
2024_analysed_jan-apr,channel_1,4.900874800157725,153,ok,crepe
2024_analysed_jan-apr,channel_1,2.2435087583296065,161,ok,crepe
2024_analysed_jan-apr,channel_1,-0.2314997465571728,124,ok,crepe
2024_analysed_jan-apr,channel_1,-0.5995690517620959,132,ok,crepe
2024_analysed_jan-apr,channel_1,3.2254478235782607,157,ok,crepe
2024_analysed_jan-apr,channel_1,-0.11565161222131226,165,ok,crepe
2024_analysed_jan-apr,channel_1,6.999710086799167,139,ok,crepe
2024_analysed_jan-apr,channel_1,6.328158684558894,178,ok,crepe
2024_analysed_jan-apr,channel_1,4.789386695253698,167,ok,crepe
2024_analysed_jan-apr,channel_1,4.797647801710385,139,ok,crepe
2024_analysed_jan-apr,channel_1,5.896038162235832,147,ok,crepe
2024_analysed_jan-apr,channel_1,5.225860037273227,90,ok,crepe
2024_analysed_jan-apr,channel_1,8.378635341326337,102,ok,crepe
2024_analysed_jan-apr,channel_1,12.848524292268326,168,ok,crepe
2024_analysed_jan-apr,channel_1,0.6836613642853091,110,ok,crepe
2024_analysed_jan-apr,channel_1,2.787925484863034,129,ok,crepe
2024_analysed_jan-apr,channel_1,0.9319130838247657,112,ok,crepe
2024_analysed_jan-apr,channel_1,-3.199373303516038,109,ok,crepe
2024_analysed_jan-apr,channel_1,4.735840333292643,116,ok,crepe
2024_analysed_jan-apr,channel_1,2.8836765719421815,130,ok,crepe
2024_analysed_jan-apr,channel_0,-2.935527408942132,128,ok,crepe
2024_analysed_jan-apr,channel_1,-0.2334004049178962,94,ok,crepe
2024_analysed_jan-apr,channel_0,-1.5669274758135128,105,ok,crepe
2024_analysed_jan-apr,channel_1,0.5359006254870382,89,ok,crepe
2024_analysed_jan-apr,channel_0,-0.9620731673764549,90,ok,crepe
2024_analysed_jan-apr,channel_1,6.7246847501992395,124,ok,crepe
2024_analysed_jan-apr,channel_1,6.415683473050947,123,ok,crepe
2024_analysed_jan-apr,channel_1,4.3472718040001705,164,ok,crepe
2024_analysed_jan-apr,channel_1,-2.5877468036009184,83,ok,crepe
2024_analysed_jan-apr,channel_1,5.4350209256602176,98,ok,crepe
2024_analysed_jan-apr,channel_1,3.315889902507909,163,ok,crepe
2024_analysed_jan-apr,channel_1,6.94827858434852,152,ok,crepe
2024_analysed_jan-apr,channel_1,0.1844877961575248,108,ok,crepe
2024_analysed_jan-apr,channel_1,8.606784617128358,151,ok,crepe
2024_analysed_jan-apr,channel_0,-2.8993284584368393,68,ok,crepe
2024_analysed_jan-apr,channel_1,4.459202986453296,137,ok,crepe
2024_analysed_jan-apr,channel_1,2.652453204830363,126,ok,crepe
2024_analysed_jan-apr,channel_1,9.128656995144095,144,ok,crepe
2024_analysed_jan-apr,channel_0,4.306806871074459,111,ok,crepe
2024_analysed_jan-apr,channel_1,2.6319989064117273,152,ok,crepe
2024_analysed_jan-apr,channel_1,6.05729660781413,114,ok,crepe
2024_analysed_jan-apr,channel_1,-6.391574617341066,152,ok,crepe
2024_analysed_jan-apr,channel_1,8.754270787057866,135,ok,crepe
2024_analysed_jan-apr,channel_1,-0.14493275501351574,137,ok,crepe
2024_analysed_jan-apr,channel_1,1.6638425896539444,133,ok,crepe
2024_analysed_jan-apr,channel_1,9.14913117257077,118,ok,crepe
2024_analysed_jan-apr,channel_1,2.170423270333805,131,ok,crepe
2024_analysed_jan-apr,channel_1,6.589109919222579,156,ok,crepe
2024_analysed_jan-apr,channel_1,-0.5940685385563562,76,ok,crepe
2024_analysed_jan-apr,channel_1,2.433291838181543,87,ok,crepe
2024_analysed_jan-apr,channel_1,4.5398246119646775,90,ok,crepe
2024_analysed_jan-apr,channel_1,18.172514726085367,114,ok,crepe
2024_analysed_jan-apr,channel_0,14.77774282854523,117,ok,crepe
2024_analysed_jan-apr,channel_1,2.3479217043333755,135,ok,crepe
2024_analysed_jan-apr,channel_1,5.726491153413782,145,ok,crepe
2024_analysed_jan-apr,channel_0,-3.474348914821825,120,ok,crepe
2024_analysed_jan-apr,channel_1,6.897148526572147,156,ok,crepe
2024_analysed_jan-apr,channel_0,8.779214499545409,151,ok,crepe
2024_analysed_jan-apr,channel_0,-3.4352081052408803,60,ok,crepe
2024_analysed_jan-apr,channel_1,0.35026850112467434,117,ok,crepe
2024_analysed_jan-apr,channel_1,4.87487947223627,122,ok,crepe
2024_analysed_jan-apr,channel_1,6.785980221354231,135,ok,crepe
2024_analysed_jan-apr,channel_1,10.091011628119697,160,ok,crepe
2024_analysed_jan-apr,channel_0,2.078841279641134,91,ok,crepe
2024_analysed_jan-apr,channel_1,15.781284520684448,155,ok,crepe
2024_analysed_jan-apr,channel_1,-0.6891861566697532,110,ok,crepe
2024_analysed_jan-apr,channel_1,6.838910561121833,185,ok,crepe
2024_analysed_jan-apr,channel_1,14.996600221552509,159,ok,crepe
2024_analysed_jan-apr,channel_1,2.9744127109226715,143,ok,crepe
2024_analysed_jan-apr,channel_0,4.141568830712423,172,ok,crepe
2024_analysed_jan-apr,channel_1,7.647090326024468,128,ok,crepe
2024_analysed_jan-apr,channel_1,-0.25899609031914383,109,ok,crepe
2024_analysed_jan-apr,channel_1,4.029680830262899,168,ok,crepe
2024_analysed_jan-apr,channel_0,1.0728305527721285,122,ok,crepe
2024_analysed_jan-apr,channel_0,9.532398105599665,157,ok,crepe
2024_analysed_jan-apr,channel_0,6.36812782368541,143,ok,crepe
2024_analysed_jan-apr,channel_1,12.218710287450689,125,ok,crepe
2024_analysed_jan-apr,channel_1,13.082882390891593,165,ok,crepe
2024_analysed_jan-apr,channel_1,0.22229403497293698,135,ok,crepe
2024_analysed_jan-apr,channel_1,-0.09104494971503674,81,ok,crepe
2024_analysed_jan-apr,channel_1,2.090803997118844,157,ok,crepe
2024_analysed_jan-apr,channel_1,7.276164498334754,146,ok,crepe
2024_analysed_jan-apr,channel_1,8.871806174499216,147,ok,crepe
2024_analysed_jan-apr,channel_1,5.380591748569101,157,ok,crepe
2024_analysed_jan-apr,channel_1,-2.566343278667623,91,ok,crepe
2024_analysed_jan-apr,channel_1,4.868688715679119,149,ok,crepe
2024_analysed_jan-apr,channel_1,0.18788518850432392,93,ok,crepe
2024_analysed_jan-apr,channel_1,7.349685323873829,153,ok,crepe
2024_analysed_jan-apr,channel_1,5.514143604114946,165,ok,crepe
2024_analysed_jan-apr,channel_1,-3.2378892778222834,109,ok,crepe
2024_analysed_jan-apr,channel_1,11.080915015833654,166,ok,crepe
2024_analysed_jan-apr,channel_1,-1.1071576604664761,109,ok,crepe
2024_analysed_jan-apr,channel_1,-2.042804715894839,102,ok,crepe
2024_analysed_jan-apr,channel_1,6.365340521923656,131,ok,crepe
2024_analysed_jan-apr,channel_1,5.709720825353251,134,ok,crepe
2024_analysed_jan-apr,channel_0,-3.360045043772663,72,ok,crepe
2024_analysed_jan-apr,channel_1,0.31091491029846113,122,ok,crepe
2024_analysed_jan-apr,channel_1,6.688943882881725,115,ok,crepe
2024_analysed_jan-apr,channel_1,-0.19180480816212253,96,ok,crepe
2024_analysed_jan-apr,channel_1,9.056286981742197,153,ok,crepe
2024_analysed_jan-apr,channel_1,-1.2113110726481144,134,ok,crepe
2024_analysed_jan-apr,channel_1,3.257729446734386,167,ok,crepe
2024_analysed_jan-apr,channel_1,1.909030724288684,73,ok,crepe
2024_analysed_jan-apr,channel_1,0.7001504404068579,80,ok,crepe
2024_analysed_jan-apr,channel_1,-0.2868683097172471,108,ok,crepe
2024_analysed_jan-apr,channel_1,3.2581345535785338,128,ok,crepe
2024_analysed_jan-apr,channel_1,1.7198987074823262,138,ok,crepe
2024_analysed_jan-apr,channel_1,16.263515011712006,194,ok,crepe
2024_analysed_jan-apr,channel_0,-4.004941227614889,75,ok,crepe
2024_analysed_jan-apr,channel_1,3.4118195660942003,131,ok,crepe
2024_analysed_jan-apr,channel_1,-2.4983657455667956,160,ok,crepe
2024_analysed_jan-apr,channel_1,2.482673484946836,99,ok,crepe
2024_analysed_jan-apr,channel_1,17.655449974464148,161,ok,crepe
2024_analysed_jan-apr,channel_1,14.048074050968518,192,ok,crepe
2024_analysed_jan-apr,channel_1,8.137516148334267,186,ok,crepe
2024_analysed_jan-apr,channel_1,10.138332729028988,127,ok,crepe
2024_analysed_jan-apr,channel_0,8.026166054526685,184,ok,crepe
2024_analysed_jan-apr,channel_1,4.831639512147617,126,ok,crepe
2024_analysed_jan-apr,channel_1,8.671898748448454,161,ok,crepe
2024_analysed_jan-apr,channel_1,16.065198011456133,129,ok,crepe
2024_analysed_jan-apr,channel_1,7.408372376536228,142,ok,crepe
2024_analysed_jan-apr,channel_0,4.487773213264823,157,ok,crepe
2024_analysed_jan-apr,channel_0,-1.0277555817141777,128,ok,crepe
2024_analysed_jan-apr,channel_0,-5.743793028768854,79,ok,crepe
2024_analysed_jan-apr,channel_0,20.515404341420968,201,ok,crepe
2024_analysed_jan-apr,channel_1,10.953260318996751,192,ok,crepe
2024_analysed_jan-apr,channel_1,22.086413541342242,130,ok,crepe
2024_analysed_jan-apr,channel_1,0.18274469677877453,132,ok,crepe
2024_analysed_jan-apr,channel_1,2.7499795719304396,109,ok,crepe
2024_analysed_jan-apr,channel_0,11.227379932007155,195,ok,crepe
2024_analysed_jan-apr,channel_1,5.32449168906584,144,ok,crepe
2024_analysed_jan-apr,channel_1,2.7695649909984645,161,ok,crepe
2024_analysed_jan-apr,channel_1,9.24851453349748,113,ok,crepe
2024_analysed_jan-apr,channel_1,12.335491476976738,116,ok,crepe
2024_analysed_jan-apr,channel_1,2.4066907751373705,140,ok,crepe
2024_analysed_jan-apr,channel_1,5.121539409862321,113,ok,crepe
2024_analysed_jan-apr,channel_1,0.19232759379230652,78,ok,crepe
2024_analysed_jan-apr,channel_1,14.897800837851333,124,ok,crepe
2024_analysed_jan-apr,channel_1,-8.597223597570169,142,ok,crepe
2024_analysed_jan-apr,channel_1,2.9161645533847764,93,ok,crepe
2024_analysed_jan-apr,channel_1,-0.8255081458571101,94,ok,crepe
2024_analysed_jan-apr,channel_1,-5.244868226114066,83,ok,crepe
2024_analysed_jan-apr,channel_1,6.510859084008688,127,ok,crepe
2024_analysed_jan-apr,channel_1,-1.6109447331927715,96,ok,crepe
2024_analysed_jan-apr,channel_1,9.123064631863487,135,ok,crepe
2024_analysed_jan-apr,channel_1,-4.5790974434591325,89,ok,crepe
2024_analysed_jan-apr,channel_1,12.065977202098942,168,ok,crepe
2024_analysed_jan-apr,channel_1,-2.0800059301718363,117,ok,crepe
2024_analysed_jan-apr,channel_1,3.175755974751317,150,ok,crepe
2024_analysed_jan-apr,channel_1,12.76624266655261,160,ok,crepe
2024_analysed_jan-apr,channel_1,2.925786591981294,114,ok,crepe
2024_analysed_jan-apr,channel_1,8.625786905579753,130,ok,crepe
2024_analysed_jan-apr,channel_1,9.224066172157887,133,ok,crepe
2024_analysed_jan-apr,channel_0,18.422749839635358,200,ok,crepe
2024_analysed_jan-apr,channel_1,7.095836293507625,134,ok,crepe
2024_analysed_jan-apr,channel_1,-0.8446855096458411,92,ok,crepe
2024_analysed_jan-apr,channel_1,13.679841883677764,178,ok,crepe
2024_analysed_jan-apr,channel_1,0.01798155467044345,111,ok,crepe
2024_analysed_jan-apr,channel_1,3.6472932901327666,142,ok,crepe
2024_analysed_jan-apr,channel_1,2.9585071178268234,150,ok,crepe
2024_analysed_jan-apr,channel_1,-1.6191323122131456,80,ok,crepe
2024_analysed_jan-apr,channel_1,7.354831077514422,155,ok,crepe
2024_analysed_jan-apr,channel_1,11.750068876200528,119,ok,crepe
2024_analysed_jan-apr,channel_1,6.429396620920742,121,ok,crepe
2024_analysed_jan-apr,channel_0,-2.339650505608761,97,ok,crepe
2024_analysed_jan-apr,channel_1,-0.4033646781709298,156,ok,crepe
2024_analysed_jan-apr,channel_1,3.07311656769832,184,ok,crepe
2024_analysed_jan-apr,channel_0,7.238899260445109,197,ok,crepe
2024_analysed_jan-apr,channel_1,4.748578137191685,114,ok,crepe
2024_analysed_jan-apr,channel_1,7.302177917329557,117,ok,crepe
2024_analysed_jan-apr,channel_1,-1.5464050983540951,148,ok,crepe
2024_analysed_jan-apr,channel_1,-3.2699238054779656,66,ok,crepe
2024_analysed_jan-apr,channel_1,0.05256043100584046,137,ok,crepe
2024_analysed_jan-apr,channel_1,13.583540375591308,161,ok,crepe
2024_analysed_jan-apr,channel_1,6.853007567092164,137,ok,crepe
2024_analysed_jan-apr,channel_1,-1.6975771677277518,91,ok,crepe
2024_analysed_jan-apr,channel_1,0.8484052566725935,98,ok,crepe
2024_analysed_jan-apr,channel_1,10.513750837888175,164,ok,crepe
2024_analysed_jan-apr,channel_1,0.09490592919449771,96,ok,crepe
2024_analysed_jan-apr,channel_1,3.5147697552113417,145,ok,crepe
2024_analysed_jan-apr,channel_1,12.806361011483931,74,ok,crepe
2024_analysed_jan-apr,channel_1,0.7259252248438639,129,ok,crepe
2024_analysed_jan-apr,channel_1,3.8627728759187,98,ok,crepe
2024_analysed_jan-apr,channel_1,16.055205292883958,146,ok,crepe
2024_analysed_jan-apr,channel_1,-0.9587435976328756,103,ok,crepe
2024_analysed_jan-apr,channel_1,1.1865822054348354,97,ok,crepe
2024_analysed_jan-apr,channel_1,4.943154691232682,86,ok,crepe
2024_analysed_jan-apr,channel_1,2.1650390486689934,170,ok,crepe
2024_analysed_jan-apr,channel_1,5.1128887639782175,129,ok,crepe
2024_analysed_jan-apr,channel_1,10.172253482552165,161,ok,crepe
2024_analysed_jan-apr,channel_1,7.321450978019368,123,ok,crepe
2024_analysed_jan-apr,channel_1,8.710589084924077,153,ok,crepe
2024_analysed_jan-apr,channel_1,4.325961693145459,124,ok,crepe
2024_analysed_jan-apr,channel_1,3.4879916863446576,166,ok,crepe
2024_analysed_jan-apr,channel_1,1.1508668701025027,131,ok,crepe
2024_analysed_jan-apr,channel_1,1.6033489807112224,170,ok,crepe
2024_analysed_jan-apr,channel_1,4.382788722234558,153,ok,crepe
2024_analysed_jan-apr,channel_1,2.8115767708121187,134,ok,crepe
2024_analysed_jan-apr,channel_1,3.8323984238729025,136,ok,crepe
2024_analysed_jan-apr,channel_1,15.245435358461034,175,ok,crepe
2024_analysed_jan-apr,channel_1,2.4350748384375915,146,ok,crepe
2024_analysed_jan-apr,channel_1,2.5837935108096826,105,ok,crepe
2024_analysed_jan-apr,channel_1,-7.543880125621849,117,ok,crepe
2024_analysed_jan-apr,channel_1,-0.8586675260001359,75,ok,crepe
2024_analysed_jan-apr,channel_0,-3.45379730195835,130,ok,crepe
2024_analysed_jan-apr,channel_1,2.916883385488987,162,ok,crepe
2024_analysed_jan-apr,channel_1,8.106055950210331,120,ok,crepe
2024_analysed_jan-apr,channel_1,2.1366510285742737,164,ok,crepe
2024_analysed_jan-apr,channel_1,1.857427039326149,125,ok,crepe
2024_analysed_jan-apr,channel_1,3.342681696845251,90,ok,crepe
2024_analysed_jan-apr,channel_1,4.381666367353524,123,ok,crepe
2024_analysed_jan-apr,channel_1,4.099292980771896,140,ok,crepe
2024_analysed_jan-apr,channel_1,8.594640923904599,150,ok,crepe
2024_analysed_jan-apr,channel_0,6.113969971639205,170,ok,crepe
2024_analysed_jan-apr,channel_1,3.1112491699427967,123,ok,crepe
2024_analysed_jan-apr,channel_1,1.07408786262316,126,ok,crepe
2024_analysed_jan-apr,channel_1,2.6407020538655135,141,ok,crepe
2024_analysed_jan-apr,channel_1,3.6157673940992385,156,ok,crepe
2024_analysed_jan-apr,channel_1,9.499765306432282,190,ok,crepe
2024_analysed_jan-apr,channel_1,4.59484352641719,160,ok,crepe
2024_analysed_jan-apr,channel_1,6.276894821191215,153,ok,crepe
2024_analysed_jan-apr,channel_1,3.286159437766656,156,ok,crepe
2024_analysed_jan-apr,channel_1,1.4529989120601923,148,ok,crepe
2024_analysed_jan-apr,channel_1,16.01889204142936,112,ok,crepe
2024_analysed_jan-apr,channel_1,7.22479613132205,154,ok,crepe
2024_analysed_jan-apr,channel_0,7.725593906834591,144,ok,crepe
2024_analysed_jan-apr,channel_1,-2.045549311938441,130,ok,crepe
2024_analysed_jan-apr,channel_1,-2.0028044407664183,91,ok,crepe
2024_analysed_jan-apr,channel_1,-0.16257518554649172,89,ok,crepe
2024_analysed_jan-apr,channel_1,2.6748542219337343,109,ok,crepe
2024_analysed_jan-apr,channel_1,3.2056939850159254,97,ok,crepe
2024_analysed_jan-apr,channel_1,1.4378452997266886,141,ok,crepe
2024_analysed_jan-apr,channel_1,4.559668298513106,166,ok,crepe
2024_analysed_jan-apr,channel_0,10.339743295525643,117,ok,crepe
2024_analysed_jan-apr,channel_1,3.974993199507389,137,ok,crepe
2024_analysed_jan-apr,channel_0,1.1336035587927127,142,ok,crepe
2024_analysed_jan-apr,channel_1,3.371602597560549,163,ok,crepe
2024_analysed_jan-apr,channel_1,7.5150454024608635,116,ok,crepe
2024_analysed_jan-apr,channel_1,11.71406602561664,191,ok,crepe
2024_analysed_jan-apr,channel_1,8.363767050328924,162,ok,crepe
2024_analysed_jan-apr,channel_1,11.010611494677086,135,ok,crepe
2024_analysed_jan-apr,channel_0,2.289570390310702,145,ok,crepe
2024_analysed_jan-apr,channel_1,3.2463042906288604,104,ok,crepe
2024_analysed_jan-apr,channel_1,4.932897172692595,96,ok,crepe
2024_analysed_jan-apr,channel_1,3.4483965378616057,110,ok,crepe
2024_analysed_jan-apr,channel_1,0.8363402414355076,135,ok,crepe
2024_analysed_jan-apr,channel_1,4.298202213591372,140,ok,crepe
2024_analysed_jan-apr,channel_1,6.007556476263386,138,ok,crepe
2024_analysed_jan-apr,channel_1,10.420723880768602,177,ok,crepe
2024_analysed_jan-apr,channel_1,-116.69534900083258,82,ok,crepe
2024_analysed_jan-apr,channel_1,1.2188731554118513,144,ok,crepe
2024_analysed_jan-apr,channel_1,2.061893266067995,98,ok,crepe
2024_analysed_jan-apr,channel_0,-2.0437432877769584,75,ok,crepe
2024_analysed_jan-apr,channel_1,-1.6348290050722052,66,ok,crepe
2024_analysed_jan-apr,channel_1,4.67812165226956,116,ok,crepe
2024_analysed_jan-apr,channel_0,-14.24989920733941,93,ok,crepe
2024_analysed_jan-apr,channel_0,-4.29973715479353,118,ok,crepe
2024_analysed_jan-apr,channel_1,-0.75052429907626,125,ok,crepe
2024_analysed_jan-apr,channel_1,1.4452255855137897,148,ok,crepe
2024_analysed_jan-apr,channel_1,1.024853589917933,149,ok,crepe
2024_analysed_jan-apr,channel_1,3.742333727914608,102,ok,crepe
2024_analysed_jan-apr,channel_1,-2.003827788541282,127,ok,crepe
2024_analysed_jan-apr,channel_1,-0.7342925205542727,100,ok,crepe
2024_analysed_jan-apr,channel_1,-1.5884030104752902,112,ok,crepe
2024_analysed_jan-apr,channel_1,6.63257896725105,158,ok,crepe
2024_analysed_jan-apr,channel_1,2.4185855301753683,155,ok,crepe
2024_analysed_jan-apr,channel_1,4.077834596100304,137,ok,crepe
2024_analysed_jan-apr,channel_1,8.721423833718053,160,ok,crepe
2024_analysed_jan-apr,channel_1,7.384982522819662,132,ok,crepe
2024_analysed_jan-apr,channel_1,6.982102542306363,118,ok,crepe
2024_analysed_jan-apr,channel_1,2.1861419180749517,114,ok,crepe
2024_analysed_jan-apr,channel_0,1.1854064810870482,94,ok,crepe
2024_analysed_jan-apr,channel_1,3.1287324309324194,136,ok,crepe
2024_analysed_jan-apr,channel_1,-3.480133110112705,123,ok,crepe
2024_analysed_jan-apr,channel_1,3.0244371770603893,124,ok,crepe
2024_analysed_jan-apr,channel_1,5.162027657649596,155,ok,crepe
2024_analysed_jan-apr,channel_1,14.71827237646347,195,ok,crepe
2024_analysed_jan-apr,channel_0,-3.943833172954858,87,ok,crepe
2024_analysed_jan-apr,channel_1,11.293134796046711,170,ok,crepe
2024_analysed_jan-apr,channel_1,0.31408704843379354,119,ok,crepe
2024_analysed_jan-apr,channel_0,0.9471655555080128,111,ok,crepe
2024_analysed_jan-apr,channel_1,8.850216102233455,178,ok,crepe
2024_analysed_jan-apr,channel_1,0.17198278802758332,107,ok,crepe
2024_analysed_jan-apr,channel_1,1.6559593887798725,140,ok,crepe
2024_analysed_jan-apr,channel_1,-2.5761072916985666,104,ok,crepe
2024_analysed_jan-apr,channel_1,7.36247677701543,153,ok,crepe
2024_analysed_jan-apr,channel_1,3.2968129081673494,93,ok,crepe
2024_analysed_jan-apr,channel_0,6.184585031499027,185,ok,crepe
2024_analysed_jan-apr,channel_1,4.9280176853411515,147,ok,crepe
2024_analysed_jan-apr,channel_1,5.249463538948531,175,ok,crepe
2024_analysed_jan-apr,channel_1,13.944483033733128,153,ok,crepe
2024_analysed_jan-apr,channel_1,4.5637890660026645,146,ok,crepe
2024_analysed_jan-apr,channel_1,-5.287493375325871,101,ok,crepe
2024_analysed_jan-apr,channel_1,0.6836907815877585,115,ok,crepe
2024_analysed_jan-apr,channel_1,-9.509421372709427,75,ok,crepe
2024_analysed_jan-apr,channel_0,-0.3470182626260727,138,ok,crepe
2024_analysed_jan-apr,channel_1,3.900222518510685,82,ok,crepe
2024_analysed_jan-apr,channel_0,8.09878627054202,198,ok,crepe
2024_analysed_jan-apr,channel_1,1.0687785564133438,117,ok,crepe
2024_analysed_jan-apr,channel_1,5.890922311052619,158,ok,crepe
2024_analysed_jan-apr,channel_0,-7.51189483146401,50,ok,crepe
2024_analysed_jan-apr,channel_1,3.1414517544739957,149,ok,crepe
2024_analysed_jan-apr,channel_1,4.79814461705705,164,ok,crepe
