split,index,snr_db,n_stft_frames_used,status,f0_source,label,label_name,f0_min_hz,f0_max_hz,f0_mean_hz,f0_median_hz
train,0,5.685502727496909,67,ok,crepe,2,NSW_1,6034.05224609375,19670.869140625,11493.1212890625,10396.568359375
train,1,23.34694806507756,94,ok,crepe,4,SW_Luna,8070.24658203125,17852.85546875,13359.362167080966,11414.427734375
train,2,11.047601998127101,215,ok,crepe,4,SW_Luna,4314.83349609375,17251.37109375,10255.636180439933,9931.18017578125
train,3,14.132461204507578,98,ok,crepe,6,SW_Neo,7193.2861328125,16473.015625,10721.94237841357,9928.0283203125
train,4,6.957919426529719,94,ok,crepe,4,SW_Luna,5427.72705078125,17644.982421875,10549.610573097512,10047.98095703125
train,5,6.3491007076699315,86,ok,crepe,4,SW_Luna,6319.0927734375,19673.2890625,11140.758494059244,9821.08935546875
train,6,17.266371280260124,216,ok,crepe,3,SW_Dana,7792.2939453125,19669.30859375,12206.909702984934,11672.1826171875
train,7,15.126097142903188,107,ok,crepe,4,SW_Luna,6101.11767578125,17861.537109375,12201.507987169716,10642.5439453125
train,8,11.375006109165922,104,ok,crepe,4,SW_Luna,8527.0234375,20338.734375,12405.062984107906,10877.4912109375
train,9,6.612415201471825,150,ok,crepe,8,SW_Shy,3634.25244140625,20335.51171875,10419.206651632496,9366.353515625
train,10,12.128955955813055,115,ok,crepe,6,SW_Neo,2595.95751953125,19426.060546875,8137.790369478384,8430.494140625
train,11,0.008524317985632622,33,ok,crepe,7,SW_Nikita,7097.67578125,17444.634765625,15517.838207347973,16281.9453125
train,12,9.717419466701049,81,ok,crepe,6,SW_Neo,6936.0419921875,10642.7451171875,8452.706026944246,8185.425048828125
train,13,8.98715223826125,98,ok,crepe,4,SW_Luna,6099.916015625,19900.376953125,11682.234241832386,10404.1279296875
train,14,15.184086747311571,123,ok,crepe,6,SW_Neo,5178.6982421875,18731.2265625,9611.604312472873,9695.5498046875
train,15,15.552943266902304,160,ok,crepe,7,SW_Nikita,6034.19384765625,21488.859375,12784.089100713316,14488.1015625
train,16,10.672703418712864,161,ok,crepe,6,SW_Neo,4314.09765625,17442.392578125,8804.492686396059,8633.0546875
train,17,11.93923596438912,80,ok,crepe,7,SW_Nikita,7262.48828125,20780.7578125,14837.88181470788,15651.68115234375
train,18,7.5670224982304575,120,ok,crepe,6,SW_Neo,5123.775390625,17445.810546875,10225.546499399039,10401.67041015625
train,19,6.29169162958601,81,ok,crepe,4,SW_Luna,5428.302734375,19674.1328125,12174.594015842014,11000.55615234375
train,20,10.286217108361297,28,ok,crepe,7,SW_Nikita,6939.423828125,15928.09375,13177.191595262097,14496.619140625
train,21,7.533677840948206,33,ok,crepe,7,SW_Nikita,7521.32275390625,16671.259765625,11421.078525641025,10764.0
train,22,6.561538501901218,129,ok,crepe,6,SW_Neo,6465.978515625,21007.2578125,10254.354852338209,10160.3828125
train,23,15.408212954813445,68,ok,crepe,2,NSW_1,8929.9189453125,11279.365234375,10464.905730814873,10758.71875
train,24,15.723145982643615,101,ok,crepe,7,SW_Nikita,8429.84765625,17449.357421875,14446.254482171475,15572.779296875
train,25,13.942904961588376,160,ok,crepe,4,SW_Luna,6463.431640625,18732.10546875,12089.853410415228,10405.3896484375
train,26,16.35376102259181,9,ok,crepe,7,SW_Nikita,7348.6123046875,16866.78515625,8357.906871448864,7523.1923828125
train,27,17.03537210009205,127,ok,crepe,4,SW_Luna,6176.8896484375,18726.8515625,13057.06185453232,11073.03466796875
train,28,18.808902330926294,165,ok,crepe,3,SW_Dana,6855.00244140625,16675.63671875,10000.543919613487,9476.5947265625
train,29,21.007408182398294,133,ok,crepe,6,SW_Neo,6319.884765625,11796.15625,8899.945486886161,9248.822265625
train,30,19.1974880798347,153,ok,crepe,4,SW_Luna,6463.3671875,19428.48828125,12513.71262063419,10884.36181640625
train,31,12.147274668777996,118,ok,crepe,4,SW_Luna,5762.49560546875,17649.31640625,12462.638968460647,11136.4208984375
train,32,13.571622829879182,234,ok,crepe,4,SW_Luna,4314.5849609375,18078.47265625,13308.104707768278,12071.998046875
train,33,15.724828539339812,143,ok,crepe,6,SW_Neo,6317.173828125,17862.453125,10224.349044319968,10045.578125
train,34,16.47681290258989,80,ok,crepe,7,SW_Nikita,2976.212890625,19209.779296875,14609.02129657452,15927.0986328125
train,35,17.526701970817943,168,ok,crepe,3,SW_Dana,8828.9912109375,16278.55078125,13257.316038780606,13554.353515625
train,36,16.056572342388368,115,ok,crepe,4,SW_Luna,7097.68310546875,17254.201171875,11080.507639949483,9816.380859375
train,37,13.234211086755348,156,ok,crepe,4,SW_Luna,3673.844970703125,19419.865234375,10943.295140528417,9936.166015625
train,38,17.96191312081986,75,ok,crepe,6,SW_Neo,5626.7705078125,18496.00390625,9763.33576892671,9936.42041015625
train,39,12.898751388447172,90,ok,crepe,6,SW_Neo,5829.462890625,14661.67578125,9678.855253331802,9934.05908203125
train,40,27.803899203841567,126,ok,crepe,6,SW_Neo,7100.705078125,10764.68359375,8965.548728475766,9367.10546875
train,41,9.597370746935864,73,ok,crepe,7,SW_Nikita,7096.1865234375,18495.19140625,14454.763654011052,15750.12109375
train,42,8.67561321955639,51,ok,crepe,4,SW_Luna,5903.724609375,19416.052734375,13440.622495298032,12805.64697265625
train,43,12.790700281416479,116,ok,crepe,6,SW_Neo,6936.115234375,10877.03125,8895.165482954546,9147.85302734375
train,44,26.644432595462114,130,ok,crepe,3,SW_Dana,6854.99560546875,19670.998046875,12607.757879959909,13115.48193359375
train,45,16.536607685094094,126,ok,crepe,4,SW_Luna,7265.5302734375,17449.818359375,13006.771566901409,11933.9072265625
train,46,8.071575306579499,124,ok,crepe,2,NSW_1,6859.41796875,19900.318359375,13527.530924479166,12074.05078125
train,47,20.84689981218006,96,ok,crepe,6,SW_Neo,6034.1435546875,11000.4140625,9754.135298295454,10217.16845703125
train,48,8.958005576574731,91,ok,crepe,4,SW_Luna,8345.3173828125,17445.521484375,12894.131216195914,10878.01806640625
train,49,17.26807143253104,173,ok,crepe,9,SW_Yosefa,5762.25341796875,19422.8125,10516.451724599461,10157.1728515625
train,50,10.481871722092496,83,ok,crepe,2,NSW_1,4172.5498046875,19422.111328125,11233.511881510416,10874.64453125
train,51,14.082933135072992,82,ok,crepe,4,SW_Luna,6464.03564453125,17441.9765625,12096.06475764449,10644.2890625
train,52,8.370505220274698,70,ok,crepe,4,SW_Luna,7703.31982421875,18730.03125,11466.583782552083,10635.6064453125
train,53,14.327845310330222,60,ok,crepe,7,SW_Nikita,9369.18359375,17442.21875,15103.350826539856,16679.892578125
train,54,7.9708069125479035,81,ok,crepe,2,NSW_1,5970.119140625,16858.16796875,10335.386398479503,10275.646484375
train,55,-2.932347865207609,114,ok,crepe,4,SW_Luna,4676.62158203125,17859.263671875,8350.402339935303,8204.97998046875
train,56,11.945802557277112,179,ok,crepe,6,SW_Neo,5624.240234375,14497.203125,8884.478641863567,9144.5732421875
train,57,20.776072348730587,167,ok,crepe,4,SW_Luna,5829.70751953125,17651.166015625,11772.587093955592,10875.294921875
train,58,19.129952032544743,166,ok,crepe,4,SW_Luna,7518.92138671875,17653.021484375,12522.218509654307,10765.203125
train,59,15.092393441009577,163,ok,crepe,4,SW_Luna,7098.27197265625,16678.740234375,12472.673948882728,12000.5419921875
train,60,12.13760148018001,160,ok,crepe,7,SW_Nikita,5691.92138671875,21486.232421875,11025.564415564904,9252.71337890625
train,61,21.88282528838732,108,ok,crepe,4,SW_Luna,7980.72021484375,17651.759765625,12938.891077841481,10882.46435546875
train,62,7.979838912460745,53,ok,crepe,4,SW_Luna,6621.591796875,12946.8857421875,9748.869797003073,9689.2451171875
train,63,13.480828855539578,80,ok,crepe,9,SW_Yosefa,5970.10498046875,18498.302734375,11050.213861821772,10640.33984375
train,64,7.045491332467256,76,ok,crepe,4,SW_Luna,6539.5859375,19674.19140625,12120.565496575342,9820.1416015625
train,65,20.306429144953604,159,ok,crepe,4,SW_Luna,7263.03125,19897.107421875,12217.117419084821,10882.5185546875
train,66,9.60456804110926,175,ok,crepe,4,SW_Luna,4268.955078125,20559.990234375,12535.254076522437,12211.0859375
train,67,18.507029984618747,135,ok,crepe,4,SW_Luna,5693.6484375,19673.92578125,13199.80826171875,11736.84326171875
train,68,10.518353820756872,125,ok,crepe,6,SW_Neo,4837.9560546875,16864.857421875,8761.411326739804,9039.8388671875
train,69,11.34344306656927,184,ok,crepe,3,SW_Dana,6317.412109375,16279.8359375,12297.020785507997,12072.8125
train,70,25.239096663088453,116,ok,crepe,9,SW_Yosefa,5362.0595703125,11538.236328125,9366.818655960647,9471.2255859375
train,71,15.194685337790819,82,ok,crepe,7,SW_Nikita,7611.4541015625,17455.927734375,14827.768407185873,16021.33740234375
train,72,10.485111046030312,128,ok,crepe,6,SW_Neo,5427.771484375,17646.9609375,9758.392443426725,9935.12109375
train,73,9.985288392674633,149,ok,crepe,4,SW_Luna,6176.9755859375,17253.75390625,11978.385870070684,10768.240234375
train,74,11.270713058430019,61,ok,crepe,7,SW_Nikita,8734.875,16476.296875,14148.784280215992,15204.19775390625
train,75,11.218856482800298,58,ok,crepe,6,SW_Neo,6177.24658203125,15749.0908203125,11097.162293365036,11002.94921875
train,76,11.27535308703626,67,ok,crepe,4,SW_Luna,7017.037109375,19423.03515625,10089.100777290963,9758.07861328125
train,77,16.200291267976684,273,ok,crepe,5,SW_Nana,6540.10498046875,18730.076171875,9723.057920630423,9470.2177734375
train,78,15.192805475346622,117,ok,crepe,4,SW_Luna,6856.90869140625,17452.794921875,13629.094580806903,15838.421875
train,79,10.497591063137213,85,ok,crepe,6,SW_Neo,5125.2099609375,17248.3671875,10911.023951480263,10876.474609375
train,80,20.548809426137666,144,ok,crepe,6,SW_Neo,7264.8994140625,15743.771484375,9748.876991363893,10053.7880859375
train,81,8.86656610549364,93,ok,crepe,4,SW_Luna,6463.52783203125,19669.62109375,12960.945638020834,11410.3857421875
train,82,13.347834852629056,144,ok,crepe,6,SW_Neo,5241.70458984375,19422.921875,9262.128173828125,9474.8115234375
train,83,18.124553128989803,30,ok,crepe,6,SW_Neo,8068.9052734375,16283.7109375,12303.401450892858,10874.1201171875
train,84,-6.104074511553782,41,ok,crepe,4,SW_Luna,7263.62890625,20130.673828125,16485.734160632623,17444.162109375
train,85,19.98184199107936,149,ok,crepe,4,SW_Luna,6463.20849609375,17646.640625,12001.430014935662,10520.521484375
train,86,23.80028076630005,166,ok,crepe,4,SW_Luna,6175.8115234375,20777.19921875,13069.86094156901,10876.72900390625
train,87,12.919268181138346,154,ok,crepe,6,SW_Neo,5766.07177734375,19420.8984375,12097.03306969931,10642.07373046875
train,88,11.698090568195896,95,ok,crepe,4,SW_Luna,7436.00341796875,17443.40625,12599.80648547021,10760.7958984375
train,89,15.421305097436921,120,ok,crepe,9,SW_Yosefa,4122.64453125,17042.474609375,7836.234458809468,7016.90283203125
train,90,11.049716939670581,71,ok,crepe,9,SW_Yosefa,8523.462890625,17645.45703125,9681.742752259037,9468.111328125
train,91,6.340661402034865,168,ok,crepe,5,SW_Nana,7702.69091796875,17647.533203125,10785.549910835598,9934.7421875
train,92,12.16464726136067,80,ok,crepe,6,SW_Neo,5762.1220703125,17644.78515625,8678.041079313858,9092.64404296875
train,93,14.791303057033831,13,ok,crepe,7,SW_Nikita,8631.4814453125,19899.712890625,10037.969360351562,9475.70556640625
train,94,14.52070001529246,31,ok,crepe,9,SW_Yosefa,9818.4970703125,16479.44140625,10720.415234375,10524.626953125
train,95,17.09640096127214,146,ok,crepe,6,SW_Neo,5426.720703125,20344.49609375,12740.239749053031,10757.853515625
train,96,14.2273035016198,112,ok,crepe,4,SW_Luna,6035.3623046875,17648.822265625,12731.923016826922,11001.39208984375
train,97,12.746651148377794,183,ok,crepe,5,SW_Nana,5829.17578125,17857.28125,9588.83715704606,8728.4111328125
train,98,18.537365547451742,153,ok,crepe,6,SW_Neo,5498.4130859375,20780.625,10136.79712191495,10056.67578125
train,99,0.6734230136008812,38,ok,crepe,4,SW_Luna,6034.4951171875,18079.66015625,11942.7583984375,10703.294921875
train,100,9.462200496366048,111,ok,crepe,2,NSW_1,4784.0673828125,20996.046875,11446.663886062237,10760.162109375
train,101,11.674031302715399,73,ok,crepe,4,SW_Luna,7977.0517578125,17861.3828125,13245.808266314338,11410.328125
train,102,10.028516956374201,68,ok,crepe,9,SW_Yosefa,6033.67724609375,17860.056640625,9208.03677368164,8347.89013671875
train,103,10.4445702480141,114,ok,crepe,6,SW_Neo,6705.43701171875,17435.486328125,8790.278831481934,8929.966796875
train,104,7.532010828607676,54,ok,crepe,4,SW_Luna,9585.3916015625,19671.689453125,11774.40804811508,10644.65234375
train,105,8.673925725483606,89,ok,crepe,9,SW_Yosefa,5240.5400390625,20137.0546875,14077.514428710938,14325.42431640625
train,106,10.70303195242448,66,ok,crepe,2,NSW_1,7015.25146484375,17442.189453125,11580.98908203125,10883.05078125
train,107,16.020493717236803,206,ok,crepe,8,SW_Shy,5298.2431640625,17863.533203125,13050.69058960494,13847.515625
train,108,16.87957200366313,148,ok,crepe,5,SW_Nana,5500.9619140625,16288.8134765625,10022.996462102521,8939.2978515625
train,109,13.060394436550837,61,ok,crepe,9,SW_Yosefa,4893.20751953125,10641.4501953125,7620.775481305804,8390.02392578125
train,110,12.904784288402272,72,ok,crepe,2,NSW_1,6246.8701171875,19670.1015625,12681.124729386294,11535.5478515625
train,111,21.12132768133044,103,ok,crepe,4,SW_Luna,4028.080810546875,19422.439453125,12739.292474313945,10883.1884765625
train,112,8.339540668503783,100,ok,crepe,4,SW_Luna,7097.0146484375,19209.587890625,11449.944621867962,10523.572265625
train,113,14.518449843203003,181,ok,crepe,4,SW_Luna,5969.04541015625,17645.171875,12063.253729992379,10520.15234375
train,114,14.607472769780898,98,ok,crepe,2,NSW_1,5123.078125,17443.365234375,11245.40278843471,10875.478515625
train,115,11.377099886093692,94,ok,crepe,6,SW_Neo,6935.853515625,17859.9140625,9558.709804318985,9198.3408203125
train,116,15.95421936329158,130,ok,crepe,9,SW_Yosefa,4838.322265625,17254.365234375,10015.163819997902,9478.5068359375
train,117,13.539102247086207,130,ok,crepe,6,SW_Neo,6854.90966796875,14331.447265625,8528.747161458334,7191.629638671875
train,118,6.905703780211184,145,ok,crepe,2,NSW_1,4171.99658203125,17258.3359375,10591.905033846078,9819.6591796875
train,119,7.270959649399295,126,ok,crepe,2,NSW_1,5361.20654296875,19672.33984375,12838.725579202586,13115.556640625
train,120,15.884283153128433,105,ok,crepe,9,SW_Yosefa,7614.400390625,19672.7890625,14943.747208658855,16854.8466796875
train,121,19.329740515031038,93,ok,crepe,7,SW_Nikita,8729.30859375,17651.376953125,14596.436085353387,15570.7626953125
train,122,21.65913383628542,125,ok,crepe,6,SW_Neo,6034.33349609375,18285.943359375,9612.245738636364,9477.6953125
train,123,13.991619177205404,50,ok,crepe,2,NSW_1,5427.30859375,19899.07421875,9993.770676491476,10162.244140625
train,124,3.2038792658655204,9,ok,crepe,6,SW_Neo,4268.8125,10767.5341796875,8952.32060546875,9309.65869140625
train,125,7.9599619751227015,127,ok,crepe,5,SW_Nana,7017.50537109375,17043.60546875,10460.96421595982,8731.73486328125
train,126,26.388179013920677,170,ok,crepe,4,SW_Luna,6939.62890625,17263.0078125,12226.403635969065,10700.67822265625
train,127,10.708872410673747,100,ok,crepe,0,NSW_3,7980.3115234375,12492.435546875,10015.665659311655,9940.32421875
train,128,17.176556703275203,130,ok,crepe,6,SW_Neo,4414.24609375,18723.955078125,9003.790062634698,9584.55859375
train,129,20.70507107211339,156,ok,crepe,4,SW_Luna,7264.8896484375,17643.775390625,12614.944436306423,10883.52392578125
train,130,17.43158465839699,190,ok,crepe,7,SW_Nikita,6034.83837890625,20777.2109375,10696.946050547234,9816.0947265625
train,131,11.68880104678305,87,ok,crepe,4,SW_Luna,6463.18115234375,16679.587890625,11715.969322127525,10769.08984375
train,132,17.50074235037142,131,ok,crepe,6,SW_Neo,5623.94775390625,10759.0380859375,8751.036148874384,9247.5009765625
train,133,12.804985092939356,110,ok,crepe,4,SW_Luna,6463.0166015625,19674.041015625,12832.827676416413,11405.392578125
train,134,17.292567427254177,99,ok,crepe,7,SW_Nikita,6244.890625,17440.732421875,11416.441859962666,10765.1259765625
train,135,15.91147044214826,135,ok,crepe,6,SW_Neo,6780.5107421875,17644.814453125,9614.770302220395,9470.4658203125
train,136,20.683078719266828,78,ok,crepe,9,SW_Yosefa,6463.529296875,9695.0341796875,8004.804828559028,8025.2978515625
train,137,7.635019668689619,104,ok,crepe,5,SW_Nana,6707.8369140625,17861.189453125,10545.09525208554,9474.1181640625
train,138,3.4918492334395514,85,ok,crepe,4,SW_Luna,6176.0,16482.73046875,11239.120085343071,10759.552734375
train,139,20.69603025745087,150,ok,crepe,4,SW_Luna,6856.32373046875,19425.431640625,12287.341602704679,10643.8466796875
train,140,6.678966235953412,121,ok,crepe,9,SW_Yosefa,7521.45947265625,17251.39453125,8998.390779383042,8823.72412109375
train,141,19.20357423334757,125,ok,crepe,6,SW_Neo,6396.7978515625,17249.865234375,10028.988759142287,10277.296875
train,142,6.185657011200889,123,ok,crepe,6,SW_Neo,5240.7763671875,19672.48828125,10623.91068097015,10280.18896484375
train,143,13.599095826262513,61,ok,crepe,5,SW_Nana,9475.9384765625,16291.5224609375,12857.051840338909,12494.703125
train,144,21.53366039761234,52,ok,crepe,4,SW_Luna,8730.724609375,10767.4521484375,9947.016682942709,9938.26806640625
train,145,11.318606467015975,70,ok,crepe,7,SW_Nikita,6320.25,16864.19921875,13871.171025028934,15744.9892578125
train,146,10.605934649447006,196,ok,crepe,4,SW_Luna,5623.71044921875,19429.78515625,13615.536551026486,13409.5234375
train,147,10.842545897831215,175,ok,crepe,4,SW_Luna,5361.1767578125,21487.453125,13860.595573950066,16110.0703125
train,148,15.39661278028001,132,ok,crepe,9,SW_Yosefa,6101.666015625,16277.333984375,7865.733254825368,7521.51416015625
train,149,16.615389547930334,127,ok,crepe,6,SW_Neo,6034.009765625,17441.65234375,8888.040738040454,9144.92724609375
train,150,8.220492557785512,32,ok,crepe,5,SW_Nana,6394.6396484375,13701.6298828125,10761.771986219617,10884.54736328125
train,151,17.37269513283481,136,ok,crepe,4,SW_Luna,3550.907958984375,19416.84375,13501.268245548397,15572.310546875
train,152,12.076054443238755,96,ok,crepe,6,SW_Neo,7013.697265625,17438.517578125,8889.733087713068,9310.169921875
train,153,17.155863134438253,153,ok,crepe,6,SW_Neo,6705.736328125,17442.875,8841.190754299058,8827.4970703125
train,154,10.309288419641858,147,ok,crepe,4,SW_Luna,5828.791015625,17644.435546875,11210.75316933474,10403.0673828125
train,155,19.675559068337222,120,ok,crepe,6,SW_Neo,6539.052734375,16866.19921875,8890.388797644413,9042.375
train,156,5.67782361110676,85,ok,crepe,2,NSW_1,4073.81103515625,17852.3125,10279.56130756579,8821.4892578125
train,157,7.297827889738635,104,ok,crepe,6,SW_Neo,6707.52880859375,20784.25,8694.179597229517,8822.1650390625
train,158,15.285668491338459,77,ok,crepe,2,NSW_1,4784.419921875,17440.7890625,11345.59257044417,10633.392578125
train,159,10.27264321710543,102,ok,crepe,4,SW_Luna,8732.29296875,19667.3984375,13409.13308423913,14496.61328125
train,160,16.395317246853246,193,ok,crepe,5,SW_Nana,4413.8056640625,17448.96875,9464.922325890344,9308.00244140625
train,161,15.945618478244015,65,ok,crepe,4,SW_Luna,5971.46044921875,17646.208984375,11081.824720408818,9937.1044921875
train,162,16.89439310483184,145,ok,crepe,5,SW_Nana,5764.6494140625,17443.35546875,10058.853842108912,9253.5537109375
train,163,11.736704394403507,86,ok,crepe,2,NSW_1,5623.52978515625,19903.455078125,10646.322852548927,10165.9091796875
train,164,17.082444473374053,87,ok,crepe,6,SW_Neo,7013.818359375,10050.267578125,8076.16446461397,7191.74365234375
train,165,14.322741093735353,88,ok,crepe,4,SW_Luna,7437.310546875,19899.78515625,12555.460281526199,10518.052734375
train,166,20.92654265198529,169,ok,crepe,3,SW_Dana,6246.998046875,19421.43359375,12105.976340553978,11672.875
train,167,17.367751053202195,120,ok,crepe,4,SW_Luna,8346.5888671875,17648.640625,13584.388882643885,12068.1328125
train,168,7.899279882019959,45,ok,crepe,6,SW_Neo,6034.251953125,10155.330078125,8694.089206861414,9253.33740234375
train,169,13.036390108675086,208,ok,crepe,6,SW_Neo,5903.92333984375,18493.21484375,10081.812273520613,9937.857421875
train,170,11.798761563170324,89,ok,crepe,4,SW_Luna,6318.29296875,17441.22265625,13196.949049543626,10766.943359375
train,171,12.454647356759112,133,ok,crepe,4,SW_Luna,3634.301513671875,17451.9765625,12499.693901727664,10762.7548828125
train,172,19.667855282083828,141,ok,crepe,6,SW_Neo,5240.427734375,17441.84375,9260.636883507477,9692.6943359375
train,173,11.426768404557262,63,ok,crepe,7,SW_Nikita,7347.86669921875,18966.013671875,13509.814582375919,15117.646484375
train,174,17.192308109141205,142,ok,crepe,3,SW_Dana,4949.05859375,18501.859375,12358.473654309159,12071.0927734375
train,175,10.061736847083338,78,ok,crepe,2,NSW_1,5762.416015625,19422.78515625,12386.017899816177,11139.87109375
train,176,21.42034040270206,134,ok,crepe,4,SW_Luna,7883.54248046875,17646.203125,12214.400891840853,10520.09375
train,177,20.337699701190537,102,ok,crepe,4,SW_Luna,6463.9716796875,17250.328125,11279.38336617606,10341.30908203125
train,178,14.55440526290186,95,ok,crepe,6,SW_Neo,6463.86474609375,14497.51953125,9710.851001880786,9823.9580078125
train,179,12.93236948376463,96,ok,crepe,7,SW_Nikita,5970.10498046875,18070.8125,14683.469952947444,15566.9189453125
train,180,6.0259962729871495,101,ok,crepe,7,SW_Nikita,7880.89599609375,17861.095703125,14081.020148026315,14499.916015625
train,181,17.546067314233962,208,ok,crepe,3,SW_Dana,3277.37109375,19422.625,11942.551322428386,10701.38330078125
train,182,9.443510788756269,58,ok,crepe,4,SW_Luna,8068.419921875,18728.3046875,16115.316176470587,16763.4306640625
train,183,12.827509472091025,106,ok,crepe,8,SW_Shy,4366.51953125,17644.470703125,9493.73727186187,9693.78125
train,184,6.820905064967404,94,ok,crepe,9,SW_Yosefa,6396.5234375,17653.203125,9305.00152647148,8733.4091796875
train,185,16.638833989826864,175,ok,crepe,2,NSW_1,4268.7392578125,19421.05859375,11272.690573445432,10162.361328125
train,186,13.089274975619231,108,ok,crepe,6,SW_Neo,6177.03515625,11798.0361328125,9010.730921875,9471.322265625
train,187,20.85908727597653,86,ok,crepe,2,NSW_1,6033.15478515625,18731.27734375,11294.566440429688,10768.68505859375
train,188,11.375903436053223,116,ok,crepe,4,SW_Luna,5498.8056640625,17443.935546875,11477.748684249762,10642.646484375
train,189,18.233024873996783,118,ok,crepe,4,SW_Luna,8528.732421875,17653.208984375,13228.242664930556,11543.3544921875
train,190,13.824305862306204,120,ok,crepe,6,SW_Neo,7100.2529296875,14668.3251953125,9918.523490192221,10047.4716796875
train,191,16.11707257797513,32,ok,crepe,8,SW_Shy,7884.20166015625,15745.67578125,10583.659744262695,10522.921875
train,192,11.342310592459553,214,ok,crepe,9,SW_Yosefa,5762.6689453125,19666.63671875,10576.268946119577,9873.62109375
train,193,10.042919987543236,203,ok,crepe,4,SW_Luna,7262.6279296875,19671.16796875,13940.363032936031,14494.35986328125
train,194,10.220424307097725,87,ok,crepe,4,SW_Luna,7013.953125,19420.275390625,14883.642152691831,16866.388671875
train,195,9.521929566185456,117,ok,crepe,6,SW_Neo,5499.0361328125,17644.482421875,8791.566469614743,9256.3896484375
train,196,22.189907164017608,130,ok,crepe,6,SW_Neo,6619.634765625,10996.1318359375,8853.640872353002,9196.66455078125
train,197,9.889938920587817,79,ok,crepe,6,SW_Neo,6034.447265625,11002.384765625,9465.233338088132,9472.4189453125
train,198,12.408508394160716,136,ok,crepe,5,SW_Nana,6034.4990234375,16481.14453125,10043.151729460686,8940.53515625
train,199,8.67129496989554,125,ok,crepe,4,SW_Luna,5762.169921875,17447.00390625,10847.611508969907,10638.9892578125
train,200,12.106116869274068,78,ok,crepe,7,SW_Nikita,5969.74609375,17251.7890625,11473.315412454043,11000.5478515625
train,201,10.606204614821255,175,ok,crepe,9,SW_Yosefa,5829.4091796875,18732.044921875,10586.321007461143,9582.5009765625
train,202,13.867633353760286,127,ok,crepe,6,SW_Neo,7191.08935546875,17451.1171875,9883.18205513714,9818.91796875
train,203,12.370415661644824,130,ok,crepe,4,SW_Luna,5361.49365234375,19208.287109375,13296.38910368835,11798.12109375
train,204,15.826834706319264,129,ok,crepe,6,SW_Neo,4950.458984375,19672.462890625,9343.861544031675,9587.7978515625
train,205,11.159295850209215,151,ok,crepe,4,SW_Luna,7611.3828125,17646.90234375,11878.016296739523,10643.529296875
train,206,13.393710539795855,90,ok,crepe,7,SW_Nikita,5692.59521484375,19425.2578125,13351.807176312197,15555.0732421875
train,207,20.216893342766834,52,ok,crepe,2,NSW_1,7014.47705078125,17047.630859375,10233.780209400615,9823.9560546875
train,208,10.927355507616635,116,ok,crepe,4,SW_Luna,6937.1083984375,20124.87890625,12770.185977285879,10764.064453125
train,209,13.06764895517704,73,ok,crepe,6,SW_Neo,7436.64501953125,17442.298828125,9758.417980515813,9935.837890625
train,210,20.050238138769473,134,ok,crepe,4,SW_Luna,7187.8017578125,17859.919921875,11870.857928936299,10520.08056640625
train,211,17.609036623302195,135,ok,crepe,3,SW_Dana,6539.7978515625,19421.078125,13064.715621849798,13699.6728515625
train,212,14.136697955933569,157,ok,crepe,6,SW_Neo,3012.79296875,19425.56640625,9040.269940424232,9587.56640625
train,213,10.077563981977125,127,ok,crepe,2,NSW_1,5969.4677734375,21207.646484375,11521.498573797213,10639.9033203125
train,214,12.07060488082581,126,ok,crepe,9,SW_Yosefa,7523.578125,20128.453125,11389.932232795878,10285.7626953125
train,215,11.46401771094984,98,ok,crepe,4,SW_Luna,8430.96875,18285.623046875,12303.591344105114,10885.572265625
train,216,14.221240040325057,38,ok,crepe,9,SW_Yosefa,8627.0087890625,18734.044921875,11770.942087572674,10641.0703125
train,217,22.825083623581946,91,ok,crepe,6,SW_Neo,6620.10546875,14332.220703125,10289.426241361178,9992.03076171875
train,218,9.241150218976696,71,ok,crepe,5,SW_Nana,5427.4912109375,17862.48828125,9331.705045572917,8822.830078125
train,219,16.374022890339983,138,ok,crepe,6,SW_Neo,5178.359375,19208.63671875,9503.340854306764,9818.13623046875
train,220,13.10984193249882,99,ok,crepe,4,SW_Luna,6035.5400390625,18726.91796875,11256.066108095962,9817.234375
train,221,19.944998435513842,102,ok,crepe,4,SW_Luna,8433.078125,17646.30078125,13082.24181821166,11142.1015625
train,222,17.22165006313046,100,ok,crepe,4,SW_Luna,6031.8232421875,17855.126953125,11850.766520889945,10639.28125
train,223,13.55441096376463,144,ok,crepe,4,SW_Luna,5904.6142578125,17652.671875,14371.663933076054,15402.81787109375
train,224,9.501923769543412,49,ok,crepe,2,NSW_1,5240.38623046875,18077.748046875,11837.478280203683,11600.677734375
train,225,21.386365714173067,194,ok,crepe,6,SW_Neo,3551.6376953125,17443.453125,9596.417791392236,9587.80078125
train,226,9.375906537480876,113,ok,crepe,4,SW_Luna,8730.490234375,18725.279296875,11858.288393930288,10403.1025390625
train,227,12.773507004088898,166,ok,crepe,9,SW_Yosefa,5179.89306640625,19902.541015625,9126.717665501645,8069.10400390625
train,228,31.62710025788982,113,ok,crepe,5,SW_Nana,6099.71435546875,14492.158203125,9440.554828065815,9582.88525390625
train,229,1.6685184269471367,86,ok,crepe,6,SW_Neo,8348.2392578125,17645.4140625,9958.485546875,9584.939453125
train,230,19.943781371889692,87,ok,crepe,7,SW_Nikita,5971.30859375,16672.951171875,10698.264513072401,8729.7490234375
train,231,13.57070775872264,142,ok,crepe,5,SW_Nana,5764.390625,11538.6474609375,7545.979376071837,7436.943359375
train,232,12.007210785382675,141,ok,crepe,8,SW_Shy,7610.1357421875,19422.82421875,9185.826174907803,9038.1484375
train,233,12.197911782810928,143,ok,crepe,4,SW_Luna,7348.2529296875,20124.69921875,14371.04694090299,16100.9267578125
train,234,10.223798906073611,86,ok,crepe,6,SW_Neo,4950.23486328125,14661.2783203125,9735.524091897552,9147.5087890625
train,235,-0.6317852426015736,56,ok,crepe,4,SW_Luna,5904.3876953125,19896.404296875,13193.745651245117,12068.40625
train,236,15.018248520365141,157,ok,crepe,6,SW_Neo,3473.81103515625,12946.5478515625,8461.537219372425,7266.517578125
train,237,13.306713556282341,109,ok,crepe,8,SW_Shy,3315.563720703125,16479.30859375,8738.284483862704,9480.2255859375
train,238,19.014986067167037,105,ok,crepe,5,SW_Nana,6462.9677734375,16675.189453125,9771.09326578776,8629.06103515625
train,239,9.101556010288684,178,ok,crepe,4,SW_Luna,8434.0390625,17442.265625,12434.940458838619,11006.9287109375
train,240,21.602631485750013,166,ok,crepe,6,SW_Neo,5970.357421875,19420.33984375,10203.153811247452,10403.44287109375
train,241,8.040067237846246,89,ok,crepe,7,SW_Nikita,7882.3251953125,17446.7265625,15350.099005315722,16101.1337890625
train,242,10.451423114923031,161,ok,crepe,6,SW_Neo,5971.36767578125,19422.849609375,10422.353493802375,10277.9638671875
train,243,11.630750830546706,84,ok,crepe,5,SW_Nana,6247.7666015625,17644.265625,9738.60782368978,9368.00244140625
train,244,12.3781196173025,235,ok,crepe,4,SW_Luna,5623.1318359375,17443.568359375,11423.819016535479,11013.63671875
train,245,18.016538611145716,98,ok,crepe,1,NSW_2,6782.0859375,19427.33203125,10756.46607984938,9039.7021484375
train,246,8.826198872871654,89,ok,crepe,4,SW_Luna,6857.2353515625,18729.36328125,10968.674957873774,10047.0478515625
train,247,10.602638940075249,142,ok,crepe,3,SW_Dana,9037.3330078125,17858.94921875,12365.962963412267,12074.0859375
train,248,15.883541418237709,55,ok,crepe,4,SW_Luna,6620.78173828125,17440.4765625,11660.26611328125,10574.74072265625
train,249,16.796291204507792,156,ok,crepe,4,SW_Luna,7098.4033203125,17450.17578125,11991.951872926851,10523.6337890625
train,250,12.184118388355676,99,ok,crepe,7,SW_Nikita,6467.58349609375,18079.55859375,15367.297544766316,17443.96484375
train,251,22.29103244248102,118,ok,crepe,6,SW_Neo,5361.197265625,17651.5859375,8544.101246769267,7438.314453125
train,252,10.356567217809573,75,ok,crepe,4,SW_Luna,7881.98486328125,19674.529296875,9822.601130343031,9692.275390625
train,253,16.743926814117543,29,ok,crepe,5,SW_Nana,5904.56787109375,17443.1015625,9989.767374674479,9249.509765625
train,254,5.520839054071715,113,ok,crepe,4,SW_Luna,5427.31396484375,17443.955078125,11995.772692450162,10638.25732421875
train,255,6.733230695720066,140,ok,crepe,4,SW_Luna,6174.45849609375,19425.681640625,12120.788503586871,10766.8544921875
train,256,18.377615760672143,255,ok,crepe,6,SW_Neo,7191.3154296875,16476.548828125,10454.92001787606,10643.958984375
train,257,1.9010851948279952,109,ok,crepe,4,SW_Luna,4676.35205078125,17251.623046875,10845.176730024135,9586.69140625
train,258,14.948421878250127,75,ok,crepe,9,SW_Yosefa,5361.36767578125,20123.337890625,10478.75678520698,10523.5546875
train,259,9.177715903980454,95,ok,crepe,4,SW_Luna,5498.96533203125,19421.001953125,13492.784622757523,13888.28125
train,260,21.425396990422747,126,ok,crepe,5,SW_Nana,5557.95849609375,17251.685546875,10961.806224554357,9760.4228515625
train,261,9.299715693591594,199,ok,crepe,4,SW_Luna,6032.759765625,17256.408203125,11256.635198948186,9939.7001953125
train,262,18.056513311325443,154,ok,crepe,4,SW_Luna,7792.7236328125,17648.8046875,13432.88120855287,13528.9306640625
train,263,27.02313584998308,149,ok,crepe,5,SW_Nana,6395.880859375,13270.634765625,8547.213688340298,8247.5478515625
train,264,10.908609929779395,122,ok,crepe,9,SW_Yosefa,4314.46533203125,17252.0390625,9128.831302472016,7881.998291015625
train,265,3.401567418052569,103,ok,crepe,4,SW_Luna,8733.4521484375,17861.78515625,14136.176029829545,15848.41064453125
train,266,15.042960175616928,137,ok,crepe,6,SW_Neo,4268.4189453125,13266.15234375,8924.50381234976,9246.9443359375
train,267,6.568247316028528,164,ok,crepe,7,SW_Nikita,6033.666015625,20333.732421875,11428.154965192913,10049.5703125
train,268,8.439574830762846,168,ok,crepe,4,SW_Luna,8632.19921875,19902.087890625,12607.992951546308,11285.07421875
train,269,11.087349450136902,48,ok,crepe,4,SW_Luna,8158.75390625,18076.798828125,11570.699309172454,10463.8505859375
train,270,9.05559760311332,95,ok,crepe,4,SW_Luna,7098.39599609375,20128.685546875,10902.764324437792,9938.5927734375
train,271,25.12313930411323,121,ok,crepe,5,SW_Nana,6622.875,16471.92578125,10288.958246758644,9043.8955078125
train,272,8.898121390589889,136,ok,crepe,7,SW_Nikita,5123.0068359375,21218.27734375,15216.283927354236,16680.59765625
train,273,9.951950255891994,159,ok,crepe,4,SW_Luna,7098.09814453125,17862.55859375,12897.651057675888,11409.04296875
train,274,13.593148332618954,149,ok,crepe,4,SW_Luna,4574.625,19424.5390625,12957.242404192863,11794.63671875
train,275,9.001131491045422,98,ok,crepe,2,NSW_1,4268.9267578125,16865.212890625,7102.019689611487,7526.4306640625
train,276,8.492064460982643,69,ok,crepe,6,SW_Neo,5762.47509765625,18278.388671875,10575.45241761819,9587.49169921875
train,277,6.598931423810068,152,ok,crepe,4,SW_Luna,6033.240234375,17645.904296875,12301.77769054066,10769.37646484375
train,278,17.95333300265757,107,ok,crepe,2,NSW_1,7192.1689453125,19211.638671875,11987.53968972307,10644.4970703125
train,279,6.898063934129235,86,ok,crepe,9,SW_Yosefa,4315.0234375,17441.8515625,10398.114777595767,9583.2099609375
train,280,11.087791862466297,78,ok,crepe,9,SW_Yosefa,6317.55810546875,17642.541015625,8057.445956143466,7611.33544921875
train,281,21.11552108120945,74,ok,crepe,4,SW_Luna,8728.572265625,16853.869140625,11910.733035065407,10758.65234375
train,282,11.246306001496125,106,ok,crepe,4,SW_Luna,7098.00732421875,17444.357421875,12211.37529703776,11407.6650390625
train,283,14.328500997214913,276,ok,crepe,6,SW_Neo,4268.29345703125,16478.673828125,9452.867794341553,9584.9013671875
train,284,15.223181660363114,51,ok,crepe,6,SW_Neo,6855.89306640625,10878.890625,8315.464093243634,8731.38232421875
train,285,16.02858730071431,52,ok,crepe,7,SW_Nikita,7190.08203125,17253.037109375,12999.546842981557,14003.13671875
train,286,3.030687162209407,60,ok,crepe,4,SW_Luna,7523.2119140625,19425.662109375,10617.507634943182,9821.3427734375
train,287,12.551031839013254,73,ok,crepe,2,NSW_1,4783.86328125,17649.15234375,10886.636087557165,10462.83935546875
train,288,21.52748641227077,83,ok,crepe,7,SW_Nikita,8634.2890625,17645.9453125,14876.01816204897,15750.23046875
train,289,12.092592642538676,124,ok,crepe,4,SW_Luna,7440.29052734375,17862.244140625,13466.768513997396,11803.3291015625
train,290,23.73001184035487,117,ok,crepe,6,SW_Neo,5691.1142578125,17042.0703125,8987.13564453125,9587.384765625
train,291,5.757133904276773,65,ok,crepe,4,SW_Luna,6464.099609375,17259.955078125,15049.609923480308,16865.759765625
train,292,29.86308095804163,34,ok,crepe,4,SW_Luna,8525.9140625,10764.107421875,9871.68251953125,9874.05029296875
train,293,8.778890163068272,122,ok,crepe,9,SW_Yosefa,5762.3642578125,21218.19921875,12009.12775735294,11672.9384765625
train,294,19.788248067546903,111,ok,crepe,4,SW_Luna,5971.6787109375,21208.166015625,13920.897140625,16278.830078125
train,295,17.930693512092766,142,ok,crepe,6,SW_Neo,4313.98779296875,11006.5087890625,9287.058003618673,9821.3369140625
train,296,16.46625503985412,209,ok,crepe,5,SW_Nana,4268.32568359375,19899.482421875,10155.686316025996,9820.17724609375
train,297,3.984718745238442,127,ok,crepe,4,SW_Luna,6780.6728515625,18076.5234375,10858.396925511854,10402.052734375
train,298,7.685697699377023,69,ok,crepe,2,NSW_1,6246.44287109375,19428.583984375,11627.59279271176,10343.84326171875
train,299,15.682984401419093,151,ok,crepe,4,SW_Luna,4219.53759765625,21487.2890625,13456.736408580433,12215.38818359375
train,300,11.250212514252409,204,ok,crepe,3,SW_Dana,6854.77587890625,19670.1875,11979.003782075028,11339.94140625
train,301,11.988348501575906,166,ok,crepe,4,SW_Luna,4172.03955078125,17257.935546875,12561.327682734784,10880.8935546875
train,302,16.052290435593306,117,ok,crepe,4,SW_Luna,6317.5810546875,17447.5625,12324.246234809028,10763.0263671875
train,303,13.40400743976839,75,ok,crepe,7,SW_Nikita,5903.908203125,18728.193359375,10021.335707720587,7015.19287109375
train,304,11.275682753844144,79,ok,crepe,4,SW_Luna,8732.4248046875,17453.1171875,11916.277727791432,10522.6611328125
train,305,2.9249196187338855,58,ok,crepe,4,SW_Luna,5426.82421875,20780.875,10296.58650453629,9933.49658203125
train,306,20.766686437262365,109,ok,crepe,2,NSW_1,6462.8349609375,21212.736328125,11639.574557086615,10159.248046875
train,307,8.897258817033489,61,ok,crepe,4,SW_Luna,4366.498046875,21217.0546875,12068.907831448227,9936.064453125
train,308,10.111405731090686,99,ok,crepe,6,SW_Neo,6319.2373046875,13264.5126953125,7941.011885793586,7101.35302734375
train,309,16.37853072020898,82,ok,crepe,6,SW_Neo,7265.404296875,12075.505859375,9798.886883223684,10046.900390625
train,310,12.997814702023817,62,ok,crepe,4,SW_Luna,8931.5859375,17645.8984375,11270.478488498264,10157.337890625
train,311,4.148799026643949,90,ok,crepe,9,SW_Yosefa,5762.79248046875,19207.1953125,10084.413833618164,9937.85888671875
train,312,22.12747828621525,126,ok,crepe,4,SW_Luna,6034.1875,19429.1171875,12447.605766400899,11213.5654296875
train,313,15.91415005868377,135,ok,crepe,6,SW_Neo,7350.421875,17444.171875,10189.246588498552,10401.9091796875
train,314,13.975746302375677,83,ok,crepe,4,SW_Luna,7704.56640625,17447.458984375,12272.706018708881,10767.25390625
train,315,22.82011709145527,137,ok,crepe,6,SW_Neo,5122.8623046875,13263.5234375,8996.061100467754,9477.20703125
train,316,7.669682123167444,93,ok,crepe,2,NSW_1,3277.04541015625,19425.193359375,10830.594491811898,10762.47412109375
train,317,21.44429393748352,148,ok,crepe,6,SW_Neo,6780.3984375,19421.31640625,9358.432283100328,9815.193359375
train,318,9.552560330522494,87,ok,crepe,4,SW_Luna,5830.37060546875,17858.63671875,11805.750886878188,10521.4755859375
train,319,22.007949213677378,124,ok,crepe,2,NSW_1,4413.634765625,18495.1171875,9500.652993645466,9529.84716796875
train,320,23.78332604546246,160,ok,crepe,3,SW_Dana,6317.92529296875,17442.09765625,11862.517918602196,11410.072265625
train,321,21.492712837451663,113,ok,crepe,6,SW_Neo,5062.72900390625,17252.1015625,9050.269460430582,9581.822265625
train,322,14.141397778480831,59,ok,crepe,4,SW_Luna,5968.2744140625,18495.306640625,12746.964525627367,10701.84716796875
train,323,18.236154445139142,151,ok,crepe,4,SW_Luna,5764.09765625,20131.677734375,12457.945775525322,11210.79443359375
train,324,9.686939987754204,62,ok,crepe,7,SW_Nikita,5692.59326171875,17444.6796875,14501.479417588977,16477.3193359375
train,325,12.93518659153942,130,ok,crepe,2,NSW_1,5970.54931640625,17443.79296875,10629.204515245227,10515.81005859375
train,326,10.583947249168704,273,ok,crepe,4,SW_Luna,4314.33544921875,19898.232421875,13100.486892032302,12351.484375
train,327,19.98278314780241,151,ok,crepe,3,SW_Dana,8432.1474609375,19423.646484375,12470.059832589286,12210.3984375
train,328,19.635230127131337,121,ok,crepe,6,SW_Neo,5424.044921875,14329.8388671875,9139.648722037995,9695.16796875
train,329,14.403708028691522,138,ok,crepe,6,SW_Neo,5297.7919921875,11000.3896484375,8813.392628205129,9252.9609375
train,330,5.439852634381244,178,ok,crepe,4,SW_Luna,6396.623046875,17652.525390625,11890.689636230469,10761.794921875
train,331,14.293974855045109,70,ok,crepe,4,SW_Luna,5968.8701171875,15406.955078125,9309.987048339844,9699.2119140625
train,332,11.392234032750046,138,ok,crepe,6,SW_Neo,6780.3115234375,19900.365234375,9971.667775339894,9147.78076171875
train,333,7.983000183508117,76,ok,crepe,4,SW_Luna,5968.64697265625,18283.375,15073.406390310704,17039.69140625
train,334,9.783835147203341,85,ok,crepe,6,SW_Neo,5063.56201171875,21484.9453125,10558.379526774088,9144.47705078125
train,335,11.158606998944345,140,ok,crepe,6,SW_Neo,5623.9365234375,17448.669921875,9270.63953100277,9476.9873046875
train,336,15.61807012351047,139,ok,crepe,7,SW_Nikita,7016.2548828125,18498.498046875,13049.85285855517,14491.21484375
train,337,18.604156559102535,117,ok,crepe,4,SW_Luna,8734.7255859375,17865.75390625,13655.163443038713,13480.47607421875
train,338,11.465259160337574,120,ok,crepe,4,SW_Luna,6462.78369140625,17645.798828125,12179.07904770795,10636.77587890625
train,339,29.338043084910147,132,ok,crepe,7,SW_Nikita,8731.96484375,17452.125,13453.791199523133,14499.15283203125
train,340,9.607473331674282,64,ok,crepe,6,SW_Neo,6033.8046875,18496.412109375,10724.347712053572,9531.23681640625
train,341,10.686862968068045,182,ok,crepe,3,SW_Dana,5427.701171875,17044.98828125,10293.380100590522,9584.533203125
train,342,0.9393553446941943,42,ok,crepe,4,SW_Luna,5298.0263671875,17442.95703125,11434.614303234011,10762.9482421875
train,343,10.191761437150827,138,ok,crepe,5,SW_Nana,6462.99365234375,16472.80078125,10766.95658077117,9474.654296875
train,344,7.3740454328820455,186,ok,crepe,5,SW_Nana,6320.2646484375,17035.474609375,10041.488154069768,9587.7841796875
train,345,13.880949251223171,176,ok,crepe,6,SW_Neo,5902.65380859375,17442.0625,9689.161972357302,9698.92529296875
train,346,22.685243636276414,86,ok,crepe,2,NSW_1,6178.53759765625,17439.666015625,9874.952726403062,9822.8427734375
train,347,15.785384842545335,129,ok,crepe,6,SW_Neo,6464.9306640625,17251.404296875,9488.948456635346,9369.37158203125
train,348,22.328651530941848,165,ok,crepe,6,SW_Neo,5361.91796875,17858.06640625,9943.119466145834,10049.7939453125
train,349,2.468668825797981,114,ok,crepe,6,SW_Neo,3511.34326171875,17441.58984375,9100.94215597318,9144.6787109375
train,350,15.060295407145652,161,ok,crepe,6,SW_Neo,5300.017578125,18078.876953125,10875.868041325137,10516.7568359375
train,351,18.760243571324683,165,ok,crepe,4,SW_Luna,6179.66064453125,16472.671875,11878.836542657082,11142.51416015625
train,352,8.515317077902424,80,ok,crepe,9,SW_Yosefa,5361.5732421875,18082.880859375,9915.93392305596,9695.4365234375
train,353,18.664960783125363,105,ok,crepe,5,SW_Nana,5970.8408203125,13405.6162109375,9133.355311370093,8942.2080078125
train,354,1.5782745996278251,88,ok,crepe,4,SW_Luna,7884.63427734375,17446.392578125,11509.394096679687,10342.5087890625
train,355,0.16028804626027074,110,ok,crepe,2,NSW_1,6033.4677734375,20782.25390625,11896.08728669819,10766.1025390625
train,356,20.991632957260915,92,ok,crepe,6,SW_Neo,5062.92431640625,11670.974609375,9163.44396630403,9480.3798828125
train,357,10.867355251518962,75,ok,crepe,2,NSW_1,5065.2861328125,20128.431640625,11966.917463631466,10401.6748046875
train,358,7.730485484126433,151,ok,crepe,4,SW_Luna,5762.392578125,17446.3125,13075.204216452206,12070.04931640625
train,359,11.14333974191857,137,ok,crepe,4,SW_Luna,7704.80908203125,19422.888671875,14413.09063276076,16472.583984375
train,360,15.964580184209984,135,ok,crepe,6,SW_Neo,5623.7265625,11286.234375,8943.08926669034,9473.05126953125
train,361,16.097013699944235,186,ok,crepe,6,SW_Neo,5621.52099609375,19900.91015625,8928.803665089496,8933.71875
train,362,4.755695444235456,112,ok,crepe,6,SW_Neo,6462.908203125,19422.1953125,10613.425880494156,10404.8349609375
train,363,15.573420326715281,91,ok,crepe,2,NSW_1,6035.49267578125,17440.466796875,11341.90170076578,10407.19140625
train,364,9.896161528588603,162,ok,crepe,4,SW_Luna,5829.80029296875,17647.68359375,12428.184643963861,10877.30078125
train,365,9.41069613663445,58,ok,crepe,2,NSW_1,8821.783203125,17254.0703125,11530.575715095767,11346.15576171875
train,366,18.176203700612835,166,ok,crepe,4,SW_Luna,7098.24609375,20130.068359375,13070.207313252005,11404.0029296875
train,367,26.252677637637525,170,ok,crepe,9,SW_Yosefa,2504.01806640625,17047.044921875,8303.92020895493,8068.7529296875
train,368,10.105583387903653,86,ok,crepe,7,SW_Nikita,6463.7705078125,19422.111328125,13910.922213807398,14669.95947265625
train,369,20.935413336675182,127,ok,crepe,9,SW_Yosefa,5969.78759765625,17444.806640625,9364.245959974314,9689.24462890625
train,370,11.24464378576302,90,ok,crepe,2,NSW_1,5623.64501953125,17860.8515625,11717.156221829928,10761.45556640625
train,371,12.110797540228635,88,ok,crepe,4,SW_Luna,7262.59716796875,17440.44921875,11359.365577622215,10282.0712890625
train,372,18.79461201796775,123,ok,crepe,5,SW_Nana,8246.96484375,17440.19140625,10884.440673828125,10056.79248046875
train,373,17.324709251437724,137,ok,crepe,6,SW_Neo,5970.34765625,17443.134765625,9709.114177462421,9531.3115234375
train,374,10.88325258271835,126,ok,crepe,5,SW_Nana,6539.9775390625,19902.771484375,9186.61822804418,8827.61328125
train,375,8.508312073852206,81,ok,crepe,2,NSW_1,4268.25537109375,17441.890625,11063.27121072287,10637.3681640625
train,376,17.10106533826356,146,ok,crepe,6,SW_Neo,5623.89404296875,18495.05078125,9850.203984608906,9934.3330078125
train,377,20.424975389273552,118,ok,crepe,4,SW_Luna,6249.3525390625,18496.9453125,12230.850287942325,10703.10400390625
train,378,24.540120051357132,141,ok,crepe,6,SW_Neo,5176.3779296875,17252.72265625,9496.651710792825,9698.2646484375
train,379,19.01889264151657,132,ok,crepe,4,SW_Luna,5361.98779296875,17651.41015625,11826.807989057326,11136.55078125
train,380,13.925474366614912,148,ok,crepe,6,SW_Neo,5123.419921875,14660.3759765625,8954.015784801137,8820.3603515625
train,381,18.63787489639265,91,ok,crepe,6,SW_Neo,7100.09765625,10524.00390625,8560.958459242334,9037.63330078125
train,382,8.37426051385857,140,ok,crepe,7,SW_Nikita,6034.3369140625,19423.056640625,12387.570649141111,11929.484375
train,383,15.223165989314644,101,ok,crepe,2,NSW_1,6175.6259765625,19424.904296875,11312.657769564925,10758.048828125
train,384,5.303758511629567,47,ok,crepe,6,SW_Neo,4364.75390625,17645.087890625,10840.359070975825,9477.9609375
train,385,7.959043572704596,89,ok,crepe,2,NSW_1,6033.51171875,20131.306640625,10010.348802018874,9816.5888671875
train,386,5.889893623405237,95,ok,crepe,6,SW_Neo,5427.4541015625,21487.5234375,10131.087406994047,10056.4453125
train,387,13.9690065848016,109,ok,crepe,7,SW_Nikita,6034.14599609375,17448.2890625,14130.561684916338,16099.1328125
train,388,23.476681235922833,160,ok,crepe,4,SW_Luna,7794.5078125,18498.822265625,12477.091077721638,10517.34619140625
train,389,15.939763445407314,217,ok,crepe,6,SW_Neo,5297.55908203125,19901.3984375,9978.101060094912,10050.189453125
train,390,15.246055930867833,85,ok,crepe,9,SW_Yosefa,5123.2109375,15930.9619140625,9504.968811035156,9044.47705078125
train,391,20.903968701701604,107,ok,crepe,6,SW_Neo,7098.96875,17861.4296875,9914.872019121723,9933.970703125
train,392,12.561232536432883,68,ok,crepe,4,SW_Luna,7349.654296875,17447.35546875,11837.013014322916,10881.626953125
train,393,14.774282849422711,206,ok,crepe,5,SW_Nana,7610.3544921875,17640.796875,11068.601501986512,9818.60400390625
train,394,8.758689181516987,121,ok,crepe,4,SW_Luna,7349.34814453125,17650.951171875,13474.350122245953,11670.060546875
train,395,4.463914282362374,73,ok,crepe,4,SW_Luna,6538.837890625,19423.908203125,11003.67345727848,10278.3642578125
train,396,16.029361911258704,213,ok,crepe,6,SW_Neo,4676.98779296875,19673.205078125,11758.996641278765,10633.0224609375
train,397,0.27490572979619915,106,ok,crepe,4,SW_Luna,4517.02685546875,19424.572265625,11678.864467687774,10463.57861328125
train,398,3.633267326937916,106,ok,crepe,4,SW_Luna,5623.1044921875,17259.197265625,10109.377445689419,9818.1865234375
train,399,7.336426304232431,103,ok,crepe,4,SW_Luna,4314.255859375,20338.6875,13375.037025795327,14326.353515625
train,400,10.74706180395911,61,ok,crepe,2,NSW_1,6034.3271484375,21004.12890625,11099.138285622668,10521.853515625
train,401,-4.85079400534918,90,ok,crepe,4,SW_Luna,7015.25341796875,18963.79296875,12525.220893297697,12811.669921875
train,402,12.91760452358443,195,ok,crepe,2,NSW_1,4623.03662109375,19900.62109375,9340.370240420387,9475.61767578125
train,403,15.170213639435644,149,ok,crepe,6,SW_Neo,5177.9228515625,17643.68359375,9478.182057100184,9642.216796875
train,404,12.701074700383412,86,ok,crepe,7,SW_Nikita,8156.27392578125,17645.859375,15737.644516601562,16771.0810546875
train,405,11.7903447602196,149,ok,crepe,6,SW_Neo,4314.83935546875,20338.47265625,9398.970851608186,9591.1064453125
train,406,17.729214678443903,108,ok,crepe,4,SW_Luna,8633.4580078125,17450.90234375,13283.450625,11670.939453125
train,407,16.76207319686325,131,ok,crepe,4,SW_Luna,8248.19921875,17647.1015625,12531.531588541666,10517.41748046875
train,408,19.412626020184913,145,ok,crepe,6,SW_Neo,6100.43017578125,17448.32421875,9016.107007575758,9253.0458984375
train,409,17.95632924908861,148,ok,crepe,6,SW_Neo,6856.9853515625,14157.4365234375,8598.204736035741,8728.875
train,410,8.318497775637775,191,ok,crepe,4,SW_Luna,5763.412109375,20775.9765625,13215.406043683979,12496.1435546875
train,411,22.344367011485787,163,ok,crepe,4,SW_Luna,7522.42919921875,19899.82421875,12569.244362805886,10769.1357421875
train,412,16.673053856263333,216,ok,crepe,3,SW_Dana,5123.634765625,16480.24609375,10521.390599404613,9934.98193359375
train,413,25.01626619870286,131,ok,crepe,6,SW_Neo,5178.0,17646.150390625,9046.327749151933,9480.23486328125
train,414,16.19146511326172,138,ok,crepe,5,SW_Nana,6398.115234375,18720.43359375,10288.541982736895,9255.083984375
train,415,17.121696935147593,250,ok,crepe,6,SW_Neo,2976.1884765625,20557.197265625,10393.896564898574,10163.990234375
train,416,11.226339230509083,102,ok,crepe,7,SW_Nikita,6539.5693359375,19420.19921875,13530.12453294837,15748.669921875
train,417,8.488646583555695,78,ok,crepe,3,SW_Dana,8731.7177734375,17854.513671875,13571.049400592672,13116.640625
train,418,11.861595075399741,133,ok,crepe,6,SW_Neo,4893.00048828125,17853.173828125,10135.051921665268,9938.171875
train,419,6.119691146390639,35,ok,crepe,4,SW_Luna,6538.6767578125,17443.50390625,12391.322465945514,11137.7431640625
train,420,21.521345560481375,78,ok,crepe,4,SW_Luna,7613.3408203125,17442.4140625,11568.56809252362,9995.93310546875
train,421,4.005780304603077,31,ok,crepe,7,SW_Nikita,7097.638671875,17450.580078125,12276.691856971154,9874.16845703125
train,422,13.42423104368271,114,ok,crepe,5,SW_Nana,6033.978515625,18961.828125,9317.404788883588,8728.8515625
train,423,11.667077375425837,114,ok,crepe,6,SW_Neo,6175.7890625,18725.7734375,10068.844497445913,10050.3076171875
train,424,21.13615331008426,136,ok,crepe,4,SW_Luna,7016.53369140625,17651.84375,12354.29631062297,10765.0986328125
train,425,14.203824627645288,133,ok,crepe,6,SW_Neo,6540.4228515625,16681.68359375,10136.621708253613,10156.1220703125
train,426,16.983902071494622,130,ok,crepe,5,SW_Nana,5623.97021484375,16679.826171875,10477.655415852865,9146.9345703125
train,427,8.08636402210382,121,ok,crepe,6,SW_Neo,6623.0166015625,17645.38671875,10543.202217671409,10279.42626953125
train,428,10.232309900304454,94,ok,crepe,4,SW_Luna,6781.98779296875,17447.685546875,13106.5950140552,14493.896484375
train,429,12.835530937117404,143,ok,crepe,4,SW_Luna,7612.83251953125,17263.759765625,13237.472941333463,12075.3701171875
train,430,17.959246527161042,133,ok,crepe,6,SW_Neo,5123.3203125,17251.18359375,8859.26362660389,8822.494140625
train,431,22.132783028090994,154,ok,crepe,6,SW_Neo,5426.34521484375,17440.765625,9939.73588621683,10402.720703125
train,432,11.491248587952096,58,ok,crepe,7,SW_Nikita,7265.2333984375,17445.361328125,14411.690592447916,15408.79052734375
train,433,7.466865102215204,45,ok,crepe,4,SW_Luna,7980.8837890625,11001.6650390625,10046.187337239584,10049.7890625
train,434,10.795729481988754,74,ok,crepe,4,SW_Luna,5969.71630859375,18078.19140625,13437.667156908885,15747.873046875
train,435,7.4192962331829975,111,ok,crepe,7,SW_Nikita,6175.552734375,18958.0234375,12727.577681790865,14846.5732421875
train,436,13.250102569931162,116,ok,crepe,4,SW_Luna,7265.5068359375,17453.61328125,12832.374463992011,10765.193359375
train,437,15.165517208865683,88,ok,crepe,4,SW_Luna,4893.126953125,19675.55078125,12198.539858398437,10520.22265625
train,438,8.846725551282352,52,ok,crepe,7,SW_Nikita,7014.08984375,19679.388671875,14596.011600889009,16105.26220703125
train,439,9.468120343998955,147,ok,crepe,5,SW_Nana,6463.0703125,17444.60546875,8252.208084753787,8071.6416015625
train,440,6.762737974609446,85,ok,crepe,0,NSW_3,6781.326171875,16282.435546875,12766.829987899117,12729.8486328125
train,441,18.147776812452133,84,ok,crepe,7,SW_Nikita,6033.52587890625,17444.6875,13060.020547672193,14408.9208984375
train,442,20.67288952187217,209,ok,crepe,6,SW_Neo,5359.88525390625,19424.314453125,8715.86647289096,7350.1572265625
train,443,18.71016388289846,159,ok,crepe,6,SW_Neo,5558.1533203125,17254.34765625,9672.515293287195,9928.3232421875
train,444,14.112947501090094,98,ok,crepe,4,SW_Luna,6860.9033203125,19207.158203125,11238.310273616686,10643.3046875
train,445,18.81954292562236,89,ok,crepe,4,SW_Luna,8731.6220703125,17646.552734375,13256.874781932645,10874.7841796875
train,446,6.308788659121001,51,ok,crepe,6,SW_Neo,7191.72900390625,17441.25,10272.923073508522,10049.185546875
train,447,10.872884432036132,61,ok,crepe,7,SW_Nikita,6855.95458984375,19419.5625,14634.99009874132,16100.25634765625
train,448,23.036472878984526,112,ok,crepe,6,SW_Neo,5064.521484375,17444.091796875,9407.400364533636,9581.03125
train,449,15.533132010159118,146,ok,crepe,4,SW_Luna,5969.51123046875,19676.357421875,13520.351117302389,14496.1337890625
train,450,21.76866459969457,129,ok,crepe,6,SW_Neo,5427.48095703125,10886.3779296875,9118.246328125,9640.15185546875
train,451,18.027028753014807,63,ok,crepe,9,SW_Yosefa,5828.9951171875,20556.0,10944.809398382482,9693.501953125
train,452,13.031780304145943,59,ok,crepe,4,SW_Luna,9037.48828125,17864.671875,14339.866631610577,13267.490234375
train,453,22.584025850324924,183,ok,crepe,6,SW_Neo,5558.2646484375,16865.955078125,10034.87978702527,10155.8603515625
train,454,11.276997264108076,162,ok,crepe,4,SW_Luna,7523.177734375,19419.48046875,10680.071051449699,10401.3359375
train,455,18.25280625866125,66,ok,crepe,7,SW_Nikita,8245.5556640625,17442.888671875,14217.462076822916,14490.671875
train,456,11.202612411922974,115,ok,crepe,6,SW_Neo,5008.650390625,19424.828125,9512.330329777644,9816.90380859375
train,457,24.67020694577526,173,ok,crepe,4,SW_Luna,6939.54541015625,17453.919921875,12178.564171993372,10760.798828125
train,458,19.343347787998585,75,ok,crepe,4,SW_Luna,7350.26171875,16677.90625,11165.902998490767,10405.93408203125
train,459,24.799216612975435,132,ok,crepe,4,SW_Luna,6463.1982421875,20555.4296875,12586.463133104804,11405.140625
train,460,3.849731092140252,90,ok,crepe,2,NSW_1,4268.818359375,21005.412109375,13878.139774445564,14497.560546875
train,461,16.81139298682071,108,ok,crepe,2,NSW_1,6396.572265625,21486.181640625,12783.09796733241,11537.74560546875
train,462,13.001897853861045,168,ok,crepe,3,SW_Dana,5693.9892578125,21211.984375,12209.456606879909,11140.533203125
train,463,9.792605550159292,96,ok,crepe,9,SW_Yosefa,4784.1953125,20337.966796875,13330.617948091947,12812.75146484375
train,464,19.25703434646158,77,ok,crepe,2,NSW_1,5124.43896484375,10880.943359375,7800.9410990168535,7703.4267578125
train,465,1.0932912713730274,17,ok,crepe,7,SW_Nikita,9250.2939453125,17648.00390625,15837.108501233553,16472.779296875
train,466,18.055761540558336,141,ok,crepe,6,SW_Neo,5497.01904296875,10886.0048828125,8565.016991592034,8932.81689453125
train,467,14.566896857653013,66,ok,crepe,2,NSW_1,8346.017578125,19423.634765625,11149.503507915297,10638.8076171875
train,468,11.598778734420549,190,ok,crepe,4,SW_Luna,5970.94189453125,17862.181640625,11916.141860744965,11408.3193359375
train,469,15.167827693207233,64,ok,crepe,7,SW_Nikita,7015.38623046875,17867.83203125,14143.21789880701,16378.435546875
train,470,6.941684040091988,158,ok,crepe,4,SW_Luna,7190.7470703125,21488.0859375,12389.414599882159,10762.421875
train,471,18.854389318771933,118,ok,crepe,5,SW_Nana,5425.28564453125,15743.6669921875,10721.29178754021,9752.6533203125
train,472,17.836743799296876,193,ok,crepe,4,SW_Luna,7977.845703125,17645.28125,13050.254073409347,11210.6826171875
train,473,16.543333506609777,155,ok,crepe,2,NSW_1,4122.5078125,21488.40625,12458.626994977678,11286.111328125
train,474,14.743782405239628,44,ok,crepe,2,NSW_1,4172.3935546875,17856.615234375,7681.27983601888,7188.76220703125
train,475,8.431192352466491,62,ok,crepe,2,NSW_1,4892.693359375,19426.189453125,10723.065049913195,10759.41064453125
train,476,17.26799436910739,94,ok,crepe,4,SW_Luna,8630.1806640625,17865.26171875,12856.86940044438,10525.068359375
train,477,9.141203892898424,60,ok,crepe,5,SW_Nana,5762.70703125,21212.6015625,11062.679537259615,10159.859375
train,478,16.995443196412424,107,ok,crepe,4,SW_Luna,6318.0947265625,17866.130859375,12193.557719569053,10702.642578125
train,479,10.66766881673737,147,ok,crepe,4,SW_Luna,7015.91064453125,19673.50390625,13618.229951230353,15564.373046875
train,480,20.93070385151099,147,ok,crepe,4,SW_Luna,6781.5771484375,17855.380859375,12828.096544692096,10998.17626953125
train,481,15.674391147037376,101,ok,crepe,3,SW_Dana,7016.0048828125,16866.138671875,11592.561683391703,11469.994140625
train,482,11.567563145986329,141,ok,crepe,5,SW_Nana,5969.595703125,15566.6875,9722.475273318407,9589.3408203125
train,483,16.150352578801648,140,ok,crepe,4,SW_Luna,7704.720703125,18730.3359375,12191.4447013807,10877.5888671875
train,484,16.691347723365702,205,ok,crepe,5,SW_Nana,6622.4189453125,15940.306640625,9648.501901834952,9369.1845703125
train,485,7.228033192950406,77,ok,crepe,4,SW_Luna,6319.31396484375,17642.40625,10341.950519004564,10398.650390625
train,486,11.214594451639934,65,ok,crepe,7,SW_Nikita,8431.71484375,19416.181640625,14413.130529269367,15563.2958984375
train,487,16.085836503432258,88,ok,crepe,3,SW_Dana,8072.20458984375,18499.255859375,12540.688708851638,12073.259765625
train,488,16.89553503507375,135,ok,crepe,4,SW_Luna,5007.63232421875,17863.95703125,12480.539896382914,11534.8974609375
train,489,12.740779018549215,124,ok,crepe,6,SW_Neo,6246.775390625,17864.015625,10517.697679602581,10638.748046875
train,490,9.462142960837229,61,ok,crepe,9,SW_Yosefa,5123.77392578125,20777.23046875,9601.475563401442,9046.349609375
train,491,2.300183894908199,96,ok,crepe,6,SW_Neo,7264.181640625,17861.05859375,10553.903339650371,10399.0908203125
train,492,9.839982547328681,83,ok,crepe,5,SW_Nana,6395.421875,20129.58984375,10310.580582157258,8632.7705078125
train,493,17.376252300016937,152,ok,crepe,4,SW_Luna,6539.1591796875,17649.357421875,11884.359328366398,10758.21435546875
train,494,14.768974879195788,113,ok,crepe,6,SW_Neo,5969.75390625,17442.517578125,9206.776533823164,9691.7099609375
train,495,17.766286356862885,146,ok,crepe,4,SW_Luna,7439.189453125,17255.396484375,12620.05010241997,10763.27685546875
train,496,31.395910277493385,140,ok,crepe,6,SW_Neo,6463.48876953125,10764.580078125,8773.476179064417,9144.50390625
train,497,3.5274430578849407,18,ok,crepe,7,SW_Nikita,6395.95458984375,17858.21484375,14072.639182350853,16579.6748046875
train,498,20.04017809913706,127,ok,crepe,6,SW_Neo,5063.05712890625,10766.671875,8761.436444256757,9255.65283203125
train,499,8.302288215988147,99,ok,crepe,4,SW_Luna,5558.521484375,17647.439453125,11931.311767578125,10523.603515625
train,500,18.09922283154122,60,ok,crepe,6,SW_Neo,5970.6181640625,18497.90625,13061.414500517003,10884.962890625
train,501,7.531574547666099,63,ok,crepe,6,SW_Neo,6621.4931640625,10767.48828125,8866.329080930898,9367.7587890625
train,502,-1.7244325166015213,54,ok,crepe,9,SW_Yosefa,8631.98046875,19206.90234375,10294.157916891163,9872.9404296875
train,503,7.529384456675558,120,ok,crepe,4,SW_Luna,8635.22265625,18497.66796875,11908.337708430503,10280.1416015625
train,504,16.833219664383275,95,ok,crepe,9,SW_Yosefa,6317.923828125,19671.064453125,9390.945616026182,8524.634765625
train,505,24.027811444428785,160,ok,crepe,6,SW_Neo,5063.16064453125,17442.82421875,8747.845764160156,8777.1591796875
train,506,9.466790558152574,182,ok,crepe,6,SW_Neo,4073.53076171875,19898.259765625,10806.837560317095,10276.31396484375
train,507,15.05571739944264,121,ok,crepe,6,SW_Neo,6937.47021484375,17249.591796875,8749.227956578352,8194.427978515625
train,508,16.163346879033604,96,ok,crepe,4,SW_Luna,7097.73681640625,17452.37890625,11547.384814013232,11003.173828125
train,509,16.58215287452426,94,ok,crepe,6,SW_Neo,6036.890625,17042.8125,9740.270978338069,10157.61962890625
train,510,16.02562270273991,112,ok,crepe,4,SW_Luna,4268.36083984375,19423.98046875,12280.6841875,10633.564453125
train,511,9.757740025548928,193,ok,crepe,7,SW_Nikita,6463.32470703125,17647.0234375,15838.262324662643,16672.939453125
train,512,12.964607761760092,135,ok,crepe,4,SW_Luna,5829.64599609375,20781.044921875,12362.1432421875,10769.79052734375
train,513,12.337770445815273,78,ok,crepe,2,NSW_1,7613.9775390625,18288.693359375,11061.627745225695,10882.5205078125
train,514,12.441151886282844,65,ok,crepe,4,SW_Luna,8247.1279296875,16863.23046875,11755.73682960304,10635.146484375
train,515,-5.540460898437,22,ok,crepe,4,SW_Luna,6540.1806640625,19673.84765625,12599.814963600853,10941.64599609375
train,516,14.782183419686499,98,ok,crepe,2,NSW_1,4838.1533203125,17646.220703125,11844.452684250553,11540.126953125
train,517,19.01206379457484,128,ok,crepe,6,SW_Neo,6035.484375,18722.8828125,9898.91083984375,9693.50537109375
train,518,12.388167433836362,94,ok,crepe,6,SW_Neo,6936.1884765625,19425.27734375,8968.879615196814,9040.955078125
train,519,9.615343329569834,120,ok,crepe,7,SW_Nikita,8731.703125,17862.333984375,13799.330334739963,15194.6923828125
train,520,13.313581203468036,104,ok,crepe,7,SW_Nikita,6176.6201171875,19676.48828125,13243.283874511719,14850.6435546875
train,521,12.023291356014704,80,ok,crepe,6,SW_Neo,6033.76708984375,17862.765625,10165.973423549107,10048.92578125
train,522,16.77867011307932,232,ok,crepe,4,SW_Luna,4218.41796875,17444.47265625,12006.05287388393,10759.61865234375
train,523,6.368339286831946,101,ok,crepe,6,SW_Neo,5622.783203125,19207.72265625,9578.941974431818,9039.70654296875
train,524,0.5983137194403683,96,ok,crepe,2,NSW_1,3012.00537109375,19423.94921875,10050.441444546568,8940.1337890625
train,525,11.924821969296467,131,ok,crepe,3,SW_Dana,5008.25244140625,17040.228515625,10554.708124866223,10279.845703125
train,526,6.245828307701242,65,ok,crepe,4,SW_Luna,5498.09130859375,13114.330078125,9608.66515625,10400.708984375
train,527,6.6496031076703055,116,ok,crepe,4,SW_Luna,6463.8134765625,19424.12109375,13081.949618602363,11529.650390625
train,528,12.096648726816106,92,ok,crepe,6,SW_Neo,5064.29150390625,16866.884765625,9053.579487537203,9248.1328125
train,529,10.367393288045971,181,ok,crepe,9,SW_Yosefa,4122.71923828125,19423.15234375,9394.659170160061,9144.1259765625
train,530,26.7194779025939,111,ok,crepe,6,SW_Neo,4783.6708984375,10881.28125,8938.138473510742,9475.87451171875
train,531,-5.30236209779714,144,ok,crepe,9,SW_Yosefa,6318.716796875,21005.8984375,11081.705149203915,10108.18994140625
train,532,10.43550184415578,135,ok,crepe,6,SW_Neo,6246.6513671875,17644.640625,9832.368938802083,9641.43896484375
train,533,14.830245796588626,51,ok,crepe,2,NSW_1,5008.138671875,18965.525390625,11036.756289724577,10278.259765625
train,534,11.33169137678336,108,ok,crepe,6,SW_Neo,5829.27783203125,12071.0205078125,9068.800147271926,9366.3212890625
train,535,5.549773344022848,139,ok,crepe,7,SW_Nikita,5427.85205078125,19421.20703125,13966.169752038044,15928.1552734375
train,536,10.682999101903668,93,ok,crepe,4,SW_Luna,7613.56201171875,21486.1171875,12178.693089161105,9813.8603515625
train,537,13.951069635387569,132,ok,crepe,5,SW_Nana,6622.8876953125,16288.3349609375,9737.634998295931,9036.8828125
train,538,14.22094661888292,80,ok,crepe,7,SW_Nikita,6461.9384765625,17648.09375,14762.339747166896,16480.197265625
train,539,12.692332851921961,88,ok,crepe,4,SW_Luna,6622.4912109375,17864.99609375,12295.056966145834,10758.376953125
train,540,14.027334835053312,67,ok,crepe,6,SW_Neo,8632.935546875,11798.5625,10493.108132102272,10518.390625
train,541,14.465958488382762,112,ok,crepe,6,SW_Neo,7096.505859375,19422.068359375,9825.324491726133,9818.73046875
train,542,12.585317151516069,71,ok,crepe,9,SW_Yosefa,5829.86572265625,17442.259765625,7967.52880859375,7225.222412109375
train,543,14.35614760081597,93,ok,crepe,4,SW_Luna,5904.20654296875,18078.015625,14341.60953932542,17041.7060546875
train,544,17.91807406502073,237,ok,crepe,6,SW_Neo,4268.375,17855.7109375,10075.323744990126,10048.2412109375
train,545,8.281171986140683,77,ok,crepe,6,SW_Neo,7190.5283203125,10640.2236328125,9047.237865930316,9477.2158203125
train,546,11.613109900660302,146,ok,crepe,4,SW_Luna,6466.65576171875,19903.376953125,14178.073030402862,16103.0048828125
train,547,16.863000250985614,87,ok,crepe,4,SW_Luna,6540.03857421875,16679.076171875,9600.888149068813,9688.76171875
train,548,13.487791144715274,52,ok,crepe,4,SW_Luna,7980.3984375,16486.70703125,10669.658203125,10520.6015625
train,549,19.2831065705421,90,ok,crepe,2,NSW_1,6033.884765625,12658.515625,10385.125215970553,10632.5048828125
train,550,22.97751546360233,127,ok,crepe,6,SW_Neo,5298.6533203125,17859.9609375,9614.342692618535,9940.94140625
train,551,17.948305756561673,201,ok,crepe,2,NSW_1,5063.36474609375,21488.328125,11572.571148050243,9936.78662109375
train,552,6.652254509922269,96,ok,crepe,4,SW_Luna,8631.2158203125,19903.337890625,12233.005699573863,10637.52197265625
train,553,16.585963588641857,114,ok,crepe,4,SW_Luna,7979.92919921875,18728.375,12349.769240517653,10638.658203125
train,554,11.318821286962555,97,ok,crepe,4,SW_Luna,6936.69970703125,18081.67578125,14273.645765032086,16471.38671875
train,555,6.253996036933747,65,ok,crepe,6,SW_Neo,8824.0517578125,21009.013671875,11125.046654929578,10407.2646484375
train,556,16.897942139986565,119,ok,crepe,6,SW_Neo,5903.328125,17441.619140625,9898.229811448316,9818.18310546875
train,557,14.741887079355099,171,ok,crepe,6,SW_Neo,6174.470703125,13263.92578125,9425.542323521206,9691.92919921875
train,558,16.32985562157043,98,ok,crepe,6,SW_Neo,7097.931640625,10644.29296875,9391.747347445102,9822.1669921875
train,559,21.89342766813969,125,ok,crepe,6,SW_Neo,5123.82275390625,10765.5126953125,8774.541716056034,9149.5166015625
train,560,15.789925745361653,104,ok,crepe,4,SW_Luna,5008.9296875,16483.94921875,11622.8363637116,10696.66552734375
train,561,18.1717165404227,146,ok,crepe,4,SW_Luna,7793.8359375,17654.24609375,13339.972537086123,11930.693359375
train,562,21.764443363279877,50,ok,crepe,9,SW_Yosefa,5361.255859375,19423.634765625,9154.154528601695,8349.5576171875
train,563,16.297423128817456,187,ok,crepe,7,SW_Nikita,6176.548828125,18080.2578125,13841.325874760465,15209.2431640625
train,564,10.268530844269595,159,ok,crepe,5,SW_Nana,5904.03857421875,17445.783203125,9422.403851285007,9252.93359375
train,565,14.753452986736132,22,ok,crepe,2,NSW_1,4269.5234375,8159.48486328125,6556.51865234375,6855.38330078125
train,566,23.88868154298339,116,ok,crepe,4,SW_Luna,8430.658203125,17453.46484375,12729.354094328704,10759.046875
train,567,14.556253905837231,106,ok,crepe,6,SW_Neo,6318.70068359375,17450.060546875,12241.902159643954,10633.21728515625
train,568,18.335533091017062,80,ok,crepe,9,SW_Yosefa,4892.9794921875,21006.162109375,9994.953459664677,8825.4873046875
train,569,12.953752679198267,35,ok,crepe,1,NSW_2,8158.7890625,17252.345703125,12244.960988898027,11866.31591796875
train,570,9.843165831148477,117,ok,crepe,4,SW_Luna,6247.9072265625,18733.005859375,13755.330224609375,13262.3046875
train,571,14.143561132172325,125,ok,crepe,4,SW_Luna,6177.3125,17853.06640625,12233.793460375642,10767.1142578125
train,572,11.079072636084568,163,ok,crepe,9,SW_Yosefa,5178.2705078125,20132.45703125,10318.109571403631,9818.755859375
train,573,15.404711581946447,86,ok,crepe,4,SW_Luna,5762.40771484375,19424.6875,11196.19150982481,10516.291015625
train,574,10.378985211860199,80,ok,crepe,7,SW_Nikita,7099.634765625,19669.84765625,14800.592683211617,16194.5615234375
train,575,8.754143194646973,24,ok,crepe,7,SW_Nikita,6539.70947265625,18961.42578125,16199.936471121651,16481.890625
train,576,11.263605351495675,83,ok,crepe,4,SW_Luna,5498.7275390625,21213.576171875,13706.876775105795,14663.91455078125
train,577,16.994431446699867,179,ok,crepe,3,SW_Dana,7014.3173828125,17440.96875,12279.161584835241,12000.857421875
train,578,18.111270697707962,135,ok,crepe,4,SW_Luna,7519.451171875,17851.857421875,13060.017861141521,11001.966796875
train,579,14.194390680251846,113,ok,crepe,6,SW_Neo,7094.451171875,17251.154296875,9376.335662841797,9472.45947265625
train,580,8.626656037812507,152,ok,crepe,6,SW_Neo,8730.744140625,19423.806640625,10082.129277457967,9698.8828125
train,581,13.563130813403369,121,ok,crepe,4,SW_Luna,8824.26171875,19420.48828125,13373.493220674818,11673.0712890625
train,582,17.051637186286783,97,ok,crepe,4,SW_Luna,5905.318359375,19423.279296875,12711.003623560855,10644.4375
train,583,9.391402289659146,46,ok,crepe,4,SW_Luna,7264.7763671875,20781.73828125,13445.112516583136,15028.984375
train,584,16.182896407831297,189,ok,crepe,4,SW_Luna,7792.6201171875,19672.59765625,11387.055398545506,10519.5791015625
train,585,10.09984828374206,65,ok,crepe,6,SW_Neo,7260.86669921875,10765.138671875,9706.705869932432,9873.60693359375
train,586,16.871600783323156,94,ok,crepe,6,SW_Neo,6247.88037109375,16868.703125,9312.536712361274,9038.583984375
train,587,9.575429031819677,90,ok,crepe,4,SW_Luna,4314.6025390625,17851.62890625,10423.8113671875,9640.1611328125
train,588,8.59464950964657,63,ok,crepe,4,SW_Luna,6395.34375,16477.31640625,9719.128046599912,9927.9482421875
train,589,21.061067061586066,139,ok,crepe,4,SW_Luna,8347.34765625,17450.984375,13232.967459972993,11736.068359375
train,590,9.187192387145519,101,ok,crepe,6,SW_Neo,5498.98193359375,17450.63671875,8705.67710658482,9093.8740234375
train,591,7.7255692675847945,54,ok,crepe,4,SW_Luna,5829.53857421875,17445.79296875,10875.904125548246,10759.2197265625
train,592,15.669362480063363,157,ok,crepe,6,SW_Neo,5760.74609375,20780.859375,9982.67779405382,9698.251953125
train,593,10.332517752322559,52,ok,crepe,5,SW_Nana,7265.30029296875,17853.705078125,10188.321753329918,9689.2763671875
train,594,10.0362439960095,129,ok,crepe,4,SW_Luna,7883.1962890625,19673.984375,13257.907769476617,11142.2939453125
train,595,9.064863789280826,148,ok,crepe,6,SW_Neo,4267.70654296875,19425.53515625,9238.67804214015,9369.078125
train,596,19.854080499218245,97,ok,crepe,9,SW_Yosefa,5903.65673828125,12216.294921875,8091.371800013951,7796.5390625
train,597,5.411648255901938,108,ok,crepe,4,SW_Luna,5693.67919921875,17442.8359375,9088.60169380252,9580.9296875
train,598,15.012641078543174,119,ok,crepe,4,SW_Luna,6319.10546875,20784.78125,12640.322412827436,10877.39892578125
train,599,4.785164676845555,79,ok,crepe,4,SW_Luna,6248.7001953125,19206.1796875,12233.960998535156,9687.99658203125
train,600,17.152972068295465,150,ok,crepe,4,SW_Luna,7521.376953125,17649.13671875,12587.317568416483,10882.771484375
train,601,14.830055058785502,50,ok,crepe,2,NSW_1,5427.45068359375,17441.619140625,9826.36851283482,10404.447265625
train,602,12.226409109698679,55,ok,crepe,7,SW_Nikita,14669.755859375,17049.53515625,16077.631698608398,16478.5185546875
train,603,19.995469266072778,155,ok,crepe,3,SW_Dana,7349.6572265625,16471.265625,11977.995967564957,11001.24853515625
train,604,16.581722217689308,122,ok,crepe,2,NSW_1,4122.4482421875,17444.4375,10119.545955049818,9755.58203125
train,605,23.598535183804973,133,ok,crepe,6,SW_Neo,5763.56982421875,17248.6796875,9391.74733200572,9479.6943359375
train,606,20.866823995307392,120,ok,crepe,6,SW_Neo,3473.967041015625,10769.337890625,8778.06936930924,9246.71484375
train,607,7.260697023470741,32,ok,crepe,4,SW_Luna,6247.28125,17447.08984375,12687.504840959822,11145.27734375
train,608,22.75916710865006,125,ok,crepe,9,SW_Yosefa,5497.302734375,12495.029296875,8256.539907731682,7349.37744140625
train,609,19.851182342313702,98,ok,crepe,4,SW_Luna,7190.84716796875,13112.419921875,9358.791446720157,9693.7451171875
train,610,10.37812920960803,161,ok,crepe,6,SW_Neo,6318.11328125,19428.74609375,9687.541162109375,9582.970703125
train,611,9.518875599295054,32,ok,crepe,7,SW_Nikita,8630.884765625,17251.58203125,14598.477590460527,15937.552734375
train,612,24.214789160575805,62,ok,crepe,4,SW_Luna,8069.1845703125,17251.349609375,11534.198228624133,10578.11376953125
train,613,2.1757737845719887,74,ok,crepe,4,SW_Luna,3934.416015625,17443.96484375,10292.164080810548,9994.25244140625
train,614,9.926511028541205,127,ok,crepe,6,SW_Neo,4268.77734375,19423.966796875,9394.820556640625,9692.16650390625
train,615,5.26740428751989,149,ok,crepe,6,SW_Neo,4314.50244140625,18075.580078125,10561.015260955992,9816.75390625
train,616,9.44801763604882,117,ok,crepe,9,SW_Yosefa,6101.734375,17644.912109375,9621.34831640625,9478.05859375
train,617,17.540791969090826,64,ok,crepe,7,SW_Nikita,8935.1328125,17643.384765625,14747.795598958333,16857.923828125
train,618,19.348816445147754,130,ok,crepe,6,SW_Neo,7438.33056640625,17444.40234375,10399.536881730362,10158.34375
train,619,18.477932441237527,142,ok,crepe,6,SW_Neo,5427.283203125,17644.708984375,9242.731625047929,9818.328125
train,620,13.980024536397625,119,ok,crepe,4,SW_Luna,7264.8935546875,18289.220703125,13497.34491012688,11795.419921875
train,621,9.121386404237542,102,ok,crepe,6,SW_Neo,5967.77294921875,11795.818359375,9176.8293737901,9477.7890625
train,622,13.794759669040712,110,ok,crepe,4,SW_Luna,7265.44677734375,17452.021484375,14047.877265930176,16475.7587890625
train,623,13.88215963396528,140,ok,crepe,5,SW_Nana,6620.740234375,12949.5791015625,8657.556671528877,8299.01318359375
train,624,12.318694928632732,111,ok,crepe,6,SW_Neo,5177.71728515625,17646.14453125,9136.201194943405,9248.3583984375
train,625,18.055288857744973,33,ok,crepe,7,SW_Nikita,7706.6044921875,15943.4873046875,12890.13500350561,14327.4462890625
train,626,12.060932825407152,79,ok,crepe,7,SW_Nikita,6032.8056640625,19421.546875,14513.836648220486,16470.30078125
train,627,11.539056178377404,130,ok,crepe,6,SW_Neo,5428.24169921875,17652.86328125,9419.825405544705,9478.66357421875
train,628,23.941483708351093,131,ok,crepe,6,SW_Neo,4171.951171875,11277.77734375,9061.345231012003,9579.783203125
train,629,23.658713447413557,121,ok,crepe,4,SW_Luna,7099.0908203125,17652.927734375,12254.375860639613,10757.439453125
train,630,11.688752095396692,130,ok,crepe,6,SW_Neo,7267.2724609375,19425.060546875,9968.6116085568,10048.89404296875
train,631,11.710951136876666,76,ok,crepe,9,SW_Yosefa,7098.11474609375,17650.8515625,11000.13761208274,9045.6357421875
train,632,6.511364121652616,157,ok,crepe,6,SW_Neo,6782.26318359375,19901.37890625,10017.337330957602,9822.1181640625
train,633,13.352032258346881,48,ok,crepe,9,SW_Yosefa,6617.9697265625,17645.01171875,9542.74008065683,8777.22119140625
train,634,10.092975592056497,66,ok,crepe,6,SW_Neo,8937.3974609375,10878.2529296875,10200.490963541666,10403.13671875
train,635,12.964791184249957,105,ok,crepe,4,SW_Luna,7975.8310546875,19422.587890625,12357.63166383837,10760.34033203125
train,636,14.292341592109373,97,ok,crepe,7,SW_Nikita,6540.85546875,18971.38671875,12962.495641305906,14333.3994140625
train,637,11.224697432800799,155,ok,crepe,4,SW_Luna,5763.55859375,17243.955078125,12249.651673397775,11401.2314453125
train,638,14.645370517483673,100,ok,crepe,4,SW_Luna,7015.1796875,18077.9921875,13408.293954031808,13923.0166015625
train,639,11.037342081819919,107,ok,crepe,6,SW_Neo,7093.74755859375,17442.4375,9047.675261466733,9254.1201171875
train,640,11.295865420206834,164,ok,crepe,4,SW_Luna,6034.86572265625,20133.25,13288.278365425442,13028.9033203125
train,641,9.181325339083243,147,ok,crepe,4,SW_Luna,7705.8935546875,17863.763671875,11713.895534608422,10403.7060546875
train,642,19.77037191378329,81,ok,crepe,4,SW_Luna,6463.1494140625,17864.6015625,12933.06521505838,10757.13671875
train,643,17.715395379136798,102,ok,crepe,6,SW_Neo,5764.00830078125,11796.171875,8521.39829799107,9144.400390625
train,644,18.903638586470016,74,ok,crepe,7,SW_Nikita,6464.48681640625,16476.6953125,11220.551252297793,9818.677734375
train,645,13.085533932646413,71,ok,crepe,7,SW_Nikita,8159.6552734375,17046.37890625,14561.219689941407,15565.3212890625
train,646,20.685972489144643,105,ok,crepe,9,SW_Yosefa,5691.763671875,19901.03515625,9483.441793646694,8430.3525390625
train,647,11.61930476774005,139,ok,crepe,4,SW_Luna,7882.873046875,18966.3828125,13963.976385225915,15193.205078125
train,648,18.771831448265512,128,ok,crepe,9,SW_Yosefa,5621.97265625,14497.14453125,7997.625478450084,7792.638671875
train,649,13.812113538949141,97,ok,crepe,4,SW_Luna,6178.28857421875,19426.3046875,11415.629059709821,10644.9716796875
train,650,15.992198225794766,169,ok,crepe,4,SW_Luna,7189.93212890625,17452.0,12173.86541906169,10878.5986328125
train,651,8.651199978430078,71,ok,crepe,5,SW_Nana,5692.1796875,17442.150390625,10620.3364381428,10405.5810546875
train,652,10.621532072623474,162,ok,crepe,7,SW_Nikita,6247.34326171875,20554.48046875,14979.246024376707,15750.2880859375
train,653,26.330455566503325,169,ok,crepe,3,SW_Dana,5623.8193359375,19430.158203125,10828.20826212565,10051.794921875
train,654,9.280616353385044,87,ok,crepe,2,NSW_1,9040.6552734375,17862.5703125,11902.554666940789,10516.2109375
train,655,17.12157697517195,73,ok,crepe,7,SW_Nikita,7351.732421875,17441.44140625,14668.256312779018,15747.26123046875
train,656,5.546781709120837,115,ok,crepe,6,SW_Neo,6396.32861328125,17857.947265625,9851.316239704458,9817.2890625
train,657,17.422888451009396,136,ok,crepe,6,SW_Neo,6175.46875,16283.75390625,8938.714707772942,9251.39892578125
train,658,7.733502044713701,83,ok,crepe,5,SW_Nana,5969.2451171875,16479.63671875,11603.444298785666,10520.7236328125
train,659,4.932675596661292,151,ok,crepe,4,SW_Luna,5970.93212890625,21217.140625,13607.00145314839,16103.5654296875
train,660,6.904055669578586,138,ok,crepe,4,SW_Luna,7522.4560546875,19421.201171875,12927.861314747432,11668.69775390625
train,661,8.200781581305552,89,ok,crepe,6,SW_Neo,6540.0966796875,12948.5849609375,8768.516616509885,8936.8154296875
train,662,16.147129435772037,131,ok,crepe,7,SW_Nikita,8160.4638671875,17444.224609375,14769.61919844778,15924.79150390625
train,663,6.118773656667732,129,ok,crepe,5,SW_Nana,5829.07958984375,19424.103515625,14974.54059361049,16278.779296875
train,664,12.494290821306373,111,ok,crepe,4,SW_Luna,8071.9111328125,17649.865234375,12800.498984990158,11143.5244140625
train,665,18.1435518401087,219,ok,crepe,4,SW_Luna,4027.36572265625,20126.90234375,13017.109306912973,11143.177734375
train,666,16.127890473531924,163,ok,crepe,4,SW_Luna,6176.236328125,18288.24609375,14019.633885160405,16287.2587890625
train,667,10.317245442011238,189,ok,crepe,4,SW_Luna,4516.37890625,17645.958984375,11850.923463033974,10579.13916015625
train,668,20.178730299434456,135,ok,crepe,6,SW_Neo,5692.3544921875,10878.4619140625,8852.003141172372,9368.5830078125
train,669,15.914305716092322,180,ok,crepe,7,SW_Nikita,4574.384765625,19418.357421875,11667.969494273362,11338.5517578125
train,670,19.328373502078463,158,ok,crepe,9,SW_Yosefa,5497.98046875,19213.25390625,7710.313763462217,7436.625
train,671,14.659923632306594,135,ok,crepe,1,NSW_2,4726.373046875,19422.28515625,10614.326412885617,10765.390625
train,672,8.688828704664942,68,ok,crepe,4,SW_Luna,5762.50390625,19421.02734375,10425.15538758117,10276.9541015625
train,673,18.035612745765533,63,ok,crepe,6,SW_Neo,5904.466796875,16481.14453125,9200.31457170759,9534.2958984375
train,674,17.135010704077946,42,ok,crepe,7,SW_Nikita,8247.61328125,16864.77734375,13368.248086734693,14488.083984375
train,675,13.474464615160448,104,ok,crepe,6,SW_Neo,7015.9560546875,16865.705078125,9354.99020954714,9586.4345703125
train,676,17.690228264287285,46,ok,crepe,4,SW_Luna,7098.8720703125,19424.5078125,12208.145124846813,10995.939453125
train,677,21.42026523811074,145,ok,crepe,2,NSW_1,5362.76318359375,21004.65625,11070.522728896722,9580.7998046875
train,678,13.351731473718223,174,ok,crepe,4,SW_Luna,4315.10986328125,20554.4609375,11804.310244487628,10524.5458984375
train,679,7.417874348006319,110,ok,crepe,1,NSW_2,6177.84912109375,17864.318359375,9299.505362374442,8824.11328125
train,680,12.167003331370427,85,ok,crepe,6,SW_Neo,6540.109375,11537.52734375,9549.127194748711,10045.4560546875
train,681,22.935953946337936,115,ok,crepe,6,SW_Neo,6622.47998046875,15030.5126953125,9164.470956443844,9693.1884765625
train,682,23.014245647477622,162,ok,crepe,4,SW_Luna,7795.853515625,17257.41015625,13058.260246072861,12071.9775390625
train,683,14.29461544473256,170,ok,crepe,4,SW_Luna,6317.9423828125,20558.474609375,12807.162862141928,10944.59521484375
train,684,23.309602292528346,160,ok,crepe,4,SW_Luna,5763.6005859375,17644.8671875,11887.546133239413,11406.9384765625
train,685,10.59598003371898,82,ok,crepe,4,SW_Luna,6539.9169921875,17246.14453125,11482.34043703797,10286.798828125
train,686,16.774610530498613,185,ok,crepe,4,SW_Luna,7793.39306640625,17439.048828125,11297.25740832461,10048.142578125
train,687,12.20122739114911,172,ok,crepe,4,SW_Luna,7613.876953125,19417.703125,12611.644394232302,10945.0537109375
train,688,12.077022718166948,138,ok,crepe,4,SW_Luna,5763.31298828125,17445.41796875,11972.032055508558,10518.7978515625
train,689,16.246150914986845,125,ok,crepe,6,SW_Neo,6621.2744140625,10519.123046875,8786.237837670555,8819.17724609375
train,690,11.29288334874369,121,ok,crepe,2,NSW_1,6248.30322265625,18710.18359375,11325.023560448517,10762.123046875
train,691,22.41046085477197,127,ok,crepe,6,SW_Neo,5064.14453125,14162.9638671875,9105.76357421875,9479.640625
train,692,20.149331138729984,151,ok,crepe,4,SW_Luna,5969.39892578125,18493.751953125,12829.752012055496,10883.3837890625
train,693,10.123718239366656,71,ok,crepe,2,NSW_1,7099.41943359375,13264.166015625,9161.062285632623,8203.262939453125
train,694,12.740654653784574,155,ok,crepe,6,SW_Neo,4676.505859375,18076.279296875,9669.368367513021,9477.14013671875
train,695,10.940650987942606,200,ok,crepe,7,SW_Nikita,7793.1123046875,19901.140625,15044.858916966261,16284.990234375
train,696,14.668823154340489,205,ok,crepe,4,SW_Luna,7979.86572265625,18497.3984375,12326.252231233017,11279.0283203125
train,697,17.6711581611712,130,ok,crepe,6,SW_Neo,5063.7529296875,19903.28515625,9290.462015651216,9586.427734375
train,698,7.806009543056851,92,ok,crepe,4,SW_Luna,6034.96337890625,17453.2734375,11709.457923302283,11003.5791015625
train,699,12.495893962233136,83,ok,crepe,9,SW_Yosefa,5968.45166015625,15209.7216796875,8815.197504571144,8246.021484375
train,700,6.7183862022718985,117,ok,crepe,4,SW_Luna,4622.21728515625,17645.1796875,10078.169943902725,10401.75
train,701,15.6148412934704,156,ok,crepe,2,NSW_1,4123.29052734375,20132.9296875,10951.236482319078,10641.3203125
train,702,9.51691375904184,100,ok,crepe,6,SW_Neo,5904.27490234375,17645.205078125,9226.362165779903,9637.580078125
train,703,19.312898803234415,140,ok,crepe,6,SW_Neo,6318.982421875,19423.50390625,9089.82853746118,9146.232421875
train,704,12.260765279127607,81,ok,crepe,2,NSW_1,8823.078125,17438.73828125,11225.609117445056,10279.744140625
train,705,6.030349638880414,156,ok,crepe,9,SW_Yosefa,2017.7061767578125,21489.015625,10279.721275419348,9697.80517578125
train,706,13.312980618447359,45,ok,crepe,2,NSW_1,8827.3310546875,12650.4013671875,10422.24325796274,10636.2216796875
train,707,20.38624022469016,123,ok,crepe,9,SW_Yosefa,5692.16796875,17044.03515625,8360.613568072553,8158.802734375
train,708,17.159841650810716,109,ok,crepe,6,SW_Neo,6316.1572265625,11539.4912109375,8480.353865559895,7394.06640625
train,709,13.322618722983663,152,ok,crepe,9,SW_Yosefa,7436.77978515625,12948.162109375,9223.554826183432,9044.7080078125
train,710,16.926976639067558,109,ok,crepe,6,SW_Neo,6034.76171875,10884.41796875,8855.23866796875,9035.765625
train,711,9.29957035782978,130,ok,crepe,4,SW_Luna,5970.3955078125,21487.185546875,13979.045879035595,14497.388671875
train,712,15.596558751212617,141,ok,crepe,6,SW_Neo,4219.294921875,18725.333984375,9782.696606445312,9696.15087890625
train,713,17.8831465760482,80,ok,crepe,7,SW_Nikita,5904.5458984375,17444.921875,13346.058935546875,14840.6435546875
train,714,14.280671097003825,97,ok,crepe,4,SW_Luna,4268.396484375,17442.97265625,10963.658842773437,10519.7119140625
train,715,19.056610108611032,131,ok,crepe,4,SW_Luna,7981.37744140625,17859.14453125,12735.121559244792,11000.7724609375
train,716,21.356446444051414,127,ok,crepe,6,SW_Neo,5692.779296875,15747.2470703125,8948.173805030616,9369.9697265625
train,717,6.312620825735255,80,ok,crepe,3,SW_Dana,5240.9130859375,13408.201171875,10407.389266304348,10634.4189453125
train,718,11.114449201460753,82,ok,crepe,7,SW_Nikita,5969.82666015625,20343.1640625,14284.152066317472,15399.70263671875
train,719,11.420707572244854,130,ok,crepe,2,NSW_1,3510.820068359375,21490.919921875,10506.844902143086,10581.24169921875
train,720,22.04013489719786,171,ok,crepe,5,SW_Nana,5903.66748046875,21488.87109375,9261.766312117428,8876.0234375
train,721,7.173539461175144,186,ok,crepe,5,SW_Nana,4314.58251953125,19207.6015625,11573.289267339938,10520.806640625
train,722,14.799563683420187,130,ok,crepe,4,SW_Luna,6176.546875,19427.51171875,13273.462917751736,13032.79296875
train,723,18.030337341109767,95,ok,crepe,7,SW_Nikita,6623.12109375,17853.728515625,14145.417314721904,15936.333984375
train,724,12.238294785150918,213,ok,crepe,2,NSW_1,4415.01904296875,21004.11328125,9660.007544345543,9198.33837890625
train,725,15.19400149336741,192,ok,crepe,6,SW_Neo,6541.076171875,19902.619140625,10344.163387658462,10282.1904296875
train,726,14.32777834339648,234,ok,crepe,3,SW_Dana,7014.669921875,18732.373046875,12190.17693438653,11678.607421875
train,727,8.931552966450063,73,ok,crepe,7,SW_Nikita,8070.2705078125,17258.015625,13745.936716338734,14496.900390625
train,728,18.083233317849032,119,ok,crepe,7,SW_Nikita,6034.455078125,17447.31640625,12663.392172420727,15028.83935546875
train,729,13.181710818042667,145,ok,crepe,6,SW_Neo,5427.53857421875,17042.40625,9952.590980113637,9927.02734375
train,730,30.015887349027146,104,ok,crepe,6,SW_Neo,4517.60302734375,10767.466796875,8381.14695214023,7436.40625
train,731,14.692122581054495,213,ok,crepe,6,SW_Neo,5763.19287109375,17643.740234375,10372.580393473307,10404.5966796875
train,732,21.48330489521461,74,ok,crepe,7,SW_Nikita,6396.05859375,17443.798828125,15790.307588799054,17038.2587890625
train,733,16.484136440785324,125,ok,crepe,5,SW_Nana,5298.591796875,18078.955078125,12095.071839238557,11933.6162109375
train,734,9.362958122498107,61,ok,crepe,4,SW_Luna,7014.7509765625,16859.435546875,10258.974006204044,9935.14404296875
train,735,15.282714044593282,218,ok,crepe,6,SW_Neo,5499.15283203125,17251.44140625,9216.28815655669,9039.8076171875
train,736,13.375088533360557,118,ok,crepe,5,SW_Nana,6397.27001953125,16481.515625,9814.618645163144,8630.716796875
train,737,10.771112027660475,111,ok,crepe,4,SW_Luna,6247.0625,17862.90234375,13352.150482177734,11539.15380859375
train,738,13.503446006052787,116,ok,crepe,4,SW_Luna,5297.2099609375,17645.8984375,11574.93408203125,10280.818359375
train,739,22.60386039838185,239,ok,crepe,6,SW_Neo,3891.186767578125,19423.36328125,10496.44715456855,10398.583984375
train,740,22.143774838272215,138,ok,crepe,6,SW_Neo,4950.7978515625,19207.2734375,9274.523116971817,9474.234375
train,741,-3.829960894563218,65,ok,crepe,4,SW_Luna,6176.908203125,19671.75390625,11848.211753731342,11000.9296875
train,742,15.652462237743789,148,ok,crepe,4,SW_Luna,5970.2490234375,17654.28125,12780.671627987133,11001.08154296875
train,743,18.889602344629804,140,ok,crepe,6,SW_Neo,6938.9521484375,12942.599609375,9935.38878942419,9877.4306640625
train,744,21.216204773019292,153,ok,crepe,6,SW_Neo,4366.43017578125,16862.3828125,8704.5003125,8731.673828125
train,745,10.852224029427532,98,ok,crepe,5,SW_Nana,6176.50830078125,17858.787109375,9278.97577237216,8634.015625
train,746,24.381423389258057,133,ok,crepe,6,SW_Neo,5360.6591796875,12807.447265625,8922.577630251448,9249.8662109375
train,747,8.295997766880287,111,ok,crepe,5,SW_Nana,6035.66162109375,12076.3876953125,8733.700245690725,8944.0341796875
train,748,10.389938526248992,70,ok,crepe,7,SW_Nikita,4622.0068359375,17442.294921875,14052.254986572265,15308.5576171875
train,749,15.472411386600374,172,ok,crepe,4,SW_Luna,6249.16015625,17446.185546875,12523.892811111993,11406.4375
train,750,9.992501776868366,176,ok,crepe,5,SW_Nana,3120.288330078125,17862.021484375,9563.845776243259,9366.3662109375
train,751,9.570301323836532,59,ok,crepe,7,SW_Nikita,6033.990234375,18502.423828125,15328.294892282196,16580.4482421875
train,752,20.010159844376396,100,ok,crepe,6,SW_Neo,6319.2939453125,17448.6484375,9146.325868803879,9472.2998046875
train,753,16.848763570557807,195,ok,crepe,5,SW_Nana,6395.9140625,10155.4140625,8164.2204880231275,7979.71240234375
train,754,21.328518893404947,211,ok,crepe,4,SW_Luna,8069.18994140625,17445.837890625,11887.868894483223,10461.783203125
train,755,13.252299196815482,182,ok,crepe,7,SW_Nikita,5762.93408203125,17649.22265625,15359.441451068085,16470.75390625
train,756,17.131768822064238,58,ok,crepe,9,SW_Yosefa,7264.28466796875,18724.859375,10357.784549597538,9695.0654296875
train,757,11.266437980293881,109,ok,crepe,9,SW_Yosefa,3395.33203125,19207.79296875,9788.89937468498,8729.57080078125
train,758,14.05988077783732,91,ok,crepe,6,SW_Neo,2913.566650390625,17443.728515625,9281.345517672025,9638.771484375
train,759,11.785359693617092,87,ok,crepe,7,SW_Nikita,8162.15283203125,17261.986328125,14816.755100363553,16103.0703125
train,760,12.766452370336276,66,ok,crepe,7,SW_Nikita,6463.2265625,17443.2109375,12351.759360865542,13262.29638671875
train,761,19.40542062345512,121,ok,crepe,4,SW_Luna,6176.35498046875,19671.13671875,12102.50667679398,10757.119140625
train,762,9.390951003067853,96,ok,crepe,5,SW_Nana,6177.25537109375,17042.609375,8228.993136935764,7978.550537109375
train,763,23.041147138746382,145,ok,crepe,4,SW_Luna,5427.62646484375,19682.283203125,11230.549473248106,10048.90625
train,764,18.765400948907786,98,ok,crepe,2,NSW_1,5240.1611328125,17252.642578125,10409.630754743304,10523.8583984375
train,765,10.9037278494833,166,ok,crepe,6,SW_Neo,5427.04833984375,17859.24609375,8961.753875411185,7262.635009765625
train,766,12.486249574038862,129,ok,crepe,5,SW_Nana,5558.29052734375,17252.99609375,10645.773080300965,9814.3759765625
train,767,12.013268029964973,105,ok,crepe,4,SW_Luna,8824.9501953125,16869.23828125,11900.594466145832,10519.27587890625
train,768,7.752413592107614,151,ok,crepe,4,SW_Luna,7348.310546875,16289.568359375,11548.603694264482,10167.57568359375
train,769,18.684384158312533,148,ok,crepe,4,SW_Luna,5970.21728515625,17643.181640625,12684.837385110293,10638.908203125
train,770,7.341263535901803,75,ok,crepe,6,SW_Neo,6539.990234375,18288.00390625,10132.689798494665,10223.87939453125
train,771,18.749987400389216,189,ok,crepe,8,SW_Shy,3158.2470703125,19428.8671875,9149.356578480114,8826.85546875
train,772,15.461523993050271,81,ok,crepe,7,SW_Nikita,6395.935546875,17645.8515625,13194.354518724524,15203.89208984375
train,773,17.950131897854874,164,ok,crepe,4,SW_Luna,7523.69677734375,18497.3359375,12172.591705657624,10640.00830078125
train,774,22.044657004012723,188,ok,crepe,2,NSW_1,3798.12451171875,6540.85693359375,5635.180985476993,6032.521728515625
train,775,22.189666727036194,159,ok,crepe,6,SW_Neo,5361.3359375,17645.404296875,9237.870322923982,9037.93017578125
train,776,11.090256710187349,15,ok,crepe,9,SW_Yosefa,5425.9580078125,10641.521484375,8989.024479166666,9588.8779296875
train,777,14.880468991351506,122,ok,crepe,4,SW_Luna,6464.3349609375,21007.314453125,13160.756358194694,12071.259765625
train,778,18.69624946528386,119,ok,crepe,4,SW_Luna,6397.63720703125,17644.796875,12473.084514810027,11007.328125
train,779,14.723825283766807,244,ok,crepe,5,SW_Nana,7263.607421875,18080.4609375,11576.49203578404,10520.17578125
train,780,25.899014094679103,124,ok,crepe,9,SW_Yosefa,4027.856201171875,16283.83984375,8741.39301348066,8635.404296875
train,781,10.003129327631923,37,ok,crepe,2,NSW_1,4366.603515625,16678.65625,11166.760595703125,10764.7421875
train,782,22.544981612487696,147,ok,crepe,6,SW_Neo,4314.8447265625,11671.6845703125,9101.322025818232,9587.6259765625
train,783,31.40393929516785,293,ok,crepe,3,SW_Dana,4315.9931640625,17647.24609375,10499.534923666328,9757.9580078125
train,784,16.543716417005207,93,ok,crepe,7,SW_Nikita,6620.60498046875,19427.626953125,14969.197068434496,16283.0498046875
train,785,24.954071800230203,133,ok,crepe,6,SW_Neo,5177.7900390625,15932.8994140625,8972.17311963848,9474.669921875
train,786,5.919295894408432,38,ok,crepe,4,SW_Luna,4268.634765625,19673.041015625,11705.100376674107,10402.8671875
train,787,21.920118927200463,151,ok,crepe,4,SW_Luna,7099.8388671875,17864.7890625,12230.277515918533,10643.30078125
train,788,13.049179325174649,109,ok,crepe,2,NSW_1,4622.80126953125,17441.33203125,10218.68803024292,10634.96728515625
train,789,22.121244967862133,204,ok,crepe,6,SW_Neo,3083.693359375,19427.390625,10273.983466714115,9935.70703125
train,790,10.308246833247178,82,ok,crepe,7,SW_Nikita,4314.47998046875,16478.03515625,9842.87751932347,8734.93896484375
train,791,20.267677279704728,158,ok,crepe,6,SW_Neo,6398.99365234375,16481.203125,9553.604617667597,9583.7001953125
train,792,9.874771815615004,127,ok,crepe,4,SW_Luna,5360.95166015625,18072.556640625,15008.787106053358,16481.7265625
train,793,7.371574878323649,147,ok,crepe,4,SW_Luna,6856.35498046875,20130.5,13074.582888045401,11802.693359375
train,794,7.905863800362893,122,ok,crepe,4,SW_Luna,7346.2470703125,19672.41015625,14109.496142929407,15932.3515625
train,795,12.833182146499782,42,ok,crepe,2,NSW_1,6395.83447265625,17250.453125,11317.902662194294,11399.6669921875
train,796,11.794180132548146,27,ok,crepe,7,SW_Nikita,15564.875,17040.791015625,16202.469978578629,16105.63671875
train,797,6.027204377078269,169,ok,crepe,5,SW_Nana,4367.4453125,16280.009765625,9630.720538651316,9312.12646484375
train,798,11.155512754786223,134,ok,crepe,4,SW_Luna,8630.115234375,18079.61328125,14214.29250583401,15111.9755859375
train,799,10.908517079644728,108,ok,crepe,6,SW_Neo,6854.669921875,14839.3935546875,9519.439561187244,9820.34228515625
train,800,7.897833876642638,76,ok,crepe,4,SW_Luna,8632.2080078125,17649.177734375,12159.7645462391,10765.5322265625
train,801,8.966049035276106,144,ok,crepe,5,SW_Nana,6034.89208984375,19423.935546875,10584.837236512381,9819.515625
train,802,15.122881425412086,111,ok,crepe,7,SW_Nikita,4268.68115234375,17863.01171875,11791.96711328125,14162.861328125
train,803,25.594723252113425,110,ok,crepe,6,SW_Neo,5762.9716796875,12947.7197265625,9708.944478192667,10157.4892578125
train,804,10.309890996999494,34,ok,crepe,4,SW_Luna,6317.044921875,17646.779296875,13058.088725842928,12215.62890625
train,805,19.051836292781783,218,ok,crepe,4,SW_Luna,7520.17138671875,18726.68359375,12528.252162109375,11144.06298828125
train,806,17.71574852311025,147,ok,crepe,6,SW_Neo,5829.33203125,19899.6015625,9544.414573895156,9587.6640625
train,807,14.820911092945089,164,ok,crepe,5,SW_Nana,6781.21630859375,19424.48046875,11324.4968734249,10284.14306640625
train,808,13.661557531992528,78,ok,crepe,2,NSW_1,4266.958984375,17449.5,11413.409003679142,10462.369140625
train,809,1.0908451518844944,6,ok,crepe,7,SW_Nikita,6540.357421875,17852.71875,12660.4267578125,12214.07421875
train,810,15.33530417038586,112,ok,crepe,3,SW_Dana,7348.52783203125,17449.720703125,13854.491979318072,13262.232421875
train,811,15.511823411830923,104,ok,crepe,8,SW_Shy,6247.1865234375,17860.056640625,10825.19366606405,10279.390625
train,812,14.00089994195402,124,ok,crepe,3,SW_Dana,8733.5703125,17858.71484375,13495.054202586207,12944.767578125
train,813,15.522664003290977,72,ok,crepe,5,SW_Nana,6706.6376953125,18724.505859375,13646.922821789252,16104.20947265625
train,814,9.584911452398341,66,ok,crepe,6,SW_Neo,8158.24462890625,10998.912109375,10347.862552083334,10633.912109375
train,815,14.36141561050717,56,ok,crepe,6,SW_Neo,5623.77197265625,19426.984375,10713.835769403177,10400.541015625
train,816,20.461305546560148,111,ok,crepe,2,NSW_1,4268.72216796875,19426.93359375,11671.165054563493,10880.05517578125
train,817,6.69681999196626,100,ok,crepe,2,NSW_1,6035.8935546875,19672.98828125,12050.290452561936,10879.0546875
train,818,19.637993170639202,148,ok,crepe,6,SW_Neo,5239.953125,14660.861328125,9253.935736443014,10053.125
train,819,16.395346535590363,71,ok,crepe,7,SW_Nikita,7439.0810546875,17252.87890625,14441.319057802611,15923.650390625
train,820,14.462737042184061,155,ok,crepe,4,SW_Luna,5969.85400390625,18725.265625,12422.858473115808,10761.31494140625
train,821,16.792753332551676,197,ok,crepe,7,SW_Nikita,8735.6748046875,17647.322265625,15650.073459201389,16475.474609375
train,822,13.358205608832387,141,ok,crepe,6,SW_Neo,5763.0556640625,17652.1875,9873.017123624213,9700.49609375
train,823,11.671462825891297,109,ok,crepe,4,SW_Luna,6033.142578125,19672.2734375,14472.322629834785,16479.830078125
train,824,22.549355432698412,122,ok,crepe,6,SW_Neo,5626.2216796875,14497.5771484375,9034.338528878348,9254.4033203125
train,825,10.552181479808118,200,ok,crepe,6,SW_Neo,7096.8203125,11670.060546875,9891.903956163194,9939.8017578125
train,826,4.327266780961586,105,ok,crepe,9,SW_Yosefa,6318.529296875,19426.958984375,9623.54216452206,9366.787109375
train,827,10.962797141503081,70,ok,crepe,4,SW_Luna,8068.14208984375,17445.88671875,10661.693621826173,9874.49560546875
train,828,12.880151399085307,108,ok,crepe,6,SW_Neo,5498.52978515625,17444.49609375,9093.653899898374,9478.998046875
train,829,3.8226457368360522,123,ok,crepe,4,SW_Luna,5499.0166015625,17445.1640625,11828.32322727815,10762.6123046875
train,830,21.635321434480655,203,ok,crepe,6,SW_Neo,3277.383056640625,17443.849609375,9617.308132121656,9584.04296875
train,831,8.469385876125093,62,ok,crepe,4,SW_Luna,6317.3408203125,17648.76171875,9545.039632161459,9478.474609375
train,832,15.414140157959416,171,ok,crepe,4,SW_Luna,4269.12548828125,20549.57421875,12536.005299136514,10634.74951171875
train,833,15.720393604756854,159,ok,crepe,4,SW_Luna,6462.86083984375,18731.6484375,12040.06711216518,11672.1826171875
train,834,13.659512523367711,217,ok,crepe,5,SW_Nana,5123.048828125,17044.611328125,9234.64672949611,8819.3720703125
train,835,27.445622727083926,137,ok,crepe,6,SW_Neo,6033.7373046875,18722.46875,9487.920802025279,9478.9072265625
train,836,16.643162675448238,155,ok,crepe,4,SW_Luna,8249.4814453125,17450.78125,12156.836002604166,10879.96142578125
train,837,16.053481232615127,58,ok,crepe,7,SW_Nikita,8627.8330078125,19421.892578125,13091.24361696105,13848.5595703125
train,838,20.111071838461335,122,ok,crepe,4,SW_Luna,8070.13671875,17452.91015625,13370.306121396346,13273.82275390625
train,839,11.89058680644978,92,ok,crepe,7,SW_Nikita,7882.0791015625,17865.6640625,15080.684672619047,15941.796875
train,840,7.396034029187772,125,ok,crepe,6,SW_Neo,5008.81396484375,17442.599609375,9041.260415495728,9044.3046875
train,841,21.24287510040713,132,ok,crepe,6,SW_Neo,4460.71533203125,11283.314453125,8940.703619706002,9586.3759765625
train,842,16.95631476785767,144,ok,crepe,4,SW_Luna,6033.21875,17452.16015625,12542.196166261228,10878.0234375
train,843,16.27691622660511,151,ok,crepe,4,SW_Luna,7191.67724609375,17456.37109375,15052.207530953034,15201.8603515625
train,844,21.423543496348444,131,ok,crepe,6,SW_Neo,5428.197265625,18079.767578125,9524.28573893229,9584.1328125
train,845,11.39970933306964,53,ok,crepe,6,SW_Neo,7189.37890625,18728.41015625,9492.941753840043,9580.568359375
train,846,9.068260086806767,49,ok,crepe,4,SW_Luna,5427.5615234375,19208.8515625,12473.982096354166,12075.32763671875
train,847,4.03043297291285,83,ok,crepe,4,SW_Luna,5968.759765625,17443.03125,13007.533751755618,10883.00390625
train,848,13.160240622108644,99,ok,crepe,6,SW_Neo,5969.6416015625,10886.97265625,9335.28340731534,9935.3544921875
train,849,16.974972284063355,136,ok,crepe,6,SW_Neo,4784.01513671875,17443.630859375,9383.53949407762,9697.7646484375
train,850,9.641922009913298,194,ok,crepe,3,SW_Dana,10049.798828125,18966.716796875,12776.224917300113,12494.5478515625
train,851,20.624341489980424,68,ok,crepe,4,SW_Luna,6246.8125,19424.328125,10458.23455078125,10164.5654296875
train,852,5.883004009710911,83,ok,crepe,9,SW_Yosefa,6317.080078125,20555.07421875,10613.41069818853,10400.1318359375
train,853,9.23886206850225,113,ok,crepe,4,SW_Luna,6319.17041015625,20774.521484375,11084.63066482544,10110.7265625
train,854,12.146178267005814,124,ok,crepe,4,SW_Luna,6781.27490234375,17646.30078125,12343.95390900088,10880.263671875
train,855,22.664750045570358,53,ok,crepe,7,SW_Nikita,6703.7197265625,17043.76953125,12485.745050979873,14667.119140625
train,856,12.55948272448444,213,ok,crepe,4,SW_Luna,5428.07861328125,17864.4765625,10967.750564953512,10760.7900390625
train,857,13.0531998637172,102,ok,crepe,9,SW_Yosefa,6033.86279296875,9037.24609375,7329.095223119703,7100.1044921875
train,858,10.519230975342362,92,ok,crepe,2,NSW_1,5008.52099609375,17252.484375,10277.155994233632,9940.505859375
train,859,17.634662361985896,133,ok,crepe,4,SW_Luna,7095.783203125,19663.53125,13027.46556957348,11206.3857421875
train,860,17.40481132276402,136,ok,crepe,4,SW_Luna,4366.14306640625,17263.251953125,13076.94831993929,12072.7041015625
train,861,17.18570941878804,130,ok,crepe,2,NSW_1,5063.478515625,17256.65234375,10868.308673469388,10279.8935546875
train,862,25.26044111596988,167,ok,crepe,4,SW_Luna,7522.4033203125,17446.08203125,12912.00965683695,11408.123046875
train,863,14.34708231323447,136,ok,crepe,6,SW_Neo,5240.09716796875,20132.18359375,8952.741145625996,9254.26953125
train,864,10.909219749541554,126,ok,crepe,6,SW_Neo,6318.35205078125,19674.26171875,9653.680044187722,9689.8984375
train,865,18.464638465407923,129,ok,crepe,6,SW_Neo,6618.62255859375,17449.95703125,9149.444137893357,9143.16796875
train,866,11.038330080341739,65,ok,crepe,5,SW_Nana,6033.685546875,17240.724609375,13446.318419574058,14160.75390625
train,867,11.890859499813555,76,ok,crepe,4,SW_Luna,8157.21728515625,18734.52734375,13859.941842215401,16283.65234375
train,868,25.24987172669729,266,ok,crepe,6,SW_Neo,6461.22509765625,19421.189453125,10138.071758257838,10274.482421875
train,869,10.444677891470809,97,ok,crepe,6,SW_Neo,3511.43359375,17645.37890625,10446.063042273889,10639.3193359375
train,870,15.319641579328652,109,ok,crepe,6,SW_Neo,5361.2509765625,17249.546875,9415.682140815548,9368.978515625
train,871,21.587733865019484,122,ok,crepe,6,SW_Neo,5559.333984375,16477.953125,8818.733226309578,9046.833984375
train,872,9.353507107809136,110,ok,crepe,4,SW_Luna,6463.89111328125,17049.119140625,10042.11001707062,9692.470703125
train,873,15.228305649255597,89,ok,crepe,7,SW_Nikita,6540.921875,18071.486328125,12788.17877256523,15027.169921875
train,874,17.691351881225955,133,ok,crepe,6,SW_Neo,5426.453125,14843.724609375,9119.083563112745,9589.302734375
train,875,6.305515097641896,60,ok,crepe,4,SW_Luna,8632.73046875,17034.044921875,12348.58114346591,10763.48828125
train,876,12.837216668121261,141,ok,crepe,7,SW_Nikita,8731.873046875,17860.314453125,13671.576135253907,14663.73193359375
train,877,7.229580321359869,62,ok,crepe,4,SW_Luna,6100.46630859375,17247.876953125,11074.032828068388,10284.681640625
train,878,5.866706966143034,124,ok,crepe,4,SW_Luna,4219.3984375,17644.3359375,12475.278025157417,10821.29150390625
train,879,16.258604385276882,136,ok,crepe,2,NSW_1,4517.35986328125,17643.640625,10330.524269153226,9815.05078125
train,880,23.192589834640902,130,ok,crepe,4,SW_Luna,5764.1796875,17857.234375,12070.957981239371,10761.82421875
train,881,17.289562843151558,153,ok,crepe,3,SW_Dana,6463.46728515625,16679.2421875,12397.538451450893,12073.6708984375
train,882,1.993658850432754,115,ok,crepe,6,SW_Neo,6034.29150390625,19207.65234375,11059.900744628907,10460.884765625
train,883,15.53293720175692,82,ok,crepe,2,NSW_1,4783.72607421875,19419.416015625,12146.822249166082,10635.0791015625
train,884,17.737394632373167,113,ok,crepe,9,SW_Yosefa,6462.64697265625,15391.3388671875,9093.40018780048,8345.0830078125
train,885,23.150473824141255,141,ok,crepe,6,SW_Neo,5361.9951171875,10765.0107421875,8902.92650917849,9477.8173828125
train,886,16.304925737526993,146,ok,crepe,6,SW_Neo,4268.6416015625,17443.060546875,9982.62948987611,10276.375
train,887,18.63117800801342,149,ok,crepe,4,SW_Luna,8633.32421875,17644.73828125,13433.98033739949,14838.81640625
train,888,13.407121523901813,90,ok,crepe,4,SW_Luna,8069.427734375,18081.08203125,11955.718970665564,10879.880859375
train,889,12.94149267828993,122,ok,crepe,6,SW_Neo,6245.64404296875,17649.01953125,10247.792406165081,10275.90869140625
train,890,-2.5781314126968535,102,ok,crepe,6,SW_Neo,5361.3427734375,18493.2890625,9845.175883152175,9691.33984375
train,891,3.411580552312534,56,ok,crepe,4,SW_Luna,8827.27734375,17444.76171875,13175.529650457975,10885.51513671875
train,892,11.755490864310676,80,ok,crepe,5,SW_Nana,8527.8330078125,17253.27734375,10312.844928243885,9872.3193359375
train,893,15.06839088758163,110,ok,crepe,4,SW_Luna,6318.197265625,18079.404296875,12634.8128294906,11399.3857421875
train,894,17.666389536114167,151,ok,crepe,2,NSW_1,4267.5654296875,15941.40625,9628.066506696428,9369.267578125
train,895,18.139166583183123,95,ok,crepe,6,SW_Neo,5972.82470703125,20126.44921875,11919.076641193871,10637.69140625
train,896,6.371813253013058,138,ok,crepe,4,SW_Luna,6034.29736328125,21004.65625,11304.738078327922,10403.51123046875
train,897,17.175751924992383,129,ok,crepe,6,SW_Neo,6936.93603515625,11934.6826171875,8884.77794921875,9035.306640625
train,898,19.959829252189717,55,ok,crepe,5,SW_Nana,9933.6435546875,19425.4765625,13486.779343377977,12489.4384765625
train,899,20.299592043387484,131,ok,crepe,2,NSW_1,3551.5458984375,18726.052734375,10406.84663679793,9996.7568359375
train,900,21.133832063958987,142,ok,crepe,6,SW_Neo,5298.00732421875,18073.888671875,8569.403440875773,7266.331787109375
train,901,13.287247427079244,84,ok,crepe,2,NSW_1,4122.6796875,17254.3359375,10764.336317274305,10405.5166015625
train,902,6.416974783568342,107,ok,crepe,9,SW_Yosefa,5903.23486328125,20125.65234375,10058.212203720868,8629.9833984375
train,903,7.836625213316792,112,ok,crepe,7,SW_Nikita,5902.6728515625,20135.138671875,12663.93497265625,12946.97265625
train,904,16.65069037360877,89,ok,crepe,4,SW_Luna,6032.7158203125,17645.68359375,13028.5532421875,11734.728515625
train,905,15.971875718508027,95,ok,crepe,4,SW_Luna,6176.5185546875,17443.55078125,12896.611829845184,10884.166015625
train,906,13.096527758436551,95,ok,crepe,6,SW_Neo,6318.865234375,15931.95703125,9397.147398792613,9253.32177734375
train,907,8.137321238044798,125,ok,crepe,4,SW_Luna,4367.1318359375,19419.056640625,12945.77010893486,12072.78173828125
train,908,25.309051963268942,36,ok,crepe,4,SW_Luna,4172.00927734375,19420.923828125,7793.314147949219,6172.740478515625
train,909,11.857852101870574,65,ok,crepe,0,NSW_3,3754.27685546875,18967.875,11072.090194911172,9819.953125
train,910,16.742639206315037,127,ok,crepe,4,SW_Luna,8343.7587890625,19208.732421875,13371.073109321855,11141.7041015625
train,911,11.160144601000933,97,ok,crepe,6,SW_Neo,5177.88330078125,19671.55078125,8528.976934310493,7266.19580078125
train,912,9.68943412085925,46,ok,crepe,2,NSW_1,6033.61572265625,17650.74609375,11784.211090686274,10999.7666015625
train,913,17.39289155766703,100,ok,crepe,7,SW_Nikita,6936.49365234375,19209.1640625,12731.458180394666,14668.11376953125
train,914,4.332240604353821,221,ok,crepe,4,SW_Luna,5829.72705078125,17438.880859375,10406.377032198887,10050.0185546875
train,915,7.3957142791973505,132,ok,crepe,6,SW_Neo,5904.12646484375,19431.421875,10524.727676698825,10635.1181640625
train,916,10.226169636484869,131,ok,crepe,6,SW_Neo,5062.60693359375,17252.125,9008.571248372396,9039.93310546875
train,917,16.3772514444451,95,ok,crepe,7,SW_Nikita,7015.24169921875,17438.298828125,13210.128169389205,14496.36962890625
train,918,4.304614258530143,21,ok,crepe,6,SW_Neo,8730.9296875,16868.474609375,11462.666060014204,10639.564453125
train,919,4.833889364864436,90,ok,crepe,3,SW_Dana,5763.265625,17044.734375,10538.852474290497,9876.5673828125
train,920,21.526259795676705,134,ok,crepe,6,SW_Neo,5428.27587890625,19425.7265625,9143.870272549715,9473.51220703125
train,921,10.32565840045776,81,ok,crepe,6,SW_Neo,5969.6181640625,11932.3388671875,9619.473034805127,9934.923828125
train,922,19.33060312045155,116,ok,crepe,4,SW_Luna,7980.22998046875,17855.900390625,12778.206528501158,10763.33984375
train,923,18.169252687989893,165,ok,crepe,4,SW_Luna,8346.60546875,18968.1015625,13588.194456049465,14668.994140625
train,924,11.93832158815451,78,ok,crepe,7,SW_Nikita,8733.134765625,17454.138671875,13022.797906425561,10881.361328125
train,925,20.489995050036775,104,ok,crepe,6,SW_Neo,5558.6474609375,19901.4296875,10305.601838485054,10279.771484375
train,926,8.021876529742139,86,ok,crepe,4,SW_Luna,5499.68017578125,19672.125,11836.683999794408,9478.4541015625
train,927,10.274654975867186,112,ok,crepe,2,NSW_1,5623.4501953125,21212.421875,12226.20264472336,11137.32861328125
train,928,8.890443170204058,89,ok,crepe,0,NSW_3,6463.81787109375,19425.24609375,14374.570890852548,15403.013671875
train,929,9.846711438439844,113,ok,crepe,6,SW_Neo,6464.326171875,12946.9375,9865.96041015625,10048.9794921875
train,930,19.167684887227487,86,ok,crepe,2,NSW_1,6395.8154296875,12492.8818359375,9967.837840286727,9938.6162109375
train,931,10.10967451042039,169,ok,crepe,4,SW_Luna,6622.7255859375,17446.087890625,12881.346082899305,11672.98046875
train,932,8.511736725042333,22,ok,crepe,7,SW_Nikita,7265.6259765625,17041.61328125,7876.249172044837,7350.6142578125
train,933,11.774473701692973,131,ok,crepe,5,SW_Nana,5762.68994140625,17437.828125,10633.866325634437,9249.16015625
train,934,21.91402647953286,186,ok,crepe,6,SW_Neo,6539.36767578125,17443.095703125,9777.311078711855,9699.65234375
train,935,20.18808259577124,153,ok,crepe,5,SW_Nana,5063.150390625,19901.404296875,10714.564431055791,9252.927734375
train,936,-103.11501458776478,60,ok,crepe,4,SW_Luna,9144.6396484375,20133.97265625,16129.383990575398,17445.73046875
train,937,15.070669142250868,183,ok,crepe,7,SW_Nikita,6781.5732421875,19422.80078125,14724.752844356795,15746.86328125
train,938,8.71658634871205,50,ok,crepe,9,SW_Yosefa,7976.94140625,19418.203125,10757.828665597099,9528.712890625
train,939,10.175206899799862,82,ok,crepe,2,NSW_1,4268.6884765625,17645.251953125,11680.782836914062,10699.955078125
train,940,26.743406250127506,126,ok,crepe,6,SW_Neo,5361.08935546875,14494.736328125,8975.357290544182,9366.544921875
train,941,-2.8633934014071727,46,ok,crepe,9,SW_Yosefa,8731.7353515625,19901.2578125,13786.16200764974,12494.0478515625
train,942,6.365599557090807,72,ok,crepe,6,SW_Neo,6540.36376953125,19208.80859375,9876.855102539062,9470.10205078125
train,943,9.491225654717255,63,ok,crepe,6,SW_Neo,7015.5478515625,16871.111328125,10434.503139919705,9760.791015625
train,944,30.704522347032025,268,ok,crepe,6,SW_Neo,6396.1220703125,11936.8837890625,10084.71951077369,10401.76513671875
train,945,13.607123610914329,111,ok,crepe,2,NSW_1,4219.18212890625,18729.716796875,10566.007374200295,10630.8544921875
train,946,9.214420638383626,99,ok,crepe,4,SW_Luna,4268.12255859375,17452.626953125,12396.238640551297,10880.7744140625
train,947,17.665031357087358,87,ok,crepe,4,SW_Luna,8345.34375,18724.98828125,12838.78125,10874.7080078125
train,948,9.543137381784955,140,ok,crepe,9,SW_Yosefa,6393.59375,19423.076171875,7635.156359863281,7434.625732421875
train,949,9.54704728836189,111,ok,crepe,3,SW_Dana,9371.3515625,17442.60546875,11526.355259486607,11279.8740234375
train,950,18.587229458692057,162,ok,crepe,8,SW_Shy,5427.83740234375,18496.259765625,10649.091693380604,10766.49658203125
train,951,4.276565653198085,60,ok,crepe,4,SW_Luna,8820.298828125,18729.734375,10445.961010377798,10279.5947265625
train,952,28.74646817318089,141,ok,crepe,4,SW_Luna,7094.50732421875,17641.962890625,13227.168472009202,11136.427734375
train,953,14.076225631050141,133,ok,crepe,6,SW_Neo,5123.494140625,18730.001953125,10854.747340494792,10400.41796875
train,954,14.076726884490288,181,ok,crepe,5,SW_Nana,6540.259765625,16677.146484375,9195.513353329614,8733.00341796875
train,955,10.21708670157032,104,ok,crepe,2,NSW_1,6033.9365234375,17249.216796875,8420.87403574711,8073.2294921875
train,956,12.528311380817268,63,ok,crepe,7,SW_Nikita,6619.9091796875,17244.849609375,13113.716391120159,14499.3505859375
train,957,11.436524170874527,82,ok,crepe,4,SW_Luna,7979.1962890625,19429.578125,12933.189808721128,12070.20263671875
train,958,20.718847923951095,81,ok,crepe,2,NSW_1,6176.7060546875,14495.48828125,10258.745901554188,10399.8583984375
train,959,28.57588208314928,109,ok,crepe,4,SW_Luna,7261.85986328125,17641.765625,13054.717467292907,11473.7333984375
train,960,6.427631172286729,137,ok,crepe,6,SW_Neo,5063.09033203125,17249.46875,10210.361126302083,9873.2001953125
train,961,6.77173607415095,98,ok,crepe,6,SW_Neo,4515.98046875,19429.802734375,9819.796341084988,10157.7939453125
train,962,12.669282491351428,133,ok,crepe,4,SW_Luna,6781.86279296875,17444.80078125,12320.207431640625,10642.86328125
train,963,17.87342340589436,137,ok,crepe,6,SW_Neo,6034.08203125,17863.9765625,8967.250513004352,9369.376953125
train,964,20.871644142521877,140,ok,crepe,4,SW_Luna,8158.193359375,18293.087890625,14017.749868194018,15751.033203125
train,965,10.129400492396535,142,ok,crepe,4,SW_Luna,4027.97412109375,19422.83203125,12488.450987204527,12004.1845703125
train,966,16.425260305214923,168,ok,crepe,6,SW_Neo,3511.29345703125,18727.953125,8802.028727213541,8632.60302734375
train,967,10.629245417014168,83,ok,crepe,9,SW_Yosefa,4838.11328125,15746.7529296875,10678.582270304361,10576.64208984375
train,968,21.771325536594755,135,ok,crepe,6,SW_Neo,6464.1962890625,17442.26953125,10597.456653225807,10156.669921875
train,969,9.908549020462855,179,ok,crepe,5,SW_Nana,6395.36865234375,19206.9609375,8466.562583365092,7981.7626953125
train,970,13.980878343614576,155,ok,crepe,9,SW_Yosefa,4172.3662109375,10405.1796875,7692.421479174372,7265.55712890625
train,971,20.024861463319972,85,ok,crepe,7,SW_Nikita,6623.36181640625,19423.9609375,13817.03751118978,15654.90576171875
train,972,13.004941893793738,181,ok,crepe,6,SW_Neo,5427.794921875,17443.6015625,8402.979812921263,7187.229736328125
train,973,16.564397752958378,125,ok,crepe,6,SW_Neo,5623.9150390625,14332.5,8893.119970703125,9095.0205078125
train,974,14.866324440357811,129,ok,crepe,6,SW_Neo,5426.3134765625,18083.376953125,9656.519307740977,9692.14697265625
train,975,11.54674981275948,94,ok,crepe,6,SW_Neo,6033.42578125,17443.591796875,8804.852552752629,7346.06982421875
train,976,-0.3606456718799106,64,ok,crepe,4,SW_Luna,3551.198974609375,21488.056640625,10978.082712657417,9821.51171875
train,977,18.14493630289287,105,ok,crepe,2,NSW_1,4784.26220703125,21215.947265625,11057.005080650593,11544.33740234375
train,978,8.78687325031536,149,ok,crepe,4,SW_Luna,4268.62060546875,19674.03515625,11784.183067458833,10641.380859375
train,979,22.08876822700716,162,ok,crepe,4,SW_Luna,6621.458984375,19424.546875,12580.839627935084,10883.69921875
train,980,7.332727583429506,124,ok,crepe,9,SW_Yosefa,6463.5654296875,17863.384765625,10379.168520720108,9937.9609375
train,981,12.436594975968047,119,ok,crepe,4,SW_Luna,7348.58349609375,20127.56640625,13517.54881354944,11609.197265625
train,982,13.292185949322006,56,ok,crepe,7,SW_Nikita,6706.181640625,17446.185546875,13698.84381866455,14658.732421875
train,983,20.022197860635252,114,ok,crepe,6,SW_Neo,7014.56298828125,11670.677734375,9142.525908724952,9474.8896484375
train,984,17.41139022028278,92,ok,crepe,7,SW_Nikita,8349.033203125,17646.849609375,15481.263690128504,16673.755859375
train,985,18.901843026392637,130,ok,crepe,6,SW_Neo,4573.01220703125,17644.85546875,8863.566206951531,9145.779296875
train,986,7.370706727549234,131,ok,crepe,9,SW_Yosefa,6033.7353515625,19424.5,9989.084222005209,9252.98828125
train,987,12.598550436715733,133,ok,crepe,2,NSW_1,6033.7353515625,18489.79296875,9426.56838474026,9044.984375
train,988,18.423803206384108,139,ok,crepe,6,SW_Neo,6463.998046875,10281.095703125,8549.00769197488,8477.43115234375
train,989,22.34243895137051,140,ok,crepe,1,NSW_2,6395.37548828125,17641.875,11471.652372852855,10640.8984375
train,990,16.089038428035273,137,ok,crepe,6,SW_Neo,5904.00146484375,16482.794921875,9208.729600694445,9480.2890625
train,991,13.387306814636501,96,ok,crepe,7,SW_Nikita,5624.34765625,17447.375,12288.763022326548,14848.92578125
train,992,8.987743321918819,59,ok,crepe,2,NSW_1,4414.146484375,15918.38671875,10900.592999886776,10765.5556640625
train,993,26.19883815484973,112,ok,crepe,6,SW_Neo,6854.61328125,10644.5009765625,9469.253852844238,9694.708984375
train,994,8.811696958596034,73,ok,crepe,3,SW_Dana,5179.19677734375,12214.767578125,9396.65562220982,9419.9013671875
train,995,19.96455336798807,138,ok,crepe,4,SW_Luna,7351.1240234375,18726.951171875,13493.903811684138,12001.955078125
train,996,4.625440204942867,176,ok,crepe,5,SW_Nana,4171.69873046875,19672.345703125,10471.95215835184,9690.62890625
train,997,14.929659267848356,125,ok,crepe,9,SW_Yosefa,6318.4765625,10761.1474609375,8279.4162495931,8204.1787109375
train,998,12.310964053082493,105,ok,crepe,4,SW_Luna,6463.7021484375,18072.19921875,12218.623604329427,10634.115234375
train,999,-0.8584505515400527,143,ok,crepe,6,SW_Neo,5123.81103515625,19426.203125,10672.296011117789,10462.435546875
train,1000,25.940049090598176,129,ok,crepe,6,SW_Neo,6707.3515625,10884.73046875,9078.410841154571,9583.416015625
train,1001,19.761440416516052,81,ok,crepe,7,SW_Nikita,7436.576171875,17252.0625,11064.306147036345,10638.81640625
train,1002,19.99167415710738,132,ok,crepe,4,SW_Luna,8823.8388671875,17443.861328125,13340.35888352737,12359.962890625
train,1003,20.93990289000496,57,ok,crepe,7,SW_Nikita,6317.8798828125,17454.0703125,15429.586042668268,16477.30859375
train,1004,9.828750326465093,116,ok,crepe,4,SW_Luna,8069.7373046875,17644.953125,12586.94962827621,11403.76171875
train,1005,18.068665035162724,90,ok,crepe,4,SW_Luna,4073.166015625,18074.294921875,13363.05943978187,11795.8095703125
train,1006,11.470945591162307,198,ok,crepe,4,SW_Luna,4172.12060546875,17452.080078125,12932.33093205979,11799.12890625
train,1007,22.909097258625742,147,ok,crepe,2,NSW_1,5297.12646484375,19424.0703125,9735.7863507952,9822.060546875
train,1008,12.43760784711408,92,ok,crepe,7,SW_Nikita,6704.03369140625,17442.84765625,12899.140451591706,14665.330078125
train,1009,21.14497839591681,190,ok,crepe,7,SW_Nikita,3551.689453125,15747.3779296875,9372.603551462156,7346.361083984375
train,1010,13.909947829851316,89,ok,crepe,7,SW_Nikita,3315.7578125,17254.6328125,11541.15166015625,12372.548828125
train,1011,16.171772939696037,102,ok,crepe,6,SW_Neo,5425.796875,17440.97265625,9305.657439403045,9587.7841796875
train,1012,20.1740299124766,164,ok,crepe,4,SW_Luna,6396.19580078125,17442.259765625,12295.621380974264,11006.9609375
train,1013,12.210367854370785,94,ok,crepe,4,SW_Luna,6539.9345703125,17442.99609375,11897.931739220252,10641.73681640625
train,1014,21.89164419769463,203,ok,crepe,6,SW_Neo,5426.23779296875,17646.51171875,10534.560495923914,10757.3056640625
train,1015,23.26152765146924,199,ok,crepe,6,SW_Neo,7190.0341796875,19897.173828125,9965.647947077166,9931.60693359375
train,1016,0.12787346244022185,158,ok,crepe,3,SW_Dana,6539.97509765625,16102.4755859375,10972.529164220556,10406.224609375
train,1017,-1.0051757708250115,89,ok,crepe,4,SW_Luna,7522.279296875,17440.07421875,10912.820003094059,10280.3115234375
train,1018,17.556427984442948,132,ok,crepe,6,SW_Neo,6620.5390625,17643.99609375,9020.670254941018,8928.9765625
train,1019,10.55551705789727,182,ok,crepe,5,SW_Nana,3354.400634765625,19670.78515625,9129.451129150391,8157.915771484375
train,1020,14.318776444908515,97,ok,crepe,7,SW_Nikita,5426.734375,18718.40234375,11449.748046875,9586.69140625
train,1021,9.198647024370457,39,ok,crepe,7,SW_Nikita,4950.103515625,16676.1328125,14315.406494140625,15842.69775390625
train,1022,11.746399942210184,78,ok,crepe,6,SW_Neo,6395.90234375,19424.0390625,10336.426934881525,10280.48828125
train,1023,9.734996428319533,66,ok,crepe,4,SW_Luna,8733.2041015625,17246.447265625,11816.985030324835,10517.76708984375
train,1024,11.513013181638463,121,ok,crepe,6,SW_Neo,6177.04541015625,15931.8505859375,9385.917829750228,9582.9404296875
train,1025,10.871285322218323,179,ok,crepe,3,SW_Dana,6317.5810546875,17254.3984375,11976.641153971354,11605.0517578125
train,1026,12.79192405813051,240,ok,crepe,4,SW_Luna,5903.82421875,17862.2578125,11648.554699928978,10634.619140625
train,1027,18.79542430526949,123,ok,crepe,6,SW_Neo,6540.23046875,10764.15234375,9016.62451171875,9421.25732421875
train,1028,22.859272860585218,156,ok,crepe,6,SW_Neo,5425.80029296875,10756.69140625,8491.498189852382,8732.263671875
train,1029,13.348046347711557,50,ok,crepe,2,NSW_1,5499.99267578125,16478.302734375,10121.930258540784,9591.08984375
train,1030,12.66293702730145,231,ok,crepe,4,SW_Luna,6318.59814453125,19427.037109375,13117.55718336839,11471.61962890625
train,1031,12.76635540868251,94,ok,crepe,6,SW_Neo,6034.275390625,17444.322265625,9260.34003018466,9641.2373046875
train,1032,12.918994417644136,36,ok,crepe,0,NSW_3,4574.52099609375,19673.802734375,9354.239698456555,8733.0078125
train,1033,21.53768559679539,178,ok,crepe,6,SW_Neo,5179.14013671875,21215.673828125,8217.839350728156,7100.021240234375
train,1034,23.138688134145838,198,ok,crepe,6,SW_Neo,5498.40380859375,17440.177734375,9532.913493193913,9695.267578125
train,1035,25.093808334757306,105,ok,crepe,2,NSW_1,5494.658203125,19671.083984375,8676.782870765493,8248.5595703125
train,1036,18.165314761006762,113,ok,crepe,7,SW_Nikita,6099.662109375,19668.15234375,12859.222087229331,14843.5537109375
train,1037,11.715935482962013,116,ok,crepe,4,SW_Luna,8159.39013671875,17451.642578125,11740.325602825424,10879.328125
train,1038,12.822681283613296,159,ok,crepe,4,SW_Luna,4173.41748046875,17444.2421875,12122.431670970162,10637.7197265625
train,1039,3.5521443062508133,124,ok,crepe,9,SW_Yosefa,6395.7138671875,12071.6591796875,8490.397339732934,8346.36328125
train,1040,19.600364094718557,82,ok,crepe,7,SW_Nikita,11669.3349609375,16852.091796875,15726.53634868421,16107.4716796875
train,1041,16.35474434307954,146,ok,crepe,6,SW_Neo,5557.7060546875,19419.455078125,9623.477454271146,9480.94140625
train,1042,10.388367433146035,108,ok,crepe,8,SW_Shy,4218.6552734375,14495.966796875,9637.099056527635,10050.1982421875
train,1043,13.238529473579279,90,ok,crepe,7,SW_Nikita,7522.5205078125,17258.3984375,14817.583406888521,15929.0810546875
train,1044,11.355239148693103,132,ok,crepe,4,SW_Luna,8732.8916015625,17649.45703125,13286.7060546875,11404.7900390625
train,1045,9.347137543008406,124,ok,crepe,4,SW_Luna,6621.42333984375,17648.0,12696.281067754182,11345.2763671875
train,1046,15.103065058704722,155,ok,crepe,4,SW_Luna,6318.501953125,17441.85546875,12033.911527826545,10702.94775390625
train,1047,16.46600094995627,137,ok,crepe,4,SW_Luna,5968.8896484375,21485.51953125,13067.57403119826,11673.6015625
train,1048,11.030667968130377,121,ok,crepe,4,SW_Luna,6707.52197265625,18490.857421875,12146.271260127314,11004.5751953125
train,1049,10.118920148305746,116,ok,crepe,4,SW_Luna,5970.0458984375,19206.548828125,13087.843977107557,11288.640625
train,1050,16.94839506238258,155,ok,crepe,5,SW_Nana,5427.357421875,13115.1484375,8923.478016371138,8631.31396484375
train,1051,10.408661012793425,145,ok,crepe,5,SW_Nana,6782.1962890625,17250.791015625,9494.450521813818,8934.68017578125
train,1052,9.806112671436006,107,ok,crepe,4,SW_Luna,5558.04248046875,19423.7421875,12847.929096638656,11005.0830078125
train,1053,16.196170473220683,123,ok,crepe,4,SW_Luna,4074.700927734375,17852.931640625,11949.687579038331,10759.9521484375
train,1054,17.12715268111222,174,ok,crepe,3,SW_Dana,4219.48876953125,17249.01171875,12111.245860650912,11795.619140625
train,1055,16.367949072084123,132,ok,crepe,4,SW_Luna,6466.978515625,19424.865234375,10814.344404233047,10755.857421875
train,1056,24.18523245204565,151,ok,crepe,9,SW_Yosefa,5426.95361328125,17251.052734375,8681.89927655801,7886.251708984375
train,1057,4.566699317280066,66,ok,crepe,6,SW_Neo,3712.621826171875,16477.423828125,10283.032395053917,9822.158203125
train,1058,8.733620502166813,175,ok,crepe,8,SW_Shy,6034.349609375,17252.677734375,9907.597595214844,9991.5029296875
train,1059,6.789903829216937,90,ok,crepe,6,SW_Neo,6247.7626953125,15562.6806640625,8756.233785194925,8928.7705078125
train,1060,10.328163086087422,97,ok,crepe,4,SW_Luna,8731.0166015625,17247.5,11667.985246930804,10519.51904296875
train,1061,15.757986546129061,133,ok,crepe,4,SW_Luna,5970.2236328125,19426.84375,12645.569761954697,10762.470703125
train,1062,3.9852486463310965,90,ok,crepe,4,SW_Luna,6177.39208984375,17441.50390625,13382.527259903725,12949.0732421875
train,1063,15.839625497939704,173,ok,crepe,3,SW_Dana,6318.74462890625,17643.595703125,10910.045286263992,10401.314453125
train,1064,12.886020699538003,65,ok,crepe,4,SW_Luna,6461.76513671875,18730.447265625,11360.575390625,10699.86572265625
train,1065,15.988758557109165,93,ok,crepe,3,SW_Dana,6464.23876953125,17646.931640625,14659.909566627359,15557.37646484375
train,1066,14.79345794962791,138,ok,crepe,6,SW_Neo,5762.623046875,12211.693359375,9908.055207283267,10165.30078125
train,1067,10.587385032853582,88,ok,crepe,4,SW_Luna,7793.7744140625,18968.97265625,12087.93866891572,10767.224609375
train,1068,18.26330284613073,76,ok,crepe,9,SW_Yosefa,3120.288330078125,19672.234375,9348.256046738736,8681.68212890625
train,1069,15.795538880626943,140,ok,crepe,5,SW_Nana,4074.18798828125,19673.931640625,8752.616155660377,8249.1298828125
train,1070,11.751286043953844,57,ok,crepe,9,SW_Yosefa,6035.3623046875,9934.4052734375,7033.996236478365,7094.4931640625
train,1071,16.900530662948956,103,ok,crepe,9,SW_Yosefa,6318.197265625,17440.724609375,11562.077312601024,10283.78515625
train,1072,22.990615813770532,94,ok,crepe,4,SW_Luna,8525.8720703125,17868.298828125,13487.03724500868,11539.9951171875
train,1073,9.733622098058966,93,ok,crepe,6,SW_Neo,6706.12109375,12805.4248046875,9214.567640772406,9096.5361328125
train,1074,10.682376385407974,169,ok,crepe,6,SW_Neo,5498.30810546875,15560.828125,8747.84553273519,8730.38330078125
train,1075,16.751239389545788,133,ok,crepe,6,SW_Neo,5498.845703125,18288.53125,8706.697786030016,9040.51416015625
train,1076,9.18238327537013,128,ok,crepe,0,NSW_3,8730.2890625,16282.177734375,11236.192908653846,10886.96875
train,1077,17.576230586982472,48,ok,crepe,6,SW_Neo,5762.62890625,17251.64453125,8723.76874112216,7193.09375
train,1078,16.80747634295053,128,ok,crepe,5,SW_Nana,6100.39794921875,16680.443359375,9764.218590494791,8823.12158203125
train,1079,14.636563373400707,116,ok,crepe,7,SW_Nikita,5904.9365234375,20130.765625,12040.097216424141,10764.8359375
train,1080,13.12905591336598,73,ok,crepe,7,SW_Nikita,6705.8662109375,17860.30859375,11193.419561476934,11342.26953125
train,1081,19.064158327620582,180,ok,crepe,6,SW_Neo,7703.3935546875,20128.7109375,10071.80158325785,10055.7431640625
train,1082,8.488417579816693,91,ok,crepe,2,NSW_1,4623.013671875,17858.513671875,9384.966714689048,8820.8828125
train,1083,13.378068679762398,108,ok,crepe,3,SW_Dana,6175.63427734375,19207.787109375,14563.346012766768,15195.3955078125
train,1084,14.077742952387393,69,ok,crepe,4,SW_Luna,8527.294921875,17863.892578125,12182.247387695312,10821.71142578125
train,1085,19.3450709685268,210,ok,crepe,6,SW_Neo,7015.02197265625,14842.41015625,10007.772675700207,9932.9873046875
train,1086,11.038596162786586,125,ok,crepe,6,SW_Neo,4623.05615234375,19418.78125,11058.162614971188,10634.2783203125
train,1087,23.676221353336246,167,ok,crepe,4,SW_Luna,7191.94580078125,17454.25390625,12705.515532967933,11146.0732421875
train,1088,8.96506765772504,92,ok,crepe,4,SW_Luna,7433.9658203125,17645.408203125,12365.36373232887,10406.5283203125
train,1089,12.123187483765307,119,ok,crepe,6,SW_Neo,5062.95947265625,17444.865234375,9326.096622242647,9479.89453125
train,1090,17.939117152571335,190,ok,crepe,7,SW_Nikita,7014.7734375,17645.087890625,15046.04640687715,15938.08544921875
train,1091,8.408951115431025,80,ok,crepe,6,SW_Neo,4837.7900390625,17646.541015625,8300.531912667411,7189.390625
train,1092,7.828445673930863,127,ok,crepe,9,SW_Yosefa,5623.52587890625,19429.65625,11392.374415488139,9694.70703125
train,1093,18.196050401791183,57,ok,crepe,9,SW_Yosefa,7612.61328125,17443.8046875,11767.111229053442,9146.9287109375
train,1094,11.469813546118425,155,ok,crepe,6,SW_Neo,6395.55908203125,17646.955078125,10293.998130662907,10275.470703125
train,1095,19.678280708575272,132,ok,crepe,6,SW_Neo,5063.03515625,17443.955078125,8933.386489160803,9147.8017578125
train,1096,2.857231848876056,96,ok,crepe,4,SW_Luna,5622.576171875,19674.041015625,13721.393413222839,15744.2392578125
train,1097,10.979845117975307,97,ok,crepe,4,SW_Luna,6176.4794921875,17447.22265625,12037.13238961356,10758.53564453125
train,1098,8.210751922440435,62,ok,crepe,4,SW_Luna,6397.8408203125,19673.119140625,12299.930980413732,10398.4921875
train,1099,14.34289722422804,56,ok,crepe,7,SW_Nikita,11678.001953125,17454.318359375,15262.703491210938,14755.9609375
train,1100,13.810165570958146,107,ok,crepe,7,SW_Nikita,7098.35888671875,18086.384765625,13943.885913085938,15032.9140625
train,1101,15.549463600376864,82,ok,crepe,6,SW_Neo,7191.83349609375,10878.93359375,9789.978001644737,10049.115234375
train,1102,16.54727380145182,163,ok,crepe,4,SW_Luna,5969.30615234375,19421.423828125,12209.56791645321,10881.533203125
train,1103,6.450888021591547,123,ok,crepe,4,SW_Luna,7524.60693359375,19909.0078125,11166.509053548178,10339.208984375
train,1104,-0.5367878910637527,107,ok,crepe,4,SW_Luna,4219.26708984375,19425.71484375,12522.743588654892,10886.4794921875
train,1105,26.552785580823187,164,ok,crepe,3,SW_Dana,4170.90771484375,19671.7734375,11450.05397066157,11142.513671875
train,1106,10.8246287269922,130,ok,crepe,1,NSW_2,5969.10888671875,18080.623046875,10248.639467840325,10049.958984375
train,1107,1.9594764080188072,86,ok,crepe,2,NSW_1,3674.5244140625,18966.6328125,9551.002329508463,8631.9560546875
train,1108,15.414076412602338,170,ok,crepe,4,SW_Luna,6034.3173828125,19434.376953125,12250.499398044809,10761.2255859375
train,1109,19.481196689243202,168,ok,crepe,4,SW_Luna,5361.91015625,17450.251953125,12534.084595352564,11006.5380859375
train,1110,12.943985390338515,137,ok,crepe,2,NSW_1,5623.6416015625,19423.486328125,10861.306793018512,10522.849609375
train,1111,17.302421506529104,138,ok,crepe,4,SW_Luna,5903.16845703125,17644.650390625,12295.06090226958,10699.8203125
train,1112,11.768560050573225,50,ok,crepe,7,SW_Nikita,8250.2470703125,17454.93359375,15344.92130962171,16484.8984375
train,1113,15.488425121374235,69,ok,crepe,7,SW_Nikita,7437.2763671875,17644.091796875,14738.33389892578,15839.05029296875
train,1114,23.30563999203512,140,ok,crepe,6,SW_Neo,4892.3701171875,10886.0361328125,8705.05641316479,9144.1865234375
train,1115,18.70455105212398,101,ok,crepe,4,SW_Luna,8071.9375,18073.53125,12912.429542670816,11141.64404296875
train,1116,19.618435669200515,141,ok,crepe,6,SW_Neo,8627.7333984375,17052.6796875,10695.787527901786,10635.3466796875
train,1117,14.948775063562705,106,ok,crepe,6,SW_Neo,5063.3359375,10879.228515625,8363.195300686744,8775.54833984375
train,1118,14.699374309500094,179,ok,crepe,5,SW_Nana,5904.8447265625,17239.892578125,10672.158203125,10163.66357421875
train,1119,11.651587769175077,155,ok,crepe,4,SW_Luna,8631.7783203125,17860.078125,10333.890978107345,9579.8525390625
train,1120,17.826615908269215,159,ok,crepe,4,SW_Luna,7264.443359375,17042.73046875,12323.545388810622,11002.89453125
train,1121,16.903304072599823,119,ok,crepe,7,SW_Nikita,5498.14208984375,17042.22265625,11787.273300500225,10053.4365234375
train,1122,13.881714876438238,127,ok,crepe,4,SW_Luna,3158.2646484375,19206.3828125,11648.914100324604,10636.39794921875
train,1123,14.180036551634691,110,ok,crepe,6,SW_Neo,7096.54296875,16680.603515625,9552.729538690477,9694.537109375
train,1124,7.5110312554179455,89,ok,crepe,4,SW_Luna,7100.763671875,18500.291015625,13349.990253712871,11536.3291015625
train,1125,17.916311531437476,114,ok,crepe,6,SW_Neo,5426.72607421875,16477.15234375,9006.659276598282,9041.830078125
train,1126,2.8893922806603194,123,ok,crepe,6,SW_Neo,5361.375,17254.01171875,9589.389118600398,9821.962890625
train,1127,11.969351254679221,103,ok,crepe,4,SW_Luna,7191.47021484375,18727.04296875,13213.77046267726,11530.53515625
train,1128,11.328568503283913,27,ok,crepe,8,SW_Shy,9367.365234375,17647.36328125,14944.010931199597,14669.353515625
train,1129,13.964182109523108,132,ok,crepe,6,SW_Neo,6034.0205078125,19676.98828125,10992.416044727855,10761.8203125
train,1130,9.268066454405004,158,ok,crepe,5,SW_Nana,6033.896484375,18287.013671875,9294.931231450768,8733.7490234375
train,1131,12.118305851809978,127,ok,crepe,9,SW_Yosefa,5426.72607421875,21007.931640625,13624.270824163732,14846.30615234375
train,1132,15.307909792947088,53,ok,crepe,2,NSW_1,5123.7802734375,19423.859375,10589.752041175718,10522.908203125
train,1133,13.642407675125941,159,ok,crepe,6,SW_Neo,5426.95361328125,17044.322265625,8829.137633265711,8937.8525390625
train,1134,7.7016379103236465,123,ok,crepe,6,SW_Neo,6935.01513671875,19422.34375,9772.818427590762,9531.31787109375
train,1135,23.551933326374787,134,ok,crepe,3,SW_Dana,5970.53173828125,19424.01953125,12192.007486979166,11936.330078125
train,1136,13.214836460827437,201,ok,crepe,4,SW_Luna,4516.51318359375,18077.771484375,12510.22972664854,11404.865234375
train,1137,23.34089368228026,127,ok,crepe,4,SW_Luna,7190.92529296875,17860.4140625,12745.309527131165,10877.716796875
train,1138,12.017628761647794,179,ok,crepe,5,SW_Nana,5693.56640625,19673.390625,10681.443397860221,9587.0751953125
train,1139,11.384004444628857,197,ok,crepe,4,SW_Luna,5831.0341796875,19410.341796875,15408.40500788103,16857.125
train,1140,11.221275760437287,143,ok,crepe,4,SW_Luna,6034.15576171875,21489.548828125,13833.8283203125,16194.09423828125
train,1141,15.022366504539526,112,ok,crepe,6,SW_Neo,5692.25830078125,17646.306640625,9472.53013780382,9582.59033203125
train,1142,21.444014450763316,135,ok,crepe,7,SW_Nikita,7612.93359375,17653.1328125,14512.781271910057,15563.3046875
train,1143,16.899016203933645,57,ok,crepe,4,SW_Luna,8632.296875,17643.740234375,13577.347640498992,14848.2431640625
train,1144,5.601349035507198,47,ok,crepe,6,SW_Neo,6621.41162109375,11796.1767578125,9865.368349609374,9822.701171875
train,1145,15.093657711173577,160,ok,crepe,4,SW_Luna,8244.2392578125,17868.173828125,14038.558044100067,16103.05859375
train,1146,15.34244061270364,132,ok,crepe,4,SW_Luna,5763.75244140625,17644.65625,12194.253753063726,10759.75390625
train,1147,19.177837549209467,122,ok,crepe,4,SW_Luna,7705.44384765625,17647.52734375,12295.045364158741,10769.83349609375
train,1148,13.863845539112742,120,ok,crepe,6,SW_Neo,5969.96875,17443.740234375,9296.588396470324,9473.0546875
train,1149,8.878607201870818,134,ok,crepe,4,SW_Luna,7097.3779296875,19418.927734375,12385.232890226403,10641.771484375
train,1150,24.130209964596354,196,ok,crepe,4,SW_Luna,3891.40576171875,21218.06640625,12492.535855827844,12496.65234375
train,1151,19.566900343777334,176,ok,crepe,4,SW_Luna,8731.2470703125,19422.11328125,12919.647441208965,11671.41259765625
train,1152,9.798586306354354,78,ok,crepe,4,SW_Luna,8824.7255859375,17444.98046875,12585.910638918822,10644.2724609375
train,1153,1.5538235680280654,111,ok,crepe,6,SW_Neo,5063.7294921875,17860.626953125,9103.50059723657,9148.884765625
train,1154,-0.12345485113057497,83,ok,crepe,4,SW_Luna,6033.8173828125,18966.08203125,10874.29012886135,10403.947265625
train,1155,13.972998024591593,170,ok,crepe,5,SW_Nana,6540.45361328125,12955.15625,9285.100427308058,9367.6630859375
train,1156,13.710802124923783,68,ok,crepe,6,SW_Neo,8629.173828125,16867.353515625,10082.73107446598,9697.1748046875
train,1157,16.663434585520164,124,ok,crepe,5,SW_Nana,6035.0556640625,16856.810546875,10892.402387830945,9815.75146484375
train,1158,13.996952633789913,199,ok,crepe,4,SW_Luna,7880.51025390625,19416.19921875,13803.329985631195,15929.51953125
train,1159,10.11836569797834,122,ok,crepe,4,SW_Luna,3980.9951171875,18079.064453125,12678.5956677423,10634.53662109375
train,1160,23.153069895528553,182,ok,crepe,4,SW_Luna,6033.978515625,17442.576171875,12805.386070033483,10940.87158203125
train,1161,11.668952391882259,358,ok,crepe,6,SW_Neo,6781.56689453125,19665.525390625,12169.415740215132,10644.30712890625
train,1162,14.484567414992345,145,ok,crepe,6,SW_Neo,5624.388671875,17441.572265625,9521.772739109849,9692.4443359375
train,1163,16.044371248124097,184,ok,crepe,6,SW_Neo,5970.30029296875,19422.375,8543.636576915922,7352.042724609375
train,1164,17.20534358514784,112,ok,crepe,6,SW_Neo,7016.564453125,16865.36328125,9042.701504966086,9144.216796875
train,1165,11.20649759923133,61,ok,crepe,9,SW_Yosefa,6034.19970703125,20131.71875,9022.912772042411,8824.48779296875
train,1166,16.16145274515168,114,ok,crepe,6,SW_Neo,5692.6328125,17443.232421875,9109.792697906494,9479.62841796875
train,1167,17.312654128953803,151,ok,crepe,6,SW_Neo,5426.2626953125,17252.814453125,8501.366385928468,7612.64111328125
train,1168,7.555862850030869,150,ok,crepe,7,SW_Nikita,5428.20361328125,16864.3984375,13263.546529017856,14500.0439453125
train,1169,17.151460810065608,130,ok,crepe,4,SW_Luna,8352.20703125,17452.0859375,13144.11279296875,11469.04931640625
train,1170,11.034630104393205,143,ok,crepe,6,SW_Neo,6936.56005859375,19420.875,8986.6215274408,9252.6767578125
train,1171,24.755613308234686,141,ok,crepe,4,SW_Luna,5969.958984375,17649.724609375,12573.41056871118,10767.595703125
train,1172,17.204761294255192,71,ok,crepe,7,SW_Nikita,6178.34375,19209.970703125,10232.44722757711,9588.7158203125
train,1173,11.63504329040447,146,ok,crepe,9,SW_Yosefa,5762.55615234375,19897.74609375,8352.282066816166,8115.31640625
train,1174,2.657165778584842,102,ok,crepe,9,SW_Yosefa,7612.455078125,17043.48828125,10233.220521639934,9475.26171875
train,1175,21.51723742402617,151,ok,crepe,4,SW_Luna,8432.099609375,17642.359375,13223.89463912609,11606.474609375
train,1176,12.188701922723412,95,ok,crepe,4,SW_Luna,5831.39404296875,17040.13671875,10948.02850567853,10764.15625
train,1177,20.487541072647183,121,ok,crepe,4,SW_Luna,7791.2099609375,17648.044921875,12554.346861049107,10639.48828125
train,1178,8.971370324960485,9,ok,crepe,9,SW_Yosefa,7611.5390625,7979.73388671875,7831.39990234375,7838.501953125
train,1179,17.176348826293694,87,ok,crepe,7,SW_Nikita,6034.7763671875,17446.15625,11475.416114267677,8633.3583984375
train,1180,23.490998367668134,152,ok,crepe,4,SW_Luna,7015.52978515625,19204.650390625,12386.974531693892,10760.63720703125
train,1181,20.841578255395802,149,ok,crepe,6,SW_Neo,5178.47216796875,19424.1796875,8857.953427269345,8939.14599609375
train,1182,13.17660382179284,121,ok,crepe,4,SW_Luna,8630.619140625,17451.623046875,12655.185245289522,10875.97216796875
train,1183,22.74585342968631,145,ok,crepe,6,SW_Neo,5558.6376953125,19421.875,8892.704630777507,8930.81640625
train,1184,12.62419934622985,167,ok,crepe,4,SW_Luna,6176.44921875,17439.607421875,12025.864450555098,10760.8828125
train,1185,12.578389316415235,117,ok,crepe,6,SW_Neo,4314.708984375,18285.6640625,10532.886438170475,10276.794921875
train,1186,16.101090671683227,97,ok,crepe,2,NSW_1,4783.6376953125,17443.376953125,10526.597159009461,10755.82421875
train,1187,12.88612991158941,48,ok,crepe,3,SW_Dana,5829.2548828125,17255.654296875,9921.213306568286,9926.54296875
train,1188,14.413450092256799,220,ok,crepe,1,NSW_2,4366.26416015625,21216.16015625,12715.107221759734,13105.787109375
train,1189,9.349129123517253,56,ok,crepe,4,SW_Luna,8933.2041015625,20126.8671875,12535.700716145833,10580.47802734375
train,1190,17.376204961815095,85,ok,crepe,7,SW_Nikita,6709.22900390625,18727.587890625,12840.427198840725,14845.9228515625
train,1191,-4.635746134514428,16,ok,crepe,4,SW_Luna,6463.048828125,21486.21875,14892.273158482143,16012.896484375
train,1192,7.97989978194896,26,ok,crepe,4,SW_Luna,8932.4892578125,16864.298828125,9788.17373361895,9690.3310546875
train,1193,10.183967661994618,86,ok,crepe,4,SW_Luna,6099.96630859375,17248.896484375,12194.637260742187,10881.34765625
train,1194,17.07026013596409,103,ok,crepe,7,SW_Nikita,6467.48046875,17454.115234375,13300.84466091124,15208.001953125
train,1195,19.799158652593963,112,ok,crepe,4,SW_Luna,8634.72265625,17647.2578125,13230.773512046755,11668.8486328125
train,1196,14.784604826035867,181,ok,crepe,6,SW_Neo,6396.0078125,21218.0234375,10237.690948633755,9471.125
train,1197,13.194556508080137,167,ok,crepe,6,SW_Neo,4784.39501953125,16281.8603515625,8410.355095976143,7436.980224609375
train,1198,16.978190444643857,90,ok,crepe,4,SW_Luna,8825.072265625,17641.642578125,13904.414100424758,16284.728515625
train,1199,16.264141699323332,145,ok,crepe,5,SW_Nana,4268.431640625,18078.087890625,9112.223902107007,8731.37109375
train,1200,22.027158854619223,121,ok,crepe,4,SW_Luna,8631.23046875,17853.845703125,13810.579537898937,15401.462890625
train,1201,13.22030363928728,156,ok,crepe,6,SW_Neo,6097.88037109375,17646.67578125,10461.9519921875,10047.4677734375
train,1202,16.862157583684652,150,ok,crepe,6,SW_Neo,6244.2587890625,14003.3876953125,8638.473316699783,8634.84765625
train,1203,9.682689791923307,78,ok,crepe,4,SW_Luna,5762.080078125,12657.8466796875,10679.87275390625,10639.57080078125
train,1204,12.543729428155515,89,ok,crepe,7,SW_Nikita,6463.62548828125,17447.724609375,12313.283815870098,14017.23095703125
train,1205,20.635761371962055,106,ok,crepe,2,NSW_1,6779.7509765625,17649.89453125,10301.93437335872,10051.626953125
train,1206,11.022614290053312,125,ok,crepe,4,SW_Luna,6033.37841796875,17863.037109375,13192.615417913343,11671.212890625
train,1207,21.342509676752503,138,ok,crepe,2,NSW_1,6034.458984375,18962.33984375,10367.673056827229,9930.28515625
train,1208,16.241947859453095,77,ok,crepe,9,SW_Yosefa,6035.66162109375,18285.51171875,9493.745306755514,7099.10546875
train,1209,16.104073405460205,113,ok,crepe,4,SW_Luna,7095.37060546875,17247.4140625,11550.735875571647,10767.0029296875
train,1210,24.389578776838118,118,ok,crepe,4,SW_Luna,8631.974609375,17645.96875,13133.891895967372,11467.03271484375
train,1211,19.522607326634837,211,ok,crepe,4,SW_Luna,5425.712890625,17644.2890625,11456.190157966135,10400.7890625
train,1212,12.158672635171996,113,ok,crepe,6,SW_Neo,5693.5908203125,17644.453125,10934.237573431445,10883.09765625
train,1213,1.4994296412960106,140,ok,crepe,6,SW_Neo,6620.322265625,17440.11328125,9432.513708268634,9365.5263671875
train,1214,19.467806820731898,104,ok,crepe,2,NSW_1,3754.193359375,17442.865234375,10854.969384765625,10461.974609375
train,1215,13.132023657245444,111,ok,crepe,7,SW_Nikita,7267.162109375,17644.873046875,14300.300664813702,16852.2197265625
train,1216,13.500042275877098,145,ok,crepe,4,SW_Luna,4267.990234375,17445.5625,12202.642949452656,11147.0390625
train,1217,16.253170815332037,82,ok,crepe,4,SW_Luna,6176.99755859375,19210.974609375,10697.856663480718,10049.6650390625
train,1218,11.951116288615292,90,ok,crepe,7,SW_Nikita,8631.05859375,19422.81640625,14189.999990425858,15396.640625
train,1219,13.0671893849122,92,ok,crepe,6,SW_Neo,5905.56103515625,11931.0849609375,9041.735432152609,9368.421875
train,1220,15.624382978392637,140,ok,crepe,4,SW_Luna,7348.9326171875,19425.0078125,12935.082420638844,11146.12353515625
train,1221,13.125401729333344,120,ok,crepe,6,SW_Neo,5558.5625,17647.3046875,10169.723716085271,9372.9619140625
train,1222,9.111182138721267,91,ok,crepe,7,SW_Nikita,6463.50146484375,17864.71875,14154.195028499682,15405.88525390625
train,1223,18.415456353684586,135,ok,crepe,4,SW_Luna,6934.05029296875,17644.3828125,12494.943328274283,10878.6484375
train,1224,12.814772802243953,162,ok,crepe,6,SW_Neo,5008.79541015625,17645.216796875,9749.905038534629,8943.1591796875
train,1225,11.065338050418585,84,ok,crepe,7,SW_Nikita,3890.884765625,15750.095703125,9669.739583333334,7976.52783203125
train,1226,8.69970012044419,62,ok,crepe,4,SW_Luna,5903.8984375,17441.859375,11222.5820676889,10632.5693359375
train,1227,7.410890843943829,76,ok,crepe,4,SW_Luna,5763.33984375,19426.484375,11979.642047646605,10516.8671875
train,1228,9.072617799391264,119,ok,crepe,6,SW_Neo,6032.89111328125,17445.251953125,9302.972940473413,9422.34228515625
train,1229,13.689194240187563,143,ok,crepe,6,SW_Neo,4122.552734375,20779.01953125,11063.075085762219,10640.94384765625
train,1230,6.743349177172573,157,ok,crepe,9,SW_Yosefa,4073.341064453125,16101.6982421875,9130.622653012777,9366.98828125
train,1231,8.294556137342305,121,ok,crepe,6,SW_Neo,5623.388671875,19900.140625,10098.451197768703,9757.33251953125
train,1232,20.614930888479314,136,ok,crepe,6,SW_Neo,6707.0830078125,17645.171875,9839.401286878085,9311.71044921875
train,1233,12.051702478920488,164,ok,crepe,3,SW_Dana,8246.056640625,17041.123046875,11338.443715469613,10764.3349609375
train,1234,19.393559124175763,134,ok,crepe,3,SW_Dana,6537.5576171875,19898.28515625,11638.893384431538,11405.8974609375
train,1235,13.250812865230067,152,ok,crepe,2,NSW_1,6540.00537109375,18965.431640625,12524.786127068015,11140.0927734375
train,1236,20.5648271779381,146,ok,crepe,4,SW_Luna,6618.375,19424.1796875,12700.411872543975,10631.453125
train,1237,20.530755686930533,131,ok,crepe,4,SW_Luna,3236.42724609375,17446.560546875,12713.41855143229,11607.30908203125
train,1238,14.610878240726969,115,ok,crepe,5,SW_Nana,7610.244140625,20554.06640625,11478.691921027132,10522.4208984375
train,1239,15.964369462849017,63,ok,crepe,9,SW_Yosefa,6396.2802734375,13263.1484375,8412.856041666666,8343.66796875
train,1240,21.391746555088275,178,ok,crepe,4,SW_Luna,7523.2021484375,17644.353515625,11671.435873976032,10401.6083984375
train,1241,11.27863158519152,71,ok,crepe,2,NSW_1,5361.89208984375,17443.568359375,11197.667130835262,10632.9111328125
train,1242,15.879191460462119,139,ok,crepe,4,SW_Luna,7265.70361328125,17450.458984375,12238.601770471643,10877.52490234375
train,1243,15.339050718520145,104,ok,crepe,6,SW_Neo,5178.4951171875,19425.64453125,8779.046489298844,8827.951171875
train,1244,12.156342179721127,153,ok,crepe,6,SW_Neo,7095.76904296875,18080.138671875,9510.285781592653,9371.6484375
train,1245,12.24626588811537,89,ok,crepe,7,SW_Nikita,6854.01904296875,19422.32421875,13881.436765160892,14492.76171875
train,1246,9.669705673104117,125,ok,crepe,3,SW_Dana,5969.23095703125,17441.802734375,12939.018087184175,13554.802734375
train,1247,10.883766576772942,71,ok,crepe,6,SW_Neo,5904.3759765625,19424.28125,11323.551028645834,10517.244140625
train,1248,10.043452000183127,87,ok,crepe,4,SW_Luna,5970.099609375,19679.296875,14225.39775100557,16865.94921875
train,1249,9.552760224704869,80,ok,crepe,4,SW_Luna,4268.041015625,17445.275390625,9446.7309131408,9584.4423828125
train,1250,16.163867591196492,172,ok,crepe,9,SW_Yosefa,5122.68994140625,19675.51171875,9841.239612006153,8632.4765625
train,1251,4.910188489713066,107,ok,crepe,9,SW_Yosefa,8245.1767578125,18726.447265625,9424.71490940126,9145.0205078125
train,1252,18.520517093425802,144,ok,crepe,6,SW_Neo,5558.29052734375,17645.4140625,9176.518239276009,9148.599609375
train,1253,16.655378439822787,130,ok,crepe,4,SW_Luna,6176.087890625,17260.646484375,12698.282623697916,10876.51025390625
train,1254,8.893422983537459,195,ok,crepe,7,SW_Nikita,6463.08544921875,19202.3984375,15204.642971021076,16484.630859375
train,1255,6.7987857013977395,118,ok,crepe,6,SW_Neo,6319.2431640625,17646.541015625,10294.918446180556,10284.3896484375
train,1256,3.902963916156781,30,ok,crepe,4,SW_Luna,7522.2158203125,19420.94921875,14204.958923339844,16283.3994140625
train,1257,13.735401313296851,114,ok,crepe,2,NSW_1,5762.779296875,21006.369140625,11457.070377349854,10763.2978515625
train,1258,9.403157145449716,110,ok,crepe,4,SW_Luna,5969.6279296875,17644.38671875,12149.07666015625,10756.86376953125
train,1259,4.087900324556452,173,ok,crepe,9,SW_Yosefa,3354.34765625,19425.880859375,10628.813430304277,10051.90087890625
train,1260,9.75913507083511,191,ok,crepe,6,SW_Neo,4675.59521484375,18074.712890625,9101.733669958381,8823.4951171875
train,1261,10.160937214180727,125,ok,crepe,4,SW_Luna,6395.13232421875,19422.0546875,10883.447984483508,10341.0166015625
train,1262,4.848222249292057,128,ok,crepe,4,SW_Luna,6317.9794921875,17646.685546875,12339.255648606115,10758.6767578125
train,1263,25.132329222197995,117,ok,crepe,9,SW_Yosefa,6034.27001953125,18079.373046875,8590.770152372472,8204.006103515625
train,1264,17.81991350790514,117,ok,crepe,4,SW_Luna,7703.62255859375,17643.181640625,13178.888038917825,12807.404296875
train,1265,9.406704642359095,152,ok,crepe,9,SW_Yosefa,5765.10546875,21214.2734375,10525.385259650735,9246.98974609375
train,1266,24.407181742450454,88,ok,crepe,2,NSW_1,4677.01123046875,11930.6875,9288.591559986076,9583.2216796875
train,1267,19.10824478228158,170,ok,crepe,3,SW_Dana,6247.466796875,19428.2890625,12785.272291430538,12812.333984375
train,1268,0.963769837216069,104,ok,crepe,9,SW_Yosefa,6708.896484375,18969.1171875,11789.054511176215,9930.515625
train,1269,22.882116390045155,194,ok,crepe,6,SW_Neo,5362.00927734375,16277.5283203125,8563.395058944086,8628.8828125
train,1270,18.338716803322743,139,ok,crepe,5,SW_Nana,5496.12890625,17251.685546875,10110.955181884765,8681.75634765625
train,1271,25.055690962220567,160,ok,crepe,4,SW_Luna,7351.490234375,19673.91796875,12746.514861076108,10633.40966796875
train,1272,11.993427968405046,125,ok,crepe,6,SW_Neo,5360.7216796875,17445.412109375,9051.357129593971,9311.7373046875
train,1273,3.5524146738726206,64,ok,crepe,4,SW_Luna,6100.3935546875,17859.48828125,12839.197626819348,11937.23046875
train,1274,11.671747740575704,168,ok,crepe,4,SW_Luna,6396.3876953125,19673.353515625,12396.785084292764,10997.52001953125
train,1275,22.485074830567857,68,ok,crepe,9,SW_Yosefa,7263.701171875,11143.6015625,9416.197356047454,9694.3447265625
train,1276,31.29086817792738,72,ok,crepe,4,SW_Luna,8730.9580078125,17443.498046875,11713.025708301959,10759.66015625
train,1277,11.321108505055088,111,ok,crepe,4,SW_Luna,5970.48828125,20778.26953125,13042.738986107612,14669.16552734375
train,1278,11.891363110860777,119,ok,crepe,5,SW_Nana,6539.1044921875,16478.0078125,9236.680445053998,9421.056640625
train,1279,10.759263648725714,84,ok,crepe,6,SW_Neo,7095.85546875,16104.6142578125,9064.473647913983,9251.4072265625
train,1280,13.096945883090163,46,ok,crepe,9,SW_Yosefa,6539.849609375,17643.89453125,9914.24365234375,9874.82861328125
train,1281,20.826921043396467,128,ok,crepe,6,SW_Neo,6464.5615234375,17444.33984375,8792.268717447916,9045.05078125
train,1282,8.515962143319394,121,ok,crepe,4,SW_Luna,8347.1767578125,17259.14453125,12944.230953246124,12357.810546875
train,1283,11.577028473633025,100,ok,crepe,4,SW_Luna,7349.72216796875,19899.4765625,12412.830078125,10883.259765625
train,1284,14.266075410146628,195,ok,crepe,4,SW_Luna,5298.26953125,17644.78125,12330.981971670728,10767.6767578125
train,1285,9.59946155176353,121,ok,crepe,6,SW_Neo,5761.09765625,19912.2421875,10160.768004918982,9820.3984375
train,1286,17.473936540613636,123,ok,crepe,4,SW_Luna,6621.03564453125,18077.86328125,12091.712222268396,10407.0908203125
train,1287,10.346546254223231,82,ok,crepe,4,SW_Luna,9687.8779296875,18079.265625,13750.300455729166,14328.2705078125
train,1288,12.214986521513325,178,ok,crepe,3,SW_Dana,8070.04638671875,16479.90234375,12778.547586089198,13031.8037109375
train,1289,5.724907150817158,82,ok,crepe,6,SW_Neo,6706.2099609375,17248.748046875,8816.03718647204,8929.478515625
train,1290,14.962008855896247,209,ok,crepe,6,SW_Neo,4676.42041015625,17643.54296875,9352.575775016623,9930.8798828125
train,1291,8.164992023519812,45,ok,crepe,6,SW_Neo,6540.1005859375,13264.0126953125,9706.91224888393,9814.1259765625
train,1292,18.212247269097745,96,ok,crepe,4,SW_Luna,4314.9814453125,17859.494140625,12475.281430356137,10880.0625
train,1293,16.953879838527108,141,ok,crepe,4,SW_Luna,6319.1201171875,17865.0859375,12319.719083608308,10760.2548828125
train,1294,16.964742316966174,81,ok,crepe,7,SW_Nikita,6317.21142578125,17644.7265625,11366.455597908267,10524.216796875
train,1295,7.778983256436871,169,ok,crepe,4,SW_Luna,6176.859375,21004.85546875,12217.030464722939,11282.1240234375
train,1296,10.542145548815538,160,ok,crepe,6,SW_Neo,5904.076171875,17445.07421875,9921.645170200893,9819.671875
train,1297,18.88240399686952,116,ok,crepe,4,SW_Luna,7348.658203125,19420.744140625,11958.158970424107,10520.69921875
train,1298,13.152886331742117,120,ok,crepe,6,SW_Neo,6033.42236328125,19900.70703125,9549.170102719907,9689.072265625
train,1299,5.904559587404854,134,ok,crepe,3,SW_Dana,8827.275390625,21479.24609375,12974.973852700745,12652.43359375
train,1300,4.929729737544207,141,ok,crepe,4,SW_Luna,6176.0849609375,19425.41796875,12026.66183530746,10875.376953125
train,1301,4.622413798379193,120,ok,crepe,6,SW_Neo,5968.78515625,12948.619140625,8391.170145515267,8821.267578125
train,1302,13.29366499507994,150,ok,crepe,9,SW_Yosefa,7260.0244140625,18082.390625,11360.936959402901,9936.8916015625
train,1303,15.998463414543556,165,ok,crepe,6,SW_Neo,5624.02587890625,16281.994140625,8488.661148313493,7522.4609375
train,1304,21.513142431059478,79,ok,crepe,7,SW_Nikita,7188.62548828125,17259.373046875,13127.769923997961,14849.53662109375
train,1305,18.97482577231603,121,ok,crepe,6,SW_Neo,5179.36767578125,19420.9609375,9154.288855243929,9478.8544921875
train,1306,18.744344748480724,132,ok,crepe,4,SW_Luna,5829.9912109375,17444.26953125,12843.751243489583,11284.4033203125
train,1307,24.048491670564193,217,ok,crepe,6,SW_Neo,6463.9609375,19422.150390625,10153.19922265625,9873.876953125
train,1308,12.267485722473916,57,ok,crepe,4,SW_Luna,8630.6796875,19423.966796875,11817.349884033203,10400.412109375
train,1309,11.302642907918163,149,ok,crepe,4,SW_Luna,8524.6513671875,19669.46484375,13180.898080791541,11795.236328125
train,1310,21.921586722652794,137,ok,crepe,6,SW_Neo,6034.921875,16864.8671875,9361.691934962182,9692.9697265625
train,1311,17.095878833301597,141,ok,crepe,6,SW_Neo,5762.91064453125,17642.796875,10169.290198863637,9926.921875
train,1312,20.247437480800254,180,ok,crepe,6,SW_Neo,5623.1005859375,20552.150390625,8703.039509688273,8631.5263671875
train,1313,17.87280526792421,50,ok,crepe,4,SW_Luna,8730.01171875,11796.4365234375,9989.3720703125,9819.60498046875
train,1314,10.88757027670936,133,ok,crepe,4,SW_Luna,6540.4013671875,17863.7734375,13201.444376346983,11283.9140625
train,1315,13.67690181941052,138,ok,crepe,4,SW_Luna,5828.97412109375,17450.3359375,11675.355991908482,10638.05029296875
train,1316,15.266382144494441,172,ok,crepe,6,SW_Neo,4268.97021484375,19427.595703125,9014.143455038266,8163.658203125
train,1317,6.1684820646817755,114,ok,crepe,4,SW_Luna,8157.40625,20342.61328125,13489.088222503662,11007.455078125
train,1318,14.396011711839169,107,ok,crepe,6,SW_Neo,5061.984375,18286.29296875,9439.86475423177,9198.46044921875
train,1319,17.256854995819747,129,ok,crepe,4,SW_Luna,7613.4365234375,18494.970703125,13378.8530241101,12206.560546875
train,1320,25.456044152321216,90,ok,crepe,2,NSW_1,4784.1640625,18499.29296875,9601.749762970267,9476.7626953125
train,1321,6.103944428186404,89,ok,crepe,5,SW_Nana,5969.6455078125,12946.70703125,8599.8921875,8733.7783203125
train,1322,17.041898405124382,110,ok,crepe,4,SW_Luna,8067.18017578125,20336.0234375,12420.25933547247,11399.53466796875
train,1323,16.19381594681317,117,ok,crepe,6,SW_Neo,4574.29541015625,21004.890625,9057.6928172392,9252.201171875
train,1324,22.194633040982545,152,ok,crepe,4,SW_Luna,5905.1728515625,19673.33984375,13033.024107467296,12210.666015625
train,1325,9.689929949919916,64,ok,crepe,4,SW_Luna,5904.81689453125,19901.515625,11536.634187397203,10944.125
train,1326,11.7030312307606,170,ok,crepe,6,SW_Neo,4028.36572265625,18725.25390625,10753.706371686845,10048.1689453125
train,1327,14.167410794561858,127,ok,crepe,6,SW_Neo,5425.712890625,10882.5107421875,8786.890548602254,9250.513671875
train,1328,10.456766423628995,125,ok,crepe,5,SW_Nana,5829.474609375,17647.73046875,8375.43932775549,7978.8876953125
train,1329,20.784254798623316,106,ok,crepe,6,SW_Neo,4676.939453125,14664.626953125,8840.939933530746,9476.57421875
train,1330,6.931146901047793,64,ok,crepe,5,SW_Nana,6176.4853515625,17445.2109375,12690.667006138392,12875.6982421875
train,1331,12.599991362050089,146,ok,crepe,5,SW_Nana,6396.92333984375,17644.220703125,9407.61821700866,9248.458984375
train,1332,20.722314919122855,120,ok,crepe,9,SW_Yosefa,6176.42626953125,17860.4375,8364.425679378372,7979.47021484375
train,1333,12.44622835347201,108,ok,crepe,6,SW_Neo,7096.224609375,11796.4755859375,9274.013908140121,9587.6865234375
train,1334,11.373989113380347,115,ok,crepe,5,SW_Nana,6396.5,17252.546875,11380.591989824848,10166.4404296875
train,1335,15.685208029649434,92,ok,crepe,2,NSW_1,5361.9296875,19903.5078125,10383.70920548349,10516.748046875
train,1336,14.01500402962272,164,ok,crepe,8,SW_Shy,4892.03662109375,18731.0859375,8821.886512070107,9038.849609375
train,1337,15.427336604676787,45,ok,crepe,4,SW_Luna,5829.5458984375,17647.759765625,11097.852207399765,10051.333984375
train,1338,13.02721929845063,167,ok,crepe,6,SW_Neo,4784.4072265625,19418.966796875,10104.045515522204,9582.66357421875
train,1339,18.551496844138775,50,ok,crepe,7,SW_Nikita,8631.1923828125,17442.171875,13033.410310444078,11678.3251953125
train,1340,12.712143315697638,172,ok,crepe,3,SW_Dana,8633.044921875,17439.9296875,11532.283594741433,11005.78515625
train,1341,9.433322280808317,77,ok,crepe,0,NSW_3,4782.62255859375,19206.701171875,11683.715929457721,10880.126953125
train,1342,13.928173389443387,127,ok,crepe,2,NSW_1,5622.74169921875,19915.294921875,12474.712287850216,10639.927734375
train,1343,10.078597300052706,51,ok,crepe,9,SW_Yosefa,6317.99853515625,19429.08984375,14513.310759943182,15928.87109375
train,1344,15.520976060307941,161,ok,crepe,4,SW_Luna,7883.0107421875,16868.30078125,12855.873683763586,12140.953125
train,1345,17.458186136193085,45,ok,crepe,7,SW_Nikita,10764.037109375,17446.78515625,16238.50078876202,17144.0234375
train,1346,15.365677408937945,175,ok,crepe,4,SW_Luna,6034.357421875,19673.021484375,11967.838534954897,10766.72607421875
train,1347,7.750388782772289,128,ok,crepe,4,SW_Luna,8247.7470703125,18969.236328125,12814.601501464844,11140.904296875
train,1348,11.551642735051516,124,ok,crepe,4,SW_Luna,6176.10791015625,19202.58203125,12362.595140540081,12575.80078125
train,1349,12.853396222314482,89,ok,crepe,4,SW_Luna,7191.3515625,17442.2421875,11478.641611136642,10283.62451171875
train,1350,4.90395915913218,71,ok,crepe,4,SW_Luna,7613.1171875,19897.69921875,11569.193386501736,10398.4658203125
train,1351,20.706411525249322,168,ok,crepe,4,SW_Luna,6463.96728515625,17442.408203125,12581.760870009817,10761.94140625
train,1352,9.338026426491542,142,ok,crepe,5,SW_Nana,4219.17236328125,17861.85546875,8883.606409742342,8066.60888671875
train,1353,4.0365356857813115,145,ok,crepe,4,SW_Luna,4623.17578125,19424.01953125,13699.01231210443,13709.12158203125
train,1354,7.021265292527463,72,ok,crepe,5,SW_Nana,5969.986328125,19674.400390625,10851.88779296875,9939.904296875
train,1355,17.88107620567391,155,ok,crepe,6,SW_Neo,5829.78466796875,17646.16796875,10235.20959679555,10402.091796875
train,1356,12.801053183932783,112,ok,crepe,9,SW_Yosefa,6033.73095703125,19209.849609375,8385.623335040984,7525.08203125
train,1357,15.020878497949408,127,ok,crepe,6,SW_Neo,5427.08447265625,10883.1298828125,8827.145009498074,9254.8583984375
train,1358,23.286325889073712,114,ok,crepe,4,SW_Luna,6462.82666015625,17859.24609375,12682.443137770433,10700.962890625
train,1359,17.646374041023073,44,ok,crepe,9,SW_Yosefa,3353.74462890625,17043.1328125,8790.10029296875,8628.474609375
train,1360,14.95192453352644,28,ok,crepe,5,SW_Nana,8072.359375,19425.5234375,9920.449454471982,9696.841796875
train,1361,-2.0921378798706307,115,ok,crepe,4,SW_Luna,6621.39404296875,17867.4375,12611.782538311298,10765.1875
train,1362,14.200963902923487,113,ok,crepe,5,SW_Nana,5904.33349609375,17442.21875,10954.682409005572,10281.912109375
train,1363,11.733564966107174,137,ok,crepe,7,SW_Nikita,8074.87548828125,19208.453125,15671.814343574719,16951.0537109375
train,1364,13.505370646109984,158,ok,crepe,6,SW_Neo,4268.73486328125,17647.8046875,10128.449363324895,9698.3251953125
train,1365,11.628681711452344,79,ok,crepe,4,SW_Luna,5177.736328125,19430.68359375,11117.682289751838,10765.16015625
train,1366,12.327793608317528,122,ok,crepe,6,SW_Neo,6854.8623046875,14662.1103515625,9007.539354063623,9367.1240234375
train,1367,9.43421350894452,133,ok,crepe,4,SW_Luna,7611.82861328125,17454.59375,12143.896223738388,10759.533203125
train,1368,18.681004946847807,117,ok,crepe,9,SW_Yosefa,6178.72314453125,12216.125,7258.846525493421,7259.0908203125
train,1369,12.756275231291397,167,ok,crepe,6,SW_Neo,5762.46142578125,19423.22265625,9726.454667348711,9822.64453125
train,1370,14.464387304859457,109,ok,crepe,3,SW_Dana,8932.6640625,16107.7646484375,11646.325326033464,11530.8671875
train,1371,11.579724853219947,104,ok,crepe,4,SW_Luna,6101.53515625,17446.986328125,11315.00138841712,10404.2958984375
train,1372,23.320921259729634,97,ok,crepe,6,SW_Neo,3891.67529296875,17648.484375,12328.85866721617,10515.818359375
train,1373,11.745944275815468,171,ok,crepe,5,SW_Nana,6318.859375,19425.0390625,8987.225190304487,8068.2119140625
train,1374,10.290850584245753,19,ok,crepe,5,SW_Nana,7098.60107421875,14665.1357421875,10543.173976732336,10400.21875
train,1375,-16.892863654476088,129,ok,crepe,4,SW_Luna,8824.8837890625,18080.62890625,13155.695750269397,10882.697265625
train,1376,12.672134766154564,42,ok,crepe,7,SW_Nikita,7882.4765625,17643.578125,11161.360778808594,10279.45068359375
train,1377,11.91888103225433,203,ok,crepe,3,SW_Dana,5762.42919921875,17651.1328125,12103.663555276806,11406.23779296875
train,1378,26.721461413545757,120,ok,crepe,6,SW_Neo,7014.625,10879.0517578125,8855.758435235508,9149.017578125
train,1379,11.811618842103018,128,ok,crepe,9,SW_Yosefa,7883.73779296875,17441.91796875,9816.21923828125,9818.1884765625
train,1380,7.602762413330845,129,ok,crepe,4,SW_Luna,3012.365966796875,17647.15234375,12264.912406207846,10882.384765625
train,1381,24.638365638351402,124,ok,crepe,4,SW_Luna,8351.6142578125,17441.94921875,13071.795349121094,11010.77587890625
train,1382,11.954678049615337,129,ok,crepe,4,SW_Luna,6539.66357421875,17442.962890625,12530.609234017385,10879.5498046875
train,1383,11.072196014524597,95,ok,crepe,4,SW_Luna,5429.8740234375,19424.443359375,9894.73567256221,9589.125
train,1384,19.99967633392223,164,ok,crepe,4,SW_Luna,7265.26611328125,17640.87109375,12827.012912610438,11003.14453125
train,1385,16.02935614948291,126,ok,crepe,4,SW_Luna,5970.73828125,21004.599609375,12906.246620124113,11285.9658203125
train,1386,3.1269271718586915,36,ok,crepe,0,NSW_3,6936.26171875,20130.994140625,14609.261606069711,16480.958984375
train,1387,16.438967461789783,81,ok,crepe,7,SW_Nikita,4219.1904296875,17644.96484375,14510.517042590725,15743.0546875
train,1388,10.014569028218169,139,ok,crepe,6,SW_Neo,5761.2822265625,21001.779296875,9914.665153952206,9700.646484375
train,1389,8.73411663052645,89,ok,crepe,9,SW_Yosefa,7704.78564453125,16478.765625,10621.134157666973,10160.6328125
train,1390,22.87963192100957,110,ok,crepe,6,SW_Neo,5299.056640625,17044.4296875,9403.567072792659,9586.0234375
train,1391,13.457744451619028,95,ok,crepe,4,SW_Luna,7191.703125,17444.068359375,12840.582261827258,10768.5556640625
train,1392,2.115059207481867,53,ok,crepe,4,SW_Luna,8823.734375,19427.267578125,11358.453845414959,10161.4072265625
train,1393,10.986382276696368,66,ok,crepe,9,SW_Yosefa,6034.17431640625,19419.859375,8604.800577799479,7306.90185546875
train,1394,6.210685687139002,78,ok,crepe,4,SW_Luna,6854.560546875,19677.859375,13881.317416104403,12073.3701171875
train,1395,16.599038388650015,97,ok,crepe,6,SW_Neo,6317.560546875,14663.3515625,8924.616537951548,9474.7197265625
train,1396,11.52308330111925,82,ok,crepe,7,SW_Nikita,7190.8662109375,17439.568359375,14250.105529785156,15397.41845703125
train,1397,8.168082811010871,121,ok,crepe,2,NSW_1,8160.48291015625,17440.650390625,10601.176178198066,10160.2919921875
train,1398,22.28902687231333,163,ok,crepe,4,SW_Luna,5970.0400390625,17851.0859375,12672.83810392681,11795.251953125
train,1399,8.996417169330492,211,ok,crepe,5,SW_Nana,6462.98095703125,15400.244140625,10003.710157067208,9699.7998046875
train,1400,9.845395617747128,50,ok,crepe,2,NSW_1,4783.84130859375,19206.529296875,10932.898326945755,10402.0400390625
train,1401,18.724012435198564,131,ok,crepe,4,SW_Luna,7097.97119140625,17456.00390625,11971.858465897409,10881.0888671875
train,1402,14.993259586071046,87,ok,crepe,9,SW_Yosefa,4314.779296875,17445.90234375,9810.133701685856,10280.943359375
train,1403,8.562601740063526,79,ok,crepe,4,SW_Luna,5968.93505859375,17642.02734375,13322.437137903793,15032.30078125
train,1404,11.635576145970205,87,ok,crepe,6,SW_Neo,7436.2265625,16104.3212890625,10269.473808996456,10398.609375
train,1405,15.566590205229659,135,ok,crepe,4,SW_Luna,7263.56201171875,17442.328125,12155.101879565747,11002.0634765625
train,1406,18.865345163538446,139,ok,crepe,2,NSW_1,5178.775390625,18726.52734375,12450.31769237643,11540.9169921875
train,1407,16.84882760398118,110,ok,crepe,4,SW_Luna,5969.125,18078.716796875,13209.533277942288,11471.25634765625
train,1408,2.7184940136977254,110,ok,crepe,4,SW_Luna,3158.051513671875,19681.56640625,11899.223938988858,10462.18798828125
train,1409,21.79466341310073,204,ok,crepe,9,SW_Yosefa,4122.9306640625,11802.7783203125,9576.245727023997,9590.4599609375
train,1410,13.960053971007635,166,ok,crepe,4,SW_Luna,7790.4794921875,19678.0234375,12955.304348053141,11676.140625
train,1411,19.295467610498,122,ok,crepe,4,SW_Luna,4726.65576171875,17642.0546875,11956.97532967642,10516.7392578125
train,1412,12.757157993847661,60,ok,crepe,9,SW_Yosefa,6621.3505859375,20131.79296875,13784.01006155303,12735.142578125
train,1413,9.363209157698545,240,ok,crepe,4,SW_Luna,4952.12158203125,17651.056640625,12265.669624186803,10758.3310546875
train,1414,17.10299747281784,112,ok,crepe,4,SW_Luna,7703.41845703125,19672.580078125,13747.807373046875,13178.658203125
train,1415,17.534742204251884,131,ok,crepe,6,SW_Neo,6539.779296875,10884.4140625,8893.570653011924,9197.49951171875
train,1416,9.616913462917356,27,ok,crepe,0,NSW_3,6246.6455078125,17440.33984375,9746.195295662716,8822.693359375
train,1417,20.644523453082403,132,ok,crepe,4,SW_Luna,6318.46435546875,17456.677734375,11755.891720420435,10406.2109375
train,1418,10.296265496108731,133,ok,crepe,4,SW_Luna,5904.013671875,17862.830078125,14715.725685521176,16864.349609375
train,1419,12.27194012447172,74,ok,crepe,9,SW_Yosefa,6855.333984375,17259.72265625,11952.076683407739,10825.89501953125
train,1420,17.368898144220502,70,ok,crepe,9,SW_Yosefa,4892.6513671875,17444.421875,9675.607177734375,9095.2353515625
train,1421,13.264419489292223,107,ok,crepe,4,SW_Luna,8524.9814453125,17647.619140625,11891.21131682593,10643.69140625
train,1422,16.75921380598811,113,ok,crepe,5,SW_Nana,6542.27783203125,15199.228515625,9094.480182647705,8630.86181640625
train,1423,8.638629303454145,148,ok,crepe,6,SW_Neo,5692.38818359375,19673.00390625,10255.217438285872,10284.3759765625
train,1424,9.338710704743514,56,ok,crepe,4,SW_Luna,7979.90771484375,19427.447265625,10394.825859069824,10402.515625
train,1425,19.12933110897654,96,ok,crepe,2,NSW_1,7192.36376953125,17034.373046875,11892.008688668224,10998.7314453125
train,1426,4.680135028123326,115,ok,crepe,4,SW_Luna,6099.85546875,19427.8984375,12641.908801663307,11001.12353515625
train,1427,6.434670565261213,83,ok,crepe,4,SW_Luna,5904.5458984375,17859.6015625,11497.880902300823,10761.9482421875
train,1428,12.786210146199007,61,ok,crepe,4,SW_Luna,6539.9296875,17255.93359375,13093.071664119112,10879.716796875
train,1429,13.474027417397675,48,ok,crepe,2,NSW_1,6462.46337890625,16284.22265625,10949.431401090802,10517.953125
train,1430,13.50068219699326,162,ok,crepe,4,SW_Luna,6462.58056640625,17865.783203125,12315.67423848903,10286.1689453125
train,1431,14.387589618561012,136,ok,crepe,6,SW_Neo,6177.60009765625,16472.5234375,9251.192474168347,9472.421875
train,1432,10.435685230330778,199,ok,crepe,9,SW_Yosefa,6034.5126953125,20336.677734375,10337.688923427037,8628.79150390625
train,1433,17.241768763600717,137,ok,crepe,4,SW_Luna,6856.61376953125,17439.46484375,12768.304851290546,10760.236328125
train,1434,17.350306479385406,87,ok,crepe,6,SW_Neo,7098.3828125,11794.4140625,9724.779272460937,10165.779296875
train,1435,15.905163047545425,153,ok,crepe,4,SW_Luna,7523.34375,20779.73046875,13040.43313029661,11532.9052734375
train,1436,8.735105312113978,80,ok,crepe,8,SW_Shy,3511.72314453125,15563.7998046875,9388.171836595857,9691.91015625
train,1437,10.938589913383336,158,ok,crepe,6,SW_Neo,5763.2421875,20127.1015625,9988.782423493612,10162.341796875
train,1438,18.070828291647985,169,ok,crepe,4,SW_Luna,7795.14453125,17646.494140625,11808.28289635144,10519.21875
train,1439,24.890927452783387,236,ok,crepe,6,SW_Neo,5428.142578125,17645.73046875,10036.564487485532,9929.9853515625
train,1440,8.203055169129364,139,ok,crepe,4,SW_Luna,6620.904296875,17443.025390625,10050.6272021161,10047.451171875
train,1441,5.322540343242805,55,ok,crepe,6,SW_Neo,6033.80859375,17440.94921875,9923.22265625,9588.6279296875
train,1442,10.742075695677219,91,ok,crepe,4,SW_Luna,7611.4638671875,17646.703125,11360.569456799196,10406.6064453125
train,1443,6.5814255365023016,99,ok,crepe,4,SW_Luna,6033.7607421875,19421.05859375,12348.566256686374,10880.8994140625
train,1444,8.579711299534567,135,ok,crepe,6,SW_Neo,3934.123291015625,19417.888671875,9993.993774414062,9693.1513671875
train,1445,25.329553339841695,143,ok,crepe,6,SW_Neo,4892.7626953125,12659.255859375,8701.99577212762,8826.541015625
train,1446,19.01715490521045,104,ok,crepe,7,SW_Nikita,8346.009765625,17863.9453125,14660.983138020832,15306.02783203125
train,1447,11.509621374961384,245,ok,crepe,6,SW_Neo,5969.4423828125,19897.03125,9558.576969886893,9419.49169921875
train,1448,10.557402762974164,124,ok,crepe,4,SW_Luna,5429.3359375,17646.16796875,10592.270016092649,9585.22509765625
train,1449,20.17986757055363,129,ok,crepe,4,SW_Luna,6621.224609375,19900.857421875,13420.406292037458,15568.19921875
train,1450,19.191687935971803,196,ok,crepe,4,SW_Luna,8158.3115234375,17447.119140625,12712.704345703125,10941.30419921875
train,1451,19.015344748817434,203,ok,crepe,2,NSW_1,5692.43701171875,14493.9345703125,10584.110304653384,10756.564453125
train,1452,10.660002423623965,102,ok,crepe,4,SW_Luna,7520.7529296875,17641.892578125,12573.344024122807,10462.5791015625
train,1453,14.965308976640719,107,ok,crepe,4,SW_Luna,8070.171875,18489.32421875,13613.094782594775,15932.4287109375
train,1454,7.13622792205141,115,ok,crepe,4,SW_Luna,5904.4775390625,17645.916015625,12629.526712740384,11071.6064453125
train,1455,17.595810452537822,155,ok,crepe,7,SW_Nikita,4573.84033203125,19417.248046875,11646.595764160156,10947.880859375
train,1456,18.14417049780703,109,ok,crepe,4,SW_Luna,5763.01953125,17861.998046875,13018.563766355437,10520.720703125
train,1457,11.224771852155861,131,ok,crepe,6,SW_Neo,5361.26708984375,19425.7265625,10414.785796902705,10277.06640625
train,1458,16.72583454109541,114,ok,crepe,4,SW_Luna,7265.544921875,17642.66796875,11931.37022365484,10517.21875
train,1459,17.819689555471452,225,ok,crepe,3,SW_Dana,4122.38671875,17044.716796875,9752.266353665866,9532.4775390625
train,1460,16.620410495869717,122,ok,crepe,6,SW_Neo,6176.63623046875,17446.513671875,10251.773736298974,10049.0693359375
train,1461,10.305738885898677,180,ok,crepe,4,SW_Luna,5063.38818359375,17861.10546875,12295.838265681612,10520.4111328125
train,1462,23.894569456795693,107,ok,crepe,6,SW_Neo,5178.0869140625,10996.6259765625,9158.819796875,9815.734375
train,1463,16.454515169577675,151,ok,crepe,6,SW_Neo,5971.99755859375,16865.955078125,8700.872794315732,9041.81005859375
train,1464,10.914306464084726,89,ok,crepe,2,NSW_1,4123.3544921875,18730.0625,10678.092973632813,10401.14306640625
train,1465,13.799108703843924,110,ok,crepe,4,SW_Luna,5297.576171875,17859.7890625,13033.423832127306,12002.064453125
train,1466,16.380309442769235,87,ok,crepe,4,SW_Luna,8731.044921875,17449.806640625,12220.767800510519,10883.6083984375
train,1467,11.681867361380633,168,ok,crepe,4,SW_Luna,5971.9033203125,19421.193359375,11208.931034842915,10760.5546875
train,1468,13.807521667444792,115,ok,crepe,6,SW_Neo,5763.33544921875,17438.9453125,8051.1174945253315,7096.99462890625
train,1469,18.12546542097181,67,ok,crepe,2,NSW_1,8823.060546875,16281.0205078125,10497.07508116883,10520.5185546875
train,1470,15.535569856273243,100,ok,crepe,4,SW_Luna,8430.78515625,18486.046875,12388.043260884082,10049.5732421875
train,1471,16.6596722108,105,ok,crepe,4,SW_Luna,6034.46533203125,18076.25390625,12575.88077320772,10766.134765625
train,1472,11.382783781120565,112,ok,crepe,6,SW_Neo,7263.85986328125,17444.53125,9565.040967987805,9691.1953125
train,1473,13.944805556492007,109,ok,crepe,3,SW_Dana,5762.84228515625,17044.958984375,12266.181725209153,11936.1923828125
train,1474,8.372489981424335,53,ok,crepe,2,NSW_1,6462.9306640625,17247.369140625,11132.07521132172,11138.40234375
train,1475,8.566260731592632,136,ok,crepe,9,SW_Yosefa,7979.27001953125,17643.83984375,12903.241323617789,12354.70849609375
train,1476,12.261328928104472,116,ok,crepe,9,SW_Yosefa,4125.052734375,16281.8115234375,7724.633015324519,7434.689208984375
train,1477,24.453291633609485,146,ok,crepe,6,SW_Neo,5692.8056640625,17858.94921875,9402.005992542614,9481.71484375
train,1478,14.711285821814613,121,ok,crepe,6,SW_Neo,5498.244140625,17645.490234375,9164.575057319973,9585.89501953125
train,1479,19.200871470134963,98,ok,crepe,7,SW_Nikita,6782.052734375,19207.18359375,14445.583116319445,15561.4326171875
train,1480,12.266058370879119,56,ok,crepe,6,SW_Neo,6033.3544921875,16478.37109375,10247.039604187012,10219.8291015625
train,1481,13.711056385180596,79,ok,crepe,4,SW_Luna,5970.376953125,17644.568359375,11553.28060074691,10520.0673828125
train,1482,14.949087133602339,57,ok,crepe,2,NSW_1,5499.0693359375,12217.20703125,10248.756568170364,10165.32568359375
train,1483,8.042423492750869,138,ok,crepe,9,SW_Yosefa,5297.90576171875,20554.521484375,14703.68149664463,18733.9013671875
train,1484,5.114652972697538,101,ok,crepe,4,SW_Luna,6539.3486328125,21484.158203125,11546.918469994469,10638.166015625
train,1485,10.630587863339809,86,ok,crepe,6,SW_Neo,5623.7197265625,17251.634765625,9841.106535921392,10056.166015625
train,1486,21.91024557502553,115,ok,crepe,6,SW_Neo,5177.90576171875,21005.732421875,9360.507420395359,9698.6630859375
train,1487,18.33360573144851,106,ok,crepe,6,SW_Neo,5969.8564453125,10764.04296875,8538.30326438969,7704.4345703125
train,1488,16.147420800262143,175,ok,crepe,7,SW_Nikita,5968.7412109375,19426.0859375,14101.43831707365,15567.37109375
train,1489,14.734209719125538,106,ok,crepe,9,SW_Yosefa,5972.2919921875,17248.88671875,7622.5673587986685,7434.940185546875
train,1490,15.824765690085314,152,ok,crepe,6,SW_Neo,5362.04296875,17857.970703125,9582.017511541193,9699.14453125
train,1491,14.58814407589597,143,ok,crepe,4,SW_Luna,8160.83056640625,16865.916015625,13363.479262933499,12216.0390625
train,1492,10.943529915711505,166,ok,crepe,4,SW_Luna,5970.09326171875,19424.078125,13893.594579060873,16021.3173828125
train,1493,22.12804808537083,120,ok,crepe,6,SW_Neo,7015.265625,16482.015625,9708.295908975944,9930.134765625
train,1494,11.991093411960724,107,ok,crepe,2,NSW_1,5829.5439453125,18287.38671875,11404.850944010417,10462.16259765625
train,1495,12.914391304658544,170,ok,crepe,7,SW_Nikita,7792.77294921875,17644.802734375,15695.129962531888,16576.8515625
train,1496,11.04922366809637,133,ok,crepe,9,SW_Yosefa,4313.73828125,19673.40625,10682.698560926648,9819.51220703125
train,1497,9.995113665237087,67,ok,crepe,9,SW_Yosefa,6705.9765625,15748.4140625,7401.089395601455,7265.0546875
train,1498,15.593030509134705,110,ok,crepe,7,SW_Nikita,6100.48095703125,17453.16015625,13147.107390372983,15198.83203125
train,1499,8.52904613124211,63,ok,crepe,4,SW_Luna,5426.962890625,20338.203125,10762.56379250919,10634.251953125
train,1500,22.56571971683603,117,ok,crepe,4,SW_Luna,7264.53173828125,17254.376953125,12159.83503803454,10405.974609375
train,1501,22.934229028506227,124,ok,crepe,6,SW_Neo,5179.1982421875,11536.294921875,8878.009831421765,9255.5546875
train,1502,15.347303202176917,117,ok,crepe,4,SW_Luna,7097.62890625,17652.466796875,11885.932573784723,10517.13671875
train,1503,9.029170119655804,92,ok,crepe,6,SW_Neo,5063.294921875,17252.21484375,9986.454176682691,9936.80810546875
train,1504,9.434709034105017,168,ok,crepe,4,SW_Luna,7521.35986328125,19672.7890625,14614.515226665297,16475.498046875
train,1505,15.151242693797604,120,ok,crepe,6,SW_Neo,6033.771484375,19900.470703125,10467.215314592633,10156.501953125
train,1506,2.003261574055843,114,ok,crepe,3,SW_Dana,5297.33837890625,19423.90234375,11392.905615234375,10160.2529296875
train,1507,20.592434524978707,152,ok,crepe,5,SW_Nana,5762.01904296875,21006.994140625,10700.112462743858,9469.7236328125
train,1508,13.82470110781723,137,ok,crepe,5,SW_Nana,4365.619140625,20998.310546875,10154.152760041066,9199.0146484375
train,1509,21.553768564790552,125,ok,crepe,5,SW_Nana,5361.6923828125,19423.009765625,10203.63474867079,8935.923828125
train,1510,14.569302897304768,159,ok,crepe,4,SW_Luna,7098.4951171875,17646.716796875,12703.174534918853,10770.033203125
train,1511,18.86798849516756,136,ok,crepe,6,SW_Neo,5903.08837890625,17438.59765625,9392.93083934295,9368.6259765625
train,1512,19.795052522358244,109,ok,crepe,6,SW_Neo,6781.91845703125,19672.7890625,9821.768488808284,9473.27001953125
train,1513,20.574074458319544,180,ok,crepe,2,NSW_1,4726.42041015625,21205.22265625,12034.199621700545,10520.771484375
train,1514,13.31978375589367,132,ok,crepe,2,NSW_1,5557.5537109375,20770.8046875,10808.655964896183,10520.03125
train,1515,18.997512262940695,136,ok,crepe,6,SW_Neo,4269.142578125,18082.26171875,9917.280898561903,10048.119140625
train,1516,14.925331425107974,68,ok,crepe,4,SW_Luna,4171.54052734375,16677.990234375,10415.250469257306,10280.08984375
train,1517,15.76018760791166,166,ok,crepe,4,SW_Luna,5972.26806640625,19673.998046875,14607.286600092406,16191.9716796875
train,1518,10.148176768537922,88,ok,crepe,2,NSW_1,4268.2509765625,20142.21484375,10141.02573587437,9925.419921875
train,1519,16.326316003820864,117,ok,crepe,4,SW_Luna,6318.2705078125,17644.412109375,12746.050969328704,11004.5517578125
train,1520,22.714555046730776,75,ok,crepe,8,SW_Shy,6465.984375,12072.4169921875,9424.399245689656,9474.291015625
train,1521,3.535168872087814,82,ok,crepe,6,SW_Neo,5499.55810546875,19899.109375,9283.424925386236,9475.3212890625
train,1522,15.098641209501144,82,ok,crepe,5,SW_Nana,5969.92138671875,15403.54296875,11971.845458984375,11737.08837890625
train,1523,11.752506778570812,116,ok,crepe,4,SW_Luna,7347.23046875,17441.52734375,12628.157639723559,11000.18359375
train,1524,11.830930272449663,133,ok,crepe,5,SW_Nana,5762.81201171875,19424.34765625,10654.094906800545,9042.1376953125
train,1525,16.473242946844504,170,ok,crepe,5,SW_Nana,5904.7509765625,18724.34375,10181.830995201459,9145.4404296875
train,1526,7.5541526829649115,114,ok,crepe,4,SW_Luna,6622.1689453125,19672.703125,14064.098936546507,15199.01171875
train,1527,10.847225636148911,119,ok,crepe,4,SW_Luna,4314.0732421875,19900.390625,12382.796751968504,10879.64453125
train,1528,9.407018939778904,136,ok,crepe,6,SW_Neo,4314.91162109375,20122.21875,10228.49947265625,10050.37158203125
train,1529,5.712711881292584,187,ok,crepe,4,SW_Luna,5692.5634765625,21217.04296875,11451.632527079559,11140.337890625
train,1530,11.66432425013653,145,ok,crepe,6,SW_Neo,6539.9619140625,18083.14453125,9805.6854376941,9814.015625
train,1531,10.881984797423431,58,ok,crepe,2,NSW_1,4676.7958984375,15744.068359375,9748.409610523897,10048.16357421875
train,1532,22.518383197984328,131,ok,crepe,4,SW_Luna,4366.67529296875,17445.5859375,12600.815736884313,10997.294921875
train,1533,13.121293406048933,143,ok,crepe,6,SW_Neo,6317.2744140625,17251.45703125,9002.125436723603,9045.033203125
train,1534,19.81553581572041,193,ok,crepe,5,SW_Nana,6318.73583984375,12359.7998046875,10303.501118886632,10405.107421875
train,1535,8.125805526759285,134,ok,crepe,6,SW_Neo,3890.59521484375,17447.0859375,9393.66808092272,9369.15283203125
train,1536,11.603857646583327,87,ok,crepe,9,SW_Yosefa,5691.88037109375,12494.099609375,10155.324065563726,10339.5419921875
train,1537,21.91006010618257,187,ok,crepe,6,SW_Neo,8431.1123046875,17650.396484375,10602.485855741279,10518.57421875
train,1538,2.9706416256205093,144,ok,crepe,3,SW_Dana,6396.1005859375,17862.439453125,11409.172274223663,10046.6279296875
train,1539,14.440801318996979,130,ok,crepe,6,SW_Neo,5428.630859375,17441.45703125,9650.075939520475,9695.158203125
train,1540,8.178544632265112,114,ok,crepe,6,SW_Neo,5361.9619140625,17253.310546875,10166.2244416448,9929.9345703125
train,1541,6.752027120984168,121,ok,crepe,5,SW_Nana,3510.94677734375,16286.5703125,10169.189647368272,9046.4775390625
train,1542,13.844709510335226,145,ok,crepe,4,SW_Luna,4892.701171875,19899.9375,13533.281862626165,13114.875
train,1543,21.860740791003792,41,ok,crepe,4,SW_Luna,7268.65283203125,10053.025390625,8302.784586588541,8202.671630859375
train,1544,13.37993413128945,152,ok,crepe,4,SW_Luna,5179.49609375,17442.47265625,12806.253518415178,14331.1513671875
train,1545,12.28863870067427,32,ok,crepe,7,SW_Nikita,8822.2783203125,17040.60546875,15317.725770692568,15925.958984375
train,1546,12.688763957590938,75,ok,crepe,7,SW_Nikita,6033.12060546875,17439.3125,14208.132790050287,15194.28125
train,1547,11.905126998586539,81,ok,crepe,6,SW_Neo,5124.31591796875,19903.791015625,11478.198531936812,11006.2802734375
train,1548,11.90500568364071,103,ok,crepe,6,SW_Neo,7096.40185546875,11671.5185546875,9245.108424136513,9588.32177734375
train,1549,11.233446170374496,85,ok,crepe,9,SW_Yosefa,5829.751953125,16476.62890625,8177.517890222294,7983.076171875
train,1550,13.136289101866996,72,ok,crepe,7,SW_Nikita,4029.528564453125,17865.0625,14677.719014485678,16289.04931640625
train,1551,20.149725400979914,116,ok,crepe,2,NSW_1,6621.41650390625,17444.091796875,9990.023452296402,9586.9130859375
train,1552,11.295294722822359,140,ok,crepe,6,SW_Neo,5427.64208984375,16863.056640625,8752.411238554936,7347.2861328125
train,1553,4.800058028055991,113,ok,crepe,2,NSW_1,4837.546875,19419.51953125,11999.337217269405,11734.62451171875
train,1554,-0.8525048788116006,75,ok,crepe,9,SW_Yosefa,6033.3203125,17650.705078125,10192.199394758358,9696.42578125
train,1555,15.15845579610599,93,ok,crepe,7,SW_Nikita,7016.9912109375,18082.294921875,12896.2869140625,14497.638671875
train,1556,18.112291259494647,126,ok,crepe,2,NSW_1,5969.6416015625,19667.26171875,11332.009088766164,10519.837890625
train,1557,7.740277162160436,118,ok,crepe,9,SW_Yosefa,7439.9931640625,17251.828125,8916.340966068097,8072.04443359375
train,1558,5.515938622672863,74,ok,crepe,0,NSW_3,5427.46630859375,21217.490234375,11527.579822075077,11345.19287109375
train,1559,4.717398798261884,101,ok,crepe,5,SW_Nana,7520.23046875,19205.615234375,9768.112193714489,9251.25146484375
train,1560,13.994491010522054,94,ok,crepe,7,SW_Nikita,7265.2470703125,17443.810546875,14483.379340277777,14846.484375
train,1561,15.868164624210353,129,ok,crepe,4,SW_Luna,7263.56689453125,17439.80859375,12322.014223267432,10635.5576171875
train,1562,7.000228607465527,93,ok,crepe,4,SW_Luna,5624.04296875,17649.9453125,10968.94908471201,9994.90185546875
train,1563,7.818571777825882,150,ok,crepe,4,SW_Luna,8730.6640625,15740.259765625,12896.08876953125,13698.22607421875
train,1564,9.875559923825433,55,ok,crepe,0,NSW_3,5969.42822265625,16677.150390625,11123.0796875,9819.900390625
train,1565,6.0854975800574405,48,ok,crepe,6,SW_Neo,4726.708984375,18285.369140625,9029.20124557783,9818.36328125
train,1566,5.546635059270758,75,ok,crepe,4,SW_Luna,7098.67578125,18727.16015625,10152.871993834713,9586.80859375
train,1567,20.139828146654096,81,ok,crepe,4,SW_Luna,4892.720703125,19426.5234375,10897.579865828804,9759.18603515625
train,1568,7.5037327538908105,54,ok,crepe,7,SW_Nikita,5429.48681640625,18722.853515625,14527.153723338293,16484.794921875
train,1569,12.064500824024645,37,ok,crepe,4,SW_Luna,7347.47314453125,14849.244140625,12460.817666696948,11800.7314453125
train,1570,11.928539182481764,120,ok,crepe,9,SW_Yosefa,6465.62548828125,17443.17578125,7846.579950747283,7353.33447265625
train,1571,5.684933618221992,105,ok,crepe,4,SW_Luna,7794.9228515625,17859.6953125,12152.628119814712,10758.828125
train,1572,18.7481341349362,274,ok,crepe,6,SW_Neo,5830.02392578125,11537.611328125,9782.157637338789,9928.5234375
train,1573,10.137511124364506,78,ok,crepe,5,SW_Nana,7093.87451171875,17441.7578125,9453.615373091265,9370.85546875
train,1574,7.943517245692059,90,ok,crepe,9,SW_Yosefa,5694.65234375,19419.44921875,7757.866919424019,7434.833740234375
train,1575,14.221467106842747,78,ok,crepe,4,SW_Luna,8158.263671875,17440.650390625,13618.961313100961,15747.5927734375
train,1576,10.304054459884053,78,ok,crepe,2,NSW_1,7098.50390625,18497.32421875,9888.347336154515,9697.23193359375
train,1577,13.081161119786335,232,ok,crepe,5,SW_Nana,6178.49658203125,17860.66796875,10741.224039106226,9472.2392578125
train,1578,18.557373721298205,87,ok,crepe,9,SW_Yosefa,5428.5517578125,12946.603515625,8334.237122198549,8070.25439453125
train,1579,11.955802918786553,204,ok,crepe,4,SW_Luna,5427.96875,18480.744140625,11081.59704013546,10518.86328125
train,1580,18.639058922607923,39,ok,crepe,2,NSW_1,8824.2587890625,14001.8046875,10964.344466145832,10885.2158203125
train,1581,1.4134246897963902,72,ok,crepe,4,SW_Luna,7975.7919921875,17445.1875,9808.7060546875,9691.990234375
train,1582,20.299354293141217,182,ok,crepe,6,SW_Neo,5558.04638671875,17441.828125,9622.244037828947,9932.8232421875
train,1583,20.919030346227977,140,ok,crepe,6,SW_Neo,5903.384765625,17441.912109375,10747.607763982882,10399.7265625
train,1584,12.06137639158234,127,ok,crepe,2,NSW_1,5178.828125,19428.69921875,13240.498103080035,12072.9677734375
train,1585,12.243462970550112,117,ok,crepe,3,SW_Dana,8245.67578125,17439.74609375,12924.611639492754,12880.61181640625
train,1586,15.853087696376688,73,ok,crepe,7,SW_Nikita,7100.31640625,17452.119140625,14604.67635672433,16579.8115234375
train,1587,15.626536273681884,183,ok,crepe,6,SW_Neo,6034.0361328125,19424.294921875,10073.39557322817,10399.1494140625
train,1588,15.507418237591484,65,ok,crepe,3,SW_Dana,6781.4521484375,17441.06640625,15408.126410590277,15569.73779296875
train,1589,21.614835278482943,147,ok,crepe,4,SW_Luna,7259.76513671875,17641.076171875,13497.821714154412,12506.73779296875
train,1590,11.086835815561402,140,ok,crepe,2,NSW_1,5178.31494140625,21006.91796875,10684.166755822054,10406.751953125
train,1591,9.090069110754227,118,ok,crepe,6,SW_Neo,6621.6767578125,17646.3125,9495.90411331062,9147.248046875
train,1592,9.884211265284637,59,ok,crepe,6,SW_Neo,6395.81298828125,20781.83984375,12123.196808345734,11277.5869140625
train,1593,13.836593772670778,112,ok,crepe,4,SW_Luna,5903.796875,17646.15625,14345.135555267334,16676.603515625
train,1594,9.774567020273949,149,ok,crepe,7,SW_Nikita,7350.8837890625,19899.021484375,15122.243219284785,16577.8984375
train,1595,11.062762601718015,62,ok,crepe,4,SW_Luna,8938.69140625,16483.64453125,11522.0380859375,10636.75390625
train,1596,16.99078424310374,68,ok,crepe,4,SW_Luna,8245.8671875,16480.443359375,10500.20122260552,9475.5908203125
train,1597,21.0803800881116,120,ok,crepe,6,SW_Neo,5240.3740234375,17252.05078125,10144.711084702436,10638.32958984375
train,1598,17.267285479178696,130,ok,crepe,6,SW_Neo,4268.76025390625,10644.2861328125,8500.748258023648,8880.23486328125
train,1599,13.869161159721335,165,ok,crepe,6,SW_Neo,5426.02490234375,13555.7919921875,8436.641015625,7347.6396484375
train,1600,21.49221465272866,194,ok,crepe,4,SW_Luna,6621.0078125,20130.833984375,13470.72375706264,14330.49609375
train,1601,0.6638276178725998,20,ok,crepe,4,SW_Luna,6855.4306640625,17860.47265625,11023.235522460938,9821.98779296875
train,1602,13.298878628747456,133,ok,crepe,4,SW_Luna,6463.43994140625,21006.22265625,13644.54122805905,12730.560546875
train,1603,9.776864229714352,66,ok,crepe,2,NSW_1,5763.2919921875,19427.576171875,11635.841100260417,11405.5029296875
train,1604,6.219802657809785,104,ok,crepe,4,SW_Luna,4171.7265625,17040.548828125,10594.365633491849,9822.5859375
train,1605,20.825237550172627,168,ok,crepe,4,SW_Luna,7098.10791015625,17249.912109375,13100.715493113725,12211.62841796875
train,1606,12.887589570777902,87,ok,crepe,2,NSW_1,4837.705078125,21217.755859375,12493.366268382353,10759.7548828125
train,1607,19.765279527747385,124,ok,crepe,6,SW_Neo,5297.259765625,21008.203125,9365.426590499344,9580.3212890625
train,1608,17.93504001527113,116,ok,crepe,6,SW_Neo,5298.36962890625,11004.291015625,8963.32529296875,9698.4091796875
train,1609,18.167067121918407,92,ok,crepe,9,SW_Yosefa,3591.998046875,12948.439453125,8036.954345703125,8345.87109375
train,1610,16.050775559830967,61,ok,crepe,6,SW_Neo,5178.33203125,17444.21875,10703.228360262785,8937.0517578125
train,1611,12.055878093867054,95,ok,crepe,4,SW_Luna,6034.34326171875,17049.591796875,11606.525031594669,10763.4169921875
train,1612,14.6694726562846,94,ok,crepe,6,SW_Neo,3236.569580078125,17442.892578125,10148.976756443488,10275.41015625
train,1613,4.61638756309428,136,ok,crepe,9,SW_Yosefa,5829.59765625,17442.357421875,8869.590125576762,8249.48828125
train,1614,14.83708373259037,69,ok,crepe,2,NSW_1,6034.2197265625,17255.87109375,11588.10822537579,10760.34765625
train,1615,14.242379560158954,53,ok,crepe,7,SW_Nikita,4783.2880859375,18083.15625,13419.469886654713,15927.265625
train,1616,-1.1836516569129316,43,ok,crepe,4,SW_Luna,6397.50439453125,16677.84765625,9869.467614746094,9638.42919921875
train,1617,15.919635157677892,171,ok,crepe,2,NSW_1,4413.3447265625,20345.0,10474.579139316205,10105.3232421875
train,1618,8.024221127155196,117,ok,crepe,6,SW_Neo,5904.1513671875,17646.62109375,8806.189356214218,9042.4326171875
train,1619,13.318318098004598,98,ok,crepe,3,SW_Dana,6035.59814453125,15746.2646484375,11266.629168146306,11069.564453125
train,1620,11.048513249913455,119,ok,crepe,4,SW_Luna,6620.65478515625,17437.4921875,13149.962635216347,11470.75341796875
train,1621,17.203253548733986,100,ok,crepe,7,SW_Nikita,6706.89697265625,19205.8046875,13481.692130253232,15838.208984375
train,1622,9.269641724260575,67,ok,crepe,2,NSW_1,5904.86376953125,16678.94921875,10673.01611328125,10576.4375
train,1623,11.177277818771396,171,ok,crepe,6,SW_Neo,6101.1298828125,18278.564453125,10803.188639322916,10284.19580078125
train,1624,18.374280874756717,142,ok,crepe,5,SW_Nana,6460.35546875,20336.10546875,9996.50271058694,9250.97509765625
train,1625,15.506581848771038,187,ok,crepe,4,SW_Luna,5427.791015625,19429.41796875,11970.86905963048,10764.875
train,1626,17.492935689695617,175,ok,crepe,6,SW_Neo,5178.482421875,17250.193359375,8891.786689453125,8942.52734375
train,1627,19.912689351107534,143,ok,crepe,6,SW_Neo,5624.1640625,14332.4208984375,8968.552499058735,9149.283203125
train,1628,14.18807199109806,135,ok,crepe,4,SW_Luna,6857.1142578125,17256.69140625,12383.850242565524,10756.916015625
train,1629,18.643599264231913,162,ok,crepe,4,SW_Luna,5762.4384765625,17248.86328125,12829.41981019365,10885.595703125
train,1630,15.201652701178098,130,ok,crepe,2,NSW_1,4172.4736328125,20341.212890625,11180.621435879038,11005.421875
train,1631,15.99826376316596,84,ok,crepe,3,SW_Dana,8734.8935546875,17863.982421875,13158.92421468099,12949.6767578125
train,1632,8.808392557422378,129,ok,crepe,4,SW_Luna,4267.9970703125,19674.45703125,13347.661843345904,12811.3046875
train,1633,19.27214554953151,112,ok,crepe,6,SW_Neo,5904.55810546875,20781.10546875,9158.192658159069,9479.04296875
train,1634,15.019949023594272,135,ok,crepe,3,SW_Dana,4315.10302734375,17645.478515625,11031.80220829133,10757.96484375
train,1635,17.470229544917956,143,ok,crepe,4,SW_Luna,7097.19970703125,18068.94921875,12682.448923994854,11140.5263671875
train,1636,16.736353052290728,26,ok,crepe,7,SW_Nikita,5008.5322265625,15404.01171875,9001.386149088541,7348.44580078125
train,1637,13.354459238544274,127,ok,crepe,7,SW_Nikita,6175.9345703125,17644.533203125,15107.906612058887,16673.46484375
train,1638,17.012330310754592,113,ok,crepe,4,SW_Luna,5904.32373046875,20774.65625,12437.913839177569,10636.078125
train,1639,3.744008451436402,79,ok,crepe,4,SW_Luna,7098.978515625,19421.24609375,13258.855502424569,11403.875
train,1640,19.880560994468514,121,ok,crepe,4,SW_Luna,8069.66259765625,17647.234375,12889.484977332344,10640.6591796875
train,1641,16.395872768247607,82,ok,crepe,7,SW_Nikita,7980.54296875,17261.837890625,15614.849765209441,16473.7626953125
train,1642,10.15458202797353,67,ok,crepe,7,SW_Nikita,8936.080078125,20773.318359375,15859.921810752467,16672.51171875
train,1643,18.088449174326556,57,ok,crepe,7,SW_Nikita,6858.4677734375,15930.662109375,9359.18828125,7349.72216796875
train,1644,12.848809588276984,62,ok,crepe,7,SW_Nikita,6935.95947265625,17442.443359375,13395.374724014946,15560.7607421875
train,1645,17.226594320816304,135,ok,crepe,4,SW_Luna,6100.359375,20130.70703125,12587.110586191153,10822.49462890625
train,1646,12.366301821230552,70,ok,crepe,7,SW_Nikita,5124.1259765625,16479.603515625,9137.729456018518,9366.9765625
train,1647,8.676796459543,99,ok,crepe,4,SW_Luna,5829.33837890625,17445.1015625,10810.615989402488,10639.97216796875
train,1648,9.664689526500098,111,ok,crepe,4,SW_Luna,7349.6279296875,20134.75390625,12593.513659868084,11401.2021484375
train,1649,22.990514639278892,152,ok,crepe,6,SW_Neo,4727.2548828125,10763.193359375,8231.737363617996,7262.318359375
train,1650,10.60123065853865,128,ok,crepe,4,SW_Luna,3353.907470703125,17860.921875,10852.676502046132,10406.6787109375
train,1651,5.507532207115068,112,ok,crepe,4,SW_Luna,6621.158203125,17645.22265625,12397.576116298273,11139.6640625
train,1652,12.257350171987795,112,ok,crepe,6,SW_Neo,5178.63818359375,10881.154296875,8533.511585235596,8936.58056640625
train,1653,13.98991036705393,175,ok,crepe,4,SW_Luna,4268.19287109375,20784.35546875,13565.894314236111,13265.68408203125
train,1654,24.686078958490185,143,ok,crepe,4,SW_Luna,7793.36474609375,17650.208984375,12943.27640248494,11537.8759765625
train,1655,8.82607619147853,138,ok,crepe,2,NSW_1,6100.4140625,18498.02734375,11016.683820564516,10643.4912109375
train,1656,9.836184740105985,111,ok,crepe,2,NSW_1,3394.611328125,21485.615234375,10729.490656777034,10160.87890625
train,1657,-0.308227067019412,42,ok,crepe,4,SW_Luna,5063.1337890625,16863.556640625,10200.713023792614,10400.3095703125
train,1658,22.745661179239526,170,ok,crepe,4,SW_Luna,5903.501953125,17648.67578125,11259.255482630077,10398.5263671875
train,1659,14.012099107351819,118,ok,crepe,7,SW_Nikita,6397.6923828125,19419.95703125,13347.929495804397,14666.3427734375
train,1660,1.452668907783245,61,ok,crepe,4,SW_Luna,9250.755859375,19423.5625,13643.577116935483,10764.8095703125
train,1661,24.031868978481615,158,ok,crepe,6,SW_Neo,6033.78125,15027.0859375,9141.424213894164,9472.6318359375
train,1662,20.59904763537277,179,ok,crepe,6,SW_Neo,6397.6923828125,17042.017578125,9876.174490282012,10279.2001953125
train,1663,11.825167640527043,110,ok,crepe,6,SW_Neo,6621.28515625,17643.951171875,9367.402190405475,9469.22265625
train,1664,18.002336453532475,138,ok,crepe,9,SW_Yosefa,6703.66162109375,19896.990234375,8806.734004901473,7884.330078125
train,1665,14.80751386418187,100,ok,crepe,4,SW_Luna,5831.0107421875,18966.515625,13741.840318714489,15839.50048828125
train,1666,21.333188304421927,142,ok,crepe,6,SW_Neo,6247.20703125,14664.001953125,9326.147620738637,9690.078125
train,1667,17.73979492914586,124,ok,crepe,4,SW_Luna,8163.74755859375,19423.18359375,12717.041995675223,10996.4697265625
train,1668,11.453213833585522,89,ok,crepe,2,NSW_1,7522.9609375,17439.421875,11200.268358417587,10762.40185546875
train,1669,11.905740183148579,195,ok,crepe,7,SW_Nikita,7612.71435546875,17647.142578125,16008.809000282805,16854.63671875
train,1670,8.327314152446483,140,ok,crepe,5,SW_Nana,6317.5888671875,16861.08984375,9124.823223645175,9145.2744140625
train,1671,18.48619007252922,92,ok,crepe,6,SW_Neo,5298.3681640625,17253.0078125,8878.73922061012,9366.7470703125
train,1672,8.127409454824706,104,ok,crepe,4,SW_Luna,7884.0244140625,18076.140625,12937.89726969401,11140.73974609375
train,1673,11.890772896018756,86,ok,crepe,4,SW_Luna,7793.4033203125,17443.51953125,9934.901465830177,9819.7392578125
train,1674,10.84767540901762,77,ok,crepe,4,SW_Luna,3842.028564453125,20552.890625,11682.155161420036,10525.4296875
train,1675,19.186825865776385,183,ok,crepe,4,SW_Luna,6247.72265625,17448.572265625,12145.785535249255,10639.9794921875
train,1676,10.017164797655575,165,ok,crepe,9,SW_Yosefa,4367.4453125,19900.666015625,10868.083547349794,8941.08203125
train,1677,11.166257039166519,62,ok,crepe,4,SW_Luna,6539.9345703125,17857.69921875,11209.468629807692,10156.3271484375
train,1678,20.541632351563507,140,ok,crepe,6,SW_Neo,5123.421875,17443.908203125,8660.63150024414,8578.2744140625
train,1679,14.891017750679005,175,ok,crepe,4,SW_Luna,7434.19677734375,17255.072265625,11148.08531358507,10053.15869140625
train,1680,7.569667858909873,145,ok,crepe,3,SW_Dana,7014.1572265625,17443.837890625,13628.337431758284,14161.513671875
train,1681,23.66938674610298,121,ok,crepe,6,SW_Neo,6781.48828125,10769.5986328125,8810.203100759087,9039.2119140625
train,1682,9.620837800616409,85,ok,crepe,6,SW_Neo,4837.6494140625,13700.2392578125,8419.269486407844,8930.1416015625
train,1683,4.998646704121582,183,ok,crepe,9,SW_Yosefa,5178.44970703125,19423.427734375,9069.418901585821,8732.57421875
train,1684,16.82458565620652,80,ok,crepe,2,NSW_1,7350.18603515625,19206.84765625,11488.686757189162,10641.08154296875
train,1685,19.018164057502393,147,ok,crepe,4,SW_Luna,6539.8955078125,19425.5234375,13107.165181834795,11671.9619140625
train,1686,20.139446119999036,159,ok,crepe,6,SW_Neo,5008.58203125,17252.478515625,8697.838992593068,9043.0966796875
train,1687,24.14470176661032,89,ok,crepe,4,SW_Luna,8528.4228515625,18289.0390625,12849.0234375,10874.3642578125
train,1688,16.55664348429663,34,ok,crepe,6,SW_Neo,4622.58740234375,13405.6650390625,6442.275647615132,4949.067626953125
train,1689,21.850320380148446,132,ok,crepe,6,SW_Neo,5240.57373046875,11794.3125,8662.789843107525,9146.21484375
train,1690,18.154491589130785,42,ok,crepe,2,NSW_1,6033.7353515625,17250.111328125,11177.090979942908,10637.4072265625
train,1691,24.26791209772983,163,ok,crepe,4,SW_Luna,6466.95263671875,17256.201171875,11922.194641755757,10404.88427734375
train,1692,12.179567700073978,128,ok,crepe,6,SW_Neo,5622.876953125,12653.0947265625,8896.032253317637,9422.0
train,1693,15.860554199412725,70,ok,crepe,7,SW_Nikita,6777.6337890625,17647.193359375,12820.975463867188,14497.0
train,1694,18.937532235369506,148,ok,crepe,6,SW_Neo,6620.55908203125,20133.78125,9318.377524214182,9815.1796875
train,1695,10.385350018216444,79,ok,crepe,7,SW_Nikita,5829.595703125,20129.99609375,14175.175448330965,16193.55419921875
train,1696,14.175538592329184,126,ok,crepe,6,SW_Neo,6101.845703125,10876.099609375,8862.247383485992,9246.515625
train,1697,17.422682880470227,130,ok,crepe,4,SW_Luna,6318.2998046875,19204.43359375,12366.589484814776,10876.7001953125
train,1698,8.991681352673478,92,ok,crepe,4,SW_Luna,8826.34765625,17651.85546875,12790.02672061012,10763.4140625
train,1699,15.424991355075123,90,ok,crepe,4,SW_Luna,7703.76513671875,17862.12109375,12537.184575195313,10638.734375
train,1700,23.220456714386994,117,ok,crepe,9,SW_Yosefa,6463.3154296875,8941.3359375,7594.659601384943,7479.936279296875
train,1701,16.128944470315464,150,ok,crepe,6,SW_Neo,4892.59326171875,17649.73046875,8657.20757033508,8828.8076171875
train,1702,14.991112716897636,84,ok,crepe,2,NSW_1,5063.13037109375,17250.7109375,10629.602308047715,10521.65234375
train,1703,14.502888741799467,77,ok,crepe,7,SW_Nikita,5831.41552734375,17255.865234375,11139.216469504616,9378.64404296875
train,1704,11.79679121188464,215,ok,crepe,4,SW_Luna,4313.357421875,20126.59765625,12126.05650454662,10766.19970703125
train,1705,9.988272683157566,129,ok,crepe,9,SW_Yosefa,5829.50927734375,9694.841796875,7783.9996107408215,7882.6904296875
train,1706,15.648280760031225,95,ok,crepe,7,SW_Nikita,6539.154296875,17244.76953125,12077.247634747706,14002.7841796875
train,1707,11.905504861949696,135,ok,crepe,4,SW_Luna,8733.9287109375,17452.0859375,13281.903313887748,12573.71337890625
train,1708,6.214123224613632,179,ok,crepe,4,SW_Luna,6176.62841796875,17645.45703125,10403.427373471468,9472.064453125
train,1709,13.448378258745777,129,ok,crepe,3,SW_Dana,5499.2216796875,18077.216796875,12068.135237298044,11278.458984375
train,1710,12.356511971273063,122,ok,crepe,6,SW_Neo,4267.88134765625,17645.4140625,9385.92184220499,9587.23486328125
train,1711,22.986765081527306,123,ok,crepe,6,SW_Neo,6466.46728515625,11795.521484375,8931.693483164612,9310.27099609375
train,1712,14.532326751950658,124,ok,crepe,4,SW_Luna,6622.09228515625,17446.986328125,11979.17103895009,10760.935546875
train,1713,5.4643444395012555,45,ok,crepe,2,NSW_1,5829.34033203125,19666.6640625,10602.112599690756,10519.4736328125
train,1714,15.790954151757045,86,ok,crepe,6,SW_Neo,7264.68798828125,15565.2724609375,9376.986652034344,9689.1845703125
train,1715,15.71840518389915,175,ok,crepe,3,SW_Dana,8828.498046875,16479.40625,13161.725025850184,13263.27197265625
train,1716,11.218724646762258,147,ok,crepe,3,SW_Dana,8527.013671875,21487.0,13816.680321103051,14078.80224609375
train,1717,23.600587432516722,168,ok,crepe,4,SW_Luna,6463.158203125,19419.943359375,13790.736688701923,14498.5693359375
train,1718,20.594055957757867,107,ok,crepe,6,SW_Neo,7014.52099609375,17253.173828125,10744.84114717846,10278.15625
train,1719,15.49085044706543,104,ok,crepe,4,SW_Luna,5692.7421875,17860.50390625,12891.511967028602,11140.88671875
train,1720,10.959346644529905,73,ok,crepe,7,SW_Nikita,7263.9052734375,17443.32421875,14569.87261153991,15941.474609375
train,1721,17.138158552028244,182,ok,crepe,4,SW_Luna,8245.9775390625,17857.25,12589.140766530798,10638.0283203125
train,1722,8.88545011447176,163,ok,crepe,6,SW_Neo,5692.791015625,17246.697265625,8736.169067382812,8730.201171875
train,1723,21.662992785513264,78,ok,crepe,7,SW_Nikita,6620.16064453125,17253.029296875,11354.828448692064,9046.2802734375
train,1724,5.540263409123995,42,ok,crepe,4,SW_Luna,9472.4248046875,17442.384765625,10664.063809009309,10403.3193359375
train,1725,9.881222523118549,58,ok,crepe,7,SW_Nikita,7096.7705078125,17649.1640625,15422.086065204327,16480.40625
train,1726,8.75251302697032,93,ok,crepe,4,SW_Luna,4268.76025390625,17647.046875,10532.378252047936,10519.1943359375
train,1727,16.690225651227408,132,ok,crepe,9,SW_Yosefa,5902.88330078125,21485.5703125,12262.07769280511,11933.28466796875
train,1728,16.240243825593332,132,ok,crepe,5,SW_Nana,5558.17138671875,16671.591796875,9990.695924479167,9250.54638671875
train,1729,16.362242692835576,124,ok,crepe,4,SW_Luna,7981.06640625,17452.2578125,13601.403259277344,13913.107421875
train,1730,18.07156991691223,156,ok,crepe,6,SW_Neo,6706.5439453125,10997.4140625,8773.584112582927,8632.103515625
train,1731,10.085766376779176,165,ok,crepe,3,SW_Dana,8732.5888671875,16866.322265625,11855.366835727487,11404.89404296875
train,1732,5.379441959597921,120,ok,crepe,3,SW_Dana,5428.45703125,17045.77734375,11093.999132334757,10642.7099609375
train,1733,3.436995987333569,128,ok,crepe,9,SW_Yosefa,4314.4169921875,19424.216796875,13388.459023015963,15029.201171875
train,1734,8.234088533550622,174,ok,crepe,6,SW_Neo,4268.30908203125,18729.93359375,9458.272079970811,9693.76318359375
train,1735,11.624354536202127,42,ok,crepe,7,SW_Nikita,7979.921875,17444.0,11505.286611128826,9040.060546875
train,1736,4.668368472097373,21,ok,crepe,7,SW_Nikita,8429.23828125,17645.099609375,12170.3359375,9696.2548828125
train,1737,24.04879404277444,114,ok,crepe,4,SW_Luna,7978.583984375,18072.283203125,13037.86152495155,10769.3740234375
train,1738,9.551771374805805,78,ok,crepe,4,SW_Luna,8159.5693359375,17646.751953125,13116.192253388554,12356.4462890625
train,1739,16.994156743086034,123,ok,crepe,4,SW_Luna,5177.625,18085.421875,12642.750591640055,10523.572265625
train,1740,13.483389612841544,58,ok,crepe,9,SW_Yosefa,5902.7978515625,10401.748046875,8059.618885216346,7975.275390625
train,1741,12.11162751390753,57,ok,crepe,4,SW_Luna,4268.498046875,17440.845703125,9749.7456741333,9820.31396484375
train,1742,11.693602570102152,170,ok,crepe,6,SW_Neo,5622.9130859375,17447.166015625,10456.073539856283,10762.015625
train,1743,12.700509574717065,109,ok,crepe,6,SW_Neo,5969.4853515625,19673.314453125,9878.49937389743,9816.359375
train,1744,14.162445120679532,141,ok,crepe,4,SW_Luna,8156.017578125,19428.994140625,13548.680858122996,12732.4345703125
train,1745,16.842022209870876,81,ok,crepe,9,SW_Yosefa,6035.6044921875,16676.84375,8158.896221858199,7976.1162109375
train,1746,22.918816202706562,137,ok,crepe,6,SW_Neo,5692.6611328125,10997.4365234375,8588.141899444772,7521.263671875
train,1747,9.580833267490744,83,ok,crepe,6,SW_Neo,5558.1103515625,17646.59375,9590.485336143092,9820.3115234375
train,1748,20.752694659204973,133,ok,crepe,4,SW_Luna,7434.646484375,17454.271484375,12564.016968571283,10770.5029296875
train,1749,10.37263677109991,69,ok,crepe,7,SW_Nikita,7704.345703125,17440.69140625,14855.743606770833,16107.771484375
train,1750,17.022989831018926,103,ok,crepe,6,SW_Neo,5969.4951171875,17440.484375,9433.286303919605,9693.3447265625
train,1751,15.21810388419387,100,ok,crepe,4,SW_Luna,3842.610107421875,19432.23828125,12828.680485905828,12071.275390625
train,1752,6.5167461023330855,34,ok,crepe,4,SW_Luna,8821.0927734375,10759.455078125,9709.414536830358,9694.748046875
train,1753,6.776853938478851,42,ok,crepe,2,NSW_1,5762.84228515625,19424.15234375,12058.110746343085,10757.9580078125
train,1754,17.958446875109612,163,ok,crepe,6,SW_Neo,5008.537109375,20132.32421875,10074.395365287162,9580.9580078125
train,1755,22.252583413904365,168,ok,crepe,4,SW_Luna,7982.62255859375,18292.14453125,12959.320695612982,11008.6337890625
train,1756,10.435051993666232,115,ok,crepe,4,SW_Luna,4574.0126953125,17859.0703125,12546.275446535066,11001.15234375
train,1757,13.270154880635992,142,ok,crepe,6,SW_Neo,4268.9326171875,17253.533203125,9036.780422044836,8824.494140625
train,1758,6.873179363908322,124,ok,crepe,5,SW_Nana,5762.53369140625,17442.14453125,9860.545629882812,9476.72314453125
train,1759,14.72874823980725,68,ok,crepe,7,SW_Nikita,7611.81884765625,19423.826171875,13347.077943459535,13751.67822265625
train,1760,11.54602195080682,132,ok,crepe,4,SW_Luna,7615.75927734375,18082.666015625,12395.897785365982,10762.314453125
train,1761,13.33400305684167,145,ok,crepe,7,SW_Nikita,5239.85791015625,17644.57421875,11778.078487556138,10876.3662109375
train,1762,12.068316843805809,125,ok,crepe,6,SW_Neo,4784.837890625,16678.16015625,9539.129703658948,9369.9267578125
train,1763,17.38517591520595,119,ok,crepe,4,SW_Luna,8162.9912109375,17451.451171875,13725.508241063399,15561.994140625
train,1764,20.726517606251026,109,ok,crepe,4,SW_Luna,6099.22265625,18083.44140625,12435.601771200856,10516.5205078125
train,1765,11.442160046181,154,ok,crepe,9,SW_Yosefa,5297.86865234375,16680.7734375,9960.456823175604,9423.5283203125
train,1766,18.247492312986267,114,ok,crepe,4,SW_Luna,6035.23681640625,17850.666015625,12658.549812437996,10882.90185546875
train,1767,14.509202972734872,135,ok,crepe,4,SW_Luna,9368.4716796875,17452.80078125,13066.484283854166,11001.5087890625
train,1768,12.345065294978777,125,ok,crepe,6,SW_Neo,4172.77734375,17651.708984375,9173.065460634904,9418.7177734375
train,1769,18.650728746388396,183,ok,crepe,5,SW_Nana,7192.57763671875,18278.05078125,11574.766906156994,10400.671875
train,1770,12.580908110797466,105,ok,crepe,6,SW_Neo,5692.51220703125,11672.7685546875,9542.206766419491,9936.5224609375
train,1771,13.451470128487248,106,ok,crepe,5,SW_Nana,4029.45361328125,16290.4345703125,9789.761435953777,9311.84423828125
train,1772,5.788839321348556,103,ok,crepe,6,SW_Neo,4268.82275390625,16675.8671875,10301.285131209936,10400.84375
train,1773,13.602683030030116,59,ok,crepe,2,NSW_1,4950.82421875,19894.083984375,11924.899967933768,10516.9296875
train,1774,9.455408312456763,79,ok,crepe,4,SW_Luna,6034.29150390625,12070.2255859375,9512.769054193606,9476.5712890625
train,1775,4.177114388818867,125,ok,crepe,4,SW_Luna,5763.783203125,19676.759765625,14184.054705320483,16477.576171875
train,1776,10.225383961921588,146,ok,crepe,4,SW_Luna,5123.26708984375,19901.29296875,11804.19961907997,10759.546875
train,1777,9.925907536211573,182,ok,crepe,9,SW_Yosefa,6247.9609375,18965.35546875,11340.475173875762,9941.552734375
train,1778,9.11922477902159,163,ok,crepe,5,SW_Nana,7790.43896484375,19210.966796875,12363.273533555328,12487.5439453125
train,1779,10.169109536606594,217,ok,crepe,4,SW_Luna,4460.67822265625,17856.443359375,11298.85714341742,10281.76171875
train,1780,16.365358586640486,138,ok,crepe,7,SW_Nikita,4029.283203125,19668.970703125,10297.90375786323,7794.0029296875
train,1781,11.46941862387569,95,ok,crepe,3,SW_Dana,8633.94921875,19210.447265625,12050.146051370873,11472.4404296875
train,1782,5.403614073788883,64,ok,crepe,4,SW_Luna,6935.4345703125,17643.71875,11338.012812224912,10878.95703125
train,1783,14.569978247459547,170,ok,crepe,7,SW_Nikita,3395.0712890625,17450.83203125,12237.363823499178,12284.0234375
train,1784,19.53303457205774,159,ok,crepe,9,SW_Yosefa,4413.62744140625,19679.74609375,11207.979777943005,10154.4189453125
train,1785,16.72207480203294,63,ok,crepe,4,SW_Luna,6621.8076171875,17041.34765625,12664.215008709882,12494.390625
train,1786,12.51183228842832,75,ok,crepe,2,NSW_1,5240.49365234375,13263.3515625,10414.057445179333,10766.2626953125
train,1787,21.10389024922067,187,ok,crepe,4,SW_Luna,7882.5791015625,17861.525390625,12276.942626953125,11000.66650390625
train,1788,14.132360341111248,54,ok,crepe,7,SW_Nikita,10402.228515625,19424.26953125,16850.531169953894,17642.3125
train,1789,17.848192330665032,170,ok,crepe,3,SW_Dana,6462.1669921875,16288.2919921875,11699.164435741164,11001.435546875
train,1790,21.9275303470664,77,ok,crepe,7,SW_Nikita,4677.0341796875,16858.16015625,8136.169243706598,7016.070068359375
train,1791,12.609154289634809,82,ok,crepe,2,NSW_1,5240.78125,20773.06640625,10772.490586147513,9935.5380859375
train,1792,15.82525830178695,153,ok,crepe,6,SW_Neo,6619.20654296875,17443.982421875,10205.16539186687,9698.5654296875
train,1793,8.162445910665374,58,ok,crepe,4,SW_Luna,6247.5537109375,18276.8984375,13678.110249533582,16104.4609375
train,1794,25.038999790286667,159,ok,crepe,6,SW_Neo,5428.28125,16477.3203125,9416.904854529543,9692.2275390625
train,1795,16.720725276981177,60,ok,crepe,4,SW_Luna,8525.51953125,17252.36328125,13701.00456686581,14847.46875
train,1796,22.875462131936427,144,ok,crepe,6,SW_Neo,4122.9140625,16865.693359375,9516.364210749247,8477.00439453125
train,1797,11.002581189886708,100,ok,crepe,6,SW_Neo,6177.53466796875,20342.169921875,10350.945043103447,10761.8115234375
train,1798,10.64083554702433,92,ok,crepe,4,SW_Luna,6249.30712890625,19903.923828125,11837.684295358009,10402.05078125
train,1799,3.83456912978688,176,ok,crepe,6,SW_Neo,5499.4072265625,19214.306640625,10506.71111549415,10643.08203125
train,1800,22.553617825034713,103,ok,crepe,4,SW_Luna,8345.794921875,17653.021484375,12838.93499599359,10635.234375
train,1801,9.863933040239802,41,ok,crepe,4,SW_Luna,6034.0126953125,19421.912109375,12963.902025305706,11737.03125
train,1802,13.133644669936222,32,ok,crepe,9,SW_Yosefa,7190.1318359375,19423.34375,9518.469360351562,8832.3798828125
train,1803,16.14730378676422,151,ok,crepe,4,SW_Luna,7350.42431640625,18077.3671875,13115.70328965298,11670.77783203125
train,1804,13.451940042927964,97,ok,crepe,6,SW_Neo,6100.21875,20777.939453125,9416.624099591456,9043.0390625
train,1805,10.18682853304092,107,ok,crepe,7,SW_Nikita,8730.9697265625,17450.1875,14670.592057291668,14671.70556640625
train,1806,15.676544044946743,94,ok,crepe,7,SW_Nikita,6780.00439453125,17449.0,13082.655431676794,15117.22998046875
train,1807,21.06712447294612,145,ok,crepe,4,SW_Luna,6462.66845703125,19422.517578125,13138.539284711826,11539.060546875
train,1808,0.5347338383856804,45,ok,crepe,4,SW_Luna,7014.82666015625,17252.8359375,10286.616483248197,10518.19775390625
train,1809,11.268220858218832,148,ok,crepe,3,SW_Dana,6622.4033203125,16869.1953125,13028.614923924575,12574.76513671875
train,1810,12.401678260692035,108,ok,crepe,4,SW_Luna,6177.087890625,17451.9765625,12703.432512267562,10876.0244140625
train,1811,13.424171393207464,99,ok,crepe,6,SW_Neo,7794.1298828125,17646.84375,10458.980397075688,10642.5771484375
train,1812,9.3695428209948,87,ok,crepe,4,SW_Luna,7883.27392578125,19428.21875,11965.845733327964,10769.15625
train,1813,3.2744928767253705,176,ok,crepe,4,SW_Luna,6178.8701171875,19421.625,11651.011247644472,10874.1845703125
train,1814,14.130421373636867,42,ok,crepe,9,SW_Yosefa,7977.748046875,18967.26171875,10358.673090025435,8727.9775390625
train,1815,16.739275095298638,106,ok,crepe,4,SW_Luna,7612.8671875,17855.462890625,12729.947017546623,11138.70947265625
train,1816,20.290006178557306,134,ok,crepe,6,SW_Neo,5499.525390625,18492.48828125,10542.926473251242,9937.3056640625
train,1817,2.0985792223368094,124,ok,crepe,6,SW_Neo,4314.64794921875,17646.2265625,9675.179085994112,9585.36083984375
train,1818,20.163676719002105,186,ok,crepe,5,SW_Nana,6179.7421875,17863.73828125,10396.11006042767,9373.216796875
train,1819,7.461207364847882,93,ok,crepe,4,SW_Luna,6395.23974609375,18730.150390625,12167.528917627427,10407.0703125
train,1820,18.4595695216741,150,ok,crepe,3,SW_Dana,8159.0341796875,16479.84375,12173.487119477371,11673.27880859375
train,1821,14.496537920247318,102,ok,crepe,5,SW_Nana,6856.90625,12071.73828125,9216.243627303686,9363.970703125
train,1822,12.74025018741074,58,ok,crepe,4,SW_Luna,8818.6494140625,17643.5546875,11559.190138176305,10756.560546875
train,1823,9.164827867767297,58,ok,crepe,2,NSW_1,6541.1015625,18495.88671875,11068.311753216913,10461.3642578125
train,1824,12.877523519152634,98,ok,crepe,4,SW_Luna,6463.5,17439.052734375,11491.361567744503,10461.58984375
train,1825,16.341741728375425,132,ok,crepe,6,SW_Neo,6935.759765625,11676.927734375,9555.22474888393,9587.3330078125
train,1826,12.835989023022902,182,ok,crepe,4,SW_Luna,6539.3935546875,17245.21484375,13263.250317619842,13702.49609375
train,1827,16.878586428617144,222,ok,crepe,6,SW_Neo,4838.39599609375,17260.14453125,9320.249687047539,9247.8427734375
train,1828,13.51093623874827,147,ok,crepe,4,SW_Luna,7795.5986328125,18286.32421875,13343.076807507396,11141.6787109375
train,1829,20.481798770325497,128,ok,crepe,7,SW_Nikita,5426.73095703125,17441.630859375,10973.567157192889,8626.1962890625
train,1830,13.620298906853506,75,ok,crepe,7,SW_Nikita,7793.4111328125,17254.73046875,14382.126401654412,15561.212890625
train,1831,12.727468488031759,59,ok,crepe,7,SW_Nikita,7979.8583984375,18078.40625,15406.479334214155,16384.48828125
train,1832,14.280255744450749,122,ok,crepe,4,SW_Luna,6033.80078125,19205.6796875,13388.14171584109,12657.44921875
train,1833,18.134431025589773,146,ok,crepe,4,SW_Luna,8163.9951171875,19892.939453125,13682.004005660554,15738.3193359375
train,1834,5.251029623373844,99,ok,crepe,9,SW_Yosefa,6707.53515625,17250.396484375,9057.789984301986,8820.41015625
train,1835,5.659957715871915,119,ok,crepe,4,SW_Luna,7980.451171875,18081.66796875,12754.276657919847,11286.5478515625
train,1836,7.754294616548813,96,ok,crepe,8,SW_Shy,5008.3125,10763.8369140625,8430.339534214565,8779.185546875
train,1837,16.060343773060346,149,ok,crepe,4,SW_Luna,6707.6083984375,21005.04296875,13686.210366858057,15927.9794921875
train,1838,3.2998651740777625,205,ok,crepe,5,SW_Nana,6100.544921875,19422.65234375,10814.965709436408,9938.634765625
train,1839,18.65103526458484,142,ok,crepe,6,SW_Neo,4838.66015625,13113.3984375,8803.781049835015,8945.84375
train,1840,22.081920896082337,128,ok,crepe,6,SW_Neo,6935.4345703125,16865.1015625,10794.48390379152,10524.873046875
train,1841,13.103307811233638,87,ok,crepe,4,SW_Luna,4268.70556640625,11001.6064453125,7305.866689046224,6661.64794921875
train,1842,12.506731326088921,151,ok,crepe,7,SW_Nikita,4027.4326171875,21487.6875,14216.797029341775,16676.4990234375
train,1843,22.615652073290562,115,ok,crepe,4,SW_Luna,8627.6982421875,17648.47265625,13327.842112605733,11667.943359375
train,1844,20.282849173212753,92,ok,crepe,4,SW_Luna,7704.1875,17650.0625,13470.017997309847,11871.1669921875
train,1845,13.245520035364539,197,ok,crepe,4,SW_Luna,7263.99853515625,16864.646484375,11562.234644321048,10522.498046875
train,1846,11.409706194870498,156,ok,crepe,5,SW_Nana,6622.099609375,15029.9423828125,9308.651199855161,8942.63525390625
train,1847,4.882396303838064,110,ok,crepe,4,SW_Luna,6033.9326171875,17251.423828125,9931.351008011123,9816.5205078125
train,1848,20.59556183614768,114,ok,crepe,2,NSW_1,4314.43798828125,17444.18359375,9983.23505483774,9535.04248046875
train,1849,14.971658998647023,93,ok,crepe,6,SW_Neo,6034.8681640625,16476.357421875,8544.59740526431,8346.7578125
train,1850,12.464972859548704,177,ok,crepe,4,SW_Luna,6248.26416015625,19424.16015625,11207.30754673896,10160.4873046875
train,1851,14.666226998514372,63,ok,crepe,4,SW_Luna,6034.361328125,17441.388671875,7813.481820369112,7092.51025390625
train,1852,9.316520064203306,90,ok,crepe,4,SW_Luna,4622.3046875,17649.841796875,11320.156994508045,10155.1220703125
train,1853,11.713204535491437,60,ok,crepe,6,SW_Neo,7187.513671875,17866.337890625,8644.640165441177,8288.767578125
train,1854,20.308491143735566,121,ok,crepe,7,SW_Nikita,8624.556640625,17034.236328125,13536.415329953457,14330.216796875
train,1855,11.23231252268798,129,ok,crepe,6,SW_Neo,7014.5810546875,19899.9765625,10183.491214236697,9814.69384765625
train,1856,15.383687190802389,164,ok,crepe,4,SW_Luna,6623.693359375,19666.162109375,13536.973451005651,13479.96826171875
train,1857,13.89378725630209,172,ok,crepe,4,SW_Luna,5904.68701171875,17649.87109375,12904.808627929688,11136.48974609375
train,1858,10.017033235658303,191,ok,crepe,6,SW_Neo,7098.197265625,19422.400390625,9791.676794663916,9756.3916015625
train,1859,8.253633080062892,128,ok,crepe,6,SW_Neo,5692.78125,19674.302734375,9092.953444908406,9364.30078125
train,1860,17.991287917126048,177,ok,crepe,4,SW_Luna,6100.0126953125,17652.42578125,11790.83974847561,10519.3125
train,1861,10.185216238665888,36,ok,crepe,9,SW_Yosefa,8732.390625,17442.212890625,11373.878393554687,9811.03515625
train,1862,14.41249701168828,191,ok,crepe,6,SW_Neo,4218.9619140625,15737.5390625,9991.077123685916,9930.830078125
train,1863,15.676799325739934,143,ok,crepe,4,SW_Luna,6462.57275390625,17869.9453125,12995.071887504764,11004.3203125
train,1864,13.93486598163779,85,ok,crepe,6,SW_Neo,7265.85693359375,10999.822265625,9336.909678036405,9692.640625
train,1865,13.17085201428413,257,ok,crepe,6,SW_Neo,7097.5732421875,17046.37890625,10376.522437526755,10519.17138671875
train,1866,16.787313646497466,165,ok,crepe,4,SW_Luna,6620.8408203125,17449.201171875,12322.965264860284,10637.9833984375
train,1867,11.710416924181326,152,ok,crepe,6,SW_Neo,5178.79296875,19895.978515625,10457.393768491123,10045.947265625
train,1868,2.0677827523169494,50,ok,crepe,4,SW_Luna,5426.91796875,17652.5078125,14610.96650390625,17444.47265625
train,1869,5.22787137685661,86,ok,crepe,2,NSW_1,4726.2578125,19911.609375,10645.423106317934,9310.021484375
train,1870,29.327885326989318,123,ok,crepe,9,SW_Yosefa,5240.14208984375,17443.33203125,7627.548069730718,7190.0771484375
train,1871,16.16855175665754,132,ok,crepe,2,NSW_1,6705.0400390625,20780.94140625,11626.075693359375,10052.8505859375
train,1872,12.435550918444862,150,ok,crepe,4,SW_Luna,7614.486328125,17253.224609375,13256.262404601697,14844.318359375
train,1873,16.62540074979273,113,ok,crepe,9,SW_Yosefa,6033.9921875,15558.2109375,9575.784187257752,9701.44140625
train,1874,21.669074884643976,125,ok,crepe,6,SW_Neo,8526.55078125,16477.53515625,10247.224344889322,10577.8427734375
train,1875,9.444571753887583,162,ok,crepe,4,SW_Luna,6100.20458984375,18726.169921875,13303.250103494396,11931.71923828125
train,1876,10.54091440557711,119,ok,crepe,4,SW_Luna,4173.5634765625,17643.810546875,10895.373974609374,10399.77099609375
train,1877,10.310401157315406,74,ok,crepe,6,SW_Neo,6396.625,10879.0703125,8962.359309498857,9636.66552734375
train,1878,13.122768975726977,94,ok,crepe,4,SW_Luna,5904.7080078125,17647.166015625,11827.513100678067,10522.25390625
train,1879,19.18069738846717,141,ok,crepe,5,SW_Nana,5178.3095703125,20128.83203125,10856.984068686917,9472.904296875
train,1880,18.20345646816379,112,ok,crepe,6,SW_Neo,5625.2158203125,21487.673828125,8702.73992399467,9036.658203125
train,1881,13.58333364762904,80,ok,crepe,7,SW_Nikita,6031.3349609375,16865.71484375,13142.218009348666,14501.6220703125
train,1882,18.15441873819036,110,ok,crepe,2,NSW_1,8931.3408203125,12651.421875,10235.09282726378,10162.99609375
train,1883,12.418700180831898,104,ok,crepe,6,SW_Neo,5762.5283203125,19424.91796875,11970.239854600695,11539.8916015625
train,1884,9.013314917955123,107,ok,crepe,5,SW_Nana,6177.453125,17441.955078125,12253.503159933944,11000.599609375
train,1885,11.860865980121826,110,ok,crepe,4,SW_Luna,5499.4287109375,17646.576171875,12230.7652578125,10642.6669921875
train,1886,16.377734237874982,131,ok,crepe,4,SW_Luna,6396.5615234375,17851.81640625,12913.86494334644,11530.5166015625
train,1887,12.408654503131118,174,ok,crepe,4,SW_Luna,7098.2041015625,17648.173828125,11665.688772932213,10644.173828125
train,1888,19.803781359708104,180,ok,crepe,6,SW_Neo,6033.666015625,19417.857421875,10004.323091947115,10105.271484375
train,1889,12.700051994396997,100,ok,crepe,9,SW_Yosefa,6247.1572265625,19672.3515625,9416.44970703125,7793.65576171875
train,1890,17.07428618378822,145,ok,crepe,4,SW_Luna,5622.1865234375,19415.212890625,12329.577892768673,10767.09130859375
train,1891,6.0259820569974085,184,ok,crepe,4,SW_Luna,7264.97802734375,20771.59765625,12869.08798026117,12658.716796875
train,1892,22.775848249898818,150,ok,crepe,4,SW_Luna,5903.8671875,18284.4375,12245.924756427145,10819.8798828125
train,1893,13.491255528655259,120,ok,crepe,6,SW_Neo,4949.68701171875,19208.9609375,9202.867096402751,9247.57373046875
train,1894,7.488031230200426,121,ok,crepe,2,NSW_1,3394.958251953125,19899.6328125,11689.858939163772,10524.373046875
train,1895,28.423496820517215,98,ok,crepe,6,SW_Neo,5177.47802734375,11286.599609375,9287.616219429348,9250.181640625
train,1896,11.287057131763213,32,ok,crepe,7,SW_Nikita,5903.65478515625,19425.013671875,11793.806654188367,10884.71435546875
train,1897,21.259962977128005,146,ok,crepe,6,SW_Neo,5177.904296875,17643.89453125,8668.984348842076,9198.9169921875
train,1898,15.947999192880168,75,ok,crepe,7,SW_Nikita,5829.94677734375,18080.6171875,9871.040334302326,7436.090576171875
train,1899,18.03657000591748,158,ok,crepe,6,SW_Neo,6463.7734375,17446.1171875,10086.781960958962,9992.6044921875
train,1900,12.142246348794544,148,ok,crepe,6,SW_Neo,5970.0458984375,17441.50390625,10364.773907355542,10166.0234375
train,1901,7.421115102593672,173,ok,crepe,3,SW_Dana,8631.8603515625,17441.22265625,12363.710149309962,12071.095703125
train,1902,17.6058135949814,89,ok,crepe,2,NSW_1,8727.1005859375,13702.521484375,10499.752474590412,10876.53125
train,1903,12.391865933118096,63,ok,crepe,7,SW_Nikita,8345.9873046875,19422.32421875,15882.268243319746,17038.634765625
train,1904,4.476468518624053,106,ok,crepe,4,SW_Luna,5830.86181640625,20136.17578125,11516.731246689618,9587.486328125
train,1905,11.419770426112914,14,ok,crepe,7,SW_Nikita,8819.072265625,14159.205078125,11541.993381076389,10462.01904296875
train,1906,4.2549962184453785,119,ok,crepe,6,SW_Neo,7014.7666015625,15933.8525390625,9841.156799316406,9929.31787109375
train,1907,5.587875806082442,116,ok,crepe,4,SW_Luna,4366.8427734375,19660.890625,13998.275262920673,16018.43310546875
train,1908,12.473664383780463,143,ok,crepe,4,SW_Luna,4726.57177734375,20552.021484375,10957.5132780998,10278.1201171875
train,1909,8.975711758772864,81,ok,crepe,2,NSW_1,4269.091796875,17443.365234375,12616.590247112772,11139.55078125
train,1910,9.790445443936619,78,ok,crepe,4,SW_Luna,8526.4296875,17445.9140625,12175.104070490057,10769.08203125
train,1911,23.936587963562793,98,ok,crepe,4,SW_Luna,7349.7197265625,19206.275390625,12059.122722833807,10758.78125
train,1912,16.129260882234277,143,ok,crepe,4,SW_Luna,6176.23828125,21487.46875,12021.831857505751,10398.5927734375
train,1913,21.08218279847513,139,ok,crepe,6,SW_Neo,4314.37109375,17643.845703125,9550.126449391812,9583.83447265625
train,1914,13.708144814835734,82,ok,crepe,4,SW_Luna,6396.751953125,19667.794921875,13607.657775878906,14758.916015625
train,1915,9.526574438452172,87,ok,crepe,4,SW_Luna,5970.171875,20124.640625,13279.90542633365,12071.994140625
train,1916,18.77452557858391,97,ok,crepe,9,SW_Yosefa,5427.8056640625,10641.8349609375,8249.69456468187,8526.99609375
train,1917,16.40002205988894,103,ok,crepe,9,SW_Yosefa,5426.57177734375,17248.634765625,8912.007132244926,8156.1767578125
train,1918,10.582799948019021,118,ok,crepe,8,SW_Shy,7612.857421875,19425.8359375,10280.923952073317,9818.2109375
train,1919,6.634745227690154,102,ok,crepe,7,SW_Nikita,6034.5166015625,19420.423828125,11518.627862913996,10524.56640625
train,1920,17.996957408559766,54,ok,crepe,7,SW_Nikita,13114.875,17443.96484375,15877.557002898186,15744.18994140625
train,1921,6.719983161475297,106,ok,crepe,5,SW_Nana,4172.54833984375,18964.458984375,8528.567620900052,7980.1357421875
train,1922,10.171562585679323,127,ok,crepe,6,SW_Neo,5062.81103515625,17043.98046875,9257.22534006538,9364.8369140625
train,1923,8.28375066027046,51,ok,crepe,7,SW_Nikita,8524.4599609375,17042.462890625,14871.761163119612,15656.9970703125
train,1924,15.411810144559038,97,ok,crepe,6,SW_Neo,5428.408203125,19669.3984375,8359.899135044643,7434.84814453125
train,1925,6.0106703711023695,142,ok,crepe,4,SW_Luna,4366.4912109375,17855.96484375,11937.55023036859,10877.30029296875
train,1926,8.757143749443063,81,ok,crepe,7,SW_Nikita,4171.71826171875,19424.865234375,11368.518001302084,12652.001953125
train,1927,8.618538705325877,162,ok,crepe,3,SW_Dana,6176.66064453125,17444.7265625,12733.680623372396,12877.54931640625
train,1928,13.29834114707233,67,ok,crepe,2,NSW_1,4269.392578125,17439.48828125,10498.496940104167,10156.662109375
train,1929,21.040629773787973,163,ok,crepe,4,SW_Luna,7704.9697265625,20137.57421875,13231.102396970073,12067.5185546875
train,1930,17.64932493313833,122,ok,crepe,6,SW_Neo,6704.529296875,17256.265625,9095.3506312779,9043.67578125
train,1931,11.73021759721392,145,ok,crepe,8,SW_Shy,3394.80908203125,18286.015625,9241.954427083334,8732.27734375
train,1932,9.31773353873757,53,ok,crepe,7,SW_Nikita,7982.14453125,16679.578125,9914.208858366936,9640.3466796875
train,1933,15.3559067193567,102,ok,crepe,8,SW_Shy,7097.4228515625,19424.16796875,12970.86635105299,12493.814453125
train,1934,11.546432034590078,201,ok,crepe,7,SW_Nikita,5361.40185546875,19671.63671875,14639.578678525728,16282.45703125
train,1935,14.526716072725865,144,ok,crepe,6,SW_Neo,4413.68701171875,17646.39453125,8858.154474431818,9144.470703125
train,1936,1.6622828181499896,9,ok,crepe,7,SW_Nikita,8522.7900390625,19423.7109375,15681.314208984375,19310.146484375
train,1937,12.276666802047941,172,ok,crepe,7,SW_Nikita,8733.63671875,16478.830078125,11755.454184234457,11001.4833984375
train,1938,23.367883315462006,124,ok,crepe,3,SW_Dana,6033.884765625,18285.349609375,12397.948187554633,12072.8759765625
train,1939,12.858502309324273,107,ok,crepe,4,SW_Luna,8069.3349609375,17644.919921875,12267.412700870173,10766.1923828125
train,1940,13.940757208860502,104,ok,crepe,9,SW_Yosefa,3395.147705078125,19672.9765625,10450.306266852185,8729.2421875
train,1941,22.32730379122499,138,ok,crepe,4,SW_Luna,5969.4326171875,19670.9609375,13533.404203438464,13188.66845703125
train,1942,13.929219023122592,146,ok,crepe,4,SW_Luna,6176.3369140625,19673.119140625,12230.292599561737,10884.0078125
train,1943,14.568314246490896,130,ok,crepe,4,SW_Luna,6623.09521484375,17643.21484375,12158.222400483632,10874.72265625
train,1944,15.067381489673279,119,ok,crepe,4,SW_Luna,7611.634765625,17445.73046875,12849.371140769676,10764.580078125
train,1945,12.981785518979038,110,ok,crepe,4,SW_Luna,7979.306640625,17642.197265625,12340.079193836122,10759.779296875
train,1946,18.95756822719091,161,ok,crepe,4,SW_Luna,6543.5361328125,20552.345703125,12638.583162568306,11002.921875
train,1947,16.324307010299737,168,ok,crepe,6,SW_Neo,5970.2197265625,17644.02734375,9506.672040303549,9478.47705078125
train,1948,19.14869275587026,112,ok,crepe,4,SW_Luna,7885.1865234375,18075.412109375,12887.35546875,10764.1201171875
train,1949,21.83794282413766,54,ok,crepe,9,SW_Yosefa,6034.6923828125,19425.841796875,11703.174253402218,10400.67578125
train,1950,13.608657678797549,51,ok,crepe,2,NSW_1,4783.59814453125,17249.1484375,10180.021980932202,10162.03515625
train,1951,12.235922208763002,129,ok,crepe,6,SW_Neo,6781.25,17443.533203125,9508.472084358948,9365.0859375
train,1952,18.74553070778034,279,ok,crepe,6,SW_Neo,6178.3193359375,17644.00390625,10051.713298785797,10278.0322265625
train,1953,10.813863088518843,146,ok,crepe,4,SW_Luna,7794.70703125,19213.29296875,13190.663855350378,10999.83984375
train,1954,22.1726224704398,142,ok,crepe,4,SW_Luna,7098.1103515625,19199.97265625,13157.363807770143,10943.7900390625
train,1955,12.156654255544087,89,ok,crepe,4,SW_Luna,5904.12841796875,17653.224609375,12729.596622242647,10769.1513671875
train,1956,5.72073475584363,84,ok,crepe,7,SW_Nikita,7613.64501953125,19421.96484375,12689.07819112142,13922.814453125
train,1957,8.85608185277716,131,ok,crepe,6,SW_Neo,5123.2900390625,19421.15625,9611.203653971354,9473.68896484375
train,1958,6.943996613426309,108,ok,crepe,6,SW_Neo,6396.263671875,19429.451171875,9657.274582293856,9699.328125
train,1959,18.197771126357466,189,ok,crepe,6,SW_Neo,5361.59765625,16281.10546875,8232.325509685359,7190.806640625
train,1960,14.632840863434854,133,ok,crepe,4,SW_Luna,6463.33544921875,19672.90625,12566.862852758291,10639.26953125
train,1961,10.515910453001219,67,ok,crepe,4,SW_Luna,5763.54736328125,17444.95703125,11648.19023024868,10404.3017578125
train,1962,12.35591414397045,173,ok,crepe,4,SW_Luna,6033.9228515625,18967.662109375,12493.872543871703,10637.3818359375
train,1963,13.309103669621756,64,ok,crepe,7,SW_Nikita,8349.265625,17250.27734375,15365.3037890625,15920.9765625
train,1964,12.795750643982466,61,ok,crepe,7,SW_Nikita,7188.53076171875,16675.31640625,11072.656508091517,8478.58984375
train,1965,20.79524562733593,75,ok,crepe,4,SW_Luna,3798.646484375,18731.810546875,7322.793395996094,6501.97607421875
train,1966,10.243488332614207,176,ok,crepe,9,SW_Yosefa,5904.3896484375,19426.94140625,10178.36720703125,9757.91015625
train,1967,23.797434596979713,163,ok,crepe,4,SW_Luna,7262.08544921875,17258.865234375,12073.164330015792,10519.40087890625
train,1968,15.048315494363075,93,ok,crepe,6,SW_Neo,5558.462890625,11931.826171875,9265.263020833334,10156.1962890625
train,1969,16.656870774262362,82,ok,crepe,7,SW_Nikita,5427.8798828125,19671.259765625,11601.737252742687,10760.5771484375
train,1970,18.958109649725493,49,ok,crepe,9,SW_Yosefa,8433.123046875,16102.6123046875,9976.973526278409,9252.658203125
train,1971,12.316852975303823,130,ok,crepe,4,SW_Luna,6318.82568359375,19423.595703125,10652.414489746094,10103.77197265625
train,1972,9.684049526827637,119,ok,crepe,4,SW_Luna,6099.82958984375,17444.103515625,9979.183403655772,9477.607421875
train,1973,19.96829535275235,110,ok,crepe,7,SW_Nikita,6706.482421875,21485.5703125,12870.492355731356,11934.83984375
train,1974,9.31568032917822,136,ok,crepe,4,SW_Luna,6540.45947265625,17648.46484375,12579.500998613912,11141.4765625
train,1975,17.771773747539747,165,ok,crepe,6,SW_Neo,5499.02587890625,17644.796875,8873.842035929361,8825.375
train,1976,14.71929948979919,102,ok,crepe,9,SW_Yosefa,6397.1640625,19684.259765625,10157.385152004075,9936.3857421875
train,1977,17.571236675538678,151,ok,crepe,4,SW_Luna,7193.126953125,17450.08984375,12882.92602676995,11007.408203125
train,1978,7.494866353626863,72,ok,crepe,0,NSW_3,3712.67578125,16674.548828125,10595.020115981868,9586.7294921875
train,1979,10.105702154580394,103,ok,crepe,7,SW_Nikita,9469.6103515625,18500.75390625,15048.440558819731,15935.5908203125
train,1980,14.351182612499887,123,ok,crepe,4,SW_Luna,3236.3154296875,19424.744140625,13019.725531304633,11536.947265625
train,1981,6.696315368286394,65,ok,crepe,6,SW_Neo,6706.2607421875,16866.17578125,9025.841002604167,8827.689453125
train,1982,15.818040532989961,169,ok,crepe,5,SW_Nana,6247.783203125,15747.0703125,8506.75596816305,8163.22314453125
train,1983,17.208842907777,52,ok,crepe,5,SW_Nana,10400.1845703125,17447.31640625,13320.987586069916,12649.0341796875
train,1984,20.32608096733182,129,ok,crepe,6,SW_Neo,5177.623046875,17443.03125,9604.282926085993,9582.310546875
train,1985,9.112210266280462,89,ok,crepe,6,SW_Neo,6034.37109375,17441.6640625,10312.440163352272,10402.951171875
train,1986,8.990223830815125,213,ok,crepe,9,SW_Yosefa,4171.4658203125,17645.798828125,13123.060926649305,15405.7021484375
train,1987,14.80992659982787,82,ok,crepe,4,SW_Luna,5762.861328125,17646.984375,14649.489247197691,15834.9345703125
train,1988,11.725169740680867,150,ok,crepe,3,SW_Dana,8824.96484375,17254.3828125,12579.355440525651,12490.3173828125
train,1989,4.475521071749471,94,ok,crepe,9,SW_Yosefa,7437.02734375,16862.64453125,9684.38485264542,9693.4384765625
train,1990,13.727032256914724,65,ok,crepe,7,SW_Nikita,6033.8349609375,19676.337890625,13972.559775904605,16102.10791015625
train,1991,15.300619253088549,178,ok,crepe,7,SW_Nikita,6397.6923828125,18071.23828125,15031.997577742035,16472.3408203125
train,1992,20.467937884960055,192,ok,crepe,6,SW_Neo,4314.61669921875,19426.658203125,9852.273138230847,9815.193359375
train,1993,2.7544392759610803,69,ok,crepe,9,SW_Yosefa,7883.576171875,17441.4453125,9645.474965688345,9475.310546875
train,1994,5.514198071848905,141,ok,crepe,6,SW_Neo,3673.348388671875,17441.9765625,9305.575860173447,9367.30078125
train,1995,15.47428769177808,85,ok,crepe,7,SW_Nikita,8157.0283203125,17648.8515625,14472.315745344065,15567.587890625
train,1996,6.4992741449850975,117,ok,crepe,4,SW_Luna,5904.6826171875,18497.9609375,13638.312541636386,11932.3388671875
train,1997,20.37648672906823,169,ok,crepe,6,SW_Neo,4950.95166015625,20556.93359375,9614.703410884877,9584.7646484375
train,1998,12.083443381552026,68,ok,crepe,6,SW_Neo,6621.517578125,15929.6728515625,9764.450146484374,9696.87939453125
train,1999,11.163218811372149,113,ok,crepe,4,SW_Luna,8732.404296875,19210.357421875,12319.252083845964,10879.56640625
train,2000,17.024226776513558,123,ok,crepe,6,SW_Neo,5624.75830078125,20555.08203125,10276.114092710206,10274.1015625
train,2001,9.793732129004246,126,ok,crepe,6,SW_Neo,6176.013671875,17645.251953125,9726.717260388361,9367.17236328125
train,2002,13.623655140433087,38,ok,crepe,2,NSW_1,8631.9970703125,12076.052734375,10502.930863813921,10461.126953125
train,2003,16.627572425358483,74,ok,crepe,2,NSW_1,8931.037109375,18292.11328125,10216.489317358994,9481.3232421875
train,2004,3.885167006095811,92,ok,crepe,4,SW_Luna,4219.18505859375,19421.1796875,11105.131541034963,10054.546875
train,2005,17.289394552613796,167,ok,crepe,9,SW_Yosefa,5764.47705078125,17441.001953125,7613.43150768979,7704.505859375
train,2006,5.066559028622354,78,ok,crepe,9,SW_Yosefa,4267.9873046875,17647.30859375,12810.033050169428,14842.71875
train,2007,13.230569307971777,122,ok,crepe,5,SW_Nana,6176.55859375,16477.76171875,9996.078075102647,8940.265625
train,2008,19.27407450377056,143,ok,crepe,6,SW_Neo,6467.1474609375,18727.419921875,9980.321201347306,10159.4423828125
train,2009,10.034072963055428,148,ok,crepe,6,SW_Neo,5427.6328125,10765.5947265625,8561.695303513228,9036.6337890625
train,2010,15.906443368285528,84,ok,crepe,7,SW_Nikita,6621.994140625,20132.431640625,13971.629297892252,15742.44482421875
train,2011,7.720206807381437,103,ok,crepe,6,SW_Neo,5361.25439453125,18963.9765625,10222.968015491453,9818.484375
train,2012,17.156812973583115,82,ok,crepe,7,SW_Nikita,6460.2255859375,17643.6171875,14579.416241776316,15739.4228515625
train,2013,7.191474889980841,36,ok,crepe,2,NSW_1,5904.5458984375,17644.744140625,11756.803313499273,11407.76171875
train,2014,16.55417161967591,166,ok,crepe,6,SW_Neo,4621.38671875,10763.609375,8350.963080797697,7437.341552734375
train,2015,14.637546255281777,128,ok,crepe,3,SW_Dana,6036.595703125,20127.78515625,13796.46595982143,13260.4189453125
train,2016,11.492189766342744,133,ok,crepe,6,SW_Neo,5623.93505859375,19670.673828125,9817.261507161458,9534.32373046875
train,2017,28.30744409987933,162,ok,crepe,6,SW_Neo,6939.65576171875,19674.146484375,9950.29028189756,9821.8876953125
train,2018,18.752915692766543,157,ok,crepe,5,SW_Nana,5970.72509765625,21487.966796875,10631.383685002562,9591.201171875
train,2019,8.377834614811468,152,ok,crepe,4,SW_Luna,5693.52294921875,19420.994140625,11721.415280330883,10462.33642578125
train,2020,12.804791389853394,71,ok,crepe,6,SW_Neo,6936.1474609375,10880.2529296875,8797.779011051829,8934.5849609375
train,2021,14.976267391537299,132,ok,crepe,4,SW_Luna,3712.768798828125,19906.03515625,12815.487520784945,10767.24560546875
train,2022,5.809053755885472,100,ok,crepe,4,SW_Luna,6462.68359375,19901.0078125,10883.065172467914,10461.8681640625
train,2023,15.054587543817243,156,ok,crepe,4,SW_Luna,7191.02783203125,17652.88671875,11942.670479122527,10407.787109375
train,2024,12.87808900199786,124,ok,crepe,7,SW_Nikita,7096.8876953125,21490.54296875,15225.696214463977,16279.4951171875
train,2025,14.159476150540547,176,ok,crepe,3,SW_Dana,8158.48681640625,17858.083984375,11911.125808943563,11539.6171875
train,2026,19.701257614846398,149,ok,crepe,9,SW_Yosefa,5558.654296875,9249.560546875,7648.2113229851975,7521.8291015625
train,2027,15.470812019997872,82,ok,crepe,7,SW_Nikita,7610.23046875,17253.04296875,15217.201759912634,16290.4677734375
train,2028,22.680090572207522,143,ok,crepe,6,SW_Neo,5180.13134765625,10765.501953125,8460.351346472538,8633.1923828125
train,2029,8.904891751525085,100,ok,crepe,4,SW_Luna,5558.34716796875,17860.89453125,12730.595524796196,10767.791015625
train,2030,11.354677504308588,136,ok,crepe,4,SW_Luna,5692.650390625,19209.99609375,11919.93500685534,10997.2841796875
train,2031,7.370262488415763,162,ok,crepe,4,SW_Luna,6539.4560546875,17645.689453125,12642.45763474368,10881.79248046875
train,2032,9.205809723938549,151,ok,crepe,4,SW_Luna,5904.5908203125,17446.5390625,12068.073403949387,11139.40625
train,2033,21.067081663949278,67,ok,crepe,2,NSW_1,5361.0009765625,15930.79296875,10455.22500375601,10698.4296875
train,2034,-0.7907671842512374,90,ok,crepe,4,SW_Luna,3842.423828125,19673.37890625,13325.179493237567,13844.3359375
train,2035,12.552309687600363,93,ok,crepe,4,SW_Luna,8345.9873046875,17862.263671875,12873.27724984976,10643.75048828125
train,2036,10.612532123056805,176,ok,crepe,3,SW_Dana,6855.64892578125,16476.48828125,12549.742328718597,12575.10400390625
train,2037,17.60165835541732,82,ok,crepe,8,SW_Shy,5762.28759765625,13118.1328125,9223.383326753657,9252.15380859375
train,2038,16.795378895378615,125,ok,crepe,6,SW_Neo,7522.07763671875,17650.62890625,11047.106190400966,10401.33984375
train,2039,10.17807175453929,160,ok,crepe,6,SW_Neo,5427.4560546875,17444.451171875,8641.068765361657,8879.7451171875
train,2040,8.267965430783981,110,ok,crepe,4,SW_Luna,6540.06396484375,19898.75390625,13414.319501456568,11278.91064453125
train,2041,16.579227921547325,136,ok,crepe,4,SW_Luna,7192.1904296875,18076.625,12632.558384039463,10999.47265625
train,2042,19.289852269901118,125,ok,crepe,6,SW_Neo,4314.47265625,14494.9755859375,9302.618539407951,9246.990234375
train,2043,8.76160571075988,110,ok,crepe,4,SW_Luna,6621.28515625,19671.689453125,14377.724778698337,16376.51904296875
train,2044,18.098423101946107,138,ok,crepe,6,SW_Neo,5763.05908203125,19665.220703125,8717.393650489517,8527.9697265625
train,2045,24.206749939290894,209,ok,crepe,6,SW_Neo,5298.00732421875,17862.576171875,10147.96421019499,10519.4453125
train,2046,12.180682635858897,95,ok,crepe,4,SW_Luna,5970.42724609375,17652.17578125,11992.073283645343,10643.81494140625
train,2047,10.749383248813519,116,ok,crepe,6,SW_Neo,5427.5673828125,16865.419921875,8989.181126644737,9247.80859375
train,2048,15.037409812816849,129,ok,crepe,6,SW_Neo,4172.8779296875,18494.9765625,10604.626560377039,8821.02978515625
train,2049,19.95682855587458,150,ok,crepe,4,SW_Luna,7612.1025390625,17445.10546875,12434.639645565258,10640.12841796875
train,2050,0.3409238975779977,15,ok,crepe,7,SW_Nikita,11795.337890625,19420.16015625,16630.527549342107,16864.072265625
train,2051,11.498628240106738,117,ok,crepe,9,SW_Yosefa,5558.6767578125,17443.68359375,9184.514529079861,7976.43505859375
train,2052,12.51620082653787,51,ok,crepe,4,SW_Luna,4413.65185546875,19673.951171875,9432.909925426136,8733.2216796875
train,2053,15.99216088326402,140,ok,crepe,4,SW_Luna,7980.62060546875,18500.900390625,12955.133048865446,11008.2041015625
train,2054,24.50794986067921,138,ok,crepe,4,SW_Luna,6852.40234375,17448.56640625,12413.111477661132,10874.8271484375
train,2055,8.066059020822664,84,ok,crepe,3,SW_Dana,5500.36865234375,20338.07421875,12561.722597868546,12211.4853515625
train,2056,4.756016815043254,96,ok,crepe,6,SW_Neo,5970.294921875,19425.392578125,9723.986439732143,9579.6533203125
train,2057,6.441289115711965,111,ok,crepe,6,SW_Neo,6855.92041015625,16860.080078125,9050.829605102539,9583.40576171875
train,2058,11.349482968211131,73,ok,crepe,4,SW_Luna,8161.9287109375,17265.79296875,12264.738876714939,11002.03076171875
train,2059,14.684411445702745,84,ok,crepe,2,NSW_1,6542.04150390625,13263.419921875,10644.940247880651,10939.69140625
train,2060,14.070102188892605,155,ok,crepe,3,SW_Dana,5968.76953125,17443.060546875,12646.743551320043,13264.4072265625
train,2061,7.400344105229811,43,ok,crepe,7,SW_Nikita,5902.75341796875,18715.83203125,15473.690640536222,17243.248046875
train,2062,17.134666007476877,159,ok,crepe,6,SW_Neo,5498.2568359375,12494.537109375,8461.103664822049,8627.60302734375
train,2063,10.141336608988365,85,ok,crepe,4,SW_Luna,7884.1337890625,19423.65234375,10593.379145304361,9872.41259765625
train,2064,11.648245823675866,134,ok,crepe,4,SW_Luna,7099.2685546875,17446.4609375,12611.849973128146,10878.16015625
train,2065,16.821167358040043,65,ok,crepe,7,SW_Nikita,8429.421875,17859.205078125,13092.142488178453,11144.876953125
train,2066,8.06380492446812,61,ok,crepe,4,SW_Luna,5902.6630859375,19424.859375,9848.735436480978,9696.5146484375
train,2067,12.585586834395508,138,ok,crepe,9,SW_Yosefa,6539.9296875,17441.75,8526.539104260897,8201.81298828125
train,2068,18.319654232745204,93,ok,crepe,7,SW_Nikita,6394.5068359375,16488.794921875,12248.982248466706,14153.6240234375
train,2069,14.608103542463269,140,ok,crepe,6,SW_Neo,5623.63232421875,12949.16796875,8774.732572351611,8944.212890625
train,2070,15.29365859081687,209,ok,crepe,3,SW_Dana,6033.53125,16477.861328125,12354.707187982252,11540.0244140625
train,2071,3.1553007350612177,45,ok,crepe,4,SW_Luna,7098.67578125,17439.763671875,10535.793680826822,10521.85205078125
train,2072,14.349688873585952,51,ok,crepe,2,NSW_1,6464.36474609375,17861.046875,9293.77958984375,9247.908203125
train,2073,12.312542065724518,139,ok,crepe,6,SW_Neo,5903.41064453125,19903.83203125,10619.278727731888,9935.8212890625
train,2074,20.321365671250476,84,ok,crepe,5,SW_Nana,5500.998046875,10641.46484375,7770.898701985677,7705.1201171875
train,2075,9.376601250835456,122,ok,crepe,7,SW_Nikita,5692.541015625,19422.998046875,11821.500856261322,12432.99658203125
train,2076,12.63940063495852,121,ok,crepe,4,SW_Luna,6175.77685546875,19206.01953125,11839.833304268974,10699.060546875
train,2077,19.001284761884506,162,ok,crepe,6,SW_Neo,7521.0166015625,15568.92578125,9403.081306619848,9044.19189453125
train,2078,16.692372172233693,139,ok,crepe,6,SW_Neo,5063.4736328125,17440.28125,8926.638218470982,9094.638671875
train,2079,11.694677248214308,139,ok,crepe,9,SW_Yosefa,6621.4951171875,12948.064453125,9770.731905780262,9818.5498046875
train,2080,10.847667259575687,126,ok,crepe,9,SW_Yosefa,5297.880859375,17642.033203125,10532.50698138298,10159.033203125
train,2081,23.297657403439615,126,ok,crepe,6,SW_Neo,5360.38818359375,18078.30859375,9337.221945716596,9251.095703125
train,2082,21.129027658888507,83,ok,crepe,3,SW_Dana,8733.490234375,17250.732421875,13779.186422760953,14503.5634765625
train,2083,23.00558995876914,152,ok,crepe,4,SW_Luna,4837.83984375,17037.3046875,11668.759263550495,9933.5517578125
train,2084,6.010055972031402,10,ok,crepe,7,SW_Nikita,8246.9755859375,17443.46484375,9821.290640024039,8432.2607421875
train,2085,8.290719392146759,93,ok,crepe,4,SW_Luna,8943.8486328125,17860.626953125,13610.692474941037,11930.88916015625
train,2086,11.095808312299901,112,ok,crepe,6,SW_Neo,6034.18212890625,19413.0625,9194.759930948572,9475.2265625
train,2087,13.528900003547443,81,ok,crepe,6,SW_Neo,7098.65673828125,10765.9677734375,8911.032494848901,9372.9833984375
train,2088,28.077411807163625,148,ok,crepe,6,SW_Neo,7098.24609375,17647.357421875,10331.95215439215,10341.36083984375
train,2089,9.214278998748744,102,ok,crepe,4,SW_Luna,8432.3974609375,17640.75,13836.483241194386,15937.5986328125
train,2090,18.69426625415205,184,ok,crepe,4,SW_Luna,5904.6259765625,17868.888671875,11828.851334791918,10821.47802734375
train,2091,18.570777458751547,18,ok,crepe,7,SW_Nikita,8630.51953125,15405.3046875,10245.37267485119,9588.7412109375
train,2092,9.156445583604437,175,ok,crepe,4,SW_Luna,5969.0673828125,19207.15234375,12660.734433798265,10636.640625
train,2093,4.36705336057487,38,ok,crepe,4,SW_Luna,6034.267578125,20559.90234375,10782.731119791666,10106.65625
train,2094,4.028864514621096,58,ok,crepe,6,SW_Neo,5969.71435546875,19426.6328125,10230.105004482582,9587.5341796875
train,2095,12.686512710156812,207,ok,crepe,4,SW_Luna,7884.8740234375,17644.732421875,11571.317426261256,10405.09716796875
train,2096,25.282770722889975,127,ok,crepe,6,SW_Neo,5760.6826171875,12947.9990234375,9043.023015651574,9585.205078125
train,2097,13.318371902635523,136,ok,crepe,7,SW_Nikita,5695.2392578125,17650.40234375,14495.774877142137,16281.2197265625
train,2098,10.187794084565967,119,ok,crepe,2,NSW_1,3474.038330078125,18076.81640625,10560.418885188315,9822.27783203125
train,2099,18.62978805005055,114,ok,crepe,6,SW_Neo,5694.2998046875,17644.640625,9768.839456225198,9874.23388671875
train,2100,8.951946062432683,96,ok,crepe,4,SW_Luna,6033.796875,19901.423828125,13032.911445136542,11794.20703125
train,2101,19.254068041081215,157,ok,crepe,6,SW_Neo,5495.21728515625,10758.6015625,8383.416574046098,7616.9501953125
train,2102,15.26311410454596,182,ok,crepe,4,SW_Luna,8246.4296875,17453.76953125,12175.878373579546,10634.263671875
train,2103,18.838014522208674,171,ok,crepe,6,SW_Neo,5062.7041015625,17254.326171875,9897.644090544873,9819.1103515625
train,2104,15.41976291306747,82,ok,crepe,7,SW_Nikita,8243.6123046875,17454.59375,14867.339185855262,15744.166015625
train,2105,18.529939592744316,188,ok,crepe,4,SW_Luna,5968.87744140625,21004.4609375,11032.653614206902,10049.5908203125
train,2106,20.953115666262438,141,ok,crepe,7,SW_Nikita,5240.82275390625,19422.888671875,11883.02858748526,13699.6044921875
train,2107,10.947029368307973,65,ok,crepe,9,SW_Yosefa,6621.103515625,16286.0048828125,11269.2117578125,10760.5
train,2108,19.286018239077553,143,ok,crepe,4,SW_Luna,7794.85400390625,19674.041015625,13169.593094988568,14157.77392578125
train,2109,11.004012095276416,29,ok,crepe,1,NSW_2,6177.07568359375,17645.904296875,11346.771362304688,10639.81982421875
train,2110,27.771695210720353,110,ok,crepe,4,SW_Luna,4622.93896484375,16290.4609375,9041.78527250744,8935.56689453125
train,2111,21.55755108957719,146,ok,crepe,2,NSW_1,6100.2890625,18965.29296875,11629.164983509543,10877.416015625
train,2112,12.004942839162084,43,ok,crepe,4,SW_Luna,6099.9990234375,14660.6005859375,10060.873126362645,10399.15625
train,2113,7.617970598834978,72,ok,crepe,6,SW_Neo,7012.8330078125,17858.16015625,9799.78772745253,9697.3056640625
train,2114,24.888517433601333,118,ok,crepe,4,SW_Luna,7979.02783203125,17652.22265625,12495.112534466913,10763.21142578125
train,2115,10.582066608235174,122,ok,crepe,4,SW_Luna,6539.865234375,19424.763671875,12827.750318444294,11537.900390625
train,2116,18.948820713454168,115,ok,crepe,6,SW_Neo,6856.3779296875,10884.310546875,8841.047888275376,9254.728515625
train,2117,18.60385321067457,120,ok,crepe,2,NSW_1,4314.4638671875,19677.88671875,11386.136362635103,10879.95703125
train,2118,18.406799778953676,145,ok,crepe,6,SW_Neo,6396.50830078125,18725.49609375,9927.948471257716,9993.01123046875
train,2119,18.227571211524833,82,ok,crepe,7,SW_Nikita,8633.9375,16854.44140625,14524.098961759868,15755.6396484375
train,2120,15.688122283445509,170,ok,crepe,2,NSW_1,4028.275146484375,20556.130859375,12412.486473597393,11535.994140625
train,2121,24.033558623677962,157,ok,crepe,4,SW_Luna,6780.73974609375,17253.37890625,12064.423552960981,10765.341796875
train,2122,1.9690699274991426,76,ok,crepe,2,NSW_1,4950.0595703125,17442.4140625,10890.590509588068,11145.66796875
train,2123,10.340017194895665,88,ok,crepe,5,SW_Nana,7347.3251953125,17859.669921875,10509.982163085937,9197.9453125
train,2124,15.334250256272197,61,ok,crepe,7,SW_Nikita,7980.8447265625,19899.779296875,16010.375646254595,16865.650390625
train,2125,16.509427603751334,195,ok,crepe,4,SW_Luna,5967.7080078125,19899.490234375,11421.459416660693,10400.9130859375
train,2126,15.27782625437476,159,ok,crepe,8,SW_Shy,5499.4599609375,19424.23046875,10394.840418836806,10282.64013671875
train,2127,19.891116917624057,259,ok,crepe,6,SW_Neo,5624.0078125,15568.2470703125,9555.550744711947,9875.876953125
train,2128,5.413826496066293,112,ok,crepe,4,SW_Luna,6033.58349609375,17861.10546875,11973.693367250504,10166.74853515625
train,2129,18.07861852106437,144,ok,crepe,4,SW_Luna,5763.634765625,20335.703125,14065.719867826258,15928.330078125
train,2130,2.7562131974853648,65,ok,crepe,2,NSW_1,6463.73046875,19423.73046875,10688.507688710388,10165.216796875
train,2131,6.56829079844286,129,ok,crepe,9,SW_Yosefa,4314.66650390625,19198.931640625,9740.995266095966,9583.2412109375
train,2132,13.13541286518139,92,ok,crepe,4,SW_Luna,9372.57421875,17451.484375,13173.494159050708,12000.2880859375
train,2133,21.55393607182702,98,ok,crepe,9,SW_Yosefa,6779.48486328125,8936.51171875,7594.80346019848,7520.01708984375
train,2134,18.25355666170735,213,ok,crepe,4,SW_Luna,4313.9892578125,17865.728515625,14257.471244998094,16474.9912109375
train,2135,15.804751766831265,134,ok,crepe,4,SW_Luna,7352.3291015625,17863.33203125,12182.017749340503,10824.28369140625
train,2136,16.096278286304535,62,ok,crepe,7,SW_Nikita,6176.9775390625,17450.26171875,14904.913177932518,16470.65625
train,2137,17.653232628009384,78,ok,crepe,4,SW_Luna,6708.6083984375,19423.884765625,13018.641300644986,10941.375
train,2138,8.991088074619942,73,ok,crepe,4,SW_Luna,5830.67138671875,17438.4375,11812.41562857279,10634.92626953125
train,2139,10.18129378914449,73,ok,crepe,7,SW_Nikita,4726.61865234375,19426.240234375,14803.14559500558,15566.59814453125
train,2140,11.038498547780542,140,ok,crepe,6,SW_Neo,6316.54736328125,19211.603515625,10867.475946705812,9939.39453125
train,2141,23.604165456156746,129,ok,crepe,6,SW_Neo,5124.37109375,16864.75,9236.502607421875,9471.4453125
train,2142,6.0631294281243004,74,ok,crepe,4,SW_Luna,8937.0400390625,19667.72265625,14095.629159007352,12652.458984375
train,2143,15.729463980024725,59,ok,crepe,2,NSW_1,7792.74658203125,17441.78515625,10627.70588235294,10641.03759765625
train,2144,7.6102783689576325,142,ok,crepe,4,SW_Luna,7793.30517578125,19676.98828125,12969.342630374204,11408.68359375
train,2145,26.866432067990885,167,ok,crepe,6,SW_Neo,5064.43408203125,16669.51953125,8919.143569788983,7393.387939453125
train,2146,8.64625141299086,166,ok,crepe,8,SW_Shy,5904.7763671875,17441.08203125,10223.746942490183,10522.1181640625
train,2147,16.69454739906862,108,ok,crepe,6,SW_Neo,6463.828125,17263.75,9393.779021232358,9699.59228515625
train,2148,12.323598597864136,176,ok,crepe,6,SW_Neo,3551.72900390625,18078.357421875,8681.218444824219,7308.384033203125
train,2149,8.825072072124243,73,ok,crepe,4,SW_Luna,8732.3125,17443.291015625,12174.597222222223,10639.533203125
train,2150,1.6307069101188987,126,ok,crepe,9,SW_Yosefa,6396.0439453125,17863.8984375,8077.645831040933,7708.33203125
train,2151,8.694893718601366,38,ok,crepe,6,SW_Neo,6621.263671875,19426.8125,9870.460461738781,9819.0
train,2152,4.214640179696406,64,ok,crepe,4,SW_Luna,4366.392578125,17643.0234375,12604.67000214041,11795.134765625
train,2153,15.698543147839732,139,ok,crepe,5,SW_Nana,5972.1220703125,15747.3828125,9603.987727657246,8826.8896484375
train,2154,12.51205866964674,133,ok,crepe,6,SW_Neo,5761.8271484375,17442.5234375,9233.006777731787,9474.0185546875
train,2155,14.421415543650971,150,ok,crepe,6,SW_Neo,5297.98291015625,21487.609375,9384.071265388258,9479.6572265625
train,2156,12.007430246925477,42,ok,crepe,6,SW_Neo,4219.28515625,17442.7109375,9366.76010131836,9367.68603515625
train,2157,24.072882739739324,147,ok,crepe,6,SW_Neo,7350.75,11401.837890625,10009.045772797881,10406.134765625
train,2158,13.959336046185669,119,ok,crepe,6,SW_Neo,6176.3896484375,17044.3671875,9181.572255010191,9369.013671875
train,2159,9.021545960847373,45,ok,crepe,7,SW_Nikita,5904.7412109375,19418.427734375,12123.405369178921,12803.8037109375
train,2160,1.7724105256765619,62,ok,crepe,4,SW_Luna,5123.7431640625,21008.10546875,10898.85938957556,10401.3046875
train,2161,18.10879077134964,137,ok,crepe,4,SW_Luna,4314.86328125,20137.03515625,12797.932386866156,11406.3984375
train,2162,22.26523248340794,229,ok,crepe,6,SW_Neo,7015.560546875,11798.85546875,10137.695101651278,10405.4599609375
train,2163,5.112589925561068,41,ok,crepe,2,NSW_1,5179.9375,17442.126953125,10659.24763454861,10767.3818359375
train,2164,10.679696322920908,123,ok,crepe,5,SW_Nana,5240.22509765625,17862.693359375,10469.231192389838,8939.923828125
train,2165,11.214696896527945,112,ok,crepe,8,SW_Shy,5428.4423828125,17444.28125,9609.334992955943,10402.22607421875
train,2166,14.44573976129169,112,ok,crepe,4,SW_Luna,7191.30126953125,16678.986328125,10000.93919952156,9369.0224609375
train,2167,10.716050732033262,126,ok,crepe,4,SW_Luna,7192.29736328125,17861.1015625,12156.284501745346,10769.1357421875
train,2168,8.538984000553452,120,ok,crepe,4,SW_Luna,8824.763671875,17651.84375,14063.800322561554,15306.72412109375
train,2169,18.054855801440848,87,ok,crepe,2,NSW_1,5123.4638671875,17644.552734375,11135.842444693688,10523.046875
train,2170,18.651556147660227,68,ok,crepe,2,NSW_1,6033.3701171875,14662.8046875,10749.178797468354,10884.58984375
train,2171,13.658566741520099,180,ok,crepe,4,SW_Luna,6539.65771484375,17644.646484375,12993.92199125744,11136.59375
train,2172,15.32702037420485,164,ok,crepe,4,SW_Luna,6320.640625,19420.38671875,12566.786316918546,10879.6015625
train,2173,9.086975192251966,74,ok,crepe,4,SW_Luna,6621.9375,17242.07421875,12735.873325892857,10880.8984375
train,2174,10.374936635897074,75,ok,crepe,4,SW_Luna,6781.47900390625,17647.671875,12753.61156616211,10763.30126953125
train,2175,10.022601328913208,68,ok,crepe,6,SW_Neo,6462.5576171875,17440.31640625,9985.095882367485,9824.1025390625
train,2176,12.746674129588055,152,ok,crepe,4,SW_Luna,6034.0400390625,18727.759765625,11461.211288623595,10515.84423828125
train,2177,21.279156425915073,112,ok,crepe,2,NSW_1,7882.318359375,19901.349609375,10190.119252122293,9698.1748046875
train,2178,13.22120068888712,147,ok,crepe,4,SW_Luna,5428.1640625,17451.599609375,11831.493039085752,10759.09912109375
train,2179,16.74817992639173,157,ok,crepe,6,SW_Neo,7348.0224609375,17860.40234375,10529.443386653282,10403.8427734375
train,2180,9.41815893543925,28,ok,crepe,3,SW_Dana,6621.8779296875,17644.890625,9019.666901765046,8733.9169921875
train,2181,13.126376194384768,189,ok,crepe,3,SW_Dana,8631.08984375,17442.091796875,11355.031918878425,10758.04296875
train,2182,7.100469422355287,121,ok,crepe,6,SW_Neo,7015.84765625,19897.490234375,10142.118741446167,9584.77734375
train,2183,9.74047072683423,107,ok,crepe,5,SW_Nana,5008.115234375,10763.587890625,8439.393173589939,8253.05859375
train,2184,18.178240428549127,98,ok,crepe,2,NSW_1,6396.3037109375,20773.525390625,11201.75972202846,10637.24853515625
train,2185,7.629899433795966,27,ok,crepe,4,SW_Luna,7266.5732421875,11139.525390625,10149.172086588542,10521.83447265625
train,2186,4.229281769376401,79,ok,crepe,4,SW_Luna,6463.82421875,18080.8125,11921.724915970204,10769.01513671875
train,2187,23.179211554945415,76,ok,crepe,6,SW_Neo,6033.34033203125,19423.79296875,10294.61484375,10045.48046875
train,2188,17.676376114867086,143,ok,crepe,4,SW_Luna,7523.4775390625,18728.583984375,11971.778594593943,10765.2421875
train,2189,15.45728683182598,119,ok,crepe,9,SW_Yosefa,4313.54541015625,11285.828125,9185.946759905133,10161.814453125
train,2190,20.033990486449234,127,ok,crepe,5,SW_Nana,6537.69287109375,12354.16796875,8458.431369729238,7930.608642578125
train,2191,20.060381845713202,60,ok,crepe,9,SW_Yosefa,3798.75341796875,20781.8671875,10417.195205688477,6581.154052734375
train,2192,13.383219762118006,83,ok,crepe,4,SW_Luna,7614.654296875,17858.556640625,12449.946812947592,10881.95556640625
train,2193,19.98746943934126,68,ok,crepe,4,SW_Luna,9474.5234375,17445.734375,13134.109973144532,11277.61083984375
train,2194,7.438478001387985,130,ok,crepe,2,NSW_1,4837.9150390625,19427.447265625,11257.9859375,10461.0712890625
train,2195,18.896565681039732,187,ok,crepe,4,SW_Luna,7268.115234375,17443.69921875,11789.783903899017,10284.3330078125
train,2196,5.731692827078478,191,ok,crepe,3,SW_Dana,6100.8818359375,19673.021484375,12368.80167070129,11937.23046875
train,2197,10.955708660603543,135,ok,crepe,4,SW_Luna,6034.06640625,18501.28125,13885.552540964894,16280.73779296875
train,2198,18.780482836302877,165,ok,crepe,3,SW_Dana,4366.68115234375,21215.548828125,11728.44252825798,11536.3671875
train,2199,10.112078546207698,114,ok,crepe,3,SW_Dana,4074.112548828125,13699.841796875,11427.29081772313,11534.04541015625
train,2200,16.232628698778907,79,ok,crepe,5,SW_Nana,6319.7216796875,17644.71484375,12345.78921983507,11795.59716796875
train,2201,7.415547295300449,70,ok,crepe,6,SW_Neo,5692.9150390625,19674.6796875,9664.141338641826,9694.1396484375
train,2202,13.211700686930431,86,ok,crepe,4,SW_Luna,7016.05859375,17651.091796875,11472.150844726562,10280.306640625
train,2203,11.635554803938973,144,ok,crepe,6,SW_Neo,4315.1484375,15931.931640625,8676.70107421875,8825.81982421875
train,2204,20.709907956342203,75,ok,crepe,4,SW_Luna,7880.61474609375,17453.896484375,12783.998131061422,11139.48046875
train,2205,5.556421888179183,85,ok,crepe,9,SW_Yosefa,6177.8310546875,20340.568359375,12655.938567171392,10405.4306640625
train,2206,9.911771003092147,107,ok,crepe,4,SW_Luna,8732.0810546875,17652.515625,13031.688047827744,10761.45703125
train,2207,18.563722616771546,167,ok,crepe,6,SW_Neo,6033.01318359375,21006.83984375,11106.840145257001,10280.9873046875
train,2208,6.1448384115285535,119,ok,crepe,6,SW_Neo,6463.64697265625,18498.931640625,11957.978739265267,10764.103515625
train,2209,18.55732666485531,101,ok,crepe,6,SW_Neo,6321.12548828125,10762.1396484375,9153.099160684122,9691.294921875
train,2210,11.621149631874978,53,ok,crepe,7,SW_Nikita,8431.9462890625,18494.67578125,15708.675986013104,16578.1611328125
train,2211,13.454040162353957,33,ok,crepe,4,SW_Luna,6396.3310546875,18487.29296875,11391.399966591283,10696.63818359375
train,2212,24.55023947928296,94,ok,crepe,5,SW_Nana,4726.62646484375,21008.22265625,10677.551274181547,9254.333984375
train,2213,10.25035189472397,128,ok,crepe,3,SW_Dana,6248.29541015625,19674.12109375,11134.56163155692,10756.681640625
train,2214,24.65513837229701,142,ok,crepe,6,SW_Neo,5123.5751953125,17048.755859375,8871.267210443335,8931.8251953125
train,2215,20.21529716315876,166,ok,crepe,4,SW_Luna,5904.5634765625,17650.03515625,11259.66240389385,9819.4248046875
train,2216,14.162878488394252,121,ok,crepe,4,SW_Luna,8820.9228515625,17447.60546875,13604.657465433904,15572.3525390625
train,2217,15.894422583537818,137,ok,crepe,4,SW_Luna,7435.76953125,17641.578125,12889.201533450356,10940.8203125
train,2218,5.701862359208096,170,ok,crepe,5,SW_Nana,6707.779296875,18725.63671875,11014.022319178428,9816.04345703125
train,2219,14.222684175451946,51,ok,crepe,2,NSW_1,5762.2197265625,17441.04296875,9887.084389896716,9934.91796875
train,2220,19.785429329986044,103,ok,crepe,7,SW_Nikita,6246.6494140625,17246.0,12450.821305475316,14328.328125
train,2221,4.907897518563019,99,ok,crepe,6,SW_Neo,4314.9599609375,17646.896484375,8880.609406943633,9590.72265625
train,2222,14.449933721262123,184,ok,crepe,4,SW_Luna,7264.67578125,19421.046875,12124.645362963516,10763.380859375
train,2223,11.010568836345806,170,ok,crepe,6,SW_Neo,5498.95068359375,11673.00390625,8246.212637720353,7266.03466796875
train,2224,12.123582961165217,209,ok,crepe,6,SW_Neo,7097.7724609375,19670.375,10423.706516297925,9695.7783203125
train,2225,11.389106055583277,56,ok,crepe,2,NSW_1,4950.47900390625,18080.23828125,10661.576492537313,10632.87890625
train,2226,8.874199766317442,112,ok,crepe,4,SW_Luna,5624.2509765625,16863.9921875,10433.931475301428,10054.4541015625
train,2227,7.702011461937643,124,ok,crepe,4,SW_Luna,6176.3974609375,19903.607421875,12713.26604055851,10882.259765625
train,2228,16.2071359250661,163,ok,crepe,4,SW_Luna,5763.09765625,20132.775390625,12759.049187628778,10759.1669921875
train,2229,8.978110145804425,133,ok,crepe,4,SW_Luna,6780.943359375,20134.826171875,11847.825663931419,10516.384765625
train,2230,8.136569123066348,166,ok,crepe,9,SW_Yosefa,6038.01025390625,17645.63671875,9147.671754214638,8576.2333984375
train,2231,26.024339289983303,190,ok,crepe,4,SW_Luna,7523.4033203125,17652.578125,12068.611101740056,10518.23583984375
train,2232,11.781560130690455,193,ok,crepe,7,SW_Nikita,5762.5068359375,17451.01171875,15292.943037553267,16481.19921875
train,2233,19.449846313500014,86,ok,crepe,6,SW_Neo,6319.759765625,16101.953125,9364.689124282526,9637.365234375
train,2234,10.500797294668779,137,ok,crepe,6,SW_Neo,5762.19140625,19421.53515625,8994.497197138799,9199.939453125
train,2235,9.537823664628608,214,ok,crepe,6,SW_Neo,5969.755859375,19420.8359375,9664.161912385998,9474.736328125
train,2236,8.486929633951661,110,ok,crepe,4,SW_Luna,5904.26708984375,19423.705078125,13398.00934086001,12488.5302734375
train,2237,14.585588819437676,78,ok,crepe,7,SW_Nikita,5559.29736328125,17443.67578125,13589.789481026786,14668.42724609375
train,2238,11.260777988682262,89,ok,crepe,6,SW_Neo,5763.37158203125,17444.068359375,9757.964508655024,9582.935546875
train,2239,23.070535759345773,183,ok,crepe,5,SW_Nana,5969.2177734375,16282.462890625,9631.986302302434,9256.5
train,2240,9.96539432056415,165,ok,crepe,4,SW_Luna,6177.0078125,17251.1328125,11596.877280377326,10277.1025390625
train,2241,14.00883356347875,218,ok,crepe,6,SW_Neo,4893.1044921875,19905.6015625,10368.556150374874,9931.880859375
train,2242,16.36596747565352,159,ok,crepe,4,SW_Luna,6778.78125,17642.8359375,12177.930336782094,10523.3349609375
train,2243,7.178466736556729,128,ok,crepe,4,SW_Luna,4269.0625,19422.53515625,11150.795864762931,10636.1025390625
train,2244,20.989037166244625,148,ok,crepe,6,SW_Neo,5008.802734375,19901.19921875,9286.1884765625,9252.0234375
train,2245,8.271990422923798,72,ok,crepe,4,SW_Luna,9366.5673828125,17642.458984375,13480.67589750744,15220.94189453125
train,2246,26.90667397621826,147,ok,crepe,6,SW_Neo,5123.56884765625,16101.552734375,8724.159024586397,8940.0009765625
train,2247,13.412210753406912,115,ok,crepe,7,SW_Nikita,6462.77783203125,19409.9453125,16352.666481878525,17262.939453125
train,2248,4.339067021998837,103,ok,crepe,2,NSW_1,4783.57568359375,20127.306640625,11729.824329536503,10879.220703125
train,2249,6.532506161693682,152,ok,crepe,6,SW_Neo,5765.509765625,19211.9375,9799.722393548976,9587.17578125
train,2250,6.336258071204299,112,ok,crepe,4,SW_Luna,5969.6572265625,19424.216796875,12857.20000476372,12948.89453125
train,2251,14.987311777992476,122,ok,crepe,6,SW_Neo,5123.240234375,17252.728515625,9584.224142170639,9474.861328125
train,2252,15.256538283518037,63,ok,crepe,4,SW_Luna,8826.1728515625,16276.490234375,10770.829770440925,10399.0771484375
train,2253,27.3362473106991,108,ok,crepe,9,SW_Yosefa,5904.4873046875,16864.60546875,8678.952038180443,8159.552734375
train,2254,18.360584463629976,171,ok,crepe,6,SW_Neo,5904.5712890625,19423.408203125,9536.464560152304,9697.25341796875
train,2255,1.655932722393782,76,ok,crepe,7,SW_Nikita,8345.923828125,17646.12109375,15493.694740853658,16471.5205078125
train,2256,10.85665362846947,81,ok,crepe,6,SW_Neo,6396.6865234375,14844.32421875,10422.535252833104,10518.3837890625
train,2257,22.257710370826832,186,ok,crepe,6,SW_Neo,7100.9873046875,12948.4521484375,9848.959635416666,10281.7333984375
train,2258,9.166753809465584,111,ok,crepe,6,SW_Neo,5622.2939453125,19208.650390625,9512.301810396635,9693.3916015625
train,2259,12.134032322516735,142,ok,crepe,6,SW_Neo,3798.38916015625,19899.99609375,10146.438849431817,9822.10546875
train,2260,23.949422410316433,131,ok,crepe,9,SW_Yosefa,5621.5244140625,16282.5439453125,7668.435428017064,7523.909912109375
train,2261,18.158923962537656,150,ok,crepe,6,SW_Neo,5361.94921875,17643.0234375,8905.85072141438,8826.05859375
train,2262,10.764392751946797,133,ok,crepe,6,SW_Neo,5764.095703125,17860.958984375,9723.02326497396,9643.74560546875
train,2263,,0,no_valid_frames_after_f0_track,crepe,9,SW_Yosefa,,,,
train,2264,14.585944294951766,99,ok,crepe,9,SW_Yosefa,5242.1533203125,16281.5,8937.85334278208,8524.068359375
train,2265,10.15035705631549,88,ok,crepe,2,NSW_1,5832.0400390625,16478.2421875,9523.787673950195,9585.3603515625
train,2266,13.95830249855149,152,ok,crepe,6,SW_Neo,5298.9755859375,17644.6328125,9451.202083725528,9474.9814453125
train,2267,15.698983822395373,121,ok,crepe,6,SW_Neo,7098.10791015625,18078.36328125,9535.642463030134,9819.3408203125
train,2268,15.417026933434412,165,ok,crepe,4,SW_Luna,7190.8740234375,19417.53515625,12727.601931308178,11405.4462890625
train,2269,10.719850044685915,202,ok,crepe,7,SW_Nikita,8525.763671875,17866.814453125,15130.758263888889,16103.294921875
train,2270,5.768056159305569,93,ok,crepe,2,NSW_1,5063.75439453125,19207.919921875,12443.21848671109,10761.78125
train,2271,14.43112030345073,60,ok,crepe,2,NSW_1,8820.5908203125,12947.857421875,9917.651827566964,9530.927734375
train,2272,19.47682339679472,188,ok,crepe,3,SW_Dana,4027.88671875,19423.79296875,11247.34741551599,11398.658203125
train,2273,20.34273823226013,146,ok,crepe,4,SW_Luna,6177.52880859375,17651.8671875,11819.03419152462,10407.119140625
train,2274,18.689921307428065,221,ok,crepe,4,SW_Luna,5762.23095703125,17452.552734375,11950.580874693627,11007.5791015625
train,2275,17.447341056480848,93,ok,crepe,7,SW_Nikita,6177.619140625,16674.92578125,11594.200057119693,11070.53271484375
train,2276,21.33866968691806,134,ok,crepe,6,SW_Neo,4268.365234375,16477.71875,9775.00550832312,9930.376953125
train,2277,11.355599162327605,125,ok,crepe,6,SW_Neo,4314.6806640625,11794.951171875,10017.411256602112,10405.7509765625
train,2278,15.306060077413974,147,ok,crepe,4,SW_Luna,7614.1533203125,17450.4921875,12916.698107192096,11671.005859375
train,2279,10.078549122976721,66,ok,crepe,7,SW_Nikita,7096.5712890625,17445.978515625,14985.179028003247,16470.884765625
train,2280,18.483522485383386,279,ok,crepe,6,SW_Neo,7609.6279296875,16477.71875,10147.003910799203,10401.06201171875
train,2281,18.240586951620234,124,ok,crepe,4,SW_Luna,6620.87646484375,18484.123046875,10952.238068056779,10286.55029296875
train,2282,16.09984445611278,63,ok,crepe,2,NSW_1,8727.8017578125,16864.638671875,9979.905875428081,9699.712890625
train,2283,15.141740258758354,98,ok,crepe,2,NSW_1,5623.7958984375,17859.1875,11578.07588668418,10996.455078125
train,2284,10.009911272402913,66,ok,crepe,7,SW_Nikita,5624.39990234375,17252.392578125,12931.410630967883,15476.02587890625
train,2285,11.35721292030131,227,ok,crepe,4,SW_Luna,5427.6494140625,18496.748046875,13418.252986685311,11408.81640625
train,2286,19.65638247589988,99,ok,crepe,7,SW_Nikita,7262.65380859375,17252.7109375,13825.471068274457,15745.66015625
train,2287,10.62577113695529,100,ok,crepe,4,SW_Luna,7098.9853515625,19669.89453125,12740.983627454369,10762.265625
train,2288,6.883869853462721,39,ok,crepe,9,SW_Yosefa,4366.76513671875,21217.587890625,11475.29794034091,10704.64404296875
train,2289,9.989534929967105,97,ok,crepe,5,SW_Nana,4783.54248046875,17854.501953125,9268.924004448785,9310.908203125
train,2290,19.069418651995022,139,ok,crepe,5,SW_Nana,5970.5849609375,18727.185546875,10263.271067625397,9584.154296875
train,2291,6.730582505211117,101,ok,crepe,4,SW_Luna,8245.9287109375,19424.16015625,12117.051000292056,10766.0107421875
train,2292,14.72159520932852,116,ok,crepe,2,NSW_1,4574.9111328125,19669.40625,11566.936737985321,10277.20849609375
train,2293,5.538586754483048,73,ok,crepe,9,SW_Yosefa,6542.3623046875,18962.1640625,9740.47927308694,9092.19580078125
train,2294,2.2723076473960573,133,ok,crepe,9,SW_Yosefa,4366.76806640625,17859.5234375,8996.5667399674,8067.1181640625
train,2295,22.100843949666533,134,ok,crepe,4,SW_Luna,5763.01220703125,17650.634765625,12724.773507254464,10878.703125
train,2296,26.56481648246656,172,ok,crepe,5,SW_Nana,5762.62158203125,19676.287109375,7949.23336653973,7520.40771484375
train,2297,17.373627190685625,167,ok,crepe,6,SW_Neo,7792.8369140625,18723.552734375,10225.254818564967,9931.6806640625
train,2298,17.130345671059235,171,ok,crepe,6,SW_Neo,5363.00732421875,10761.1513671875,8341.837940449617,7262.690185546875
train,2299,11.819171456149657,111,ok,crepe,7,SW_Nikita,8822.58984375,17445.712890625,15310.049308776855,16475.681640625
train,2300,13.410480893407271,74,ok,crepe,7,SW_Nikita,6707.0546875,16671.673828125,13871.935215541294,15565.8095703125
train,2301,12.979010162946071,133,ok,crepe,4,SW_Luna,5903.91796875,19423.83203125,12815.41493881933,10880.37109375
train,2302,24.289557671517574,179,ok,crepe,6,SW_Neo,7098.99658203125,19898.537109375,9667.385964995448,9698.8125
train,2303,9.62398444525675,142,ok,crepe,6,SW_Neo,6318.5732421875,19421.46484375,11363.84551812403,10759.4228515625
train,2304,20.54543751927585,146,ok,crepe,4,SW_Luna,7980.71826171875,17448.427734375,12337.068786255613,10644.2392578125
train,2305,19.277362802982715,122,ok,crepe,6,SW_Neo,6618.80615234375,12946.990234375,9143.631039089627,9093.42529296875
train,2306,16.274986295383457,122,ok,crepe,6,SW_Neo,5762.59814453125,17444.658203125,9426.185652259443,9585.576171875
train,2307,22.589697303113265,98,ok,crepe,9,SW_Yosefa,5361.64794921875,15404.0830078125,8147.740332927179,7979.6416015625
train,2308,20.64951945321092,117,ok,crepe,6,SW_Neo,6853.8291015625,10756.57421875,8944.35407986111,9372.974609375
train,2309,8.29626641070854,69,ok,crepe,6,SW_Neo,5427.333984375,20131.69921875,10372.051423725328,10400.48046875
train,2310,11.937480491654329,77,ok,crepe,2,NSW_1,5558.58642578125,17254.873046875,11844.016668911638,10760.421875
train,2311,5.657857377340953,53,ok,crepe,6,SW_Neo,7099.05078125,17859.5234375,9945.90629965572,9581.908203125
train,2312,18.998415349891495,84,ok,crepe,3,SW_Dana,9145.9482421875,17257.37109375,14117.173867984693,14756.65673828125
train,2313,5.628066543670121,141,ok,crepe,6,SW_Neo,6034.25537109375,17864.353515625,9737.032235952523,9097.15087890625
train,2314,10.742735555648622,162,ok,crepe,5,SW_Nana,6175.912109375,17647.1015625,9875.276695376537,9813.798828125
train,2315,13.838610143257844,133,ok,crepe,4,SW_Luna,5763.2978515625,19424.26953125,10546.469477439414,9700.3671875
train,2316,21.062029622826653,122,ok,crepe,4,SW_Luna,8069.2783203125,17444.20703125,12769.345555922564,10882.53173828125
train,2317,10.298840130580837,91,ok,crepe,6,SW_Neo,5063.12548828125,19428.2578125,8836.843247070312,8938.7333984375
train,2318,7.822678702556907,63,ok,crepe,4,SW_Luna,6780.59814453125,16677.671875,10358.208537356953,10281.779296875
train,2319,12.828460636296077,101,ok,crepe,9,SW_Yosefa,5499.19970703125,12948.59375,9203.66158385196,8777.322265625
train,2320,11.776898927794656,62,ok,crepe,4,SW_Luna,7345.63525390625,17251.78125,11998.754677592844,10519.634765625
train,2321,0.12342041052216157,101,ok,crepe,6,SW_Neo,5361.58935546875,15928.14453125,9722.294355119977,9584.1552734375
train,2322,16.074256206744643,41,ok,crepe,7,SW_Nikita,8625.2919921875,17645.51953125,13869.327973090278,16274.705078125
train,2323,16.562264824706798,158,ok,crepe,2,NSW_1,5762.849609375,20128.6640625,10285.632205596752,9257.09375
train,2324,16.0491166528409,118,ok,crepe,6,SW_Neo,6033.7470703125,17646.25,9689.186392257463,9585.79541015625
train,2325,17.929656329823512,128,ok,crepe,6,SW_Neo,6939.1328125,14161.419921875,9443.61810051905,9758.35693359375
train,2326,18.33621656250546,137,ok,crepe,6,SW_Neo,5123.68212890625,19424.1796875,9058.293091607862,9039.7880859375
train,2327,8.85474048486134,139,ok,crepe,6,SW_Neo,6396.48974609375,17445.79296875,9873.009063720703,10052.67822265625
train,2328,22.386880306901922,121,ok,crepe,6,SW_Neo,5904.8876953125,17642.943359375,9305.56626674107,9820.62255859375
train,2329,19.40116716967355,106,ok,crepe,9,SW_Yosefa,4622.35400390625,9142.3251953125,7461.153606824639,7434.2236328125
train,2330,9.262138140924565,66,ok,crepe,4,SW_Luna,4367.18212890625,19420.875,11382.996212521115,10518.83056640625
train,2331,15.908481733601786,209,ok,crepe,2,NSW_1,5498.46240234375,19425.19921875,11702.88052100466,12073.421875
train,2332,4.629615477602221,83,ok,crepe,4,SW_Luna,6320.96435546875,17651.935546875,12461.956263950893,10882.1337890625
train,2333,10.959942632421543,121,ok,crepe,4,SW_Luna,6708.125,19423.04296875,9455.265280744155,9047.5986328125
train,2334,24.532485446869373,97,ok,crepe,6,SW_Neo,5178.208984375,17860.55078125,10117.377955163043,9815.8388671875
train,2335,7.398260913535042,71,ok,crepe,4,SW_Luna,6034.43896484375,17444.03515625,11277.46810521835,10638.2958984375
train,2336,23.024874450195476,126,ok,crepe,6,SW_Neo,7190.5361328125,10761.74609375,9027.595576038098,9248.89013671875
train,2337,16.28908268795666,196,ok,crepe,6,SW_Neo,7881.94580078125,17641.765625,10290.919291904995,9815.11865234375
train,2338,10.91744394923483,79,ok,crepe,4,SW_Luna,6463.9501953125,18077.826171875,11041.177442467731,10405.03173828125
train,2339,13.209775110923928,139,ok,crepe,6,SW_Neo,6033.33447265625,17251.78125,8971.515924767602,9420.130859375
train,2340,20.971232171902056,118,ok,crepe,4,SW_Luna,6398.2216796875,18080.2578125,12933.48167293233,11539.173828125
train,2341,12.763025772313535,213,ok,crepe,4,SW_Luna,6539.275390625,17449.818359375,12063.12658345458,10770.708984375
train,2342,1.592640270941024,111,ok,crepe,5,SW_Nana,6705.1728515625,17645.001953125,9394.82683316929,9369.5458984375
train,2343,19.25870206773648,145,ok,crepe,6,SW_Neo,4726.4296875,17441.5625,9053.641077769886,9044.869140625
train,2344,24.03408374878788,77,ok,crepe,7,SW_Nikita,12495.2734375,17654.310546875,16705.7351760007,16862.73828125
train,2345,12.255376352577418,132,ok,crepe,2,NSW_1,5558.2919921875,18496.93359375,9955.625967232285,9697.9599609375
train,2346,7.532184081813194,105,ok,crepe,4,SW_Luna,6318.6103515625,18960.529296875,13242.585658482143,13553.5390625
train,2347,16.69355460763171,123,ok,crepe,6,SW_Neo,5297.3212890625,19674.5546875,10378.689003764719,10049.1318359375
train,2348,10.224231134092982,58,ok,crepe,2,NSW_1,6177.130859375,17443.861328125,11479.12438364498,11000.9814453125
train,2349,17.42272519569939,69,ok,crepe,2,NSW_1,7979.9765625,16677.548828125,10574.72430796682,10521.857421875
train,2350,14.082870373540109,123,ok,crepe,6,SW_Neo,6034.5751953125,17440.38671875,9896.90231544384,9820.7197265625
train,2351,8.285804058987635,82,ok,crepe,6,SW_Neo,6034.4091796875,19422.42578125,11650.835272606382,10639.05615234375
train,2352,7.745153740237018,169,ok,crepe,4,SW_Luna,6033.8330078125,17442.51171875,11578.28989917652,10521.3359375
train,2353,25.215728228786528,124,ok,crepe,6,SW_Neo,5123.5751953125,19430.125,9050.15852067854,9473.314453125
train,2354,16.136716363366922,134,ok,crepe,2,NSW_1,4677.18212890625,16861.47265625,8889.49804364135,7794.6376953125
train,2355,9.811522149003576,118,ok,crepe,2,NSW_1,4073.011474609375,20778.0,11431.314512365005,10522.380859375
train,2356,13.541171790172793,172,ok,crepe,4,SW_Luna,5761.2861328125,17868.681640625,14090.075917870106,16476.7421875
train,2357,16.63153719821347,143,ok,crepe,4,SW_Luna,6464.0419921875,17450.908203125,12718.806008212538,10876.0439453125
train,2358,16.743780534318805,155,ok,crepe,5,SW_Nana,5829.65380859375,17442.98046875,8688.339667196327,8347.802734375
train,2359,10.864886592273137,68,ok,crepe,5,SW_Nana,6177.6083984375,12072.09765625,8819.151380037007,8682.14599609375
train,2360,13.803650472390064,155,ok,crepe,6,SW_Neo,6540.1220703125,17854.978515625,8945.02809962041,8936.759765625
train,2361,12.780087275237754,124,ok,crepe,5,SW_Nana,6707.23193359375,16866.12890625,8575.008652480332,8527.5546875
train,2362,13.459109590270897,70,ok,crepe,6,SW_Neo,7095.72705078125,17045.224609375,8654.413116841377,9145.564453125
train,2363,13.288332828879458,84,ok,crepe,4,SW_Luna,7703.75,17448.826171875,12386.761896769205,11135.39794921875
train,2364,20.65501113573847,205,ok,crepe,6,SW_Neo,5760.283203125,17247.779296875,8346.207264957266,7263.447021484375
train,2365,13.33260413454009,89,ok,crepe,5,SW_Nana,6248.99365234375,17444.294921875,9218.78794290562,8526.294921875
train,2366,22.533199906552,141,ok,crepe,5,SW_Nana,5428.34521484375,16290.447265625,10436.20272467003,9252.1171875
train,2367,14.678357629685513,122,ok,crepe,6,SW_Neo,3277.497802734375,19673.75,9098.780419921875,9366.79296875
train,2368,5.564899431982189,108,ok,crepe,4,SW_Luna,5360.7978515625,19421.81640625,12899.783251549587,10996.767578125
train,2369,7.269645153531718,128,ok,crepe,6,SW_Neo,6175.86328125,17864.755859375,9929.678567940848,9579.85400390625
train,2370,4.7882995943696995,51,ok,crepe,4,SW_Luna,8632.9072265625,16099.818359375,11466.377666766826,9932.568359375
train,2371,9.730014821662543,72,ok,crepe,4,SW_Luna,5623.1337890625,17449.37890625,11904.414098227897,10875.21728515625
train,2372,16.291104773124875,117,ok,crepe,6,SW_Neo,4784.005859375,19424.26953125,9381.478439103312,9247.47509765625
train,2373,15.94198586846738,231,ok,crepe,4,SW_Luna,6621.576171875,19421.48828125,12831.388539209906,11676.048828125
train,2374,11.953235129912024,63,ok,crepe,7,SW_Nikita,4623.28857421875,17443.291015625,14076.546413845486,16377.98583984375
train,2375,12.49719131506537,144,ok,crepe,4,SW_Luna,6176.3974609375,19420.7890625,12799.576972285404,11412.8369140625
train,2376,9.013723726019709,86,ok,crepe,4,SW_Luna,6319.41015625,17645.93359375,14251.647481282553,16673.9990234375
train,2377,6.864039730456097,59,ok,crepe,7,SW_Nikita,6246.1845703125,17250.453125,9281.208747632576,8342.438232421875
train,2378,20.806189308122956,167,ok,crepe,4,SW_Luna,7264.83447265625,19425.3046875,12746.015479019008,10876.16650390625
train,2379,19.43770834576962,113,ok,crepe,4,SW_Luna,6707.55322265625,17641.6484375,12503.274318695068,10639.23876953125
train,2380,15.386076814634706,80,ok,crepe,4,SW_Luna,6034.55859375,17639.763671875,12075.702773227487,10641.8125
train,2381,17.08508962200185,97,ok,crepe,6,SW_Neo,6100.4462890625,10880.5517578125,8827.778953758447,9365.25390625
train,2382,11.735854754938458,141,ok,crepe,6,SW_Neo,3511.841064453125,11140.5625,8717.405353310667,9042.6005859375
train,2383,12.243345536665446,146,ok,crepe,6,SW_Neo,5692.640625,17441.681640625,9648.184785995016,9473.279296875
train,2384,10.509414293338155,130,ok,crepe,6,SW_Neo,5904.19677734375,19669.19140625,9721.41006684639,9693.111328125
train,2385,0.19355103453595593,126,ok,crepe,4,SW_Luna,7436.177734375,20556.8046875,12583.158419756823,11734.72412109375
train,2386,22.460581619538353,139,ok,crepe,4,SW_Luna,8069.61181640625,17439.6875,13211.27660228588,11735.7041015625
train,2387,15.350045486535617,114,ok,crepe,4,SW_Luna,4783.365234375,21488.3125,13719.04145172352,14485.8896484375
train,2388,18.087602235614053,112,ok,crepe,4,SW_Luna,7348.515625,18967.6171875,11677.997390625,10515.7421875
train,2389,7.487769816600233,107,ok,crepe,6,SW_Neo,5903.6953125,17447.990234375,10251.934004070377,10761.6318359375
train,2390,21.52780726453866,117,ok,crepe,6,SW_Neo,5428.369140625,17255.146484375,9563.719206436821,9927.3798828125
train,2391,8.789512409937101,32,ok,crepe,6,SW_Neo,5763.42724609375,17254.513671875,9926.919222445102,9256.5458984375
train,2392,26.560342203014624,135,ok,crepe,6,SW_Neo,5502.0380859375,17861.701171875,9028.38688045353,9473.55712890625
train,2393,15.574571708613433,79,ok,crepe,7,SW_Nikita,8159.0185546875,19672.61328125,11966.79840158046,10158.5732421875
train,2394,-3.4285484998334947,68,ok,crepe,4,SW_Luna,5969.70458984375,17647.15234375,10970.895280393835,10516.607421875
train,2395,18.89441773255689,126,ok,crepe,6,SW_Neo,5498.42578125,17860.4453125,9124.087649828767,9422.42236328125
train,2396,13.086268379413951,113,ok,crepe,9,SW_Yosefa,5692.6015625,19209.1953125,9938.975958876723,9697.09765625
train,2397,19.52701205164341,108,ok,crepe,2,NSW_1,4677.53955078125,19899.015625,10146.971888950893,10278.03173828125
train,2398,12.57252451100775,58,ok,crepe,7,SW_Nikita,7351.1318359375,17643.087890625,15295.20137469952,16281.091796875
train,2399,28.906492296355445,166,ok,crepe,6,SW_Neo,4950.2138671875,16681.55078125,8525.758520635634,8434.103515625
train,2400,9.587015250593048,89,ok,crepe,4,SW_Luna,5298.62353515625,17446.490234375,11504.419090346535,10638.64453125
train,2401,14.237814641961638,143,ok,crepe,3,SW_Dana,8155.44921875,16281.2890625,12178.11221590909,11535.8876953125
train,2402,6.180463790452798,73,ok,crepe,9,SW_Yosefa,5623.46142578125,19210.12890625,11590.110729980468,9877.21728515625
train,2403,23.972527538624128,133,ok,crepe,6,SW_Neo,7793.02978515625,18725.427734375,10099.554588567198,9925.6162109375
train,2404,20.17900010389891,165,ok,crepe,4,SW_Luna,5970.29052734375,19898.98828125,11587.5630885074,10461.77685546875
train,2405,10.770876088531828,81,ok,crepe,6,SW_Neo,6707.33984375,17044.46484375,9168.007474459135,8938.9248046875
train,2406,8.195763558836015,144,ok,crepe,4,SW_Luna,5298.46728515625,19666.0390625,13218.505513139204,12208.9443359375
train,2407,11.755083475925275,145,ok,crepe,5,SW_Nana,6101.6162109375,19897.88671875,11036.32323049214,9940.0576171875
train,2408,18.036776696430383,52,ok,crepe,4,SW_Luna,7521.12353515625,16677.724609375,12130.914592161016,9691.7470703125
train,2409,8.999241433919186,95,ok,crepe,6,SW_Neo,5362.376953125,19665.53125,9218.297724971066,9420.35498046875
train,2410,12.445579469823013,79,ok,crepe,4,SW_Luna,8821.0810546875,17865.421875,12515.330034722223,10997.23876953125
train,2411,7.600352609348624,174,ok,crepe,3,SW_Dana,5762.2001953125,17648.162109375,11888.674472557106,11538.7734375
train,2412,12.058006488248619,126,ok,crepe,4,SW_Luna,4315.1259765625,17444.26953125,11096.56172349718,9932.794921875
train,2413,19.1951210454397,166,ok,crepe,3,SW_Dana,8930.1279296875,17445.517578125,12580.384982079575,12493.83154296875
train,2414,8.583941903506055,59,ok,crepe,6,SW_Neo,5970.53173828125,19673.88671875,11635.176498413086,10521.6904296875
train,2415,13.8747503735665,135,ok,crepe,9,SW_Yosefa,6619.8056640625,16112.611328125,9526.327498586554,8827.52294921875
train,2416,17.049161689623855,87,ok,crepe,7,SW_Nikita,5762.2255859375,19423.439453125,12650.468595543687,14490.779296875
train,2417,14.278167757699215,64,ok,crepe,2,NSW_1,5969.77587890625,16280.36328125,9958.684982944542,9591.3818359375
train,2418,14.0043566415065,211,ok,crepe,4,SW_Luna,6033.53955078125,19672.923828125,12026.578747910236,11673.7021484375
train,2419,7.427395522794672,120,ok,crepe,6,SW_Neo,5830.60791015625,17441.41796875,9566.21412784892,9691.5927734375
train,2420,14.71173003172122,114,ok,crepe,4,SW_Luna,7094.66259765625,17648.0234375,12156.328256758432,10767.56103515625
train,2421,17.525235724765224,75,ok,crepe,2,NSW_1,4073.1904296875,16860.927734375,9997.137757120254,10277.30859375
train,2422,12.78170242564581,65,ok,crepe,3,SW_Dana,5970.8427734375,16856.080078125,12463.167713994566,11399.228515625
train,2423,7.46256463170668,47,ok,crepe,4,SW_Luna,8729.36328125,17446.357421875,10198.50909090909,10162.958984375
train,2424,12.312134897057973,89,ok,crepe,4,SW_Luna,6175.509765625,17858.845703125,12905.763952274134,11283.1015625
train,2425,10.107026410630034,164,ok,crepe,4,SW_Luna,7521.53857421875,17255.083984375,11860.63060151861,10766.50927734375
train,2426,22.628854037186006,97,ok,crepe,4,SW_Luna,8826.1201171875,18085.966796875,12896.264413016183,10642.861328125
train,2427,20.30225263825034,151,ok,crepe,6,SW_Neo,5969.8876953125,19423.12109375,11098.052570622142,10874.8330078125
train,2428,16.603484782450135,150,ok,crepe,4,SW_Luna,6621.30078125,16865.19140625,12543.675307080925,12071.013671875
train,2429,10.100832828590816,90,ok,crepe,4,SW_Luna,8627.587890625,17441.7109375,12172.97581513074,10577.3876953125
train,2430,9.408256577080031,204,ok,crepe,4,SW_Luna,5361.416015625,18078.72265625,13454.261322154749,11930.904296875
train,2431,11.20538690853496,90,ok,crepe,6,SW_Neo,7099.4736328125,17439.123046875,8914.271604051777,7883.992431640625
train,2432,8.11762015979907,104,ok,crepe,6,SW_Neo,6852.7626953125,13845.72265625,8914.908666150322,9310.0087890625
train,2433,20.14238438467704,70,ok,crepe,9,SW_Yosefa,8248.08203125,17442.6796875,10341.369176793982,9692.5771484375
train,2434,15.783899537563084,138,ok,crepe,6,SW_Neo,4266.20166015625,16863.9140625,9756.453178210137,10158.421875
train,2435,16.51118448373374,149,ok,crepe,9,SW_Yosefa,6035.29736328125,11536.4248046875,7994.974663947611,7790.796875
train,2436,19.754097715821118,90,ok,crepe,2,NSW_1,8824.96875,20130.2421875,11670.234574104976,10517.5703125
train,2437,10.64529801702291,145,ok,crepe,4,SW_Luna,5830.4306640625,17653.19140625,14294.190905986388,16481.61328125
train,2438,10.667495149980775,99,ok,crepe,5,SW_Nana,5692.9599609375,10640.40625,7892.400091207252,7838.18603515625
train,2439,9.409243672990325,178,ok,crepe,4,SW_Luna,5762.83447265625,19423.5703125,11379.910105738147,10643.7548828125
train,2440,15.758679691014319,101,ok,crepe,7,SW_Nikita,6707.978515625,17452.53515625,13068.08387072333,15199.4248046875
train,2441,18.11677570081996,155,ok,crepe,6,SW_Neo,5359.92578125,17646.021484375,10055.646980839734,9823.83984375
train,2442,21.39843932931477,149,ok,crepe,6,SW_Neo,5970.712890625,11006.9716796875,8960.862615931104,9247.99609375
train,2443,13.273429755074382,138,ok,crepe,7,SW_Nikita,5763.27880859375,17442.224609375,15575.025138709196,16483.77734375
train,2444,20.26311508922329,147,ok,crepe,6,SW_Neo,5762.19140625,17442.4140625,10437.34193761489,10516.91943359375
train,2445,11.486959045168739,83,ok,crepe,4,SW_Luna,6463.61083984375,17651.7265625,14253.669340093085,15929.140625
train,2446,8.741855306754836,61,ok,crepe,5,SW_Nana,5763.4228515625,16100.73046875,11884.888020833334,10406.9443359375
train,2447,9.404118817758109,78,ok,crepe,6,SW_Neo,4314.70068359375,10767.7255859375,9840.248019443468,10048.5302734375
train,2448,12.222356721772293,107,ok,crepe,4,SW_Luna,6395.6796875,19901.109375,11580.150366210937,10517.2802734375
train,2449,10.724225018575844,110,ok,crepe,7,SW_Nikita,7191.6220703125,16482.158203125,13806.5114375,15734.5751953125
train,2450,12.344982067845224,94,ok,crepe,4,SW_Luna,3276.92919921875,19209.373046875,10438.48520415684,10101.37060546875
train,2451,12.910335476037506,87,ok,crepe,4,SW_Luna,5427.6533203125,19674.978515625,10929.9099328873,10516.326171875
train,2452,9.09057399067104,132,ok,crepe,4,SW_Luna,7525.60986328125,17852.3125,12101.018313891267,10641.177734375
train,2453,23.566443899620108,83,ok,crepe,4,SW_Luna,8731.03125,17446.59375,12711.973451594717,10756.6748046875
train,2454,14.342606184224495,160,ok,crepe,3,SW_Dana,4519.224609375,17652.6484375,13876.621520996094,14667.72509765625
train,2455,6.938305587592316,59,ok,crepe,2,NSW_1,9473.2509765625,19674.1015625,12039.953893442624,11796.46484375
train,2456,9.98634375841869,160,ok,crepe,8,SW_Shy,3841.76708984375,17441.802734375,8811.347653567136,8525.021484375
train,2457,7.319442849312412,60,ok,crepe,6,SW_Neo,5762.779296875,17444.115234375,10182.296678229945,10163.6806640625
train,2458,25.733047165910577,92,ok,crepe,4,SW_Luna,8728.8486328125,17869.880859375,13108.354419173482,10637.283203125
train,2459,22.267125357661435,214,ok,crepe,4,SW_Luna,7702.51220703125,17440.501953125,11961.818319838058,10523.9892578125
train,2460,12.359557044136746,170,ok,crepe,4,SW_Luna,6540.0205078125,17645.96875,12287.570422676283,11410.5029296875
train,2461,6.477421822512949,71,ok,crepe,9,SW_Yosefa,4725.75732421875,21218.591796875,12412.747977120536,11671.76171875
train,2462,12.679603859204,91,ok,crepe,4,SW_Luna,5361.63037109375,17646.0625,12908.335313063402,10880.33056640625
train,2463,1.5377471182952025,84,ok,crepe,6,SW_Neo,5969.8310546875,18727.48828125,11150.52451393821,10701.01904296875
train,2464,13.268644845698752,106,ok,crepe,2,NSW_1,6035.1513671875,20126.376953125,11346.31310727416,10635.1357421875
train,2465,3.4137985070703003,132,ok,crepe,6,SW_Neo,4171.84375,19671.578125,10410.045527897828,10278.2763671875
train,2466,13.049979251950933,217,ok,crepe,4,SW_Luna,6935.455078125,16853.08203125,12257.933413550967,11678.10546875
train,2467,12.36834694947168,66,ok,crepe,2,NSW_1,4574.880859375,21211.130859375,11728.037220052083,10517.6708984375
train,2468,12.269090645183793,41,ok,crepe,9,SW_Yosefa,5904.5947265625,19422.548828125,8840.665323893229,6707.04541015625
train,2469,22.094994449471272,195,ok,crepe,6,SW_Neo,6034.65625,16477.69140625,10387.672180725647,10049.78271484375
train,2470,9.970024963625832,131,ok,crepe,6,SW_Neo,3551.72900390625,17644.201171875,8940.789701525797,9147.1552734375
train,2471,11.171737656916418,121,ok,crepe,6,SW_Neo,5623.6279296875,17045.037109375,9254.001171167347,9471.48291015625
train,2472,18.117044595680095,141,ok,crepe,4,SW_Luna,7264.759765625,17452.22265625,12999.30059070122,11278.46142578125
train,2473,16.369843146047756,173,ok,crepe,4,SW_Luna,7979.1748046875,17862.634765625,11497.10096037079,10160.8876953125
train,2474,8.747464031662311,106,ok,crepe,2,NSW_1,6177.4423828125,16864.728515625,10985.739053694928,10277.71923828125
train,2475,10.584469525216097,64,ok,crepe,2,NSW_1,4950.044921875,16863.140625,11595.068964568662,11145.955078125
train,2476,18.156004520825547,108,ok,crepe,6,SW_Neo,5691.42333984375,16863.111328125,10219.0932083771,10516.615234375
train,2477,19.15892132227602,124,ok,crepe,6,SW_Neo,5829.462890625,17252.05078125,8461.920980963909,7350.164794921875
train,2478,10.445008943352505,124,ok,crepe,6,SW_Neo,5497.904296875,18078.26171875,9241.084172712053,9475.791015625
train,2479,3.596354314963228,128,ok,crepe,6,SW_Neo,5298.4169921875,17643.962890625,10508.845422545475,10640.05810546875
train,2480,11.747516478311493,69,ok,crepe,7,SW_Nikita,6176.548828125,17436.9609375,9995.371512276786,10643.611328125
train,2481,16.399128286228347,112,ok,crepe,2,NSW_1,7797.68603515625,19207.58984375,9983.514391048933,9940.7119140625
train,2482,8.75432265481923,148,ok,crepe,3,SW_Dana,6033.1787109375,19422.599609375,12736.691474313448,12215.814453125
train,2483,18.041189632035838,97,ok,crepe,5,SW_Nana,8159.50390625,20128.0,12151.63999720982,11407.578125
train,2484,16.91533396382951,215,ok,crepe,6,SW_Neo,3981.0322265625,19423.3125,11351.474764827806,10516.701171875
train,2485,11.66769986901427,126,ok,crepe,3,SW_Dana,6176.4853515625,17250.783203125,12472.894126578552,12731.046875
train,2486,5.848522424795103,152,ok,crepe,4,SW_Luna,5123.44677734375,19904.404296875,8540.277119715074,7100.192138671875
train,2487,23.419052833150786,149,ok,crepe,6,SW_Neo,4573.654296875,12655.9716796875,9010.45062681686,9472.07080078125
train,2488,13.666059693060726,121,ok,crepe,4,SW_Luna,4268.7587890625,19425.70703125,13316.74269716583,11800.68359375
train,2489,16.025519350497195,120,ok,crepe,4,SW_Luna,7014.0810546875,17648.732421875,12836.892623791591,11276.8828125
train,2490,13.082970746931228,144,ok,crepe,2,NSW_1,6033.986328125,21490.478515625,13451.618495611498,11003.8857421875
train,2491,6.460460226381091,70,ok,crepe,9,SW_Yosefa,6465.775390625,17441.41015625,8737.603600260416,7885.8203125
train,2492,15.056724268888884,106,ok,crepe,2,NSW_1,6318.111328125,20549.6640625,11713.022322029903,10757.3251953125
train,2493,20.19921819292604,110,ok,crepe,4,SW_Luna,8828.5947265625,17649.078125,13313.848510742188,11733.63134765625
train,2494,17.990404700503188,146,ok,crepe,3,SW_Dana,5428.013671875,19672.88671875,11474.278846377418,11072.3876953125
train,2495,15.111637661021138,113,ok,crepe,6,SW_Neo,5558.40625,17642.7265625,9161.352822946948,8931.4296875
train,2496,11.376306920321262,67,ok,crepe,7,SW_Nikita,10401.630859375,17041.28125,14975.798392630912,15200.51123046875
train,2497,13.88312684442871,107,ok,crepe,9,SW_Yosefa,7522.84423828125,11001.62109375,8721.644787397541,8432.1904296875
train,2498,6.7033807621312915,71,ok,crepe,6,SW_Neo,6034.59033203125,17443.359375,11602.260543020147,9935.07373046875
train,2499,6.337644030343226,128,ok,crepe,9,SW_Yosefa,5693.083984375,17049.3828125,9820.176423373288,9196.4853515625
train,2500,18.421043265264558,162,ok,crepe,9,SW_Yosefa,5903.90185546875,17647.046875,9482.511448357694,8525.32275390625
train,2501,9.528386543622231,124,ok,crepe,4,SW_Luna,8434.0478515625,17449.818359375,13533.625226947623,12357.3896484375
train,2502,9.273793385748945,117,ok,crepe,6,SW_Neo,5621.66015625,18079.05859375,9417.832602804021,9586.23828125
train,2503,3.166074282624496,73,ok,crepe,6,SW_Neo,4413.92529296875,17255.1171875,9240.450159143518,9582.123046875
train,2504,11.942514989933809,55,ok,crepe,7,SW_Nikita,5428.548828125,19670.595703125,11934.23195545709,11798.9404296875
train,2505,10.736757956140906,80,ok,crepe,6,SW_Neo,7191.0751953125,17644.591796875,9891.582132273707,9820.6484375
train,2506,15.078652879424787,127,ok,crepe,5,SW_Nana,5692.591796875,19671.3125,10341.0173441569,8682.033203125
train,2507,12.479291219102219,86,ok,crepe,4,SW_Luna,5124.0029296875,17442.236328125,11168.53223175698,10518.7578125
train,2508,13.566105291481524,107,ok,crepe,6,SW_Neo,5763.3642578125,17258.7578125,10124.9263671875,10343.60400390625
train,2509,10.972296211030557,96,ok,crepe,4,SW_Luna,8727.6669921875,17436.64453125,12290.075908954326,10768.40234375
train,2510,10.920337972270824,123,ok,crepe,7,SW_Nikita,5904.3876953125,18957.728515625,15473.29005998884,17260.904296875
train,2511,13.100447919084937,160,ok,crepe,4,SW_Luna,6176.416015625,18724.9453125,13052.9228515625,12140.0908203125
train,2512,10.152540986445825,28,ok,crepe,1,NSW_2,5427.71240234375,21215.373046875,9492.30233487216,8346.1416015625
train,2513,8.418806146517223,53,ok,crepe,4,SW_Luna,8728.7080078125,17645.19921875,14653.792692057292,17030.5205078125
train,2514,7.273668572495153,170,ok,crepe,5,SW_Nana,4073.6103515625,17443.388671875,9259.258242289225,9308.6552734375
train,2515,18.82419677020591,91,ok,crepe,5,SW_Nana,6177.0595703125,16866.015625,7977.585039992559,7439.3984375
train,2516,8.151122877085745,44,ok,crepe,9,SW_Yosefa,6033.90087890625,9695.6552734375,9294.574330647787,9369.587890625
train,2517,8.646589183413905,33,ok,crepe,4,SW_Luna,8247.875,10282.646484375,9440.293971011513,9528.5849609375
train,2518,15.368385474254119,215,ok,crepe,6,SW_Neo,6318.0087890625,17439.140625,10376.391287950966,10400.4775390625
train,2519,13.84068195457308,118,ok,crepe,6,SW_Neo,6176.8564453125,17857.859375,9745.629791715251,10157.90869140625
train,2520,12.341311057476442,185,ok,crepe,2,NSW_1,5764.06298828125,21214.53125,12339.49822142965,11791.4052734375
train,2521,2.0006179418820635,148,ok,crepe,6,SW_Neo,5969.73828125,14332.875,9767.051387902462,9824.81640625
train,2522,17.68395560626276,131,ok,crepe,4,SW_Luna,8346.0263671875,19211.919921875,12561.72088184232,12068.5107421875
train,2523,11.375886906894062,70,ok,crepe,2,NSW_1,5970.6298828125,20128.33203125,12109.716192626953,11999.6513671875
train,2524,8.556350803660418,121,ok,crepe,4,SW_Luna,4311.5517578125,17640.94140625,13137.073536592372,12491.5791015625
train,2525,14.855611282009813,132,ok,crepe,4,SW_Luna,5903.32470703125,18282.46875,14212.600858989515,16381.1259765625
train,2526,23.82059478378639,135,ok,crepe,6,SW_Neo,4837.95947265625,14496.9677734375,8785.30183556429,9044.6572265625
train,2527,8.06981229812256,112,ok,crepe,4,SW_Luna,5969.69482421875,17647.73046875,13363.11172359246,12493.376953125
train,2528,16.451907452511833,117,ok,crepe,6,SW_Neo,7015.265625,11673.3505859375,8810.356858197381,8932.404296875
train,2529,15.248233258689623,39,ok,crepe,9,SW_Yosefa,7437.509765625,20775.927734375,9271.961192737926,8628.36669921875
train,2530,11.179664152264898,204,ok,crepe,6,SW_Neo,5764.3505859375,19672.25390625,8842.804784733496,8729.888671875
train,2531,21.317059811416627,133,ok,crepe,5,SW_Nana,5625.8203125,16280.20703125,10353.5093407569,9369.9638671875
train,2532,8.879846880012535,81,ok,crepe,4,SW_Luna,7613.177734375,19905.02734375,11938.133470618206,10766.408203125
train,2533,15.05062649152703,122,ok,crepe,4,SW_Luna,7014.18359375,17647.923828125,12606.913271270529,11405.080078125
train,2534,16.058531310145515,174,ok,crepe,6,SW_Neo,4676.99267578125,20129.216796875,8774.475972078284,9146.8994140625
train,2535,12.778172442532663,118,ok,crepe,6,SW_Neo,7096.36474609375,19426.39453125,10056.520682719216,10159.966796875
train,2536,13.548237857378378,171,ok,crepe,6,SW_Neo,5178.31982421875,16677.482421875,8476.364580028554,7977.4560546875
train,2537,21.43965649195315,128,ok,crepe,5,SW_Nana,5904.1943359375,12950.763671875,8284.349701752533,7793.095703125
train,2538,14.393062983128928,176,ok,crepe,4,SW_Luna,6034.0478515625,17861.814453125,11876.831049547698,10406.73193359375
train,2539,4.931460222002884,96,ok,crepe,4,SW_Luna,6176.6650390625,19423.98046875,12381.833114769346,10520.962890625
train,2540,13.487882391579571,228,ok,crepe,4,SW_Luna,5623.93115234375,17860.083984375,13284.90467973189,11669.2548828125
train,2541,8.771186213361144,150,ok,crepe,6,SW_Neo,6177.853515625,19897.859375,9924.431611386603,9254.3125
train,2542,9.266941396949225,119,ok,crepe,6,SW_Neo,5178.18115234375,17441.94140625,8836.104305491728,8528.20068359375
train,2543,5.0208950798873975,155,ok,crepe,4,SW_Luna,5499.6416015625,21003.62109375,11509.16550087067,10518.615234375
train,2544,8.966598470123126,74,ok,crepe,9,SW_Yosefa,6176.013671875,17040.001953125,10373.474368248457,9695.15234375
train,2545,14.146881574295572,108,ok,crepe,7,SW_Nikita,7261.3046875,18724.611328125,13643.503966780734,15939.630859375
train,2546,10.048322100776083,185,ok,crepe,4,SW_Luna,4949.8486328125,17446.970703125,12315.660839362685,10997.68359375
train,2547,12.814903556763769,91,ok,crepe,4,SW_Luna,5691.6396484375,19427.453125,10705.163257087628,10160.638671875
train,2548,10.156565637376174,121,ok,crepe,4,SW_Luna,6538.791015625,18081.865234375,12000.269602531935,10632.8125
train,2549,9.6332471354798,119,ok,crepe,9,SW_Yosefa,6180.17138671875,16859.099609375,10002.21770634542,9584.9736328125
train,2550,12.38572252719498,121,ok,crepe,4,SW_Luna,8728.1015625,16104.677734375,12678.863562275179,12355.662109375
train,2551,6.233543313566479,42,ok,crepe,1,NSW_2,6936.0009765625,18487.78125,14275.40061981824,15030.70703125
train,2552,4.859730776960456,123,ok,crepe,9,SW_Yosefa,6397.59326171875,19422.998046875,10166.143234025187,9585.1826171875
train,2553,7.619727360336008,120,ok,crepe,6,SW_Neo,7098.4267578125,17250.720703125,9345.026499353853,9145.2626953125
train,2554,13.36064553305518,232,ok,crepe,3,SW_Dana,5693.46875,17649.427734375,11677.14510830966,11533.6318359375
train,2555,17.41340447240824,105,ok,crepe,4,SW_Luna,6317.94873046875,18728.478515625,13518.420813694473,13116.8017578125
train,2556,14.546156426852859,76,ok,crepe,4,SW_Luna,7264.9208984375,17442.673828125,11157.502059761135,10160.5947265625
train,2557,13.55634603891071,163,ok,crepe,5,SW_Nana,5970.19775390625,17644.57421875,8447.351162057705,8160.552734375
train,2558,13.753380380518953,183,ok,crepe,7,SW_Nikita,5830.638671875,17262.333984375,15133.418119168395,16475.6875
train,2559,13.850353205956205,132,ok,crepe,7,SW_Nikita,8729.0107421875,18078.9375,13370.501458418998,15200.6806640625
train,2560,13.516576037108281,96,ok,crepe,7,SW_Nikita,5969.318359375,17048.23828125,13096.362313814252,14852.2890625
train,2561,7.080035400836843,132,ok,crepe,6,SW_Neo,5360.880859375,17439.439453125,8838.670185289884,9144.79833984375
train,2562,22.985616059950857,109,ok,crepe,6,SW_Neo,4366.77197265625,16103.923828125,9553.033313382057,9814.99658203125
train,2563,17.82741937066605,170,ok,crepe,4,SW_Luna,7015.03369140625,18724.560546875,12421.878775185032,10876.0009765625
train,2564,16.237536088827667,147,ok,crepe,4,SW_Luna,5969.8330078125,18721.349609375,12010.626479204962,10822.70751953125
train,2565,14.533347137317831,83,ok,crepe,4,SW_Luna,7095.7431640625,19670.310546875,11598.643326822918,9817.49658203125
train,2566,2.757939330818975,66,ok,crepe,4,SW_Luna,6854.87109375,16473.984375,10478.479779805222,10056.228515625
train,2567,13.611470510287214,94,ok,crepe,7,SW_Nikita,5623.5986328125,17651.341796875,11947.325749323918,13335.634765625
train,2568,27.246060252729038,144,ok,crepe,4,SW_Luna,7789.9501953125,19416.013671875,12642.568026990775,10459.64697265625
train,2569,9.549091380095552,62,ok,crepe,6,SW_Neo,6100.2509765625,16677.306640625,11639.080135569853,10941.74365234375
train,2570,12.208097602960022,168,ok,crepe,3,SW_Dana,6398.2978515625,16293.439453125,12166.504661560059,11794.87548828125
train,2571,24.50479357318189,112,ok,crepe,4,SW_Luna,7982.80712890625,17452.322265625,12711.305419921875,11068.8193359375
train,2572,13.693038282739828,156,ok,crepe,4,SW_Luna,6035.51025390625,18077.98828125,12908.924061168324,11933.623046875
train,2573,13.835424523918098,107,ok,crepe,6,SW_Neo,6856.275390625,19672.8984375,10601.332971791751,10048.298828125
train,2574,6.7633430316710434,174,ok,crepe,4,SW_Luna,7981.255859375,18285.7734375,13493.627833022683,14667.7783203125
train,2575,18.354175401845264,62,ok,crepe,9,SW_Yosefa,6542.14794921875,17253.375,7576.8381180436645,7097.90576171875
train,2576,18.654502891735458,223,ok,crepe,5,SW_Nana,4219.203125,19425.42578125,10095.464295875368,8729.6484375
train,2577,-0.04653442539732282,126,ok,crepe,4,SW_Luna,6540.60009765625,17443.078125,12419.10404924665,11006.26025390625
train,2578,6.3086686964023455,123,ok,crepe,5,SW_Nana,7097.3291015625,17643.408203125,12029.83473963017,11536.84765625
train,2579,16.231616825605578,174,ok,crepe,5,SW_Nana,6462.93994140625,19416.990234375,9286.114054157506,8527.994140625
train,2580,16.556252743812973,91,ok,crepe,4,SW_Luna,7351.576171875,18967.00390625,12325.82249061734,12003.96875
train,2581,20.636025071225998,181,ok,crepe,6,SW_Neo,5429.06689453125,17250.271484375,10278.598808214503,9933.5224609375
train,2582,11.774601820466724,169,ok,crepe,3,SW_Dana,8157.85595703125,17037.95703125,12428.76958854831,11928.53076171875
train,2583,18.299119682575867,171,ok,crepe,4,SW_Luna,7706.943359375,19424.078125,12614.852849786932,10767.3828125
train,2584,2.3106445339106645,114,ok,crepe,2,NSW_1,6100.0048828125,17444.017578125,13270.240284356545,14495.0859375
train,2585,7.954831065007928,87,ok,crepe,4,SW_Luna,6033.1806640625,17645.89453125,11331.07351175944,10403.4189453125
train,2586,17.42630258629616,135,ok,crepe,3,SW_Dana,6246.21142578125,18726.232421875,13767.205380544356,13700.53515625
train,2587,7.8448262169140754,147,ok,crepe,6,SW_Neo,4268.79296875,19672.5546875,11123.791403896837,10762.4599609375
train,2588,16.26279601046401,109,ok,crepe,6,SW_Neo,7191.7861328125,21489.34375,9540.08791753814,9583.833984375
train,2589,20.367857595139938,164,ok,crepe,4,SW_Luna,5903.50390625,19900.265625,11474.50030263265,10285.59619140625
train,2590,3.8601890079649106,133,ok,crepe,4,SW_Luna,5624.02099609375,20133.13671875,12938.429512642526,10405.953125
train,2591,14.64066372437171,139,ok,crepe,7,SW_Nikita,8735.6630859375,18076.703125,15944.193581882912,16676.1767578125
train,2592,20.26302289923517,196,ok,crepe,6,SW_Neo,5064.099609375,19673.619140625,8379.945833333333,7191.95263671875
train,2593,13.240240087577844,126,ok,crepe,4,SW_Luna,6398.17431640625,20782.068359375,12296.726453234265,10517.60546875
train,2594,9.782089359211618,141,ok,crepe,5,SW_Nana,6463.37158203125,16283.18359375,9828.121636284723,9251.92724609375
train,2595,22.511768143048002,153,ok,crepe,4,SW_Luna,8069.6591796875,20780.40625,13484.737608816964,14661.5244140625
train,2596,15.851843258619475,95,ok,crepe,4,SW_Luna,4075.1337890625,17651.265625,13265.716068892045,15488.26025390625
train,2597,6.765930657618089,61,ok,crepe,4,SW_Luna,6707.1982421875,17252.85546875,10250.496244542739,10048.7568359375
train,2598,9.059241202651396,189,ok,crepe,4,SW_Luna,5009.46337890625,17253.625,11597.374489217309,10404.732421875
train,2599,15.343036636650051,142,ok,crepe,5,SW_Nana,4676.6416015625,19903.015625,10025.001854232594,9368.2490234375
train,2600,13.76829535762865,148,ok,crepe,6,SW_Neo,5763.48828125,17250.6875,9544.725411339961,9934.533203125
train,2601,9.803167121573676,93,ok,crepe,7,SW_Nikita,8934.92578125,19668.3984375,13441.780649038461,12808.2021484375
train,2602,16.548839063941074,100,ok,crepe,4,SW_Luna,8937.669921875,17453.642578125,14709.805167362607,16765.3837890625
train,2603,12.838797712843267,99,ok,crepe,3,SW_Dana,6463.50390625,21004.6484375,11522.546827468197,11004.6435546875
train,2604,10.953812208710614,117,ok,crepe,5,SW_Nana,6783.1396484375,20133.640625,9605.330905593988,8346.55078125
train,2605,9.732367190489322,91,ok,crepe,4,SW_Luna,6037.23388671875,19211.1953125,11630.488334429147,10159.1943359375
train,2606,8.859453617543267,127,ok,crepe,4,SW_Luna,5297.93017578125,17642.34765625,12761.705510998449,12947.30078125
train,2607,6.3927958170458234,116,ok,crepe,7,SW_Nikita,6540.939453125,19666.111328125,15242.17868923611,16667.50390625
train,2608,10.01200802521719,198,ok,crepe,4,SW_Luna,4219.54345703125,18076.1953125,12654.054810650581,11002.2392578125
train,2609,13.21181298563598,30,ok,crepe,5,SW_Nana,9933.400390625,15199.775390625,11599.18765258789,11081.7109375
train,2610,14.518810848583279,118,ok,crepe,6,SW_Neo,6621.650390625,17441.01953125,9938.484563078704,9934.271484375
train,2611,12.819794939709315,110,ok,crepe,4,SW_Luna,6033.75732421875,18724.189453125,10981.282550811768,10575.2373046875
train,2612,13.534980541956783,107,ok,crepe,7,SW_Nikita,7705.107421875,17452.638671875,14233.875661542339,15745.392578125
train,2613,12.174317743092962,80,ok,crepe,4,SW_Luna,5362.240234375,19671.79296875,11235.547182829483,10519.77685546875
train,2614,16.22121909357783,80,ok,crepe,4,SW_Luna,3012.40673828125,19673.736328125,11119.4526806092,10762.8828125
train,2615,11.574080119256426,73,ok,crepe,9,SW_Yosefa,6780.7822265625,18490.421875,9864.594146369485,8630.935546875
train,2616,19.169247745513655,99,ok,crepe,7,SW_Nikita,7014.7177734375,19210.466796875,11495.064183285362,10045.462890625
train,2617,10.332129746257676,88,ok,crepe,2,NSW_1,5240.60986328125,17251.982421875,10229.148324819711,9933.55224609375
train,2618,12.321855903541799,111,ok,crepe,2,NSW_1,5361.24755859375,17641.794921875,10624.659768026384,10639.3583984375
train,2619,17.653477545998573,126,ok,crepe,9,SW_Yosefa,6175.94482421875,17443.55078125,8962.422189372859,8821.32080078125
train,2620,16.516924517771635,128,ok,crepe,3,SW_Dana,8822.4365234375,14663.322265625,12243.962731186224,12217.623046875
train,2621,20.00690128884817,60,ok,crepe,7,SW_Nikita,8345.931640625,17260.26953125,14005.801981026785,14850.75390625
train,2622,17.351691569473154,155,ok,crepe,2,NSW_1,4315.0771484375,20555.275390625,10939.512031824448,9931.4169921875
train,2623,-2.2455777158128156,141,ok,crepe,3,SW_Dana,8828.2666015625,16678.876953125,12561.988730588573,12495.615234375
train,2624,17.900023522115724,166,ok,crepe,4,SW_Luna,6396.3544921875,17645.0078125,12394.584811883224,10642.150390625
train,2625,24.72158943665687,177,ok,crepe,4,SW_Luna,7523.125,17856.578125,11853.469321289063,10632.49169921875
train,2626,22.789659574918666,188,ok,crepe,9,SW_Yosefa,6623.26611328125,18727.859375,10171.884455928097,10050.42236328125
train,2627,15.82453817786786,107,ok,crepe,9,SW_Yosefa,5240.29296875,18496.48046875,9292.975408004502,8823.15478515625
train,2628,12.058611621940166,120,ok,crepe,4,SW_Luna,5762.52001953125,17442.97265625,10692.81994183394,10165.4482421875
train,2629,12.989237987039397,219,ok,crepe,3,SW_Dana,4950.8583984375,20556.62109375,11589.61864265563,10766.57177734375
train,2630,24.30777628791153,119,ok,crepe,5,SW_Nana,5362.099609375,15923.849609375,10141.382851993336,8834.3359375
train,2631,12.79586918836988,190,ok,crepe,2,NSW_1,6396.40087890625,17442.33984375,11159.314529278956,10766.4990234375
train,2632,12.734527981419951,88,ok,crepe,9,SW_Yosefa,5064.44775390625,18285.5625,9976.982460550742,10155.5146484375
train,2633,12.904143971861195,96,ok,crepe,2,NSW_1,6249.23046875,21487.46875,11317.194895241477,10406.921875
train,2634,8.102268241171831,74,ok,crepe,7,SW_Nikita,6247.5537109375,17443.568359375,14832.6921875,16284.841796875
train,2635,15.764521834324555,219,ok,crepe,7,SW_Nikita,6318.63525390625,19422.39453125,10940.301946204478,8573.986328125
train,2636,25.290640907028724,127,ok,crepe,2,NSW_1,6032.56640625,20126.748046875,11255.495006061423,10631.392578125
train,2637,24.0992544189127,144,ok,crepe,4,SW_Luna,5762.84423828125,17651.732421875,10710.689231178978,9933.765625
train,2638,5.200194438260443,90,ok,crepe,6,SW_Neo,5969.9609375,17646.85546875,10237.067507480053,9588.91748046875
train,2639,19.705642145200674,91,ok,crepe,3,SW_Dana,6854.259765625,14496.7626953125,9205.2263671875,9145.8486328125
train,2640,13.418160684760029,101,ok,crepe,5,SW_Nana,6100.3779296875,9249.0810546875,7939.581594366777,7883.559326171875
train,2641,18.91951330944472,150,ok,crepe,4,SW_Luna,7794.24072265625,17451.947265625,12668.654058412065,10879.333984375
train,2642,7.147652934672477,68,ok,crepe,4,SW_Luna,8820.873046875,17645.369140625,12000.94332132711,10760.890625
train,2643,22.057372577257222,174,ok,crepe,4,SW_Luna,7436.6494140625,17644.115234375,12318.505475034808,10637.3046875
train,2644,10.733469433111944,93,ok,crepe,6,SW_Neo,6463.46142578125,17433.61328125,9817.661722435141,9928.048828125
train,2645,14.490941652554207,94,ok,crepe,4,SW_Luna,7705.10205078125,19422.939453125,12779.365354142099,10759.6416015625
train,2646,17.866996061851378,112,ok,crepe,2,NSW_1,6035.51220703125,13406.419921875,9649.932095102164,9584.44873046875
train,2647,9.501557965953232,122,ok,crepe,9,SW_Yosefa,4028.14990234375,12215.693359375,7929.431872106482,7703.431640625
train,2648,15.280710887828553,115,ok,crepe,4,SW_Luna,6463.2578125,17641.904296875,13958.304963322997,15749.7568359375
train,2649,9.564278532030645,30,ok,crepe,7,SW_Nikita,5427.638671875,19901.16015625,15084.787324793198,17643.7216796875
train,2650,11.355965128295281,72,ok,crepe,7,SW_Nikita,5971.4072265625,19209.09375,13392.320079985118,14413.3154296875
train,2651,5.970177877131773,131,ok,crepe,4,SW_Luna,7520.2109375,18970.884765625,11733.21905048077,10405.681640625
train,2652,17.235031658834426,97,ok,crepe,7,SW_Nikita,8070.587890625,17265.265625,14293.384633657095,15565.720703125
train,2653,12.83927108574745,122,ok,crepe,4,SW_Luna,7436.5830078125,18731.115234375,12955.595093664462,12215.3134765625
train,2654,9.747999877234454,189,ok,crepe,6,SW_Neo,5063.11376953125,20129.787109375,10275.792554873511,9819.94873046875
train,2655,7.498497614859972,113,ok,crepe,4,SW_Luna,6175.87939453125,17447.626953125,13556.13511328125,14492.7724609375
train,2656,24.833997090914195,168,ok,crepe,3,SW_Dana,7525.4697265625,19215.177734375,13583.117122727997,12953.95263671875
train,2657,22.150135235324782,107,ok,crepe,4,SW_Luna,7521.466796875,17862.55078125,12427.162892239154,10518.376953125
train,2658,7.094702529355721,97,ok,crepe,4,SW_Luna,6462.3740234375,17644.8203125,12755.325204271789,11795.98828125
train,2659,4.811763909657573,148,ok,crepe,4,SW_Luna,4366.12841796875,17449.818359375,9782.391336323302,8776.0712890625
train,2660,8.302880124696001,113,ok,crepe,9,SW_Yosefa,5427.859375,17442.921875,9394.139251708984,8821.599609375
train,2661,15.679681405716968,79,ok,crepe,4,SW_Luna,8821.03125,17034.455078125,11154.198253038194,10277.4775390625
train,2662,13.372266062059968,96,ok,crepe,6,SW_Neo,4727.00439453125,17645.998046875,8548.391420717593,7613.78515625
train,2663,15.099828366914977,165,ok,crepe,4,SW_Luna,6621.41015625,17649.416015625,12093.262510279605,10636.5029296875
train,2664,12.635475722508382,160,ok,crepe,5,SW_Nana,5970.46630859375,17042.23828125,9912.700995321327,9037.275390625
train,2665,2.0409113053275476,104,ok,crepe,4,SW_Luna,3277.162109375,17250.791015625,9806.980924039273,9039.1640625
train,2666,22.605913549519677,119,ok,crepe,4,SW_Luna,8827.3427734375,17641.98046875,13837.175476958786,15567.103515625
train,2667,16.792188521168306,115,ok,crepe,6,SW_Neo,6034.3271484375,10999.349609375,8851.558910573713,9369.5078125
train,2668,7.80346820363423,45,ok,crepe,7,SW_Nikita,6034.07421875,17245.61328125,13718.411418410968,15203.2890625
train,2669,9.85644123128479,146,ok,crepe,9,SW_Yosefa,5008.59521484375,19668.970703125,10935.479354858398,9931.39990234375
train,2670,6.302300661106361,60,ok,crepe,4,SW_Luna,7980.91796875,17646.67578125,11273.848797966451,9526.74462890625
train,2671,12.531454027851325,94,ok,crepe,4,SW_Luna,7522.6005859375,18283.60546875,13709.505138152237,12215.4189453125
train,2672,7.62019326921799,16,ok,crepe,7,SW_Nikita,5969.9453125,17442.31640625,12838.970343338815,11932.90234375
train,2673,21.580005156878755,156,ok,crepe,4,SW_Luna,7016.2529296875,17643.71875,12492.850748697916,10883.6298828125
train,2674,15.961518355797761,143,ok,crepe,7,SW_Nikita,5692.890625,19889.1796875,15159.407987442484,16865.53125
train,2675,15.089299419268627,203,ok,crepe,7,SW_Nikita,6033.345703125,19424.224609375,14645.556826636905,15570.751953125
train,2676,14.28681167428193,156,ok,crepe,6,SW_Neo,5763.16015625,17248.126953125,9153.770112671604,9365.4609375
train,2677,9.796469838352708,168,ok,crepe,5,SW_Nana,3552.53466796875,16103.09765625,9348.266314188639,9474.859375
train,2678,5.520417870841907,48,ok,crepe,4,SW_Luna,8430.63671875,12949.287109375,9877.057272518383,9822.375
train,2679,11.362269443004342,89,ok,crepe,9,SW_Yosefa,5829.46728515625,10279.234375,7396.644357209158,7263.68896484375
train,2680,11.03003300248685,107,ok,crepe,4,SW_Luna,6706.94580078125,17646.033203125,12806.032389322916,11134.8427734375
train,2681,12.32550589172132,178,ok,crepe,6,SW_Neo,5427.3212890625,18496.046875,8952.79662841797,8935.1689453125
train,2682,15.886823974845694,198,ok,crepe,6,SW_Neo,6034.6923828125,19428.75,8813.05640842014,8734.4423828125
train,2683,13.182095308953494,117,ok,crepe,6,SW_Neo,7095.58642578125,11000.595703125,8995.692004669878,9369.1396484375
train,2684,22.551045625940873,131,ok,crepe,6,SW_Neo,7097.61474609375,16477.404296875,9072.331986276728,9478.8427734375
train,2685,27.700135597102047,89,ok,crepe,6,SW_Neo,6856.64306640625,17647.1171875,10989.2417669013,10518.5361328125
train,2686,13.932734061404293,118,ok,crepe,6,SW_Neo,5970.15869140625,11139.7353515625,9027.499429744526,9146.57421875
train,2687,21.30517492082673,77,ok,crepe,2,NSW_1,6247.607421875,12358.5986328125,10175.595856741573,10155.1328125
train,2688,16.78731351642486,110,ok,crepe,2,NSW_1,3798.75732421875,21003.056640625,11294.401812841023,10642.12744140625
train,2689,12.023888364815713,103,ok,crepe,4,SW_Luna,5763.490234375,17645.35546875,11793.690887176239,10757.6123046875
train,2690,19.226856602662487,117,ok,crepe,7,SW_Nikita,6175.1953125,19676.703125,13792.031127929688,15837.759765625
train,2691,8.099640116224688,161,ok,crepe,3,SW_Dana,6781.4853515625,18494.046875,12248.972976434427,10639.6533203125
train,2692,11.84096322594296,224,ok,crepe,4,SW_Luna,5297.529296875,17045.30859375,10694.482965284778,9991.09423828125
train,2693,16.26180718954619,81,ok,crepe,4,SW_Luna,8729.478515625,17453.63671875,12163.455842391304,10770.51611328125
train,2694,15.545883262561942,150,ok,crepe,4,SW_Luna,4949.4462890625,17852.435546875,12779.028364955357,12654.392578125
train,2695,12.560545009824587,118,ok,crepe,4,SW_Luna,5901.39697265625,19429.259765625,13456.975653545673,11410.73828125
train,2696,11.258961875357723,68,ok,crepe,2,NSW_1,5829.51123046875,16865.654296875,9859.441455696202,9701.5927734375
train,2697,6.94601391126093,145,ok,crepe,5,SW_Nana,6175.56103515625,17044.052734375,9972.628577715084,9700.716796875
train,2698,13.175014382668412,44,ok,crepe,2,NSW_1,5763.07080078125,20783.943359375,11314.142767458547,10285.1748046875
train,2699,16.26094556710789,183,ok,crepe,4,SW_Luna,5762.572265625,17261.923828125,11745.877259775061,10154.7900390625
train,2700,19.68277792857738,131,ok,crepe,6,SW_Neo,5693.27099609375,18726.640625,9573.504417166805,9932.53125
train,2701,-20.16136838570859,115,ok,crepe,5,SW_Nana,6033.990234375,18493.375,12027.969504616478,10826.169921875
train,2702,21.84424541486122,111,ok,crepe,6,SW_Neo,4268.87890625,11931.8349609375,8939.343907752404,9474.3310546875
train,2703,17.187696156211494,126,ok,crepe,4,SW_Luna,6540.978515625,17652.2109375,12347.612165662977,10405.7470703125
train,2704,11.501998447340412,188,ok,crepe,1,NSW_2,5241.458984375,20778.1328125,9762.827664488299,10283.8525390625
train,2705,19.566483077696233,137,ok,crepe,4,SW_Luna,6176.4306640625,17853.953125,11868.998065417325,10405.85400390625
train,2706,10.684682047596317,109,ok,crepe,6,SW_Neo,6464.69189453125,14497.0400390625,9092.288876488095,9641.8984375
train,2707,-0.24473635432170335,44,ok,crepe,4,SW_Luna,8825.4462890625,17444.171875,10332.565496271307,10105.88916015625
train,2708,14.609949729767806,57,ok,crepe,7,SW_Nikita,8630.7705078125,19422.478515625,15708.855484008789,16475.8798828125
train,2709,18.99156855482111,140,ok,crepe,7,SW_Nikita,5240.8310546875,19423.23046875,11402.14867259838,11206.24072265625
train,2710,9.086888731648271,51,ok,crepe,6,SW_Neo,9479.32421875,17444.236328125,11599.269462719298,10636.818359375
train,2711,13.214547356129385,135,ok,crepe,6,SW_Neo,3012.7314453125,19424.16015625,9440.712557279146,9818.95703125
train,2712,11.962358184774724,126,ok,crepe,6,SW_Neo,7096.89013671875,18077.498046875,9254.510291999113,9586.482421875
train,2713,11.381763077088351,103,ok,crepe,6,SW_Neo,5558.0703125,19428.3515625,10731.241866262335,9931.203125
train,2714,7.552356768404418,200,ok,crepe,4,SW_Luna,5829.8447265625,21218.830078125,13768.950244140626,15652.91015625
train,2715,12.42301202085457,112,ok,crepe,7,SW_Nikita,5428.982421875,16857.58984375,12002.228531125993,12730.84033203125
train,2716,20.917023379093123,217,ok,crepe,6,SW_Neo,8243.4443359375,17251.0390625,10617.362587580605,10401.42529296875
train,2717,13.983750941693572,149,ok,crepe,4,SW_Luna,5904.9169921875,20557.09375,13594.503076171875,13721.53173828125
train,2718,15.959175268139433,16,ok,crepe,6,SW_Neo,8827.26953125,9146.7255859375,8995.794819078947,9036.3740234375
train,2719,16.306455272326016,160,ok,crepe,4,SW_Luna,8431.82421875,17862.453125,12991.386343149039,11207.63330078125
train,2720,10.286259790254011,59,ok,crepe,4,SW_Luna,8821.326171875,17446.9296875,11615.70223460478,10462.83154296875
train,2721,11.530785707977953,105,ok,crepe,4,SW_Luna,7264.82470703125,17650.1640625,12873.231942012393,11536.10986328125
train,2722,23.380658043565028,151,ok,crepe,6,SW_Neo,5429.0634765625,10761.466796875,8945.443790211397,9370.21044921875
train,2723,19.718548155439606,158,ok,crepe,4,SW_Luna,8429.388671875,17859.044921875,12047.539111328126,10524.1357421875
train,2724,18.66020614174237,146,ok,crepe,6,SW_Neo,5361.25244140625,19208.3515625,10084.622163875374,9934.3466796875
train,2725,6.945028028101927,107,ok,crepe,4,SW_Luna,7609.95166015625,17855.646484375,11939.762635766006,10401.625
train,2726,16.424538809827713,165,ok,crepe,4,SW_Luna,4314.99755859375,19422.9140625,11799.71279039885,10344.39208984375
train,2727,12.15969420836142,80,ok,crepe,4,SW_Luna,5692.53125,16859.6015625,9800.036825856854,9588.884765625
train,2728,12.973107603168286,63,ok,crepe,7,SW_Nikita,4314.7822265625,17243.56640625,15525.671427408854,16284.78271484375
train,2729,20.015361679847228,166,ok,crepe,6,SW_Neo,4269.3251953125,17859.84375,9323.819954597513,9580.1572265625
train,2730,19.04123112729764,94,ok,crepe,7,SW_Nikita,6705.54248046875,17259.03515625,12743.863077799479,14938.64892578125
train,2731,10.026780716808652,67,ok,crepe,6,SW_Neo,6621.49951171875,12071.4638671875,9997.329886771537,10049.76318359375
train,2732,7.3618899337406045,168,ok,crepe,7,SW_Nikita,5427.13671875,19901.12890625,10422.438468812004,8733.255859375
train,2733,12.420939454429753,168,ok,crepe,6,SW_Neo,5361.5625,14661.7431640625,8460.538559039021,7265.0576171875
train,2734,15.60220764186392,85,ok,crepe,9,SW_Yosefa,6176.37939453125,12074.27734375,7637.040886080995,7228.2578125
train,2735,8.196497129655906,118,ok,crepe,4,SW_Luna,7098.33984375,19892.828125,12341.865199772392,10523.7109375
train,2736,9.350901959875964,59,ok,crepe,2,NSW_1,6176.009765625,19421.05859375,10654.914957682291,9637.8330078125
train,2737,17.671746694846345,113,ok,crepe,2,NSW_1,7096.5712890625,18284.8203125,12893.440958969466,12948.85546875
train,2738,12.42583859716621,168,ok,crepe,4,SW_Luna,6033.990234375,19899.8046875,12881.540086883859,11866.3896484375
train,2739,5.096945705776862,132,ok,crepe,6,SW_Neo,7097.98828125,18969.41015625,9053.157957345848,8728.205078125
train,2740,6.881318151056249,48,ok,crepe,4,SW_Luna,8732.591796875,17252.015625,12342.678972516742,10281.00732421875
train,2741,15.770467456092048,125,ok,crepe,6,SW_Neo,7012.859375,17438.482421875,9356.84447573309,9367.85546875
train,2742,17.802378798392297,178,ok,crepe,2,NSW_1,6540.7529296875,21007.54296875,11601.65564377642,10631.03125
train,2743,10.532747070437228,130,ok,crepe,4,SW_Luna,3012.329345703125,17864.32421875,13949.037493024554,16673.76171875
train,2744,11.704086609989382,147,ok,crepe,6,SW_Neo,5178.75,17648.693359375,9415.838462271342,9587.27392578125
train,2745,22.580954096457585,131,ok,crepe,6,SW_Neo,5062.99462890625,17251.16015625,8974.180519505551,9310.22998046875
train,2746,14.261791462221078,94,ok,crepe,2,NSW_1,5428.826171875,21211.453125,12648.429984119452,11537.34765625
train,2747,6.525194276773142,100,ok,crepe,4,SW_Luna,6034.17578125,18491.96875,12883.362919560184,11403.3828125
train,2748,6.201286212126891,112,ok,crepe,4,SW_Luna,8732.013671875,21488.703125,13821.461480909778,11411.08251953125
train,2749,4.646009956386906,192,ok,crepe,4,SW_Luna,8069.3720703125,17447.615234375,11881.399675958806,10642.8505859375
train,2750,10.93053518681544,92,ok,crepe,2,NSW_1,4314.8203125,17646.068359375,10727.613933903156,10403.8564453125
train,2751,10.952173562431199,117,ok,crepe,6,SW_Neo,3315.7490234375,17447.19921875,9724.480636368937,9926.666015625
train,2752,7.309649209571121,142,ok,crepe,4,SW_Luna,5762.6689453125,18488.2109375,12955.525265577362,11472.9873046875
train,2753,11.028413518869609,61,ok,crepe,4,SW_Luna,9582.2568359375,17260.341796875,12821.078976004464,10521.50927734375
train,2754,15.922715224825804,80,ok,crepe,8,SW_Shy,6100.478515625,17441.837890625,7789.6789309323485,7434.78125
train,2755,14.064776997706677,191,ok,crepe,2,NSW_1,4784.0498046875,20778.15234375,11574.553030994452,10463.42041015625
train,2756,12.040313793058473,69,ok,crepe,7,SW_Nikita,5623.6708984375,19213.20703125,15425.759252620648,17439.802734375
train,2757,12.122960646740172,67,ok,crepe,9,SW_Yosefa,5500.109375,17646.28515625,12254.235451894263,13700.0859375
train,2758,14.610267054290752,273,ok,crepe,6,SW_Neo,4269.55517578125,11931.208984375,9726.695380669136,9930.8056640625
train,2759,11.910719737809153,84,ok,crepe,7,SW_Nikita,5763.54296875,19674.06640625,13489.296222245066,15407.2646484375
train,2760,9.808585102279242,159,ok,crepe,4,SW_Luna,6539.70703125,18725.5625,11826.327108414447,10405.5546875
train,2761,13.153358626143678,65,ok,crepe,5,SW_Nana,6776.8837890625,16280.7998046875,12733.728033854166,12499.1220703125
train,2762,9.745450762494398,122,ok,crepe,5,SW_Nana,6032.955078125,17440.33984375,9948.844141343061,8935.1943359375
train,2763,10.112232249970926,152,ok,crepe,9,SW_Yosefa,6035.66162109375,19421.912109375,11585.941334443934,10578.63232421875
train,2764,13.006389296793412,67,ok,crepe,4,SW_Luna,6937.8876953125,17440.66796875,11468.91144803204,9933.181640625
train,2765,11.585347508652582,95,ok,crepe,2,NSW_1,5624.02392578125,20785.8515625,10811.971693638392,10162.2099609375
train,2766,11.077207215384755,71,ok,crepe,9,SW_Yosefa,4073.10302734375,18729.474609375,8955.201365935496,7055.95556640625
train,2767,12.171348062840377,51,ok,crepe,2,NSW_1,6396.75341796875,20127.306640625,12795.366761363637,11402.4609375
train,2768,13.003962106417823,93,ok,crepe,4,SW_Luna,8070.07080078125,17442.81640625,11698.511183965773,10400.03515625
train,2769,16.003022198743672,63,ok,crepe,7,SW_Nikita,6467.548828125,17242.5234375,11347.693426262842,11930.064453125
train,2770,23.407678336582794,159,ok,crepe,4,SW_Luna,6539.869140625,19672.46875,13333.273413486168,12949.2490234375
train,2771,27.09803956331867,139,ok,crepe,6,SW_Neo,5178.53564453125,17440.501953125,9020.497960888364,9246.29296875
train,2772,8.7225927380277,90,ok,crepe,2,NSW_1,6033.44189453125,18965.0546875,11719.402850993629,10878.302734375
train,2773,8.142708942213632,106,ok,crepe,6,SW_Neo,7094.84765625,17445.04296875,9797.863297662816,9588.205078125
train,2774,14.44089209763835,92,ok,crepe,2,NSW_1,4268.67724609375,20557.529296875,11724.440167121167,10884.59423828125
train,2775,-1.9721730098192398,36,ok,crepe,4,SW_Luna,8431.0048828125,16480.89453125,10262.523587740385,10398.55078125
train,2776,22.451178624886794,135,ok,crepe,6,SW_Neo,6318.7900390625,10879.9716796875,8831.395734627016,9249.203125
train,2777,12.483329786778327,121,ok,crepe,5,SW_Nana,5762.37353515625,16280.470703125,9171.398497217851,8823.6083984375
train,2778,6.955456282529431,130,ok,crepe,4,SW_Luna,7012.3583984375,17648.986328125,12631.717700361394,10763.921875
train,2779,17.878728114113738,116,ok,crepe,4,SW_Luna,7351.87744140625,17448.658203125,12579.310445601852,10760.5322265625
train,2780,6.611382229785468,79,ok,crepe,4,SW_Luna,8734.45703125,19673.138671875,12590.88427734375,10767.91845703125
train,2781,12.418507125408118,150,ok,crepe,6,SW_Neo,5361.00341796875,18494.53515625,8987.105465877758,9146.91796875
train,2782,7.72787818830696,125,ok,crepe,9,SW_Yosefa,6396.6904296875,16477.359375,9249.812913977581,8822.58935546875
train,2783,15.378756407406529,73,ok,crepe,2,NSW_1,4574.55419921875,17043.6171875,8831.500289351852,9036.392578125
train,2784,17.583940367887998,62,ok,crepe,9,SW_Yosefa,6620.99365234375,20129.09765625,9968.212495986729,8733.056640625
train,2785,14.059220450922025,115,ok,crepe,2,NSW_1,7522.6376953125,17644.552734375,9796.35624403626,9586.66015625
train,2786,14.084205565825874,142,ok,crepe,4,SW_Luna,6620.75146484375,17455.724609375,13176.025824985622,11798.8271484375
train,2787,23.93407735771682,179,ok,crepe,6,SW_Neo,5830.5322265625,12070.75,8428.529249698067,8246.19921875
train,2788,16.431165471398018,175,ok,crepe,7,SW_Nikita,5763.2177734375,18072.609375,14928.090540593594,16111.6845703125
train,2789,22.435572185587084,104,ok,crepe,4,SW_Luna,5905.10986328125,19672.943359375,11642.13188927915,10275.126953125
train,2790,17.130957351312194,75,ok,crepe,2,NSW_1,4784.21923828125,17861.44921875,9501.118619051847,9470.10546875
train,2791,18.799672185931712,109,ok,crepe,4,SW_Luna,8431.216796875,17860.58203125,13431.9377265625,11280.2197265625
train,2792,7.141633105390275,59,ok,crepe,3,SW_Dana,8526.072265625,19421.033203125,12289.43849113806,10638.728515625
train,2793,8.511188623072629,135,ok,crepe,6,SW_Neo,6100.3427734375,19420.9296875,9249.243002379966,9145.0205078125
train,2794,15.215539862687093,96,ok,crepe,9,SW_Yosefa,7264.70263671875,16281.208984375,9942.490274325284,9993.19970703125
train,2795,16.983275284868398,68,ok,crepe,6,SW_Neo,6936.25244140625,12215.330078125,9668.01844961432,9589.8095703125
train,2796,14.178068938279527,58,ok,crepe,7,SW_Nikita,8067.72412109375,18082.8515625,15581.188177763526,17036.9609375
train,2797,8.62074855829915,165,ok,crepe,4,SW_Luna,6034.23388671875,19419.390625,12745.119913956925,10880.6201171875
train,2798,20.98011975830329,125,ok,crepe,6,SW_Neo,5426.44970703125,10881.130859375,8755.261209981425,9037.6376953125
train,2799,15.103163925531486,192,ok,crepe,4,SW_Luna,6247.81787109375,17042.953125,11986.829487167786,10825.58837890625
train,2800,10.350313072130696,68,ok,crepe,2,NSW_1,3473.813232421875,19423.47265625,11071.782635755942,10636.2216796875
train,2801,13.575501441189068,104,ok,crepe,4,SW_Luna,6319.0888671875,18280.798828125,14002.69864430147,16280.81640625
train,2802,14.484218753629749,86,ok,crepe,6,SW_Neo,7263.53271484375,16862.453125,10218.332474226803,10400.44921875
train,2803,18.834626287294057,157,ok,crepe,6,SW_Neo,4366.59228515625,10768.748046875,8722.023150433552,8941.1240234375
train,2804,2.425658032785954,58,ok,crepe,6,SW_Neo,7016.54296875,10156.46484375,8698.336434057202,8934.1103515625
train,2805,6.561333680052497,60,ok,crepe,9,SW_Yosefa,5903.91015625,18500.275390625,13057.36425073596,12650.4052734375
train,2806,4.7963076991509155,72,ok,crepe,9,SW_Yosefa,4171.7412109375,18493.748046875,10958.233830378605,9990.47412109375
train,2807,15.611845897479045,145,ok,crepe,4,SW_Luna,5970.4443359375,17447.83984375,11942.853597985693,10635.830078125
train,2808,7.548688440102098,130,ok,crepe,6,SW_Neo,6856.6904296875,19662.373046875,11660.567648253986,10639.146484375
train,2809,21.07045327194864,94,ok,crepe,2,NSW_1,4726.34033203125,17646.720703125,10445.799896816037,10277.017578125
train,2810,19.676859446379687,140,ok,crepe,5,SW_Nana,5763.40234375,18734.298828125,10419.082368827161,9471.1650390625
train,2811,8.08608685338539,103,ok,crepe,6,SW_Neo,5903.39453125,17639.005859375,9031.315794836957,9143.875
train,2812,18.806001257654554,73,ok,crepe,4,SW_Luna,8632.4912109375,17645.701171875,13149.214831840702,12656.80078125
train,2813,4.25677640760301,42,ok,crepe,6,SW_Neo,5970.482421875,11933.9609375,9178.34732055664,9582.90869140625
train,2814,17.079169743831635,45,ok,crepe,2,NSW_1,7704.86767578125,19421.984375,10059.360323392428,9933.0068359375
train,2815,18.91141430761443,127,ok,crepe,9,SW_Yosefa,4219.373046875,17044.244140625,8273.623760775861,8432.1357421875
train,2816,3.9889318244666425,106,ok,crepe,6,SW_Neo,6318.6171875,20346.001953125,11416.997012380827,10641.2998046875
train,2817,16.171951404334138,128,ok,crepe,9,SW_Yosefa,7096.0947265625,9691.26953125,8327.968114565496,8346.37109375
train,2818,11.079069234306969,122,ok,crepe,5,SW_Nana,5904.43310546875,18728.76171875,9690.028738310843,8776.0390625
train,2819,15.391202100054118,64,ok,crepe,7,SW_Nikita,9696.2412109375,17247.056640625,15936.230703125,16475.474609375
train,2820,17.53619026128336,86,ok,crepe,8,SW_Shy,5428.45166015625,19669.451171875,10177.687167553191,8777.90478515625
train,2821,16.220748887125758,162,ok,crepe,4,SW_Luna,5762.55078125,18730.291015625,13198.978083683895,12002.3720703125
train,2822,17.246054494258573,103,ok,crepe,3,SW_Dana,8821.3486328125,17441.61328125,13977.96591962394,14413.94873046875
train,2823,10.376281127185663,196,ok,crepe,7,SW_Nikita,7520.5595703125,19673.451171875,11527.889099661228,10524.4814453125
train,2824,21.771664829412018,118,ok,crepe,3,SW_Dana,6621.357421875,19424.34765625,13998.75627170139,14158.6669921875
train,2825,18.890467225436748,123,ok,crepe,4,SW_Luna,6463.11962890625,17858.4921875,12174.668071186627,10406.27734375
train,2826,9.03427318848978,114,ok,crepe,4,SW_Luna,7522.2470703125,18079.17578125,13780.042457932692,12491.93017578125
train,2827,8.219849305186717,91,ok,crepe,6,SW_Neo,4269.52685546875,17644.115234375,9624.952878342461,9251.1201171875
train,2828,4.974907051750509,161,ok,crepe,3,SW_Dana,4950.02880859375,17252.357421875,11229.534417083909,10880.669921875
train,2829,11.319934621241124,51,ok,crepe,9,SW_Yosefa,6936.0810546875,19424.59765625,10971.769291392544,9693.47265625
train,2830,13.039553516261,124,ok,crepe,4,SW_Luna,4784.4169921875,17863.03125,11211.36161555297,10157.029296875
train,2831,14.94494253115054,116,ok,crepe,6,SW_Neo,6778.6376953125,17441.607421875,8254.73018511604,7187.23046875
train,2832,13.707672575177286,110,ok,crepe,6,SW_Neo,4892.77734375,17442.96875,8707.876603254183,8945.7529296875
train,2833,20.242389622336013,147,ok,crepe,5,SW_Nana,5691.90478515625,16276.98046875,10024.24064555921,9148.134765625
train,2834,17.805531800932062,101,ok,crepe,2,NSW_1,9589.9296875,21206.091796875,12775.541355298914,11399.6005859375
train,2835,17.712693704653628,128,ok,crepe,6,SW_Neo,5427.724609375,18724.1640625,8864.486430400128,8731.384765625
train,2836,7.172240953213755,100,ok,crepe,4,SW_Luna,5904.5810546875,17645.15234375,12250.685482627467,10524.28173828125
train,2837,7.181273811905228,85,ok,crepe,5,SW_Nana,3277.5087890625,12072.1337890625,9218.260133148522,9370.3359375
train,2838,24.941026086207387,148,ok,crepe,6,SW_Neo,5177.474609375,16867.22265625,9188.86047510354,9586.30029296875
train,2839,12.76900850651942,180,ok,crepe,6,SW_Neo,4366.1728515625,17045.23046875,9336.699275914634,9039.0771484375
train,2840,14.342837909268113,170,ok,crepe,6,SW_Neo,5762.46875,20130.294921875,8809.157859519675,8631.384765625
train,2841,15.187916830214196,51,ok,crepe,7,SW_Nikita,7265.84375,18497.947265625,12740.301963404605,11282.724609375
train,2842,5.209183204681613,75,ok,crepe,6,SW_Neo,4268.89990234375,18076.853515625,9052.788091549928,8732.1357421875
train,2843,9.338099283007406,89,ok,crepe,7,SW_Nikita,12944.2724609375,19424.109375,15512.525622679455,15747.8994140625
train,2844,11.399461471922777,23,ok,crepe,2,NSW_1,10400.880859375,18724.51171875,12859.837665264424,12212.27783203125
train,2845,15.752780516481788,64,ok,crepe,6,SW_Neo,6622.044921875,16101.89453125,8270.604559075342,8628.8193359375
train,2846,13.341948071311858,71,ok,crepe,4,SW_Luna,6176.3203125,17252.42578125,10157.113209794208,10761.46875
train,2847,9.40028421688063,101,ok,crepe,4,SW_Luna,6935.005859375,19209.220703125,14102.511950041118,16195.490234375
train,2848,19.425504320835635,114,ok,crepe,5,SW_Nana,5428.18798828125,16285.5361328125,10572.279585404829,9477.806640625
train,2849,9.493229632233662,116,ok,crepe,9,SW_Yosefa,4517.18505859375,21214.103515625,11910.86995821221,10882.849609375
train,2850,5.38044346313508,111,ok,crepe,4,SW_Luna,6706.86572265625,19904.61328125,10514.646220222849,9693.4365234375
train,2851,10.321516285181973,187,ok,crepe,4,SW_Luna,4172.10546875,20554.57421875,12033.702762957317,10641.3486328125
train,2852,10.198160005688681,70,ok,crepe,2,NSW_1,8346.671875,19203.076171875,12062.967980957032,10764.23046875
train,2853,18.111881882235608,146,ok,crepe,6,SW_Neo,5498.97265625,19903.232421875,9561.665927909806,9581.423828125
train,2854,23.344159373470287,160,ok,crepe,4,SW_Luna,7790.72265625,17448.994140625,12460.847406859039,10999.97412109375
train,2855,15.105458228397248,178,ok,crepe,6,SW_Neo,4676.86279296875,19424.671875,9228.06639167444,9042.37109375
train,2856,9.993531014606138,55,ok,crepe,7,SW_Nikita,8158.6416015625,16476.7890625,14293.321793619793,15485.994140625
train,2857,9.05429430067622,94,ok,crepe,9,SW_Yosefa,5763.46142578125,20127.48828125,7730.11940779776,7015.49365234375
train,2858,6.760971421858986,122,ok,crepe,6,SW_Neo,5692.93408203125,19424.34765625,11673.469390190972,10053.1318359375
train,2859,14.83011111153795,42,ok,crepe,7,SW_Nikita,7439.419921875,16864.154296875,12985.425937084441,14331.103515625
train,2860,18.75607291018828,126,ok,crepe,6,SW_Neo,7101.76171875,14840.33984375,9167.544359509699,9583.0419921875
train,2861,20.432229481641663,160,ok,crepe,4,SW_Luna,5903.86474609375,17442.0625,12790.20184591542,12069.4130859375
train,2862,21.4753804880457,137,ok,crepe,4,SW_Luna,7017.6865234375,18496.44921875,12568.153876154678,10886.5830078125
train,2863,22.889181837954517,169,ok,crepe,3,SW_Dana,5427.8251953125,21216.8671875,13562.31357220522,13478.9375
train,2864,14.941187329515182,105,ok,crepe,7,SW_Nikita,7797.7421875,17256.7734375,15015.37449154184,16471.130859375
train,2865,17.8177193369791,156,ok,crepe,4,SW_Luna,6539.826171875,17866.904296875,12778.476469753841,10877.62109375
train,2866,4.922465951131581,72,ok,crepe,4,SW_Luna,6396.2548828125,19423.267578125,13846.592950439453,15924.3154296875
train,2867,15.379470596765133,178,ok,crepe,6,SW_Neo,5557.939453125,19417.041015625,8849.5819948111,7267.22119140625
train,2868,4.62705642244225,209,ok,crepe,3,SW_Dana,8432.609375,16291.3984375,12192.786633613781,11734.646484375
train,2869,19.004680670441104,125,ok,crepe,4,SW_Luna,8824.69921875,17448.1328125,13202.730147688357,11470.40185546875
train,2870,6.454175026918847,184,ok,crepe,8,SW_Shy,4950.1005859375,17868.00390625,8840.53911464654,8430.82080078125
train,2871,11.819772168676536,53,ok,crepe,9,SW_Yosefa,7981.1005859375,12072.99609375,10096.471351498463,10281.4599609375
train,2872,13.206494005950514,85,ok,crepe,7,SW_Nikita,6936.53271484375,17248.498046875,14534.000803629557,15205.87548828125
train,2873,15.914230219071829,66,ok,crepe,7,SW_Nikita,6033.2939453125,17246.857421875,14255.257506510417,15924.998046875
train,2874,15.232767768556998,120,ok,crepe,6,SW_Neo,5624.228515625,11796.55078125,8791.879195601852,9367.115234375
train,2875,19.343469267436856,118,ok,crepe,0,NSW_3,6859.20947265625,21213.466796875,11187.622611667799,7350.04345703125
train,2876,14.411055903268794,133,ok,crepe,8,SW_Shy,2752.8427734375,17859.87890625,10021.500750089946,10158.81103515625
train,2877,11.303264917137339,69,ok,crepe,2,NSW_1,6247.21728515625,16860.0859375,10470.601626747533,10279.744140625
train,2878,16.671686942012823,100,ok,crepe,6,SW_Neo,7188.85546875,17045.380859375,9344.262626175332,9370.908203125
train,2879,18.896500193863318,78,ok,crepe,2,NSW_1,8935.375,17045.16796875,10689.271888469828,10161.7236328125
train,2880,12.966440959408505,105,ok,crepe,2,NSW_1,5360.33154296875,19427.287109375,11591.506503577993,11791.17578125
train,2881,11.211424890105503,140,ok,crepe,6,SW_Neo,5903.908203125,19424.115234375,9163.962878341195,9372.0732421875
train,2882,0.559181726108506,58,ok,crepe,6,SW_Neo,7098.14990234375,14497.451171875,10272.013401442307,10277.423828125
train,2883,9.660726852088562,109,ok,crepe,4,SW_Luna,6032.955078125,17651.154296875,12684.053726688508,10640.28271484375
train,2884,15.07054646740995,108,ok,crepe,6,SW_Neo,5240.90234375,17441.92578125,9484.123830586923,9480.18359375
train,2885,10.737435106227277,115,ok,crepe,4,SW_Luna,6317.8232421875,18078.484375,12410.035600863821,10516.134765625
train,2886,13.877250223759274,169,ok,crepe,7,SW_Nikita,5122.78125,18962.7734375,12100.973684210527,10521.9423828125
train,2887,5.912784886876755,84,ok,crepe,4,SW_Luna,5497.74658203125,17446.693359375,10560.300698138299,9938.8623046875
train,2888,12.759325165941124,112,ok,crepe,4,SW_Luna,7190.0439453125,17648.138671875,13055.243911743164,11670.51611328125
train,2889,17.858451441985288,221,ok,crepe,6,SW_Neo,7265.4970703125,17253.16796875,10347.482916015624,9690.30517578125
train,2890,21.842305980322045,108,ok,crepe,6,SW_Neo,5008.365234375,17646.203125,9832.500285823171,9700.587890625
train,2891,17.480129578269118,152,ok,crepe,6,SW_Neo,6462.5771484375,17444.20703125,10400.677952308439,10406.810546875
train,2892,10.272842316324581,94,ok,crepe,6,SW_Neo,4367.3955078125,21004.287109375,9799.788256598908,9693.421875
train,2893,7.35993415397931,140,ok,crepe,4,SW_Luna,6034.0478515625,17441.7578125,9941.481566605295,9929.947265625
train,2894,12.897353398840089,115,ok,crepe,4,SW_Luna,6936.0927734375,19206.193359375,11694.092348040956,10760.63037109375
train,2895,16.25071562125045,112,ok,crepe,6,SW_Neo,7098.849609375,17441.52734375,9296.322326660156,9474.67333984375
train,2896,15.391062912369994,109,ok,crepe,6,SW_Neo,5426.9326171875,17443.83203125,9668.060803022541,9585.0712890625
train,2897,18.9060153591992,121,ok,crepe,4,SW_Luna,5764.07470703125,19899.9375,11979.700485450634,10758.087890625
train,2898,16.6750173643197,138,ok,crepe,5,SW_Nana,5763.22509765625,17441.66015625,10503.771580177017,9638.2158203125
train,2899,13.963833942649707,131,ok,crepe,5,SW_Nana,3120.129150390625,17644.546875,9931.334471017723,9039.6455078125
train,2900,15.145973399206497,129,ok,crepe,6,SW_Neo,4073.87255859375,11000.08984375,9878.429560413098,10280.27001953125
train,2901,26.943152296027193,81,ok,crepe,7,SW_Nikita,8068.52099609375,19672.5078125,15115.677300347223,16283.20458984375
train,2902,26.9785741775095,108,ok,crepe,9,SW_Yosefa,3510.7724609375,11136.5244140625,7817.868044921875,7527.14453125
train,2903,13.171370530595032,152,ok,crepe,5,SW_Nana,6622.50439453125,17649.603515625,8989.767228143064,8343.853515625
train,2904,14.109344093543523,89,ok,crepe,3,SW_Dana,6034.859375,18079.076171875,14575.430322265625,15116.87939453125
train,2905,13.35121318067944,93,ok,crepe,2,NSW_1,4784.51220703125,19909.1796875,12136.454290426002,10821.5595703125
train,2906,18.19472891935703,115,ok,crepe,4,SW_Luna,6621.9111328125,18079.671875,12059.22040939331,10634.5390625
train,2907,10.758212280327783,142,ok,crepe,8,SW_Shy,3843.132080078125,15930.662109375,8552.203084309896,8678.86767578125
train,2908,14.845248988103519,106,ok,crepe,4,SW_Luna,7264.1259765625,19673.73046875,11019.58986857786,10279.87158203125
train,2909,14.342793008387291,148,ok,crepe,9,SW_Yosefa,6397.14453125,19423.1640625,8249.589651309743,7657.69677734375
train,2910,13.572201108811157,71,ok,crepe,4,SW_Luna,6100.115234375,17654.509765625,11266.959259815705,8879.98828125
train,2911,18.112381245243444,84,ok,crepe,9,SW_Yosefa,5623.3291015625,17647.2421875,9007.507264429209,8298.52880859375
train,2912,14.052691094825615,82,ok,crepe,7,SW_Nikita,8434.1982421875,16679.119140625,14370.346588134766,15302.6181640625
train,2913,22.570097617255016,225,ok,crepe,6,SW_Neo,7433.97265625,19672.560546875,10821.219991361178,10277.888671875
train,2914,12.414449661134629,114,ok,crepe,4,SW_Luna,5828.0859375,17450.712890625,12321.066924579327,10404.9287109375
train,2915,13.734333273587392,81,ok,crepe,2,NSW_1,4269.32177734375,18725.978515625,9517.553655450994,8246.49755859375
train,2916,6.801698413609662,67,ok,crepe,4,SW_Luna,6540.34716796875,18728.05859375,11740.177837171053,10340.56494140625
train,2917,11.637542031026447,89,ok,crepe,4,SW_Luna,7190.59765625,18728.650390625,11991.54845703125,10518.06201171875
train,2918,19.031914218389474,125,ok,crepe,6,SW_Neo,7017.037109375,18967.59375,10125.326340366417,10159.5498046875
train,2919,16.671372653446465,179,ok,crepe,4,SW_Luna,7014.13623046875,19429.53515625,12409.71368140244,11141.123046875
train,2920,4.597924723410129,156,ok,crepe,9,SW_Yosefa,6316.30322265625,17861.1015625,10326.801702008928,9927.2998046875
train,2921,15.02443653432973,97,ok,crepe,7,SW_Nikita,7882.255859375,19204.986328125,14671.359654017857,16483.041015625
train,2922,8.789687150925024,125,ok,crepe,5,SW_Nana,7264.86083984375,17440.703125,10187.376468331473,9927.9326171875
train,2923,8.49079836105738,110,ok,crepe,9,SW_Yosefa,5968.9365234375,19424.0,10636.038910412397,9693.90283203125
train,2924,15.396805156114947,90,ok,crepe,6,SW_Neo,7097.43896484375,10878.34765625,9738.898967633928,10056.8798828125
train,2925,10.362717648585875,185,ok,crepe,4,SW_Luna,3551.61328125,20137.1484375,15314.209000497494,17445.7099609375
train,2926,11.82461461312371,154,ok,crepe,6,SW_Neo,4314.29443359375,17444.0,8878.081181585452,8931.5390625
train,2927,16.025819585916853,114,ok,crepe,2,NSW_1,4893.01708984375,21211.9921875,11551.77589783188,10756.96875
train,2928,2.9056132110457193,89,ok,crepe,2,NSW_1,7191.6962890625,16277.8828125,10838.977722772277,10998.072265625
train,2929,15.159862396289538,85,ok,crepe,7,SW_Nikita,7263.86669921875,17262.3515625,14228.254996251579,16110.8056640625
train,2930,15.863379729720794,77,ok,crepe,9,SW_Yosefa,5242.40234375,15028.6015625,8897.737480249298,8727.62109375
train,2931,11.93255710436616,143,ok,crepe,6,SW_Neo,5969.04345703125,17439.54296875,8841.31878474885,8732.8427734375
train,2932,23.230443392715962,119,ok,crepe,6,SW_Neo,4837.76123046875,16477.01171875,9265.94209917854,9640.306640625
train,2933,24.158112399603645,183,ok,crepe,3,SW_Dana,5427.1240234375,19674.626953125,11541.558837890625,10766.03369140625
train,2934,16.421638172934937,150,ok,crepe,3,SW_Dana,6936.154296875,17249.26171875,12547.74091334597,12071.37890625
train,2935,12.534280672823355,91,ok,crepe,4,SW_Luna,7884.20703125,17439.94140625,11177.678107766544,10158.90625
train,2936,8.874202160409286,148,ok,crepe,4,SW_Luna,4268.99169921875,18281.798828125,13288.415257740606,15925.5234375
train,2937,13.834738785389582,85,ok,crepe,4,SW_Luna,4950.47900390625,17645.134765625,11354.201363895716,10281.412109375
train,2938,18.84075595993139,256,ok,crepe,6,SW_Neo,7351.96484375,17855.6875,10292.428786967452,10278.720703125
train,2939,11.162736910495372,130,ok,crepe,6,SW_Neo,4573.8251953125,11535.7529296875,9735.286539167366,10631.9130859375
train,2940,14.543066903358824,91,ok,crepe,4,SW_Luna,7612.375,18078.943359375,13224.396071943265,11671.3486328125
train,2941,8.22130650611199,126,ok,crepe,9,SW_Yosefa,7265.2109375,20339.91796875,9800.366945066653,9041.6884765625
train,2942,21.19434206338626,106,ok,crepe,6,SW_Neo,5427.8984375,11407.08203125,9389.728698730469,9878.619140625
train,2943,15.047735523317096,82,ok,crepe,7,SW_Nikita,7795.98046875,17261.890625,15003.59917195638,16275.650390625
train,2944,16.31890755995075,112,ok,crepe,4,SW_Luna,7793.537109375,21212.833984375,13482.820696721312,14494.9873046875
train,2945,27.701430529760135,155,ok,crepe,4,SW_Luna,5969.37939453125,17652.630859375,12717.079193793403,10877.03271484375
train,2946,6.803179385239372,175,ok,crepe,7,SW_Nikita,3982.15771484375,20780.9765625,14237.597573242187,14844.40234375
train,2947,11.707589325593034,126,ok,crepe,9,SW_Yosefa,6315.14892578125,17443.947265625,8260.56010945638,7614.305908203125
train,2948,12.459209847555083,97,ok,crepe,2,NSW_1,5427.7373046875,20772.61328125,10967.71297940341,10577.8896484375
train,2949,18.837169031815343,159,ok,crepe,6,SW_Neo,5904.42333984375,10876.16796875,8489.6338978643,7521.65478515625
train,2950,5.127341209496521,82,ok,crepe,6,SW_Neo,7883.794921875,19410.875,11034.044600053267,10405.37060546875
train,2951,5.061883217209703,106,ok,crepe,6,SW_Neo,5903.71826171875,19207.76171875,9006.71890357233,7263.6904296875
train,2952,13.588288548562375,138,ok,crepe,5,SW_Nana,5830.185546875,16478.62890625,8631.135772705078,8682.515625
train,2953,26.402882299858,240,ok,crepe,6,SW_Neo,6177.171875,19421.984375,9743.110348024231,9932.63330078125
train,2954,17.739846412502892,106,ok,crepe,9,SW_Yosefa,5177.7265625,19424.109375,9923.8206484375,8628.5576171875
train,2955,11.249612272638355,163,ok,crepe,3,SW_Dana,6463.60595703125,19674.92578125,11925.96275073902,11411.6220703125
train,2956,19.11606724478974,77,ok,crepe,6,SW_Neo,7348.6708984375,17442.298828125,10407.50633616728,10401.1669921875
train,2957,14.943492469421493,70,ok,crepe,4,SW_Luna,6464.345703125,17254.451171875,10850.92443205181,10343.36669921875
train,2958,11.999149347557372,199,ok,crepe,4,SW_Luna,6464.4482421875,17646.376953125,12240.387061631944,10763.4853515625
train,2959,13.129807465721422,135,ok,crepe,6,SW_Neo,7265.86669921875,17648.365234375,10445.70085185283,10343.0380859375
train,2960,19.410498261877013,42,ok,crepe,9,SW_Yosefa,3473.869384765625,19672.923828125,9340.615043945312,7882.491455078125
train,2961,15.596181303997131,77,ok,crepe,7,SW_Nikita,6464.92236328125,17646.359375,15817.316755814985,16284.42529296875
train,2962,25.51232523892745,171,ok,crepe,4,SW_Luna,7700.763671875,17650.49609375,12674.824714392274,10997.0810546875
train,2963,11.861350654587465,160,ok,crepe,6,SW_Neo,4073.680419921875,17860.021484375,10882.46173164282,10763.41259765625
train,2964,9.003072972465961,69,ok,crepe,2,NSW_1,8428.7978515625,16859.974609375,10439.51951904297,10283.88671875
train,2965,16.874035725129023,89,ok,crepe,2,NSW_1,7978.15478515625,17438.927734375,11124.672176585478,10278.61767578125
train,2966,10.13236093755097,178,ok,crepe,6,SW_Neo,5498.841796875,16864.076171875,8200.752162041355,7262.00634765625
train,2967,5.531734751279254,81,ok,crepe,3,SW_Dana,8933.501953125,17243.384765625,11511.3470703125,11006.0625
train,2968,8.846615473577161,133,ok,crepe,4,SW_Luna,7261.771484375,18725.1171875,13856.124588116496,12807.896484375
train,2969,17.61516761821103,96,ok,crepe,4,SW_Luna,6855.576171875,17854.2421875,12809.546400157684,10643.7509765625
train,2970,19.469596249310854,137,ok,crepe,4,SW_Luna,5830.03515625,17442.12109375,11859.532120820064,10632.513671875
train,2971,13.88576521774819,142,ok,crepe,4,SW_Luna,5427.92236328125,17454.853515625,11803.644549113948,10880.587890625
train,2972,16.405176333030223,78,ok,crepe,9,SW_Yosefa,4172.4423828125,16852.7265625,8742.958144970155,8727.337890625
train,2973,6.811732646918759,78,ok,crepe,4,SW_Luna,8432.255859375,18729.45703125,12051.520425451807,10403.095703125
train,2974,2.860251704369254,97,ok,crepe,4,SW_Luna,5361.3623046875,19424.365234375,12212.842309091606,10766.025390625
train,2975,18.08745943182254,86,ok,crepe,6,SW_Neo,7190.24609375,10405.3310546875,8380.9433203125,7348.32958984375
train,2976,17.908267533201684,151,ok,crepe,4,SW_Luna,6463.619140625,20123.62890625,12999.505947651836,11934.875
train,2977,12.870574834205392,191,ok,crepe,6,SW_Neo,6936.5576171875,11407.08203125,9644.805200195313,10050.3046875
train,2978,12.909102247352415,185,ok,crepe,5,SW_Nana,6247.5224609375,14497.3935546875,9170.221462673611,9370.2392578125
train,2979,11.559348733027985,128,ok,crepe,4,SW_Luna,4268.4404296875,17647.66015625,11568.202542429957,10637.5830078125
train,2980,18.64000029891585,189,ok,crepe,6,SW_Neo,7191.0849609375,15929.625,10330.60106530037,10523.8876953125
train,2981,12.54271788331754,97,ok,crepe,4,SW_Luna,4171.609375,16863.876953125,11572.430397727272,10762.97998046875
train,2982,3.3021325559461125,72,ok,crepe,4,SW_Luna,5970.306640625,18725.66796875,14649.100264386432,16770.373046875
train,2983,15.7702356079323,65,ok,crepe,5,SW_Nana,6396.19140625,16112.67578125,12478.788503546464,12353.22705078125
train,2984,15.257088627393863,137,ok,crepe,4,SW_Luna,5902.9169921875,17863.62890625,13102.783833564083,10941.18212890625
train,2985,17.982845041994953,111,ok,crepe,4,SW_Luna,6317.5517578125,18492.37109375,11765.419567108154,10998.28515625
train,2986,19.27687943136718,137,ok,crepe,4,SW_Luna,7979.1494140625,17869.18359375,12869.136397349683,10880.7294921875
train,2987,9.649439624241488,36,ok,crepe,1,NSW_2,6100.0732421875,17248.533203125,13125.601013183594,14000.62890625
train,2988,14.756131247908135,56,ok,crepe,9,SW_Yosefa,5297.4619140625,13698.47265625,9110.722214471727,8526.861328125
train,2989,19.119148542350246,131,ok,crepe,6,SW_Neo,4784.01220703125,19672.853515625,9420.386565755209,9365.5078125
train,2990,15.752332980186258,89,ok,crepe,2,NSW_1,3981.1611328125,17440.916015625,8967.34553079044,9991.03662109375
train,2991,3.434364993163084,223,ok,crepe,3,SW_Dana,5903.36962890625,20336.48828125,11139.005503336588,10643.3359375
train,2992,19.32856077600608,91,ok,crepe,2,NSW_1,5970.146484375,19674.978515625,11436.866338933556,10639.453125
train,2993,16.256118324429202,221,ok,crepe,4,SW_Luna,5178.7158203125,17861.76171875,13138.094771484375,11603.52734375
train,2994,24.14947266004095,207,ok,crepe,6,SW_Neo,8730.77734375,11931.55859375,10015.971750332446,10165.4853515625
train,2995,10.258634684182688,109,ok,crepe,7,SW_Nikita,4122.40966796875,18081.05859375,11422.10596503586,8160.51513671875
train,2996,15.937062810121425,129,ok,crepe,9,SW_Yosefa,5970.62255859375,15930.640625,7601.077258051658,7266.12841796875
train,2997,12.153982758518413,186,ok,crepe,4,SW_Luna,4366.42138671875,20134.69921875,11221.560265451817,10518.4951171875
train,2998,18.16178866357164,134,ok,crepe,4,SW_Luna,8069.56640625,17243.9140625,13094.904975395699,11796.9404296875
train,2999,0.9379821826958378,68,ok,crepe,9,SW_Yosefa,6033.42578125,8432.1884765625,7456.603223924513,7437.3154296875
train,3000,13.300846067940377,99,ok,crepe,9,SW_Yosefa,6033.67724609375,17653.69921875,10043.602572737069,9932.33740234375
train,3001,21.463688567891918,150,ok,crepe,4,SW_Luna,6623.99951171875,17449.38671875,11594.566061085668,10519.19140625
train,3002,15.562776400603154,136,ok,crepe,4,SW_Luna,4269.01171875,18500.36328125,12705.94782760908,11937.8623046875
train,3003,10.548478552770302,82,ok,crepe,7,SW_Nikita,7979.28125,17651.01953125,14948.719299316406,15840.322265625
train,3004,14.374067612541362,191,ok,crepe,7,SW_Nikita,2941.60546875,17651.96484375,13441.247303355824,14846.8271484375
train,3005,15.185600816166867,49,ok,crepe,2,NSW_1,7350.23486328125,16679.076171875,11179.528383608218,11004.544921875
train,3006,13.796025883530218,155,ok,crepe,5,SW_Nana,5970.720703125,17443.7578125,9640.964756757363,8825.03076171875
train,3007,9.093350226811472,42,ok,crepe,7,SW_Nikita,8526.58984375,17254.49609375,14952.60768096301,15567.751953125
train,3008,12.664331831507061,151,ok,crepe,6,SW_Neo,5970.47265625,16866.45703125,9126.069650233478,9311.39599609375
train,3009,21.420750517983052,143,ok,crepe,6,SW_Neo,5123.966796875,10756.3720703125,8543.68785591585,8779.5791015625
train,3010,18.44546803879467,156,ok,crepe,6,SW_Neo,5179.13818359375,17251.1953125,9281.833649553571,9479.8759765625
train,3011,21.229508664086868,88,ok,crepe,4,SW_Luna,6707.4375,20783.84765625,13612.806473214287,13554.7705078125
train,3012,8.010197880012417,68,ok,crepe,6,SW_Neo,7098.654296875,17443.46875,8451.521028645833,7349.375
train,3013,21.504425852260386,112,ok,crepe,6,SW_Neo,4950.591796875,16107.0458984375,8901.543930053711,9369.87255859375
train,3014,2.701339256962693,87,ok,crepe,4,SW_Luna,6706.13037109375,19422.072265625,11876.541819254557,10521.6630859375
train,3015,20.916421325224228,123,ok,crepe,5,SW_Nana,5361.54833984375,16280.181640625,10144.613347046765,8633.9541015625
train,3016,14.843200284463054,93,ok,crepe,0,NSW_3,4726.5654296875,19426.349609375,10593.22957970961,9758.78466796875
train,3017,11.998195551203723,44,ok,crepe,7,SW_Nikita,6176.23828125,17857.1875,15488.728218826593,17255.6875
train,3018,13.349422409462829,106,ok,crepe,4,SW_Luna,5428.6845703125,16865.67578125,10513.816575736053,9935.876953125
train,3019,5.9407205250103745,87,ok,crepe,4,SW_Luna,5763.240234375,12074.017578125,9369.752650669643,9582.88525390625
train,3020,14.206776166516839,133,ok,crepe,6,SW_Neo,6034.0478515625,16679.9296875,9113.01109375,9253.12158203125
train,3021,6.865992647772173,32,ok,crepe,4,SW_Luna,7262.96630859375,17652.947265625,10206.806361607143,9580.283203125
train,3022,10.13335752532248,19,ok,crepe,7,SW_Nikita,7881.630859375,16864.70703125,10060.537854646382,9820.443359375
train,3023,14.590929075647391,82,ok,crepe,7,SW_Nikita,10642.171875,16853.91796875,15035.202067057291,16381.138671875
train,3024,13.446424854536554,145,ok,crepe,4,SW_Luna,6396.5146484375,19420.48828125,11368.971939280063,10522.7490234375
train,3025,18.729960706649162,123,ok,crepe,6,SW_Neo,6248.443359375,15934.12109375,10091.429884217627,10406.134765625
train,3026,10.927138460842578,105,ok,crepe,6,SW_Neo,6100.96240234375,18966.884765625,10115.601346842448,10401.201171875
train,3027,6.142829169529232,66,ok,crepe,6,SW_Neo,6621.47509765625,17646.76171875,9952.089414854307,9757.603515625
train,3028,16.260450550123068,59,ok,crepe,2,NSW_1,7520.611328125,12069.169921875,9944.974731445312,10402.869140625
train,3029,10.508309545915944,71,ok,crepe,0,NSW_3,7264.171875,14160.328125,10432.304532980617,10405.232421875
train,3030,11.452027762249028,191,ok,crepe,9,SW_Yosefa,5623.34033203125,18968.689453125,9352.057089566055,9039.9375
train,3031,14.69629858505203,199,ok,crepe,4,SW_Luna,7519.6650390625,17647.560546875,12049.415966796874,10765.60009765625
train,3032,10.182556616716834,93,ok,crepe,4,SW_Luna,8729.955078125,17446.58984375,11790.940522693452,10517.6572265625
train,3033,9.937585671336613,125,ok,crepe,4,SW_Luna,5362.26806640625,17648.39453125,12013.211039371628,10876.505859375
train,3034,18.926709830002576,109,ok,crepe,9,SW_Yosefa,6318.89208984375,21219.8671875,8934.902114868164,7703.55126953125
train,3035,10.239839937614136,162,ok,crepe,6,SW_Neo,6462.62158203125,17647.3984375,9384.572060324928,9420.56298828125
train,3036,6.2900082717040595,15,ok,crepe,7,SW_Nikita,6621.5126953125,16676.390625,9893.671813964844,7572.8388671875
train,3037,12.369568454099237,155,ok,crepe,2,NSW_1,4676.42041015625,20777.4921875,10311.088166852678,9586.111328125
train,3038,10.62339411668348,106,ok,crepe,4,SW_Luna,4269.0634765625,19422.189453125,12373.405790932158,10405.3369140625
train,3039,16.65893195189501,114,ok,crepe,9,SW_Yosefa,6317.39501953125,14850.712890625,9992.563249194895,10159.2373046875
train,3040,8.135628379547011,136,ok,crepe,4,SW_Luna,6462.09423828125,19427.83203125,13240.762424395161,11672.6025390625
train,3041,15.949949648523052,133,ok,crepe,4,SW_Luna,8349.5634765625,17649.25390625,13000.321841591283,11406.40576171875
train,3042,12.791910409246366,68,ok,crepe,4,SW_Luna,8731.244140625,19207.228515625,12731.969635416666,10766.4736328125
train,3043,10.958099773740503,106,ok,crepe,6,SW_Neo,6540.5810546875,14496.7578125,9199.096412979254,9470.822265625
train,3044,10.869434668761668,93,ok,crepe,7,SW_Nikita,4171.736328125,17248.9609375,13803.447007665094,15392.296875
train,3045,12.128583038083246,134,ok,crepe,4,SW_Luna,5692.4921875,20126.3046875,12465.421486302426,10761.22802734375
train,3046,19.148638016593395,157,ok,crepe,4,SW_Luna,7100.1513671875,17859.3984375,12996.893655617145,11669.9521484375
train,3047,1.284082757424878,194,ok,crepe,6,SW_Neo,5425.4560546875,17861.814453125,8412.537140589326,8524.666015625
train,3048,15.282269188123518,57,ok,crepe,2,NSW_1,6176.44482421875,18966.0,10912.309322415866,11134.56640625
train,3049,16.202896320411966,93,ok,crepe,3,SW_Dana,9476.5244140625,17444.041015625,12985.191787574404,13112.37890625
train,3050,19.882930342940497,139,ok,crepe,6,SW_Neo,4413.57373046875,12071.2880859375,8671.565523704387,8938.16796875
train,3051,9.24786492192991,86,ok,crepe,9,SW_Yosefa,7703.8466796875,15934.28515625,10228.457559390943,9529.39404296875
train,3052,5.936136023854388,132,ok,crepe,3,SW_Dana,7015.140625,19426.02734375,11360.242032284768,10768.8720703125
train,3053,15.235879921093343,73,ok,crepe,5,SW_Nana,6034.544921875,15201.59375,11477.176679446373,10758.1748046875
train,3054,20.691496702442734,142,ok,crepe,3,SW_Dana,8825.65625,19899.712890625,13025.168909143518,13032.255859375
train,3055,14.275883136210204,159,ok,crepe,6,SW_Neo,5123.279296875,16869.728515625,8839.319857136587,9037.4853515625
train,3056,20.53667056107752,81,ok,crepe,2,NSW_1,3083.840087890625,17043.99609375,10008.683822471217,9814.1064453125
train,3057,19.043979181788288,103,ok,crepe,6,SW_Neo,4073.520263671875,17859.7421875,8005.135789774232,7394.7607421875
train,3058,14.5857432865011,109,ok,crepe,2,NSW_1,4837.8173828125,17250.2890625,9874.755991451077,10278.384765625
train,3059,21.035034486765312,95,ok,crepe,4,SW_Luna,5763.19091796875,17443.837890625,12491.470879448785,11071.556640625
train,3060,27.914290954301222,65,ok,crepe,5,SW_Nana,9253.6123046875,16478.595703125,13046.119549725507,12803.69140625
train,3061,13.046470501640428,158,ok,crepe,7,SW_Nikita,7098.3330078125,19904.796875,14670.242248868683,16473.140625
train,3062,12.566258641938116,171,ok,crepe,2,NSW_1,5427.4033203125,17865.486328125,11563.603371710526,10765.982421875
train,3063,13.946678530098858,112,ok,crepe,4,SW_Luna,5904.32568359375,19212.37109375,14401.585329026442,16475.0625
train,3064,20.217050241856693,107,ok,crepe,4,SW_Luna,6247.55810546875,17863.880859375,12310.933511685924,10763.2568359375
train,3065,17.61616237572795,154,ok,crepe,4,SW_Luna,7792.5771484375,18965.67578125,12482.71382329705,11070.79443359375
train,3066,16.067272492215793,66,ok,crepe,7,SW_Nikita,5903.54296875,17446.064453125,13668.49214067851,15196.90625
train,3067,15.684474797775458,136,ok,crepe,2,NSW_1,6317.744140625,19673.216796875,12139.353949652777,10641.8310546875
train,3068,15.691484774025247,115,ok,crepe,6,SW_Neo,5427.419921875,18729.99609375,9492.429504860449,9585.642578125
train,3069,14.042496969825688,166,ok,crepe,4,SW_Luna,5829.28955078125,19208.294921875,11729.532735402961,11864.662109375
train,3070,20.351627609821158,141,ok,crepe,4,SW_Luna,3511.71923828125,18732.205078125,12118.563870239257,10759.63232421875
train,3071,20.35730016304051,99,ok,crepe,9,SW_Yosefa,5427.3388671875,17251.40234375,9463.40247453962,8430.81787109375
train,3072,17.846642682191153,114,ok,crepe,9,SW_Yosefa,5691.767578125,17646.125,7457.5182772549715,7262.107421875
train,3073,10.177797472610418,148,ok,crepe,4,SW_Luna,6621.611328125,18967.298828125,13010.761848958333,12072.7158203125
train,3074,16.30414908104069,127,ok,crepe,6,SW_Neo,5558.46875,17442.49609375,9253.716986762152,9421.31591796875
train,3075,1.1421260003338944,109,ok,crepe,6,SW_Neo,4892.2001953125,18083.408203125,8893.597200520833,8936.77587890625
train,3076,10.210504126455236,49,ok,crepe,2,NSW_1,5425.98876953125,16480.4921875,9208.230551665683,8822.759765625
train,3077,11.094732566094045,106,ok,crepe,6,SW_Neo,6034.169921875,19424.15234375,9610.292771016271,9471.8740234375
train,3078,15.714477692668446,162,ok,crepe,7,SW_Nikita,6463.4853515625,17651.837890625,13555.138507345448,14843.3349609375
train,3079,13.523671530752729,77,ok,crepe,2,NSW_1,8527.505859375,17646.697265625,11336.409497893259,10881.0859375
train,3080,22.502318331646794,168,ok,crepe,6,SW_Neo,5692.52001953125,15403.935546875,8505.096055492912,8578.16748046875
train,3081,12.524377126572022,234,ok,crepe,5,SW_Nana,5970.30810546875,15932.416015625,10108.29350422572,9471.2392578125
train,3082,12.421163283525772,73,ok,crepe,7,SW_Nikita,6249.2451171875,17444.03515625,14313.013743330792,16382.451171875
train,3083,15.273864916209561,125,ok,crepe,6,SW_Neo,5297.509765625,17645.712890625,8992.102600524475,9145.923828125
train,3084,13.103673469505228,126,ok,crepe,5,SW_Nana,6034.7099609375,17441.6875,10316.915622951268,9040.365234375
train,3085,8.690560314463612,126,ok,crepe,4,SW_Luna,7262.38330078125,17854.33203125,13192.886607623923,11676.916015625
train,3086,17.737903473074287,84,ok,crepe,3,SW_Dana,8522.322265625,17045.61328125,13256.95577279317,13844.638671875
train,3087,6.855297029749918,108,ok,crepe,4,SW_Luna,4366.72607421875,19674.998046875,10942.008437334482,9873.78369140625
train,3088,8.052452710317862,148,ok,crepe,6,SW_Neo,6097.93017578125,14658.5263671875,9821.663253600338,10046.5048828125
train,3089,24.207408746375428,166,ok,crepe,4,SW_Luna,4314.71240234375,17437.72265625,11281.050076244986,10155.7265625
train,3090,5.257474224811936,102,ok,crepe,7,SW_Nikita,6398.083984375,17443.41796875,14119.309628547879,16279.1748046875
train,3091,22.844087216385102,140,ok,crepe,6,SW_Neo,5297.32958984375,10759.6435546875,8572.307480711374,8633.0673828125
train,3092,1.174023749245174,82,ok,crepe,4,SW_Luna,6397.138671875,21490.68359375,13499.201620412427,14934.98876953125
train,3093,9.751435918391596,97,ok,crepe,6,SW_Neo,5762.3125,19214.041015625,9635.624560106982,9585.2685546875
train,3094,18.29840789538204,161,ok,crepe,6,SW_Neo,6940.33935546875,17645.01171875,10708.097500527872,10400.0537109375
train,3095,13.322832709358917,136,ok,crepe,4,SW_Luna,6622.8896484375,17641.466796875,12037.994540700605,10517.498046875
train,3096,16.68755053468437,41,ok,crepe,5,SW_Nana,7703.99169921875,12071.92578125,9716.126402509974,9821.962890625
train,3097,13.042374671888414,155,ok,crepe,4,SW_Luna,5694.0029296875,17641.501953125,12712.448269774011,11000.130859375
train,3098,13.646899560069228,99,ok,crepe,6,SW_Neo,5762.486328125,19425.263671875,9739.98140171596,9698.1474609375
train,3099,13.780816765165802,147,ok,crepe,4,SW_Luna,7195.7216796875,17452.02734375,12491.849991383273,11000.052734375
train,3100,13.490034356012906,111,ok,crepe,2,NSW_1,4837.06103515625,18726.17578125,10442.217785063243,9935.24658203125
train,3101,11.716761032097136,90,ok,crepe,6,SW_Neo,4074.4033203125,16864.794921875,11357.049603630514,11403.9765625
train,3102,14.545559523293907,56,ok,crepe,7,SW_Nikita,7982.32958984375,17452.830078125,14787.911288174715,15485.59765625
train,3103,18.354731309021847,116,ok,crepe,4,SW_Luna,7614.2587890625,19424.16796875,11830.793081430289,10282.35546875
train,3104,21.049307517099326,183,ok,crepe,6,SW_Neo,5361.5859375,11670.8974609375,8161.103626703199,7098.11474609375
train,3105,13.23033430306941,125,ok,crepe,6,SW_Neo,6396.2529296875,17644.546875,9609.047582653986,9371.10498046875
train,3106,2.7527376533484555,83,ok,crepe,4,SW_Luna,8731.244140625,17044.333984375,12674.872025413075,12650.3515625
train,3107,2.8058182803841234,115,ok,crepe,6,SW_Neo,6394.88525390625,17858.63671875,9090.020431290812,9422.2333984375
train,3108,8.411042745426528,139,ok,crepe,9,SW_Yosefa,7264.95654296875,17858.20703125,11003.16091260723,9701.2685546875
train,3109,21.03317516849239,169,ok,crepe,5,SW_Nana,5970.18994140625,20558.162109375,10259.98277927674,9311.7021484375
train,3110,20.729633749297175,143,ok,crepe,6,SW_Neo,5763.6533203125,13700.951171875,8967.650992044588,9477.1005859375
train,3111,15.130834988217652,97,ok,crepe,2,NSW_1,3935.933837890625,17444.765625,10882.209430486506,10518.62548828125
train,3112,6.788978516777786,174,ok,crepe,4,SW_Luna,7013.341796875,17450.57421875,11924.714911769279,10755.9775390625
train,3113,16.6850969265736,137,ok,crepe,5,SW_Nana,6179.15576171875,10877.138671875,9079.553945806962,9528.16162109375
train,3114,15.042083076547758,180,ok,crepe,3,SW_Dana,6034.48291015625,17861.408203125,12089.53560897679,12074.31640625
train,3115,19.8358067282933,134,ok,crepe,6,SW_Neo,4413.6669921875,17646.435546875,8802.126835043913,8820.2236328125
train,3116,-0.7263940911948047,62,ok,crepe,6,SW_Neo,7794.80712890625,21491.091796875,11227.306984485036,9935.80078125
train,3117,14.98254408007087,167,ok,crepe,6,SW_Neo,5428.3330078125,10882.658203125,8401.159655318977,7347.66796875
train,3118,19.086724935082685,112,ok,crepe,6,SW_Neo,5428.9951171875,17863.20703125,8749.25535216812,9248.8857421875
train,3119,9.365001151500964,189,ok,crepe,9,SW_Yosefa,4172.42578125,17039.4453125,9308.907467198715,9254.2490234375
train,3120,11.223631251419608,140,ok,crepe,9,SW_Yosefa,7613.51953125,17643.525390625,10605.406339057587,9820.041015625
train,3121,21.65220617514738,168,ok,crepe,3,SW_Dana,5695.853515625,17643.6015625,12267.972630950453,12357.560546875
train,3122,14.335604016749555,208,ok,crepe,7,SW_Nikita,6248.42724609375,17650.12109375,12620.638944498698,10765.54150390625
train,3123,9.68331501118525,96,ok,crepe,2,NSW_1,5178.2705078125,21005.578125,10476.218377130683,6819.12451171875
train,3124,16.807499865530417,76,ok,crepe,6,SW_Neo,7792.671875,20130.22265625,9888.462149973666,9927.408203125
train,3125,12.664726960504666,143,ok,crepe,6,SW_Neo,7014.5810546875,19428.205078125,9869.393569757909,9639.39013671875
train,3126,2.1070966004496277,71,ok,crepe,4,SW_Luna,5239.84765625,18076.46875,11771.518897118507,10765.548828125
train,3127,16.559351952624045,138,ok,crepe,5,SW_Nana,5063.61572265625,17253.134765625,10154.683899698379,9474.91455078125
train,3128,10.76284272017817,123,ok,crepe,5,SW_Nana,6706.365234375,17436.12109375,9720.465411679965,8936.015625
train,3129,13.323528440575078,141,ok,crepe,4,SW_Luna,6247.16748046875,17646.9140625,12458.112274546682,10638.61572265625
train,3130,16.54702302652077,149,ok,crepe,6,SW_Neo,6319.55859375,17443.568359375,9985.946445198946,10276.39013671875
train,3131,17.536933251685006,264,ok,crepe,5,SW_Nana,4269.01708984375,12360.330078125,9889.018385481126,10053.953125
train,3132,7.278655902934139,72,ok,crepe,9,SW_Yosefa,6707.34765625,17253.126953125,7923.445624294051,7795.537109375
train,3133,9.642994316545126,114,ok,crepe,2,NSW_1,4366.99755859375,20131.359375,11518.160706018518,10522.0556640625
train,3134,10.807131896587645,123,ok,crepe,5,SW_Nana,5970.267578125,18494.904296875,9854.441468583776,8634.6337890625
train,3135,13.990286474458589,82,ok,crepe,9,SW_Yosefa,7262.49072265625,19421.619140625,9148.033943422379,7794.2841796875
train,3136,9.753531183712413,42,ok,crepe,4,SW_Luna,6936.6630859375,17451.578125,10775.270687181122,10521.36328125
train,3137,17.250734153390617,108,ok,crepe,4,SW_Luna,7098.30029296875,17644.802734375,11846.089181947315,10759.2880859375
train,3138,12.632569576663204,58,ok,crepe,6,SW_Neo,7189.04345703125,17854.455078125,9281.40484345849,9037.099609375
train,3139,10.212041893229815,131,ok,crepe,9,SW_Yosefa,4783.900390625,17453.630859375,9924.843569761955,9369.7470703125
train,3140,27.01664359264505,180,ok,crepe,6,SW_Neo,4314.75341796875,19671.375,10262.457454265934,9992.2939453125
train,3141,11.29512064270257,183,ok,crepe,8,SW_Shy,5762.95458984375,12946.6123046875,10099.44592406018,10520.01611328125
train,3142,11.519768302035605,209,ok,crepe,4,SW_Luna,6538.916015625,19901.087890625,12651.216681615477,11135.95703125
train,3143,12.518052109436077,50,ok,crepe,4,SW_Luna,6034.525390625,17443.5625,11139.418776939656,10584.15380859375
train,3144,16.673060991418602,76,ok,crepe,7,SW_Nikita,8431.90625,19208.6796875,15786.384103358478,17248.087890625
train,3145,14.65683122829213,163,ok,crepe,4,SW_Luna,4268.599609375,18288.693359375,11562.284522015116,10399.99658203125
train,3146,10.572602474118808,72,ok,crepe,9,SW_Yosefa,4517.5673828125,17645.275390625,13345.447051257623,15480.4345703125
train,3147,20.98170024188226,209,ok,crepe,5,SW_Nana,5969.365234375,16480.19140625,10362.554444372407,9690.142578125
train,3148,17.970498648918742,140,ok,crepe,4,SW_Luna,4073.826904296875,17647.43359375,11185.150987243653,10108.5712890625
train,3149,22.660401383996916,117,ok,crepe,6,SW_Neo,4314.22998046875,17251.423828125,9021.178310109608,9310.52197265625
train,3150,14.337178516859685,157,ok,crepe,7,SW_Nikita,6464.9482421875,17866.515625,15079.696858274345,16281.365234375
train,3151,20.836984164762544,198,ok,crepe,3,SW_Dana,6033.82861328125,19427.8984375,9439.586682659647,7751.98974609375
train,3152,4.960755985858206,53,ok,crepe,4,SW_Luna,4314.767578125,18726.1015625,11888.25554488877,10633.6875
train,3153,16.581156003824134,133,ok,crepe,4,SW_Luna,4367.08984375,19902.107421875,13254.321876927426,11934.9443359375
train,3154,4.477083594212058,119,ok,crepe,9,SW_Yosefa,4268.81689453125,19207.728515625,11252.45605844351,10157.88330078125
train,3155,19.644118361848445,180,ok,crepe,4,SW_Luna,5363.0322265625,17048.671875,11869.353323129508,10881.08251953125
train,3156,10.767279140389414,112,ok,crepe,4,SW_Luna,5829.3994140625,19669.640625,12522.06784626589,10636.29248046875
train,3157,10.886328050535987,101,ok,crepe,9,SW_Yosefa,4837.6162109375,17647.166015625,8977.046598451327,8072.2451171875
train,3158,17.886029090256525,101,ok,crepe,4,SW_Luna,8433.9814453125,17864.783203125,11946.175986842105,10402.91357421875
train,3159,15.212026961368583,141,ok,crepe,5,SW_Nana,3158.2138671875,20126.00390625,11200.605693419287,9035.642578125
train,3160,23.071923145574722,143,ok,crepe,4,SW_Luna,7979.478515625,17642.423828125,12923.724635689558,11529.208984375
train,3161,13.217514436557988,73,ok,crepe,7,SW_Nikita,5830.29345703125,16866.10546875,13872.537189797795,15405.8896484375
train,3162,15.492139874364417,80,ok,crepe,7,SW_Nikita,7017.46142578125,17447.892578125,14236.344851230053,15655.2900390625
train,3163,5.532623496470234,74,ok,crepe,9,SW_Yosefa,3158.70947265625,19427.068359375,10437.396752334222,9095.86376953125
train,3164,13.60160318131042,50,ok,crepe,7,SW_Nikita,6033.81298828125,17447.458984375,15232.341025904605,16856.59765625
train,3165,14.637150985470251,156,ok,crepe,6,SW_Neo,6176.3505859375,12071.6904296875,9974.993202466643,9992.716796875
train,3166,19.83069051935069,111,ok,crepe,4,SW_Luna,6034.27197265625,17643.986328125,12414.939787409856,10700.33935546875
train,3167,4.755913438019614,79,ok,crepe,6,SW_Neo,6034.0361328125,11003.8583984375,9594.83408203125,10109.31396484375
train,3168,16.046680412014176,116,ok,crepe,5,SW_Nana,4267.91943359375,13556.1953125,7735.065914241412,7791.8525390625
train,3169,13.49813064738819,62,ok,crepe,6,SW_Neo,7795.005859375,17443.4921875,11162.718275669642,10461.0244140625
train,3170,5.039693402660368,242,ok,crepe,6,SW_Neo,6541.70458984375,17440.9609375,9866.568326822917,9994.59765625
train,3171,3.4749263727032353,70,ok,crepe,4,SW_Luna,5430.25146484375,21486.708984375,14030.51766357422,14936.66259765625
train,3172,10.33108342093502,98,ok,crepe,7,SW_Nikita,7098.0322265625,19204.421875,14879.836865234374,16867.099609375
train,3173,25.979254480554165,115,ok,crepe,6,SW_Neo,4949.67529296875,11535.2578125,9094.756317837548,9694.623046875
train,3174,17.050765637774955,335,ok,crepe,5,SW_Nana,6396.57666015625,12358.5625,9438.942621893215,9691.17138671875
train,3175,14.238547740946652,119,ok,crepe,5,SW_Nana,6247.2294921875,19420.63671875,9349.722674201517,8990.9501953125
train,3176,8.201275238928615,50,ok,crepe,4,SW_Luna,7259.7939453125,17642.7109375,13602.386257102273,12656.4609375
train,3177,15.76331228390664,150,ok,crepe,4,SW_Luna,7522.06787109375,17452.2109375,11963.550845792925,10641.69580078125
train,3178,12.419175716000977,49,ok,crepe,6,SW_Neo,7097.27490234375,16680.74609375,8912.316654829545,8931.0986328125
train,3179,22.147283230120422,126,ok,crepe,9,SW_Yosefa,6935.66357421875,16866.796875,8477.2224222819,8250.44775390625
train,3180,7.453714816596914,96,ok,crepe,4,SW_Luna,7350.44189453125,20783.935546875,10843.545298549107,9935.53125
train,3181,12.300798675784874,75,ok,crepe,3,SW_Dana,6034.2080078125,18731.474609375,13775.355189732143,13266.0166015625
train,3182,-0.34794969639655476,68,ok,crepe,9,SW_Yosefa,7980.25634765625,18729.9140625,9735.22073442508,9045.4970703125
train,3183,17.592090828497312,152,ok,crepe,4,SW_Luna,5904.29443359375,18729.0546875,11607.672936235549,10282.94140625
train,3184,5.527089868274892,129,ok,crepe,4,SW_Luna,5762.48046875,18965.310546875,12529.172747886345,11273.0576171875
train,3185,4.1161687582498265,117,ok,crepe,4,SW_Luna,5498.6806640625,19668.431640625,11841.60534762597,10761.6171875
train,3186,8.996792229130925,136,ok,crepe,8,SW_Shy,4414.62109375,16481.177734375,9061.338397686299,9248.93896484375
train,3187,26.75769589494518,168,ok,crepe,5,SW_Nana,5763.3447265625,19425.31640625,10628.644399214763,9689.92236328125
train,3188,18.66800919447901,121,ok,crepe,4,SW_Luna,7704.61328125,18964.234375,13549.137745209853,15567.1865234375
train,3189,17.522552475979666,118,ok,crepe,6,SW_Neo,5692.7421875,17439.54296875,9137.47752097801,9581.62890625
train,3190,19.781247228697932,78,ok,crepe,2,NSW_1,4726.43896484375,17253.337890625,10528.3251953125,10286.037109375
train,3191,13.736818422768335,144,ok,crepe,4,SW_Luna,7187.294921875,16291.005859375,13183.397631541791,14332.533203125
train,3192,20.14056141638628,139,ok,crepe,6,SW_Neo,5427.5478515625,20338.162109375,9773.457938488618,9808.77880859375
train,3193,-5.987210432829569,49,ok,crepe,7,SW_Nikita,3981.005859375,20131.146484375,14437.455403645834,17248.119140625
train,3194,11.78505186915676,144,ok,crepe,6,SW_Neo,7098.07080078125,17641.58984375,9735.964609966855,9587.9775390625
train,3195,8.175168183024597,96,ok,crepe,6,SW_Neo,4219.9755859375,18277.423828125,10006.430833082934,9814.4423828125
train,3196,15.66065254056329,176,ok,crepe,9,SW_Yosefa,5239.98486328125,11929.7646484375,9168.972826298197,9255.9375
train,3197,17.899001968571298,156,ok,crepe,5,SW_Nana,5763.37158203125,21006.7578125,11138.124381510417,10283.20751953125
train,3198,16.529170267277664,145,ok,crepe,4,SW_Luna,7613.2705078125,19423.671875,12163.952169027672,10642.3828125
train,3199,18.1927106515815,192,ok,crepe,4,SW_Luna,7518.9912109375,17647.052734375,11433.751646839488,10284.0341796875
train,3200,17.37588018670988,92,ok,crepe,4,SW_Luna,6707.5380859375,18497.57421875,12803.227981709988,10768.8974609375
train,3201,19.582912694340305,175,ok,crepe,6,SW_Neo,4725.99365234375,14495.693359375,8651.876924118193,8731.646484375
train,3202,17.78049552086531,123,ok,crepe,4,SW_Luna,5903.9453125,19424.01953125,11742.688160211268,10344.9892578125
train,3203,7.340751737187076,86,ok,crepe,9,SW_Yosefa,5829.8212890625,19422.78515625,10123.787841796875,9692.90966796875
train,3204,5.086770938491492,115,ok,crepe,4,SW_Luna,3157.630615234375,17646.13671875,11053.900918650073,10400.798828125
train,3205,11.20456183179286,76,ok,crepe,6,SW_Neo,7017.09033203125,11671.216796875,8642.28132132198,8945.291015625
train,3206,2.904170004088838,122,ok,crepe,9,SW_Yosefa,4171.29345703125,17859.228515625,10077.762823807565,9818.931640625
train,3207,12.850837693860555,144,ok,crepe,6,SW_Neo,5557.974609375,21005.61328125,9451.4042339676,9150.08203125
train,3208,5.023184155227678,103,ok,crepe,4,SW_Luna,4837.88916015625,19418.59375,11361.015990149457,10400.84375
train,3209,23.072771474943686,188,ok,crepe,4,SW_Luna,7097.1318359375,17856.720703125,11801.857372371831,10276.9384765625
train,3210,21.35028424719359,156,ok,crepe,5,SW_Nana,6033.216796875,17043.123046875,8324.316422526043,8025.8818359375
train,3211,18.45443199246229,84,ok,crepe,4,SW_Luna,6247.68359375,17440.328125,11703.047096488403,10634.3837890625
train,3212,16.35722132391875,82,ok,crepe,7,SW_Nikita,7793.0556640625,17242.8828125,14416.630568484043,15742.7705078125
train,3213,12.27291696595293,117,ok,crepe,7,SW_Nikita,7261.57470703125,17853.26953125,13620.851130558895,14841.83544921875
train,3214,20.145890679349137,171,ok,crepe,4,SW_Luna,6316.9775390625,17645.38671875,12382.561874701052,10518.74072265625
train,3215,13.074276282151274,82,ok,crepe,4,SW_Luna,6540.4248046875,19674.009765625,12585.327732252039,10880.30712890625
train,3216,18.631509651036964,89,ok,crepe,4,SW_Luna,9252.1630859375,17445.0078125,12665.675136529126,11002.451171875
train,3217,16.66544630230841,92,ok,crepe,7,SW_Nikita,7263.0849609375,17643.904296875,13227.577374152417,14332.5732421875
train,3218,17.404487628480577,73,ok,crepe,7,SW_Nikita,10878.865234375,17260.109375,15195.569859946647,15395.3076171875
train,3219,20.505021033108626,112,ok,crepe,4,SW_Luna,8824.2880859375,17440.830078125,13518.165098699905,15027.900390625
train,3220,17.24961971053595,145,ok,crepe,6,SW_Neo,7013.60546875,11674.84375,9496.494308287838,9816.38525390625
train,3221,13.890583343445378,126,ok,crepe,6,SW_Neo,6100.0712890625,19674.146484375,9545.348629349512,9370.7529296875
train,3222,22.723697519199032,110,ok,crepe,4,SW_Luna,8528.67578125,17438.251953125,13282.996109128937,11536.158203125
train,3223,7.777070524141282,70,ok,crepe,4,SW_Luna,6034.6884765625,17251.451171875,10889.619212080792,10521.18798828125
train,3224,11.672518318403025,86,ok,crepe,6,SW_Neo,6462.8974609375,17644.62109375,8857.038743425124,8946.4794921875
train,3225,13.97040964627519,178,ok,crepe,3,SW_Dana,5972.3544921875,20561.494140625,12037.931984139448,11934.1455078125
train,3226,16.5544893197314,133,ok,crepe,4,SW_Luna,4122.94384765625,19899.37109375,11840.345749627977,10525.23046875
train,3227,18.493333408673415,84,ok,crepe,4,SW_Luna,5297.74658203125,17447.58203125,11631.728185017904,10517.7255859375
train,3228,14.363381013546448,188,ok,crepe,3,SW_Dana,6620.8193359375,17443.359375,12539.348335697965,12354.125
train,3229,7.086704169039981,121,ok,crepe,6,SW_Neo,6178.24169921875,17441.595703125,9949.1319381359,9689.962890625
train,3230,12.151155707136729,65,ok,crepe,6,SW_Neo,9369.2822265625,11796.046875,10711.942179361979,10764.83984375
train,3231,12.316618629436677,70,ok,crepe,4,SW_Luna,5427.81982421875,17442.49609375,12348.948652102623,14499.216796875
train,3232,5.451551008604606,74,ok,crepe,6,SW_Neo,4268.203125,20342.08203125,10250.269321986607,10404.88037109375
train,3233,6.82477852434039,170,ok,crepe,3,SW_Dana,8345.7509765625,16677.439453125,11977.47894853415,11535.42431640625
train,3234,7.240119776158194,116,ok,crepe,6,SW_Neo,5297.4619140625,17649.50390625,10878.116102430555,9930.8828125
train,3235,17.20040532743148,170,ok,crepe,4,SW_Luna,8734.7802734375,17258.48828125,13146.4404296875,11668.3291015625
train,3236,10.079172888239443,138,ok,crepe,4,SW_Luna,6033.9365234375,17450.388671875,12762.936992570465,10877.912109375
train,3237,11.897402336064623,121,ok,crepe,4,SW_Luna,7980.81787109375,17647.677734375,12894.297387870953,11932.69921875
train,3238,20.42128987478869,128,ok,crepe,4,SW_Luna,7793.48095703125,17855.587890625,12389.088359504345,10759.697265625
train,3239,23.895024930760172,133,ok,crepe,6,SW_Neo,5425.771484375,13260.51953125,8977.659642099545,9469.525390625
train,3240,20.652314046691586,135,ok,crepe,5,SW_Nana,5178.4072265625,16480.7421875,10691.605847480969,9700.24853515625
train,3241,14.776014829651388,171,ok,crepe,6,SW_Neo,4315.22998046875,20127.966796875,9375.097055485112,8934.78125
train,3242,15.497685865604264,136,ok,crepe,4,SW_Luna,6176.015625,17649.048828125,10808.589972908267,9930.4921875
train,3243,-3.2315440723246476,126,ok,crepe,9,SW_Yosefa,4267.634765625,20555.51953125,13659.370475260417,14492.857421875
train,3244,11.038707443696293,142,ok,crepe,8,SW_Shy,4727.029296875,11279.9697265625,8630.985079956055,8430.7412109375
train,3245,24.94072013079411,149,ok,crepe,4,SW_Luna,6855.6123046875,19423.439453125,12415.108849379596,10642.6728515625
train,3246,16.431473430936464,171,ok,crepe,6,SW_Neo,5008.3466796875,16477.6328125,8987.699243410669,8824.16162109375
train,3247,23.15385988245025,124,ok,crepe,4,SW_Luna,7978.67138671875,17653.0625,13306.088433159723,11676.55810546875
train,3248,21.093751262520655,63,ok,crepe,2,NSW_1,8827.70703125,16481.580078125,10836.408537564212,10760.408203125
train,3249,11.915791306400031,88,ok,crepe,7,SW_Nikita,5969.951171875,17647.1875,13124.390390625,14753.38037109375
train,3250,12.642263555512457,134,ok,crepe,4,SW_Luna,8159.99755859375,17645.73046875,13143.296936848958,11283.5322265625
train,3251,13.65910475735336,107,ok,crepe,5,SW_Nana,5499.02734375,17253.029296875,10534.033921652694,10052.10546875
train,3252,27.574698678769924,149,ok,crepe,6,SW_Neo,5063.6376953125,12946.16015625,8888.262872350146,9146.7890625
train,3253,20.423325146832177,152,ok,crepe,4,SW_Luna,7707.33349609375,17454.84765625,12097.98827849135,10403.408203125
train,3254,15.916185572717932,91,ok,crepe,4,SW_Luna,8632.7509765625,17453.03125,14096.85400390625,16280.6416015625
train,3255,12.421745851417143,78,ok,crepe,7,SW_Nikita,5500.0615234375,19203.92578125,12970.79516320941,15750.705078125
train,3256,11.321935059885613,57,ok,crepe,9,SW_Yosefa,5692.54833984375,18494.21875,10123.37850811298,10405.705078125
train,3257,4.6277209834072774,69,ok,crepe,4,SW_Luna,5764.2275390625,17043.359375,12484.89125374572,11284.767578125
train,3258,26.32518355950399,242,ok,crepe,6,SW_Neo,6033.58154296875,17251.587890625,9801.948820368907,10044.7685546875
train,3259,12.522831806678166,93,ok,crepe,4,SW_Luna,3157.84326171875,19425.3046875,13169.480686817355,11935.1640625
train,3260,14.563073298803875,114,ok,crepe,6,SW_Neo,7187.0615234375,20783.146484375,10300.666131172471,10399.5205078125
train,3261,12.18346414568153,96,ok,crepe,3,SW_Dana,6463.20068359375,14662.677734375,9506.723273259942,9474.84375
train,3262,12.011413756033022,106,ok,crepe,6,SW_Neo,5763.84375,10874.978515625,8691.584640753073,8730.8935546875
train,3263,12.858102522635322,170,ok,crepe,6,SW_Neo,5970.728515625,17439.45703125,8497.180104573568,7308.7392578125
train,3264,13.4035633468844,111,ok,crepe,4,SW_Luna,7260.26611328125,17863.86328125,12640.541906932043,11007.00927734375
train,3265,16.514733304319517,117,ok,crepe,4,SW_Luna,6033.8251953125,18079.326171875,12601.186363161974,10768.0673828125
train,3266,15.308352843875415,82,ok,crepe,7,SW_Nikita,8247.7744140625,16851.61328125,15432.324754284275,15931.130859375
train,3267,24.060554872360456,77,ok,crepe,7,SW_Nikita,5427.85595703125,17860.04296875,12865.3657282049,14932.97900390625
train,3268,-110.04518372899945,85,ok,crepe,4,SW_Luna,8528.396484375,18496.50390625,12954.490458170572,11670.96533203125
train,3269,7.341417310249502,90,ok,crepe,4,SW_Luna,8431.908203125,17860.52734375,13195.964432061888,11003.57958984375
train,3270,17.175532891082984,224,ok,crepe,6,SW_Neo,5763.2099609375,18725.798828125,9852.74662240096,10046.71240234375
train,3271,15.84513901285463,139,ok,crepe,4,SW_Luna,4838.19140625,17451.65234375,12780.752899546682,11001.9462890625
train,3272,17.51624040201756,54,ok,crepe,7,SW_Nikita,6462.06005859375,18080.4140625,15850.523503707627,17448.583984375
train,3273,12.695751811623241,65,ok,crepe,2,NSW_1,6248.7451171875,19424.2890625,10168.816071810788,10052.2080078125
train,3274,20.597532324770704,100,ok,crepe,6,SW_Neo,5425.3955078125,10886.14453125,9165.031376279634,9689.80078125
train,3275,12.927091337905004,122,ok,crepe,4,SW_Luna,8727.8740234375,17259.013671875,13287.146733710106,14332.353515625
train,3276,11.48344041669067,160,ok,crepe,4,SW_Luna,6463.8759765625,17449.54296875,12092.99627586571,10882.666015625
train,3277,7.813935288480272,150,ok,crepe,4,SW_Luna,4314.689453125,18082.68359375,13962.519779997052,16283.6796875
train,3278,23.792061688118945,219,ok,crepe,6,SW_Neo,5763.2861328125,19671.935546875,10871.20691015625,10462.3115234375
train,3279,5.917871859584409,123,ok,crepe,6,SW_Neo,6395.86181640625,19429.31640625,10038.752478966346,9694.12744140625
train,3280,18.222449498995562,255,ok,crepe,4,SW_Luna,6463.2177734375,19674.6015625,13308.887445378708,12810.2294921875
train,3281,12.428346718919407,222,ok,crepe,3,SW_Dana,3511.794921875,19894.01171875,12279.620305751398,12003.33740234375
train,3282,14.04045521205164,141,ok,crepe,4,SW_Luna,6936.5302734375,19425.763671875,12954.224841459298,11669.8193359375
train,3283,14.83037808204754,62,ok,crepe,7,SW_Nikita,8162.6923828125,17444.0625,14403.841471354166,15120.92626953125
train,3284,9.497018930016779,83,ok,crepe,2,NSW_1,6033.4794921875,17647.166015625,9677.998873623934,9473.85791015625
train,3285,20.818613346529258,120,ok,crepe,5,SW_Nana,5427.3642578125,16677.5546875,10547.897192382812,8990.9462890625
train,3286,6.494366429690995,131,ok,crepe,2,NSW_1,3511.146240234375,19427.703125,10664.146556470218,10285.0693359375
train,3287,10.391900173602428,117,ok,crepe,4,SW_Luna,6318.17822265625,18732.150390625,13798.38330442514,15836.14453125
train,3288,13.550108711492568,159,ok,crepe,6,SW_Neo,5361.6337890625,20776.859375,9633.499997287327,9370.7880859375
train,3289,18.259639133680906,98,ok,crepe,4,SW_Luna,6034.5166015625,16863.380859375,13316.256744384766,14848.1875
train,3290,14.661566824203433,114,ok,crepe,6,SW_Neo,6781.2568359375,17445.607421875,10448.018088600853,10282.759765625
train,3291,13.840341079830774,124,ok,crepe,5,SW_Nana,6319.67333984375,17451.63671875,10758.212233728642,9937.6044921875
train,3292,5.419571202068193,116,ok,crepe,6,SW_Neo,5624.2880859375,12072.1015625,9439.988632202148,9931.34423828125
train,3293,10.726931967380096,198,ok,crepe,6,SW_Neo,5623.6337890625,19901.818359375,9586.93591418567,9586.2001953125
train,3294,10.834800392552422,114,ok,crepe,4,SW_Luna,5903.6328125,17440.177734375,12820.58771272408,11674.779296875
train,3295,16.53021586572883,55,ok,crepe,9,SW_Yosefa,6462.6982421875,17648.0234375,7961.735294596354,7437.198974609375
train,3296,18.766528519627727,64,ok,crepe,4,SW_Luna,8929.8271484375,15929.3935546875,11404.870331228596,10401.7890625
train,3297,13.009588750426994,133,ok,crepe,6,SW_Neo,5903.62890625,20128.716796875,9896.82859438004,9250.8046875
train,3298,6.547068396661806,50,ok,crepe,4,SW_Luna,8824.3984375,12072.6962890625,9871.405736019737,9817.7666015625
train,3299,15.55527351681529,139,ok,crepe,2,NSW_1,6537.6435546875,19898.44921875,10671.205093383789,9696.40869140625
train,3300,15.051065717203443,171,ok,crepe,7,SW_Nikita,5829.072265625,19900.9765625,15036.020623590528,16484.1767578125
train,3301,3.97598652280128,57,ok,crepe,6,SW_Neo,6033.43212890625,17444.03515625,10110.225189208984,9758.29052734375
train,3302,9.689517890363941,225,ok,crepe,6,SW_Neo,8247.103515625,19207.900390625,10212.639382447715,10276.978515625
train,3303,9.090686233921515,222,ok,crepe,6,SW_Neo,5360.89111328125,17443.125,8639.41414866728,8629.9296875
train,3304,13.756989764158853,110,ok,crepe,7,SW_Nikita,5969.55859375,16851.39453125,11820.68641796875,13114.564453125
train,3305,6.994319789204724,126,ok,crepe,6,SW_Neo,6707.779296875,20135.158203125,10334.773756094859,10278.318359375
train,3306,16.94309726122099,98,ok,crepe,7,SW_Nikita,7437.3818359375,17867.7421875,14534.287473444354,15206.6826171875
train,3307,22.45664836403566,136,ok,crepe,6,SW_Neo,4622.4775390625,13263.04296875,8453.233014112904,7792.08984375
train,3308,10.222509276309319,218,ok,crepe,6,SW_Neo,4365.099609375,18080.095703125,9995.34369705384,10049.4013671875
train,3309,15.481057446533335,105,ok,crepe,4,SW_Luna,7349.3408203125,19662.185546875,13435.950824832129,11803.3125
train,3310,11.805659879761786,147,ok,crepe,4,SW_Luna,5971.99609375,17643.6484375,12035.904979869632,10878.544921875
train,3311,22.138973876297158,313,ok,crepe,6,SW_Neo,4268.10595703125,13268.0810546875,10137.672632110252,10157.10595703125
train,3312,14.227205222013934,189,ok,crepe,6,SW_Neo,6539.4375,16276.01171875,10186.408560897897,10405.705078125
train,3313,7.741173662783898,123,ok,crepe,5,SW_Nana,6034.640625,16102.11328125,9630.195465543376,9692.85009765625
train,3314,4.3486124296798545,96,ok,crepe,4,SW_Luna,5969.6474609375,17441.69921875,11061.068566524622,10160.611328125
train,3315,17.12180833068398,62,ok,crepe,5,SW_Nana,9585.9462890625,16476.07421875,11467.457673373288,10757.822265625
train,3316,10.105998449217035,73,ok,crepe,4,SW_Luna,6318.14892578125,17645.998046875,12253.699659967997,11284.451171875
train,3317,3.108645718718125,98,ok,crepe,4,SW_Luna,5624.4091796875,19423.58203125,10245.012620530686,9926.1806640625
train,3318,9.537640569571384,135,ok,crepe,5,SW_Nana,4367.57470703125,16485.32421875,11115.950153824551,10155.357421875
train,3319,19.317794105533814,61,ok,crepe,8,SW_Shy,6244.244140625,7883.4775390625,7219.215841238839,7350.216796875
train,3320,12.740431272978283,147,ok,crepe,5,SW_Nana,6033.607421875,19425.06640625,10228.826510799632,9368.33349609375
train,3321,13.974089993619984,83,ok,crepe,4,SW_Luna,6462.43603515625,17646.150390625,12484.79617084704,10633.2626953125
train,3322,-0.5505427079288447,99,ok,crepe,4,SW_Luna,7014.62109375,17646.400390625,9284.25940697594,9587.1572265625
train,3323,9.98850595205038,40,ok,crepe,2,NSW_1,4623.51171875,15402.95703125,9765.65724779212,10282.001953125
train,3324,9.359901615160787,37,ok,crepe,4,SW_Luna,4218.5849609375,16856.615234375,9322.981480189732,10403.13916015625
train,3325,15.40016705024718,165,ok,crepe,6,SW_Neo,5497.9130859375,17440.9609375,9461.788772170608,9582.8642578125
train,3326,18.675107012880336,178,ok,crepe,4,SW_Luna,7522.03076171875,17863.060546875,11994.177416141947,10765.203125
train,3327,19.012170061647883,112,ok,crepe,4,SW_Luna,7437.033203125,17863.662109375,12166.741964505414,10402.16015625
train,3328,19.1027275837652,98,ok,crepe,7,SW_Nikita,5062.5029296875,17650.560546875,12298.87107566551,12800.9140625
train,3329,16.41128736843433,78,ok,crepe,9,SW_Yosefa,7522.49072265625,19425.46484375,11993.207179380266,11144.013671875
train,3330,10.486429386669478,207,ok,crepe,4,SW_Luna,4517.53564453125,21488.212890625,14196.42283925289,16674.2890625
train,3331,12.977988017259456,111,ok,crepe,4,SW_Luna,7522.69970703125,19424.044921875,12348.563688022883,10879.3564453125
train,3332,23.514687332365373,136,ok,crepe,6,SW_Neo,7096.50830078125,19427.26171875,9274.7699250252,9369.490234375
train,3333,14.352432451386887,133,ok,crepe,4,SW_Luna,4314.48095703125,19899.5546875,11415.843383789062,10523.48095703125
train,3334,13.850785973759885,128,ok,crepe,9,SW_Yosefa,6319.82177734375,17251.12109375,9426.016857489225,7791.1162109375
train,3335,14.439589765480479,100,ok,crepe,6,SW_Neo,5361.623046875,19891.9453125,9660.913237175055,9041.4951171875
train,3336,16.40671039195606,147,ok,crepe,4,SW_Luna,4315.1083984375,17854.8671875,11648.299728209713,10885.30419921875
train,3337,16.440984385682945,195,ok,crepe,6,SW_Neo,6857.05810546875,15569.3671875,9508.153987128304,9480.349609375
train,3338,12.542626657929173,85,ok,crepe,9,SW_Yosefa,8933.3310546875,17649.1875,11413.167656652706,10275.7822265625
train,3339,10.164417236856977,128,ok,crepe,6,SW_Neo,5558.1689453125,19430.375,10259.014641608392,9820.81640625
train,3340,11.918714607359362,150,ok,crepe,4,SW_Luna,4269.0634765625,19426.958984375,12214.908100328947,10874.794921875
train,3341,21.819509457455304,110,ok,crepe,4,SW_Luna,7792.9296875,17644.44140625,12192.061109375,10644.353515625
train,3342,13.274408421914464,107,ok,crepe,6,SW_Neo,5763.3203125,18072.2109375,9144.152180989584,8936.189453125
train,3343,5.9179474875411415,128,ok,crepe,9,SW_Yosefa,7436.28857421875,21002.76171875,14301.6797152039,15566.984375
train,3344,9.03319674553834,115,ok,crepe,6,SW_Neo,5496.5048828125,19207.4375,10026.291496216782,10517.994140625
train,3345,7.491013723514852,53,ok,crepe,7,SW_Nikita,7883.2822265625,17641.630859375,15737.963932291666,16865.2216796875
train,3346,4.093986255172291,47,ok,crepe,4,SW_Luna,8933.587890625,19420.09765625,12747.202275028934,12140.5751953125
train,3347,8.38433148267994,56,ok,crepe,4,SW_Luna,8071.66796875,17862.81640625,13176.937210083008,12001.021484375
train,3348,21.44327422085064,124,ok,crepe,6,SW_Neo,4171.93603515625,17445.423828125,9417.321563720703,9699.3046875
train,3349,9.813628412176175,54,ok,crepe,6,SW_Neo,7437.1435546875,18966.94140625,10030.593609308793,10398.0908203125
train,3350,22.30954113742459,181,ok,crepe,6,SW_Neo,6176.509765625,10882.490234375,8964.67484674043,8941.921875
train,3351,12.058474172158768,126,ok,crepe,4,SW_Luna,5693.16162109375,19423.595703125,13847.548377143012,15746.8671875
train,3352,12.623844165748219,136,ok,crepe,4,SW_Luna,5362.2578125,17451.052734375,11262.083674250422,10404.09423828125
train,3353,6.519602052287947,22,ok,crepe,1,NSW_2,9252.701171875,19429.96484375,14126.06199048913,11930.70703125
train,3354,11.541095899915883,120,ok,crepe,4,SW_Luna,6035.099609375,19426.43359375,12080.512393727022,10642.78759765625
train,3355,10.087180482993661,22,ok,crepe,7,SW_Nikita,16283.404296875,16863.185546875,16570.206868489582,16486.5380859375
train,3356,13.839404626847001,83,ok,crepe,7,SW_Nikita,6319.36474609375,17265.23828125,12611.237268708881,14662.169921875
train,3357,11.162185664290508,131,ok,crepe,4,SW_Luna,6100.416015625,20131.033203125,12667.14813701923,11534.3046875
train,3358,13.622978306993382,139,ok,crepe,3,SW_Dana,6101.11572265625,19901.19921875,11880.214947040264,11473.48193359375
train,3359,13.467465328009038,175,ok,crepe,5,SW_Nana,6177.181640625,15403.9501953125,10315.310022513855,9694.1494140625
train,3360,5.595501930558928,70,ok,crepe,7,SW_Nikita,8529.4140625,17438.892578125,15582.373541337025,16287.78125
train,3361,16.110149241700856,99,ok,crepe,4,SW_Luna,7094.3125,16860.341796875,12810.109200917119,12493.9140625
train,3362,9.941732018408821,76,ok,crepe,4,SW_Luna,5970.716796875,17859.70703125,11926.136302806714,10521.9091796875
train,3363,16.822425702730918,73,ok,crepe,2,NSW_1,6318.69384765625,16863.28515625,11150.446489081325,10765.6689453125
train,3364,15.479989766591512,126,ok,crepe,6,SW_Neo,7346.212890625,11138.9541015625,9596.570603462114,9693.0634765625
train,3365,8.849408634271875,93,ok,crepe,4,SW_Luna,7192.505859375,19907.548828125,14689.70910763046,15934.931640625
train,3366,13.586081327518515,261,ok,crepe,3,SW_Dana,6539.58447265625,17444.806640625,11776.002677408855,10877.9716796875
train,3367,4.837266148316054,158,ok,crepe,6,SW_Neo,5692.57275390625,19424.744140625,9305.171312908793,9041.05517578125
train,3368,12.063654433570496,77,ok,crepe,4,SW_Luna,6318.89892578125,17865.349609375,13256.115419585129,11002.98046875
train,3369,19.479228097686526,141,ok,crepe,4,SW_Luna,7522.14306640625,18082.33203125,11885.306167051016,10457.9052734375
train,3370,18.865704173461634,120,ok,crepe,2,NSW_1,5063.453125,19206.7578125,12314.531267951517,11004.09423828125
train,3371,15.651259709704314,119,ok,crepe,4,SW_Luna,4268.7861328125,17654.75390625,12453.074699576575,10883.7060546875
train,3372,17.562349729124442,149,ok,crepe,4,SW_Luna,7348.427734375,18289.259765625,12982.048157821746,11285.716796875
train,3373,13.523392652103773,145,ok,crepe,6,SW_Neo,3634.533447265625,20779.12890625,10376.870570591518,9691.439453125
train,3374,9.023810295356203,117,ok,crepe,4,SW_Luna,6177.75341796875,19428.1484375,12379.927450151587,10634.94921875
train,3375,9.416640441684322,145,ok,crepe,6,SW_Neo,3474.22314453125,18964.2578125,10256.060747750198,9874.02685546875
train,3376,22.98002465896736,157,ok,crepe,6,SW_Neo,6395.82763671875,11930.6875,9243.86577419705,9147.72900390625
train,3377,9.974618869692788,149,ok,crepe,6,SW_Neo,5763.1396484375,17247.056640625,9553.998664580196,9528.7509765625
train,3378,16.46922058273737,184,ok,crepe,3,SW_Dana,9694.1591796875,19419.4609375,13574.812171349158,14409.7529296875
train,3379,13.407735023351764,116,ok,crepe,6,SW_Neo,5123.4140625,13263.123046875,9843.581799116291,9990.49462890625
train,3380,18.778732792509413,112,ok,crepe,4,SW_Luna,6782.4853515625,18497.1328125,11879.10302734375,10404.009765625
train,3381,8.50600483544368,121,ok,crepe,9,SW_Yosefa,7522.9111328125,19424.59765625,10145.106606876148,9477.998046875
train,3382,9.783013677205293,128,ok,crepe,6,SW_Neo,3511.912109375,17444.068359375,9717.736246744791,10052.12841796875
train,3383,14.993390343305963,57,ok,crepe,7,SW_Nikita,7015.50390625,17868.8515625,14662.804730583639,15931.2255859375
train,3384,11.199589094618574,135,ok,crepe,4,SW_Luna,4893.01171875,17864.884765625,12462.368022303428,10638.5986328125
train,3385,11.447108980272134,173,ok,crepe,4,SW_Luna,3195.51513671875,19668.46484375,12632.665524813796,11401.2021484375
train,3386,-1.47679191615437,65,ok,crepe,4,SW_Luna,6463.48046875,17643.787109375,10894.023770097374,9933.6142578125
train,3387,15.442915905758303,138,ok,crepe,6,SW_Neo,7094.11083984375,17252.283203125,9284.888005478577,9248.845703125
train,3388,17.182012275035873,139,ok,crepe,6,SW_Neo,4268.884765625,18731.21484375,9626.437719417523,9929.6396484375
train,3389,5.629091025464942,90,ok,crepe,6,SW_Neo,5558.193359375,11000.0830078125,9210.052684550383,9635.580078125
train,3390,9.334841322792402,147,ok,crepe,4,SW_Luna,4268.630859375,17453.3671875,11991.242490870007,10756.80859375
train,3391,17.620320978454757,205,ok,crepe,4,SW_Luna,4622.84375,20128.044921875,11231.452998173701,10524.775390625
train,3392,23.24365894427631,98,ok,crepe,7,SW_Nikita,8247.462890625,17454.333984375,14275.407457853618,15203.0595703125
train,3393,12.6438061350415,55,ok,crepe,2,NSW_1,6176.41845703125,16280.8642578125,10651.3068375126,10763.2197265625
train,3394,17.917471458306192,123,ok,crepe,4,SW_Luna,7014.123046875,21007.59765625,12579.811842032359,10766.0927734375
train,3395,8.47686808516415,148,ok,crepe,4,SW_Luna,7612.32666015625,17648.65625,12499.813207267993,11537.087890625
train,3396,20.731984697406723,194,ok,crepe,6,SW_Neo,5123.31494140625,18277.646484375,9282.520299840857,8944.12646484375
train,3397,11.81424464507969,118,ok,crepe,4,SW_Luna,4269.513671875,17851.373046875,12519.2574787826,11281.8408203125
train,3398,10.906969337206732,104,ok,crepe,2,NSW_1,5763.6083984375,19681.125,11320.594029614049,10398.46484375
train,3399,4.867781127542255,81,ok,crepe,4,SW_Luna,6175.13427734375,17866.302734375,10811.878630264946,10634.90087890625
train,3400,17.000128773301103,105,ok,crepe,7,SW_Nikita,6318.80078125,17444.6171875,12239.95044954158,14002.775390625
train,3401,24.0046528143639,138,ok,crepe,5,SW_Nana,5427.494140625,16479.03125,10393.03670654297,9422.2421875
train,3402,20.75327106854154,187,ok,crepe,4,SW_Luna,7523.75439453125,17246.64453125,12011.003060800058,10756.3134765625
train,3403,11.384451420206613,75,ok,crepe,7,SW_Nikita,8346.1171875,18070.85546875,15434.778990963856,16484.076171875
train,3404,18.700869041126968,119,ok,crepe,6,SW_Neo,5625.03515625,19671.642578125,9109.17049569457,9045.0576171875
train,3405,5.72991648733101,108,ok,crepe,9,SW_Yosefa,4218.5673828125,19671.642578125,9484.272740517894,9042.7763671875
train,3406,12.38387336487466,80,ok,crepe,4,SW_Luna,9041.650390625,17440.75390625,12589.821782709478,10762.2548828125
train,3407,1.0963162893310725,158,ok,crepe,6,SW_Neo,6033.1884765625,17647.912109375,11450.652942106213,10758.203125
train,3408,13.715475816389716,88,ok,crepe,4,SW_Luna,4727.37158203125,15927.134765625,10999.646276492884,10769.1357421875
train,3409,9.883845720005313,81,ok,crepe,2,NSW_1,2533.310791015625,17644.359375,9381.15730351987,8824.19287109375
train,3410,7.724804832445833,172,ok,crepe,6,SW_Neo,5693.5537109375,18720.173828125,10037.6442972819,9989.48486328125
train,3411,16.910716817106128,178,ok,crepe,6,SW_Neo,6034.0263671875,19422.7734375,8837.144358772544,7704.966796875
train,3412,18.190374384222295,219,ok,crepe,6,SW_Neo,6397.02197265625,19425.74609375,9966.256505290354,9939.43359375
train,3413,22.969274944333232,127,ok,crepe,6,SW_Neo,6318.2822265625,12069.009765625,9655.889792246362,9819.70556640625
train,3414,11.717720438327282,111,ok,crepe,7,SW_Nikita,5692.529296875,19420.404296875,14129.61778640747,14843.75244140625
train,3415,6.906658055283463,82,ok,crepe,6,SW_Neo,5499.185546875,19424.28125,11317.005222039474,10644.046875
train,3416,11.51087097200505,122,ok,crepe,4,SW_Luna,7612.6943359375,17044.41796875,13299.219231100644,13924.73974609375
train,3417,22.197877873739206,170,ok,crepe,4,SW_Luna,5360.4130859375,21004.607421875,12187.926433952487,10523.09375
train,3418,14.06592030689577,122,ok,crepe,4,SW_Luna,4268.40234375,20126.80859375,12230.226962960882,11142.580078125
train,3419,14.450084768005258,171,ok,crepe,4,SW_Luna,6398.091796875,19423.974609375,12720.982180251289,12284.708984375
train,3420,10.897937075258985,145,ok,crepe,4,SW_Luna,5362.14404296875,17441.486328125,11546.065935724431,10638.9296875
train,3421,11.06908350692806,153,ok,crepe,4,SW_Luna,4622.7080078125,19423.8203125,12034.811779487423,10764.3486328125
train,3422,7.388137593448343,172,ok,crepe,9,SW_Yosefa,4314.0048828125,17644.044921875,11030.907239147069,10053.05859375
train,3423,11.06378757595776,137,ok,crepe,6,SW_Neo,4837.51513671875,19896.970703125,9046.871653110165,8939.58251953125
train,3424,18.46543922230579,193,ok,crepe,6,SW_Neo,4837.92919921875,17437.9375,9273.851280534771,9580.4287109375
train,3425,10.429435138966593,48,ok,crepe,2,NSW_1,4892.77880859375,17046.46875,11757.095440899884,10821.36474609375
train,3426,9.776072778842813,74,ok,crepe,4,SW_Luna,7977.13134765625,10642.677734375,9859.561109834558,10158.416015625
train,3427,13.602503721782021,93,ok,crepe,6,SW_Neo,6707.1435546875,14332.841796875,9487.269996499115,9639.2158203125
train,3428,6.162505851585493,96,ok,crepe,6,SW_Neo,4314.810546875,11286.845703125,9054.833820093458,9469.326171875
train,3429,11.510720683529236,224,ok,crepe,6,SW_Neo,6540.20703125,18719.634765625,10148.061033248901,10158.25537109375
train,3430,2.791767706172717,183,ok,crepe,6,SW_Neo,7017.2314453125,16679.00390625,10290.555316310976,10046.0263671875
train,3431,15.46608763639583,179,ok,crepe,6,SW_Neo,5063.74462890625,17256.71484375,10406.507080078125,9820.63037109375
train,3432,16.73765261715483,97,ok,crepe,7,SW_Nikita,5427.6494140625,17255.53515625,13515.716745022124,15397.6796875
train,3433,25.988943380100906,122,ok,crepe,6,SW_Neo,6033.443359375,15205.58984375,9373.274123924366,9819.017578125
train,3434,22.533044496709888,122,ok,crepe,6,SW_Neo,6619.88037109375,16678.62890625,8964.193288609602,9475.47802734375
train,3435,18.457010283396365,119,ok,crepe,5,SW_Nana,5830.337890625,19421.59375,10882.485118192784,9475.5732421875
train,3436,13.902966044956074,122,ok,crepe,7,SW_Nikita,7883.30810546875,18072.138671875,15906.185924340647,16484.974609375
train,3437,4.003909337161338,103,ok,crepe,9,SW_Yosefa,5762.939453125,20781.79296875,10834.896119304907,9585.16796875
train,3438,27.643715259999322,63,ok,crepe,5,SW_Nana,4414.3681640625,10519.9619140625,8342.756280768408,8344.966796875
train,3439,4.924147229122213,122,ok,crepe,6,SW_Neo,6540.47265625,19669.38671875,9339.408899185506,9476.3203125
train,3440,27.480313264116706,134,ok,crepe,4,SW_Luna,7792.24169921875,17645.525390625,12735.195284148185,10759.5078125
train,3441,15.19643942137597,76,ok,crepe,6,SW_Neo,7100.1611328125,10640.806640625,8702.828179863061,9252.8232421875
train,3442,20.3544665240925,152,ok,crepe,6,SW_Neo,5762.76611328125,19672.748046875,10430.620577566964,10157.865234375
train,3443,5.196190358773402,106,ok,crepe,6,SW_Neo,6033.67138671875,17445.984375,9074.58309127938,9256.90625
train,3444,8.933116108683956,111,ok,crepe,6,SW_Neo,7100.02685546875,16101.703125,9664.07439176304,9815.2548828125
train,3445,13.306115705298414,90,ok,crepe,4,SW_Luna,7014.3642578125,21215.25390625,9611.4146484375,9584.35986328125
train,3446,15.73545268790028,61,ok,crepe,7,SW_Nikita,6176.810546875,18717.42578125,14465.471557617188,16109.56494140625
train,3447,9.926541433002928,105,ok,crepe,4,SW_Luna,5427.7197265625,17447.302734375,12505.974067300052,11284.8076171875
train,3448,12.951291392510678,150,ok,crepe,6,SW_Neo,6318.0673828125,20128.19921875,10456.157009869637,9817.529296875
train,3449,14.838635266909836,204,ok,crepe,3,SW_Dana,4784.22265625,19425.89453125,11517.483903483771,10765.904296875
train,3450,11.716149757737146,178,ok,crepe,3,SW_Dana,8072.3701171875,17445.9140625,10819.999465791305,10051.6953125
train,3451,15.261573821247298,72,ok,crepe,2,NSW_1,8822.71875,15939.578125,12211.827279439787,11406.49609375
train,3452,25.044696259838982,104,ok,crepe,6,SW_Neo,5178.9873046875,14154.212890625,9041.108666992188,9472.8193359375
train,3453,14.150375789872191,70,ok,crepe,4,SW_Luna,6396.240234375,17442.580078125,11384.747275270061,10053.8134765625
train,3454,8.687281680088052,55,ok,crepe,7,SW_Nikita,8730.060546875,17444.7265625,13956.320126488095,15031.5419921875
train,3455,9.644945697106245,126,ok,crepe,4,SW_Luna,5692.47314453125,17645.724609375,12451.91436509683,10879.8857421875
train,3456,12.677348502525312,139,ok,crepe,6,SW_Neo,5427.92041015625,19424.025390625,9655.227504410283,9585.0595703125
train,3457,21.276001725411096,116,ok,crepe,4,SW_Luna,8523.6572265625,17853.455078125,13223.649233217593,10877.595703125
train,3458,13.406847046587753,103,ok,crepe,4,SW_Luna,8429.533203125,15413.7587890625,10103.940752449682,9588.61328125
train,3459,8.280018176175856,126,ok,crepe,5,SW_Nana,6100.6943359375,19426.734375,9557.531480189733,8776.5546875
train,3460,14.706930917183866,122,ok,crepe,6,SW_Neo,3798.502197265625,16865.197265625,8914.556600516184,9312.88671875
train,3461,23.357630234873948,127,ok,crepe,4,SW_Luna,4028.023681640625,17642.37109375,11939.383344258347,10767.6875
train,3462,15.608670372825728,189,ok,crepe,6,SW_Neo,6707.9697265625,11933.705078125,9690.722238046152,9927.62109375
train,3463,12.0651464348459,77,ok,crepe,4,SW_Luna,7190.96630859375,19417.857421875,9693.570392922795,9820.89453125
train,3464,14.599019508558468,170,ok,crepe,6,SW_Neo,5241.134765625,17249.826171875,8805.1651438768,8735.4794921875
train,3465,17.93258493774788,113,ok,crepe,2,NSW_1,4892.7275390625,17445.509765625,11222.937708181928,10874.7119140625
train,3466,9.81652676172501,36,ok,crepe,6,SW_Neo,4367.45068359375,11000.8984375,9357.03960890997,9586.04833984375
train,3467,11.297893072482312,114,ok,crepe,4,SW_Luna,6099.986328125,18967.384765625,12861.168826941288,10767.71630859375
train,3468,10.952088729412397,92,ok,crepe,7,SW_Nikita,7259.61376953125,19435.40625,13254.591163917825,13410.7509765625
train,3469,4.106862495978993,111,ok,crepe,4,SW_Luna,8069.595703125,20783.669921875,12025.849561737805,10636.197265625
train,3470,14.991133753096904,157,ok,crepe,9,SW_Yosefa,7098.52783203125,19673.28125,12017.912338343043,9933.35546875
train,3471,11.337894502440104,144,ok,crepe,6,SW_Neo,6176.16943359375,17444.875,9785.358796079716,9589.166015625
train,3472,10.834415787742904,141,ok,crepe,4,SW_Luna,5297.79736328125,19417.087890625,12289.468032648534,11072.81884765625
train,3473,16.018848210670104,146,ok,crepe,6,SW_Neo,5178.1181640625,17647.6484375,10663.152478246631,10407.005859375
train,3474,18.387207931412853,98,ok,crepe,2,NSW_1,5969.2373046875,17859.572265625,10745.307019914899,10575.64501953125
train,3475,14.190515565393238,70,ok,crepe,2,NSW_1,4268.50341796875,13553.001953125,10674.279570788873,11002.4072265625
train,3476,16.934888852528672,130,ok,crepe,6,SW_Neo,5970.11279296875,15758.03125,9133.167246225717,9479.29541015625
train,3477,17.697684437441268,145,ok,crepe,6,SW_Neo,7259.28466796875,17433.84375,10204.016292709903,10053.6982421875
train,3478,21.20015422164235,226,ok,crepe,6,SW_Neo,6176.546875,17442.830078125,9992.82273498062,10282.80322265625
train,3479,7.9428312279722775,146,ok,crepe,3,SW_Dana,6621.173828125,16273.150390625,11436.524059477306,10462.921875
train,3480,0.4102341773554024,54,ok,crepe,2,NSW_1,4074.660888671875,17645.078125,9686.895488739014,8431.0390625
train,3481,22.236069639968704,129,ok,crepe,4,SW_Luna,6397.443359375,18720.228515625,11630.540135390094,10636.935546875
train,3482,18.42321717841791,88,ok,crepe,6,SW_Neo,7098.9833984375,10769.359375,9452.395266042173,9692.115234375
train,3483,12.380447688978396,124,ok,crepe,6,SW_Neo,4783.78125,16278.3681640625,8785.098923703457,9144.58203125
train,3484,14.029811213173549,97,ok,crepe,4,SW_Luna,7349.06689453125,17644.39453125,12579.878326416016,10765.8349609375
train,3485,6.292489399610717,124,ok,crepe,6,SW_Neo,5970.2236328125,17639.77734375,9848.066471354166,10051.4638671875
train,3486,9.784827934784087,121,ok,crepe,2,NSW_1,4783.96484375,19681.21484375,11375.57666380014,10698.34619140625
train,3487,22.405105258263447,108,ok,crepe,4,SW_Luna,7349.90478515625,17651.189453125,12296.999302455357,10520.6123046875
train,3488,11.032961434427008,61,ok,crepe,6,SW_Neo,6707.6044921875,17040.796875,9868.288114659927,9876.0302734375
train,3489,19.152673436203422,157,ok,crepe,4,SW_Luna,5762.64404296875,19420.94921875,12687.905986870659,10880.2060546875
train,3490,10.521683007022078,54,ok,crepe,7,SW_Nikita,8525.138671875,19210.357421875,15075.280289188508,15574.5361328125
train,3491,11.005349862066385,141,ok,crepe,6,SW_Neo,6396.83837890625,19672.748046875,10722.591411884014,9935.12451171875
train,3492,11.76506323506844,136,ok,crepe,6,SW_Neo,5178.041015625,17445.24609375,10639.81914838576,9820.8857421875
train,3493,4.29633350461458,81,ok,crepe,4,SW_Luna,6034.091796875,17859.39453125,11721.569389011549,10762.7041015625
train,3494,10.604172191917618,113,ok,crepe,2,NSW_1,5621.5673828125,19901.654296875,11464.479317801339,10634.955078125
train,3495,14.570083724368466,75,ok,crepe,7,SW_Nikita,8631.4755859375,17453.486328125,14423.926302823153,15836.2412109375
train,3496,13.104909479346592,213,ok,crepe,2,NSW_1,4073.042236328125,20554.2890625,12231.921002921412,12001.85546875
train,3497,7.854653712810159,71,ok,crepe,9,SW_Yosefa,4268.99853515625,17441.099609375,7404.397936021959,7225.900146484375
train,3498,14.392601511956416,129,ok,crepe,4,SW_Luna,7792.9091796875,20783.181640625,12734.12649473852,11144.2890625
train,3499,1.431714009650772,57,ok,crepe,4,SW_Luna,4122.18359375,19429.34765625,8916.230483774038,9366.470703125
train,3500,18.915596110038678,50,ok,crepe,7,SW_Nikita,15036.337890625,17861.388671875,16865.189284752156,17248.361328125
train,3501,23.087169890912477,131,ok,crepe,4,SW_Luna,6940.1279296875,17862.71875,12662.670817057291,10878.84619140625
train,3502,12.367117520055837,114,ok,crepe,2,NSW_1,4219.15576171875,20126.3359375,10379.014850616455,9934.14306640625
train,3503,11.82755351300202,112,ok,crepe,4,SW_Luna,7098.16650390625,17444.005859375,10692.748096856545,9935.072265625
train,3504,10.778134001709159,64,ok,crepe,4,SW_Luna,4950.73193359375,19676.466796875,13106.835491071428,10764.80859375
train,3505,12.745396671060249,117,ok,crepe,7,SW_Nikita,7882.7822265625,17863.4140625,13638.809104919434,14670.38427734375
train,3506,10.707644421907608,56,ok,crepe,8,SW_Shy,5498.32568359375,16478.40625,9665.179090711805,9583.7197265625
train,3507,7.972369544223476,144,ok,crepe,4,SW_Luna,6463.9267578125,19208.84765625,10599.534705053402,10339.669921875
train,3508,13.73020183610879,119,ok,crepe,2,NSW_1,4268.1748046875,16867.087890625,10017.886134292141,9693.041015625
train,3509,17.001084193719308,147,ok,crepe,4,SW_Luna,8733.4951171875,17443.19921875,12809.290568033854,11071.775390625
train,3510,9.62713503752521,62,ok,crepe,7,SW_Nikita,4269.88671875,17861.884765625,14646.836652728873,16669.701171875
train,3511,13.594384399570082,98,ok,crepe,7,SW_Nikita,5557.884765625,17649.001953125,12428.042757017423,14161.7666015625
train,3512,3.239718752110657,66,ok,crepe,4,SW_Luna,5428.8623046875,19423.517578125,10285.665966796874,9693.28955078125
train,3513,7.742085861506354,57,ok,crepe,6,SW_Neo,7097.86376953125,15746.6552734375,8119.342277280746,7348.07763671875
train,3514,13.420546177409108,131,ok,crepe,6,SW_Neo,5427.486328125,10882.259765625,8700.942984271524,8940.662109375
train,3515,10.85400300161943,83,ok,crepe,4,SW_Luna,6034.1640625,17045.71484375,9933.861445109049,10399.53076171875
train,3516,2.6366963744757017,42,ok,crepe,7,SW_Nikita,7980.62255859375,17452.22265625,15222.313798620346,17438.55859375
train,3517,14.331659852981982,157,ok,crepe,5,SW_Nana,6176.3935546875,16474.42578125,10139.74958767361,9312.064453125
train,3518,15.039388696361586,44,ok,crepe,4,SW_Luna,7883.5400390625,20787.0625,11557.6073828125,10341.7607421875
train,3519,25.32940333822775,212,ok,crepe,4,SW_Luna,7523.90625,17258.25,12162.462752545467,10758.240234375
train,3520,8.846139276605703,130,ok,crepe,4,SW_Luna,4314.30712890625,17859.294921875,13077.90815934806,12207.8466796875
train,3521,21.84589431168665,157,ok,crepe,6,SW_Neo,5361.6640625,17253.845703125,9167.073903459821,8633.806640625
train,3522,13.220940815611035,125,ok,crepe,9,SW_Yosefa,6033.96240234375,17444.005859375,9723.18758079474,9253.3310546875
train,3523,9.77281954554605,80,ok,crepe,7,SW_Nikita,6463.69873046875,18731.0859375,15364.506064675072,16861.4619140625
train,3524,11.292801188499011,60,ok,crepe,7,SW_Nikita,7264.7890625,17446.30078125,14606.35220579117,16286.279296875
train,3525,16.804509627539197,118,ok,crepe,4,SW_Luna,8631.41796875,17649.91796875,12524.045098732775,10761.7666015625
train,3526,15.308391763188363,150,ok,crepe,2,NSW_1,4315.1943359375,17441.50390625,11158.108249321669,10519.1904296875
train,3527,9.859862642780078,105,ok,crepe,6,SW_Neo,6936.54833984375,17646.83203125,9055.349683232667,9369.15234375
train,3528,19.451931819862388,161,ok,crepe,4,SW_Luna,6703.9736328125,18077.5859375,12176.047060390207,11007.2744140625
train,3529,6.110742892148045,69,ok,crepe,6,SW_Neo,5903.72265625,16863.083984375,9974.653389172676,9936.78173828125
train,3530,14.116130322814378,119,ok,crepe,4,SW_Luna,8431.6953125,17644.30078125,13135.844712094908,11410.5361328125
train,3531,17.13624540327511,110,ok,crepe,4,SW_Luna,7978.02001953125,20125.138671875,12679.206385334646,11286.1669921875
train,3532,5.669489826172013,16,ok,crepe,7,SW_Nikita,7097.8896484375,21008.625,10356.143349095395,7613.1220703125
train,3533,19.472270222779684,136,ok,crepe,4,SW_Luna,6396.908203125,17647.865234375,12332.629128480568,12270.1591796875
train,3534,11.429822201095732,77,ok,crepe,6,SW_Neo,8824.958984375,17046.955078125,10581.379139293324,10461.58203125
train,3535,13.51834525510185,29,ok,crepe,7,SW_Nikita,16672.32421875,21003.564453125,18042.977095170456,17455.177734375
train,3536,20.51922142953153,91,ok,crepe,2,NSW_1,6539.44580078125,17253.52734375,9954.522570458528,9473.6767578125
train,3537,12.124619564502048,134,ok,crepe,6,SW_Neo,5762.73193359375,17445.216796875,8974.9650862738,9255.46875
train,3538,15.205081278545192,199,ok,crepe,6,SW_Neo,6541.48193359375,17646.21484375,9663.893821614583,9695.0498046875
train,3539,18.80298328269385,151,ok,crepe,4,SW_Luna,7098.95263671875,19420.501953125,13420.077837111632,15032.8134765625
train,3540,8.707282135489201,153,ok,crepe,4,SW_Luna,3120.16162109375,20775.1171875,12221.610619974415,11278.5234375
train,3541,12.063588075601439,60,ok,crepe,4,SW_Luna,7265.0595703125,12656.4833984375,9447.424546185663,8992.4130859375
train,3542,17.28962255699547,124,ok,crepe,9,SW_Yosefa,6178.09619140625,9037.607421875,7565.734375,7521.283203125
train,3543,6.022577674152698,92,ok,crepe,4,SW_Luna,5499.23828125,19902.32421875,11437.04437196602,10634.408203125
train,3544,25.10993342746143,162,ok,crepe,4,SW_Luna,6462.52734375,19906.890625,13273.97562531502,12574.38134765625
train,3545,5.996736547408517,253,ok,crepe,4,SW_Luna,5009.01904296875,21214.1875,15702.797249807438,16667.94140625
train,3546,11.618246575001987,135,ok,crepe,4,SW_Luna,7189.50439453125,19424.005859375,13930.536088992389,15572.4609375
train,3547,20.600705757182478,114,ok,crepe,9,SW_Yosefa,4218.38330078125,9691.9130859375,7848.7165860262785,7790.703369140625
train,3548,12.655011459967234,68,ok,crepe,6,SW_Neo,7192.73193359375,10640.349609375,8840.370599287975,9691.0703125
train,3549,16.23854442323462,145,ok,crepe,4,SW_Luna,5971.7255859375,17650.9453125,12087.886320568266,10762.14501953125
train,3550,15.80816211158512,53,ok,crepe,4,SW_Luna,7886.31298828125,21487.099609375,10635.634915259576,9690.35693359375
train,3551,16.655863472369152,189,ok,crepe,4,SW_Luna,5829.4521484375,17641.05859375,11633.520810963419,11144.662109375
train,3552,9.223816406297171,117,ok,crepe,6,SW_Neo,5904.2783203125,16283.35546875,9842.020459724195,9640.0341796875
train,3553,15.06191973208445,30,ok,crepe,7,SW_Nikita,7436.416015625,16669.916015625,10340.08659811581,8779.6591796875
train,3554,10.944381269333242,182,ok,crepe,4,SW_Luna,6622.34619140625,20555.458984375,12931.32953769721,12001.02001953125
train,3555,17.09208825491615,149,ok,crepe,6,SW_Neo,5624.87060546875,17444.15625,9878.002452828034,9821.060546875
train,3556,19.082180618601853,96,ok,crepe,4,SW_Luna,7613.78857421875,18731.3828125,10676.91971324574,9584.04736328125
train,3557,7.340548728524703,136,ok,crepe,4,SW_Luna,6461.7783203125,19673.0546875,11787.177694784628,10577.7626953125
train,3558,12.590996510687422,150,ok,crepe,3,SW_Dana,4173.2421875,16282.7099609375,11203.103654308432,11000.755859375
train,3559,7.150633582443234,161,ok,crepe,4,SW_Luna,3474.097900390625,19427.76171875,10913.334536903783,9821.2900390625
train,3560,5.516614474710381,153,ok,crepe,4,SW_Luna,6396.44921875,21005.6953125,12777.170160202753,11002.23095703125
train,3561,12.663784088694857,121,ok,crepe,4,SW_Luna,6396.3125,17645.89453125,14276.38621631567,16575.6591796875
train,3562,16.807601132659578,117,ok,crepe,6,SW_Neo,5063.119140625,10637.13671875,8833.046585648148,9579.8046875
train,3563,12.397550515780939,86,ok,crepe,4,SW_Luna,6709.04541015625,17648.810546875,10883.12927734375,10276.9111328125
train,3564,23.28223690234295,109,ok,crepe,7,SW_Nikita,7522.85400390625,17441.498046875,13204.707957434275,14493.9697265625
train,3565,11.101473642569315,179,ok,crepe,6,SW_Neo,5763.697265625,20781.427734375,10853.737302117599,10160.7060546875
train,3566,17.943947121131075,125,ok,crepe,5,SW_Nana,6034.455078125,16284.8095703125,10389.82375437063,9045.2939453125
train,3567,20.5697860667898,93,ok,crepe,7,SW_Nikita,6461.41064453125,17252.642578125,10641.628711885618,7797.2373046875
train,3568,13.212594405684097,198,ok,crepe,4,SW_Luna,6032.9453125,19673.833984375,12338.442409206082,10633.24267578125
train,3569,21.76769326362301,87,ok,crepe,4,SW_Luna,5500.3271484375,17861.046875,12380.6612109375,10405.69677734375
train,3570,8.768455325407473,149,ok,crepe,4,SW_Luna,6177.57373046875,17860.79296875,11641.08554983428,10633.0166015625
train,3571,18.615729461873467,200,ok,crepe,4,SW_Luna,7981.353515625,17446.046875,12150.086168019045,10637.044921875
train,3572,16.103460572419984,69,ok,crepe,2,NSW_1,8735.4794921875,19421.625,11322.193625710228,10522.900390625
train,3573,13.244863259445847,156,ok,crepe,6,SW_Neo,6707.2421875,21489.37109375,9494.781172196943,9368.06396484375
train,3574,0.9079991318814893,29,ok,crepe,7,SW_Nikita,7793.2900390625,20132.90234375,12235.107217111896,9037.5205078125
train,3575,2.202953829761236,82,ok,crepe,2,NSW_1,6176.47509765625,19426.720703125,12492.618963555975,11409.318359375
train,3576,13.374482815913414,90,ok,crepe,4,SW_Luna,5904.05810546875,17440.978515625,12042.250279695085,10521.92578125
train,3577,19.482465654718087,176,ok,crepe,6,SW_Neo,7705.81298828125,17041.248046875,10170.520993676517,10518.70361328125
train,3578,7.7787830288249395,140,ok,crepe,2,NSW_1,6396.42822265625,17858.8046875,10475.51117973823,10154.31640625
train,3579,18.072824420512898,125,ok,crepe,6,SW_Neo,5428.1806640625,19210.0078125,9867.056619847075,10399.1904296875
train,3580,20.88911628521144,36,ok,crepe,3,SW_Dana,7796.80908203125,15929.2724609375,9112.89593796503,8874.60986328125
train,3581,15.756429219129123,176,ok,crepe,9,SW_Yosefa,5762.93408203125,15026.623046875,10881.876986799569,10643.8330078125
train,3582,10.129822519175885,75,ok,crepe,6,SW_Neo,9695.978515625,14160.1875,10816.138256555316,10874.794921875
train,3583,19.467101464433576,143,ok,crepe,6,SW_Neo,5499.0361328125,19673.9453125,9788.751207386364,9701.4345703125
train,3584,13.427357044468689,157,ok,crepe,2,NSW_1,5426.5244140625,20551.876953125,10740.973344282671,10281.68359375
train,3585,15.56894752183415,98,ok,crepe,6,SW_Neo,4172.17333984375,12071.431640625,8812.235571937223,9146.0390625
train,3586,-1.1989652507393642,66,ok,crepe,9,SW_Yosefa,6318.74609375,17257.548828125,11506.264052353896,10880.1806640625
train,3587,18.695849418848283,131,ok,crepe,6,SW_Neo,5297.77783203125,19670.12890625,9032.920207776522,9199.0888671875
train,3588,13.507052960195814,125,ok,crepe,9,SW_Yosefa,6314.7958984375,17860.90625,8853.079053758742,8634.0263671875
train,3589,15.390472808998293,40,ok,crepe,2,NSW_1,6938.8525390625,11405.9287109375,9450.487282492897,9531.23876953125
train,3590,8.827506696937974,73,ok,crepe,0,NSW_3,4413.66943359375,18502.34375,7957.426356724331,6035.1025390625
train,3591,-114.87369043563021,148,ok,crepe,4,SW_Luna,4314.86181640625,17447.177734375,12081.198182571767,10637.205078125
train,3592,2.86488955093815,187,ok,crepe,3,SW_Dana,6463.568359375,19207.251953125,13542.782960152512,13113.6669921875
train,3593,13.468969473903066,203,ok,crepe,7,SW_Nikita,6856.341796875,19209.640625,14951.738910222457,15925.12890625
train,3594,14.252711365601822,93,ok,crepe,4,SW_Luna,5905.3408203125,17860.5625,12446.216591523073,10642.822265625
train,3595,15.14718026611152,110,ok,crepe,6,SW_Neo,4219.66064453125,19423.935546875,8945.735576014366,8931.23095703125
train,3596,5.258031770451841,54,ok,crepe,4,SW_Luna,6033.8984375,19202.2890625,13224.196891276042,12884.49072265625
train,3597,14.062625174185104,98,ok,crepe,2,NSW_1,6621.40380859375,18714.294921875,10540.887353515625,9312.39111328125
train,3598,3.5582321079196575,94,ok,crepe,4,SW_Luna,5240.80029296875,18288.24609375,11914.05048828125,11606.1767578125
train,3599,11.731182236111133,193,ok,crepe,4,SW_Luna,7979.70263671875,18966.30859375,11280.51798426548,10402.11328125
train,3600,20.423778084185436,139,ok,crepe,6,SW_Neo,5763.6220703125,19423.396484375,9834.233656939337,10162.4755859375
train,3601,12.47675697323398,171,ok,crepe,6,SW_Neo,4170.9404296875,18726.98046875,10069.893400493422,9589.48486328125
train,3602,13.040609011214944,65,ok,crepe,2,NSW_1,6707.6796875,19671.396484375,11828.724582981418,10998.82177734375
train,3603,9.903328341994387,64,ok,crepe,2,NSW_1,5427.0703125,17444.5078125,10412.900302463107,10576.19140625
train,3604,15.646034332922996,192,ok,crepe,6,SW_Neo,5829.32421875,19673.998046875,10492.070118987614,10275.443359375
train,3605,3.875002692317753,107,ok,crepe,6,SW_Neo,5761.30908203125,17646.564453125,9386.980335202992,9477.17578125
train,3606,9.175609902457392,156,ok,crepe,4,SW_Luna,5763.4404296875,18961.701171875,10758.34076950867,9824.369140625
train,3607,11.613837473333097,117,ok,crepe,5,SW_Nana,6176.89404296875,19425.9453125,8815.74072265625,8480.9169921875
train,3608,16.47307003980052,144,ok,crepe,6,SW_Neo,5969.90966796875,20778.66015625,9069.072048280297,9143.38525390625
train,3609,20.098686386286715,167,ok,crepe,4,SW_Luna,7797.57421875,17443.890625,12279.688595470368,10632.3486328125
train,3610,10.66901951552069,166,ok,crepe,6,SW_Neo,3011.9365234375,14669.6484375,8388.649612087673,8730.7607421875
train,3611,13.786118748127592,123,ok,crepe,6,SW_Neo,7259.87255859375,15748.8662109375,9497.116754236356,9477.0751953125
train,3612,13.7886902682162,86,ok,crepe,6,SW_Neo,7189.9228515625,17442.26953125,9532.351019411672,9696.06298828125
train,3613,7.506196459808274,115,ok,crepe,9,SW_Yosefa,7609.69775390625,12212.3828125,9262.03681714607,8932.34228515625
train,3614,16.35332337246287,105,ok,crepe,7,SW_Nikita,8347.3623046875,17243.875,15032.603987630207,16020.9443359375
train,3615,8.937655166830341,92,ok,crepe,4,SW_Luna,7614.10400390625,18079.869140625,12819.097029143688,10823.302734375
train,3616,19.360038863925183,183,ok,crepe,5,SW_Nana,5764.68017578125,17245.7734375,10725.823702830188,9692.8330078125
train,3617,23.581859386158758,131,ok,crepe,6,SW_Neo,7015.21923828125,11932.3046875,8939.742151692708,9046.26708984375
train,3618,12.910365842669316,78,ok,crepe,7,SW_Nikita,7522.869140625,19891.078125,13557.212544987711,14165.2685546875
train,3619,18.898858901797418,152,ok,crepe,4,SW_Luna,7522.3046875,19423.29296875,12862.094349254261,11271.4921875
train,3620,22.481034458242295,151,ok,crepe,4,SW_Luna,5968.48876953125,17444.41015625,12028.09703813674,10637.6455078125
train,3621,19.973327949817513,145,ok,crepe,6,SW_Neo,4677.19677734375,17644.4296875,9265.1934320359,9256.3916015625
train,3622,15.613382716121674,155,ok,crepe,7,SW_Nikita,7978.71630859375,17859.1171875,15312.906127929688,16194.73828125
train,3623,10.527509793410342,95,ok,crepe,4,SW_Luna,7347.71875,17648.21484375,11647.475150314032,10640.482421875
train,3624,10.680701820705345,149,ok,crepe,4,SW_Luna,5904.1708984375,17453.826171875,12577.177433219498,10878.3544921875
train,3625,9.065487252935291,65,ok,crepe,7,SW_Nikita,9476.724609375,17853.6328125,15524.01451280382,16381.4453125
train,3626,12.472723519535066,114,ok,crepe,7,SW_Nikita,4676.8193359375,21214.1328125,14082.28290264423,16576.1474609375
train,3627,10.634478881135635,76,ok,crepe,7,SW_Nikita,6705.73779296875,20126.32421875,15158.517708711846,16677.5107421875
train,3628,14.870355858876618,36,ok,crepe,9,SW_Yosefa,7439.923828125,17438.26953125,10497.500671386719,7568.570068359375
train,3629,6.716821427466333,165,ok,crepe,9,SW_Yosefa,6178.87646484375,18496.8046875,8819.096297554348,8390.10400390625
train,3630,10.402205266208846,86,ok,crepe,0,NSW_3,3842.17724609375,19676.80078125,9958.021979907951,8432.51171875
train,3631,12.302766746100279,167,ok,crepe,4,SW_Luna,6706.0302734375,19900.16796875,12899.069053649902,12144.04833984375
train,3632,22.168630142756754,162,ok,crepe,3,SW_Dana,5428.0048828125,13845.7177734375,10534.248738824364,10875.5322265625
train,3633,11.226458579228913,72,ok,crepe,4,SW_Luna,6319.625,15930.0400390625,9627.799598785768,9692.3935546875
train,3634,9.957371917133457,109,ok,crepe,5,SW_Nana,3433.315673828125,19671.421875,9896.216342336764,9146.0146484375
train,3635,16.990180876630024,54,ok,crepe,4,SW_Luna,8932.6103515625,10641.685546875,9719.121124267578,9694.58349609375
train,3636,21.236825819032937,152,ok,crepe,3,SW_Dana,6397.96484375,18076.833984375,11710.301006830226,11799.427734375
train,3637,11.10637358674504,84,ok,crepe,6,SW_Neo,6034.47509765625,17437.84375,9859.218495470412,9695.3818359375
train,3638,6.982169618664088,75,ok,crepe,4,SW_Luna,8244.4384765625,17253.212890625,10711.552993222891,10284.4814453125
train,3639,-3.605525515414274,110,ok,crepe,4,SW_Luna,8936.845703125,19903.08203125,12698.91353484123,10883.82763671875
train,3640,4.267955375927088,108,ok,crepe,4,SW_Luna,4413.5400390625,18724.703125,11497.988786514945,10405.021484375
train,3641,26.226485207369915,111,ok,crepe,6,SW_Neo,5063.25244140625,10880.166015625,9095.251817908655,9421.4697265625
train,3642,14.786145553857411,112,ok,crepe,4,SW_Luna,6033.83837890625,18727.203125,13894.670317882628,13260.896484375
train,3643,26.771061370356435,163,ok,crepe,6,SW_Neo,7702.38525390625,17444.328125,9939.28972311581,9820.671875
train,3644,11.423087993811285,72,ok,crepe,2,NSW_1,6246.7626953125,17042.80859375,10085.199593892912,9757.5009765625
train,3645,12.993648701579499,94,ok,crepe,4,SW_Luna,7981.615234375,17442.310546875,12152.91475497159,10768.16943359375
train,3646,13.212716746470914,142,ok,crepe,5,SW_Nana,7014.212890625,15407.8916015625,8777.996240533934,8435.00390625
train,3647,22.257375320480953,131,ok,crepe,5,SW_Nana,5177.8291015625,19670.63671875,11309.96620835058,10050.8359375
train,3648,11.745602938203843,130,ok,crepe,2,NSW_1,4676.60595703125,21488.546875,11756.860029504654,10769.3740234375
train,3649,15.899160665835845,125,ok,crepe,4,SW_Luna,8156.02294921875,16676.44140625,12508.664143318965,11278.98046875
train,3650,11.29573310099535,87,ok,crepe,4,SW_Luna,5429.62158203125,19431.40234375,12495.529877672698,13408.52734375
train,3651,5.3485388081448315,80,ok,crepe,7,SW_Nikita,4950.4970703125,17258.859375,10977.315131293402,10286.421875
train,3652,12.929255476776955,92,ok,crepe,6,SW_Neo,4892.50048828125,17644.57421875,9901.74909125434,9582.56396484375
train,3653,8.709666195976107,129,ok,crepe,5,SW_Nana,4837.67822265625,9934.94140625,7946.075894742398,7701.060302734375
train,3654,22.009687600800945,170,ok,crepe,4,SW_Luna,6247.71875,19208.306640625,11802.526381983902,10518.79833984375
train,3655,12.570367580198077,105,ok,crepe,6,SW_Neo,6177.0185546875,19425.373046875,11375.96303013393,10876.6103515625
train,3656,9.099045255555337,127,ok,crepe,9,SW_Yosefa,4073.19189453125,17442.55859375,7686.888567483837,7438.0654296875
train,3657,14.755455719756672,134,ok,crepe,6,SW_Neo,6460.103515625,17254.30859375,9744.578571520353,9815.47607421875
train,3658,15.743253498167295,97,ok,crepe,2,NSW_1,5762.2705078125,17446.986328125,10251.108763548706,10399.0146484375
train,3659,5.583277502934956,121,ok,crepe,6,SW_Neo,3083.496337890625,18281.337890625,8864.800156322877,9093.52490234375
train,3660,6.3353428569481895,58,ok,crepe,9,SW_Yosefa,6247.6923828125,17861.8515625,10358.375259399414,9643.25048828125
train,3661,17.945170669386105,107,ok,crepe,6,SW_Neo,4950.63916015625,20132.896484375,9465.736063972849,9692.0419921875
train,3662,20.437988739662792,224,ok,crepe,3,SW_Dana,7883.3974609375,19674.5625,12396.436557769775,12004.11083984375
train,3663,9.952403564958923,251,ok,crepe,7,SW_Nikita,4950.48828125,19896.53515625,13226.623653316838,14663.1103515625
train,3664,13.898127654325801,102,ok,crepe,4,SW_Luna,9037.861328125,17646.388671875,13169.353044181034,11139.2275390625
train,3665,10.851773388733212,240,ok,crepe,7,SW_Nikita,8244.193359375,18079.787109375,15731.73141700634,16676.0283203125
train,3666,19.08808120381738,124,ok,crepe,4,SW_Luna,8156.1064453125,17861.359375,11725.111549756206,9698.3310546875
train,3667,16.119574387262567,86,ok,crepe,4,SW_Luna,7191.59619140625,17651.2265625,14783.60509506537,16481.982421875
train,3668,14.415378530375946,150,ok,crepe,6,SW_Neo,3278.05615234375,17043.5,9071.212742660984,9473.23046875
train,3669,19.925294493257443,116,ok,crepe,6,SW_Neo,7612.6005859375,11135.7998046875,9618.152700851213,9585.96630859375
train,3670,15.259232876559363,129,ok,crepe,2,NSW_1,6317.16796875,17860.521484375,10760.68753390842,10399.81298828125
train,3671,21.91118165238015,157,ok,crepe,6,SW_Neo,4950.0546875,17440.60546875,9020.694370814732,9365.099609375
train,3672,14.769321941259966,132,ok,crepe,6,SW_Neo,5497.71728515625,19422.189453125,11887.237244897959,11140.82421875
train,3673,14.808540725479055,70,ok,crepe,7,SW_Nikita,6854.62646484375,19422.998046875,15026.157628312896,16108.2822265625
train,3674,8.954570828965029,61,ok,crepe,7,SW_Nikita,5764.27685546875,17446.63671875,14356.838444496268,15940.8583984375
train,3675,13.51802397316808,85,ok,crepe,4,SW_Luna,6540.37548828125,17441.076171875,11312.507344354059,10283.2333984375
train,3676,15.768476123524371,215,ok,crepe,4,SW_Luna,3394.67431640625,17862.033203125,13095.149361818416,11672.8564453125
train,3677,10.588920521486887,106,ok,crepe,9,SW_Yosefa,6320.31298828125,11932.173828125,7719.6569198734505,7700.5732421875
train,3678,25.32058302625153,153,ok,crepe,6,SW_Neo,5361.4140625,17443.48828125,8689.498474121094,7478.927978515625
train,3679,6.089444530842094,83,ok,crepe,4,SW_Luna,5970.0400390625,17253.076171875,9768.734156115303,9821.4169921875
train,3680,17.104225154931253,198,ok,crepe,7,SW_Nikita,7348.83544921875,17863.81640625,15486.10590630073,16480.62109375
train,3681,20.17657522659097,132,ok,crepe,4,SW_Luna,7350.2470703125,19420.9609375,12841.322291666667,11212.22705078125
train,3682,14.222794584856777,209,ok,crepe,6,SW_Neo,4269.392578125,17867.287109375,10016.121197079226,9933.2431640625
train,3683,16.710671120283884,130,ok,crepe,3,SW_Dana,6853.05712890625,19898.6875,12052.292226294949,10941.25537109375
train,3684,11.78462654672893,91,ok,crepe,3,SW_Dana,7096.927734375,14000.892578125,10957.33710186298,10876.61376953125
train,3685,7.336340690204377,197,ok,crepe,5,SW_Nana,5762.57373046875,17444.67578125,9375.022289496528,9371.21484375
train,3686,17.99092680468092,86,ok,crepe,6,SW_Neo,6539.5068359375,18729.1640625,10595.429647640307,10158.14990234375
train,3687,20.080943651555714,143,ok,crepe,9,SW_Yosefa,5969.21923828125,11283.466796875,7730.772385585456,7481.157470703125
train,3688,15.714060550722547,99,ok,crepe,4,SW_Luna,8162.0068359375,17440.07421875,11289.609561820653,11284.876953125
train,3689,23.747759692443296,192,ok,crepe,6,SW_Neo,4950.65673828125,18722.19140625,9532.656048943014,9368.16796875
train,3690,12.363326803468926,70,ok,crepe,0,NSW_3,5970.138671875,17866.013671875,11477.92244873047,10701.49169921875
train,3691,26.762154485871488,145,ok,crepe,5,SW_Nana,6033.314453125,16481.580078125,10891.856004094503,9696.9423828125
train,3692,12.108586106257775,122,ok,crepe,4,SW_Luna,6780.7216796875,18083.85546875,12727.57391531808,10762.6806640625
train,3693,14.515776252455044,119,ok,crepe,4,SW_Luna,7613.47900390625,19423.107421875,13050.938505932801,11145.236328125
train,3694,20.04694475047817,142,ok,crepe,4,SW_Luna,5762.9599609375,19898.66796875,13499.477282865548,13554.69384765625
train,3695,6.346902949833856,98,ok,crepe,4,SW_Luna,4268.646484375,17247.072265625,11846.92751002956,10763.7939453125
train,3696,10.379253549416713,81,ok,crepe,4,SW_Luna,8631.677734375,19897.595703125,13046.845755628361,14498.4814453125
train,3697,15.26032752422082,102,ok,crepe,6,SW_Neo,5499.0419921875,16282.62890625,8907.974053158967,9370.1748046875
train,3698,23.706341733151604,124,ok,crepe,6,SW_Neo,5764.28466796875,19424.115234375,9354.478171764964,9255.1494140625
train,3699,10.817718445608772,86,ok,crepe,9,SW_Yosefa,5239.92578125,17445.68359375,7189.9204198251855,7192.734375
train,3700,16.418658989017317,116,ok,crepe,5,SW_Nana,6100.099609375,16485.203125,9927.283982917445,8989.79833984375
train,3701,17.182118633345887,146,ok,crepe,6,SW_Neo,5427.8251953125,17442.0234375,9714.801432291666,10283.8271484375
train,3702,11.075214257810336,171,ok,crepe,4,SW_Luna,3673.348388671875,18722.16015625,13140.590846740093,12731.26220703125
train,3703,23.713118959856608,139,ok,crepe,4,SW_Luna,6100.22021484375,17863.083984375,11586.091195678711,10517.83984375
train,3704,13.351002184858412,143,ok,crepe,4,SW_Luna,7790.359375,17859.6953125,12812.412193251534,10878.263671875
train,3705,25.051123977468002,106,ok,crepe,6,SW_Neo,6937.43359375,11286.89453125,9007.743468237704,9370.0859375
train,3706,14.781021469118183,110,ok,crepe,0,NSW_3,3934.62255859375,19898.484375,9128.359896220858,6106.40087890625
train,3707,12.101800090574347,134,ok,crepe,5,SW_Nana,6101.169921875,17443.654296875,9803.971294883071,9580.7646484375
train,3708,19.647127256631137,127,ok,crepe,6,SW_Neo,5427.16845703125,11407.7197265625,8647.213548448352,8634.6220703125
train,3709,14.933376677147471,153,ok,crepe,6,SW_Neo,6100.3759765625,17440.86328125,10996.124231917134,10643.1298828125
train,3710,9.30816117632377,93,ok,crepe,4,SW_Luna,6706.4091796875,12214.2197265625,10107.16899137677,10162.05029296875
train,3711,16.302430537477473,112,ok,crepe,4,SW_Luna,6318.322265625,13114.416015625,9787.814372385581,9589.2705078125
train,3712,24.002695636261212,122,ok,crepe,4,SW_Luna,8156.8291015625,17456.76953125,13541.47763534331,12648.16796875
train,3713,10.056920397196158,104,ok,crepe,5,SW_Nana,5297.666015625,19424.09765625,11880.911383434735,10635.666015625
train,3714,21.83128098320629,175,ok,crepe,6,SW_Neo,5969.6904296875,17444.103515625,8766.856726735683,9039.9296875
train,3715,19.6021989819968,64,ok,crepe,2,NSW_1,6034.4375,16103.21484375,10946.83810546875,10638.14453125
train,3716,12.761094067219293,70,ok,crepe,7,SW_Nikita,6396.84521484375,17252.986328125,13309.315899188701,15303.51123046875
train,3717,1.6385157800554475,99,ok,crepe,2,NSW_1,5762.26123046875,21220.87109375,12475.338768674615,10822.2607421875
train,3718,13.91697270987243,198,ok,crepe,5,SW_Nana,5764.3837890625,19420.4296875,9869.164302280971,9366.2548828125
train,3719,9.308893122649678,66,ok,crepe,0,NSW_3,4366.7568359375,18280.861328125,12755.044225260417,12499.53515625
train,3720,10.757140106157559,191,ok,crepe,4,SW_Luna,5498.51318359375,20338.94140625,13290.93145318054,14492.6328125
train,3721,15.926205121716421,127,ok,crepe,6,SW_Neo,5360.9921875,14663.9345703125,8705.982873865076,8985.00048828125
train,3722,16.299574792969103,69,ok,crepe,7,SW_Nikita,6318.80078125,16865.302734375,12104.856338892228,15025.32080078125
train,3723,20.37641480623721,115,ok,crepe,4,SW_Luna,6395.28857421875,17257.33203125,11218.696065740069,10280.654296875
train,3724,12.734206726694385,126,ok,crepe,4,SW_Luna,7704.10400390625,17450.296875,11915.471164279514,10639.962890625
train,3725,14.426809490952353,107,ok,crepe,4,SW_Luna,7980.30078125,17648.419921875,12980.529415967987,10767.0458984375
train,3726,10.842386295931991,68,ok,crepe,7,SW_Nikita,9145.4921875,17444.392578125,14495.224083533654,14849.248046875
train,3727,16.28979835963371,124,ok,crepe,6,SW_Neo,6707.435546875,16477.27734375,9910.044800670434,9692.44921875
train,3728,12.649809242034877,92,ok,crepe,4,SW_Luna,6540.37109375,18730.955078125,12531.226430664063,10636.8779296875
train,3729,14.387512898182083,60,ok,crepe,7,SW_Nikita,7015.078125,17865.8515625,13753.326390508395,16852.7265625
train,3730,11.93374104034655,125,ok,crepe,2,NSW_1,4892.6220703125,17441.55078125,11093.199228922525,11538.7646484375
train,3731,16.90393047990494,142,ok,crepe,6,SW_Neo,6248.15673828125,17860.38671875,10860.682293701171,10521.74951171875
train,3732,17.975897762661116,68,ok,crepe,6,SW_Neo,5427.60986328125,16281.14453125,8986.523881392046,9253.447265625
train,3733,10.072110443855642,121,ok,crepe,4,SW_Luna,5427.640625,17861.17578125,12564.050079122948,10883.845703125
train,3734,17.10078481227525,80,ok,crepe,4,SW_Luna,8825.560546875,12071.7666015625,9914.029586624312,9699.767578125
train,3735,9.48441503202562,78,ok,crepe,7,SW_Nikita,8158.45703125,18284.7890625,15212.442098428915,16482.13671875
train,3736,12.269144081561372,68,ok,crepe,7,SW_Nikita,5178.37451171875,18075.830078125,16295.424072265625,17446.4677734375
train,3737,17.362806553723406,154,ok,crepe,4,SW_Luna,7883.79833984375,17856.87890625,13076.426297117761,11794.4833984375
train,3738,8.439265075712406,119,ok,crepe,4,SW_Luna,6539.9970703125,17652.69921875,13088.44775390625,11143.767578125
train,3739,14.021271164440607,111,ok,crepe,4,SW_Luna,7613.1396484375,17643.478515625,12070.10381640625,10519.5
train,3740,13.767495730151412,64,ok,crepe,4,SW_Luna,7614.0478515625,15925.576171875,10004.05382311022,10103.1025390625
train,3741,5.725370511314694,50,ok,crepe,4,SW_Luna,6781.59765625,16679.998046875,10559.873029742324,9817.4228515625
train,3742,5.672228093817533,25,ok,crepe,7,SW_Nikita,8632.068359375,14495.583984375,11386.086050180289,11537.39501953125
train,3743,15.011145273922502,129,ok,crepe,4,SW_Luna,6034.2216796875,19208.337890625,12888.270889801233,11277.6318359375
train,3744,27.74089918163434,169,ok,crepe,6,SW_Neo,5427.1044921875,17044.080078125,8319.522193008814,7260.5068359375
train,3745,18.699307256298148,180,ok,crepe,4,SW_Luna,7014.55126953125,18287.810546875,12638.68069927509,10757.9697265625
train,3746,9.570509162663344,127,ok,crepe,6,SW_Neo,6708.337890625,19675.140625,9062.067321350525,9145.6943359375
train,3747,12.361731153028659,209,ok,crepe,6,SW_Neo,4314.330078125,13262.9775390625,9810.534977956431,9932.5634765625
train,3748,9.90909625634755,103,ok,crepe,5,SW_Nana,4219.70361328125,19421.470703125,9513.764998998397,8939.341796875
train,3749,11.645826763388467,90,ok,crepe,9,SW_Yosefa,4219.17236328125,20781.265625,12478.741276667668,11792.67578125
train,3750,5.298960591284031,90,ok,crepe,4,SW_Luna,4219.1767578125,19671.98828125,11868.8458984375,10638.70947265625
train,3751,21.268203550168195,102,ok,crepe,2,NSW_1,5969.2724609375,21219.98828125,12313.055386818061,10638.6259765625
train,3752,24.046661029995157,123,ok,crepe,7,SW_Nikita,4837.8525390625,16865.185546875,11262.082252881206,12069.71875
train,3753,18.49651840670361,99,ok,crepe,9,SW_Yosefa,6462.98291015625,17443.30859375,8630.210814368207,8433.169921875
train,3754,14.537806533733022,126,ok,crepe,7,SW_Nikita,6463.80078125,17858.71484375,15919.75823679957,16483.607421875
train,3755,9.385149573422568,159,ok,crepe,4,SW_Luna,7705.2646484375,19422.703125,12815.526415745857,10880.994140625
train,3756,22.844974885905973,152,ok,crepe,2,NSW_1,3981.533447265625,21006.79296875,11372.860819971838,9934.7490234375
train,3757,18.28692053914122,68,ok,crepe,7,SW_Nikita,6936.89501953125,17643.654296875,14871.840161132812,15931.92041015625
train,3758,13.644360472325296,80,ok,crepe,7,SW_Nikita,7348.736328125,17451.953125,14353.816756538723,16106.390625
train,3759,18.423727126497603,253,ok,crepe,6,SW_Neo,5903.83203125,19669.724609375,9804.885230415055,9693.951171875
train,3760,19.206990511095878,161,ok,crepe,4,SW_Luna,6033.8525390625,20133.095703125,12925.325707093916,11138.419921875
train,3761,13.885834464700132,243,ok,crepe,5,SW_Nana,6034.1875,15402.259765625,9376.004343595436,8728.96044921875
train,3762,8.952606472574995,102,ok,crepe,4,SW_Luna,3157.96923828125,16862.7265625,10229.374310409814,9043.615234375
train,3763,10.458734811102573,120,ok,crepe,6,SW_Neo,3592.736572265625,17645.408203125,8881.823276804455,9581.99951171875
train,3764,14.280704959534237,81,ok,crepe,7,SW_Nikita,6463.20751953125,16863.552734375,13603.782205784575,15217.46435546875
train,3765,15.83628581167973,140,ok,crepe,3,SW_Dana,4314.779296875,11401.408203125,7744.910978139557,8074.5693359375
train,3766,13.06436949245568,66,ok,crepe,3,SW_Dana,7612.7822265625,17861.39453125,10335.293684895832,9818.892578125
train,3767,15.919583015123218,142,ok,crepe,6,SW_Neo,5499.396484375,17248.375,9010.88300421779,9470.0185546875
train,3768,8.78592968820126,260,ok,crepe,4,SW_Luna,6099.4560546875,18723.3984375,11240.5473850198,10163.4619140625
train,3769,9.51991467531302,192,ok,crepe,6,SW_Neo,5692.8681640625,19673.951171875,9144.941879340278,8731.763671875
train,3770,10.025584127985345,102,ok,crepe,2,NSW_1,4366.45068359375,17440.42578125,11557.281773472692,11008.1689453125
train,3771,9.553582620033037,91,ok,crepe,4,SW_Luna,8155.69140625,17646.873046875,12516.198683518629,10764.93994140625
train,3772,10.607287184724308,136,ok,crepe,7,SW_Nikita,5623.7978515625,20341.423828125,15736.845020783254,16279.6162109375
train,3773,21.721510280748074,80,ok,crepe,2,NSW_1,4784.11181640625,16477.30859375,10532.703763521635,10286.3955078125
train,3774,10.095186072096574,147,ok,crepe,4,SW_Luna,5830.6962890625,17860.927734375,12791.562683475378,11537.9736328125
train,3775,15.593669825513905,165,ok,crepe,6,SW_Neo,5427.8037109375,17444.224609375,10072.864518925468,10276.3232421875
train,3776,18.5174775233278,140,ok,crepe,4,SW_Luna,7884.8037109375,17864.68359375,12877.732767614518,10997.9638671875
train,3777,17.081951457662605,84,ok,crepe,8,SW_Shy,6540.84228515625,12071.70703125,9323.526926676432,9147.44921875
train,3778,12.06925447349035,168,ok,crepe,6,SW_Neo,5499.4287109375,17441.150390625,8619.066997871198,7883.03759765625
train,3779,19.522009989747946,191,ok,crepe,4,SW_Luna,6178.888671875,19901.455078125,11949.53693704044,10762.154296875
train,3780,13.22923278969508,152,ok,crepe,4,SW_Luna,6320.482421875,17649.794921875,12634.00975998013,10879.755859375
train,3781,1.491534925020528,119,ok,crepe,4,SW_Luna,5427.8681640625,20136.296875,10340.225495369205,8822.837890625
train,3782,10.679662109605413,119,ok,crepe,9,SW_Yosefa,6396.1826171875,12075.4345703125,9577.706744025736,9586.49462890625
train,3783,18.70086806999048,114,ok,crepe,6,SW_Neo,5762.6591796875,16282.6513671875,8982.71541711056,9248.52001953125
train,3784,2.9525698483639813,101,ok,crepe,4,SW_Luna,4366.9599609375,20129.404296875,13089.326293945312,11671.31396484375
train,3785,7.044841149028777,57,ok,crepe,9,SW_Yosefa,5500.01953125,19899.779296875,11546.974716962393,8630.744140625
train,3786,10.43162716059265,93,ok,crepe,9,SW_Yosefa,6034.5771484375,19672.02734375,9445.163076547477,8727.30615234375
train,3787,20.963231531124308,117,ok,crepe,0,NSW_3,4413.94677734375,14159.201171875,8961.079819408815,9584.28515625
train,3788,9.238114409261602,113,ok,crepe,8,SW_Shy,6176.23828125,19432.919921875,10591.47690625,10521.103515625
train,3789,14.255404690076897,87,ok,crepe,6,SW_Neo,5970.38330078125,11409.853515625,9585.196440429687,8729.39306640625
train,3790,12.36807245715421,123,ok,crepe,4,SW_Luna,5762.41943359375,19421.625,13055.484807076215,11537.98828125
train,3791,9.839252078679902,108,ok,crepe,5,SW_Nana,6174.8427734375,11933.4453125,7512.095659809728,7436.20556640625
train,3792,9.496919131405685,84,ok,crepe,5,SW_Nana,6540.23681640625,19420.5390625,12353.935176809211,11539.1162109375
train,3793,11.967255379290542,113,ok,crepe,6,SW_Neo,5971.97802734375,10644.68359375,9124.978585379464,9690.541015625
train,3794,5.030366020248006,96,ok,crepe,7,SW_Nikita,7793.5634765625,20128.357421875,14773.212517233456,15930.8115234375
train,3795,5.119075001385458,94,ok,crepe,4,SW_Luna,6032.73388671875,17644.056640625,10097.248792860242,7190.3564453125
train,3796,7.125319948499346,143,ok,crepe,4,SW_Luna,6781.0107421875,19207.0625,13285.90916785038,11930.28125
train,3797,14.448169474346276,127,ok,crepe,4,SW_Luna,5764.87109375,17865.7109375,11832.281632706925,10642.9697265625
train,3798,16.32070263020855,142,ok,crepe,4,SW_Luna,6174.73193359375,17648.890625,12310.691200814596,10875.61376953125
train,3799,9.420264675312273,93,ok,crepe,7,SW_Nikita,5123.3876953125,17438.927734375,12191.96404683815,13408.3369140625
train,3800,9.24678412012214,113,ok,crepe,7,SW_Nikita,3473.86474609375,17243.7890625,12988.226326234879,14664.744140625
train,3801,22.57253631627971,141,ok,crepe,6,SW_Neo,4460.77880859375,17042.103515625,9584.473273511203,9478.7578125
train,3802,18.739714878849455,133,ok,crepe,4,SW_Luna,7701.2783203125,17447.228515625,12669.027768203636,10876.408203125
train,3803,4.1192931590325275,61,ok,crepe,4,SW_Luna,3634.874267578125,19421.220703125,11330.705496123343,10401.96484375
train,3804,23.156977687086755,191,ok,crepe,6,SW_Neo,7189.927734375,11671.0556640625,9641.874855735085,9758.95751953125
train,3805,14.45438688547777,71,ok,crepe,4,SW_Luna,6463.48046875,16677.0078125,11600.928530092593,10638.7841796875
train,3806,16.017473928499392,91,ok,crepe,9,SW_Yosefa,7436.68701171875,19902.09375,14370.15481505102,16580.298828125
train,3807,23.079027312179868,170,ok,crepe,4,SW_Luna,6464.06298828125,17449.6328125,13111.970435437817,11673.6796875
train,3808,7.174141173280376,79,ok,crepe,4,SW_Luna,4314.9287109375,19669.28125,12143.539893139368,10404.619140625
train,3809,14.354909116485107,179,ok,crepe,5,SW_Nana,5557.666015625,17647.90625,9553.162557361195,8732.29736328125
train,3810,13.185874367748694,135,ok,crepe,4,SW_Luna,6541.9794921875,17650.3671875,12958.109267893145,11404.1904296875
train,3811,12.021000241286936,119,ok,crepe,4,SW_Luna,3236.216796875,17441.896484375,11866.407348632812,10518.3037109375
train,3812,11.324588784009169,150,ok,crepe,6,SW_Neo,6033.6318359375,19425.85546875,10182.411079545454,9815.1357421875
train,3813,8.674559736918798,141,ok,crepe,9,SW_Yosefa,5362.5908203125,17251.0859375,11546.72201146835,10758.22412109375
train,3814,19.742596571731017,131,ok,crepe,6,SW_Neo,5064.6884765625,17446.064453125,10237.040242513021,10219.30615234375
train,3815,9.937779573008159,129,ok,crepe,6,SW_Neo,5241.19677734375,18077.146484375,11037.94815561281,10052.61328125
train,3816,27.435725625509498,178,ok,crepe,4,SW_Luna,8160.79345703125,17441.7578125,12317.44595410628,10759.7314453125
train,3817,16.31708765617356,110,ok,crepe,4,SW_Luna,8727.0009765625,17645.5078125,13181.969080647146,10881.439453125
train,3818,18.869030684180274,160,ok,crepe,4,SW_Luna,6034.357421875,17262.7109375,12358.140556003736,10762.28466796875
train,3819,12.240035563266073,55,ok,crepe,4,SW_Luna,8630.736328125,10879.3935546875,9817.94268329327,9817.1044921875
train,3820,1.3554385351690812,132,ok,crepe,4,SW_Luna,5762.4345703125,21008.23046875,11880.436339495933,9933.94287109375
train,3821,13.373676748731285,122,ok,crepe,4,SW_Luna,7979.65771484375,17861.5078125,12798.31007982337,10760.64794921875
train,3822,10.753759309045403,160,ok,crepe,4,SW_Luna,4622.60693359375,19674.4921875,12434.601932825668,11143.3427734375
train,3823,18.310432441479886,122,ok,crepe,4,SW_Luna,7351.75830078125,19421.7265625,11404.317400376574,10164.396484375
train,3824,11.395484386180447,141,ok,crepe,4,SW_Luna,8071.42822265625,17645.46875,12766.61265898914,10764.4951171875
train,3825,15.932164876412727,128,ok,crepe,3,SW_Dana,7265.66796875,19421.689453125,12489.904065931165,13191.87158203125
train,3826,21.390050830260083,104,ok,crepe,5,SW_Nana,5297.578125,15939.5,9838.263252195247,9036.935546875
train,3827,9.084920566909219,47,ok,crepe,7,SW_Nikita,7095.748046875,19210.1171875,15052.120569299768,16579.9931640625
train,3828,14.641111211958396,205,ok,crepe,4,SW_Luna,5763.93994140625,20130.48046875,13712.065338001501,13112.0546875
train,3829,16.041407060608798,75,ok,crepe,7,SW_Nikita,8159.9326171875,17858.16015625,15807.105637122844,16476.07421875
train,3830,17.0083958816063,110,ok,crepe,4,SW_Luna,7267.8505859375,17867.46484375,12520.4402327999,10759.57373046875
train,3831,16.19185513296797,125,ok,crepe,4,SW_Luna,6249.732421875,20781.38671875,12911.096147017046,11671.16796875
train,3832,15.130046679768924,177,ok,crepe,6,SW_Neo,5177.44873046875,19425.62890625,11005.059784558354,10279.69677734375
train,3833,5.859483398284153,64,ok,crepe,7,SW_Nikita,6034.20947265625,19425.71484375,14781.158058703786,16280.455078125
train,3834,7.5663902897444455,107,ok,crepe,4,SW_Luna,6318.6083984375,17442.212890625,10247.735894097223,9819.49609375
train,3835,7.031322469190451,73,ok,crepe,6,SW_Neo,4950.541015625,20134.0859375,9709.41724243164,9699.3505859375
train,3836,-114.42083324161763,44,ok,crepe,4,SW_Luna,8935.7578125,19672.443359375,12167.52765625,10042.21044921875
train,3837,13.356683112118438,207,ok,crepe,4,SW_Luna,4315.33984375,17453.654296875,12294.77104574947,10877.5400390625
train,3838,13.418930385289777,131,ok,crepe,4,SW_Luna,7613.0263671875,17866.259765625,13227.543583253613,11794.21484375
train,3839,18.66135539001511,90,ok,crepe,4,SW_Luna,6396.421875,17651.201171875,11793.947021484375,9585.80908203125
train,3840,10.696829145743079,20,ok,crepe,7,SW_Nikita,16285.8046875,17251.98828125,16731.30695134943,16858.69921875
train,3841,21.3885096159821,153,ok,crepe,6,SW_Neo,5623.0205078125,10642.150390625,8430.041858258928,7523.552734375
train,3842,12.424988329146887,171,ok,crepe,4,SW_Luna,6705.6181640625,16865.80859375,11981.966773745888,11010.1552734375
train,3843,10.032375978015127,72,ok,crepe,7,SW_Nikita,8729.6259765625,17259.44921875,15585.649854706555,16282.71826171875
train,3844,11.641529712751531,94,ok,crepe,8,SW_Shy,2941.6064453125,11002.15625,9240.6136529596,9928.7470703125
train,3845,10.687111074722988,100,ok,crepe,6,SW_Neo,5361.9208984375,21486.396484375,10352.918650660022,10702.3662109375
train,3846,18.73477934833884,144,ok,crepe,4,SW_Luna,7348.52001953125,20131.337890625,13104.86435842803,13698.4912109375
train,3847,10.556146704187672,80,ok,crepe,8,SW_Shy,5621.751953125,14664.947265625,9625.271652560765,10281.75390625
train,3848,7.165225155638268,95,ok,crepe,7,SW_Nikita,7014.361328125,19424.71875,16540.43712926794,17246.6875
train,3849,18.517136379274493,123,ok,crepe,5,SW_Nana,5360.2548828125,19904.6328125,10218.704931640625,8882.40087890625
train,3850,11.790129159067096,88,ok,crepe,6,SW_Neo,6396.1806640625,14676.5546875,9745.607755699937,9697.0537109375
train,3851,16.034716389264332,105,ok,crepe,7,SW_Nikita,4837.583984375,18279.337890625,12482.730151168698,14486.345703125
train,3852,13.131832984776345,157,ok,crepe,4,SW_Luna,5623.2158203125,17446.017578125,11758.873964088398,10404.5263671875
train,3853,-5.505100682425722,134,ok,crepe,2,NSW_1,6539.8955078125,19422.130859375,13623.517968115868,15565.0615234375
train,3854,7.665933337951461,97,ok,crepe,7,SW_Nikita,5762.38720703125,17643.740234375,11877.280495823019,10767.095703125
train,3855,2.8696546803126513,126,ok,crepe,9,SW_Yosefa,6707.44921875,17644.640625,13231.266566434353,12076.15234375
train,3856,19.28098092101104,191,ok,crepe,5,SW_Nana,6100.11962890625,19902.548828125,10336.113930092202,9472.99658203125
train,3857,3.8727517936700373,198,ok,crepe,3,SW_Dana,5970.306640625,19205.369140625,12971.098165066443,13115.03271484375
train,3858,14.813557878378845,48,ok,crepe,5,SW_Nana,6034.62451171875,19671.896484375,9800.386862362133,9043.578125
train,3859,16.11965250033413,158,ok,crepe,9,SW_Yosefa,6398.44287109375,17646.984375,8373.227313701924,7706.76904296875
train,3860,5.701656200256768,26,ok,crepe,9,SW_Yosefa,9696.482421875,17442.615234375,11953.906213831018,10406.134765625
train,3861,17.564955569029422,81,ok,crepe,7,SW_Nikita,7097.4814453125,19671.318359375,15083.034529976223,16763.912109375
train,3862,26.72235813663706,222,ok,crepe,6,SW_Neo,4315.74169921875,17443.23828125,8956.33206763174,8939.234375
train,3863,15.037900168868441,148,ok,crepe,5,SW_Nana,6035.6337890625,19666.267578125,9917.394141202847,8943.3046875
train,3864,10.255452031820456,129,ok,crepe,9,SW_Yosefa,6033.607421875,19674.126953125,11251.561045189426,10342.5009765625
train,3865,24.00006020581152,93,ok,crepe,9,SW_Yosefa,5972.541015625,16103.0703125,8320.118973465653,7984.533203125
train,3866,-5.707542317996955,33,ok,crepe,4,SW_Luna,8629.3271484375,17861.54296875,11412.87046983507,9699.15283203125
train,3867,13.242614735710514,135,ok,crepe,6,SW_Neo,3981.0400390625,21004.294921875,9090.085223101929,8942.96484375
train,3868,11.008070053859223,95,ok,crepe,4,SW_Luna,6033.77685546875,21487.1328125,12178.45447229456,10579.2626953125
train,3869,16.788024523028774,148,ok,crepe,6,SW_Neo,5763.14697265625,15930.724609375,9667.912704558063,9372.693359375
train,3870,6.355122390431123,84,ok,crepe,4,SW_Luna,6247.20458984375,17646.203125,11282.047178819445,10521.02099609375
train,3871,20.190203732488065,149,ok,crepe,4,SW_Luna,5829.943359375,17452.759765625,12110.180896847747,10577.63232421875
train,3872,21.320959282314465,96,ok,crepe,7,SW_Nikita,5970.0830078125,17645.34375,13002.776535866476,11212.8505859375
train,3873,10.513565174403563,154,ok,crepe,4,SW_Luna,7266.24609375,18733.123046875,13380.17891938505,11672.4599609375
train,3874,13.998995623015913,94,ok,crepe,4,SW_Luna,5177.43896484375,19426.259765625,12265.339620535715,11672.255859375
train,3875,16.019914024655286,122,ok,crepe,4,SW_Luna,3277.58251953125,17645.58984375,11594.436581893706,10884.87646484375
train,3876,8.66702921749023,65,ok,crepe,9,SW_Yosefa,8350.7197265625,12804.12890625,9927.229302300348,9585.9775390625
train,3877,25.523443578287957,120,ok,crepe,9,SW_Yosefa,5178.8564453125,11672.4560546875,8930.043377382535,9038.001953125
train,3878,9.012663499067905,139,ok,crepe,6,SW_Neo,5063.03515625,19672.521484375,9855.828563520103,9579.4921875
train,3879,18.429314937587215,104,ok,crepe,6,SW_Neo,7189.8828125,18492.861328125,9843.26528234649,9994.86083984375
train,3880,12.387428349696957,154,ok,crepe,8,SW_Shy,5499.55078125,16285.466796875,9073.144169248384,8728.2607421875
train,3881,13.550140641585083,121,ok,crepe,4,SW_Luna,7015.4091796875,18077.09765625,14213.987174479167,15748.2314453125
train,3882,17.029077385546458,73,ok,crepe,2,NSW_1,6463.341796875,17644.482421875,10818.54502975109,10403.267578125
train,3883,22.197305697210602,189,ok,crepe,3,SW_Dana,4172.2119140625,16469.890625,12769.761212550173,12730.89697265625
train,3884,7.720840424179639,139,ok,crepe,9,SW_Yosefa,6779.7646484375,19209.1953125,11030.554544820414,9821.0146484375
train,3885,6.26971916341224,113,ok,crepe,6,SW_Neo,6034.25341796875,17442.322265625,10043.503522600446,9994.494140625
train,3886,9.491367403363098,131,ok,crepe,6,SW_Neo,6462.666015625,19418.33203125,9675.370657901636,9697.77734375
train,3887,18.852625004642626,137,ok,crepe,6,SW_Neo,4837.564453125,18730.775390625,9230.352943903283,9147.94677734375
train,3888,13.934724499688805,57,ok,crepe,7,SW_Nikita,6393.080078125,17447.302734375,14197.292236328125,15203.97119140625
train,3889,14.215577107061137,156,ok,crepe,4,SW_Luna,7098.81103515625,17856.916015625,12289.934820001776,10760.61083984375
train,3890,12.119961702355013,84,ok,crepe,4,SW_Luna,8633.572265625,17442.71875,12563.79340616862,10633.00732421875
train,3891,12.194137881215168,155,ok,crepe,6,SW_Neo,5062.31396484375,19422.484375,8614.617876031425,8879.60693359375
train,3892,13.72887689946182,91,ok,crepe,2,NSW_1,4268.89990234375,19423.884765625,12052.059757008272,11004.9052734375
train,3893,16.685810956143744,208,ok,crepe,6,SW_Neo,4267.44580078125,17446.703125,10082.631860660602,10047.873046875
train,3894,7.380791119618313,33,ok,crepe,7,SW_Nikita,7190.82080078125,15208.298828125,12690.9765625,13842.390625
train,3895,20.358747771492865,182,ok,crepe,4,SW_Luna,6540.751953125,17644.4765625,12234.46567809466,10875.33984375
train,3896,11.33215518024951,133,ok,crepe,6,SW_Neo,6462.412109375,11402.15625,9341.740208158557,9821.0078125
train,3897,11.386731560333683,42,ok,crepe,9,SW_Yosefa,5761.7890625,17252.09765625,9112.821549479168,8634.7197265625
train,3898,8.39156215742471,47,ok,crepe,7,SW_Nikita,6619.88671875,17866.25390625,14050.004909446023,15569.5322265625
train,3899,21.795362826409466,64,ok,crepe,9,SW_Yosefa,7882.919921875,16284.2392578125,10495.355651855469,10217.87451171875
train,3900,18.555818027918214,52,ok,crepe,7,SW_Nikita,5064.0126953125,20137.328125,8108.304573059082,6543.5537109375
train,3901,10.586493985656329,137,ok,crepe,3,SW_Dana,6246.7919921875,19424.873046875,12423.618278406844,11144.9921875
train,3902,5.14082236197212,90,ok,crepe,4,SW_Luna,4366.861328125,17862.794921875,12507.189028320312,11346.2021484375
train,3903,13.982133180100112,117,ok,crepe,5,SW_Nana,6035.3544921875,16472.693359375,9591.653826950187,8931.5185546875
train,3904,15.726889826521145,164,ok,crepe,6,SW_Neo,3634.42626953125,17250.5234375,9134.644884923986,9145.1142578125
train,3905,10.871333433656645,211,ok,crepe,4,SW_Luna,6099.478515625,20781.4765625,15200.945075450596,16483.07421875
train,3906,16.519797163451866,130,ok,crepe,4,SW_Luna,7796.47216796875,17255.5,12253.348626387748,10400.3681640625
train,3907,23.19691302246867,95,ok,crepe,7,SW_Nikita,8824.912109375,17244.07421875,13212.193977565941,12212.046875
train,3908,20.840075082802922,159,ok,crepe,4,SW_Luna,5428.39404296875,19428.416015625,12182.196097526761,10766.3173828125
train,3909,19.02958339551452,201,ok,crepe,4,SW_Luna,4171.04931640625,18964.708984375,10977.164789637445,10403.22265625
train,3910,10.50827367759493,142,ok,crepe,5,SW_Nana,6395.29541015625,17643.42578125,8657.898549021027,8203.1396484375
train,3911,0.6718810198951046,90,ok,crepe,4,SW_Luna,3047.7216796875,19419.73828125,12901.140945588699,14326.6328125
train,3912,6.9455940070334075,125,ok,crepe,6,SW_Neo,5297.6005859375,16479.61328125,9904.245994727928,10403.5556640625
train,3913,15.231363468688565,99,ok,crepe,6,SW_Neo,7095.01416015625,14493.9306640625,9523.87782024515,9821.4228515625
train,3914,12.99582644704268,137,ok,crepe,4,SW_Luna,6539.921875,17449.57421875,12922.23283240446,11795.138671875
train,3915,4.171325586240667,97,ok,crepe,6,SW_Neo,7094.498046875,17044.859375,9852.023683922313,10281.9150390625
train,3916,20.51959781234236,65,ok,crepe,4,SW_Luna,8162.6591796875,17452.904296875,11879.128346354166,10285.4736328125
train,3917,12.560759584579506,113,ok,crepe,4,SW_Luna,8155.81787109375,17444.2890625,11826.660194396973,10520.9111328125
train,3918,13.068322462988995,135,ok,crepe,4,SW_Luna,6033.20068359375,17863.927734375,13235.593264973959,13639.439453125
train,3919,6.722940546523914,102,ok,crepe,6,SW_Neo,6707.3515625,12947.9736328125,10369.646666445975,10405.09375
train,3920,12.492007240165332,68,ok,crepe,7,SW_Nikita,10280.271484375,18493.962890625,16579.58305854302,17048.390625
train,3921,7.598478666445164,43,ok,crepe,4,SW_Luna,8524.1875,17443.533203125,10620.188897824755,9934.591796875
train,3922,11.287669446643246,183,ok,crepe,9,SW_Yosefa,4314.98046875,21006.896484375,10358.536630529137,9696.0849609375
train,3923,17.088873111049352,168,ok,crepe,6,SW_Neo,6247.48583984375,18728.375,10168.70455478766,10637.669921875
train,3924,22.19753531460167,132,ok,crepe,6,SW_Neo,5063.24267578125,17250.185546875,8760.076388529595,9037.8046875
train,3925,10.455216027334963,103,ok,crepe,5,SW_Nana,8731.0244140625,16678.123046875,10321.374884136652,9934.24609375
train,3926,13.037588216320863,141,ok,crepe,4,SW_Luna,6463.34765625,19426.0859375,12909.698459892516,10883.4326171875
train,3927,5.362852673224139,125,ok,crepe,6,SW_Neo,6033.71337890625,16478.21484375,8843.728802224865,8730.6298828125
train,3928,7.911022811708106,112,ok,crepe,6,SW_Neo,6034.37744140625,19429.15625,10446.174578125,10280.8310546875
train,3929,16.834265818337748,150,ok,crepe,3,SW_Dana,3551.688232421875,15207.263671875,10509.46808996866,10341.62646484375
train,3930,8.775057250843759,87,ok,crepe,4,SW_Luna,8821.126953125,17448.029296875,14062.461784518495,15747.640625
train,3931,4.509939375320649,23,ok,crepe,4,SW_Luna,7097.6591796875,17254.626953125,11221.785625,10285.490234375
train,3932,14.095741328675011,92,ok,crepe,4,SW_Luna,5498.66748046875,19422.849609375,10154.37430513822,9758.5927734375
train,3933,20.347344875976457,140,ok,crepe,4,SW_Luna,5904.41943359375,17646.826171875,12474.564830852005,10632.11328125
train,3934,10.86075070501961,148,ok,crepe,6,SW_Neo,6034.53515625,20774.953125,10494.451602888696,9758.85009765625
train,3935,9.228049194482626,201,ok,crepe,4,SW_Luna,6032.5126953125,19428.791015625,12397.950816371984,11286.248046875
train,3936,11.198765800002388,135,ok,crepe,4,SW_Luna,7098.736328125,17449.939453125,13010.675723044287,10875.244140625
train,3937,15.195222344219449,111,ok,crepe,9,SW_Yosefa,5829.29296875,9821.7294921875,7335.6713790893555,7262.89208984375
train,3938,15.69236852321976,81,ok,crepe,4,SW_Luna,6465.15576171875,19418.2109375,10553.308392068615,10163.4443359375
train,3939,7.440536748178812,110,ok,crepe,4,SW_Luna,7259.623046875,19413.7109375,12402.65191550333,10759.552734375
train,3940,20.03792490722311,66,ok,crepe,9,SW_Yosefa,3315.15380859375,18288.6015625,10341.511056560359,10400.46875
train,3941,5.192707409695242,127,ok,crepe,4,SW_Luna,3981.378173828125,18729.39453125,13725.376189087792,12215.65234375
train,3942,14.508304851083887,122,ok,crepe,2,NSW_1,5763.876953125,19425.322265625,12137.943611027644,11283.220703125
train,3943,13.89094366953784,101,ok,crepe,2,NSW_1,4269.94970703125,19426.671875,10259.674960432381,9933.54248046875
train,3944,-110.48705568600602,114,ok,crepe,4,SW_Luna,8431.0966796875,19421.43359375,12061.160441080729,10462.1474609375
train,3945,24.817936175382897,161,ok,crepe,4,SW_Luna,4784.46923828125,19424.69921875,11089.780017157285,10276.5771484375
train,3946,10.490229100690886,54,ok,crepe,7,SW_Nikita,6176.181640625,19419.603515625,11287.735119428791,10764.869140625
train,3947,8.633250126802782,79,ok,crepe,4,SW_Luna,9578.6435546875,18487.0078125,13804.317671342329,13917.96728515625
train,3948,4.849340439830251,89,ok,crepe,4,SW_Luna,9366.7470703125,18091.06640625,13490.382792771465,10997.2119140625
train,3949,6.012183169368283,45,ok,crepe,4,SW_Luna,6935.787109375,17043.71484375,11313.496990593112,10758.4521484375
train,3950,4.062141134156704,126,ok,crepe,2,NSW_1,4314.953125,18725.353515625,10895.697679307727,9933.40380859375
train,3951,12.63766755867959,173,ok,crepe,3,SW_Dana,6317.42236328125,16478.1015625,12682.573109019886,12350.8525390625
train,3952,8.28358327154448,96,ok,crepe,4,SW_Luna,7349.4921875,17045.021484375,11479.398470052083,10281.3271484375
train,3953,5.579189691406459,79,ok,crepe,9,SW_Yosefa,5762.2216796875,17442.8828125,7902.151994185014,7706.666015625
train,3954,11.792349178248848,141,ok,crepe,6,SW_Neo,5762.544921875,12806.39453125,8599.536724209045,9043.4521484375
train,3955,14.595420089652434,151,ok,crepe,3,SW_Dana,6034.55859375,18957.078125,12594.577176825946,12140.3388671875
train,3956,26.667138467815093,130,ok,crepe,5,SW_Nana,5557.51708984375,16471.587890625,10442.719703926945,9037.515625
train,3957,6.701542099669996,82,ok,crepe,2,NSW_1,5764.24267578125,17856.353515625,11960.658556099397,10879.65234375
train,3958,-5.709695915628408,110,ok,crepe,9,SW_Yosefa,5763.1396484375,17252.078125,10827.53171741453,9582.638671875
train,3959,15.126284849165252,79,ok,crepe,7,SW_Nikita,6781.06201171875,19423.08203125,13354.468873411744,15199.107421875
train,3960,14.02942650542527,120,ok,crepe,2,NSW_1,5177.892578125,19215.55859375,12250.480453371063,11405.107421875
train,3961,19.14365321470028,193,ok,crepe,4,SW_Luna,6316.421875,16483.83984375,11700.96945505185,11796.82421875
train,3962,11.250556032171664,75,ok,crepe,9,SW_Yosefa,5624.66552734375,7702.67822265625,6828.982628676471,6705.61572265625
train,3963,12.358778546966974,39,ok,crepe,2,NSW_1,5297.52197265625,13113.4375,10359.607682291668,10756.57421875
train,3964,15.249926264599251,152,ok,crepe,6,SW_Neo,5177.423828125,17254.16015625,8744.10140352471,9145.02099609375
train,3965,14.385189943145647,139,ok,crepe,4,SW_Luna,6708.208984375,18504.974609375,12082.602944428067,10522.27734375
train,3966,17.938418327211597,121,ok,crepe,7,SW_Nikita,5695.17138671875,17444.33984375,12085.668867470562,13930.58837890625
train,3967,27.13336836084813,143,ok,crepe,6,SW_Neo,7012.92431640625,17859.955078125,8916.155478106288,9045.923828125
train,3968,19.819440040247805,111,ok,crepe,2,NSW_1,7096.17236328125,20123.75390625,11400.523421875,10763.3310546875
train,3969,13.619487400265193,146,ok,crepe,5,SW_Nana,6246.0771484375,9694.796875,8021.575764492419,7980.02685546875
train,3970,6.410677465674686,79,ok,crepe,2,NSW_1,5177.5,17449.44921875,12617.93375840298,11669.04052734375
train,3971,9.505901864643839,148,ok,crepe,3,SW_Dana,6248.5927734375,18964.30078125,12357.313760914521,13113.16455078125
train,3972,18.682123179411136,162,ok,crepe,6,SW_Neo,7345.5380859375,16679.423828125,9859.301670713683,9936.6748046875
train,3973,22.72459550692863,121,ok,crepe,9,SW_Yosefa,5360.9384765625,10637.1533203125,8534.89200326906,8524.5107421875
train,3974,11.006824560792603,90,ok,crepe,2,NSW_1,5178.21240234375,19890.099609375,10735.483019189927,9931.712890625
train,3975,-117.47824098435837,103,ok,crepe,5,SW_Nana,6316.69189453125,19425.091796875,9726.890921307426,8937.63671875
train,3976,15.314525134728287,49,ok,crepe,1,NSW_2,5296.3330078125,20777.859375,10768.19058340567,9042.044921875
train,3977,27.09831774835234,139,ok,crepe,6,SW_Neo,5361.24951171875,15936.1640625,9736.056068371816,9584.9326171875
train,3978,16.897583941659875,160,ok,crepe,5,SW_Nana,7094.7509765625,17440.806640625,8901.748591188525,8626.41015625
train,3979,7.842182759853099,104,ok,crepe,4,SW_Luna,6317.80029296875,16474.724609375,9841.699625651041,9585.94384765625
train,3980,5.958020455947257,103,ok,crepe,6,SW_Neo,3511.50830078125,17644.84765625,9292.784230638586,9481.32421875
train,3981,14.669432401790774,150,ok,crepe,5,SW_Nana,5968.564453125,15196.4951171875,9519.93487328219,8821.77783203125
train,3982,13.555294719270371,117,ok,crepe,4,SW_Luna,7265.4150390625,18495.5390625,12578.471143317945,11142.5126953125
train,3983,15.677814545036773,116,ok,crepe,2,NSW_1,3083.12109375,17649.025390625,10486.969678107109,9939.8349609375
train,3984,18.666247500272718,132,ok,crepe,4,SW_Luna,4892.345703125,17860.1796875,12675.506287020016,10997.8828125
train,3985,11.19116957637895,69,ok,crepe,7,SW_Nikita,8522.7900390625,18720.830078125,14278.35255126953,15484.1796875
train,3986,12.58683724616873,96,ok,crepe,7,SW_Nikita,6396.39404296875,17647.6953125,13182.20458984375,15200.4833984375
train,3987,7.3898635216705255,78,ok,crepe,4,SW_Luna,8733.0654296875,17859.2109375,11957.26386052912,10405.0810546875
train,3988,15.060148307658274,129,ok,crepe,4,SW_Luna,6395.7236328125,17453.69921875,12997.734873178842,11406.33056640625
train,3989,13.500606653302167,83,ok,crepe,4,SW_Luna,8930.853515625,17645.1796875,12700.851470947266,10762.25390625
train,3990,0.7402496432163096,88,ok,crepe,5,SW_Nana,5123.5146484375,17859.73046875,9631.085387541118,8628.375
train,3991,12.775819122228151,151,ok,crepe,8,SW_Shy,3473.994384765625,18712.53515625,7808.29272743181,7439.4814453125
train,3992,16.19461202973332,59,ok,crepe,7,SW_Nikita,6539.8828125,17869.1953125,14393.388413373163,16021.48583984375
train,3993,19.505387021790494,154,ok,crepe,6,SW_Neo,5177.693359375,17444.166015625,9268.864095052084,9251.75
train,3994,17.48377629673057,102,ok,crepe,9,SW_Yosefa,9586.080078125,17442.888671875,10751.855584613348,10516.51513671875
train,3995,12.884345867648012,145,ok,crepe,6,SW_Neo,7704.0654296875,19423.33203125,10110.712684268043,10051.35009765625
train,3996,13.5427189672799,107,ok,crepe,7,SW_Nikita,6937.49072265625,20130.181640625,13885.393005371094,15113.73486328125
train,3997,20.417253780188126,160,ok,crepe,0,NSW_3,5693.7392578125,18967.919921875,8274.791140349014,6976.751708984375
train,3998,16.737886841737126,214,ok,crepe,6,SW_Neo,7350.1279296875,19672.72265625,10479.312803206905,10635.93115234375
train,3999,12.011821029875092,155,ok,crepe,5,SW_Nana,5362.65625,21488.27734375,11598.015864955358,10763.69140625
train,4000,26.039357831690793,88,ok,crepe,5,SW_Nana,5426.78173828125,16282.333984375,9412.375033509497,9472.51904296875
train,4001,11.071689688085591,106,ok,crepe,6,SW_Neo,4314.74658203125,15929.38671875,9273.311438694473,9367.4306640625
train,4002,17.527015038220412,48,ok,crepe,4,SW_Luna,6319.93896484375,20555.935546875,10202.220275878906,9145.68310546875
train,4003,-1.0276265594809062,19,ok,crepe,4,SW_Luna,4028.22998046875,19422.484375,12526.052664620536,11140.7509765625
train,4004,12.397567296162581,91,ok,crepe,4,SW_Luna,6537.9609375,17647.130859375,11805.7373046875,10580.140625
train,4005,13.397350478409919,129,ok,crepe,4,SW_Luna,5969.931640625,18964.357421875,12613.16505601671,10884.46142578125
train,4006,15.981434891373528,104,ok,crepe,3,SW_Dana,6464.32421875,19425.90625,12331.318326271186,11796.87548828125
train,4007,4.3925943719623275,58,ok,crepe,4,SW_Luna,4725.9384765625,19425.5390625,11678.578399658203,10518.138671875
train,4008,9.360504252972433,104,ok,crepe,6,SW_Neo,5762.99853515625,17252.421875,8274.166508009454,7436.59765625
train,4009,18.689441749848847,63,ok,crepe,9,SW_Yosefa,6099.2890625,19422.125,10129.772875642124,10523.453125
train,4010,10.431968863852358,140,ok,crepe,6,SW_Neo,4267.419921875,20778.3515625,10247.54123046875,10222.9599609375
train,4011,15.01442152641002,72,ok,crepe,4,SW_Luna,5498.765625,19672.65234375,12282.856280591115,10880.8388671875
train,4012,18.396680514632706,160,ok,crepe,6,SW_Neo,5427.30859375,20777.423828125,9260.82486079938,9041.1748046875
train,4013,17.626178949153083,69,ok,crepe,4,SW_Luna,3278.12060546875,17444.275390625,11620.336895038556,10633.6376953125
train,4014,4.68742695984907,79,ok,crepe,4,SW_Luna,8158.59765625,19425.783203125,13100.873441889045,10761.7138671875
train,4015,16.09236188791573,104,ok,crepe,7,SW_Nikita,4574.986328125,17649.626953125,11045.05858133607,8679.5390625
train,4016,9.58728999865196,78,ok,crepe,6,SW_Neo,7096.5126953125,16277.28125,9310.70565359933,8943.365234375
train,4017,11.968514366790508,145,ok,crepe,4,SW_Luna,7979.60498046875,17646.068359375,13124.872990987387,12137.779296875
train,4018,11.45759076415646,171,ok,crepe,6,SW_Neo,6706.19873046875,18499.212890625,10332.219760147982,9931.33203125
train,4019,18.01306017042329,79,ok,crepe,7,SW_Nikita,7187.6826171875,19433.50390625,13236.540394658628,14411.81640625
train,4020,12.090886166313574,192,ok,crepe,6,SW_Neo,5692.31884765625,17442.65234375,9592.775221266189,9587.49169921875
train,4021,10.592431394924393,224,ok,crepe,7,SW_Nikita,6705.1279296875,20549.27734375,15182.456689834595,16279.2958984375
train,4022,17.77981338753038,81,ok,crepe,7,SW_Nikita,7099.4736328125,17650.8984375,14554.63946143617,15303.26318359375
train,4023,1.5453188628028391,25,ok,crepe,7,SW_Nikita,6936.0810546875,17444.201171875,10499.151047279094,8430.544921875
train,4024,-2.518541073698618,102,ok,crepe,6,SW_Neo,6175.8466796875,20133.482421875,9875.375465883028,9475.666015625
train,4025,15.72349987579852,97,ok,crepe,7,SW_Nikita,5239.9755859375,17447.9453125,10317.507446289062,8295.66455078125
train,4026,12.867302270507428,121,ok,crepe,4,SW_Luna,6855.64892578125,19422.248046875,13033.068342060062,13703.4677734375
train,4027,4.183186729780315,91,ok,crepe,7,SW_Nikita,6036.310546875,17257.849609375,13387.875516183036,14669.529296875
train,4028,13.322476741602095,152,ok,crepe,5,SW_Nana,4268.81103515625,17450.63671875,10250.705228794643,9691.5732421875
train,4029,1.2142852017659838,67,ok,crepe,8,SW_Shy,3432.82763671875,17649.462890625,8317.644481084119,7261.4931640625
train,4030,15.018342648669506,156,ok,crepe,9,SW_Yosefa,4122.0380859375,18080.162109375,9775.521129261364,9585.86767578125
train,4031,24.831148396734356,131,ok,crepe,6,SW_Neo,4892.82568359375,16478.06640625,8853.66865234375,9197.958984375
train,4032,8.223480047209222,84,ok,crepe,4,SW_Luna,6036.01513671875,20776.85546875,11338.373165090461,10644.7998046875
train,4033,12.837960998282835,93,ok,crepe,3,SW_Dana,4574.41455078125,17440.916015625,11530.36467498483,10762.859375
train,4034,18.375339482532958,88,ok,crepe,6,SW_Neo,5427.3642578125,17044.2265625,9723.645953010111,10282.87646484375
train,4035,8.985318657065868,185,ok,crepe,5,SW_Nana,6463.46484375,17859.552734375,10000.420407808744,9472.00390625
train,4036,9.760152305966658,120,ok,crepe,4,SW_Luna,6248.115234375,21005.958984375,11819.581829329183,10284.40625
train,4037,14.978553598094095,97,ok,crepe,7,SW_Nikita,6781.79248046875,18072.837890625,12690.13427734375,14334.2822265625
train,4038,8.468448201705804,60,ok,crepe,7,SW_Nikita,7522.869140625,17444.8828125,15646.978745404413,16576.4423828125
train,4039,17.812697977852956,157,ok,crepe,2,NSW_1,3474.3115234375,21468.5703125,11467.709730668501,10405.2255859375
train,4040,15.424705908932912,43,ok,crepe,4,SW_Luna,6246.98193359375,11798.4375,9800.22642578125,10047.5078125
train,4041,19.20446901553183,175,ok,crepe,6,SW_Neo,7262.89013671875,17644.533203125,9819.030994927705,9925.2880859375
train,4042,15.733725393788774,134,ok,crepe,4,SW_Luna,4365.990234375,18967.80859375,12547.120207729718,11408.25390625
train,4043,5.590907598258674,115,ok,crepe,2,NSW_1,6034.5126953125,19422.38671875,12677.784419952877,11402.3984375
train,4044,13.195744831557072,103,ok,crepe,7,SW_Nikita,6246.744140625,16869.005859375,12866.290229409427,15119.85498046875
train,4045,8.679243853351343,116,ok,crepe,5,SW_Nana,5361.890625,19208.7890625,10159.53569671398,8823.736328125
train,4046,11.829688375822967,207,ok,crepe,4,SW_Luna,5362.42919921875,17864.755859375,14181.980316558442,16282.30078125
train,4047,20.55475743116213,115,ok,crepe,6,SW_Neo,5762.181640625,19892.908203125,9247.239008164943,9479.71875
train,4048,15.30115554154836,95,ok,crepe,2,NSW_1,4948.67236328125,20136.53515625,9870.244951440654,9931.6513671875
train,4049,13.353480695488212,197,ok,crepe,6,SW_Neo,5829.9521484375,20131.724609375,9479.65879385812,9252.3662109375
train,4050,13.893854487517396,131,ok,crepe,2,NSW_1,4838.13427734375,19679.4609375,10218.532953862543,10163.2919921875
train,4051,20.06996213426241,148,ok,crepe,6,SW_Neo,5362.037109375,17646.91796875,9836.106810016398,9815.31982421875
train,4052,19.563810839105045,72,ok,crepe,2,NSW_1,6034.064453125,12214.232421875,10207.143810453868,9816.314453125
train,4053,6.13658744290529,9,ok,crepe,9,SW_Yosefa,10159.220703125,17444.9453125,12864.135564630682,10402.607421875
train,4054,8.747171576238479,9,ok,crepe,4,SW_Luna,11401.873046875,17440.685546875,14125.443625710228,12654.02734375
train,4055,16.80915491419348,160,ok,crepe,4,SW_Luna,7703.8642578125,17645.6953125,11913.880421514097,10400.21435546875
train,4056,4.964164203675709,55,ok,crepe,0,NSW_3,7610.52783203125,17239.98828125,13049.513098338293,12947.5966796875
train,4057,8.929551021316962,124,ok,crepe,9,SW_Yosefa,6319.759765625,19903.751953125,9914.009886804288,9582.162109375
train,4058,15.753779198189758,137,ok,crepe,6,SW_Neo,5427.36279296875,16678.546875,9200.91701084793,9256.9130859375
train,4059,9.630107196212156,125,ok,crepe,6,SW_Neo,6780.9501953125,19425.072265625,9581.496815708706,9637.32373046875
train,4060,13.144801870002127,103,ok,crepe,4,SW_Luna,5558.0205078125,17643.748046875,11238.292833344276,10276.6494140625
train,4061,23.061156589244362,183,ok,crepe,4,SW_Luna,4573.6435546875,17243.904296875,11085.393043154761,10278.6240234375
train,4062,9.39762197091492,153,ok,crepe,9,SW_Yosefa,4122.49462890625,18072.5078125,7873.3122428578035,5178.015625
train,4063,22.13482888315189,60,ok,crepe,7,SW_Nikita,7097.4365234375,17648.8671875,15738.81428079044,16678.185546875
train,4064,20.24192747336446,129,ok,crepe,6,SW_Neo,5969.99609375,17437.73828125,9094.62575699979,9247.671875
train,4065,14.821182440451077,187,ok,crepe,6,SW_Neo,6177.939453125,16478.06640625,10426.310728828863,10403.79052734375
train,4066,25.70018852593681,144,ok,crepe,6,SW_Neo,6397.5400390625,19416.501953125,10235.43213190184,10406.7783203125
train,4067,16.496452948391656,124,ok,crepe,7,SW_Nikita,7349.39208984375,19419.666015625,15210.230279626981,16471.2939453125
train,4068,17.76408672077909,165,ok,crepe,4,SW_Luna,4313.86962890625,17442.962890625,11957.47624897204,10763.16455078125
train,4069,18.03212593796352,100,ok,crepe,2,NSW_1,4074.01318359375,19420.796875,10559.558003566575,9926.212890625
train,4070,13.98686607241239,125,ok,crepe,4,SW_Luna,6176.15283203125,17868.80078125,12923.790049451463,11795.224609375
train,4071,19.911635470460563,84,ok,crepe,4,SW_Luna,6034.083984375,17862.0390625,11671.178857421875,10767.22265625
train,4072,6.571061950211131,181,ok,crepe,6,SW_Neo,4219.34375,21218.984375,12975.97274017334,11211.5380859375
train,4073,7.803570219126115,130,ok,crepe,4,SW_Luna,8069.04345703125,19670.140625,12263.565315978169,10769.8173828125
train,4074,13.099877497650178,77,ok,crepe,5,SW_Nana,5829.75,12946.017578125,8503.081947063578,8430.939453125
train,4075,11.94587707693457,47,ok,crepe,5,SW_Nana,5830.310546875,16863.123046875,10406.130435583726,9696.4248046875
train,4076,12.093626409299933,127,ok,crepe,6,SW_Neo,5830.17626953125,14494.21875,9400.841820610895,9585.22802734375
train,4077,11.619263652356583,167,ok,crepe,6,SW_Neo,4172.19677734375,17643.51953125,9140.793252696161,9369.50732421875
train,4078,18.24673168317262,122,ok,crepe,4,SW_Luna,8731.79296875,17645.96875,13348.213832801497,11862.767578125
train,4079,12.235038885324768,97,ok,crepe,6,SW_Neo,6034.84814453125,17253.048828125,9282.011364858085,9370.2705078125
train,4080,-4.161779943509996,121,ok,crepe,4,SW_Luna,7098.375,19669.953125,11998.349728810701,10765.7861328125
train,4081,11.197342190085527,149,ok,crepe,4,SW_Luna,3982.348388671875,20130.134765625,13572.832344732342,13554.8876953125
train,4082,10.358569212698324,45,ok,crepe,7,SW_Nikita,7095.5439453125,17455.154296875,14074.417646692154,16283.32421875
train,4083,6.44831951696339,81,ok,crepe,5,SW_Nana,6463.958984375,19422.39453125,9055.122624429425,8067.3369140625
train,4084,9.862857692113105,20,ok,crepe,7,SW_Nikita,8729.1923828125,13997.181640625,11211.543480282739,11933.2080078125
train,4085,6.886434624692378,157,ok,crepe,4,SW_Luna,5123.4755859375,17440.794921875,11829.744468060662,10641.41259765625
train,4086,13.307993413542754,165,ok,crepe,4,SW_Luna,6319.349609375,19208.771484375,12394.257065868882,10280.2744140625
train,4087,6.391534208269577,148,ok,crepe,5,SW_Nana,6540.3125,16864.7109375,10940.579482941937,9928.05078125
train,4088,15.169227477785586,130,ok,crepe,6,SW_Neo,6462.7626953125,17645.0546875,9923.049189453124,9696.2666015625
train,4089,16.008459922733106,132,ok,crepe,4,SW_Luna,7098.38916015625,18083.0625,12163.142863228817,10641.583984375
train,4090,6.797015302901272,76,ok,crepe,6,SW_Neo,5829.890625,16867.77734375,10106.132583811313,9695.51171875
train,4091,12.120061067471688,143,ok,crepe,4,SW_Luna,8158.6708984375,19669.49609375,12231.309714988425,10822.71826171875
train,4092,15.6678194455877,128,ok,crepe,2,NSW_1,5297.2978515625,19425.6875,9518.605895136443,8931.646484375
train,4093,17.741742942780057,112,ok,crepe,2,NSW_1,6464.94140625,20342.888671875,12361.50068283081,10761.81005859375
train,4094,15.106483789616338,97,ok,crepe,4,SW_Luna,6033.68115234375,17241.828125,11864.58811012758,10760.244140625
train,4095,17.535388796068375,87,ok,crepe,3,SW_Dana,10403.330078125,15934.2275390625,12692.430812026516,12491.7919921875
train,4096,17.780718816128406,93,ok,crepe,6,SW_Neo,6781.10888671875,10996.298828125,9702.856658639259,10047.583984375
train,4097,12.930779613528653,101,ok,crepe,7,SW_Nikita,5361.74560546875,17644.32421875,9003.992183290678,8348.2568359375
train,4098,23.233005044987934,124,ok,crepe,6,SW_Neo,6536.943359375,10882.7197265625,8801.497117784289,9197.87353515625
train,4099,9.286058695575427,86,ok,crepe,4,SW_Luna,8730.6064453125,17442.23046875,12719.296253551136,10769.8291015625
train,4100,12.155179028326817,123,ok,crepe,6,SW_Neo,3510.77001953125,16282.935546875,9267.626917996853,9690.8984375
train,4101,11.40710393076813,120,ok,crepe,4,SW_Luna,4783.69140625,18075.537109375,10915.528363396139,10102.53466796875
train,4102,14.944699623976907,119,ok,crepe,7,SW_Nikita,5967.8916015625,17440.955078125,11835.35588993917,13844.189453125
train,4103,11.097631869824502,51,ok,crepe,2,NSW_1,6244.646484375,16864.025390625,11104.260322436952,10632.646484375
train,4104,15.42106875940359,135,ok,crepe,4,SW_Luna,7981.0498046875,17440.26953125,12986.30535130719,11929.84765625
train,4105,23.37010154547876,153,ok,crepe,6,SW_Neo,5064.017578125,10999.451171875,8544.448903459821,8347.0302734375
train,4106,15.680489880502765,149,ok,crepe,4,SW_Luna,6033.142578125,19669.431640625,12289.293988144189,10875.111328125
train,4107,28.347833593499644,34,ok,crepe,3,SW_Dana,5063.326171875,7883.021484375,6230.7396083733975,6101.3076171875
train,4108,7.173395360673849,148,ok,crepe,9,SW_Yosefa,4268.8447265625,19899.095703125,10053.727419295401,8822.8271484375
train,4109,8.007357937517106,57,ok,crepe,7,SW_Nikita,8067.9580078125,17261.603515625,15214.264556884766,16284.13916015625
train,4110,10.424125342878195,124,ok,crepe,6,SW_Neo,5499.39990234375,19421.546875,9095.54555769447,9247.298828125
train,4111,16.025247150425063,114,ok,crepe,3,SW_Dana,4623.08056640625,20128.705078125,8537.36514047476,7016.530517578125
train,4112,14.845661146086961,137,ok,crepe,8,SW_Shy,3083.51318359375,19900.95703125,10309.584402679639,9371.6455078125
train,4113,18.49815375294007,96,ok,crepe,6,SW_Neo,5623.73779296875,17042.587890625,9729.178904490427,9818.294921875
train,4114,13.999632521750149,83,ok,crepe,2,NSW_1,4783.556640625,17443.90234375,10482.822377080503,10341.115234375
train,4115,17.669522542372512,129,ok,crepe,4,SW_Luna,6463.4970703125,17641.22265625,13311.186233836206,11544.755859375
train,4116,16.965186948256164,120,ok,crepe,4,SW_Luna,7015.6484375,17857.611328125,11648.849612939097,10637.2578125
train,4117,2.0857856319059334,120,ok,crepe,2,NSW_1,4892.3876953125,18283.234375,11472.236142653828,11145.1552734375
train,4118,10.754054284666758,121,ok,crepe,9,SW_Yosefa,6396.650390625,17445.5625,8452.367307692308,8243.92041015625
train,4119,18.35758957045414,114,ok,crepe,6,SW_Neo,6034.36962890625,11932.8515625,9257.401315789473,9256.1826171875
train,4120,24.469611325553558,56,ok,crepe,6,SW_Neo,5177.61279296875,19422.7109375,7248.245257753314,7096.75390625
train,4121,6.128182026722375,93,ok,crepe,4,SW_Luna,4314.9326171875,19677.59375,11891.452406939337,10640.60107421875
train,4122,20.901549464838247,104,ok,crepe,4,SW_Luna,8071.8759765625,19425.6484375,13373.852555475316,14845.515625
train,4123,11.784991900047855,118,ok,crepe,4,SW_Luna,8822.3720703125,17442.224609375,12688.555531896147,11537.0078125
train,4124,4.756173113230215,154,ok,crepe,6,SW_Neo,5763.72802734375,17444.32421875,8696.588169248764,8728.98828125
train,4125,24.511991480096608,226,ok,crepe,6,SW_Neo,4268.91552734375,16478.53125,10073.466247326522,10282.638671875
train,4126,12.71975535142835,169,ok,crepe,6,SW_Neo,5558.4375,18727.958984375,10837.879624462632,10057.9970703125
train,4127,11.91832259563824,83,ok,crepe,4,SW_Luna,5968.9072265625,17645.830078125,11935.492989676339,10277.25244140625
train,4128,6.968701736485253,74,ok,crepe,4,SW_Luna,3982.369384765625,17646.8203125,10085.452569065324,9815.330078125
train,4129,6.93135669646521,121,ok,crepe,6,SW_Neo,7095.22705078125,17443.193359375,9683.398359658062,9639.45947265625
train,4130,15.802530496586861,75,ok,crepe,2,NSW_1,6033.54541015625,19424.533203125,11061.927025771722,10636.3984375
train,4131,14.29975956929092,153,ok,crepe,6,SW_Neo,5558.2099609375,18723.75,10996.765953327047,10400.486328125
train,4132,17.941201464630222,76,ok,crepe,2,NSW_1,4268.57421875,15029.0771484375,10106.789489746094,10407.05078125
train,4133,12.169308215598294,144,ok,crepe,6,SW_Neo,5179.2919921875,20130.92578125,9396.082142086849,9369.6572265625
train,4134,8.246858635711122,13,ok,crepe,7,SW_Nikita,6318.34765625,16860.927734375,13512.393624441964,12501.49072265625
train,4135,22.68442502959424,118,ok,crepe,2,NSW_1,5496.5830078125,21006.787109375,10738.645292394302,10343.2177734375
train,4136,22.228468142013455,109,ok,crepe,6,SW_Neo,6246.490234375,12072.357421875,9383.760926734743,9700.65625
train,4137,12.387855561051124,56,ok,crepe,4,SW_Luna,5969.41650390625,21006.501953125,10085.804167200307,8734.0263671875
train,4138,17.199068505306165,89,ok,crepe,5,SW_Nana,8937.521484375,13265.35546875,10364.573318780638,10400.7021484375
train,4139,21.030019769625937,135,ok,crepe,5,SW_Nana,5693.103515625,15933.55859375,10202.150798044388,9251.0625
train,4140,21.353340005255873,114,ok,crepe,5,SW_Nana,4837.94384765625,16283.3994140625,11015.666904076597,9821.2646484375
train,4141,4.161661568386291,66,ok,crepe,7,SW_Nikita,5176.9443359375,19908.318359375,11138.16590345228,11061.62255859375
train,4142,3.9161242130026626,134,ok,crepe,4,SW_Luna,6621.1865234375,18966.189453125,13041.34349005171,11281.181640625
train,4143,13.601797102388138,101,ok,crepe,6,SW_Neo,7094.0009765625,17441.798828125,8598.451231839364,7704.758544921875
train,4144,16.393140450041248,125,ok,crepe,4,SW_Luna,7096.78466796875,17648.59375,13407.08083917026,11933.7392578125
train,4145,20.402935183664745,128,ok,crepe,4,SW_Luna,7978.0966796875,19424.962890625,13304.129836623733,12001.20556640625
train,4146,15.221878353509961,138,ok,crepe,0,NSW_3,6463.5205078125,14156.8896484375,10297.699807191506,10156.1591796875
train,4147,12.5604421486947,125,ok,crepe,4,SW_Luna,7790.17626953125,17256.37890625,12244.242563371177,10878.3828125
train,4148,1.7749756759507518,44,ok,crepe,4,SW_Luna,6708.9453125,17864.578125,10457.942807404892,10583.6728515625
train,4149,8.31714705135197,68,ok,crepe,4,SW_Luna,8634.853515625,17438.044921875,14749.458596254006,16279.8310546875
train,4150,10.942349880226212,76,ok,crepe,9,SW_Yosefa,4073.35986328125,18497.267578125,9924.885386029411,8935.779296875
train,4151,15.117586906574555,79,ok,crepe,5,SW_Nana,5426.78173828125,8348.908203125,7397.9099523523355,7350.169921875
train,4152,17.760304766126147,98,ok,crepe,4,SW_Luna,5762.34326171875,16677.46484375,10932.750409100507,10519.484375
train,4153,24.247601035341408,115,ok,crepe,6,SW_Neo,5123.57373046875,18726.275390625,9979.198456735321,9252.70166015625
train,4154,17.3303863395297,131,ok,crepe,6,SW_Neo,5829.6982421875,19901.3984375,9862.196851427801,10166.5576171875
train,4155,15.460007324195535,134,ok,crepe,4,SW_Luna,7792.31884765625,17650.12890625,12665.978657384072,10767.6767578125
train,4156,7.925399374484287,51,ok,crepe,4,SW_Luna,6034.734375,19204.669921875,14874.94886125837,18079.3740234375
train,4157,11.442110971690065,123,ok,crepe,6,SW_Neo,5361.1201171875,16869.60546875,9111.461684074955,9422.60498046875
train,4158,15.79155396640303,93,ok,crepe,4,SW_Luna,8067.00390625,19666.701171875,13329.03296802662,11002.888671875
train,4159,13.229081575036307,140,ok,crepe,4,SW_Luna,5763.03662109375,17870.3125,12264.383816189236,10578.91162109375
train,4160,5.4435407265784015,110,ok,crepe,4,SW_Luna,7014.46044921875,17443.666015625,11529.119736089939,10637.736328125
train,4161,13.631769317018449,142,ok,crepe,5,SW_Nana,7189.37890625,14844.1416015625,9493.550447789634,9420.59814453125
train,4162,15.988230900987379,101,ok,crepe,4,SW_Luna,7882.630859375,18085.529296875,13667.749528270657,12211.94873046875
train,4163,10.213957920967738,130,ok,crepe,5,SW_Nana,6247.4130859375,17858.64453125,11115.323107130984,10278.609375
train,4164,8.157160208328833,92,ok,crepe,0,NSW_3,10877.3876953125,19898.28515625,13599.135059541868,13550.169921875
train,4165,13.348840978030605,34,ok,crepe,7,SW_Nikita,6706.44482421875,17251.35546875,16103.7955854367,16679.185546875
train,4166,14.428115180186808,99,ok,crepe,7,SW_Nikita,6461.8271484375,17652.501953125,14886.52124660326,16287.134765625
train,4167,24.49479579169286,170,ok,crepe,4,SW_Luna,8246.15234375,17455.05078125,12280.967275291981,10635.3828125
train,4168,6.148255059844195,134,ok,crepe,4,SW_Luna,6935.80322265625,17648.302734375,11833.416888020833,10761.578125
train,4169,20.147688711066035,132,ok,crepe,4,SW_Luna,7982.0126953125,21007.966796875,13383.80509968547,12882.39404296875
train,4170,6.846253455324299,74,ok,crepe,6,SW_Neo,6779.97998046875,19420.982421875,8667.071235470656,8775.54248046875
train,4171,5.5684264565760655,77,ok,crepe,2,NSW_1,5904.6708984375,17644.318359375,9898.404497612848,9994.24658203125
train,4172,9.28967670273764,119,ok,crepe,4,SW_Luna,5123.63330078125,17647.046875,12046.279063831676,10401.6494140625
train,4173,14.978004925460533,98,ok,crepe,2,NSW_1,5763.021484375,17441.4296875,11208.514976917613,10880.34375
train,4174,16.499276284904326,117,ok,crepe,5,SW_Nana,6032.72998046875,17258.734375,10742.963604827426,9818.8701171875
train,4175,8.324016546751515,153,ok,crepe,4,SW_Luna,3277.16552734375,17261.47265625,10571.784182559742,10401.3193359375
train,4176,19.15278392739269,101,ok,crepe,4,SW_Luna,6854.8486328125,20129.3515625,13133.28922943376,10769.388671875
train,4177,14.368221924077906,129,ok,crepe,5,SW_Nana,6317.52685546875,16668.060546875,10089.958206492456,8937.0107421875
train,4178,12.685172861894184,135,ok,crepe,4,SW_Luna,6318.291015625,17435.01953125,12735.17987828539,11409.298828125
train,4179,12.424480736799417,78,ok,crepe,6,SW_Neo,5692.46337890625,12072.31640625,8433.97205171131,8193.688720703125
train,4180,1.7967967380003536,96,ok,crepe,4,SW_Luna,3354.177734375,17446.3125,12390.965167749708,10758.9951171875
train,4181,9.625508615405533,53,ok,crepe,6,SW_Neo,6035.185546875,16481.82421875,9706.523754882812,10105.1962890625
train,4182,7.832286500974681,184,ok,crepe,6,SW_Neo,7263.66259765625,19424.365234375,10466.94730282738,10404.18603515625
train,4183,12.067179359320843,139,ok,crepe,4,SW_Luna,6462.322265625,21001.337890625,12360.921230341095,11139.435546875
train,4184,3.4460677251124356,95,ok,crepe,5,SW_Nana,7191.263671875,18957.453125,10515.079138413916,9935.35107421875
train,4185,12.642148866407808,84,ok,crepe,6,SW_Neo,7014.14111328125,11285.2978515625,9002.000906808036,9817.17626953125
train,4186,9.319664233369165,116,ok,crepe,4,SW_Luna,5240.20263671875,20779.10546875,12147.750628847065,11609.1357421875
train,4187,17.538126847444676,150,ok,crepe,6,SW_Neo,6462.984375,19900.5234375,9190.126741442376,9695.376953125
train,4188,14.27509232862338,61,ok,crepe,9,SW_Yosefa,4461.083984375,17643.17578125,9503.614928288247,8734.685546875
train,4189,11.057059430897866,69,ok,crepe,9,SW_Yosefa,6175.9609375,19431.37109375,8514.514322916666,7886.43798828125
train,4190,19.61551460854736,150,ok,crepe,6,SW_Neo,7794.33056640625,17441.24609375,9956.665670460668,10051.865234375
train,4191,4.299425165098004,51,ok,crepe,2,NSW_1,5762.783203125,19671.337890625,11855.386564555922,10643.0166015625
train,4192,12.482436615775015,136,ok,crepe,6,SW_Neo,5361.32763671875,17039.80078125,10396.469793581495,9934.4912109375
train,4193,12.036276597805324,153,ok,crepe,5,SW_Nana,6035.00390625,16281.337890625,10172.892578125,9311.49609375
train,4194,12.888337908877274,165,ok,crepe,3,SW_Dana,5904.1640625,15931.677734375,12023.778788248697,11799.08154296875
train,4195,22.40229354731255,179,ok,crepe,6,SW_Neo,8343.869140625,15929.8935546875,9904.552957182948,9758.60888671875
train,4196,12.698873355454698,126,ok,crepe,6,SW_Neo,5762.28759765625,19207.697265625,9395.810262910018,9584.04296875
train,4197,19.33907859777008,207,ok,crepe,3,SW_Dana,7436.642578125,17644.27734375,12482.826672414356,11800.421875
train,4198,20.17361992860675,138,ok,crepe,2,NSW_1,4950.32470703125,21215.66015625,11677.228118489584,10460.97998046875
train,4199,17.774252117959193,99,ok,crepe,7,SW_Nikita,7093.98193359375,17444.029296875,13509.943592900816,14672.587890625
train,4200,13.645807189265966,189,ok,crepe,4,SW_Luna,6463.392578125,19674.322265625,12723.102913411458,11672.76220703125
train,4201,15.040722282450265,171,ok,crepe,9,SW_Yosefa,6176.720703125,19209.099609375,9492.001484473147,9041.662109375
train,4202,14.555663239501083,163,ok,crepe,4,SW_Luna,7792.57861328125,17451.134765625,12516.524068629487,11280.962890625
train,4203,11.791566010403516,118,ok,crepe,4,SW_Luna,3157.825927734375,17851.88671875,12682.731359037241,10881.3427734375
train,4204,7.951844090102956,78,ok,crepe,6,SW_Neo,6035.099609375,17043.201171875,9816.637201418822,9588.412109375
train,4205,27.28466191871092,158,ok,crepe,6,SW_Neo,4414.21826171875,17442.91796875,8647.958997863432,7884.93408203125
train,4206,17.531835332732268,100,ok,crepe,4,SW_Luna,7704.47314453125,16102.9482421875,13398.170801623115,13841.01416015625
train,4207,17.499866376719474,180,ok,crepe,4,SW_Luna,5426.626953125,20780.66015625,11095.624565711389,10277.4423828125
train,4208,6.268248215988054,119,ok,crepe,7,SW_Nikita,3473.967041015625,17258.734375,11849.165447205987,14157.994140625
train,4209,18.54333276464239,136,ok,crepe,3,SW_Dana,5499.4619140625,17444.3515625,10785.691696665646,10515.345703125
train,4210,10.93217539747485,149,ok,crepe,6,SW_Neo,5498.85791015625,10767.0419921875,8598.920619419643,8732.7978515625
train,4211,18.480119216245384,131,ok,crepe,6,SW_Neo,4316.38134765625,17446.259765625,9145.030349835246,9250.2939453125
train,4212,16.678494487101712,68,ok,crepe,9,SW_Yosefa,6176.6708984375,17042.76171875,9930.445875901441,10402.05078125
train,4213,21.6037242859299,144,ok,crepe,6,SW_Neo,5622.67529296875,18282.0078125,9574.509373830464,9937.486328125
train,4214,20.77059858074793,173,ok,crepe,4,SW_Luna,7189.7255859375,17452.189453125,12391.497203921797,11409.71484375
train,4215,11.075788917165593,88,ok,crepe,4,SW_Luna,6707.30517578125,19427.369140625,11766.032180304277,10763.462890625
train,4216,20.563769729432664,176,ok,crepe,4,SW_Luna,5762.91064453125,17456.3828125,12771.945002441405,10877.28759765625
train,4217,-113.64037765216624,88,ok,crepe,4,SW_Luna,5498.37109375,18729.5625,10602.115602979473,9933.00244140625
train,4218,21.82560658182195,169,ok,crepe,6,SW_Neo,4173.80322265625,19903.8046875,9999.129223249345,9939.7822265625
train,4219,4.744667623007597,86,ok,crepe,4,SW_Luna,5239.6953125,18964.748046875,12683.534864288016,10641.9921875
train,4220,6.4134920809622535,157,ok,crepe,4,SW_Luna,6247.033203125,19429.869140625,13031.82112358941,11733.29248046875
train,4221,11.652783682758752,89,ok,crepe,4,SW_Luna,7098.365234375,17451.357421875,12530.586714957524,10875.0107421875
train,4222,19.911862501129367,106,ok,crepe,9,SW_Yosefa,5427.66796875,18727.7421875,8819.436410446797,8430.0654296875
train,4223,11.110941118345245,99,ok,crepe,9,SW_Yosefa,5762.630859375,17648.484375,10308.222827808277,9931.134765625
train,4224,18.891258300924928,176,ok,crepe,4,SW_Luna,5904.33544921875,18290.064453125,12014.619002842666,10639.14013671875
train,4225,10.191249876222297,133,ok,crepe,4,SW_Luna,5970.154296875,17438.830078125,12754.908996582031,10769.11767578125
train,4226,20.329876090857667,127,ok,crepe,2,NSW_1,5765.2275390625,19901.07421875,11403.409839709051,10643.248046875
train,4227,13.493734208395454,107,ok,crepe,4,SW_Luna,5177.36865234375,17645.333984375,12278.575183305584,10522.1787109375
train,4228,23.50521697099618,118,ok,crepe,6,SW_Neo,5297.392578125,11398.7451171875,9028.703878651495,9473.28125
train,4229,10.476154021875455,128,ok,crepe,4,SW_Luna,6621.4208984375,17443.666015625,13075.946640223672,14410.46875
train,4230,8.193723562864172,88,ok,crepe,4,SW_Luna,5903.58203125,12492.8408203125,9723.102979473038,9530.51904296875
train,4231,21.858236300597014,157,ok,crepe,9,SW_Yosefa,5763.8994140625,10641.10546875,7551.68571234809,7658.893798828125
train,4232,12.539617656991943,238,ok,crepe,4,SW_Luna,6176.3857421875,15748.8662109375,11142.612117302813,10762.92578125
train,4233,14.197979973341255,159,ok,crepe,5,SW_Nana,5240.2646484375,16479.767578125,10635.21927625868,9475.8837890625
train,4234,20.706346016954456,119,ok,crepe,4,SW_Luna,8160.0380859375,17651.685546875,12976.391445878624,11138.85888671875
train,4235,17.1585900586238,108,ok,crepe,4,SW_Luna,6540.166015625,17860.59375,11648.877413841987,10402.1669921875
train,4236,14.403863594087023,120,ok,crepe,4,SW_Luna,5970.01220703125,17852.353515625,11533.011743339703,10520.41796875
train,4237,6.231232127931055,181,ok,crepe,6,SW_Neo,6540.0771484375,21486.16796875,10363.085067295791,10404.4697265625
train,4238,15.13771850576867,168,ok,crepe,5,SW_Nana,6034.38916015625,10523.7744140625,8158.9367005343265,8070.40087890625
train,4239,9.183822957821302,93,ok,crepe,4,SW_Luna,6539.951171875,17443.30859375,9786.20925874256,9478.77734375
train,4240,15.571201192566171,86,ok,crepe,3,SW_Dana,7014.62109375,17254.240234375,11032.878119021047,10696.42333984375
train,4241,13.92780930702336,75,ok,crepe,4,SW_Luna,8432.458984375,18495.51953125,11915.016283611918,10053.67529296875
train,4242,5.980382367940537,142,ok,crepe,3,SW_Dana,7191.73095703125,17646.033203125,11222.449872921674,10156.90087890625
train,4243,17.498728561797666,82,ok,crepe,2,NSW_1,5903.798828125,18075.470703125,10594.163181470789,10221.16357421875
train,4244,4.591514811288365,79,ok,crepe,4,SW_Luna,6175.541015625,17445.712890625,11592.00656340843,10640.8828125
train,4245,9.452212476142453,50,ok,crepe,9,SW_Yosefa,8937.3095703125,17649.01953125,11575.086606626157,10461.7421875
train,4246,10.597810748407245,110,ok,crepe,4,SW_Luna,7522.705078125,17639.833984375,12585.270126714939,10763.380859375
train,4247,20.16051592629594,74,ok,crepe,7,SW_Nikita,5763.876953125,17864.24609375,11194.845680147058,8629.3076171875
train,4248,4.412010682445087,152,ok,crepe,6,SW_Neo,4268.50537109375,20783.32421875,10982.959774925595,10342.8720703125
train,4249,8.695152521603049,96,ok,crepe,7,SW_Nikita,5763.2060546875,17864.40625,11998.387906461148,11145.2001953125
train,4250,9.093387434265425,125,ok,crepe,9,SW_Yosefa,5693.21240234375,20555.26171875,7362.4340335494235,7189.466796875
train,4251,10.967483004564746,146,ok,crepe,6,SW_Neo,5558.26123046875,20338.94140625,9340.841660272508,10051.0087890625
train,4252,15.861661932757551,155,ok,crepe,6,SW_Neo,6248.33447265625,14661.5537109375,10031.414286997126,9938.69140625
train,4253,19.42887817535093,29,ok,crepe,2,NSW_1,6322.25390625,17444.03515625,10280.359879557293,7707.2314453125
train,4254,12.31711006686499,125,ok,crepe,5,SW_Nana,5969.07470703125,17441.3828125,8719.061456210371,8298.96484375
train,4255,10.615784396837146,131,ok,crepe,6,SW_Neo,6032.14599609375,17442.0625,9302.42342232369,9247.92724609375
train,4256,15.677907814393253,114,ok,crepe,6,SW_Neo,6543.1533203125,11537.724609375,9217.77685546875,9693.1884765625
train,4257,11.318128843881588,137,ok,crepe,2,NSW_1,7264.55322265625,19430.041015625,11009.854892263105,10402.802734375
train,4258,19.839354931333354,94,ok,crepe,2,NSW_1,7097.3076171875,17439.421875,11592.870032074254,10884.68359375
train,4259,6.968213165739842,46,ok,crepe,7,SW_Nikita,6936.0302734375,17447.59375,15545.170362285538,16469.927734375
train,4260,18.433580567907427,95,ok,crepe,9,SW_Yosefa,5829.46875,8931.845703125,7425.98935102983,7348.9013671875
train,4261,14.930638436444157,108,ok,crepe,4,SW_Luna,7190.18603515625,17450.279296875,11749.720029769405,10578.6728515625
train,4262,23.740122741339768,137,ok,crepe,6,SW_Neo,4622.50048828125,18722.556640625,9044.597757591391,9373.212890625
train,4263,3.6758329413772484,122,ok,crepe,6,SW_Neo,5361.9033203125,19672.7109375,9087.69405230354,9248.7978515625
train,4264,17.769513559606775,179,ok,crepe,6,SW_Neo,4838.3193359375,17251.0,9198.324728363927,9692.763671875
train,4265,12.945146802328049,144,ok,crepe,5,SW_Nana,5970.8427734375,16282.1142578125,8683.53776644483,8628.2294921875
train,4266,13.444151189679241,144,ok,crepe,6,SW_Neo,5426.23046875,11137.83984375,8618.566844223486,8935.94140625
train,4267,7.257179183643227,117,ok,crepe,6,SW_Neo,5969.568359375,18079.833984375,9403.6036833552,9697.853515625
train,4268,14.366146866157548,131,ok,crepe,6,SW_Neo,5970.70703125,17442.732421875,10595.460751953126,10405.77783203125
train,4269,18.103021989321295,240,ok,crepe,6,SW_Neo,7352.640625,17033.779296875,9880.724498888001,10163.83447265625
train,4270,12.179237355893918,100,ok,crepe,5,SW_Nana,7013.72607421875,17441.435546875,10271.297206182066,9043.3955078125
train,4271,7.1988363594227,33,ok,crepe,4,SW_Luna,6396.5927734375,19425.400390625,9790.03797029194,9694.59716796875
train,4272,19.57413487746562,151,ok,crepe,4,SW_Luna,7264.4716796875,19422.568359375,13289.086954752604,11928.66845703125
train,4273,17.535727094873984,161,ok,crepe,6,SW_Neo,4676.16552734375,17648.72265625,8985.745257833729,8931.478515625
train,4274,16.58128381772016,140,ok,crepe,4,SW_Luna,7612.93359375,17442.59375,11957.37235236316,10764.3662109375
train,4275,12.384407130086633,127,ok,crepe,5,SW_Nana,5969.72216796875,16100.314453125,10241.229966714349,9249.2109375
train,4276,11.170888814140664,60,ok,crepe,7,SW_Nikita,7347.15283203125,17249.392578125,14288.236036613805,15200.2783203125
train,4277,12.560159496818859,80,ok,crepe,7,SW_Nikita,4123.33251953125,18283.634765625,13641.482968537704,15298.9892578125
train,4278,24.29389085816252,152,ok,crepe,4,SW_Luna,6033.8271484375,18726.857421875,12793.325857579022,11933.5107421875
train,4279,7.50376797495206,128,ok,crepe,9,SW_Yosefa,6539.44580078125,19421.033203125,10677.246805540273,9474.58740234375
train,4280,18.39067247522943,192,ok,crepe,6,SW_Neo,5299.07177734375,10884.0224609375,9568.684656871448,9820.1064453125
train,4281,16.719217116492317,89,ok,crepe,7,SW_Nikita,6247.41943359375,17047.08203125,13786.141592172477,15111.9931640625
train,4282,-0.7835331133436108,25,ok,crepe,7,SW_Nikita,6396.240234375,19669.484375,14591.770542689732,15197.9677734375
train,4283,1.1881916723881751,127,ok,crepe,4,SW_Luna,4675.6787109375,18493.337890625,9224.138082449777,9472.3603515625
train,4284,11.543901334521138,53,ok,crepe,2,NSW_1,5362.00732421875,18071.708984375,11034.420370133197,10520.5390625
train,4285,9.683845597409134,176,ok,crepe,3,SW_Dana,7189.71630859375,17643.369140625,12031.378635519803,11344.97802734375
train,4286,22.67806866169662,138,ok,crepe,4,SW_Luna,6856.169921875,17448.21484375,11621.900297913371,10763.01318359375
train,4287,22.05337286780425,163,ok,crepe,6,SW_Neo,4367.26123046875,18965.423828125,10609.754261846128,10106.70361328125
train,4288,10.650101219075621,212,ok,crepe,4,SW_Luna,7793.3134765625,19424.416015625,12807.939541538066,11797.724609375
train,4289,16.51960862646693,162,ok,crepe,6,SW_Neo,5177.9248046875,18726.212890625,8614.042592533298,7611.4638671875
train,4290,24.11224769175655,149,ok,crepe,6,SW_Neo,5062.47265625,16865.927734375,9330.885560909432,9370.2578125
train,4291,14.948572991014704,131,ok,crepe,6,SW_Neo,6937.24072265625,11676.361328125,8812.499881228885,9147.67138671875
train,4292,13.23511581913814,59,ok,crepe,2,NSW_1,5498.896484375,16676.060546875,11024.228472541361,10460.634765625
train,4293,12.361430277346436,114,ok,crepe,4,SW_Luna,5178.1298828125,18281.548828125,13183.519264573317,12004.39453125
train,4294,16.672652370519586,150,ok,crepe,3,SW_Dana,5692.33935546875,19420.7578125,13507.198496322186,13995.18359375
train,4295,7.770133714654208,72,ok,crepe,6,SW_Neo,5178.7802734375,17443.4453125,9591.991618868671,9815.97265625
train,4296,11.368931666972832,64,ok,crepe,7,SW_Nikita,6622.91796875,12949.53125,10786.064361979166,10876.236328125
train,4297,5.373901356506376,63,ok,crepe,4,SW_Luna,8522.35546875,17451.1171875,12489.545247395834,10762.5068359375
train,4298,15.661730618327422,45,ok,crepe,4,SW_Luna,6176.3857421875,20553.5625,12825.755440848214,12072.8515625
train,4299,13.892853072434718,141,ok,crepe,4,SW_Luna,7263.52587890625,21714.75390625,13359.080341045674,11934.76171875
train,4300,14.116841148319102,123,ok,crepe,3,SW_Dana,6033.52587890625,16869.8984375,10315.011694509087,9694.466796875
train,4301,16.610072909374228,135,ok,crepe,6,SW_Neo,5297.3046875,17441.4453125,8902.553379033905,9372.3486328125
train,4302,11.38651814312517,159,ok,crepe,4,SW_Luna,4314.6005859375,18077.91015625,13657.89453400865,15939.845703125
train,4303,8.631184058855103,150,ok,crepe,5,SW_Nana,6396.39208984375,17645.484375,9205.209610523898,8735.5078125
train,4304,16.379068256455135,77,ok,crepe,2,NSW_1,8246.234375,19423.576171875,11499.669048713235,10757.830078125
train,4305,19.547533527218736,213,ok,crepe,3,SW_Dana,7016.75390625,15201.6796875,10455.979825106535,9816.5126953125
train,4306,10.320830086745023,81,ok,crepe,2,NSW_1,5428.1357421875,17251.451171875,10461.741312886332,10886.47265625
train,4307,18.486035151379607,154,ok,crepe,4,SW_Luna,6621.29833984375,17441.365234375,11787.848152807202,10406.4140625
train,4308,9.43965038219101,154,ok,crepe,6,SW_Neo,4366.57275390625,18716.171875,9300.197139345366,9689.08984375
train,4309,15.986348710418028,94,ok,crepe,4,SW_Luna,5904.4638671875,19423.69140625,13092.039174491112,10883.00390625
train,4310,23.075775845485808,144,ok,crepe,6,SW_Neo,5427.11669921875,18729.982421875,8942.117042495265,9369.908203125
train,4311,10.572307546682765,141,ok,crepe,3,SW_Dana,6621.02294921875,20777.3359375,11874.869610480542,10406.5419921875
train,4312,6.72763273821557,129,ok,crepe,4,SW_Luna,4171.66162109375,18080.837890625,12423.668963003849,12213.6201171875
train,4313,15.463607803335922,119,ok,crepe,4,SW_Luna,7268.85986328125,17651.650390625,11959.239866342117,10641.9833984375
train,4314,8.862688697859348,96,ok,crepe,4,SW_Luna,6463.54248046875,17649.66015625,11460.00330171131,10399.3447265625
train,4315,12.592436992777538,118,ok,crepe,7,SW_Nikita,4266.8642578125,17866.18359375,15209.209078414351,16669.94921875
train,4316,16.431835683909192,73,ok,crepe,4,SW_Luna,8818.4140625,17440.37890625,12673.721491434488,11144.4521484375
train,4317,12.729057997328644,122,ok,crepe,6,SW_Neo,5763.00390625,17859.41796875,10658.637852132755,10517.796875
train,4318,12.100159265428246,67,ok,crepe,2,NSW_1,6395.880859375,17445.875,12023.10912109375,11135.140625
train,4319,9.026516950781074,190,ok,crepe,6,SW_Neo,6248.26416015625,19422.1953125,9760.645073523889,9581.4443359375
train,4320,16.876074640338118,130,ok,crepe,4,SW_Luna,3011.99462890625,17445.228515625,11385.635888339712,10521.9931640625
train,4321,18.555263841701542,139,ok,crepe,4,SW_Luna,7703.21044921875,17448.533203125,11337.112975301621,10399.96044921875
train,4322,7.656123456231516,77,ok,crepe,6,SW_Neo,6246.8681640625,20133.0625,11057.326266202059,10519.0478515625
train,4323,14.381841717077242,62,ok,crepe,9,SW_Yosefa,8069.00341796875,16482.85546875,11751.417848448822,9693.2802734375
train,4324,9.621903897867165,179,ok,crepe,9,SW_Yosefa,4676.779296875,20556.66796875,10813.91021184638,9473.548828125
train,4325,14.288855640482303,140,ok,crepe,6,SW_Neo,6396.9189453125,17440.19921875,9479.2946715536,9531.87744140625
train,4326,13.181180620159132,134,ok,crepe,6,SW_Neo,7014.8017578125,17442.177734375,10100.835474420363,9933.7197265625
train,4327,14.918810085959294,60,ok,crepe,6,SW_Neo,4891.19580078125,10766.294921875,9635.737465122767,9698.63818359375
train,4328,14.046135927933767,95,ok,crepe,4,SW_Luna,6781.68701171875,17447.9609375,11618.004770821388,10401.8505859375
train,4329,14.886327964441907,124,ok,crepe,4,SW_Luna,5428.58642578125,18732.224609375,14363.630087685751,16673.712890625
train,4330,15.497992789344632,168,ok,crepe,0,NSW_3,5064.310546875,19426.86328125,11860.480408031088,12950.8447265625
train,4331,9.472748358880864,156,ok,crepe,6,SW_Neo,5970.337890625,19898.984375,9660.719252074505,9928.919921875
train,4332,6.173978324669699,134,ok,crepe,6,SW_Neo,5830.1220703125,17645.216796875,9708.716337890624,9822.84228515625
train,4333,28.143563785631546,143,ok,crepe,6,SW_Neo,5361.25244140625,11003.0029296875,8553.183285204179,8821.3486328125
train,4334,14.683484263894982,68,ok,crepe,9,SW_Yosefa,6101.0107421875,11932.947265625,7355.342927631579,7191.2421875
train,4335,5.988051885796565,73,ok,crepe,7,SW_Nikita,6034.66845703125,19672.0859375,14066.054852294921,16018.94384765625
train,4336,12.466545063388242,96,ok,crepe,4,SW_Luna,8822.82421875,17861.47265625,12833.371216920044,10519.6953125
train,4337,12.864185344964362,142,ok,crepe,9,SW_Yosefa,6177.86376953125,17252.13671875,8542.023572301572,8526.9453125
train,4338,14.783802919504492,200,ok,crepe,3,SW_Dana,6934.83154296875,17450.5,11260.739924989897,10576.36767578125
train,4339,10.81359385455922,183,ok,crepe,3,SW_Dana,5427.1416015625,17251.71484375,12001.972892367225,11801.52734375
train,4340,22.291094812291785,87,ok,crepe,6,SW_Neo,7976.1611328125,17451.716796875,12571.08328125,10637.66015625
train,4341,14.354662856953803,68,ok,crepe,6,SW_Neo,7098.05615234375,14663.564453125,8973.248133405854,9367.5146484375
train,4342,17.197497070647557,144,ok,crepe,3,SW_Dana,4172.19140625,18073.66796875,8534.27978515625,8026.046875
train,4343,8.152982235750157,154,ok,crepe,6,SW_Neo,4269.13427734375,19664.5390625,10992.658908420139,10518.36328125
train,4344,15.739986261594973,139,ok,crepe,4,SW_Luna,6463.9267578125,17449.76171875,13217.528799380896,11544.453125
train,4345,12.776568543121922,84,ok,crepe,9,SW_Yosefa,4315.90283203125,17645.88671875,9619.292064144736,9369.40625
train,4346,24.141258838191924,182,ok,crepe,6,SW_Neo,8247.005859375,17039.90625,9944.965262957317,10276.5029296875
train,4347,2.4444754324389213,187,ok,crepe,6,SW_Neo,4314.56640625,17448.50390625,9594.000207578503,9478.1845703125
train,4348,15.993780423880736,164,ok,crepe,6,SW_Neo,5625.1025390625,13405.646484375,8438.839412913603,7437.4951171875
train,4349,10.598630656334514,206,ok,crepe,4,SW_Luna,4414.5498046875,19897.5703125,12026.052980602297,10760.35009765625
train,4350,20.352539368699837,227,ok,crepe,6,SW_Neo,5761.716796875,12496.904296875,10285.703256318064,10764.93603515625
train,4351,19.41325907141728,154,ok,crepe,6,SW_Neo,5361.5576171875,18080.556640625,9471.914924007722,9529.0654296875
train,4352,10.626172913467638,162,ok,crepe,3,SW_Dana,7980.06640625,19424.2890625,12307.001307600636,12209.029296875
train,4353,3.6488724456522976,38,ok,crepe,4,SW_Luna,6621.23046875,19903.837890625,11918.480844350961,11537.3818359375
train,4354,14.451941031685735,56,ok,crepe,9,SW_Yosefa,6780.89111328125,19902.1015625,11396.096117424242,9639.93994140625
train,4355,13.180199054939472,110,ok,crepe,6,SW_Neo,4315.1357421875,17250.2265625,8873.397734375,8939.8671875
train,4356,10.04239062908038,172,ok,crepe,4,SW_Luna,4219.10693359375,18730.390625,11689.86549409907,10406.3984375
train,4357,11.856870204848109,80,ok,crepe,2,NSW_1,3120.295654296875,19420.6796875,9840.51235407049,10221.3388671875
train,4358,11.488243643569561,79,ok,crepe,4,SW_Luna,7522.45849609375,18074.0078125,12485.100158005618,10880.818359375
train,4359,13.150152055396724,130,ok,crepe,4,SW_Luna,8065.44140625,18961.431640625,10893.472990689212,10159.67919921875
train,4360,11.82649151645736,65,ok,crepe,6,SW_Neo,7098.375,10998.484375,9206.604974043998,8930.1396484375
train,4361,21.76246949056681,168,ok,crepe,4,SW_Luna,6708.89208984375,19424.724609375,12616.479064625162,11001.8212890625
train,4362,15.89586036870684,72,ok,crepe,2,NSW_1,6397.23583984375,16280.1650390625,10359.398558134191,10279.509765625
train,4363,13.271218452121037,85,ok,crepe,7,SW_Nikita,6318.0634765625,18286.51171875,14406.7950326192,15939.630859375
train,4364,11.244221945706927,148,ok,crepe,4,SW_Luna,5691.05078125,19902.271484375,14092.727723973743,15563.060546875
train,4365,13.507661953354798,98,ok,crepe,6,SW_Neo,7016.478515625,10877.455078125,8605.214102761787,8939.41455078125
train,4366,18.728028631227676,157,ok,crepe,4,SW_Luna,5622.91455078125,17650.78125,11675.63544170673,10637.34521484375
train,4367,21.196889192091785,129,ok,crepe,6,SW_Neo,4726.16845703125,10879.6015625,8201.023483378774,7434.26025390625
train,4368,10.228608251486941,111,ok,crepe,4,SW_Luna,7522.2275390625,17647.177734375,12432.764001271082,10764.03076171875
train,4369,19.90623434296059,151,ok,crepe,2,NSW_1,4950.900390625,17252.97265625,10481.429582462755,10049.314453125
train,4370,6.507159201909531,88,ok,crepe,6,SW_Neo,5498.5419921875,17251.0859375,9204.461056014867,9474.396484375
train,4371,24.845180226279613,167,ok,crepe,4,SW_Luna,7614.416015625,17446.78515625,12808.272197822214,10759.2421875
train,4372,12.787740657193634,74,ok,crepe,4,SW_Luna,6176.015625,21489.919921875,12065.421586737575,10520.0
train,4373,12.32926254307846,180,ok,crepe,4,SW_Luna,5903.84375,19421.84375,14531.47560269225,16950.0625
train,4374,4.197376353651272,51,ok,crepe,7,SW_Nikita,8728.673828125,17864.39453125,11539.288037909837,10637.9443359375
train,4375,14.523503175719865,167,ok,crepe,6,SW_Neo,5969.935546875,18966.240234375,9794.368199481865,10399.9462890625
train,4376,8.312107280561053,127,ok,crepe,5,SW_Nana,5428.2861328125,16477.2109375,9959.230030980603,8934.6328125
train,4377,14.258718385875724,101,ok,crepe,4,SW_Luna,4517.3955078125,17861.1171875,13495.660064697266,13675.880859375
train,4378,16.697129924165793,114,ok,crepe,4,SW_Luna,8821.7275390625,17448.1171875,13768.648534410782,15564.1298828125
train,4379,7.398483878020963,76,ok,crepe,4,SW_Luna,7263.84521484375,12358.9208984375,10309.955844613009,10767.07177734375
train,4380,10.074483866842272,72,ok,crepe,2,NSW_1,6034.61865234375,16103.1552734375,10501.693739149305,10634.013671875
train,4381,5.2567988451382455,101,ok,crepe,4,SW_Luna,6463.80322265625,17855.98828125,10523.93672652793,9817.8662109375
train,4382,13.924249464753174,42,ok,crepe,6,SW_Neo,6540.376953125,19424.005859375,9733.16758219401,9371.50927734375
train,4383,-117.93191855231144,93,ok,crepe,4,SW_Luna,4314.662109375,20337.71875,16450.48317483207,18072.91015625
train,4384,21.031780910652316,132,ok,crepe,6,SW_Neo,5969.4521484375,17442.75,9439.724892578124,9531.92431640625
train,4385,18.50449838293148,91,ok,crepe,9,SW_Yosefa,5692.5185546875,16678.7578125,9822.56891177399,9250.83203125
train,4386,14.767986950382932,173,ok,crepe,6,SW_Neo,5362.42919921875,17644.87890625,8776.116998567055,7705.07421875
train,4387,18.23755610404413,131,ok,crepe,3,SW_Dana,4892.787109375,16274.97265625,8460.319654947916,8248.90283203125
train,4388,13.102656269588005,111,ok,crepe,4,SW_Luna,6099.92626953125,18078.333984375,13215.332678416418,11604.93017578125
train,4389,14.055008719114763,179,ok,crepe,6,SW_Neo,5427.74658203125,20557.783203125,10158.50142840485,9588.0283203125
train,4390,0.4839815378442669,104,ok,crepe,4,SW_Luna,6100.21875,21005.876953125,11981.250241900803,10769.7158203125
train,4391,20.62176552373217,127,ok,crepe,4,SW_Luna,7095.2294921875,17867.4453125,11928.52055070207,10640.888671875
train,4392,1.2763014160146067,60,ok,crepe,2,NSW_1,5122.84912109375,19426.71484375,12797.864635120739,13116.33056640625
train,4393,12.49803297396145,98,ok,crepe,4,SW_Luna,5496.68896484375,19201.775390625,12441.88721147017,10881.7783203125
train,4394,23.958966282168014,151,ok,crepe,6,SW_Neo,5123.8759765625,17254.1953125,9585.798983487215,9689.90478515625
train,4395,12.97050212559138,69,ok,crepe,4,SW_Luna,8071.0068359375,18492.5859375,11872.4287109375,10762.62646484375
train,4396,8.16185380670596,187,ok,crepe,9,SW_Yosefa,4574.357421875,17446.599609375,11829.947974343902,10762.78564453125
train,4397,15.007931653996728,118,ok,crepe,6,SW_Neo,4268.4921875,19668.89453125,11341.149754723838,10632.60546875
train,4398,17.416237660985676,80,ok,crepe,7,SW_Nikita,9037.962890625,17253.806640625,14879.859965230082,15566.08984375
train,4399,19.12835222728107,133,ok,crepe,4,SW_Luna,7265.3984375,17447.033203125,12697.28399261871,10881.96630859375
train,4400,24.574284240458017,225,ok,crepe,6,SW_Neo,5762.484375,19683.6484375,9938.69935208834,9925.8095703125
train,4401,15.538530679627492,121,ok,crepe,4,SW_Luna,7098.4765625,18728.62109375,11125.881163666214,9930.447265625
train,4402,9.780106315593711,170,ok,crepe,6,SW_Neo,6463.779296875,16867.455078125,8988.634310404459,8822.86962890625
train,4403,16.4085066979022,66,ok,crepe,7,SW_Nikita,14487.115234375,17447.685546875,16460.301536458333,16481.4609375
train,4404,15.141363282055515,113,ok,crepe,2,NSW_1,4676.94580078125,17441.302734375,11085.717742435516,10404.8974609375
train,4405,15.20739832566541,74,ok,crepe,9,SW_Yosefa,5428.5302734375,15745.7861328125,8672.600368269956,8627.3681640625
train,4406,16.144562188425446,115,ok,crepe,5,SW_Nana,6319.619140625,16478.400390625,9885.701397235576,9367.48046875
train,4407,17.397239608141085,120,ok,crepe,6,SW_Neo,6621.31591796875,17442.357421875,9762.516433943563,10046.134765625
train,4408,15.33908749309185,185,ok,crepe,4,SW_Luna,6854.62646484375,18080.96875,14017.551916679127,16109.6669921875
train,4409,16.366486930352593,93,ok,crepe,6,SW_Neo,3394.76513671875,19667.33984375,10191.767843191965,9930.43359375
train,4410,6.0912807804831175,137,ok,crepe,4,SW_Luna,5623.39599609375,21217.482421875,10881.648317057292,9757.59521484375
train,4411,11.70834980368128,150,ok,crepe,9,SW_Yosefa,5692.888671875,11934.6787109375,8199.746475129437,8160.8203125
train,4412,17.415945872556485,221,ok,crepe,3,SW_Dana,8245.849609375,17650.60546875,12586.231384277344,12073.52783203125
train,4413,9.672877187622161,128,ok,crepe,6,SW_Neo,7014.587890625,18497.80859375,10044.341023189922,9927.40576171875
train,4414,24.536368847243665,212,ok,crepe,3,SW_Dana,6033.4697265625,16280.17578125,12171.996294688786,12208.314453125
train,4415,20.393275523267327,71,ok,crepe,2,NSW_1,8825.130859375,15933.60546875,10654.177067454268,10283.84423828125
train,4416,13.55435907593667,69,ok,crepe,7,SW_Nikita,6541.078125,17642.1015625,14876.031195068359,16482.3330078125
train,4417,13.956136906784868,185,ok,crepe,6,SW_Neo,3120.07421875,17251.7890625,9101.228459821428,9420.2490234375
train,4418,6.739131171149396,86,ok,crepe,5,SW_Nana,6620.4052734375,9369.2451171875,7680.320093271684,7523.502685546875
train,4419,11.227636242853702,108,ok,crepe,5,SW_Nana,5428.79296875,17254.001953125,11269.85563671875,9585.408203125
train,4420,17.14872916903721,104,ok,crepe,2,NSW_1,5694.7353515625,20557.76171875,11088.999251568905,10221.5556640625
train,4421,7.551945463040912,126,ok,crepe,5,SW_Nana,7099.400390625,16476.771484375,10437.399841308594,9480.10546875
train,4422,25.798735814667417,74,ok,crepe,7,SW_Nikita,8629.626953125,17448.69921875,15636.468118106617,15929.3349609375
train,4423,21.7062571647857,41,ok,crepe,9,SW_Yosefa,4892.73388671875,20555.5390625,9979.589521692154,8632.359375
train,4424,18.326227115770408,122,ok,crepe,6,SW_Neo,6854.986328125,19423.439453125,8813.361987304688,8933.20458984375
train,4425,13.136314947925458,214,ok,crepe,6,SW_Neo,4172.69873046875,17645.68359375,9959.844581886575,10406.173828125
train,4426,22.617817683952385,138,ok,crepe,6,SW_Neo,5240.7763671875,10881.427734375,8604.794915654857,8934.9130859375
train,4427,17.684132829710528,61,ok,crepe,7,SW_Nikita,5969.52099609375,17446.5703125,14510.53616111866,16475.17578125
train,4428,8.485286114962932,82,ok,crepe,2,NSW_1,5362.2998046875,19423.8125,11698.53834566157,10700.48876953125
train,4429,11.582668440488009,55,ok,crepe,7,SW_Nikita,7523.63232421875,17258.4453125,12719.597336065573,14332.0068359375
train,4430,14.140626227872705,184,ok,crepe,4,SW_Luna,8069.544921875,17648.26171875,13022.11494324017,12075.353515625
train,4431,7.284618905767893,18,ok,crepe,7,SW_Nikita,6939.0185546875,17252.0546875,13795.332836914062,15486.69970703125
train,4432,7.882775095005343,86,ok,crepe,4,SW_Luna,8629.1904296875,17644.115234375,11216.271868766622,10518.03955078125
train,4433,1.9400876131693112,80,ok,crepe,6,SW_Neo,5903.40283203125,19674.53515625,11072.439847079191,10636.4189453125
train,4434,11.151846272999336,108,ok,crepe,7,SW_Nikita,6176.2626953125,20339.37890625,14880.270929151966,17037.2958984375
train,4435,17.74766797638239,123,ok,crepe,2,NSW_1,6033.34228515625,21006.5390625,11934.660396952024,10638.2666015625
train,4436,21.333861923225278,124,ok,crepe,7,SW_Nikita,5178.34228515625,16678.044921875,12187.017032199436,14242.22265625
train,4437,11.484760976272598,128,ok,crepe,4,SW_Luna,8158.5166015625,17251.49609375,12458.680497839096,11398.9453125
train,4438,10.508569412472589,145,ok,crepe,6,SW_Neo,5297.134765625,19672.248046875,9814.642506669208,9478.2646484375
train,4439,5.441961210044167,109,ok,crepe,7,SW_Nikita,5622.95166015625,19673.7890625,9614.955725097656,8066.326416015625
train,4440,18.718069428545455,129,ok,crepe,4,SW_Luna,6540.087890625,18080.6875,12067.067392513452,10397.55078125
train,4441,14.794125638800292,86,ok,crepe,2,NSW_1,4314.55224609375,16279.890625,10152.967088836984,10053.859375
train,4442,5.914941155757269,106,ok,crepe,4,SW_Luna,7980.4091796875,19421.23828125,13172.468001568905,11471.1669921875
train,4443,11.303108681420547,66,ok,crepe,7,SW_Nikita,6938.59375,17442.328125,13743.740894586268,14840.125
train,4444,13.906310809638505,109,ok,crepe,3,SW_Dana,9252.28515625,15929.98828125,11169.295586257684,10879.693359375
train,4445,14.975715445054465,86,ok,crepe,2,NSW_1,6707.07470703125,16480.486328125,10331.679069674745,10638.34423828125
train,4446,19.515658511547468,114,ok,crepe,6,SW_Neo,4219.724609375,11398.658203125,8779.608968720182,9250.091796875
train,4447,26.260926909586892,199,ok,crepe,4,SW_Luna,7700.5830078125,17448.2890625,11964.20402335295,10641.4755859375
train,4448,13.533052060128927,72,ok,crepe,2,NSW_1,4413.31103515625,17048.16015625,10691.24169921875,10518.984375
train,4449,20.5952994185798,174,ok,crepe,4,SW_Luna,7707.369140625,17648.0234375,12724.54196801516,10822.193359375
train,4450,8.559064429493016,130,ok,crepe,4,SW_Luna,6538.6201171875,18076.48828125,13994.764267176797,14845.0322265625
train,4451,16.243817664438215,122,ok,crepe,4,SW_Luna,7612.1025390625,17449.876953125,13033.231288492245,11144.5703125
train,4452,18.295358980455468,144,ok,crepe,6,SW_Neo,5624.0986328125,19899.03515625,9308.434525378643,9251.0283203125
train,4453,14.245420820446512,119,ok,crepe,4,SW_Luna,6540.19775390625,17442.96875,11915.412160773027,10762.232421875
train,4454,13.428272605337055,81,ok,crepe,4,SW_Luna,8729.7060546875,17252.89453125,12341.278652759309,10520.18505859375
train,4455,12.349690660860917,86,ok,crepe,4,SW_Luna,4413.77880859375,17858.349609375,10940.991803850446,10052.35107421875
train,4456,16.48016057795146,97,ok,crepe,3,SW_Dana,9478.794921875,17453.982421875,14173.48536036036,14498.5537109375
train,4457,12.657195290451558,136,ok,crepe,4,SW_Luna,5763.166015625,19425.6953125,12085.024661502322,10759.36962890625
train,4458,7.503187397286084,94,ok,crepe,7,SW_Nikita,4573.634765625,19205.646484375,12758.852115885416,14673.7119140625
train,4459,13.75262156478306,153,ok,crepe,6,SW_Neo,5904.35498046875,17442.59375,10569.928219833815,10404.86328125
train,4460,12.964268032808594,123,ok,crepe,6,SW_Neo,4268.81103515625,19421.28515625,10395.582894587862,10403.7421875
train,4461,6.523577687616104,97,ok,crepe,4,SW_Luna,6034.0302734375,17863.9453125,12656.609021108085,11142.0029296875
train,4462,12.800422416617291,58,ok,crepe,6,SW_Neo,9251.6396484375,10766.3525390625,10174.849483366936,10282.9619140625
train,4463,14.550819027775656,198,ok,crepe,6,SW_Neo,3276.73974609375,19675.27734375,10725.473552872649,10283.61669921875
train,4464,19.392144123290983,124,ok,crepe,6,SW_Neo,7096.4326171875,14663.55078125,9042.66751437717,9371.59130859375
train,4465,9.637420674827784,159,ok,crepe,4,SW_Luna,5763.86181640625,18726.814453125,11914.668961958452,10404.29443359375
train,4466,11.35187594626891,141,ok,crepe,9,SW_Yosefa,6707.57763671875,17441.125,9324.025995734279,8828.013671875
train,4467,11.601942008046054,118,ok,crepe,4,SW_Luna,7792.8623046875,18077.671875,12477.348983182252,10884.3125
train,4468,12.996620365737302,145,ok,crepe,4,SW_Luna,6463.9013671875,19421.201171875,11887.91952886814,10761.5263671875
train,4469,11.272490919030423,43,ok,crepe,4,SW_Luna,8159.001953125,17445.63671875,11064.108976403062,10518.666015625
train,4470,2.9034822837073113,89,ok,crepe,7,SW_Nikita,6781.1767578125,17262.35546875,12102.164096009497,13108.56787109375
train,4471,19.45472944734012,91,ok,crepe,6,SW_Neo,5361.82861328125,19419.80078125,10182.985617458231,9938.2744140625
train,4472,11.601433245569986,61,ok,crepe,6,SW_Neo,7095.4736328125,17045.43359375,8987.187646484375,9470.6748046875
train,4473,22.979882683916493,100,ok,crepe,9,SW_Yosefa,6314.9462890625,17860.28515625,7866.315069901316,7566.26513671875
train,4474,19.874364389872742,96,ok,crepe,4,SW_Luna,6781.6171875,19419.578125,11526.876926491477,10343.4150390625
train,4475,15.75604024289336,208,ok,crepe,4,SW_Luna,6463.00390625,17441.1484375,12113.556693522136,10700.0810546875
train,4476,12.656416368737517,55,ok,crepe,7,SW_Nikita,5239.2587890625,18967.09765625,11631.590780289447,10278.720703125
train,4477,19.811125678374466,102,ok,crepe,7,SW_Nikita,4783.6611328125,19429.494140625,10459.957326788652,7930.9326171875
train,4478,16.28549917193417,57,ok,crepe,4,SW_Luna,7012.9609375,15937.888671875,11057.439331054688,8680.376953125
train,4479,10.292486680708201,144,ok,crepe,4,SW_Luna,6462.4599609375,19423.455078125,11914.29159007353,10764.2431640625
train,4480,10.938437107141821,230,ok,crepe,7,SW_Nikita,5831.98779296875,17856.916015625,15486.986344708137,16678.7890625
train,4481,3.3121727730015094,72,ok,crepe,4,SW_Luna,5903.46484375,19424.73046875,10430.378353256778,9037.00390625
train,4482,12.15221232053594,65,ok,crepe,6,SW_Neo,4573.8662109375,17441.26171875,11503.55181563528,11469.15234375
train,4483,14.498720178992727,161,ok,crepe,4,SW_Luna,7094.546875,17858.55078125,12784.827177470439,10882.0693359375
train,4484,17.884882145259752,76,ok,crepe,6,SW_Neo,7096.744140625,18080.724609375,9775.959748391544,9822.287109375
train,4485,10.015995678834976,185,ok,crepe,4,SW_Luna,6396.986328125,19426.015625,13627.657833358617,14496.54443359375
train,4486,13.402803686571765,133,ok,crepe,4,SW_Luna,5762.84619140625,19427.794921875,12562.864436848959,10761.970703125
train,4487,24.65931485429691,105,ok,crepe,9,SW_Yosefa,4314.16162109375,17646.294921875,7822.158574380165,7525.6044921875
train,4488,11.63202042243255,83,ok,crepe,9,SW_Yosefa,6781.90673828125,17860.1015625,11717.626332600912,10515.9521484375
train,4489,11.483308747902846,118,ok,crepe,5,SW_Nana,6621.15625,19424.76953125,10191.988234230324,9043.0517578125
train,4490,14.28787505823683,78,ok,crepe,4,SW_Luna,4268.98046875,17251.60546875,11869.783021438954,11403.89501953125
train,4491,14.205992724677461,161,ok,crepe,3,SW_Dana,5241.01025390625,17644.015625,11022.842415364583,10522.47412109375
train,4492,4.882363660565573,89,ok,crepe,6,SW_Neo,4366.4892578125,17644.201171875,10495.73964436849,9937.9931640625
train,4493,9.856101712370712,120,ok,crepe,4,SW_Luna,6035.00390625,19423.576171875,11908.984320746527,10761.8662109375
train,4494,12.24853021161791,59,ok,crepe,6,SW_Neo,7348.107421875,17859.158203125,10879.412532066232,10278.546875
train,4495,17.80445130502774,87,ok,crepe,4,SW_Luna,8635.138671875,17442.53515625,13077.464144837622,10758.02001953125
train,4496,16.468000860731912,167,ok,crepe,6,SW_Neo,5498.79833984375,15931.62109375,8387.98802939967,7393.45263671875
train,4497,13.082935425964944,154,ok,crepe,6,SW_Neo,5361.69921875,16866.931640625,8476.082152614703,7349.685546875
train,4498,18.557986622865698,208,ok,crepe,4,SW_Luna,7261.64599609375,17650.244140625,12479.455535632222,10876.017578125
train,4499,18.113136841328373,202,ok,crepe,4,SW_Luna,7789.923828125,17445.580078125,12517.528356091729,10765.205078125
train,4500,11.866163184308316,59,ok,crepe,7,SW_Nikita,9586.8056640625,16474.037109375,13948.373103487318,14841.125
train,4501,9.835747726442783,117,ok,crepe,4,SW_Luna,6034.27001953125,19425.501953125,12296.197448264551,10641.091796875
train,4502,22.920752819707065,178,ok,crepe,4,SW_Luna,6174.20947265625,17437.404296875,12281.166709750307,10884.1728515625
train,4503,11.34551717797493,119,ok,crepe,6,SW_Neo,5969.7734375,10637.0859375,8844.680608993187,9146.0537109375
train,4504,14.1870592532668,138,ok,crepe,4,SW_Luna,6463.25634765625,19209.01171875,12906.687683858989,11798.06396484375
train,4505,15.723308343302893,103,ok,crepe,7,SW_Nikita,7435.6982421875,17444.01171875,13420.766609909188,14675.439453125
train,4506,19.402987992422382,206,ok,crepe,6,SW_Neo,4950.27734375,19420.84765625,9939.61128566576,10047.35498046875
train,4507,14.360772197095804,121,ok,crepe,4,SW_Luna,7264.318359375,17646.125,12479.778209825501,10766.515625
train,4508,8.842237332552994,61,ok,crepe,2,NSW_1,6463.52294921875,19422.625,14026.174303028682,14667.724609375
train,4509,17.78560112002913,161,ok,crepe,4,SW_Luna,6464.06787109375,21488.1015625,12195.832957392153,10874.8740234375
train,4510,12.87121853636776,165,ok,crepe,3,SW_Dana,6780.0224609375,19901.818359375,12248.400062520668,11543.0
train,4511,12.955881673536101,153,ok,crepe,4,SW_Luna,7187.966796875,19208.36328125,12358.959632610453,10822.03076171875
train,4512,18.95398949901484,168,ok,crepe,4,SW_Luna,5969.177734375,17451.91796875,11952.776043379934,10766.447265625
train,4513,7.771884126293988,73,ok,crepe,4,SW_Luna,6317.70458984375,19674.009765625,13163.736284859573,14843.189453125
train,4514,14.794424079397642,79,ok,crepe,9,SW_Yosefa,6464.4482421875,17045.5625,8568.164523654514,7929.354736328125
train,4515,13.659794752573372,100,ok,crepe,2,NSW_1,5623.61328125,19426.189453125,11069.557219328704,10632.51220703125
train,4516,10.568973565667246,90,ok,crepe,4,SW_Luna,5830.8310546875,17043.40625,10079.784479424505,9823.375
train,4517,12.341555934613753,110,ok,crepe,4,SW_Luna,6034.21142578125,17644.5625,11965.107225762038,10573.89453125
train,4518,10.614770214759861,144,ok,crepe,5,SW_Nana,6247.79541015625,17444.6796875,9176.244472173998,8633.2158203125
train,4519,11.861556539724894,72,ok,crepe,4,SW_Luna,4367.3125,18720.7734375,10779.441159095293,10523.2236328125
train,4520,3.4480933638515454,42,ok,crepe,4,SW_Luna,4950.31494140625,19420.294921875,12856.570486111112,11001.740234375
train,4521,18.5682831331048,154,ok,crepe,6,SW_Neo,5063.45166015625,19423.8203125,8800.415919614641,8823.39599609375
train,4522,19.662221084722002,141,ok,crepe,6,SW_Neo,5692.60693359375,12807.337890625,8688.0694451184,8733.6826171875
train,4523,29.053506969908508,106,ok,crepe,6,SW_Neo,5240.5908203125,17038.73046875,9195.838041178386,9476.80029296875
train,4524,10.876631751753287,99,ok,crepe,4,SW_Luna,8729.2568359375,17649.38671875,13445.069759402655,11932.3388671875
train,4525,16.39889105740299,19,ok,crepe,4,SW_Luna,9585.9404296875,17441.08203125,16348.566455078126,16675.2861328125
train,4526,17.142352344116613,60,ok,crepe,7,SW_Nikita,10522.7822265625,18072.173828125,16661.454724298008,17456.2734375
train,4527,22.54895427268044,115,ok,crepe,4,SW_Luna,8252.7236328125,17643.6171875,12746.821437026516,10757.296875
train,4528,11.774000054812559,138,ok,crepe,4,SW_Luna,4122.63330078125,17652.892578125,14022.583660888671,15748.7314453125
train,4529,20.90649739941465,93,ok,crepe,2,NSW_1,8730.306640625,17648.42578125,10335.42249891493,10402.265625
train,4530,5.445515951953749,118,ok,crepe,4,SW_Luna,5904.7958984375,17858.615234375,12327.935627040579,10516.740234375
train,4531,22.21732498029813,150,ok,crepe,4,SW_Luna,3592.48486328125,17448.427734375,11592.357477883732,10285.591796875
train,4532,19.45195222952079,150,ok,crepe,6,SW_Neo,6033.78125,16477.59375,10685.696131089155,11070.78955078125
train,4533,3.793976212508979,94,ok,crepe,6,SW_Neo,5904.44091796875,19424.005859375,9759.742177831064,9475.0087890625
train,4534,4.387789891243069,71,ok,crepe,4,SW_Luna,8733.8076171875,18498.484375,14458.119417920525,16108.6181640625
train,4535,17.076429002598182,133,ok,crepe,4,SW_Luna,8734.5400390625,17646.67578125,14441.448210063734,15028.7060546875
train,4536,8.661655065025474,166,ok,crepe,4,SW_Luna,7704.91650390625,17441.955078125,12129.058388986896,10522.01318359375
train,4537,8.975007866657844,156,ok,crepe,4,SW_Luna,5498.4091796875,17857.10546875,12107.981260787608,10634.76904296875
train,4538,12.926526393722925,63,ok,crepe,2,NSW_1,5361.23828125,17643.12890625,10719.589141427654,10769.609375
train,4539,15.633676872389078,220,ok,crepe,7,SW_Nikita,7701.8583984375,16866.111328125,15045.876291708168,15926.4501953125
train,4540,17.33266046165688,116,ok,crepe,6,SW_Neo,7014.35595703125,14003.7607421875,9683.027622251157,10274.322265625
train,4541,-5.785096364469558,6,ok,crepe,7,SW_Nikita,6621.37939453125,10635.6064453125,8054.684631347656,7793.563232421875
train,4542,13.376601052450148,46,ok,crepe,6,SW_Neo,5426.81884765625,17045.41015625,9464.662189275568,9372.4013671875
train,4543,4.1496810156872606,26,ok,crepe,2,NSW_1,6100.87158203125,19423.18359375,13418.509142645475,14664.7470703125
train,4544,9.663693122402275,74,ok,crepe,4,SW_Luna,6539.41357421875,17252.552734375,10958.379329819278,10154.9716796875
train,4545,11.151093004715682,157,ok,crepe,3,SW_Dana,7437.60302734375,17648.37109375,12295.413796164772,11864.107421875
train,4546,10.246671169288216,96,ok,crepe,4,SW_Luna,6317.6396484375,19426.001953125,11036.027694554004,10279.6923828125
train,4547,13.398711769350742,105,ok,crepe,4,SW_Luna,6937.45849609375,17650.60546875,14422.620705526384,16290.4814453125
train,4548,10.050700760671791,145,ok,crepe,4,SW_Luna,5694.14453125,18285.744140625,12822.355496045226,11797.8408203125
train,4549,6.755616633988549,87,ok,crepe,4,SW_Luna,4460.90869140625,18733.765625,13390.951229014296,14412.32080078125
train,4550,21.31032857685598,121,ok,crepe,6,SW_Neo,5297.9267578125,11793.6025390625,9356.296337539343,9820.3115234375
train,4551,19.129080896532244,98,ok,crepe,8,SW_Shy,6396.85546875,18080.640625,9991.187722342354,10518.3544921875
train,4552,7.609524526409754,47,ok,crepe,2,NSW_1,9255.01953125,16676.166015625,10707.829852764424,10402.923828125
train,4553,17.422557731752896,105,ok,crepe,6,SW_Neo,5904.6298828125,19903.3046875,9692.356774902344,9693.66796875
train,4554,9.285563868787392,97,ok,crepe,4,SW_Luna,6540.48779296875,19423.205078125,13753.03409249442,14019.23046875
train,4555,6.442872895831338,156,ok,crepe,6,SW_Neo,5498.1787109375,17439.572265625,9680.533981064618,9824.0771484375
train,4556,15.89185128260336,131,ok,crepe,6,SW_Neo,5240.77099609375,20128.078125,9744.524077544342,9933.22021484375
train,4557,7.142903066693337,78,ok,crepe,0,NSW_3,5240.45361328125,16279.9990234375,9503.784486920646,9580.8720703125
train,4558,9.88553534470071,59,ok,crepe,2,NSW_1,5361.279296875,19671.251953125,12562.6714553833,11001.7568359375
train,4559,18.202803731579607,99,ok,crepe,2,NSW_1,4784.6982421875,19425.193359375,11195.046641662058,10400.0498046875
train,4560,11.18120405469032,27,ok,crepe,4,SW_Luna,5969.8623046875,11932.82421875,9942.061490885417,10401.90087890625
train,4561,19.211460663347047,132,ok,crepe,6,SW_Neo,4123.01220703125,17447.22265625,10317.954012484164,10641.9189453125
train,4562,12.757099762286977,88,ok,crepe,5,SW_Nana,6033.88232421875,19424.80859375,9874.589389993687,7792.0712890625
train,4563,9.519254426097069,115,ok,crepe,4,SW_Luna,5761.337890625,19674.66796875,10845.609462334858,10398.48828125
train,4564,8.15464205038825,121,ok,crepe,5,SW_Nana,6936.220703125,17645.794921875,11365.701964447464,10462.50390625
train,4565,12.676527367149426,117,ok,crepe,4,SW_Luna,7520.8701171875,17860.91796875,12688.677388205457,10999.83935546875
train,4566,9.836516342462158,202,ok,crepe,4,SW_Luna,6034.7099609375,18729.197265625,14216.628383400166,16287.041015625
train,4567,6.886364965709568,60,ok,crepe,2,NSW_1,7097.53466796875,17255.791015625,11390.040919448391,10768.6982421875
train,4568,8.254376901970495,146,ok,crepe,5,SW_Nana,5970.4052734375,16280.21875,8291.538670077645,7979.8876953125
train,4569,10.10715351014727,125,ok,crepe,4,SW_Luna,5692.900390625,17864.30078125,11144.212482561385,10279.8876953125
train,4570,18.17903359570005,105,ok,crepe,4,SW_Luna,8625.3603515625,17858.8203125,13373.919249487704,11601.15625
train,4571,4.672642217893481,48,ok,crepe,2,NSW_1,3891.0302734375,18496.61328125,12901.467335826947,10881.525390625
train,4572,11.88213843543523,98,ok,crepe,7,SW_Nikita,6033.7490234375,17437.15234375,14742.312574114118,16485.21484375
train,4573,14.912970434752166,163,ok,crepe,4,SW_Luna,6036.5654296875,17861.58984375,12110.703991565075,10876.326171875
train,4574,9.971692484692888,131,ok,crepe,6,SW_Neo,5829.78466796875,19670.966796875,10901.198267136177,10405.2265625
train,4575,14.358449782813254,130,ok,crepe,4,SW_Luna,6033.61767578125,20131.5,12258.03208933313,10635.6171875
train,4576,11.343805061034473,59,ok,crepe,7,SW_Nikita,8522.7783203125,17441.873046875,10639.822527985074,9931.0068359375
train,4577,9.17835245052602,122,ok,crepe,2,NSW_1,4783.896484375,19425.263671875,11570.316034405048,10643.44677734375
train,4578,6.866676413227729,63,ok,crepe,6,SW_Neo,7097.7958984375,17643.0,9803.266198199728,9364.4033203125
train,4579,14.402450929449097,230,ok,crepe,5,SW_Nana,4269.0068359375,17043.6796875,10704.15883587898,10523.357421875
train,4580,18.591508471589794,106,ok,crepe,4,SW_Luna,6936.29833984375,17451.61328125,12447.646976658556,10702.58544921875
train,4581,6.581325961423912,140,ok,crepe,6,SW_Neo,6099.99609375,17644.7265625,10513.426598243464,10049.2216796875
train,4582,10.793489637468625,125,ok,crepe,6,SW_Neo,5298.71826171875,19208.54296875,9988.11160212455,9931.953125
train,4583,10.779188677523592,181,ok,crepe,5,SW_Nana,7097.533203125,19897.890625,10701.119467726032,9820.0703125
train,4584,15.480649759362768,82,ok,crepe,7,SW_Nikita,6397.087890625,17445.310546875,11758.020341589096,13323.61181640625
train,4585,10.84622143823669,182,ok,crepe,6,SW_Neo,3277.78515625,17044.875,10584.39953125,10103.25341796875
train,4586,6.872795437595941,124,ok,crepe,9,SW_Yosefa,4784.34912109375,21006.0234375,9345.971173842176,9249.2548828125
train,4587,14.95924631473872,151,ok,crepe,4,SW_Luna,6174.6650390625,18965.96484375,11561.685661591679,10404.34423828125
train,4588,23.43805979911041,207,ok,crepe,4,SW_Luna,8158.5654296875,17450.24609375,12503.611212158203,10758.6943359375
train,4589,15.067288640205092,148,ok,crepe,6,SW_Neo,6395.1240234375,18730.6875,11043.301090102597,10048.95947265625
train,4590,16.09721189598139,76,ok,crepe,4,SW_Luna,9368.52734375,17441.0078125,12231.079836856617,10757.1328125
train,4591,14.511255620459934,131,ok,crepe,4,SW_Luna,5762.33935546875,17451.169921875,12962.195930989583,11472.86181640625
train,4592,3.537619192972725,108,ok,crepe,5,SW_Nana,6537.5830078125,17444.46875,9968.95070344258,8827.1904296875
train,4593,9.01511437707844,150,ok,crepe,6,SW_Neo,5904.51123046875,19425.546875,9622.696391396894,9586.2099609375
train,4594,19.088929018122208,127,ok,crepe,6,SW_Neo,6032.83203125,19424.01171875,9300.954424838363,9248.689453125
train,4595,14.554881571579907,89,ok,crepe,4,SW_Luna,6033.578125,16679.345703125,7746.376290802908,7352.79833984375
train,4596,13.762311482964781,117,ok,crepe,4,SW_Luna,7979.49462890625,17857.935546875,13152.345829716434,11668.0126953125
train,4597,7.617880752728161,124,ok,crepe,9,SW_Yosefa,3195.564453125,16864.1875,9438.904656110491,9249.16943359375
train,4598,10.250237399754319,57,ok,crepe,7,SW_Nikita,4620.6826171875,16481.7734375,10709.948532104492,9530.97705078125
train,4599,12.155841500146456,214,ok,crepe,6,SW_Neo,6034.52099609375,17859.294921875,10313.302134660269,9246.662109375
train,4600,15.251361789259443,167,ok,crepe,4,SW_Luna,5762.79248046875,17645.287109375,12037.753656859039,10630.57763671875
train,4601,12.369512986380805,114,ok,crepe,7,SW_Nikita,4727.18212890625,18076.5234375,12186.58368246064,12355.54296875
train,4602,11.653966795538274,190,ok,crepe,6,SW_Neo,5240.873046875,19897.791015625,9766.559464066117,9932.615234375
train,4603,9.735663601200919,93,ok,crepe,9,SW_Yosefa,6035.01171875,14843.5732421875,7687.109243164063,7347.743896484375
train,4604,16.774616166831443,93,ok,crepe,4,SW_Luna,6464.2626953125,17442.4609375,11314.340373489093,10520.765625
train,4605,2.888554493402909,55,ok,crepe,2,NSW_1,5903.98974609375,17444.294921875,10299.210834703947,10155.29296875
train,4606,18.393292576414094,139,ok,crepe,4,SW_Luna,8633.4951171875,19418.916015625,13044.445324783805,11280.021484375
train,4607,4.387255293226229,57,ok,crepe,7,SW_Nikita,6317.8916015625,19898.740234375,14191.253169952877,15031.3583984375
train,4608,11.253944009087258,169,ok,crepe,6,SW_Neo,5062.7724609375,18962.5234375,9325.082573216623,9368.1826171875
train,4609,9.733782183245621,146,ok,crepe,2,NSW_1,5763.9736328125,17862.853515625,13088.442610872005,11539.7802734375
train,4610,15.61174926177819,65,ok,crepe,9,SW_Yosefa,6464.10595703125,16682.134765625,10296.48007684005,9206.89111328125
train,4611,3.4830487119067084,97,ok,crepe,4,SW_Luna,5361.814453125,19899.28515625,10975.685556001752,10764.9794921875
train,4612,22.99539839808983,173,ok,crepe,6,SW_Neo,5424.109375,17651.623046875,10171.289277844551,9938.796875
train,4613,13.427613315221492,70,ok,crepe,7,SW_Nikita,6036.66748046875,17651.02734375,14276.686553210748,15480.576171875
train,4614,12.178969912119925,120,ok,crepe,4,SW_Luna,6033.958984375,18284.552734375,13662.162855949955,14662.875
train,4615,12.327652263116939,131,ok,crepe,6,SW_Neo,4783.5771484375,17442.287109375,9690.478459915059,9580.572265625
train,4616,5.052081328232255,75,ok,crepe,2,NSW_1,4783.7041015625,15197.83203125,10619.367175590702,10640.96533203125
train,4617,10.466469942236554,114,ok,crepe,4,SW_Luna,7262.0712890625,17864.677734375,12809.86158984375,11144.2490234375
train,4618,19.616322918047224,165,ok,crepe,5,SW_Nana,5692.39990234375,19673.333984375,11350.931600819464,9934.6220703125
train,4619,7.36499295107566,176,ok,crepe,9,SW_Yosefa,7190.8740234375,17859.978515625,11555.583669188161,10275.578125
train,4620,3.94017390043768,46,ok,crepe,4,SW_Luna,7097.4013671875,17645.146484375,11360.022341358419,9700.8095703125
train,4621,13.114365049467319,178,ok,crepe,6,SW_Neo,5360.85546875,10875.919921875,8268.342744993932,8631.00048828125
train,4622,15.813978935306856,62,ok,crepe,4,SW_Luna,8071.91650390625,17453.521484375,14267.330139160156,16481.65234375
train,4623,11.012247582392378,161,ok,crepe,3,SW_Dana,8822.6962890625,16280.90234375,10978.131602647569,10276.82568359375
train,4624,11.547966554771826,84,ok,crepe,6,SW_Neo,6176.591796875,18729.587890625,10324.460916037087,9581.9814453125
train,4625,21.390339992668327,120,ok,crepe,5,SW_Nana,5240.5390625,16103.2470703125,10510.334292204483,9308.8349609375
train,4626,11.11979596828779,162,ok,crepe,4,SW_Luna,7614.7978515625,19424.640625,13184.127132334608,12003.24609375
train,4627,12.486873878293988,84,ok,crepe,2,NSW_1,5904.60888671875,20785.40625,11370.74053565492,10767.5771484375
train,4628,18.09281257827745,134,ok,crepe,4,SW_Luna,3799.19921875,17451.43359375,12268.086829987582,10525.08203125
train,4629,9.945148808736029,37,ok,crepe,4,SW_Luna,7015.4140625,17448.255859375,12695.298270089286,12142.767578125
train,4630,9.042182557395389,50,ok,crepe,4,SW_Luna,7612.12109375,17861.17578125,12758.70380859375,11281.755859375
train,4631,11.442058902535193,101,ok,crepe,4,SW_Luna,4314.51123046875,17453.12890625,12006.252718538852,10876.58203125
train,4632,20.039893391058783,171,ok,crepe,4,SW_Luna,6317.89453125,17448.89453125,12313.843796619818,10765.96484375
train,4633,10.43801108784959,106,ok,crepe,6,SW_Neo,6317.9677734375,13264.1123046875,9252.34186951188,9471.939453125
train,4634,13.182737428742527,73,ok,crepe,7,SW_Nikita,4366.513671875,17643.640625,14118.000197637648,15660.58056640625
train,4635,18.591049308722056,129,ok,crepe,6,SW_Neo,5969.400390625,19897.193359375,9818.01439453125,9097.3330078125
train,4636,11.5166223709306,157,ok,crepe,6,SW_Neo,5623.7880859375,17659.2890625,9122.29542652322,9255.1630859375
train,4637,17.799398028623198,93,ok,crepe,6,SW_Neo,4726.912109375,15028.505859375,8656.552096896701,8433.670166015625
train,4638,1.4254786425309243,93,ok,crepe,4,SW_Luna,5762.47509765625,19674.1328125,12885.360559444616,13266.8408203125
train,4639,8.411819067039763,88,ok,crepe,4,SW_Luna,6175.5244140625,17250.173828125,9606.369022253788,9695.2548828125
train,4640,14.425412470265854,170,ok,crepe,4,SW_Luna,5692.58203125,18279.01171875,12976.877856697003,11673.25244140625
train,4641,7.909098079978577,94,ok,crepe,6,SW_Neo,7013.0859375,17440.349609375,9591.026873894458,9143.4306640625
train,4642,7.241734217050385,174,ok,crepe,6,SW_Neo,4837.85400390625,17647.830078125,10502.615751378677,10522.0556640625
train,4643,18.137710145352663,142,ok,crepe,4,SW_Luna,7522.65234375,19416.599609375,13046.20917010161,11673.8955078125
train,4644,11.006720549642196,194,ok,crepe,4,SW_Luna,5178.7119140625,19206.994140625,14099.869160331418,15942.71875
train,4645,5.863980338320804,146,ok,crepe,4,SW_Luna,5123.10498046875,17448.732421875,12598.363525390625,11073.74462890625
train,4646,12.27741542577901,177,ok,crepe,6,SW_Neo,5178.03759765625,19664.966796875,9865.20195363099,9473.0009765625
train,4647,21.824264744314323,123,ok,crepe,4,SW_Luna,8159.74853515625,17449.93359375,12579.101642148715,10766.064453125
train,4648,14.711116370238768,165,ok,crepe,4,SW_Luna,7790.4345703125,21006.66796875,12435.377506684492,11797.158203125
train,4649,10.520604324414988,167,ok,crepe,6,SW_Neo,5425.23388671875,17855.115234375,9477.373673546123,9587.6640625
train,4650,18.695005270574537,140,ok,crepe,6,SW_Neo,5904.05810546875,17653.08203125,9542.69675277614,9940.90234375
train,4651,10.164372265744909,126,ok,crepe,5,SW_Nana,7191.17724609375,18495.923828125,10645.354779010053,9697.392578125
train,4652,15.525495493786025,251,ok,crepe,4,SW_Luna,5428.0732421875,17863.927734375,13289.49090299706,11932.119140625
train,4653,10.482865639114573,48,ok,crepe,2,NSW_1,6463.732421875,17649.521484375,11485.325712316177,10520.962890625
train,4654,13.338594393945908,128,ok,crepe,7,SW_Nikita,7613.86181640625,18499.33984375,12778.654169788098,14670.03515625
train,4655,24.35637898408027,127,ok,crepe,6,SW_Neo,7015.94482421875,19677.75,9971.009762303358,10052.5400390625
train,4656,9.278361505119284,111,ok,crepe,6,SW_Neo,6707.06103515625,19894.26171875,10743.642804106405,9939.2080078125
train,4657,16.10405906921361,188,ok,crepe,3,SW_Dana,5622.19921875,18493.24609375,11355.87925599564,10755.8984375
train,4658,26.579274011937205,146,ok,crepe,6,SW_Neo,5498.4951171875,17440.4140625,9416.963719836354,9698.3544921875
train,4659,19.252936958052082,178,ok,crepe,3,SW_Dana,4783.0703125,18494.884765625,12211.944451520983,11678.583984375
train,4660,6.199507698440976,54,ok,crepe,4,SW_Luna,6540.73828125,20125.9375,11653.021396324282,10400.630859375
train,4661,14.723413765944674,191,ok,crepe,3,SW_Dana,3841.9892578125,19671.7734375,12903.27499556108,12951.767578125
train,4662,13.651682721580677,138,ok,crepe,4,SW_Luna,5498.51318359375,18080.591796875,11208.805743847019,10515.943359375
train,4663,16.03969079159281,109,ok,crepe,6,SW_Neo,6034.27783203125,17442.580078125,9305.06263950893,9815.3232421875
train,4664,14.709079041891949,96,ok,crepe,4,SW_Luna,6035.001953125,18493.21484375,12907.905544704861,10881.68505859375
train,4665,12.329015023941583,175,ok,crepe,4,SW_Luna,4314.2060546875,17442.5234375,11591.88774463384,10701.759765625
train,4666,20.31094462661582,134,ok,crepe,4,SW_Luna,7261.1708984375,18076.703125,13072.205413035857,10884.2119140625
train,4667,-119.35620233448893,78,ok,crepe,4,SW_Luna,5762.703125,20128.91796875,15440.671833819653,13114.259765625
train,4668,12.477369887679867,120,ok,crepe,7,SW_Nikita,7436.66455078125,17857.912109375,14562.04945897012,15745.234375
train,4669,24.91255383251984,114,ok,crepe,4,SW_Luna,8735.0947265625,17440.466796875,12364.523119377367,10698.70751953125
train,4670,2.4839743599895527,65,ok,crepe,9,SW_Yosefa,6174.9462890625,17644.056640625,10811.070427389706,10767.4384765625
train,4671,2.928834037105913,108,ok,crepe,7,SW_Nikita,4268.68701171875,17452.97265625,11871.88016304348,10642.654296875
train,4672,10.666530625844386,71,ok,crepe,7,SW_Nikita,5692.52197265625,19901.28515625,15268.140680626977,16287.689453125
train,4673,17.576215431643874,160,ok,crepe,9,SW_Yosefa,6464.8095703125,16102.607421875,10199.428737474524,9472.18701171875
train,4674,6.120232637381848,127,ok,crepe,6,SW_Neo,7015.4599609375,11280.080078125,8932.656051320044,9042.1728515625
train,4675,10.784023245077773,40,ok,crepe,4,SW_Luna,8157.8154296875,18277.869140625,13673.539147418478,15390.572265625
train,4676,19.023739118882283,114,ok,crepe,4,SW_Luna,5969.966796875,17446.78515625,12040.455806790866,10521.97412109375
train,4677,18.9519470249742,222,ok,crepe,4,SW_Luna,6780.259765625,19415.0078125,12654.974504059437,11528.904296875
train,4678,11.900699533299422,107,ok,crepe,7,SW_Nikita,5623.9814453125,17443.3359375,13980.019825012703,15035.029296875
train,4679,8.59010571145007,117,ok,crepe,2,NSW_1,5763.09130859375,19421.130859375,9369.926998362822,9247.81396484375
train,4680,25.500171534417913,175,ok,crepe,6,SW_Neo,4676.896484375,10875.35546875,8324.857491974783,7660.18115234375
train,4681,0.5842535906821836,129,ok,crepe,9,SW_Yosefa,3195.412109375,16859.451171875,10158.504220401539,9821.56201171875
train,4682,16.725895136090948,84,ok,crepe,7,SW_Nikita,6780.18115234375,17444.47265625,11858.06095723903,12574.7880859375
train,4683,6.904941981667151,67,ok,crepe,4,SW_Luna,5763.28076171875,19676.669921875,11889.550514914772,10639.185546875
train,4684,4.028820118108693,153,ok,crepe,4,SW_Luna,5971.5927734375,18495.275390625,11422.657418488077,10520.25390625
train,4685,19.2652981425101,98,ok,crepe,6,SW_Neo,5362.57421875,17254.142578125,9292.533065518466,9037.77783203125
train,4686,12.044531386227872,226,ok,crepe,5,SW_Nana,6034.2958984375,15202.59375,8769.037559657709,8346.130859375
train,4687,15.882514199637852,91,ok,crepe,7,SW_Nikita,6397.138671875,17441.1875,12592.412001389723,14494.5654296875
train,4688,11.136374940136289,57,ok,crepe,2,NSW_1,8248.169921875,17255.734375,11407.286591500946,9819.724609375
train,4689,8.947991864368475,42,ok,crepe,4,SW_Luna,6396.216796875,18965.16796875,11107.13034986413,10402.42333984375
train,4690,7.451045845097139,104,ok,crepe,2,NSW_1,4461.1484375,20135.0234375,13119.28516866393,14663.1005859375
train,4691,10.099002266412555,140,ok,crepe,5,SW_Nana,5557.947265625,18483.005859375,10047.421521309094,8822.1142578125
train,4692,8.40680147886969,111,ok,crepe,4,SW_Luna,7980.0380859375,19424.33984375,13202.490538550204,11932.48974609375
train,4693,11.205772816406295,116,ok,crepe,3,SW_Dana,6397.0029296875,20775.310546875,11256.102935561561,10759.8779296875
train,4694,16.602645470403598,131,ok,crepe,2,NSW_1,4677.0185546875,19425.875,11154.668780352618,10159.71484375
train,4695,14.676639819718162,169,ok,crepe,6,SW_Neo,5361.552734375,16103.0283203125,8561.901199260086,8729.296875
train,4696,11.992799459133607,88,ok,crepe,4,SW_Luna,6396.47265625,18077.52734375,11719.697575030941,10519.2734375
train,4697,10.702427628499237,108,ok,crepe,4,SW_Luna,6033.7109375,17863.57421875,13517.137604277013,12890.21875
train,4698,8.110032393023005,104,ok,crepe,9,SW_Yosefa,6936.2392578125,12072.83203125,8027.857375572467,7881.499755859375
train,4699,20.06432102844596,175,ok,crepe,4,SW_Luna,8344.80078125,17441.7578125,13150.760611007463,12066.9833984375
train,4700,19.866522895696942,36,ok,crepe,7,SW_Nikita,6938.03173828125,17041.47265625,13239.922162960736,15395.9287109375
train,4701,17.130903651818564,134,ok,crepe,4,SW_Luna,8157.9560546875,17647.888671875,13486.3683205629,15022.216796875
train,4702,28.446780366608255,97,ok,crepe,2,NSW_1,4219.08203125,16279.0576171875,7902.220044817243,7703.15966796875
train,4703,5.727058476376664,126,ok,crepe,8,SW_Shy,5624.45361328125,17440.28125,10520.816444614955,10520.52685546875
train,4704,16.423589716745106,187,ok,crepe,2,NSW_1,5428.68115234375,20771.787109375,12660.399270172857,12489.166015625
train,4705,19.317268196397453,101,ok,crepe,4,SW_Luna,7613.927734375,17641.111328125,13049.696272225216,11138.93896484375
train,4706,12.832475542606067,117,ok,crepe,4,SW_Luna,6854.62646484375,18492.71484375,13595.397565056295,11932.79541015625
train,4707,10.912570253506118,93,ok,crepe,8,SW_Shy,5830.341796875,17442.673828125,9338.757045852804,9694.3701171875
train,4708,23.01880048865133,118,ok,crepe,2,NSW_1,4073.33837890625,16478.041015625,9284.57481474035,9255.7900390625
train,4709,23.731308452829918,176,ok,crepe,6,SW_Neo,5008.4267578125,18079.12890625,10727.180969238281,10401.29248046875
train,4710,18.500028513912493,131,ok,crepe,4,SW_Luna,8157.50244140625,17860.96875,12698.917830617804,10640.67431640625
train,4711,20.804566339704436,115,ok,crepe,4,SW_Luna,5559.61376953125,20136.357421875,11691.728221921992,12488.1953125
train,4712,17.460614135361915,135,ok,crepe,6,SW_Neo,5762.853515625,10879.78515625,8530.552374424078,7523.203125
train,4713,20.606670537797797,123,ok,crepe,6,SW_Neo,5177.7265625,11007.1171875,8877.065876705547,9420.73583984375
train,4714,13.08451469308159,181,ok,crepe,5,SW_Nana,6176.45703125,17648.28515625,9029.72782076322,8480.013671875
train,4715,9.953673498410353,106,ok,crepe,6,SW_Neo,5762.27294921875,19896.62109375,10310.17120661501,10522.4638671875
train,4716,20.199068459632276,196,ok,crepe,6,SW_Neo,4676.87939453125,15930.009765625,8495.036570732904,7191.703125
train,4717,15.550155339368656,214,ok,crepe,6,SW_Neo,6705.70703125,20779.443359375,10328.884100517618,10050.8828125
train,4718,20.066335232563333,203,ok,crepe,4,SW_Luna,6461.86767578125,17041.7421875,11597.23597846597,10278.99755859375
train,4719,10.162056992752557,101,ok,crepe,2,NSW_1,6396.955078125,17864.0703125,11177.112664240058,10642.6533203125
train,4720,13.873616704222894,153,ok,crepe,4,SW_Luna,6099.5009765625,17644.7890625,12553.96955552613,10877.2900390625
train,4721,13.456747915644133,118,ok,crepe,5,SW_Nana,5903.87890625,16102.0068359375,10083.342846315298,8778.16455078125
train,4722,8.762297234017431,163,ok,crepe,4,SW_Luna,6315.16796875,17441.3828125,11702.29476081888,10406.9814453125
train,4723,9.951041446430386,95,ok,crepe,8,SW_Shy,5559.2646484375,16475.328125,9154.968646709736,8823.85107421875
train,4724,19.04631818766473,81,ok,crepe,7,SW_Nikita,6318.923828125,17040.306640625,10850.96455498152,10765.2490234375
train,4725,18.728287331008,176,ok,crepe,4,SW_Luna,6397.1640625,17241.88671875,12436.48359136814,11672.2314453125
train,4726,4.980934427449678,151,ok,crepe,3,SW_Dana,5828.51318359375,19898.3515625,11661.35792164522,10701.095703125
train,4727,14.014110822232421,46,ok,crepe,9,SW_Yosefa,5763.22705078125,19427.80859375,9686.344773512621,8829.25244140625
train,4728,18.870272557628542,130,ok,crepe,6,SW_Neo,4951.1708984375,21215.0,9651.209186422413,9472.857421875
train,4729,8.469515978144639,143,ok,crepe,4,SW_Luna,6034.38720703125,17241.630859375,12286.150576782227,10885.23828125
train,4730,6.74989288408441,127,ok,crepe,4,SW_Luna,5829.92578125,17858.580078125,12473.002761314656,10881.025390625
train,4731,5.615256688965271,73,ok,crepe,5,SW_Nana,5692.59326171875,17857.60546875,10852.354353539738,10521.671875
train,4732,14.654123242729558,118,ok,crepe,9,SW_Yosefa,4837.78369140625,16101.6875,9273.7406688017,9039.4091796875
train,4733,8.17041610233485,65,ok,crepe,4,SW_Luna,6707.06103515625,20553.01953125,12635.395862318064,11410.392578125
train,4734,24.568413324221257,129,ok,crepe,6,SW_Neo,5063.0048828125,17453.52734375,10740.070341796874,9822.33740234375
train,4735,4.221635239011453,124,ok,crepe,6,SW_Neo,5297.7392578125,17442.599609375,9964.176258680556,9926.255859375
train,4736,15.981499831132812,132,ok,crepe,5,SW_Nana,5241.04248046875,19207.9453125,10395.149853515624,8882.5361328125
train,4737,11.624060032785295,124,ok,crepe,6,SW_Neo,5361.896484375,17644.947265625,9800.313717215402,9689.6083984375
train,4738,2.2665648676345724,131,ok,crepe,6,SW_Neo,4218.978515625,11931.673828125,8784.441966145834,9044.595703125
train,4739,13.641358301037585,147,ok,crepe,6,SW_Neo,5123.9345703125,19210.30078125,9038.372231088033,9146.212890625
train,4740,18.460987615208456,161,ok,crepe,5,SW_Nana,5498.82568359375,20774.892578125,9880.787093538851,8936.302734375
train,4741,9.398901757940829,46,ok,crepe,4,SW_Luna,8935.2001953125,17859.546875,12159.761863425925,10879.36474609375
train,4742,21.788646107982686,98,ok,crepe,7,SW_Nikita,6940.14404296875,19676.63671875,11807.932223135966,13030.9599609375
train,4743,20.504458799771314,132,ok,crepe,2,NSW_1,5177.94189453125,20127.228515625,11112.990129059437,10517.78515625
train,4744,7.7822152194332626,186,ok,crepe,4,SW_Luna,5969.916015625,19898.279296875,12972.971822885367,11407.58740234375
train,4745,11.46242155336467,181,ok,crepe,2,NSW_1,6034.47705078125,19670.994140625,13251.744794132734,11795.0556640625
train,4746,17.386665242356333,174,ok,crepe,6,SW_Neo,5427.8798828125,10875.16796875,9366.870661621093,9816.07568359375
train,4747,11.395647732459548,79,ok,crepe,2,NSW_1,6174.330078125,17646.94921875,11367.576796664987,10643.55078125
train,4748,13.660348876400814,184,ok,crepe,4,SW_Luna,7265.29052734375,19673.4765625,13420.483451616647,12071.71728515625
train,4749,4.245099249126009,80,ok,crepe,4,SW_Luna,5498.92578125,18495.955078125,13054.220720158068,12144.09619140625
train,4750,12.228548071583422,42,ok,crepe,2,NSW_1,5124.0546875,11672.5791015625,9826.703822544643,10281.466796875
train,4751,13.712359411141621,94,ok,crepe,6,SW_Neo,7098.01171875,14496.833984375,9629.301887722191,10052.2412109375
train,4752,16.49507479833823,93,ok,crepe,2,NSW_1,5764.3466796875,17646.541015625,10183.305795522836,9589.41552734375
train,4753,10.994487110104496,36,ok,crepe,4,SW_Luna,7980.841796875,18490.75390625,14053.868865184295,16485.126953125
train,4754,8.246383762847017,157,ok,crepe,6,SW_Neo,5179.359375,17644.2890625,9037.971225080819,9037.8017578125
train,4755,11.09532252953094,84,ok,crepe,2,NSW_1,8938.986328125,12805.970703125,10705.006220278532,10760.390625
train,4756,1.5584685368335576,93,ok,crepe,2,NSW_1,4784.06640625,17255.380859375,11018.443255081918,11005.392578125
train,4757,10.02298514242165,109,ok,crepe,6,SW_Neo,5362.259765625,18289.001953125,9366.523229980468,9312.30419921875
train,4758,8.733502951380407,98,ok,crepe,4,SW_Luna,6178.533203125,18727.419921875,12209.519252232143,10522.0830078125
train,4759,16.623904674423688,36,ok,crepe,4,SW_Luna,4268.16796875,17449.56640625,13230.11346990412,15480.98046875
train,4760,11.363313977847637,86,ok,crepe,6,SW_Neo,5622.33837890625,18725.470703125,10582.217378656915,10521.853515625
train,4761,8.404466633641043,146,ok,crepe,4,SW_Luna,7525.400390625,17861.78515625,13011.346384932354,11531.2021484375
train,4762,25.11980550102549,117,ok,crepe,6,SW_Neo,4622.59033203125,10520.3759765625,7727.320153356482,7097.43408203125
train,4763,9.610619953532579,51,ok,crepe,4,SW_Luna,8633.892578125,19680.6953125,10359.694607204861,9696.93896484375
train,4764,10.273455689171225,105,ok,crepe,4,SW_Luna,6396.1005859375,17645.513671875,10603.641882324218,10047.65478515625
train,4765,12.653638949928297,61,ok,crepe,9,SW_Yosefa,6247.20458984375,10764.15234375,8583.283347546214,8633.2041015625
train,4766,18.654249009858948,149,ok,crepe,4,SW_Luna,4949.8623046875,19679.78515625,10839.440384000365,10404.1689453125
train,4767,12.812635942344128,206,ok,crepe,4,SW_Luna,4122.052734375,20132.10546875,12094.362441569692,10761.509765625
train,4768,13.585060396144037,123,ok,crepe,6,SW_Neo,6935.1591796875,10760.3798828125,8726.760547557911,9043.2705078125
train,4769,12.61587983517783,62,ok,crepe,7,SW_Nikita,8070.40087890625,17858.609375,15016.093990702024,16484.59375
train,4770,5.849419189121602,108,ok,crepe,6,SW_Neo,5558.2646484375,17646.564453125,9150.823800223214,9370.6572265625
train,4771,23.66756327805077,135,ok,crepe,7,SW_Nikita,4413.30224609375,16275.2001953125,10679.520154121594,11665.49755859375
train,4772,17.909828822117277,157,ok,crepe,4,SW_Luna,7612.8505859375,17257.45703125,14285.943180338541,14414.81982421875
train,4773,13.391898117385445,68,ok,crepe,2,NSW_1,5063.7880859375,19906.16015625,11468.852799056413,10402.9306640625
train,4774,13.215884900386065,70,ok,crepe,4,SW_Luna,7096.5810546875,17441.9296875,10808.580493164063,10277.626953125
train,4775,7.28550684650506,83,ok,crepe,7,SW_Nikita,7795.330078125,17042.462890625,13838.114708941916,15027.17822265625
train,4776,7.324138315994935,41,ok,crepe,7,SW_Nikita,7794.0830078125,19424.40234375,12850.998413085938,9931.30419921875
train,4777,14.285555119263801,43,ok,crepe,7,SW_Nikita,9038.3388671875,19678.693359375,16596.2240234375,17145.6865234375
train,4778,18.374930642096864,253,ok,crepe,6,SW_Neo,5623.80322265625,19207.86328125,9724.491545115803,9822.07373046875
train,4779,20.489012545493388,159,ok,crepe,4,SW_Luna,4314.466796875,17443.837890625,11814.385324829784,10523.4814453125
train,4780,18.508482242006206,119,ok,crepe,6,SW_Neo,5427.4453125,16865.2421875,9034.752346665113,9368.04833984375
train,4781,17.253143541169155,123,ok,crepe,3,SW_Dana,7265.84375,18726.76953125,12802.664211107336,12353.87548828125
train,4782,7.10277574523654,122,ok,crepe,4,SW_Luna,6034.2177734375,19907.244140625,12762.512322126116,11343.16162109375
train,4783,13.17358729783863,130,ok,crepe,4,SW_Luna,6035.6123046875,18290.234375,14118.11675095716,16472.76953125
train,4784,16.051256953103582,225,ok,crepe,6,SW_Neo,4726.4091796875,20780.3984375,10100.472654364745,9696.29296875
train,4785,11.830036304398973,87,ok,crepe,2,NSW_1,6317.9423828125,17447.453125,10914.418954886642,10877.8291015625
train,4786,12.136898493454291,99,ok,crepe,4,SW_Luna,5969.2783203125,18079.02734375,12597.169509747706,10761.091796875
train,4787,13.457228119053644,95,ok,crepe,2,NSW_1,6101.95703125,20560.935546875,11325.616281960227,10520.69384765625
train,4788,8.582927133730301,92,ok,crepe,0,NSW_3,3980.82421875,19205.392578125,9396.244533164829,7611.8935546875
train,4789,15.034250590253432,85,ok,crepe,7,SW_Nikita,9580.12109375,17866.21875,15079.310379182449,16285.375
train,4790,6.157314559680343,132,ok,crepe,4,SW_Luna,6463.77490234375,19897.068359375,14371.184912787543,16480.919921875
train,4791,18.55404531230195,94,ok,crepe,4,SW_Luna,6852.7890625,17251.41796875,10225.297073929398,9873.43603515625
train,4792,8.991711447126534,105,ok,crepe,4,SW_Luna,7265.41748046875,17859.87890625,9032.568684895834,8526.0888671875
train,4793,17.215053646491047,173,ok,crepe,4,SW_Luna,6176.13232421875,20335.931640625,12244.256796678706,10403.962890625
train,4794,12.208348953737275,70,ok,crepe,6,SW_Neo,7436.90478515625,10880.841796875,9053.715060077137,9369.056640625
train,4795,10.613576262518944,65,ok,crepe,6,SW_Neo,6781.7275390625,17441.740234375,8671.184656091638,8735.1494140625
train,4796,21.006246944687277,126,ok,crepe,6,SW_Neo,5363.654296875,10640.40234375,8485.27640040391,9040.05078125
train,4797,20.67542658287079,168,ok,crepe,4,SW_Luna,6248.037109375,17650.666015625,11968.314500946359,10516.5517578125
train,4798,10.706888855747662,135,ok,crepe,4,SW_Luna,6033.72509765625,17444.634765625,12348.876337890624,10766.28125
train,4799,11.276690245132437,138,ok,crepe,4,SW_Luna,6175.64208984375,17447.021484375,11668.108215725806,10285.5322265625
train,4800,6.024703778267437,83,ok,crepe,4,SW_Luna,8826.4033203125,17645.287109375,12530.024897093414,10879.37109375
train,4801,6.503097074781349,110,ok,crepe,9,SW_Yosefa,7976.2802734375,17442.587890625,9850.438651232216,9690.7861328125
train,4802,5.753853239991633,149,ok,crepe,9,SW_Yosefa,5762.5029296875,17648.576171875,10787.232486586972,10160.9384765625
train,4803,10.01937145261393,94,ok,crepe,6,SW_Neo,7098.08642578125,17254.8046875,9782.13608825091,9821.5341796875
train,4804,12.059339669006349,133,ok,crepe,6,SW_Neo,6034.921875,17645.712890625,9946.566702473958,9876.18310546875
train,4805,17.55447731598083,183,ok,crepe,6,SW_Neo,5558.7978515625,17247.814453125,8321.432409259121,7434.19677734375
train,4806,7.784910670163553,126,ok,crepe,6,SW_Neo,6033.94482421875,17042.13671875,9741.952771173008,9815.095703125
train,4807,15.372355649859081,79,ok,crepe,4,SW_Luna,8826.5107421875,17651.80078125,12947.937049278846,10757.978515625
train,4808,13.877890416449645,133,ok,crepe,9,SW_Yosefa,4784.5068359375,21001.90625,11284.668978083053,10633.884765625
train,4809,8.71845745529174,108,ok,crepe,6,SW_Neo,6034.5927734375,18084.203125,10023.781548618284,10154.521484375
train,4810,5.39640137867952,77,ok,crepe,4,SW_Luna,7191.0517578125,17442.369140625,11687.065769102515,10634.7255859375
train,4811,16.357044945954065,136,ok,crepe,4,SW_Luna,4028.140625,17436.55859375,12688.654489617598,10884.974609375
train,4812,15.203526436299411,100,ok,crepe,2,NSW_1,6034.728515625,19904.796875,11534.649056270206,10640.919921875
train,4813,11.16250055081906,78,ok,crepe,5,SW_Nana,4027.66064453125,17443.06640625,8683.724722513338,8779.41845703125
train,4814,23.453346735332335,122,ok,crepe,6,SW_Neo,7099.73388671875,11002.2607421875,9052.245344135123,9366.93701171875
train,4815,12.003752925716176,111,ok,crepe,4,SW_Luna,6620.2392578125,17446.49609375,11350.139870744411,10877.890625
train,4816,-115.33526125079712,114,ok,crepe,9,SW_Yosefa,5622.7841796875,17644.923828125,15366.445927510735,16479.00390625
train,4817,21.339402005393318,155,ok,crepe,6,SW_Neo,6034.732421875,19427.30078125,10120.389424986759,10057.5654296875
train,4818,12.926062613315377,204,ok,crepe,3,SW_Dana,7792.9169921875,17443.85546875,12459.898288532839,12421.7841796875
train,4819,17.909287248655865,148,ok,crepe,4,SW_Luna,7522.82421875,18079.248046875,11715.24719449964,10403.7587890625
train,4820,11.079359334525469,98,ok,crepe,9,SW_Yosefa,6033.37646484375,9694.9658203125,7491.6589997944075,7437.44873046875
train,4821,-1.0101211999731188,38,ok,crepe,5,SW_Nana,6539.65087890625,15746.76953125,8799.485770089286,8161.60498046875
train,4822,17.076828335937606,70,ok,crepe,6,SW_Neo,5969.79296875,17645.45703125,8657.103565071202,9043.380859375
train,4823,13.268162611865538,90,ok,crepe,4,SW_Luna,5763.2998046875,17243.88671875,10128.697327856924,9476.7177734375
train,4824,15.81282621162342,136,ok,crepe,6,SW_Neo,7015.61328125,17447.626953125,9063.342934097782,9249.998046875
train,4825,12.685462565987834,99,ok,crepe,4,SW_Luna,7100.62109375,17866.095703125,11704.492069789341,10822.98291015625
train,4826,14.774886770340483,194,ok,crepe,4,SW_Luna,6034.7177734375,18279.65234375,11882.251532118056,11140.740234375
train,4827,20.642576244519862,127,ok,crepe,6,SW_Neo,5427.794921875,11004.5888671875,8996.311233108108,9474.64013671875
train,4828,13.143774259324596,155,ok,crepe,7,SW_Nikita,3354.629150390625,19672.59765625,14149.72488049249,15560.4150390625
train,4829,20.966163003056838,67,ok,crepe,2,NSW_1,6318.52490234375,16481.4765625,10555.584536903783,10219.38916015625
train,4830,4.250377412159295,114,ok,crepe,2,NSW_1,5297.443359375,21004.30078125,11960.573364257812,11283.3046875
train,4831,6.32357578893455,123,ok,crepe,2,NSW_1,6778.9111328125,19423.455078125,11532.072475405093,10404.23046875
train,4832,7.368992541432547,88,ok,crepe,4,SW_Luna,7093.234375,17252.951171875,11090.560862531565,10281.5322265625
train,4833,11.523073025219512,73,ok,crepe,7,SW_Nikita,6855.64453125,17443.00390625,14095.559443933824,14493.298828125
train,4834,26.655283954578778,111,ok,crepe,6,SW_Neo,7099.8466796875,15030.12109375,9616.91675567627,9935.2578125
train,4835,13.877754073792893,93,ok,crepe,8,SW_Shy,4414.07958984375,14494.591796875,9135.910052264178,9529.326171875
train,4836,7.184899541217934,86,ok,crepe,6,SW_Neo,6935.2548828125,19900.640625,9973.637436523437,9993.28515625
train,4837,3.9724835474320495,114,ok,crepe,4,SW_Luna,6033.72509765625,18725.123046875,12859.44408247853,12073.203125
train,4838,13.980459972655229,136,ok,crepe,4,SW_Luna,4171.94873046875,17456.3359375,12760.096991816654,11537.59423828125
train,4839,18.362429992576153,148,ok,crepe,5,SW_Nana,5970.0517578125,19200.640625,11280.369397615132,10519.931640625
train,4840,15.870228396135037,152,ok,crepe,3,SW_Dana,5361.1923828125,19671.806640625,12348.772068619039,11931.8466796875
train,4841,7.510880097908373,62,ok,crepe,7,SW_Nikita,4892.814453125,17449.177734375,13303.066859654018,15379.1611328125
train,4842,14.1149130350495,140,ok,crepe,6,SW_Neo,5496.52880859375,17644.44140625,11282.617010225915,10878.142578125
train,4843,14.519860094942532,161,ok,crepe,5,SW_Nana,5426.98046875,21709.35546875,9928.858635907616,8526.263671875
train,4844,5.215470596614308,92,ok,crepe,6,SW_Neo,6463.6298828125,17438.26953125,9908.676435452064,10162.8017578125
train,4845,6.895056638525283,61,ok,crepe,7,SW_Nikita,7706.515625,17445.521484375,15215.98397612236,16469.5625
train,4846,11.25511057632026,138,ok,crepe,5,SW_Nana,5558.33984375,9817.552734375,8556.317971801758,8634.18408203125
train,4847,18.17941136334945,122,ok,crepe,9,SW_Yosefa,6620.919921875,18726.146484375,10085.641781637854,9477.462890625
train,4848,14.411507652880244,109,ok,crepe,6,SW_Neo,3083.96435546875,19903.98828125,11866.07570377066,11540.7421875
train,4849,17.88452892607111,127,ok,crepe,3,SW_Dana,7262.759765625,19894.78125,13656.922560671543,13549.296875
train,4850,12.597131587883997,182,ok,crepe,4,SW_Luna,7791.7529296875,17452.0390625,12197.13271722561,10518.6923828125
train,4851,10.757817480269324,132,ok,crepe,2,NSW_1,7351.544921875,19900.87109375,10611.55796455537,9927.6669921875
train,4852,18.11952111100109,90,ok,crepe,7,SW_Nikita,6935.7734375,17251.578125,12611.62590545358,14159.9912109375
train,4853,14.457593415610674,144,ok,crepe,6,SW_Neo,5427.0,10766.826171875,8687.031361105914,9045.025390625
train,4854,5.452230455471627,126,ok,crepe,4,SW_Luna,8431.5556640625,17649.20703125,12800.106857944542,10769.07666015625
train,4855,15.348775995339153,147,ok,crepe,4,SW_Luna,6397.75390625,18083.986328125,12009.967643421782,9699.9794921875
train,4856,16.229297376379364,136,ok,crepe,6,SW_Neo,5425.0830078125,14496.791015625,8629.989175907258,9039.529296875
train,4857,19.4080013768756,65,ok,crepe,2,NSW_1,8432.82421875,19677.248046875,12691.320968000857,10764.16796875
train,4858,10.342227347853758,117,ok,crepe,4,SW_Luna,3083.708984375,19424.6796875,11684.407421875,10999.962890625
train,4859,6.683798284042838,27,ok,crepe,4,SW_Luna,8734.0810546875,17252.05078125,12285.946484375,11408.45263671875
train,4860,18.587222195455656,186,ok,crepe,2,NSW_1,5063.5087890625,21217.9609375,10310.038255673364,9479.38134765625
train,4861,10.554042217369656,120,ok,crepe,6,SW_Neo,5763.109375,17861.224609375,10110.2159225109,9937.6171875
train,4862,16.96401527948065,113,ok,crepe,4,SW_Luna,8735.0947265625,17252.580078125,14022.582171815815,16022.2255859375
train,4863,14.44515934490444,135,ok,crepe,2,NSW_1,5762.5166015625,19900.98828125,11434.28886524731,10767.35546875
train,4864,6.042532148200069,142,ok,crepe,4,SW_Luna,6540.59130859375,18725.296875,14004.658389282227,14849.642578125
train,4865,7.232174235445607,51,ok,crepe,0,NSW_3,7264.67578125,18968.271484375,13620.581807799259,14663.5849609375
train,4866,7.047414754387243,132,ok,crepe,6,SW_Neo,4314.6328125,17441.52734375,9692.481564957574,9689.8671875
train,4867,7.4222349177804405,127,ok,crepe,5,SW_Nana,6625.1337890625,19673.107421875,9530.564214178856,9039.5400390625
train,4868,16.373894920077287,164,ok,crepe,6,SW_Neo,5762.2900390625,20134.201171875,10040.006183971058,9817.1064453125
train,4869,11.28733461270939,130,ok,crepe,7,SW_Nikita,6034.52099609375,20131.625,14801.302766498766,16481.806640625
train,4870,17.7523472786916,76,ok,crepe,2,NSW_1,7017.8515625,19422.478515625,11273.52813377809,10644.68359375
train,4871,14.544603028362,136,ok,crepe,6,SW_Neo,3354.063720703125,18290.150390625,9656.97291979253,9698.072265625
train,4872,19.272139258661095,138,ok,crepe,6,SW_Neo,5692.58203125,17444.91015625,9570.933424729566,9758.10302734375
train,4873,15.441576596011874,157,ok,crepe,6,SW_Neo,5969.6669921875,19674.0546875,8827.290344238281,8776.421875
train,4874,15.568514518452819,160,ok,crepe,4,SW_Luna,3012.32373046875,19665.623046875,13693.29155756353,15748.0283203125
train,4875,7.238634371542764,140,ok,crepe,4,SW_Luna,5903.732421875,17644.435546875,12919.357185509554,11794.61328125
train,4876,14.200787186632546,172,ok,crepe,5,SW_Nana,5498.900390625,19670.642578125,10216.904895571608,9822.23828125
train,4877,7.611389008840524,171,ok,crepe,5,SW_Nana,6462.2607421875,15931.203125,9176.174132055166,8934.3671875
train,4878,4.000938451934147,122,ok,crepe,9,SW_Yosefa,6461.66064453125,17441.9296875,9113.50605540032,8733.71484375
train,4879,9.654071322933696,78,ok,crepe,4,SW_Luna,8630.4375,17650.4609375,13031.771279978198,10822.298828125
train,4880,11.807714602110167,155,ok,crepe,4,SW_Luna,4314.53076171875,17443.39453125,12002.459935968573,10764.39697265625
train,4881,25.13935341028072,150,ok,crepe,6,SW_Neo,5829.8212890625,17857.33984375,9749.447245753088,9994.31591796875
train,4882,21.87855056597158,130,ok,crepe,9,SW_Yosefa,6465.81787109375,17251.794921875,8703.870872395833,8429.22021484375
train,4883,24.35739507620017,146,ok,crepe,5,SW_Nana,5426.9140625,16113.29296875,10043.145741840792,9043.888671875
train,4884,10.68000168726249,65,ok,crepe,4,SW_Luna,5762.314453125,17444.7265625,11950.864567937078,10765.48828125
train,4885,14.258284183251437,48,ok,crepe,4,SW_Luna,7437.3896484375,19420.6171875,11933.721511008524,11277.9677734375
train,4886,2.547197930129231,95,ok,crepe,4,SW_Luna,6463.115234375,19670.251953125,12059.118593019859,10407.4296875
train,4887,10.030485880826088,53,ok,crepe,9,SW_Yosefa,6033.783203125,19672.033203125,9793.31747000558,8246.38916015625
train,4888,26.444896378171123,256,ok,crepe,6,SW_Neo,7880.884765625,20780.294921875,10306.267513131932,10631.837890625
train,4889,13.654964273173906,72,ok,crepe,6,SW_Neo,4838.0029296875,16859.4453125,11106.519919521837,10758.25
train,4890,13.148131103646335,67,ok,crepe,7,SW_Nikita,5904.203125,19437.48046875,13646.249094109786,15200.88916015625
train,4891,25.277627024627634,107,ok,crepe,6,SW_Neo,6464.84375,17443.146484375,10213.089522298176,10157.31298828125
train,4892,17.18395017021615,142,ok,crepe,9,SW_Yosefa,4030.49365234375,17250.21875,8244.28305914463,8245.89208984375
train,4893,7.2132926293870545,143,ok,crepe,6,SW_Neo,5831.4267578125,19669.341796875,9899.149074119858,9930.50048828125
train,4894,6.053669908749696,64,ok,crepe,6,SW_Neo,8247.0712890625,20338.0,11086.408379448785,9927.03369140625
train,4895,12.359356673130645,163,ok,crepe,4,SW_Luna,7262.4072265625,17251.142578125,12553.210380222486,10880.4716796875
train,4896,3.8366992644582942,42,ok,crepe,4,SW_Luna,6463.416015625,16280.26171875,10055.212311500727,10159.9697265625
train,4897,17.698651548479173,163,ok,crepe,4,SW_Luna,6176.607421875,18286.72265625,12236.215723195788,10760.4970703125
train,4898,16.546751609627414,151,ok,crepe,6,SW_Neo,5062.1015625,18728.533203125,8889.886366733284,9145.31396484375
train,4899,27.627731092025986,213,ok,crepe,4,SW_Luna,6463.18115234375,17646.931640625,11872.547125095274,10161.72802734375
train,4900,14.981462023784289,120,ok,crepe,0,NSW_3,4122.29443359375,16480.31640625,6476.005689538043,6003.815673828125
train,4901,7.7018877967257,98,ok,crepe,6,SW_Neo,5622.85546875,20339.47265625,10357.200181749133,9934.20068359375
train,4902,13.312555869801743,79,ok,crepe,7,SW_Nikita,7883.92333984375,17454.265625,14816.94163446841,16192.40380859375
train,4903,21.082807003459646,135,ok,crepe,6,SW_Neo,5063.33935546875,18724.041015625,9170.16886921672,9420.88427734375
train,4904,12.075642902389836,96,ok,crepe,7,SW_Nikita,6540.5830078125,17647.0234375,13131.432070670871,15197.0029296875
train,4905,6.903286538543542,129,ok,crepe,6,SW_Neo,5904.0732421875,17040.611328125,9980.972291758362,9991.06201171875
train,4906,9.743885768125391,155,ok,crepe,5,SW_Nana,5622.89794921875,10879.724609375,8016.560982142857,7976.83642578125
train,4907,20.584343610107364,181,ok,crepe,6,SW_Neo,5498.7421875,10878.91796875,8095.775276147578,7186.451171875
train,4908,20.05126805492769,117,ok,crepe,6,SW_Neo,6396.4111328125,20130.92578125,9292.147299373852,9702.498046875
train,4909,19.484887431188053,152,ok,crepe,6,SW_Neo,5558.46875,19422.779296875,9507.706626263787,9421.54345703125
train,4910,18.56312209054758,147,ok,crepe,6,SW_Neo,5062.56640625,17247.125,10406.795886880547,10047.185546875
train,4911,10.30329866521832,115,ok,crepe,3,SW_Dana,7979.29638671875,17647.228515625,14400.673816499257,15409.52685546875
train,4912,14.678881595254296,146,ok,crepe,7,SW_Nikita,7016.61328125,19424.56640625,13904.319578616205,14849.392578125
train,4913,12.818377807049119,71,ok,crepe,7,SW_Nikita,7260.3603515625,18719.5859375,15599.720150131778,17265.203125
train,4914,11.830737106322712,94,ok,crepe,7,SW_Nikita,7794.837890625,17047.39453125,13805.945931893808,13924.1796875
train,4915,15.9218426952086,147,ok,crepe,6,SW_Neo,5177.87158203125,17444.451171875,8969.780842617418,9036.33203125
train,4916,11.101062141964524,111,ok,crepe,4,SW_Luna,5904.2685546875,20123.576171875,12428.309283800361,10881.8642578125
train,4917,6.055596024119742,96,ok,crepe,7,SW_Nikita,5178.90673828125,19419.95703125,10575.178047254247,8159.26171875
train,4918,19.214585075267035,145,ok,crepe,6,SW_Neo,5969.53076171875,18079.755859375,10325.611244759908,10162.1650390625
train,4919,12.334239700220417,86,ok,crepe,2,NSW_1,3277.6884765625,19894.525390625,9909.620415581598,8157.6865234375
train,4920,11.4240487364249,145,ok,crepe,4,SW_Luna,4676.28466796875,17447.056640625,13125.567945075758,12352.0029296875
train,4921,17.78743759636711,45,ok,crepe,4,SW_Luna,8162.1767578125,16672.390625,9940.616450095664,9694.947265625
train,4922,8.796069827569728,97,ok,crepe,4,SW_Luna,6318.13671875,17867.365234375,12596.317202919408,11001.2919921875
train,4923,10.304009268524975,197,ok,crepe,4,SW_Luna,6033.0029296875,21490.28125,13856.664120834486,16483.744140625
train,4924,11.534496360527825,146,ok,crepe,7,SW_Nikita,7523.033203125,17255.17578125,14859.0322992234,15931.19580078125
train,4925,4.788862161577682,110,ok,crepe,6,SW_Neo,5829.26513671875,19681.30078125,10217.292476498984,10159.9267578125
train,4926,9.965316682534505,131,ok,crepe,6,SW_Neo,5692.28076171875,15934.912109375,9600.85292903209,10050.2314453125
train,4927,8.473672595542915,97,ok,crepe,6,SW_Neo,5969.2978515625,19428.91015625,10135.864850725446,10109.837890625
train,4928,18.180548079020447,104,ok,crepe,2,NSW_1,5297.3212890625,21003.17578125,11197.918402777777,10280.0390625
train,4929,17.75912788817875,208,ok,crepe,4,SW_Luna,7980.41259765625,17043.658203125,11386.579050272452,10055.58447265625
train,4930,16.81481068910616,145,ok,crepe,4,SW_Luna,7702.953125,16285.1484375,12363.545629444237,11794.015625
train,4931,23.077697106348456,68,ok,crepe,4,SW_Luna,9589.740234375,17647.45703125,13075.962560876624,10636.6552734375
train,4932,19.639268295089376,127,ok,crepe,4,SW_Luna,8524.2490234375,18082.677734375,13197.106418918918,11537.7783203125
train,4933,16.67717354139176,112,ok,crepe,4,SW_Luna,6856.5185546875,18491.541015625,12229.568743290793,10642.0908203125
train,4934,25.225415186154336,165,ok,crepe,4,SW_Luna,6178.52734375,18491.6640625,11770.71478691303,10521.8828125
train,4935,18.48319837308576,85,ok,crepe,7,SW_Nikita,5500.390625,17641.384765625,13271.572398792614,15032.44140625
train,4936,9.646720648331309,204,ok,crepe,7,SW_Nikita,6396.14306640625,19677.099609375,15241.141424005682,16472.9765625
train,4937,13.3436313118945,150,ok,crepe,4,SW_Luna,5558.34716796875,17447.478515625,13014.302378748194,11399.6953125
train,4938,3.1463845852511527,21,ok,crepe,6,SW_Neo,7191.44921875,17251.201171875,10334.453346946022,8777.23681640625
train,4939,11.579911138060641,151,ok,crepe,6,SW_Neo,4949.57421875,17442.357421875,9995.657537030347,9372.1171875
train,4940,20.08228441686811,168,ok,crepe,4,SW_Luna,7614.62939453125,17864.134765625,12310.500119579081,10761.6455078125
train,4941,20.052135481251273,54,ok,crepe,7,SW_Nikita,14162.814453125,17440.9609375,16538.171750992064,17039.478515625
train,4942,16.63860061016959,132,ok,crepe,6,SW_Neo,5298.28564453125,10884.4580078125,8945.642272135417,9478.01025390625
train,4943,11.945490097985585,150,ok,crepe,3,SW_Dana,7978.76904296875,17253.97265625,12441.645245111476,12653.1240234375
train,4944,10.042341701460645,167,ok,crepe,8,SW_Shy,4171.69189453125,19421.0390625,11284.819826886953,10524.080078125
train,4945,17.411670322507714,175,ok,crepe,2,NSW_1,4413.66259765625,21488.576171875,12024.19546935719,10876.873046875
train,4946,8.062823566690351,112,ok,crepe,4,SW_Luna,3120.093017578125,19420.88671875,13039.620007124104,13189.4443359375
train,4947,6.866734294810774,227,ok,crepe,6,SW_Neo,4268.74755859375,21217.23828125,10877.920844845656,10104.72021484375
train,4948,9.31712935776739,69,ok,crepe,4,SW_Luna,7097.0,19423.576171875,10740.14501953125,10222.01416015625
train,4949,9.594353769968748,67,ok,crepe,4,SW_Luna,5970.1650390625,18077.4140625,11451.251319679053,10580.904296875
train,4950,12.770398048665834,153,ok,crepe,6,SW_Neo,6100.52294921875,17253.58984375,10435.350003974383,9693.20263671875
train,4951,20.34754170323953,174,ok,crepe,4,SW_Luna,7436.5537109375,17250.65234375,12139.594423491379,10523.8388671875
train,4952,10.213742081630869,151,ok,crepe,6,SW_Neo,5062.9208984375,17252.546875,8754.704331508903,9092.78857421875
train,4953,8.14114981510458,83,ok,crepe,6,SW_Neo,5904.5810546875,18728.52734375,8874.482302517361,9367.361328125
train,4954,19.301536785266677,129,ok,crepe,6,SW_Neo,5623.6787109375,10770.1318359375,8866.139948664484,9247.404296875
train,4955,14.322967169598943,104,ok,crepe,4,SW_Luna,7191.46240234375,17642.072265625,13037.137896369486,10999.2724609375
train,4956,15.087316390440535,82,ok,crepe,4,SW_Luna,8626.818359375,17648.60546875,12753.61688622008,11348.298828125
train,4957,16.094749739144383,141,ok,crepe,4,SW_Luna,6539.849609375,17452.634765625,12094.001818847657,10767.7607421875
train,4958,16.414891028275193,107,ok,crepe,6,SW_Neo,6622.20703125,17647.89453125,10851.149041848104,10403.8828125
train,4959,14.142062081072389,182,ok,crepe,6,SW_Neo,5970.2509765625,19901.44921875,10023.136069311884,10281.5576171875
train,4960,12.843158917884692,128,ok,crepe,6,SW_Neo,3354.035888671875,10773.2041015625,8416.06247826145,7265.3916015625
train,4961,11.600993522102456,100,ok,crepe,2,NSW_1,4725.6455078125,17450.98828125,11136.872924804688,10404.73388671875
train,4962,14.7476958519212,74,ok,crepe,9,SW_Yosefa,8429.84765625,17261.890625,12513.686135316506,10943.91455078125
train,4963,14.640965350736826,162,ok,crepe,4,SW_Luna,8245.986328125,19208.16015625,12983.587565104166,11273.63134765625
train,4964,22.054767963044426,208,ok,crepe,5,SW_Nana,5971.3818359375,17442.373046875,8869.780478922527,8528.58740234375
train,4965,9.213209045472967,84,ok,crepe,4,SW_Luna,5297.9912109375,17647.91796875,13851.961214360503,15937.0126953125
train,4966,16.252485745916466,138,ok,crepe,9,SW_Yosefa,6315.08251953125,9814.74609375,7919.537893676757,7790.13525390625
train,4967,13.054255022363222,135,ok,crepe,9,SW_Yosefa,5625.82958984375,19424.494140625,10098.941849557978,8935.98974609375
train,4968,5.471523156860583,154,ok,crepe,4,SW_Luna,6707.5,17447.529296875,12676.032525111606,10875.662109375
train,4969,6.512212393112016,169,ok,crepe,9,SW_Yosefa,3474.1748046875,17444.421875,8265.095093419312,7795.392578125
train,4970,10.144188544285939,74,ok,crepe,7,SW_Nikita,6177.23876953125,17043.517578125,13897.49343091388,15195.69482421875
train,4971,9.049621769322204,103,ok,crepe,4,SW_Luna,8345.59375,17647.28125,13027.873717730978,11006.1171875
train,4972,-0.020430379337112208,52,ok,crepe,7,SW_Nikita,7097.4033203125,17444.142578125,11834.085272427263,10640.986328125
train,4973,9.61344935414279,127,ok,crepe,6,SW_Neo,6176.94873046875,17443.26171875,9694.233249529034,10401.951171875
train,4974,21.444712316298656,115,ok,crepe,4,SW_Luna,8823.84765625,17440.748046875,13178.091629256063,11138.9921875
train,4975,5.179482971021656,95,ok,crepe,6,SW_Neo,5361.5380859375,17865.0078125,9821.04905311734,9874.24755859375
train,4976,23.486406380978227,218,ok,crepe,6,SW_Neo,7094.39208984375,18492.451171875,10296.701870253362,10276.7275390625
train,4977,15.490747622229952,164,ok,crepe,4,SW_Luna,5692.2021484375,18083.263671875,12716.2296875,10765.21044921875
train,4978,26.44290226108806,180,ok,crepe,4,SW_Luna,6392.57763671875,19429.0078125,12323.228487042683,10875.6298828125
train,4979,5.98378292020171,130,ok,crepe,4,SW_Luna,6709.9111328125,18728.015625,12304.094275580512,10633.8837890625
train,4980,14.810380004687392,108,ok,crepe,4,SW_Luna,6035.220703125,17455.55859375,12629.618060002562,10882.00439453125
train,4981,18.720906064476793,131,ok,crepe,5,SW_Nana,7098.1845703125,20336.98046875,9749.754014392827,9473.076171875
train,4982,9.25515175706354,55,ok,crepe,4,SW_Luna,6318.33251953125,17641.5078125,14517.968053598874,17038.2265625
train,4983,11.985892388096346,111,ok,crepe,4,SW_Luna,4268.421875,17861.5078125,14062.321619709646,15938.140625
train,4984,11.879964333620293,120,ok,crepe,5,SW_Nana,3934.0908203125,16280.578125,10659.10478023831,9928.5361328125
train,4985,15.360064005343652,151,ok,crepe,4,SW_Luna,8159.57080078125,19428.892578125,13699.887784878883,13112.7001953125
train,4986,12.340942860507074,180,ok,crepe,4,SW_Luna,9474.861328125,16481.494140625,12483.463624237806,12216.298828125
train,4987,16.337723850265967,180,ok,crepe,5,SW_Nana,5969.77978515625,11792.125,8156.442349466463,7707.41943359375
train,4988,3.8405156615167853,115,ok,crepe,9,SW_Yosefa,3634.793701171875,18079.91796875,8630.2471408844,8430.6494140625
train,4989,18.400839133437014,107,ok,crepe,3,SW_Dana,3891.014404296875,9935.380859375,6251.497638639857,6065.603515625
train,4990,11.48073443514238,165,ok,crepe,6,SW_Neo,5427.578125,18723.6328125,10122.977469308036,9817.396484375
train,4991,16.670427251242167,53,ok,crepe,2,NSW_1,8824.9326171875,12807.9052734375,10396.49451264881,9938.806640625
train,4992,9.397455138582258,27,ok,crepe,4,SW_Luna,5557.53515625,11931.8115234375,9574.041958512931,9816.91015625
train,4993,9.745270292421136,151,ok,crepe,6,SW_Neo,5426.9091796875,19207.697265625,9367.78904203312,9250.9423828125
train,4994,14.122490083790652,149,ok,crepe,4,SW_Luna,8160.3828125,17251.2734375,11856.195164016814,11401.8203125
train,4995,24.758254117618883,170,ok,crepe,6,SW_Neo,4268.298828125,10771.6455078125,7956.923596568943,7190.02392578125
train,4996,11.304235540182892,81,ok,crepe,4,SW_Luna,8826.4736328125,16282.9248046875,10379.503748739919,10400.9775390625
train,4997,12.297891030205381,134,ok,crepe,4,SW_Luna,5904.8994140625,17652.88671875,11765.946968697213,10767.74951171875
train,4998,11.404552742171024,108,ok,crepe,6,SW_Neo,5178.6025390625,21217.73046875,10437.606312144886,10166.2685546875
train,4999,9.550014133801918,95,ok,crepe,4,SW_Luna,6100.27099609375,17860.369140625,11857.977459247295,10344.09375
train,5000,7.344980071259178,94,ok,crepe,6,SW_Neo,6099.728515625,15564.515625,9196.728515625,9699.3544921875
train,5001,11.422356675989047,156,ok,crepe,4,SW_Luna,6464.95654296875,19420.6796875,12051.412475585938,10641.166015625
train,5002,27.317281522508985,167,ok,crepe,4,SW_Luna,7793.359375,17861.05859375,11896.827266732442,10337.1142578125
train,5003,18.276954877736948,121,ok,crepe,6,SW_Neo,5062.8798828125,12070.25390625,8859.81914893617,9255.6064453125
train,5004,9.522068855859368,118,ok,crepe,6,SW_Neo,4170.404296875,17646.435546875,8701.999988644622,8936.1181640625
train,5005,6.745703093928162,177,ok,crepe,4,SW_Luna,6176.4326171875,18495.068359375,12229.817068917411,10882.1748046875
train,5006,12.492701308652961,87,ok,crepe,7,SW_Nikita,7793.48095703125,19674.5546875,14479.246496456186,14671.365234375
train,5007,10.898153237529069,132,ok,crepe,9,SW_Yosefa,5623.625,17645.74609375,10920.470170762805,10399.9072265625
train,5008,4.832070576034097,90,ok,crepe,4,SW_Luna,6034.37548828125,17646.75,11727.580928841817,10519.2109375
train,5009,10.405980166099056,57,ok,crepe,6,SW_Neo,6396.0556640625,11284.9169921875,8822.856363932291,9144.74560546875
train,5010,12.011490614080632,189,ok,crepe,4,SW_Luna,3550.712890625,17859.14453125,10994.780887179904,10397.8583984375
train,5011,16.883090199475898,15,ok,crepe,7,SW_Nikita,4572.185546875,4892.6640625,4703.180236816406,4700.664306640625
train,5012,9.495725882050154,54,ok,crepe,7,SW_Nikita,3236.24462890625,17443.845703125,14659.520531826332,16478.302734375
train,5013,10.949288491830815,160,ok,crepe,9,SW_Yosefa,4173.0888671875,19665.12890625,10415.44926955383,9040.23046875
train,5014,19.10430787085659,104,ok,crepe,6,SW_Neo,6857.26171875,17250.060546875,9602.894113915598,8935.513671875
train,5015,23.54990056152832,91,ok,crepe,4,SW_Luna,6462.4169921875,17866.88671875,13012.080096726191,10768.4521484375
train,5016,12.227368365014904,77,ok,crepe,4,SW_Luna,7014.94091796875,17246.275390625,11062.14865579044,10634.10546875
train,5017,14.611245670620598,99,ok,crepe,6,SW_Neo,5904.81689453125,17041.521484375,9510.3307824599,9477.990234375
train,5018,19.393089598345213,99,ok,crepe,7,SW_Nikita,5240.677734375,17440.626953125,10460.020325237772,9935.2041015625
train,5019,10.932529532401212,194,ok,crepe,6,SW_Neo,5498.6318359375,17860.431640625,11018.969222674086,10519.041015625
train,5020,17.26214233277267,129,ok,crepe,4,SW_Luna,6034.6845703125,15032.4609375,11025.379407639472,10284.30078125
train,5021,8.842273558633075,85,ok,crepe,4,SW_Luna,7263.10107421875,17645.50390625,11258.303316156915,10461.4736328125
train,5022,13.122248508858922,81,ok,crepe,7,SW_Nikita,6247.9150390625,18275.603515625,12552.247701893682,14578.49658203125
train,5023,15.895906320243745,123,ok,crepe,9,SW_Yosefa,5971.32275390625,10517.4794921875,8219.176208069275,8248.185546875
train,5024,18.033775008368597,72,ok,crepe,6,SW_Neo,7100.705078125,16477.60546875,10313.757818528164,10517.6650390625
train,5025,13.964700890309494,169,ok,crepe,6,SW_Neo,4893.00048828125,18498.509765625,10182.900310536541,10279.662109375
train,5026,8.913909884888682,68,ok,crepe,7,SW_Nikita,5903.5,16865.94921875,14965.467838541666,15201.9052734375
train,5027,14.218381553028593,152,ok,crepe,4,SW_Luna,6463.5810546875,17646.84375,12204.632335379465,10635.96875
train,5028,14.009866155560909,119,ok,crepe,4,SW_Luna,7263.6220703125,17452.33984375,13791.510385777829,15206.458984375
train,5029,4.3743399857941325,77,ok,crepe,2,NSW_1,6033.224609375,16279.8154296875,10812.51251148897,10518.5537109375
train,5030,7.5751174829354,69,ok,crepe,2,NSW_1,7190.5859375,19424.26953125,11385.01278409091,10999.189453125
train,5031,16.920786421371766,82,ok,crepe,7,SW_Nikita,7979.9765625,18500.50390625,15310.945480510753,16472.986328125
train,5032,15.478636910267852,72,ok,crepe,7,SW_Nikita,7981.01318359375,17644.3984375,15111.558779761905,16678.2822265625
train,5033,21.138347952387186,181,ok,crepe,4,SW_Luna,7797.26318359375,17443.125,13030.115808686756,11666.86328125
train,5034,4.850169586393525,147,ok,crepe,4,SW_Luna,6033.7734375,19423.537109375,11085.73679593937,10405.7509765625
train,5035,13.163418288420116,154,ok,crepe,3,SW_Dana,8730.5263671875,16479.810546875,11947.235196200285,11671.82568359375
train,5036,19.108409613837477,237,ok,crepe,4,SW_Luna,5903.943359375,19671.982421875,12407.237105425666,10763.966796875
train,5037,12.716339698461368,152,ok,crepe,9,SW_Yosefa,5362.1103515625,17860.69921875,10623.344986408078,9694.802734375
train,5038,30.51556252002275,146,ok,crepe,6,SW_Neo,6100.15625,17443.826171875,10103.345989159578,10276.1533203125
train,5039,7.0855865923375285,76,ok,crepe,4,SW_Luna,5969.61181640625,17645.240234375,13183.054852029552,10941.5869140625
train,5040,10.669442604865718,162,ok,crepe,5,SW_Nana,5968.61328125,16107.8564453125,9405.286652260638,8778.90625
train,5041,14.544376335329774,70,ok,crepe,9,SW_Yosefa,6707.435546875,19674.66015625,13281.415381493507,12073.57421875
train,5042,20.322957641984143,137,ok,crepe,6,SW_Neo,4623.15234375,17043.595703125,9294.24244874602,9148.07421875
train,5043,22.850027931603666,126,ok,crepe,9,SW_Yosefa,5829.185546875,9039.8984375,7331.661965184564,7436.48974609375
train,5044,17.71448808756694,136,ok,crepe,4,SW_Luna,7260.4873046875,17650.95703125,12437.492184349798,10642.158203125
train,5045,13.865304464619925,144,ok,crepe,8,SW_Shy,5623.884765625,19209.03125,10328.446560668945,10460.955078125
train,5046,12.26618530483546,128,ok,crepe,4,SW_Luna,6033.6533203125,18081.818359375,13837.90585870612,14085.03271484375
train,5047,17.396518761879932,128,ok,crepe,4,SW_Luna,4314.52099609375,17443.890625,11635.960685055272,10523.244140625
train,5048,11.33661834986956,73,ok,crepe,6,SW_Neo,3315.6416015625,10640.93359375,8134.308855329241,8629.42919921875
train,5049,9.987732009920126,119,ok,crepe,4,SW_Luna,6318.79833984375,20339.568359375,13904.437244927705,16676.8896484375
train,5050,18.414873185770443,144,ok,crepe,4,SW_Luna,6706.3359375,19670.66796875,13201.288119298331,11139.09765625
train,5051,12.046398506403404,119,ok,crepe,4,SW_Luna,5692.66845703125,17445.5390625,11381.992070895523,10768.20654296875
train,5052,10.769625075180873,93,ok,crepe,4,SW_Luna,6397.2294921875,17647.046875,13237.868266601563,11674.08251953125
train,5053,13.202937064856549,82,ok,crepe,9,SW_Yosefa,6032.58056640625,19196.32421875,10450.723965487638,8635.1015625
train,5054,18.32040100091424,122,ok,crepe,4,SW_Luna,5123.9462890625,19424.306640625,13502.965260225184,16282.626953125
train,5055,8.351014214689464,90,ok,crepe,6,SW_Neo,5123.11328125,19899.859375,9931.435599532782,10108.3212890625
train,5056,18.44061442925974,116,ok,crepe,9,SW_Yosefa,6248.0537109375,19424.5078125,9922.230681208253,9474.5888671875
train,5057,13.933242016927691,116,ok,crepe,4,SW_Luna,8252.8984375,17643.58984375,12981.767813087406,10999.412109375
train,5058,12.504876582122211,156,ok,crepe,9,SW_Yosefa,5179.1845703125,12211.6884765625,7349.984346937859,7013.740966796875
train,5059,0.9012456876938056,63,ok,crepe,4,SW_Luna,6856.02294921875,17858.609375,13127.733451843262,13312.50634765625
train,5060,18.79785367683358,62,ok,crepe,9,SW_Yosefa,7192.14453125,16678.265625,9302.493989326584,8928.890625
train,5061,11.246877262686649,153,ok,crepe,4,SW_Luna,7883.97265625,18077.794921875,12251.25656340843,10404.78662109375
train,5062,26.55972540914187,166,ok,crepe,6,SW_Neo,5904.05810546875,19427.287109375,10821.882589360719,10638.89794921875
train,5063,14.211296888313687,51,ok,crepe,7,SW_Nikita,7794.99267578125,16281.3974609375,14478.640928071121,15748.69580078125
train,5064,17.52795571497558,134,ok,crepe,4,SW_Luna,7522.4169921875,19422.736328125,12647.508979992988,11145.1689453125
train,5065,20.684823600237586,115,ok,crepe,2,NSW_1,4314.40966796875,19670.408203125,10823.816920823318,10340.46484375
train,5066,6.188463044475256,129,ok,crepe,9,SW_Yosefa,6177.6494140625,16866.44140625,10283.71791294643,9688.140625
train,5067,21.510347947714486,161,ok,crepe,4,SW_Luna,7261.29833984375,20131.91015625,13218.607068201014,12806.9326171875
train,5068,12.481188956370545,98,ok,crepe,4,SW_Luna,5969.5224609375,18072.216796875,11416.043470721379,10402.412109375
train,5069,15.430345189704294,126,ok,crepe,6,SW_Neo,7014.9912109375,14330.9228515625,8902.51714299001,9043.9638671875
train,5070,11.864064466173176,187,ok,crepe,4,SW_Luna,7980.1796875,20998.3515625,12849.818877739928,10881.046875
train,5071,19.124494561226452,134,ok,crepe,6,SW_Neo,6035.01513671875,12075.150390625,9038.542370918469,9365.748046875
train,5072,21.18184076956878,132,ok,crepe,2,NSW_1,5428.0478515625,17441.8203125,10085.72859272204,10219.46337890625
train,5073,13.085939901011532,110,ok,crepe,6,SW_Neo,8348.8876953125,17253.818359375,10088.023452640504,10402.0400390625
train,5074,6.9733111524931655,176,ok,crepe,6,SW_Neo,5178.73291015625,15747.1953125,9381.404080951634,9694.3056640625
train,5075,21.522424845941895,166,ok,crepe,4,SW_Luna,7262.4521484375,20126.96875,12658.73151803524,11139.5859375
train,5076,4.497764705262868,111,ok,crepe,6,SW_Neo,4783.93310546875,17042.44140625,9102.323994298134,9421.0576171875
train,5077,21.169044973769,179,ok,crepe,4,SW_Luna,4622.68994140625,20339.0234375,13100.175098604368,14003.3330078125
train,5078,5.0979965049150335,76,ok,crepe,3,SW_Dana,6319.83203125,17043.212890625,10489.129076580668,9931.6875
train,5079,25.62775336637024,153,ok,crepe,6,SW_Neo,5297.9580078125,19668.04296875,9606.020785627694,9640.62939453125
train,5080,13.864845483210143,123,ok,crepe,1,NSW_2,4027.919921875,19673.1640625,10394.762137276786,9876.197265625
train,5081,13.687109025159332,123,ok,crepe,3,SW_Dana,7096.6953125,17262.46484375,12699.687564876529,12808.5947265625
train,5082,6.602111518336199,68,ok,crepe,4,SW_Luna,5969.201171875,18287.4296875,10433.658133370536,10105.06396484375
train,5083,22.574211677127536,177,ok,crepe,4,SW_Luna,6397.31396484375,17450.8671875,12439.805597043505,10882.095703125
train,5084,9.740671531041523,69,ok,crepe,5,SW_Nana,6856.46923828125,16486.0703125,12278.160550888271,11284.626953125
train,5085,15.359388442277684,137,ok,crepe,6,SW_Neo,4314.79638671875,19413.845703125,10086.517837915666,9818.63916015625
train,5086,20.059613185341775,114,ok,crepe,6,SW_Neo,4726.53857421875,15934.173828125,9243.34669459685,9470.4189453125
train,5087,18.697404533024226,130,ok,crepe,4,SW_Luna,8158.5380859375,16484.5078125,14024.90498240894,14845.7373046875
train,5088,20.04134618856797,90,ok,crepe,6,SW_Neo,4783.8349609375,16468.310546875,10878.435415039063,9994.2822265625
train,5089,7.543811858452401,111,ok,crepe,4,SW_Luna,5904.22412109375,19673.353515625,12893.48582015499,10764.35595703125
train,5090,2.3895694489927393,155,ok,crepe,4,SW_Luna,6460.3603515625,19417.3359375,12985.482413456357,11136.00537109375
train,5091,13.839838432286143,172,ok,crepe,4,SW_Luna,7983.59619140625,19419.4296875,12022.98020488084,10824.01904296875
train,5092,20.04141336414873,137,ok,crepe,4,SW_Luna,5970.10498046875,17450.544921875,11704.118778351814,10402.84765625
train,5093,10.731748792391526,119,ok,crepe,4,SW_Luna,5904.130859375,18287.1640625,14174.695506376378,16479.9384765625
train,5094,19.813978428813908,169,ok,crepe,5,SW_Nana,6318.10546875,18080.376953125,10725.64584429647,9696.447265625
train,5095,15.775164205334429,135,ok,crepe,4,SW_Luna,8343.33984375,17444.904296875,12643.61040229302,10765.64501953125
train,5096,9.44009049483157,99,ok,crepe,4,SW_Luna,6540.5673828125,17444.501953125,12200.599689275568,10760.349609375
train,5097,3.3293055361879755,20,ok,crepe,7,SW_Nikita,5557.3798828125,17652.80078125,13265.33800688244,16863.2578125
train,5098,0.4628566656651268,179,ok,crepe,4,SW_Luna,7192.5185546875,21216.669921875,14548.891297015947,16479.3583984375
train,5099,10.435342730626136,77,ok,crepe,7,SW_Nikita,6248.01025390625,17650.611328125,12787.155152738764,16106.083984375
train,5100,22.032545141445205,111,ok,crepe,4,SW_Luna,7522.53369140625,17262.08984375,12877.904652676842,10885.447265625
train,5101,18.95485377466158,132,ok,crepe,4,SW_Luna,4837.95654296875,17657.484375,11992.978215398016,10404.8681640625
train,5102,-3.100852638882291,86,ok,crepe,2,NSW_1,4366.52392578125,19423.83203125,13127.022356305804,11274.9111328125
train,5103,22.078238636096348,271,ok,crepe,6,SW_Neo,6100.791015625,12209.94921875,10152.02060171274,10398.16455078125
train,5104,18.85385529053011,127,ok,crepe,7,SW_Nikita,6397.29931640625,19672.15625,11423.815907935574,9198.9736328125
train,5105,9.840913744444318,56,ok,crepe,7,SW_Nikita,6935.06103515625,16676.484375,13896.050951408617,15403.58154296875
train,5106,10.653049811112929,175,ok,crepe,4,SW_Luna,7702.27783203125,17648.576171875,12684.786150430895,11006.18408203125
train,5107,18.46468931900777,195,ok,crepe,4,SW_Luna,3511.18896484375,17440.69140625,11015.522139756944,10282.359375
train,5108,21.127145852480123,122,ok,crepe,6,SW_Neo,5178.2021484375,16274.95703125,8998.29006044708,9370.353515625
train,5109,11.241810626655015,81,ok,crepe,6,SW_Neo,5499.341796875,16483.220703125,9083.392604097407,9089.08056640625
train,5110,18.67027100840984,173,ok,crepe,4,SW_Luna,7440.02197265625,17453.1015625,12437.65360739243,10644.701171875
train,5111,2.9686472610869985,132,ok,crepe,2,NSW_1,3551.12939453125,18497.0546875,12623.778928991866,13849.3701171875
train,5112,13.871501730787726,85,ok,crepe,6,SW_Neo,4366.69580078125,11002.5595703125,9732.032338867188,9756.8359375
train,5113,18.92621139385447,126,ok,crepe,6,SW_Neo,6395.35888671875,19417.953125,9997.061971028646,9694.466796875
train,5114,13.078732375980781,49,ok,crepe,6,SW_Neo,7191.60546875,17643.91015625,9302.358749657347,9148.802734375
train,5115,9.867301262847906,141,ok,crepe,6,SW_Neo,6099.4521484375,17447.400390625,9592.410948953511,8943.73876953125
train,5116,20.358195613554244,179,ok,crepe,4,SW_Luna,6465.75634765625,17447.40625,12460.807607660061,10996.6162109375
train,5117,18.5947944370057,205,ok,crepe,4,SW_Luna,5428.4951171875,18498.52734375,11917.78684208311,10632.93603515625
train,5118,10.302632926964606,107,ok,crepe,6,SW_Neo,6033.326171875,18076.53515625,10873.876585870727,10399.919921875
train,5119,10.460777009594988,128,ok,crepe,6,SW_Neo,6857.0126953125,11669.779296875,8975.377695862677,9367.7265625
train,5120,22.53453648419297,122,ok,crepe,6,SW_Neo,4950.1591796875,12073.2275390625,9037.04363018063,9581.796875
train,5121,12.530461325156686,113,ok,crepe,4,SW_Luna,3511.402587890625,16484.962890625,10761.99019562252,11405.23681640625
train,5122,18.017200844709794,147,ok,crepe,4,SW_Luna,5558.6103515625,19423.626953125,10762.332640130835,9246.85693359375
train,5123,7.789827155700486,48,ok,crepe,2,NSW_1,8627.6787109375,19901.4296875,11658.172975852272,11000.88671875
train,5124,11.916107747300074,128,ok,crepe,6,SW_Neo,4892.572265625,19669.517578125,10271.637182961047,9583.04833984375
train,5125,9.842431059038152,70,ok,crepe,6,SW_Neo,7263.4326171875,18079.73828125,11212.396881103516,10405.66748046875
train,5126,21.0388182081812,176,ok,crepe,6,SW_Neo,5008.07373046875,19426.978515625,9702.209941975121,8833.349609375
train,5127,14.767952341225833,135,ok,crepe,5,SW_Nana,5969.958984375,20553.025390625,11290.01025390625,9822.888671875
train,5128,14.686739666496852,171,ok,crepe,6,SW_Neo,6099.3740234375,11004.2724609375,8372.658761518429,7266.1669921875
train,5129,15.385544102171407,90,ok,crepe,7,SW_Nikita,7792.64892578125,16867.73828125,14060.056868173544,16105.5517578125
train,5130,19.09180923844595,81,ok,crepe,7,SW_Nikita,6174.14013671875,17444.9453125,15066.463410073138,16484.994140625
train,5131,8.274647345904846,131,ok,crepe,4,SW_Luna,4268.97021484375,16859.177734375,12165.386908083547,10159.369140625
train,5132,14.092862964952245,106,ok,crepe,4,SW_Luna,8160.4638671875,17440.03515625,12536.15476530742,10877.314453125
train,5133,7.954965569730122,203,ok,crepe,3,SW_Dana,5968.93505859375,17645.61328125,11408.774010120738,11344.31982421875
train,5134,15.046735717280892,117,ok,crepe,9,SW_Yosefa,8527.1005859375,20131.53125,12024.204725060095,11285.42529296875
train,5135,2.8906090315126143,132,ok,crepe,4,SW_Luna,6176.7265625,19900.548828125,12739.995763830237,10768.30712890625
train,5136,4.977287522488724,89,ok,crepe,6,SW_Neo,5970.3671875,18496.00390625,9345.239509351326,9587.96875
train,5137,18.06146419493579,131,ok,crepe,2,NSW_1,5499.0146484375,19891.677734375,10768.056859066612,10278.3095703125
train,5138,3.819735169975187,89,ok,crepe,2,NSW_1,4573.6982421875,15929.9453125,9033.713086944266,9037.8818359375
train,5139,14.789769594321795,163,ok,crepe,6,SW_Neo,5904.4970703125,17860.8515625,9554.01278981855,9690.64306640625
train,5140,13.122275850956985,188,ok,crepe,4,SW_Luna,7262.71435546875,19664.654296875,13174.902322922837,11283.0751953125
train,5141,13.487620650162825,171,ok,crepe,6,SW_Neo,6033.9482421875,17443.0546875,10341.024948730468,10463.240234375
train,5142,16.947675629615723,108,ok,crepe,7,SW_Nikita,5178.17822265625,20132.0859375,13178.279430042614,14490.9560546875
train,5143,8.42516167909067,113,ok,crepe,9,SW_Yosefa,7525.5322265625,17645.5546875,9983.50572265625,9368.626953125
train,5144,13.01925131921239,134,ok,crepe,4,SW_Luna,8728.294921875,17450.3671875,12888.967403237337,11135.5419921875
train,5145,11.136630012814173,106,ok,crepe,4,SW_Luna,7014.537109375,17443.87890625,11474.483950966283,10461.59814453125
train,5146,13.06316518796995,142,ok,crepe,5,SW_Nana,6246.11279296875,16673.474609375,10545.070510208972,9472.177734375
train,5147,14.950523301991543,149,ok,crepe,6,SW_Neo,5971.20849609375,10637.78515625,7815.734860442405,7097.8037109375
train,5148,12.212599100586647,67,ok,crepe,6,SW_Neo,6176.0732421875,16281.296875,10117.410068609775,10105.19287109375
train,5149,12.12265120689279,135,ok,crepe,6,SW_Neo,7095.64501953125,19671.630859375,9815.001028645833,9756.40283203125
train,5150,4.932721001781925,203,ok,crepe,8,SW_Shy,3842.68505859375,18728.955078125,8909.768101283482,8628.26220703125
train,5151,10.848482585794354,94,ok,crepe,8,SW_Shy,5760.3837890625,18969.123046875,10286.127971942607,10155.75341796875
train,5152,26.739331345956266,125,ok,crepe,4,SW_Luna,4268.14404296875,18081.984375,12754.077193139305,10766.60595703125
train,5153,16.67615400965236,182,ok,crepe,6,SW_Neo,5499.427734375,19426.478515625,8944.641901136021,9148.3583984375
train,5154,9.822056722039134,66,ok,crepe,4,SW_Luna,5427.96875,19673.28125,10495.368886451199,10162.18359375
train,5155,5.451179379266535,171,ok,crepe,5,SW_Nana,4268.666015625,19422.6953125,8100.28843943278,7437.959716796875
train,5156,13.994830195056647,167,ok,crepe,3,SW_Dana,6033.978515625,20128.4921875,11562.948780346942,11673.837890625
train,5157,11.460142265665493,201,ok,crepe,4,SW_Luna,6176.92626953125,19434.923828125,12077.437333638689,10760.044921875
train,5158,2.16452650468462,135,ok,crepe,6,SW_Neo,5297.3505859375,17643.8515625,9740.333910001034,9697.38671875
train,5159,21.10808061756224,60,ok,crepe,2,NSW_1,4838.2109375,17252.27734375,11117.073426177536,11283.6416015625
train,5160,18.758938021642603,123,ok,crepe,4,SW_Luna,5763.1259765625,17860.021484375,12280.652041647932,10885.78125
train,5161,23.399370379429083,170,ok,crepe,4,SW_Luna,7796.685546875,17455.396484375,11942.323555378,10759.51171875
train,5162,16.21164320267401,101,ok,crepe,7,SW_Nikita,6621.6728515625,17449.431640625,13504.42909990731,15214.1162109375
train,5163,9.47432940411997,175,ok,crepe,5,SW_Nana,6542.49609375,17652.6015625,10064.920309479703,8824.6708984375
train,5164,16.950499404163132,140,ok,crepe,9,SW_Yosefa,7526.107421875,19672.09765625,10096.731534933742,8879.81982421875
train,5165,16.33568793479098,118,ok,crepe,9,SW_Yosefa,5969.72607421875,17646.9140625,7919.442610677083,7610.794921875
train,5166,14.375080346271405,239,ok,crepe,6,SW_Neo,5240.69091796875,17439.46875,10354.828009686347,10055.4677734375
train,5167,12.59030470114243,57,ok,crepe,5,SW_Nana,8937.681640625,17044.77734375,13749.810066344246,13846.0205078125
train,5168,7.141728546696283,88,ok,crepe,6,SW_Neo,6249.03857421875,15748.4140625,9106.831319173178,9640.22216796875
train,5169,19.262882759773042,169,ok,crepe,9,SW_Yosefa,6541.9990234375,17862.07421875,10547.13809712728,10579.8271484375
train,5170,13.430553058149684,133,ok,crepe,6,SW_Neo,5970.138671875,17645.71875,9194.63519405242,9583.5458984375
train,5171,17.266505363373646,155,ok,crepe,6,SW_Neo,6100.42578125,11670.90625,9631.641382110252,10161.505859375
train,5172,13.053115380759689,127,ok,crepe,4,SW_Luna,6540.2861328125,18289.708984375,13251.59786025792,11409.765625
train,5173,5.6366531042269665,126,ok,crepe,4,SW_Luna,5693.3720703125,17449.3046875,12587.61894806338,10999.0947265625
train,5174,13.643118929141753,84,ok,crepe,7,SW_Nikita,3315.604248046875,17239.744140625,11277.398990712267,10521.6591796875
train,5175,5.22502172958961,86,ok,crepe,6,SW_Neo,4314.1591796875,20558.96875,10599.989418894975,9927.6767578125
train,5176,8.148756971508702,94,ok,crepe,6,SW_Neo,5427.09521484375,17441.8828125,9182.256720776828,9584.95703125
train,5177,11.27114170132211,84,ok,crepe,7,SW_Nikita,5693.34423828125,17858.95703125,10074.568480073736,8160.7578125
train,5178,23.48501866539023,54,ok,crepe,2,NSW_1,7349.28515625,18498.044921875,10847.849058089718,10523.6103515625
train,5179,15.416899466847308,134,ok,crepe,6,SW_Neo,5361.333984375,19426.990234375,10297.305751953125,9992.1103515625
train,5180,16.00797009779472,86,ok,crepe,7,SW_Nikita,6780.8134765625,17045.23046875,13865.157251993814,15118.59912109375
train,5181,21.745920877624776,123,ok,crepe,6,SW_Neo,5760.5361328125,19426.349609375,9427.304844569493,9481.7880859375
train,5182,11.993870658387156,81,ok,crepe,4,SW_Luna,8626.5263671875,17655.478515625,12652.510305851063,10522.0
train,5183,12.62859827195564,93,ok,crepe,5,SW_Nana,6464.666015625,19427.39453125,9339.325332789746,8819.9228515625
train,5184,14.0902067493865,122,ok,crepe,4,SW_Luna,5297.49755859375,17254.1953125,11375.165677584135,10643.818359375
train,5185,4.710011746598967,151,ok,crepe,7,SW_Nikita,6034.08203125,18081.7578125,11568.204367372411,10052.484375
train,5186,13.447748953630377,49,ok,crepe,4,SW_Luna,8633.83203125,10877.404296875,10109.169172014508,10280.7099609375
train,5187,8.749257596486432,92,ok,crepe,3,SW_Dana,7266.849609375,18963.03515625,11922.336304919554,12208.1689453125
train,5188,11.735703521309697,112,ok,crepe,4,SW_Luna,8732.4248046875,18955.06640625,13107.89742308624,11405.302734375
train,5189,-99.06935118745749,118,ok,crepe,6,SW_Neo,5829.16064453125,19424.37890625,10645.28274838979,10643.177734375
train,5190,20.54919214505789,159,ok,crepe,4,SW_Luna,7014.88525390625,16273.0419921875,10659.742686396059,9818.380859375
train,5191,12.334223151636149,113,ok,crepe,3,SW_Dana,6034.5009765625,17860.1015625,10084.853511839874,10048.015625
train,5192,19.890137280376806,192,ok,crepe,3,SW_Dana,4364.62841796875,19669.23828125,9713.145812988281,9421.2587890625
train,5193,12.532986012662628,104,ok,crepe,5,SW_Nana,6779.9306640625,15922.41796875,9557.875459558823,8940.6240234375
train,5194,5.895385655471267,134,ok,crepe,6,SW_Neo,6463.9248046875,19671.40234375,10504.533859556084,10162.8720703125
train,5195,10.741550430078451,124,ok,crepe,4,SW_Luna,8069.21435546875,17445.314453125,12322.61908175421,10763.345703125
train,5196,12.787923416737787,133,ok,crepe,4,SW_Luna,6174.77294921875,19424.591796875,12563.643861060049,11675.3076171875
train,5197,10.284635637579422,123,ok,crepe,4,SW_Luna,6318.46240234375,17647.22265625,11273.038994782162,10399.9423828125
train,5198,10.848366699003684,108,ok,crepe,4,SW_Luna,6540.9287109375,19424.525390625,13156.644417317708,11210.8369140625
train,5199,15.768857708805582,141,ok,crepe,6,SW_Neo,6705.7822265625,16866.35546875,9265.847091674805,9094.32275390625
train,5200,16.280311727039795,136,ok,crepe,8,SW_Shy,3315.390380859375,17445.453125,10069.901156827338,9822.310546875
train,5201,13.346933334797841,86,ok,crepe,6,SW_Neo,5904.033203125,17862.693359375,9776.866042926747,10278.25
train,5202,14.856368654431648,111,ok,crepe,2,NSW_1,5762.11669921875,19421.1484375,11296.73440234375,10517.3203125
train,5203,8.062891047335828,143,ok,crepe,6,SW_Neo,5692.4462890625,17441.92578125,8918.281614703898,9041.13623046875
train,5204,8.759854121968756,14,ok,crepe,7,SW_Nikita,12496.830078125,17251.48046875,14488.938659667969,14664.2802734375
train,5205,9.59932792959079,188,ok,crepe,6,SW_Neo,5692.12890625,19893.96484375,11202.487194354717,10524.111328125
train,5206,15.602747348057973,121,ok,crepe,6,SW_Neo,4314.626953125,17251.052734375,9452.1220703125,9816.73046875
train,5207,13.731305064501829,89,ok,crepe,4,SW_Luna,6396.548828125,17442.7265625,11504.13699311756,10640.236328125
train,5208,16.52655201483852,111,ok,crepe,4,SW_Luna,7192.5966796875,18961.607421875,13464.314407703489,12217.619140625
train,5209,12.292982212867381,88,ok,crepe,6,SW_Neo,5427.68017578125,19428.51953125,8826.662939453125,8239.570556640625
train,5210,7.295695296768077,79,ok,crepe,4,SW_Luna,6539.3828125,19422.61328125,13488.541547309027,12426.79736328125
train,5211,9.77084782944432,169,ok,crepe,6,SW_Neo,4366.6455078125,17860.935546875,9893.878898416611,9813.552734375
train,5212,13.364480572119323,109,ok,crepe,4,SW_Luna,6462.9677734375,17859.955078125,12858.862978043095,10998.44189453125
train,5213,8.695181547482118,175,ok,crepe,6,SW_Neo,6316.474609375,19673.390625,9905.098823242188,10282.3876953125
train,5214,14.61541956366183,95,ok,crepe,5,SW_Nana,5904.7822265625,21487.84375,10538.590765551986,10515.4013671875
train,5215,12.056991909721521,157,ok,crepe,3,SW_Dana,8155.4541015625,19425.322265625,10536.038704427083,9694.51171875
train,5216,11.93816122403052,111,ok,crepe,6,SW_Neo,7096.66748046875,17441.08203125,9945.5826140373,9874.87255859375
train,5217,6.555035936195662,101,ok,crepe,4,SW_Luna,4837.33935546875,20134.83203125,12552.99504076087,10631.2841796875
train,5218,12.609951679656522,185,ok,crepe,4,SW_Luna,6707.396484375,17443.6953125,12032.295183371594,11537.01953125
train,5219,15.597307550860647,108,ok,crepe,6,SW_Neo,6856.5,19423.83203125,10452.607998206968,9823.5859375
train,5220,12.095409843183697,129,ok,crepe,6,SW_Neo,3395.2958984375,17648.58984375,9366.776363772946,9937.2734375
train,5221,3.167067293028274,26,ok,crepe,7,SW_Nikita,13555.34375,18497.59375,15801.347386853447,16103.134765625
train,5222,5.134638592532302,151,ok,crepe,5,SW_Nana,6781.20361328125,12354.3798828125,9282.214928036645,9309.3583984375
train,5223,10.553192969668237,118,ok,crepe,3,SW_Dana,6318.1650390625,19421.32421875,11533.829193344689,10883.7451171875
train,5224,13.962906562036505,98,ok,crepe,4,SW_Luna,5763.0859375,17439.48828125,11421.64204663302,10398.857421875
train,5225,12.476687369077714,169,ok,crepe,4,SW_Luna,6856.283203125,17250.396484375,12031.96121939433,10766.404296875
train,5226,6.2615059479502015,101,ok,crepe,5,SW_Nana,4367.7060546875,17255.0546875,10914.376296164774,10519.1513671875
train,5227,-3.2371617920723557,120,ok,crepe,4,SW_Luna,6706.51806640625,19668.853515625,15991.853708751167,16673.021484375
train,5228,15.884664537964362,210,ok,crepe,3,SW_Dana,6177.412109375,20553.68359375,13195.128401827222,13265.6591796875
train,5229,6.430103718180778,59,ok,crepe,7,SW_Nikita,4727.154296875,19425.779296875,13049.315024038462,13843.7001953125
train,5230,18.977784897581856,91,ok,crepe,7,SW_Nikita,6462.82421875,17863.083984375,12420.594834547777,14155.72265625
train,5231,16.803758570998987,141,ok,crepe,4,SW_Luna,4219.2744140625,17440.6796875,11674.744259643554,10520.1357421875
train,5232,7.859912021575041,69,ok,crepe,4,SW_Luna,8432.7626953125,17646.32421875,12119.429765625,10405.94921875
train,5233,14.166703419481903,135,ok,crepe,4,SW_Luna,8068.91552734375,17439.19140625,13001.598836263021,11409.044921875
train,5234,13.0192652612386,108,ok,crepe,7,SW_Nikita,4172.6240234375,17859.1640625,12712.267443152947,14843.390625
train,5235,16.90072174863368,162,ok,crepe,6,SW_Neo,5499.162109375,18728.1875,8956.398227857508,9041.9072265625
train,5236,20.239487124149086,152,ok,crepe,6,SW_Neo,5178.15234375,19421.990234375,8922.445764300466,9146.54150390625
train,5237,20.02758681463507,216,ok,crepe,6,SW_Neo,6937.974609375,17443.798828125,10207.482025759287,10286.4765625
train,5238,12.564813411224785,159,ok,crepe,4,SW_Luna,5903.45166015625,17860.333984375,12511.848483223446,11669.9560546875
train,5239,16.875898746995187,114,ok,crepe,6,SW_Neo,5498.6787109375,19425.392578125,9843.889314152644,10052.5390625
train,5240,15.524184383603236,185,ok,crepe,4,SW_Luna,5693.0595703125,18078.9609375,11596.186848958334,10768.40625
train,5241,14.766074650985502,150,ok,crepe,6,SW_Neo,5426.982421875,10996.833984375,8415.371113621912,8778.68701171875
train,5242,20.91663513951083,142,ok,crepe,4,SW_Luna,7097.51220703125,19428.771484375,13036.614345220873,11142.8388671875
train,5243,25.939357671125038,142,ok,crepe,6,SW_Neo,4027.818603515625,17442.091796875,9354.402474862558,9475.81640625
train,5244,16.798477827553878,118,ok,crepe,6,SW_Neo,8347.48828125,19417.6953125,11383.45302142519,10762.3359375
train,5245,19.294227203323466,115,ok,crepe,2,NSW_1,4072.754150390625,19425.4453125,11706.44399267211,11007.3349609375
train,5246,16.41233057616148,87,ok,crepe,9,SW_Yosefa,6033.6533203125,16103.974609375,7565.432308274872,7266.681396484375
train,5247,13.47142602023017,152,ok,crepe,4,SW_Luna,6317.59765625,17652.607421875,12019.301266708815,10635.2978515625
train,5248,13.128381707566163,19,ok,crepe,7,SW_Nikita,9370.4599609375,17264.240234375,16281.243376358696,17252.619140625
train,5249,13.989110354539108,96,ok,crepe,4,SW_Luna,7983.08154296875,17649.958984375,11864.54385209517,10520.9970703125
train,5250,5.148249544251884,142,ok,crepe,3,SW_Dana,3157.974609375,21489.96875,12188.671108148037,11605.3544921875
train,5251,10.250831229113924,160,ok,crepe,4,SW_Luna,4172.06005859375,17251.251953125,11278.018268732734,10404.3671875
train,5252,1.5296121334237545,91,ok,crepe,6,SW_Neo,6623.333984375,20556.66796875,9563.553213355655,9695.2421875
train,5253,9.242662263587327,76,ok,crepe,4,SW_Luna,9039.791015625,17645.91015625,12522.784060594513,10759.3984375
train,5254,6.642992689812848,175,ok,crepe,9,SW_Yosefa,6177.0712890625,16668.482421875,10540.77449627312,9929.81494140625
train,5255,13.691238784139074,121,ok,crepe,4,SW_Luna,7611.083984375,17641.892578125,12152.622128182871,10879.7314453125
train,5256,18.35066292263886,206,ok,crepe,6,SW_Neo,5903.935546875,17040.228515625,9556.191770915744,9476.6123046875
train,5257,11.543481851617656,105,ok,crepe,7,SW_Nikita,5123.4482421875,16679.009765625,12035.942858987602,14000.888671875
train,5258,12.060888590034747,171,ok,crepe,2,NSW_1,4413.96875,20775.4609375,12628.21975396604,12072.380859375
train,5259,3.6473351114505714,85,ok,crepe,7,SW_Nikita,6540.1611328125,19672.984375,10891.32591181216,8431.23046875
train,5260,13.511745258435482,152,ok,crepe,4,SW_Luna,7264.64892578125,18071.564453125,12608.90996204723,11732.12060546875
train,5261,13.935540437890717,158,ok,crepe,7,SW_Nikita,5178.4267578125,17651.697265625,12268.08065712517,14494.6875
train,5262,14.549419879614632,128,ok,crepe,6,SW_Neo,5558.2626953125,20779.74609375,9508.540207212334,9589.185546875
train,5263,9.872107106908963,98,ok,crepe,5,SW_Nana,5762.4443359375,17850.97265625,11336.992604106938,10051.533203125
train,5264,21.056912246532008,121,ok,crepe,4,SW_Luna,5969.123046875,19423.5625,12915.443508283466,10768.3671875
train,5265,17.40424541978076,137,ok,crepe,4,SW_Luna,6856.654296875,17858.35546875,12530.75707389735,11608.0986328125
train,5266,9.27218923250123,75,ok,crepe,2,NSW_1,5968.93115234375,17444.841796875,9531.853358677456,9477.67529296875
train,5267,24.989677228248222,157,ok,crepe,3,SW_Dana,5500.2177734375,17646.5859375,11496.853600187675,11675.279296875
train,5268,17.70395809474929,61,ok,crepe,5,SW_Nana,9473.974609375,17035.51953125,13101.277176339287,12423.43798828125
train,5269,-98.71160467141287,70,ok,crepe,2,NSW_1,6247.34912109375,17443.46875,10401.093664220862,10281.46826171875
train,5270,10.906702159105262,119,ok,crepe,5,SW_Nana,7015.3046875,17650.71875,11117.895595265858,9822.88330078125
train,5271,15.408263486347353,78,ok,crepe,7,SW_Nikita,7096.26416015625,17250.294921875,14378.741943359375,15748.693359375
train,5272,11.65194610893013,147,ok,crepe,6,SW_Neo,6318.11328125,18715.470703125,9273.435845588236,9249.46728515625
train,5273,20.38031297062537,122,ok,crepe,9,SW_Yosefa,5427.96875,19673.2421875,8114.879995773088,7524.22998046875
train,5274,20.173189859453405,119,ok,crepe,9,SW_Yosefa,2752.27685546875,11286.349609375,9128.926638376799,9816.228515625
train,5275,17.046217725178078,140,ok,crepe,7,SW_Nikita,7099.21923828125,17253.220703125,15415.60488341906,16279.5791015625
train,5276,27.073986665727322,138,ok,crepe,6,SW_Neo,5063.14208984375,12495.5166015625,8666.050540161134,8941.98876953125
train,5277,16.847693880054088,173,ok,crepe,4,SW_Luna,6461.51953125,17442.93359375,12367.58047071294,11007.4599609375
train,5278,8.67425390176593,161,ok,crepe,4,SW_Luna,5904.46240234375,19427.177734375,12253.796200438042,10522.6875
train,5279,19.360924177254404,124,ok,crepe,4,SW_Luna,8821.74609375,17653.728515625,12967.669117242518,10631.2177734375
train,5280,9.261543602973063,149,ok,crepe,3,SW_Dana,8635.8671875,17648.4296875,11881.115464154413,11533.1904296875
train,5281,27.308830572411384,72,ok,crepe,2,NSW_1,8828.203125,17255.267578125,10570.765927269345,10050.0751953125
train,5282,28.023687807459815,159,ok,crepe,6,SW_Neo,5969.380859375,11407.0029296875,9519.225933572521,9757.5
train,5283,3.2360030057974845,80,ok,crepe,3,SW_Dana,7099.2177734375,17644.685546875,12184.914672851562,11538.3046875
train,5284,10.152725648825927,36,ok,crepe,4,SW_Luna,8929.478515625,10637.9013671875,9777.490071614584,9700.01611328125
train,5285,9.307579790511506,102,ok,crepe,4,SW_Luna,5762.7451171875,17647.41015625,12813.441201756143,10634.3896484375
train,5286,16.495176457721193,189,ok,crepe,6,SW_Neo,6706.3115234375,11407.9150390625,9602.666401230286,9818.986328125
train,5287,16.523777650787643,108,ok,crepe,4,SW_Luna,8820.3017578125,18079.80859375,12896.859375,11001.810546875
train,5288,27.432892629985023,194,ok,crepe,4,SW_Luna,7610.72705078125,17645.607421875,12018.106766493056,10516.7568359375
train,5289,10.794050920858647,69,ok,crepe,2,NSW_1,5904.35302734375,17645.322265625,10270.527700570914,9928.90380859375
train,5290,13.879795299834868,61,ok,crepe,7,SW_Nikita,7702.14111328125,17042.59375,13816.896735491071,14324.6455078125
train,5291,15.076752377879046,87,ok,crepe,4,SW_Luna,5240.46923828125,17862.244140625,12536.715045967487,10759.822265625
train,5292,14.862124059512603,102,ok,crepe,4,SW_Luna,7883.8134765625,17652.986328125,12134.99136247306,10516.80908203125
train,5293,10.227280666620569,133,ok,crepe,6,SW_Neo,5297.595703125,21488.134765625,9867.296434589462,9822.5498046875
train,5294,12.780801639878865,113,ok,crepe,5,SW_Nana,4218.1435546875,21006.072265625,11394.010265350342,10878.7158203125
train,5295,10.658396528675379,64,ok,crepe,7,SW_Nikita,8527.1982421875,17258.306640625,15017.382893880209,16012.8037109375
train,5296,23.605816450802934,147,ok,crepe,6,SW_Neo,4314.76171875,10770.986328125,8655.048963120404,8735.06298828125
train,5297,13.490263580843681,84,ok,crepe,5,SW_Nana,6461.517578125,19900.626953125,12237.54240337171,11407.52734375
train,5298,14.759882014109193,66,ok,crepe,3,SW_Dana,8940.552734375,17251.71484375,11490.776541095891,10763.431640625
train,5299,20.224509803169983,162,ok,crepe,9,SW_Yosefa,5904.09130859375,9935.3642578125,7606.185155205548,7437.279296875
train,5300,1.7994174965845466,146,ok,crepe,9,SW_Yosefa,3473.695068359375,19900.634765625,12338.209299346547,11672.6259765625
train,5301,22.13012519716273,185,ok,crepe,4,SW_Luna,7700.95947265625,17651.80078125,11939.843966760369,10522.18115234375
train,5302,18.713242736547425,143,ok,crepe,6,SW_Neo,5123.96484375,10641.587890625,8495.451978600544,8634.1884765625
train,5303,2.0641040668539223,80,ok,crepe,6,SW_Neo,7098.083984375,19419.44921875,11219.355908203124,10765.654296875
train,5304,11.309982852657996,86,ok,crepe,4,SW_Luna,8162.408203125,17252.580078125,11105.024640213816,9928.341796875
train,5305,18.368304095048117,145,ok,crepe,6,SW_Neo,5240.82763671875,12806.0205078125,9297.39825218844,9584.48193359375
train,5306,16.87233517609004,148,ok,crepe,4,SW_Luna,6464.3369140625,17647.568359375,12096.272401751894,10766.4453125
train,5307,13.23787462680877,147,ok,crepe,8,SW_Shy,3395.26806640625,16477.2890625,8575.327808357008,8734.13671875
train,5308,22.406582768893834,165,ok,crepe,6,SW_Neo,5362.5166015625,18729.265625,10585.172141335228,9938.001953125
train,5309,4.013780756481417,160,ok,crepe,9,SW_Yosefa,5499.13818359375,19207.671875,10657.647447144245,9587.771484375
train,5310,9.876057946596017,58,ok,crepe,6,SW_Neo,6620.76416015625,17644.953125,10281.721780443948,10057.2724609375
train,5311,6.514852539020756,124,ok,crepe,6,SW_Neo,5499.2890625,17445.001953125,8544.76435840578,7351.0751953125
train,5312,25.62027792171653,158,ok,crepe,4,SW_Luna,4366.09375,18968.515625,10842.905174171532,10342.91357421875
train,5313,23.730332182165746,136,ok,crepe,4,SW_Luna,8428.25390625,17643.349609375,13488.093972507912,11472.06298828125
train,5314,18.111651963927688,165,ok,crepe,5,SW_Nana,6318.50830078125,17251.537109375,10398.704050164473,9587.8486328125
train,5315,14.048337159732176,129,ok,crepe,4,SW_Luna,6462.57275390625,19426.5546875,12184.424565668707,10643.2626953125
train,5316,10.050583872428705,104,ok,crepe,4,SW_Luna,7703.09814453125,17444.138671875,9525.365863347457,9420.41552734375
train,5317,14.798960514144667,100,ok,crepe,4,SW_Luna,6462.71728515625,19672.716796875,12543.69216726492,10643.392578125
train,5318,21.838721328087477,108,ok,crepe,4,SW_Luna,8631.666015625,17451.2265625,13377.770205543155,11601.30029296875
train,5319,15.781437232354104,201,ok,crepe,6,SW_Neo,5361.5947265625,19425.546875,10502.366228533221,9817.29541015625
train,5320,14.068727396281101,85,ok,crepe,9,SW_Yosefa,4950.18896484375,17443.5625,8215.946568806967,8162.076904296875
train,5321,10.633430886089528,40,ok,crepe,4,SW_Luna,6176.45947265625,19421.599609375,12328.683268229166,11536.3974609375
train,5322,17.515718739838984,80,ok,crepe,9,SW_Yosefa,4950.10205078125,20131.732421875,8760.076451676616,7093.5439453125
train,5323,17.750975563389947,137,ok,crepe,4,SW_Luna,4219.33984375,19424.0703125,13492.031661021558,12145.138671875
train,5324,16.455103245442327,82,ok,crepe,7,SW_Nikita,7098.8583984375,17035.25,13596.732621626421,15654.88134765625
train,5325,13.831022048061417,144,ok,crepe,5,SW_Nana,6033.03125,19423.140625,9078.755916642554,8730.33935546875
train,5326,12.598567276715846,141,ok,crepe,9,SW_Yosefa,6317.25537109375,19669.724609375,10290.591475474683,9372.77783203125
train,5327,9.701220533981719,63,ok,crepe,7,SW_Nikita,8732.875,17442.4140625,13094.364880548008,13552.275390625
train,5328,17.691143760131048,154,ok,crepe,6,SW_Neo,5297.9580078125,11003.392578125,8837.961453367761,9143.15234375
train,5329,10.229827498048142,73,ok,crepe,4,SW_Luna,8346.0478515625,19421.984375,11424.871875,10339.126953125
train,5330,0.07616814038813254,127,ok,crepe,6,SW_Neo,7188.02197265625,20558.6796875,9883.305584974692,9694.71533203125
train,5331,21.59813196330502,136,ok,crepe,5,SW_Nana,5241.4189453125,16475.904296875,10497.057752309356,9370.93359375
train,5332,13.451444486176374,87,ok,crepe,7,SW_Nikita,7882.93359375,17454.1328125,14452.168644452337,15564.181640625
train,5333,9.35557342386196,87,ok,crepe,4,SW_Luna,8632.81640625,17643.408203125,12424.898292465965,10522.779296875
train,5334,11.366056261754299,176,ok,crepe,4,SW_Luna,4892.2001953125,17647.70703125,11627.891956676136,10284.76025390625
train,5335,10.552555947446125,60,ok,crepe,7,SW_Nikita,5500.6416015625,18730.068359375,13654.735040838068,16864.4921875
train,5336,15.86088358960897,132,ok,crepe,4,SW_Luna,7098.072265625,17649.73046875,12076.3609316013,10633.0166015625
train,5337,15.206167160403904,73,ok,crepe,2,NSW_1,4676.92431640625,20337.033203125,10115.966061439043,9699.306640625
train,5338,1.827147152946511,114,ok,crepe,4,SW_Luna,7099.689453125,17645.28125,12794.43677520752,11143.58203125
train,5339,20.783009499546896,40,ok,crepe,9,SW_Yosefa,5298.7919921875,17445.81640625,9497.595072428385,8580.66796875
train,5340,6.759568856728235,100,ok,crepe,5,SW_Nana,5905.73046875,17443.52734375,8302.024845157657,8251.9599609375
train,5341,15.66971893171047,120,ok,crepe,9,SW_Yosefa,5829.494140625,19904.943359375,12190.348496974859,10760.7919921875
train,5342,8.624870358746431,128,ok,crepe,6,SW_Neo,6462.43603515625,18722.39453125,10129.680210167253,10219.4033203125
train,5343,18.006620746997882,124,ok,crepe,4,SW_Luna,4315.09423828125,17450.6484375,13316.311690750656,11798.2861328125
train,5344,18.106770513522225,126,ok,crepe,4,SW_Luna,8524.296875,20554.6640625,13202.156857790647,11007.4619140625
train,5345,19.318343306781497,123,ok,crepe,4,SW_Luna,8074.23779296875,17649.603515625,12794.43309844312,10999.658203125
train,5346,7.459559862022083,70,ok,crepe,2,NSW_1,5905.6240234375,17254.279296875,9964.11154722556,10103.71826171875
train,5347,10.457950841699567,110,ok,crepe,4,SW_Luna,6539.6728515625,19898.1015625,12744.568167264344,12002.83154296875
train,5348,13.505930804623905,73,ok,crepe,9,SW_Yosefa,7018.408203125,19424.078125,10664.296410831405,10400.5751953125
train,5349,17.238773355504346,59,ok,crepe,7,SW_Nikita,6705.263671875,17644.2421875,10034.816729377299,8112.41552734375
train,5350,21.74008253143899,125,ok,crepe,6,SW_Neo,4269.06787109375,17441.7578125,9245.426021902902,9475.453125
train,5351,16.073734399008096,124,ok,crepe,4,SW_Luna,7982.0126953125,17648.0859375,12806.766611806162,12069.939453125
train,5352,9.418851685535008,128,ok,crepe,2,NSW_1,5062.556640625,18077.736328125,10958.179226535183,10276.8662109375
train,5353,1.3413007915002153,155,ok,crepe,4,SW_Luna,6034.6767578125,17644.2265625,12495.544924618152,11071.69873046875
train,5354,11.630253541921894,84,ok,crepe,4,SW_Luna,6780.7216796875,17046.501953125,13236.341577646685,15110.81884765625
train,5355,17.917208298809868,70,ok,crepe,7,SW_Nikita,8631.6953125,17248.390625,15303.228021315586,15751.984375
train,5356,17.152640085246034,53,ok,crepe,7,SW_Nikita,9695.08203125,17643.1015625,15776.245163690477,16474.04296875
train,5357,19.511222901241737,95,ok,crepe,2,NSW_1,4892.8115234375,18726.86328125,9901.039873315654,9816.7958984375
train,5358,10.283307827829303,141,ok,crepe,4,SW_Luna,7096.7490234375,19905.5078125,13427.807593074845,15481.8544921875
train,5359,10.615027966063177,24,ok,crepe,4,SW_Luna,9693.736328125,11932.6123046875,10585.045485276441,10636.36962890625
train,5360,16.837662959747636,76,ok,crepe,4,SW_Luna,6178.51953125,17032.091796875,9999.256287306882,9586.701171875
train,5361,6.898966935047262,83,ok,crepe,4,SW_Luna,5904.2197265625,19423.9609375,10812.438541666666,10760.013671875
train,5362,15.349701578179909,168,ok,crepe,6,SW_Neo,5064.53515625,12808.0224609375,8625.927812178057,9042.458984375
train,5363,21.612013941382088,139,ok,crepe,6,SW_Neo,6463.2177734375,17645.44921875,9119.231531299136,9248.0322265625
train,5364,16.66001629413474,83,ok,crepe,2,NSW_1,4950.166015625,11933.0615234375,9565.16907619201,9928.716796875
train,5365,14.757866896544098,86,ok,crepe,4,SW_Luna,9039.146484375,17438.71484375,12942.59048828125,10764.60205078125
train,5366,11.573966809834415,116,ok,crepe,5,SW_Nana,5428.296875,16860.576171875,10333.920618887167,9928.3134765625
train,5367,17.574705043237046,178,ok,crepe,6,SW_Neo,5829.732421875,10759.3017578125,8338.944938548018,7351.486328125
train,5368,4.44758737448245,146,ok,crepe,4,SW_Luna,5427.8291015625,19418.439453125,8944.846253551137,8345.29296875
train,5369,14.878755829509277,160,ok,crepe,4,SW_Luna,8432.609375,17248.15625,12988.452778133538,13551.083984375
train,5370,11.069095150020429,158,ok,crepe,4,SW_Luna,6033.34033203125,20560.09375,11409.190030429903,10522.3681640625
train,5371,8.80911333734141,114,ok,crepe,6,SW_Neo,3511.708984375,18727.365234375,8846.994617550872,9041.9736328125
train,5372,14.671051401731951,223,ok,crepe,4,SW_Luna,8250.9755859375,18729.5,11971.115300254216,10519.58544921875
train,5373,10.335287771817534,182,ok,crepe,6,SW_Neo,6318.5478515625,18732.990234375,9783.88041075111,10160.8798828125
train,5374,6.980950713120681,71,ok,crepe,0,NSW_3,4268.92138671875,19424.28125,11136.41826171875,10580.93115234375
train,5375,1.8878844333727116,170,ok,crepe,9,SW_Yosefa,5361.88720703125,19671.734375,10670.260652931787,9819.69873046875
train,5376,20.068244164795402,79,ok,crepe,4,SW_Luna,8633.1591796875,17248.56640625,13337.779362710675,11673.1953125
train,5377,23.437876234352593,104,ok,crepe,6,SW_Neo,5427.16552734375,12657.2109375,9239.40914336906,9477.5888671875
train,5378,6.580899373021614,192,ok,crepe,4,SW_Luna,5762.2255859375,20337.966796875,11260.46915766878,10278.33203125
train,5379,18.489148389796437,59,ok,crepe,4,SW_Luna,11138.5078125,19207.9453125,16655.351045496325,17264.27734375
train,5380,11.787320273384406,91,ok,crepe,2,NSW_1,4675.09326171875,17441.267578125,11171.268241808253,11142.212890625
train,5381,6.229935690877728,144,ok,crepe,9,SW_Yosefa,4783.9775390625,21006.265625,10319.735614977384,9583.56396484375
train,5382,12.447300878872321,129,ok,crepe,9,SW_Yosefa,3890.91796875,17041.3984375,7169.464628036708,7098.671875
train,5383,14.37129776467003,159,ok,crepe,4,SW_Luna,6464.44140625,20127.12109375,13958.682222173455,14756.5859375
train,5384,9.337868855563325,133,ok,crepe,4,SW_Luna,4574.1591796875,18078.92578125,11703.623779296875,11344.38330078125
train,5385,9.00547761592774,171,ok,crepe,5,SW_Nana,6176.2626953125,17441.96484375,9198.97036823053,9253.5537109375
train,5386,15.992867239690675,139,ok,crepe,4,SW_Luna,6317.5224609375,19673.431640625,13138.698308341734,11541.142578125
train,5387,21.553810777420654,109,ok,crepe,8,SW_Shy,3119.802734375,19675.16796875,8699.086162264384,8819.25537109375
train,5388,8.31292799234755,125,ok,crepe,5,SW_Nana,6620.89306640625,17443.078125,8696.144420434397,8431.8271484375
train,5389,7.155516943448319,75,ok,crepe,6,SW_Neo,7097.30517578125,19672.49609375,9771.461510946585,9874.271484375
train,5390,8.963589006781898,129,ok,crepe,4,SW_Luna,7016.95068359375,19425.4765625,14544.474681957348,16284.89794921875
train,5391,14.480437777588076,106,ok,crepe,6,SW_Neo,6033.1669921875,19420.84765625,10215.614217458678,10274.6591796875
train,5392,9.166640623182811,87,ok,crepe,6,SW_Neo,7098.55859375,19208.74609375,9917.510048062193,9934.52001953125
train,5393,7.4556069932956675,83,ok,crepe,4,SW_Luna,5969.79296875,17441.267578125,11001.24441889281,10403.439453125
train,5394,27.11180306447156,75,ok,crepe,3,SW_Dana,8163.85205078125,15930.330078125,11589.630909886853,11287.189453125
train,5395,13.262926469513605,133,ok,crepe,4,SW_Luna,7263.67724609375,17859.1328125,13437.669680946752,12212.58251953125
train,5396,6.675580303689813,84,ok,crepe,4,SW_Luna,6318.6875,17045.517578125,9505.512428042763,9586.517578125
train,5397,3.8133104483139246,173,ok,crepe,4,SW_Luna,5692.9111328125,17652.61328125,13639.584796490446,12497.31640625
train,5398,11.942507025571947,184,ok,crepe,7,SW_Nikita,5972.578125,17445.2109375,15114.995087245725,16470.1171875
train,5399,5.809749534585624,46,ok,crepe,4,SW_Luna,8631.2158203125,16279.6533203125,10736.20241651348,10519.076171875
train,5400,2.9525514858993334,122,ok,crepe,4,SW_Luna,7265.3291015625,20127.361328125,12731.340079108588,10885.0869140625
train,5401,11.488430182724002,105,ok,crepe,6,SW_Neo,5623.77880859375,17645.84765625,8624.39889295562,7349.4189453125
train,5402,1.030333679188929,47,ok,crepe,7,SW_Nikita,7098.90087890625,18071.7265625,13877.330979567309,16858.84375
train,5403,10.508870700049942,69,ok,crepe,2,NSW_1,8820.2939453125,17651.091796875,10293.059051890432,10278.388671875
train,5404,21.18358466344494,161,ok,crepe,6,SW_Neo,4676.4482421875,19422.00390625,8493.223368660349,7352.3876953125
train,5405,15.439967156993365,145,ok,crepe,4,SW_Luna,6033.5576171875,18081.06640625,12167.678429712223,10767.18408203125
train,5406,8.883033331010155,80,ok,crepe,9,SW_Yosefa,4516.404296875,19665.025390625,10981.61695707514,10157.052734375
train,5407,23.986166857421853,104,ok,crepe,4,SW_Luna,6247.962890625,17452.42578125,12685.53272298177,10942.255859375
train,5408,7.787719948101447,94,ok,crepe,6,SW_Neo,3354.22021484375,19428.302734375,9715.518111617477,9821.8154296875
train,5409,12.649124679742389,63,ok,crepe,2,NSW_1,6317.228515625,19424.4296875,10276.593438042535,10050.4609375
train,5410,19.281039766291133,75,ok,crepe,7,SW_Nikita,7701.53759765625,18072.974609375,14835.619074041193,16104.86279296875
train,5411,16.442771669132238,131,ok,crepe,6,SW_Neo,5123.1962890625,16866.69140625,8969.495900403734,9368.7099609375
train,5412,11.568026569750007,189,ok,crepe,7,SW_Nikita,5241.84326171875,20779.658203125,14890.199530277856,16291.1875
train,5413,22.658837508521795,156,ok,crepe,4,SW_Luna,6177.4306640625,17438.771484375,12529.854144185947,10877.7822265625
train,5414,13.538036014846854,54,ok,crepe,1,NSW_2,6463.8544921875,15024.359375,11112.35314547631,11400.9443359375
train,5415,13.666987036420732,217,ok,crepe,6,SW_Neo,6034.5546875,19899.99609375,11892.459065755209,10768.72998046875
train,5416,7.901935414593472,132,ok,crepe,4,SW_Luna,5969.34130859375,17447.59375,10980.124615394905,9695.29833984375
train,5417,20.11776975255165,117,ok,crepe,9,SW_Yosefa,5122.12451171875,15931.2255859375,8745.724293644267,7704.17236328125
train,5418,16.378477926952208,138,ok,crepe,4,SW_Luna,6621.08837890625,17653.669921875,12621.298489623274,10885.7998046875
train,5419,13.973572060891478,117,ok,crepe,2,NSW_1,6247.72509765625,20135.84375,11621.771064309512,11287.037109375
train,5420,13.785173774512657,55,ok,crepe,6,SW_Neo,6934.951171875,16865.357421875,9924.79501638105,9584.52978515625
train,5421,15.769121071034464,152,ok,crepe,4,SW_Luna,6463.55712890625,18728.205078125,13233.55279646857,14329.615234375
train,5422,17.435685331436236,131,ok,crepe,2,NSW_1,5498.69873046875,19198.810546875,10347.099499760841,9814.59375
train,5423,7.128795588687931,177,ok,crepe,5,SW_Nana,6396.2529296875,19425.8359375,9863.66655322759,9585.14794921875
train,5424,15.439716694512565,45,ok,crepe,5,SW_Nana,5903.9296875,15936.265625,9485.639275045956,8928.8828125
train,5425,22.859658005390937,134,ok,crepe,6,SW_Neo,5297.93017578125,17251.537109375,9194.618757659313,9584.640625
train,5426,15.906472022859145,110,ok,crepe,2,NSW_1,6318.0322265625,18967.216796875,10145.145792322835,9932.1044921875
train,5427,13.340962542969496,116,ok,crepe,6,SW_Neo,5763.0478515625,17645.86328125,9357.193184190124,9587.201171875
train,5428,15.17391352045191,149,ok,crepe,6,SW_Neo,6176.552734375,19424.26171875,8978.378169494268,8525.78125
train,5429,12.479115675854091,144,ok,crepe,6,SW_Neo,5623.4033203125,18965.015625,9136.41054506655,9584.5859375
train,5430,8.927805512955153,153,ok,crepe,6,SW_Neo,5178.16650390625,18726.330078125,9789.450634765624,9696.4228515625
train,5431,13.43038702888342,226,ok,crepe,5,SW_Nana,3842.564453125,21214.70703125,9067.434981699065,8246.865234375
train,5432,0.5235209828215505,35,ok,crepe,7,SW_Nikita,4073.37060546875,17648.00390625,12339.848936338682,9929.0126953125
train,5433,-0.9461250354003445,45,ok,crepe,7,SW_Nikita,7016.431640625,19425.16796875,15925.598513233419,16102.9482421875
train,5434,12.008704838236273,145,ok,crepe,6,SW_Neo,4676.50439453125,10758.396484375,8337.314567154754,8632.9189453125
train,5435,20.58375136863023,199,ok,crepe,4,SW_Luna,5498.35888671875,19898.37109375,11427.669913232854,10519.0947265625
train,5436,20.84038137668656,196,ok,crepe,4,SW_Luna,4950.3916015625,16670.609375,11158.884006315391,10405.998046875
train,5437,13.408340742035774,122,ok,crepe,2,NSW_1,4414.025390625,20782.00390625,13088.967749023437,11798.0400390625
train,5438,13.99071690016845,173,ok,crepe,6,SW_Neo,5761.841796875,18717.400390625,8820.365422747462,8734.9423828125
train,5439,14.022030970268153,21,ok,crepe,7,SW_Nikita,16286.65625,16861.853515625,16657.070142663044,16674.81640625
train,5440,17.23515185373822,102,ok,crepe,4,SW_Luna,6033.01318359375,20558.96875,12556.17560840708,12070.7021484375
train,5441,9.988568723187516,103,ok,crepe,5,SW_Nana,6396.0439453125,11535.3994140625,9186.721915261787,9147.02685546875
train,5442,5.813719149061117,89,ok,crepe,8,SW_Shy,5969.21484375,17644.130859375,10471.993469854799,10403.669921875
train,5443,16.40307650181157,104,ok,crepe,7,SW_Nikita,6618.97900390625,17438.46484375,15487.753959147136,16675.3056640625
train,5444,6.782311972157561,133,ok,crepe,5,SW_Nana,7792.0771484375,15927.8759765625,10495.4052734375,10283.87890625
train,5445,18.74069050407338,125,ok,crepe,5,SW_Nana,5428.7890625,15749.392578125,10037.48345648492,8820.4013671875
train,5446,8.853042204248617,89,ok,crepe,3,SW_Dana,8817.83984375,18494.970703125,12959.850394454657,12143.09814453125
train,5447,14.041911744141819,89,ok,crepe,4,SW_Luna,6317.97802734375,17648.19921875,12920.102622070313,11607.12060546875
train,5448,20.694067375852583,182,ok,crepe,4,SW_Luna,6176.09765625,17450.23828125,12116.57207818054,10767.095703125
train,5449,20.181644956158422,161,ok,crepe,5,SW_Nana,5828.939453125,17443.08984375,8810.124538255774,8347.91015625
train,5450,13.544291945744089,156,ok,crepe,5,SW_Nana,6177.2177734375,16677.03515625,10290.456719522423,9690.62890625
train,5451,13.709289452453337,66,ok,crepe,7,SW_Nikita,5903.896484375,17645.158203125,13070.969505208333,16276.490234375
train,5452,10.468466972457247,80,ok,crepe,6,SW_Neo,6032.8876953125,17254.07421875,10584.392641314338,10640.54296875
train,5453,11.033380109576214,72,ok,crepe,3,SW_Dana,8732.29296875,21487.3203125,13102.284191743827,12655.75390625
train,5454,12.207479615757435,100,ok,crepe,7,SW_Nikita,6395.7451171875,17256.58984375,12155.388427734375,12504.2958984375
train,5455,6.360566711304872,78,ok,crepe,4,SW_Luna,6539.2705078125,21487.234375,11229.903701957615,10400.205078125
train,5456,10.393565472885031,81,ok,crepe,4,SW_Luna,5904.2197265625,19424.724609375,10808.40474717882,10642.6044921875
train,5457,11.477076331880562,93,ok,crepe,5,SW_Nana,7014.361328125,17647.1171875,10207.305089077103,9818.2666015625
train,5458,10.55683931911734,108,ok,crepe,6,SW_Neo,4268.64306640625,17249.1953125,9260.380212208582,9251.0361328125
train,5459,8.651361712525777,80,ok,crepe,4,SW_Luna,4784.64453125,19666.0390625,12610.027739800347,11673.662109375
train,5460,16.70602989156128,79,ok,crepe,4,SW_Luna,7703.986328125,17646.8203125,10645.25961408944,9585.677734375
train,5461,10.603279173618468,102,ok,crepe,6,SW_Neo,7014.9541015625,10765.302734375,9323.776252297794,9688.291015625
train,5462,21.18499352571096,164,ok,crepe,4,SW_Luna,6175.201171875,17851.12109375,12100.354704034391,10634.5107421875
train,5463,15.654432316722984,145,ok,crepe,4,SW_Luna,7266.2080078125,16112.1103515625,11407.775294138286,10285.263671875
train,5464,6.209874112807069,126,ok,crepe,4,SW_Luna,8735.04296875,19901.173828125,13321.137787979014,13108.701171875
train,5465,18.043786392699943,135,ok,crepe,6,SW_Neo,6539.25537109375,18081.87109375,9673.83751890121,9046.919921875
train,5466,14.079767685871845,94,ok,crepe,6,SW_Neo,5763.04638671875,19418.9921875,11419.048146373822,10641.880859375
train,5467,11.066236277481654,89,ok,crepe,7,SW_Nikita,4123.8310546875,18971.568359375,9597.894830197703,8297.62646484375
train,5468,19.981488518119928,153,ok,crepe,6,SW_Neo,5360.56396484375,10882.2314453125,9101.475094866071,9585.037109375
train,5469,18.12740624173429,126,ok,crepe,6,SW_Neo,6538.611328125,10875.67578125,8922.406043158637,9198.0625
train,5470,27.495573640400536,196,ok,crepe,5,SW_Nana,6034.1337890625,20127.1015625,9692.44044913233,8821.306640625
train,5471,7.468295880551822,116,ok,crepe,4,SW_Luna,5970.0517578125,18491.39453125,12498.081889490928,10875.10107421875
train,5472,9.424527275771306,70,ok,crepe,7,SW_Nikita,6778.404296875,16280.7958984375,10545.694921875,8681.57373046875
train,5473,14.557079843291875,234,ok,crepe,6,SW_Neo,4366.615234375,19899.91015625,10587.182297279094,10400.0048828125
train,5474,10.242520160553713,135,ok,crepe,4,SW_Luna,6100.0830078125,18498.828125,13953.155831023185,13700.498046875
train,5475,18.36721457398611,136,ok,crepe,6,SW_Neo,6034.064453125,12072.587890625,8884.894575639204,9092.23095703125
train,5476,10.06636662494483,43,ok,crepe,4,SW_Luna,9045.37109375,15561.892578125,10179.217893016581,9477.6923828125
train,5477,17.34433996535579,207,ok,crepe,6,SW_Neo,5692.54833984375,18496.64453125,9327.313732130984,8827.78515625
train,5478,15.716882783119539,147,ok,crepe,6,SW_Neo,5298.02978515625,18497.3125,9144.867792734844,9815.54296875
train,5479,11.672531944012345,50,ok,crepe,4,SW_Luna,6176.646484375,19429.462890625,14731.359126576206,16285.6494140625
train,5480,21.407805187371526,116,ok,crepe,6,SW_Neo,5063.294921875,10522.5771484375,9002.631471548508,9699.96142578125
train,5481,14.630247645408867,62,ok,crepe,7,SW_Nikita,5969.31201171875,19424.30078125,11785.779234980193,10284.896484375
train,5482,11.541801199098021,144,ok,crepe,4,SW_Luna,7981.4091796875,17643.654296875,12668.869510535038,10881.8857421875
train,5483,0.6244080738843913,50,ok,crepe,2,NSW_1,6396.80859375,21488.65234375,11184.69664171007,10765.87646484375
train,5484,12.411169471954702,196,ok,crepe,4,SW_Luna,7610.09814453125,17643.03515625,11773.322108600632,10400.0771484375
train,5485,10.824708253472393,71,ok,crepe,6,SW_Neo,9585.7509765625,19423.3046875,11130.623486328124,10399.15771484375
train,5486,2.4937313149324956,15,ok,crepe,7,SW_Nikita,7612.857421875,20125.15234375,12891.963745117188,12947.37158203125
train,5487,17.358188869228528,148,ok,crepe,6,SW_Neo,5498.4609375,19422.38671875,9226.383221293605,9586.24755859375
train,5488,11.871012724109027,83,ok,crepe,7,SW_Nikita,6707.677734375,17041.1953125,14428.163975123356,16471.173828125
train,5489,18.702613420445502,117,ok,crepe,2,NSW_1,4219.408203125,17252.849609375,11451.426193237305,11005.8056640625
train,5490,11.518606078962062,135,ok,crepe,6,SW_Neo,5762.46533203125,17442.51171875,9114.93699281754,9251.7158203125
train,5491,9.173624687712788,67,ok,crepe,6,SW_Neo,6463.04248046875,16864.34375,7998.941457648027,7096.11962890625
train,5492,9.784910097026138,115,ok,crepe,4,SW_Luna,6315.205078125,19421.291015625,12011.145409399225,12658.92578125
train,5493,14.376285847334087,129,ok,crepe,5,SW_Nana,5362.4990234375,19422.33203125,10043.320925377155,9369.703125
train,5494,1.6191419868817816,171,ok,crepe,6,SW_Neo,5361.64990234375,16866.892578125,8364.92427613563,7352.6328125
train,5495,17.790623499330188,114,ok,crepe,9,SW_Yosefa,5361.5341796875,16861.701171875,9832.984021935095,9371.87939453125
train,5496,13.542867122734767,114,ok,crepe,6,SW_Neo,5239.87548828125,17643.455078125,9615.7991576156,9582.296875
train,5497,4.960452347067251,92,ok,crepe,4,SW_Luna,4173.453125,19426.125,11545.963096217105,10276.9140625
train,5498,7.709270033749086,77,ok,crepe,6,SW_Neo,5361.0830078125,21217.17578125,10345.940202579943,10406.04296875
train,5499,8.825938178352487,64,ok,crepe,4,SW_Luna,7436.50634765625,15931.6259765625,11228.30120490579,10767.21923828125
train,5500,10.486001079234448,122,ok,crepe,3,SW_Dana,6463.3544921875,17858.650390625,11712.656128820712,11142.04296875
train,5501,21.217655724707004,166,ok,crepe,4,SW_Luna,4219.2548828125,17250.087890625,12364.467999776205,10878.14599609375
train,5502,18.916722038615955,126,ok,crepe,4,SW_Luna,7980.5390625,17450.896484375,13023.88316127232,10997.7060546875
train,5503,20.209940799601455,137,ok,crepe,6,SW_Neo,4677.037109375,16282.56640625,8986.073518983878,9369.9326171875
train,5504,11.106671793321361,142,ok,crepe,6,SW_Neo,5178.23974609375,18721.583984375,9551.893599621357,9928.0576171875
train,5505,13.292292016929007,95,ok,crepe,4,SW_Luna,6176.607421875,19898.962890625,11926.995829074182,11281.6357421875
train,5506,13.715213406407843,45,ok,crepe,9,SW_Yosefa,9696.068359375,19668.203125,12784.456073467549,12002.3330078125
train,5507,26.439466032830467,150,ok,crepe,4,SW_Luna,7439.15478515625,17265.392578125,12359.951606529985,10766.7685546875
train,5508,16.065265629965783,119,ok,crepe,7,SW_Nikita,4892.84228515625,16675.16796875,11344.863794663373,11146.53369140625
train,5509,13.968771962291264,95,ok,crepe,6,SW_Neo,6317.54345703125,19426.24609375,10274.132347035631,10403.240234375
train,5510,18.34629132766711,125,ok,crepe,4,SW_Luna,5063.93701171875,18069.134765625,11677.152491918103,10518.5849609375
train,5511,19.92836926705223,170,ok,crepe,4,SW_Luna,5969.99267578125,17643.240234375,10780.745370182965,10159.294921875
train,5512,7.183112109953895,120,ok,crepe,6,SW_Neo,6461.20361328125,21004.181640625,11122.703203410128,9940.3798828125
train,5513,7.667656220919374,97,ok,crepe,4,SW_Luna,5969.2646484375,17447.072265625,11884.788850007233,10757.21630859375
train,5514,18.86757611074245,147,ok,crepe,4,SW_Luna,6396.7158203125,17651.837890625,11997.688338694852,10633.775390625
train,5515,11.083784540229441,148,ok,crepe,4,SW_Luna,7793.77197265625,17864.955078125,12905.619916643414,11471.0693359375
train,5516,11.55367288592489,197,ok,crepe,9,SW_Yosefa,7265.21875,19673.37890625,9772.091665082273,9691.55615234375
train,5517,15.303791319702869,116,ok,crepe,6,SW_Neo,6856.01318359375,17644.87890625,9896.201190094449,9583.7412109375
train,5518,14.286458289365857,76,ok,crepe,4,SW_Luna,4268.783203125,17043.837890625,11452.515098314607,10643.068359375
train,5519,12.438335053253871,70,ok,crepe,6,SW_Neo,6318.6875,17444.7890625,10668.23221529447,10053.04052734375
train,5520,14.302970451223418,80,ok,crepe,4,SW_Luna,5762.7626953125,17645.677734375,13395.793516054258,11005.3125
train,5521,14.354621110816517,106,ok,crepe,4,SW_Luna,8074.4296875,18496.662109375,12920.070635330578,10764.7021484375
train,5522,14.76185031216352,152,ok,crepe,4,SW_Luna,6708.0166015625,17647.736328125,11936.274944680275,10406.517578125
train,5523,13.375349021753296,175,ok,crepe,4,SW_Luna,3473.520263671875,17258.07421875,12228.642163569384,10643.6279296875
train,5524,7.220015567934572,31,ok,crepe,7,SW_Nikita,8935.9677734375,17251.599609375,15577.123018152573,16288.20361328125
train,5525,11.242434013771415,85,ok,crepe,6,SW_Neo,7262.6904296875,11002.41015625,9420.712749677836,9823.3427734375
train,5526,18.848294264748027,38,ok,crepe,9,SW_Yosefa,7259.2275390625,17443.81640625,8890.182742096657,8073.93115234375
train,5527,4.383225659963106,130,ok,crepe,9,SW_Yosefa,4783.53466796875,17646.53515625,11129.238870804398,10397.6064453125
train,5528,10.023002054162584,143,ok,crepe,6,SW_Neo,5694.12353515625,19421.99609375,9982.854989455522,10164.2587890625
train,5529,6.547083463020825,216,ok,crepe,6,SW_Neo,4367.328125,17646.259765625,9938.812825520834,10045.734375
train,5530,4.892457611753274,12,ok,crepe,4,SW_Luna,7264.7470703125,17253.44140625,12330.47230747768,12651.470703125
train,5531,12.850154567124648,38,ok,crepe,7,SW_Nikita,8349.0087890625,17868.12109375,15674.70968840843,16869.685546875
train,5532,15.493747143134438,132,ok,crepe,3,SW_Dana,7979.26708984375,19674.69921875,12705.034717124581,12212.3876953125
train,5533,6.588251370117902,102,ok,crepe,6,SW_Neo,6320.44873046875,17442.3046875,9691.643277554898,9927.8505859375
train,5534,17.053932421119526,94,ok,crepe,4,SW_Luna,7436.4599609375,19423.33203125,13916.849842107185,16471.0703125
train,5535,18.226338389712723,136,ok,crepe,6,SW_Neo,5179.12646484375,16477.021484375,9172.058130508814,9421.62353515625
train,5536,12.029115286700122,80,ok,crepe,6,SW_Neo,7524.70654296875,18724.888671875,12439.489200673204,10761.45166015625
train,5537,22.064035475452126,80,ok,crepe,4,SW_Luna,8158.2822265625,17645.04296875,11964.391419127747,10521.1865234375
train,5538,15.74071977242009,172,ok,crepe,3,SW_Dana,3980.83984375,20129.017578125,11679.350516887625,11074.79931640625
train,5539,9.459307893670609,100,ok,crepe,5,SW_Nana,4172.1083984375,17646.44140625,9142.52516361705,8881.275390625
train,5540,24.67224151368817,173,ok,crepe,4,SW_Luna,8067.90234375,17854.12890625,13010.455359919155,11135.673828125
train,5541,26.02188593815738,86,ok,crepe,4,SW_Luna,5426.736328125,18075.359375,9919.493387858072,7703.07568359375
train,5542,8.288109156567039,120,ok,crepe,4,SW_Luna,5762.95654296875,17860.515625,14336.837235884233,16283.1591796875
train,5543,18.197926333995326,151,ok,crepe,6,SW_Neo,6316.03564453125,19672.572265625,10346.653680845748,10156.404296875
train,5544,6.410826247195747,103,ok,crepe,7,SW_Nikita,7191.4365234375,17646.482421875,13019.71028193721,14663.28955078125
train,5545,15.884785280791572,100,ok,crepe,6,SW_Neo,4315.13427734375,16102.5498046875,9997.960903532608,10052.75
train,5546,6.545218579100322,152,ok,crepe,4,SW_Luna,5693.404296875,18729.3828125,11501.934408550613,10762.9931640625
train,5547,8.64980310382895,157,ok,crepe,4,SW_Luna,6033.5849609375,17641.88671875,11722.844361754669,10049.9033203125
train,5548,21.573239038017398,153,ok,crepe,4,SW_Luna,6781.1494140625,17440.7421875,12486.069552334871,10885.123046875
train,5549,13.342607875954357,69,ok,crepe,6,SW_Neo,3012.011474609375,13406.2890625,10329.356650390626,10519.7890625
train,5550,19.697455435469926,111,ok,crepe,6,SW_Neo,5177.81494140625,10767.548828125,8683.837917120882,9147.40625
train,5551,15.40010153299972,81,ok,crepe,7,SW_Nikita,6937.880859375,17256.12109375,14561.355987870065,15757.30078125
train,5552,4.209684844994453,126,ok,crepe,3,SW_Dana,7350.00927734375,19425.623046875,12272.164961780576,11002.916015625
train,5553,19.886030329781555,131,ok,crepe,6,SW_Neo,7098.94775390625,16472.078125,9844.679991463163,9934.310546875
train,5554,3.3610979307074045,158,ok,crepe,9,SW_Yosefa,5762.69580078125,16862.560546875,9055.527961282169,8576.5791015625
train,5555,9.043698687150458,61,ok,crepe,7,SW_Nikita,8632.978515625,17642.62109375,12730.412513950892,11342.40478515625
train,5556,13.205676679144045,121,ok,crepe,6,SW_Neo,6936.35986328125,17445.08984375,9955.237333409927,9695.05322265625
train,5557,7.974598124208432,47,ok,crepe,6,SW_Neo,6621.13671875,13405.5185546875,9962.309943181817,9936.6845703125
train,5558,17.895418348317627,126,ok,crepe,6,SW_Neo,5968.6806640625,16865.97265625,9225.153911203577,9528.44482421875
train,5559,26.071646433334465,123,ok,crepe,9,SW_Yosefa,6318.7294921875,12072.013671875,9172.336243938578,9253.5078125
train,5560,13.801583618828388,190,ok,crepe,4,SW_Luna,8521.2314453125,17256.134765625,12557.360466974433,10823.2041015625
train,5561,15.66130314352435,145,ok,crepe,6,SW_Neo,5123.9296875,16864.912109375,9674.885492163969,9814.78955078125
train,5562,8.195786603878405,84,ok,crepe,2,NSW_1,4622.82275390625,21004.21875,11729.523333610372,11340.3828125
train,5563,11.26774234517843,51,ok,crepe,7,SW_Nikita,7437.80224609375,17447.92578125,13298.542286839978,16193.69677734375
train,5564,17.13727307089208,135,ok,crepe,4,SW_Luna,6396.9423828125,17452.869140625,12730.132299178686,10881.75732421875
train,5565,14.112959474070575,133,ok,crepe,6,SW_Neo,6247.6240234375,13116.00390625,9600.950618489584,10105.78662109375
train,5566,0.9271835041711723,74,ok,crepe,4,SW_Luna,9582.826171875,17859.0859375,13394.076428222656,10883.08544921875
train,5567,15.370200935264549,139,ok,crepe,2,NSW_1,5123.75390625,18076.53515625,10538.23744102577,10401.775390625
train,5568,26.871695153471077,209,ok,crepe,6,SW_Neo,6035.1650390625,19676.5859375,10127.375075591657,9926.0166015625
train,5569,19.242602086813953,142,ok,crepe,4,SW_Luna,7189.0556640625,18964.24609375,12282.114086914062,10763.5400390625
train,5570,13.904321209804195,111,ok,crepe,4,SW_Luna,5763.880859375,17854.6015625,12539.33988988681,10767.775390625
train,5571,20.370752895202497,170,ok,crepe,6,SW_Neo,4218.4501953125,16861.79296875,8159.357971191406,7191.664794921875
train,5572,9.528819706358764,109,ok,crepe,4,SW_Luna,5904.13818359375,17643.052734375,11956.990123221545,11000.41015625
train,5573,5.391335776854042,161,ok,crepe,9,SW_Yosefa,6176.140625,17441.873046875,10342.820318112428,9821.22998046875
train,5574,-3.2211649631781842,94,ok,crepe,2,NSW_1,3354.330810546875,19413.478515625,11892.355324161863,10405.974609375
train,5575,19.764571743295086,114,ok,crepe,6,SW_Neo,5427.6279296875,17442.09765625,10896.13851808563,10758.2109375
train,5576,4.1505548186567545,132,ok,crepe,6,SW_Neo,6857.20947265625,19424.37890625,12366.720874023438,10759.8115234375
train,5577,12.402156948785464,54,ok,crepe,7,SW_Nikita,5691.658203125,21490.5,15663.362312563004,17651.2158203125
train,5578,13.854529438064116,73,ok,crepe,7,SW_Nikita,9819.95703125,17868.740234375,15216.202602652616,16195.7939453125
train,5579,10.458665334800436,45,ok,crepe,1,NSW_2,8630.0546875,16482.888671875,12041.0470703125,11069.55419921875
train,5580,16.72037493103768,192,ok,crepe,5,SW_Nana,5970.1328125,16866.791015625,8484.351107510653,8157.504150390625
train,5581,9.494995389832576,87,ok,crepe,4,SW_Luna,8731.203125,17434.748046875,11589.186276830807,10406.390625
train,5582,9.849931401239719,191,ok,crepe,4,SW_Luna,6033.30615234375,17860.81640625,12684.969047114535,11929.21875
train,5583,14.957559341473672,134,ok,crepe,7,SW_Nikita,5623.2431640625,19434.62109375,9629.218834186422,7350.0693359375
train,5584,7.70390879346297,126,ok,crepe,6,SW_Neo,5177.79296875,17254.205078125,9199.24360700335,9094.91943359375
train,5585,19.51092179756392,124,ok,crepe,4,SW_Luna,6541.3076171875,19892.859375,12823.950714541154,10877.07421875
train,5586,14.925725253932052,120,ok,crepe,4,SW_Luna,6621.2216796875,18493.9921875,13254.537116555606,11804.04638671875
train,5587,26.65476400961662,167,ok,crepe,4,SW_Luna,7194.32080078125,17448.7109375,11933.156395980992,10522.30419921875
train,5588,6.239269645651851,74,ok,crepe,7,SW_Nikita,7979.6416015625,18075.763671875,13825.31839467244,15750.8974609375
train,5589,13.372109460175608,188,ok,crepe,6,SW_Neo,5762.80029296875,19423.15234375,8903.03623046875,9040.16796875
train,5590,12.708448872928333,84,ok,crepe,4,SW_Luna,6463.1923828125,17861.87890625,12988.861655377326,10882.9072265625
train,5591,24.609934366598765,104,ok,crepe,2,NSW_1,5904.4306640625,19682.8359375,11918.358846028646,10756.75048828125
train,5592,6.537316593157154,102,ok,crepe,4,SW_Luna,7350.671875,17440.525390625,11555.469286237445,10401.61572265625
train,5593,18.82391743480327,121,ok,crepe,6,SW_Neo,5123.7197265625,13114.802734375,9094.336825605751,9253.93994140625
train,5594,14.33096538656908,167,ok,crepe,6,SW_Neo,5762.0693359375,20338.759765625,10917.338941089527,10639.31640625
train,5595,9.586616188941342,90,ok,crepe,5,SW_Nana,6033.41015625,19906.41015625,13489.82953447165,13263.64453125
train,5596,17.44988334269013,110,ok,crepe,4,SW_Luna,6936.3125,19424.833984375,12255.136841781496,10880.494140625
train,5597,26.915141971870508,148,ok,crepe,6,SW_Neo,5969.72412109375,16477.849609375,9080.234237938597,9252.59375
train,5598,4.639911095537014,157,ok,crepe,4,SW_Luna,5970.38671875,19421.90625,12264.169966517857,10523.3349609375
train,5599,26.350180808185854,124,ok,crepe,6,SW_Neo,6464.60888671875,15027.6474609375,8880.96742078993,9196.74365234375
train,5600,7.072442594935675,119,ok,crepe,7,SW_Nikita,5762.25537109375,17654.28125,13717.70283203125,15195.25390625
train,5601,13.360474593221333,84,ok,crepe,7,SW_Nikita,5239.7333984375,18071.23828125,11360.435424804688,11346.1669921875
train,5602,13.252222974980567,118,ok,crepe,4,SW_Luna,7191.484375,18076.5,12449.471918150435,10876.4921875
train,5603,16.142957961311527,191,ok,crepe,3,SW_Dana,9692.861328125,16679.142578125,11741.824947857749,10879.0478515625
train,5604,11.7793276880256,194,ok,crepe,4,SW_Luna,5426.9892578125,17856.921875,11937.729223632812,10768.19921875
train,5605,13.432628777831193,99,ok,crepe,6,SW_Neo,6781.873046875,13844.166015625,8652.903161835253,8877.38427734375
train,5606,23.070058014345758,107,ok,crepe,6,SW_Neo,5240.830078125,16864.072265625,8873.666976045972,9474.576171875
train,5607,26.271514688758806,137,ok,crepe,6,SW_Neo,4573.90869140625,14163.8720703125,8783.681798234771,8944.0849609375
train,5608,17.633440123218968,145,ok,crepe,6,SW_Neo,4314.69677734375,16869.2734375,9109.201195693597,8945.146484375
train,5609,12.116795469312214,168,ok,crepe,7,SW_Nikita,5904.3984375,17861.537109375,11448.839162660257,10282.7822265625
train,5610,15.04132901706937,136,ok,crepe,7,SW_Nikita,6396.68408203125,17651.259765625,11492.726014748598,9197.44580078125
train,5611,9.165892163503319,176,ok,crepe,4,SW_Luna,7703.7216796875,17251.03125,11396.133791456035,10281.13330078125
train,5612,15.890052028596017,139,ok,crepe,4,SW_Luna,7014.0966796875,21005.515625,12365.186828613281,10875.896484375
train,5613,13.179653172906141,68,ok,crepe,5,SW_Nana,5361.220703125,16481.634765625,13109.019481169871,13188.48974609375
train,5614,21.366804018952863,125,ok,crepe,9,SW_Yosefa,5558.25927734375,15750.3857421875,7797.440921383304,7353.794921875
train,5615,14.88930254037195,111,ok,crepe,5,SW_Nana,5361.435546875,18081.931640625,10081.095206968246,10519.6640625
train,5616,12.119913839229106,146,ok,crepe,6,SW_Neo,5623.01171875,17043.84375,10274.83388967803,10405.2626953125
train,5617,12.950293142404387,143,ok,crepe,4,SW_Luna,7015.91259765625,18079.123046875,13276.705725172545,12946.197265625
train,5618,7.077878117380292,66,ok,crepe,2,NSW_1,4784.080078125,17857.421875,12597.783440840873,11399.408203125
train,5619,20.242284800169656,68,ok,crepe,2,NSW_1,5904.34326171875,20129.94921875,11125.2892190004,10761.48779296875
train,5620,19.034468657420835,63,ok,crepe,7,SW_Nikita,7976.3671875,17443.970703125,15257.362074110242,15927.5556640625
train,5621,8.51714855949645,120,ok,crepe,9,SW_Yosefa,6034.5224609375,17251.970703125,9428.813068446829,9250.48681640625
train,5622,15.937243922729403,129,ok,crepe,6,SW_Neo,4314.68798828125,17643.47265625,8909.432277370144,9094.2626953125
train,5623,19.600884030747974,87,ok,crepe,4,SW_Luna,8633.23828125,17447.1484375,12837.388624004288,10760.98193359375
train,5624,19.612752562710824,65,ok,crepe,9,SW_Yosefa,6397.17041015625,13114.5556640625,7782.268273758562,7524.4775390625
train,5625,15.544071642659173,180,ok,crepe,4,SW_Luna,6100.6455078125,17648.044921875,11963.758428263547,10763.392578125
train,5626,9.104034407344692,98,ok,crepe,6,SW_Neo,7013.73974609375,17255.609375,9443.525827261117,9934.26953125
train,5627,19.89620522498235,129,ok,crepe,6,SW_Neo,6396.958984375,10886.6201171875,8792.136744791667,8819.6044921875
train,5628,16.675356743825247,134,ok,crepe,4,SW_Luna,7013.2021484375,17454.76171875,12553.65438360917,10765.5439453125
train,5629,1.4357713717114928,121,ok,crepe,4,SW_Luna,5763.01025390625,19210.9609375,11629.281232308651,10459.93701171875
train,5630,13.85370873604616,151,ok,crepe,4,SW_Luna,5623.89404296875,17449.03515625,12426.528063014595,10765.0
train,5631,4.397709532193356,96,ok,crepe,4,SW_Luna,6318.84228515625,17444.109375,12985.412887573242,12002.173828125
train,5632,11.965190913718725,39,ok,crepe,4,SW_Luna,7097.8076171875,17646.564453125,9560.330470872961,8876.3212890625
train,5633,20.121339437434386,189,ok,crepe,6,SW_Neo,5623.4951171875,14845.3984375,9464.678046518266,9818.2041015625
train,5634,12.896412220069477,54,ok,crepe,2,NSW_1,5427.4716796875,16864.2890625,11431.302758789063,10404.7119140625
train,5635,23.318501813502877,164,ok,crepe,4,SW_Luna,7098.2958984375,17858.83984375,12173.57079311191,10405.1552734375
train,5636,6.674105464570203,74,ok,crepe,6,SW_Neo,2976.258544921875,19898.509765625,10001.118797665551,10401.90966796875
train,5637,12.862616129096345,78,ok,crepe,4,SW_Luna,6463.22998046875,17645.216796875,12607.189051649306,10879.57275390625
train,5638,10.12025893846518,100,ok,crepe,5,SW_Nana,5427.93359375,17859.63671875,10664.093711110343,9693.501953125
train,5639,16.211707368181603,71,ok,crepe,4,SW_Luna,7702.06982421875,17648.0,13319.669379340277,13553.068359375
train,5640,12.50312206068192,109,ok,crepe,9,SW_Yosefa,6032.8876953125,17642.626953125,10591.228358114919,9939.96484375
train,5641,28.314538664828124,131,ok,crepe,6,SW_Neo,6704.6494140625,10999.384765625,9051.026887592516,9479.7412109375
train,5642,4.728177631074159,64,ok,crepe,4,SW_Luna,6539.275390625,19422.81640625,11259.970652860753,10401.7578125
train,5643,8.260772165599375,78,ok,crepe,4,SW_Luna,4268.609375,17860.244140625,12102.635702900503,10883.68359375
train,5644,8.303255312614912,94,ok,crepe,2,NSW_1,6101.3818359375,21491.55859375,11496.851735908294,11284.84375
train,5645,21.385699682802617,236,ok,crepe,6,SW_Neo,6176.33251953125,17650.25,9907.620185654981,10161.4140625
train,5646,16.368417181733022,78,ok,crepe,5,SW_Nana,5762.1357421875,17444.93359375,10413.497322682584,9817.181640625
train,5647,16.68757409920409,119,ok,crepe,4,SW_Luna,6622.171875,19672.638671875,13593.48687470849,14074.11669921875
train,5648,14.174054660097763,168,ok,crepe,6,SW_Neo,5298.9111328125,16282.04296875,8283.967516581217,7188.08251953125
train,5649,13.149979280560103,40,ok,crepe,7,SW_Nikita,7610.9326171875,17647.58984375,12428.031624727471,9476.5927734375
train,5650,10.255526704137896,124,ok,crepe,4,SW_Luna,6033.705078125,18083.71875,12772.238843834919,12003.7021484375
train,5651,12.366851083276929,102,ok,crepe,7,SW_Nikita,7979.31201171875,17450.64453125,15768.8724965241,16861.09765625
train,5652,11.701793961222597,186,ok,crepe,5,SW_Nana,7014.2978515625,16864.623046875,8878.375741634729,8943.3388671875
train,5653,18.623749887017667,122,ok,crepe,5,SW_Nana,5904.3388671875,19672.865234375,10436.802682430187,8827.9873046875
train,5654,14.425290172914726,147,ok,crepe,6,SW_Neo,5763.017578125,17249.736328125,9305.255645007623,9147.97412109375
train,5655,13.650146945324941,217,ok,crepe,5,SW_Nana,6247.38671875,19671.123046875,10390.43964883287,9478.94921875
train,5656,8.021167958856054,121,ok,crepe,9,SW_Yosefa,4122.39501953125,15565.224609375,10236.356530230978,9821.513671875
train,5657,24.54732014761334,92,ok,crepe,2,NSW_1,7793.6474609375,17045.810546875,10733.746315285012,10579.57275390625
train,5658,11.380766800394643,138,ok,crepe,9,SW_Yosefa,7349.912109375,14667.6220703125,9739.115769307326,9368.03125
train,5659,14.961285604363672,78,ok,crepe,9,SW_Yosefa,7435.78173828125,19423.634765625,10153.562895014045,8244.037109375
train,5660,16.47779801090971,93,ok,crepe,7,SW_Nikita,8733.8916015625,16852.05859375,12665.11072229456,12730.6728515625
train,5661,18.544135942411412,110,ok,crepe,4,SW_Luna,6539.84375,17859.990234375,12582.990984956095,10763.626953125
train,5662,8.776400961017833,66,ok,crepe,6,SW_Neo,5968.53271484375,10765.349609375,8312.99160293794,7262.56103515625
train,5663,18.946579772966672,130,ok,crepe,6,SW_Neo,7015.685546875,17646.3125,9224.116863071518,9471.1171875
train,5664,20.400999869447723,75,ok,crepe,9,SW_Yosefa,4892.41650390625,17041.58984375,8443.713339619253,8349.6708984375
train,5665,10.761700891841857,232,ok,crepe,7,SW_Nikita,8629.7607421875,18076.578125,15889.95173725329,16862.28125
train,5666,11.106320704697094,173,ok,crepe,8,SW_Shy,3315.69287109375,12948.58984375,9129.11789021164,9043.5986328125
train,5667,20.99248487904044,125,ok,crepe,9,SW_Yosefa,5969.515625,9694.912109375,7780.799160427518,7708.445068359375
train,5668,8.628926104651539,72,ok,crepe,4,SW_Luna,5904.6708984375,17647.287109375,10754.661871047247,10044.7158203125
train,5669,25.402183045907456,158,ok,crepe,6,SW_Neo,5970.20556640625,19424.4296875,9584.845201355318,9934.248046875
train,5670,9.12421129244356,169,ok,crepe,3,SW_Dana,5970.4326171875,17642.73828125,12852.75936126709,12880.48828125
train,5671,19.54986678954041,188,ok,crepe,3,SW_Dana,8938.98046875,19421.43359375,12767.396607586157,12573.33984375
train,5672,7.165286569759558,82,ok,crepe,9,SW_Yosefa,4367.111328125,19424.416015625,8707.581575163118,7883.92578125
train,5673,18.697519964133452,115,ok,crepe,6,SW_Neo,7187.900390625,10767.4375,9014.698786378816,9470.328125
train,5674,7.294716875280134,48,ok,crepe,4,SW_Luna,4573.5322265625,17646.015625,11114.681353400736,9579.564453125
train,5675,22.04961088850829,122,ok,crepe,2,NSW_1,5623.9853515625,19672.462890625,10362.642256142437,9932.56982421875
train,5676,9.488504600787012,133,ok,crepe,4,SW_Luna,5904.6318359375,19673.365234375,12129.475823567709,10341.5048828125
train,5677,5.052795044244851,112,ok,crepe,9,SW_Yosefa,6936.5283203125,14492.5888671875,9012.09490726501,8824.96484375
train,5678,12.908641777330068,138,ok,crepe,4,SW_Luna,4269.04931640625,17650.646484375,12515.153862494926,10768.3115234375
train,5679,15.443341908271718,135,ok,crepe,4,SW_Luna,6034.20947265625,19901.12109375,12521.257209146099,10641.921875
train,5680,19.524071385276795,134,ok,crepe,6,SW_Neo,6246.85595703125,19426.10546875,9828.696374670251,9696.2001953125
train,5681,18.94610874586741,160,ok,crepe,6,SW_Neo,6035.68798828125,17639.076171875,9842.419795083737,10154.5419921875
train,5682,16.09227551872818,68,ok,crepe,9,SW_Yosefa,5361.26708984375,17443.884765625,7781.910206330128,7791.55078125
train,5683,17.753803271100125,160,ok,crepe,3,SW_Dana,4725.7890625,18495.0625,11625.26924575222,10996.8740234375
train,5684,9.92994077366862,38,ok,crepe,1,NSW_2,5062.44091796875,17650.029296875,11929.956826853198,11797.5244140625
train,5685,3.32915016475199,65,ok,crepe,7,SW_Nikita,5622.47607421875,17448.50390625,12240.388636997768,13112.53759765625
train,5686,12.639513290136241,111,ok,crepe,4,SW_Luna,5297.1162109375,17645.017578125,12010.201293945312,10758.90185546875
train,5687,16.465314832795855,134,ok,crepe,6,SW_Neo,6855.1845703125,11933.2666015625,8805.228747082994,8827.1484375
train,5688,12.362077918950234,97,ok,crepe,6,SW_Neo,7013.39404296875,19210.740234375,10044.000989641461,9875.87158203125
train,5689,15.613282592057987,135,ok,crepe,4,SW_Luna,6707.16796875,17644.646484375,13153.369736708604,11673.9423828125
train,5690,11.587535140111955,139,ok,crepe,3,SW_Dana,5829.482421875,18078.31640625,11479.654974365234,10883.28076171875
train,5691,15.353643535076786,182,ok,crepe,7,SW_Nikita,5969.41015625,17863.478515625,15161.406907212679,16285.578125
train,5692,15.919100706728532,55,ok,crepe,7,SW_Nikita,6033.7890625,19906.916015625,12634.578019831732,14668.185546875
train,5693,21.676119579748026,166,ok,crepe,4,SW_Luna,6856.02978515625,17647.765625,12990.173807885363,11929.5595703125
train,5694,19.016114496346535,152,ok,crepe,6,SW_Neo,6779.9912109375,18076.88671875,10115.304529443642,10641.9150390625
train,5695,15.130221892967919,125,ok,crepe,4,SW_Luna,6249.2578125,19421.1796875,11868.543049568965,10518.310546875
train,5696,18.37524944102357,164,ok,crepe,4,SW_Luna,5178.43994140625,20782.302734375,11999.565071105957,11146.68798828125
train,5697,2.2043836522458755,96,ok,crepe,6,SW_Neo,7613.10986328125,16866.08984375,9805.600850613318,9696.75390625
train,5698,13.990777950069102,163,ok,crepe,4,SW_Luna,7097.931640625,21483.625,12895.351261613176,10882.4296875
train,5699,17.01810135061386,124,ok,crepe,3,SW_Dana,6247.2666015625,19427.16015625,13375.623150764628,14155.271484375
train,5700,12.453499245627139,22,ok,crepe,7,SW_Nikita,7350.630859375,14662.7421875,8938.792142427885,7794.230224609375
train,5701,6.591584465169978,101,ok,crepe,4,SW_Luna,6318.5771484375,19663.986328125,12077.980893342392,10768.552734375
train,5702,11.580497045291809,96,ok,crepe,7,SW_Nikita,8631.0703125,17048.66796875,15102.727327166864,15933.8603515625
train,5703,5.843165100099768,115,ok,crepe,9,SW_Yosefa,3315.614013671875,10055.1689453125,7925.133172188096,7708.0283203125
train,5704,9.97186502546994,155,ok,crepe,3,SW_Dana,6540.08544921875,16289.826171875,11845.17695694396,11403.341796875
train,5705,15.249647352618513,141,ok,crepe,9,SW_Yosefa,5904.48974609375,12072.923828125,8229.736493844697,8164.42919921875
train,5706,12.113343577634932,165,ok,crepe,7,SW_Nikita,5969.4619140625,17645.373046875,13966.017720973237,15569.16943359375
train,5707,17.302674922787528,115,ok,crepe,4,SW_Luna,8936.298828125,17653.126953125,13454.324838211287,11538.48486328125
train,5708,16.381467594276387,128,ok,crepe,4,SW_Luna,6247.5537109375,17444.427734375,13337.977023841595,14494.0732421875
train,5709,16.53264841962876,67,ok,crepe,6,SW_Neo,4367.533203125,17449.212890625,10540.32091821598,10639.9912109375
train,5710,9.383005137809677,112,ok,crepe,6,SW_Neo,7705.158203125,18967.34375,10819.648929751016,10761.623046875
train,5711,15.822181423099567,208,ok,crepe,3,SW_Dana,4267.537109375,19426.271484375,11880.223587294757,11544.7041015625
train,5712,14.025889720728472,89,ok,crepe,4,SW_Luna,4027.998291015625,19207.27734375,10951.175981001421,9928.962890625
train,5713,7.7027902623344975,122,ok,crepe,6,SW_Neo,5624.78271484375,19898.451171875,11245.736920525045,10051.90087890625
train,5714,10.373434405371151,131,ok,crepe,3,SW_Dana,4366.50537109375,19423.3046875,10415.104437934027,10162.935546875
train,5715,8.464303496013049,115,ok,crepe,6,SW_Neo,5762.1435546875,19427.53125,9867.775032043457,9587.60546875
train,5716,22.995857505441776,152,ok,crepe,4,SW_Luna,6464.5126953125,18083.50390625,12682.413791232639,10766.8408203125
train,5717,13.99652587628444,109,ok,crepe,6,SW_Neo,5426.84814453125,15930.8671875,8985.033676027313,9583.0703125
train,5718,22.625245088031967,145,ok,crepe,6,SW_Neo,5763.0537109375,18078.40625,10101.121750502558,9938.4580078125
train,5719,12.593043153325729,101,ok,crepe,7,SW_Nikita,6855.974609375,17644.978515625,13814.873845504502,15652.791015625
train,5720,10.923567376581305,161,ok,crepe,6,SW_Neo,7525.74609375,17860.927734375,11119.702568829378,10760.73828125
train,5721,11.389413191916017,126,ok,crepe,4,SW_Luna,6318.23681640625,17453.5859375,13175.341312032351,11930.830078125
train,5722,11.677195413087269,153,ok,crepe,4,SW_Luna,5240.25341796875,19424.73828125,11904.716081486193,10635.5615234375
train,5723,8.289449246277144,62,ok,crepe,7,SW_Nikita,7346.56298828125,18716.078125,14389.65921359592,16474.255859375
train,5724,6.772230644520157,155,ok,crepe,4,SW_Luna,6855.09326171875,18727.49609375,12319.36956681268,10760.734375
train,5725,6.26252143585635,177,ok,crepe,5,SW_Nana,3083.60595703125,17257.37890625,9801.487239915497,8934.4443359375
train,5726,25.308416958092224,192,ok,crepe,4,SW_Luna,7883.2587890625,17642.453125,12450.125722568666,10765.0576171875
train,5727,13.818873838172268,114,ok,crepe,9,SW_Yosefa,5178.40576171875,17044.091796875,8426.322027251477,8346.5283203125
train,5728,3.6936650404911644,59,ok,crepe,4,SW_Luna,6176.65283203125,19673.38671875,12097.460992628528,11536.91064453125
train,5729,5.04948520409553,208,ok,crepe,4,SW_Luna,3980.99951171875,18728.986328125,12076.498619626846,10517.7294921875
train,5730,13.670794742408834,102,ok,crepe,4,SW_Luna,6398.0625,17646.0390625,12480.514214409723,11146.216796875
train,5731,10.55562958995198,180,ok,crepe,4,SW_Luna,6463.33935546875,19213.869140625,12529.581008760055,10878.001953125
train,5732,11.375912336559434,130,ok,crepe,4,SW_Luna,7264.341796875,18966.27734375,12044.471847000656,10641.8017578125
train,5733,11.574596468797916,173,ok,crepe,4,SW_Luna,4413.47412109375,20779.890625,12873.881248988018,12067.107421875
train,5734,9.18123471565204,107,ok,crepe,4,SW_Luna,7014.9873046875,19904.95703125,13459.22761169938,12948.572265625
train,5735,16.6177131315105,199,ok,crepe,7,SW_Nikita,5968.81640625,19427.1328125,11649.4248450043,10282.345703125
train,5736,16.51071563462129,130,ok,crepe,5,SW_Nana,6247.1982421875,16862.013671875,9476.472767669882,9148.6416015625
train,5737,7.4399070328884465,139,ok,crepe,4,SW_Luna,6618.3466796875,18084.626953125,11752.583926026926,10519.3955078125
train,5738,18.49042387827678,84,ok,crepe,3,SW_Dana,9586.23828125,16856.6875,13405.141651900773,13119.5458984375
train,5739,23.84728180251498,116,ok,crepe,6,SW_Neo,4951.0498046875,17045.990234375,9040.40131981693,9474.78173828125
train,5740,17.01745964825017,136,ok,crepe,6,SW_Neo,5623.71044921875,16483.025390625,9143.137329889112,9478.3251953125
train,5741,20.323791594036834,151,ok,crepe,6,SW_Neo,5763.072265625,19427.029296875,10045.128605985094,10049.87255859375
train,5742,23.294833573984,166,ok,crepe,6,SW_Neo,5429.5419921875,19896.80078125,8743.455977182539,8630.1826171875
train,5743,14.2759502007426,82,ok,crepe,7,SW_Nikita,7016.11865234375,16672.021484375,14530.791015625,15744.0322265625
train,5744,11.993736627629385,59,ok,crepe,7,SW_Nikita,6855.8134765625,20334.56640625,8844.816887133049,7524.84814453125
train,5745,-2.1771673411097603,101,ok,crepe,2,NSW_1,5427.3515625,19204.7265625,12842.327233768205,14840.24609375
train,5746,12.482190780090864,111,ok,crepe,4,SW_Luna,5063.99072265625,17443.08984375,11321.67006138393,10521.212890625
train,5747,20.675151982020473,129,ok,crepe,6,SW_Neo,5178.1591796875,16480.529296875,9034.843736979166,9260.40380859375
train,5748,6.762972613541942,147,ok,crepe,6,SW_Neo,5969.966796875,17861.29296875,9429.102120535714,9581.294921875
train,5749,19.19593467893427,127,ok,crepe,6,SW_Neo,4623.119140625,11674.0810546875,8831.23149845876,9372.4755859375
train,5750,17.814325758822523,103,ok,crepe,5,SW_Nana,5426.29150390625,15029.51953125,9127.40001406912,8478.5556640625
train,5751,8.696316495347297,37,ok,crepe,1,NSW_2,7191.1015625,19667.306640625,10594.389114734739,9694.8671875
train,5752,4.421618101623091,68,ok,crepe,4,SW_Luna,4574.103515625,17445.671875,12189.01798930921,10765.92138671875
train,5753,13.888206477463815,141,ok,crepe,4,SW_Luna,6621.1796875,17648.08203125,11694.893894361414,10638.4580078125
train,5754,11.225372206529684,91,ok,crepe,7,SW_Nikita,6034.205078125,17440.6796875,13537.208345853365,15740.22705078125
train,5755,17.07274450891734,59,ok,crepe,4,SW_Luna,9586.619140625,17443.35546875,15919.792176177536,17042.9375
train,5756,7.091538863687889,124,ok,crepe,9,SW_Yosefa,4269.03271484375,17648.2734375,9716.563037817028,8730.59375
train,5757,12.898581215788166,65,ok,crepe,4,SW_Luna,5361.87255859375,16281.310546875,9982.880945154138,9936.9296875
train,5758,15.104620080554309,120,ok,crepe,9,SW_Yosefa,6539.4296875,19210.572265625,9555.359047154017,8937.56298828125
train,5759,24.63562910656025,151,ok,crepe,4,SW_Luna,4892.296875,18079.13671875,10756.652177226337,9822.8203125
train,5760,10.006686664831133,119,ok,crepe,6,SW_Neo,6938.14453125,17443.787109375,9422.00000364389,9581.20654296875
train,5761,23.808736474744805,141,ok,crepe,5,SW_Nana,5359.74853515625,19425.31640625,10467.206232518325,9474.79052734375
train,5762,18.301606207697567,148,ok,crepe,6,SW_Neo,4074.0546875,19422.7734375,9856.485857282367,9937.84619140625
train,5763,6.003534676408005,92,ok,crepe,4,SW_Luna,5902.15576171875,17643.96875,11803.892788085937,10520.14306640625
train,5764,17.192963112998704,97,ok,crepe,2,NSW_1,5970.5078125,17046.013671875,11230.2638898577,10576.55615234375
train,5765,15.6948482452047,194,ok,crepe,6,SW_Neo,7188.8603515625,17644.873046875,9849.574668422965,9473.9873046875
train,5766,10.847483133498734,80,ok,crepe,4,SW_Luna,7522.55810546875,17263.470703125,14558.916890238668,16290.134765625
train,5767,21.93000177257003,180,ok,crepe,4,SW_Luna,7434.978515625,17250.203125,11833.903092763956,10636.0224609375
train,5768,16.542085740557198,145,ok,crepe,6,SW_Neo,4413.271484375,11933.423828125,8662.911292558834,9308.7353515625
train,5769,3.889479926498292,161,ok,crepe,2,NSW_1,5063.3095703125,21004.203125,11462.55943359375,10640.595703125
train,5770,6.4783336801225815,51,ok,crepe,7,SW_Nikita,4517.0712890625,19433.24609375,14667.121126853814,17864.607421875
train,5771,16.296705452077894,82,ok,crepe,7,SW_Nikita,7096.9794921875,17255.23828125,13887.744867960611,15298.458984375
train,5772,9.011482522715138,138,ok,crepe,4,SW_Luna,8430.91796875,17444.005859375,12600.998413085938,11536.53271484375
train,5773,18.572167240294526,119,ok,crepe,2,NSW_1,5497.21728515625,18964.013671875,11734.617759054021,11407.9873046875
train,5774,24.44109035555649,149,ok,crepe,4,SW_Luna,7885.7216796875,21217.048828125,12763.872865188954,10637.4677734375
train,5775,8.947618548196207,55,ok,crepe,4,SW_Luna,6621.31103515625,19424.873046875,10633.055768122438,10399.1318359375
train,5776,9.550038838407705,210,ok,crepe,3,SW_Dana,6396.69677734375,15561.8359375,11264.420346380739,10762.4423828125
train,5777,10.59388455340513,122,ok,crepe,6,SW_Neo,3551.791748046875,17443.134765625,9203.014109584263,9581.02099609375
train,5778,22.23688270379219,154,ok,crepe,6,SW_Neo,5124.07177734375,20335.9375,8880.109157986111,8822.7978515625
train,5779,3.8805552974376516,120,ok,crepe,9,SW_Yosefa,5970.51953125,19671.13671875,9746.238035216811,8933.53515625
train,5780,16.525432482168693,78,ok,crepe,8,SW_Shy,5500.4541015625,17435.63671875,7830.214983258928,7885.15087890625
train,5781,15.24359628880182,143,ok,crepe,9,SW_Yosefa,4366.7666015625,17036.025390625,8269.589033991653,7438.353515625
train,5782,13.25143862113,51,ok,crepe,3,SW_Dana,8818.8271484375,17041.7421875,10188.261181640624,10161.939453125
train,5783,6.216474419835986,79,ok,crepe,9,SW_Yosefa,4413.67822265625,19896.50390625,11937.220344267696,11796.8154296875
train,5784,9.169836144368988,94,ok,crepe,6,SW_Neo,4892.68017578125,11140.994140625,10051.483853853666,10400.24755859375
train,5785,12.629373495854285,110,ok,crepe,7,SW_Nikita,7015.673828125,17251.572265625,13016.624910869295,12734.4296875
train,5786,4.627206390563757,61,ok,crepe,9,SW_Yosefa,5762.87109375,19425.05078125,11229.636582318475,9933.71142578125
train,5787,11.071475986317044,127,ok,crepe,6,SW_Neo,4172.0576171875,17252.8203125,9592.38677762079,9692.99609375
train,5788,19.060102734179797,128,ok,crepe,6,SW_Neo,4783.3955078125,17439.4296875,8929.645992772108,9476.671875
train,5789,5.59628550296293,101,ok,crepe,9,SW_Yosefa,4171.51806640625,17862.181640625,9346.614545549664,9247.7880859375
train,5790,22.180402865236996,182,ok,crepe,4,SW_Luna,7610.81494140625,17252.84375,12276.629457012737,10758.44140625
train,5791,20.05377398091996,152,ok,crepe,6,SW_Neo,5624.45556640625,17859.84765625,9009.457257459393,8731.125
train,5792,14.204314023235082,55,ok,crepe,4,SW_Luna,10400.404296875,18075.685546875,16106.677017211914,17441.916015625
train,5793,7.64788365689668,97,ok,crepe,2,NSW_1,5692.30908203125,19900.740234375,12478.9694179319,11285.50732421875
train,5794,12.377691467653705,58,ok,crepe,4,SW_Luna,7097.099609375,16281.1767578125,11459.629356384277,10281.8525390625
train,5795,10.883766606165004,73,ok,crepe,5,SW_Nana,6395.86376953125,16470.203125,11628.762945407774,10821.228515625
train,5796,13.119567734101372,105,ok,crepe,4,SW_Luna,7978.18359375,17438.865234375,11276.7708208133,10155.6630859375
train,5797,18.535004617264722,153,ok,crepe,3,SW_Dana,8825.7841796875,17252.0,11235.25538473289,11139.2626953125
train,5798,7.294038611663094,95,ok,crepe,6,SW_Neo,6936.34375,18484.275390625,9248.115247938367,9531.1279296875
train,5799,16.832330775321026,70,ok,crepe,5,SW_Nana,6465.185546875,16480.431640625,13459.049643911967,14167.74609375
train,5800,22.157337941801238,171,ok,crepe,9,SW_Yosefa,6539.283203125,19419.12109375,10196.541703204719,9698.2431640625
train,5801,9.914392554405012,70,ok,crepe,6,SW_Neo,6319.0361328125,19425.1484375,10336.548504717939,10277.3046875
train,5802,13.867028943991716,85,ok,crepe,6,SW_Neo,6318.58349609375,17443.21484375,10000.463373540522,9689.7255859375
train,5803,16.652966923320566,67,ok,crepe,5,SW_Nana,5693.22216796875,12073.609375,8997.763872195514,8934.5234375
train,5804,16.801671657245134,116,ok,crepe,4,SW_Luna,7348.28173828125,17648.19921875,12908.027609753964,10886.166015625
train,5805,17.011829237556917,103,ok,crepe,4,SW_Luna,7612.435546875,17654.357421875,12152.90960231749,10634.404296875
train,5806,5.347148464051735,37,ok,crepe,6,SW_Neo,7190.48583984375,10764.7763671875,9450.56396484375,9690.431640625
train,5807,10.759364622754877,142,ok,crepe,4,SW_Luna,8159.33349609375,17256.00390625,12994.345160923122,11795.8681640625
train,5808,22.069228640347376,223,ok,crepe,6,SW_Neo,8071.9482421875,11407.564453125,10176.411803260216,10637.98291015625
train,5809,13.971908189602122,95,ok,crepe,4,SW_Luna,7015.4228515625,19205.748046875,12534.120481095224,10765.28564453125
train,5810,15.296427826024235,149,ok,crepe,3,SW_Dana,6318.58154296875,20136.3046875,11434.219115479978,10636.4541015625
train,5811,16.788299059618698,57,ok,crepe,2,NSW_1,6540.37353515625,19422.068359375,11920.151142423116,10769.3740234375
train,5812,28.507741709689434,178,ok,crepe,6,SW_Neo,5765.640625,17452.841796875,10170.452198456554,10280.2236328125
train,5813,12.560728872223496,157,ok,crepe,4,SW_Luna,5179.619140625,18072.072265625,12415.167505437677,10823.1875
train,5814,13.134729625340466,40,ok,crepe,9,SW_Yosefa,4268.6982421875,17646.40625,8718.889792702415,7792.748291015625
train,5815,19.37745311994507,140,ok,crepe,3,SW_Dana,8070.3525390625,19418.177734375,11109.347437888198,10520.08984375
train,5816,13.912246651415781,80,ok,crepe,7,SW_Nikita,7094.9033203125,17448.9609375,13888.845766813858,15665.13232421875
train,5817,17.86400465258429,91,ok,crepe,4,SW_Luna,5178.4296875,18083.734375,12764.706105840774,12354.98828125
train,5818,8.625562249452104,104,ok,crepe,6,SW_Neo,5240.65478515625,19673.853515625,9368.668355855856,9372.001953125
train,5819,12.803698990490895,141,ok,crepe,9,SW_Yosefa,7520.97705078125,17252.021484375,9827.753252194252,9584.95654296875
train,5820,9.593450656818597,62,ok,crepe,4,SW_Luna,6463.115234375,19429.3984375,14303.374433876812,15024.98046875
train,5821,12.99259650589429,136,ok,crepe,6,SW_Neo,6856.1962890625,10760.048828125,8725.418980189732,8730.9140625
train,5822,10.709468990119547,63,ok,crepe,6,SW_Neo,7094.943359375,17444.8359375,10019.84915500217,10160.29150390625
train,5823,15.360348763016162,74,ok,crepe,7,SW_Nikita,5625.98388671875,18728.478515625,12906.110642206102,14242.9384765625
train,5824,9.89937307724337,111,ok,crepe,6,SW_Neo,5624.15234375,16282.646484375,9433.81537062122,9928.212890625
train,5825,26.781756232681808,152,ok,crepe,4,SW_Luna,5829.4013671875,17445.615234375,12385.211032911278,10875.35205078125
train,5826,17.860521918347516,130,ok,crepe,6,SW_Neo,6707.0986328125,17256.29296875,9033.461888193295,9473.0546875
train,5827,14.451113155622812,100,ok,crepe,6,SW_Neo,4623.4228515625,16284.2392578125,9433.596369735054,9692.7744140625
train,5828,7.26293294270614,124,ok,crepe,6,SW_Neo,4414.19189453125,17254.103515625,9162.492454807254,9251.5478515625
train,5829,24.340314790170346,92,ok,crepe,2,NSW_1,4838.31787109375,19208.0703125,11363.057566990363,10276.21875
train,5830,7.230938649790777,147,ok,crepe,6,SW_Neo,5499.1328125,19203.08203125,8798.12147845644,8945.2763671875
train,5831,15.410445125418251,193,ok,crepe,6,SW_Neo,5766.76953125,19425.05078125,8578.966159889915,8734.6396484375
train,5832,25.75444339902107,116,ok,crepe,9,SW_Yosefa,6540.9658203125,11288.849609375,8463.999637379366,8248.80908203125
train,5833,10.679353681696941,87,ok,crepe,7,SW_Nikita,6462.0751953125,17652.478515625,13504.24600904815,15647.93798828125
train,5834,21.3245152122672,131,ok,crepe,4,SW_Luna,5426.20361328125,17640.400390625,12539.83900441687,10768.9462890625
train,5835,17.678982906772884,74,ok,crepe,6,SW_Neo,5427.419921875,21485.408203125,10234.338818962191,8730.51171875
train,5836,10.420963737554473,104,ok,crepe,4,SW_Luna,8823.7392578125,17868.421875,13562.235646993173,10641.767578125
train,5837,12.868914694644726,105,ok,crepe,4,SW_Luna,5904.00927734375,19424.9375,12757.41158320986,11141.52197265625
train,5838,23.423258419729382,129,ok,crepe,6,SW_Neo,5763.0380859375,10880.0048828125,8901.675807291667,9368.60302734375
train,5839,25.086214837308276,220,ok,crepe,6,SW_Neo,4314.6279296875,17253.197265625,9536.992403206576,10274.638671875
train,5840,9.548026113423559,99,ok,crepe,2,NSW_1,5240.74169921875,19899.798828125,11983.288451048706,11403.9375
train,5841,15.01822717399888,159,ok,crepe,6,SW_Neo,5692.60302734375,16281.2685546875,8945.155384290541,9146.1513671875
train,5842,17.170921330504566,153,ok,crepe,5,SW_Nana,5691.958984375,16480.49609375,10223.660077676006,9589.3154296875
train,5843,12.786935940774653,114,ok,crepe,6,SW_Neo,7096.83837890625,16859.662109375,9952.330596224952,9581.072265625
train,5844,8.12569348482241,48,ok,crepe,4,SW_Luna,6856.08837890625,18721.3125,15218.21499746817,15236.826171875
train,5845,15.569577634241243,138,ok,crepe,6,SW_Neo,3551.908935546875,17443.6015625,8858.975360698085,9041.1533203125
train,5846,20.203866684457864,128,ok,crepe,9,SW_Yosefa,4676.9013671875,19666.923828125,11246.018481110874,9368.66650390625
train,5847,7.288153951870109,150,ok,crepe,9,SW_Yosefa,6781.40234375,16285.703125,10124.239985900518,9693.896484375
validation,0,16.024464922218133,84,ok,crepe,6,SW_Neo,6937.39501953125,10515.498046875,8629.130935668945,9041.8251953125
validation,1,17.546598504837313,267,ok,crepe,6,SW_Neo,7614.904296875,17042.017578125,10034.619178921568,10517.208984375
validation,2,17.8078077623092,213,ok,crepe,4,SW_Luna,5693.62060546875,17262.408203125,11477.99417450574,10523.0849609375
validation,3,13.432855754298467,85,ok,crepe,6,SW_Neo,4366.6455078125,10765.53515625,9194.407935855263,9249.58203125
validation,4,17.20694802398989,137,ok,crepe,6,SW_Neo,5497.6328125,19205.095703125,10607.520504662298,10051.39453125
validation,5,21.242866415432694,113,ok,crepe,9,SW_Yosefa,6464.1962890625,19420.73828125,8398.520775816494,8154.6826171875
validation,6,6.5979739141288345,132,ok,crepe,4,SW_Luna,4314.197265625,17444.427734375,11495.92702174831,10770.7412109375
validation,7,18.692202437284497,221,ok,crepe,5,SW_Nana,6033.35205078125,15750.3662109375,9409.04744944853,9253.6337890625
validation,8,9.666159431833094,95,ok,crepe,9,SW_Yosefa,5764.015625,16480.05078125,8238.765109080188,8024.282470703125
validation,9,18.042478344042166,108,ok,crepe,7,SW_Nikita,7705.1123046875,17452.142578125,13456.535414284806,14850.271484375
validation,10,19.783161449922588,142,ok,crepe,6,SW_Neo,5363.4541015625,20780.544921875,9087.960678100586,9422.71484375
validation,11,8.559915489264107,156,ok,crepe,6,SW_Neo,4726.19970703125,17443.400390625,8941.571046316963,9046.017578125
validation,12,18.62054353209065,89,ok,crepe,9,SW_Yosefa,3120.488525390625,10769.337890625,7942.783978212227,8065.5751953125
validation,13,15.33182164950573,59,ok,crepe,2,NSW_1,5902.4775390625,17450.8046875,11451.659223414179,11001.25
validation,14,-1.0587857851505538,31,ok,crepe,6,SW_Neo,6247.40283203125,17440.541015625,9936.295298549107,9689.5400390625
validation,15,15.905402700564977,91,ok,crepe,4,SW_Luna,5903.818359375,18729.529296875,11516.935149861274,10404.54296875
validation,16,22.87894642474582,138,ok,crepe,4,SW_Luna,6248.14208984375,20131.890625,12724.839979727058,10824.13623046875
validation,17,19.704807821212484,125,ok,crepe,6,SW_Neo,5428.109375,13110.7470703125,9060.692847521552,9481.044921875
validation,18,15.585654786127247,65,ok,crepe,9,SW_Yosefa,4574.54638671875,19421.96484375,8144.284114583334,7436.8828125
validation,19,12.612990612714226,105,ok,crepe,2,NSW_1,6399.22607421875,17254.216796875,10439.81937317929,10219.703125
validation,20,18.286249731246468,112,ok,crepe,2,NSW_1,5064.1201171875,15931.69921875,9861.624504089355,9640.1982421875
validation,21,3.605336518157846,117,ok,crepe,4,SW_Luna,8930.1484375,17047.84375,13560.775890625,15026.1474609375
validation,22,16.230555311074554,25,ok,crepe,9,SW_Yosefa,5904.056640625,9694.9306640625,7407.975821659483,7349.0283203125
validation,23,6.393904125958842,126,ok,crepe,5,SW_Nana,5558.25927734375,17445.234375,10889.653559331293,10405.0078125
validation,24,19.078660689592404,118,ok,crepe,6,SW_Neo,6396.6796875,17442.12109375,9488.55063868613,9925.1767578125
validation,25,-0.3521974032831329,63,ok,crepe,6,SW_Neo,4028.32177734375,10765.5517578125,8423.010435042843,7573.641845703125
validation,26,5.802349936386875,66,ok,crepe,4,SW_Luna,7264.2001953125,17649.36328125,11190.325342465754,10405.849609375
validation,27,12.322676914111558,129,ok,crepe,6,SW_Neo,5361.14990234375,14662.716796875,8150.533777185388,7191.881103515625
validation,28,12.093039633390212,71,ok,crepe,2,NSW_1,4366.99169921875,21483.0078125,11927.993779170049,11004.359375
validation,29,8.906266382449108,168,ok,crepe,4,SW_Luna,3981.725830078125,19424.982421875,12632.679999529997,10769.5302734375
validation,30,7.394674711082818,150,ok,crepe,4,SW_Luna,6396.6865234375,17443.845703125,13301.408601306734,14580.744140625
validation,31,19.429277849825766,132,ok,crepe,6,SW_Neo,7013.48046875,10876.1611328125,8871.0274267259,9144.37890625
validation,32,5.532208561250041,107,ok,crepe,4,SW_Luna,6707.88818359375,17864.20703125,13463.677250129133,11403.248046875
validation,33,15.009408364042844,145,ok,crepe,4,SW_Luna,6033.85693359375,19420.982421875,13302.878011573175,11933.22265625
validation,34,13.168876746526557,233,ok,crepe,3,SW_Dana,7792.5283203125,17442.328125,11257.732170446596,10516.70703125
validation,35,2.503867395657464,120,ok,crepe,4,SW_Luna,3277.22509765625,18496.4375,12360.12172205308,11001.2490234375
validation,36,5.499779026508734,101,ok,crepe,7,SW_Nikita,5903.8671875,21485.03125,12502.448059082031,10581.68798828125
validation,37,8.524768622424888,73,ok,crepe,8,SW_Shy,5427.15283203125,17440.99609375,10229.694465361446,10398.130859375
validation,38,16.547069672974676,89,ok,crepe,7,SW_Nikita,6036.7294921875,17644.255859375,11737.924064867424,14161.560546875
validation,39,14.511563670018939,217,ok,crepe,3,SW_Dana,5623.56689453125,17044.109375,11680.488972981771,11409.1005859375
validation,40,10.608250966629498,129,ok,crepe,9,SW_Yosefa,6391.7158203125,11790.271484375,8217.337791649072,7883.83740234375
validation,41,11.321696821918408,116,ok,crepe,6,SW_Neo,4367.5947265625,19420.115234375,9517.208274147728,9477.595703125
validation,42,3.8109127077668417,136,ok,crepe,4,SW_Luna,8158.99951171875,16481.68359375,12437.822343875201,11147.74462890625
validation,43,5.440885879474237,133,ok,crepe,4,SW_Luna,6100.6455078125,17256.076171875,12818.44809935693,11801.5771484375
validation,44,7.761217671960889,35,ok,crepe,0,NSW_3,6318.8046875,17650.05078125,10850.056420898438,11208.86376953125
validation,45,21.326824472177137,167,ok,crepe,4,SW_Luna,7519.28173828125,17443.50390625,12360.751180013021,10759.431640625
validation,46,19.27532943704685,151,ok,crepe,4,SW_Luna,8346.27734375,16675.515625,13253.003003929094,14499.84765625
validation,47,18.796147328766864,106,ok,crepe,8,SW_Shy,4366.5927734375,18968.759765625,8090.990109278151,8351.166015625
validation,48,9.721491683918565,109,ok,crepe,6,SW_Neo,6539.78759765625,17644.359375,9518.015953125,9697.30859375
validation,49,19.992095692487954,151,ok,crepe,4,SW_Luna,5903.869140625,18079.416015625,12483.569956110812,10632.14306640625
validation,50,18.970625374035443,245,ok,crepe,6,SW_Neo,5906.11328125,18739.294921875,9326.102806495694,8730.755859375
validation,51,22.211366582211838,137,ok,crepe,6,SW_Neo,5298.28564453125,17442.875,9113.256514537183,9529.38623046875
validation,52,15.471747512839142,135,ok,crepe,6,SW_Neo,4267.787109375,17440.783203125,10663.005764255277,10406.1064453125
validation,53,18.323992884732988,162,ok,crepe,4,SW_Luna,6706.92138671875,18726.5,12271.385147982804,10517.3095703125
validation,54,10.661148793175975,59,ok,crepe,9,SW_Yosefa,6537.44873046875,17645.263671875,7845.259773137019,7101.3828125
validation,55,19.827485545663095,100,ok,crepe,7,SW_Nikita,6461.6181640625,17252.93359375,12819.880863584322,14490.67333984375
validation,56,17.240370579339423,82,ok,crepe,7,SW_Nikita,8432.712890625,17033.419921875,14621.374003092447,15928.6240234375
validation,57,10.642323658584198,100,ok,crepe,7,SW_Nikita,6935.8583984375,17258.068359375,12566.150707579496,14163.07861328125
validation,58,19.41626626068077,137,ok,crepe,6,SW_Neo,7015.27734375,18968.1015625,10390.640130377435,10157.73583984375
validation,59,12.688668174912339,183,ok,crepe,6,SW_Neo,4269.01708984375,16478.0625,8638.75463751481,8932.01171875
validation,60,13.956246673795047,60,ok,crepe,4,SW_Luna,6853.525390625,17863.271484375,12759.233025045956,11795.880859375
validation,61,16.001739715374043,118,ok,crepe,6,SW_Neo,5903.55908203125,19900.291015625,9700.36619140625,9477.6865234375
validation,62,17.220650239431603,88,ok,crepe,9,SW_Yosefa,5903.2216796875,18725.31640625,9986.383683746937,8633.3740234375
validation,63,9.17913375589247,49,ok,crepe,4,SW_Luna,8823.7861328125,15938.91015625,10473.75148292824,9876.4921875
validation,64,12.264556379501455,91,ok,crepe,4,SW_Luna,6540.3232421875,17643.046875,10657.790311925552,10406.25927734375
validation,65,3.865762829645817,69,ok,crepe,9,SW_Yosefa,6034.5107421875,16866.35546875,10304.684044471154,10278.283203125
validation,66,21.07922961089549,127,ok,crepe,6,SW_Neo,5692.939453125,11539.150390625,9031.09404362859,9199.46484375
validation,67,15.735448238114223,142,ok,crepe,2,NSW_1,6100.81298828125,21003.80078125,11114.451759048656,10159.619140625
validation,68,7.1294321794752005,117,ok,crepe,4,SW_Luna,7098.3701171875,17447.626953125,12994.09586210029,11145.0
validation,69,26.197397595225862,169,ok,crepe,4,SW_Luna,4313.763671875,19894.1640625,10930.015620067867,10340.0322265625
validation,70,19.744112769265953,88,ok,crepe,6,SW_Neo,7191.22314453125,11012.8017578125,9658.585966506807,9588.0673828125
validation,71,9.652950497837905,155,ok,crepe,4,SW_Luna,5427.53466796875,19667.892578125,13071.50425905437,11138.203125
validation,72,15.501336027274355,104,ok,crepe,4,SW_Luna,7095.18505859375,17652.3203125,11352.789504478718,8942.95166015625
validation,73,4.8627985460144165,138,ok,crepe,4,SW_Luna,5500.84716796875,20338.544921875,12585.647592019715,10521.2001953125
validation,74,16.207138111382616,66,ok,crepe,6,SW_Neo,7095.92333984375,17252.369140625,10079.737825960727,10401.0615234375
validation,75,2.8330983217703087,22,ok,crepe,6,SW_Neo,5296.8310546875,19424.025390625,9359.36332370924,7705.66455078125
validation,76,13.5494675887348,156,ok,crepe,6,SW_Neo,5623.9150390625,14840.2265625,9002.619199555496,9198.06396484375
validation,77,9.793001099347144,91,ok,crepe,9,SW_Yosefa,7260.1943359375,12947.5966796875,9174.46016478307,8730.0693359375
validation,78,5.960472846601506,115,ok,crepe,9,SW_Yosefa,5970.1943359375,17449.33984375,11357.923215772285,10522.68701171875
validation,79,10.18711316678,111,ok,crepe,5,SW_Nana,6541.4130859375,16855.166015625,9135.73658956693,8431.5283203125
validation,80,10.444976947723372,87,ok,crepe,2,NSW_1,4366.48828125,17439.134765625,11539.700950386597,10766.3916015625
validation,81,11.772673493281296,63,ok,crepe,7,SW_Nikita,7880.1904296875,17441.5625,14810.09998548353,16108.04833984375
validation,82,9.790169999756932,80,ok,crepe,4,SW_Luna,7096.2353515625,16484.02734375,10115.1732421875,9928.47265625
validation,83,20.532551660303454,112,ok,crepe,5,SW_Nana,5427.8115234375,18731.876953125,9099.099895735433,8527.658203125
validation,84,13.283196494472955,102,ok,crepe,2,NSW_1,4367.16748046875,20779.390625,10928.199694068031,10285.9873046875
validation,85,12.836997904032115,72,ok,crepe,4,SW_Luna,5297.7880859375,17050.267578125,11570.797723679316,10520.67333984375
validation,86,7.806186079942074,161,ok,crepe,4,SW_Luna,6318.62890625,21214.43359375,13917.308343996947,16274.31005859375
validation,87,13.86057929015295,148,ok,crepe,4,SW_Luna,7100.92822265625,19423.30078125,12754.481771831863,11000.3857421875
validation,88,7.25699100437245,90,ok,crepe,4,SW_Luna,5623.21875,18727.693359375,11756.219618055555,10399.791015625
validation,89,19.535793419684904,80,ok,crepe,9,SW_Yosefa,4950.4326171875,19427.26171875,8709.852076753657,7794.54833984375
validation,90,14.253273313323069,84,ok,crepe,5,SW_Nana,7978.29638671875,17640.27734375,11280.637126490014,10402.5078125
validation,91,11.512301964890996,180,ok,crepe,5,SW_Nana,6033.30029296875,19670.3359375,10010.80485983456,9144.9296875
validation,92,14.005007843326121,63,ok,crepe,2,NSW_1,5361.62841796875,15197.73046875,11034.78501578553,11139.076171875
validation,93,18.397188541030374,113,ok,crepe,2,NSW_1,5694.83984375,20338.330078125,11571.889846075148,10699.015625
validation,94,7.582488494150528,124,ok,crepe,4,SW_Luna,6176.36279296875,17443.4296875,12624.908514178242,11137.580078125
validation,95,19.450627340371856,102,ok,crepe,2,NSW_1,4314.83349609375,17859.294921875,10290.625441978718,10758.03759765625
validation,96,7.79196755448883,193,ok,crepe,6,SW_Neo,5178.00537109375,19427.248046875,11230.785061245051,10279.7607421875
validation,97,11.241685957463986,160,ok,crepe,5,SW_Nana,6175.68115234375,18078.13671875,8873.459233881353,8347.7783203125
validation,98,9.097478739119932,96,ok,crepe,4,SW_Luna,6539.0029296875,19424.205078125,10065.695626075114,9697.9599609375
validation,99,14.216465071269049,81,ok,crepe,7,SW_Nikita,7613.7939453125,18078.9609375,15445.707231702303,16471.04296875
validation,100,16.198431625201835,179,ok,crepe,6,SW_Neo,5904.18359375,17441.8203125,8904.337687577352,9420.49658203125
validation,101,27.82546792890762,201,ok,crepe,6,SW_Neo,5425.08837890625,19423.486328125,9081.648481508182,8932.341796875
validation,102,12.473253518973317,233,ok,crepe,7,SW_Nikita,6935.8935546875,21006.80078125,16174.961723155546,16108.65185546875
validation,103,16.606648370057727,138,ok,crepe,4,SW_Luna,8158.13916015625,17863.271484375,12613.313893764835,10822.49365234375
validation,104,17.489695018157974,195,ok,crepe,5,SW_Nana,6707.13427734375,16853.0546875,9859.070865885416,9699.3896484375
validation,105,5.833954979264185,189,ok,crepe,5,SW_Nana,6035.5263671875,17045.015625,10164.440904278621,8992.904296875
validation,106,12.17577463998649,120,ok,crepe,6,SW_Neo,7017.0439453125,17252.5703125,9166.38767392792,9584.7109375
validation,107,19.95636952978169,80,ok,crepe,9,SW_Yosefa,7262.056640625,10633.828125,8611.05998263889,8576.23193359375
validation,108,5.466272138173249,110,ok,crepe,5,SW_Nana,6462.62158203125,17855.462890625,8356.84302939138,8202.287109375
validation,109,17.15151615603126,68,ok,crepe,4,SW_Luna,8068.37158203125,17247.986328125,11619.481896509098,10403.0263671875
validation,110,12.553749833151501,92,ok,crepe,4,SW_Luna,6856.4345703125,17434.7890625,12032.97725736178,10641.87353515625
validation,111,9.32592854993701,100,ok,crepe,4,SW_Luna,6034.830078125,18496.662109375,11912.670518183075,10765.1259765625
validation,112,19.034453386171926,111,ok,crepe,2,NSW_1,8070.6787109375,16291.4365234375,10638.7218125,10401.001953125
validation,113,6.824880126308242,66,ok,crepe,4,SW_Luna,8932.3359375,17655.78125,11706.465806934932,10522.013671875
validation,114,9.318886941540967,118,ok,crepe,9,SW_Yosefa,6539.7158203125,16102.666015625,9506.835138165508,9253.5263671875
validation,115,20.07908471849919,46,ok,crepe,4,SW_Luna,7978.9697265625,17253.595703125,15935.93443080357,16677.7578125
validation,116,16.429263306766302,77,ok,crepe,6,SW_Neo,6103.69140625,18725.82421875,10379.798855868254,10218.1357421875
validation,117,9.076044731696784,79,ok,crepe,3,SW_Dana,6033.21875,19425.232421875,12183.504616970486,11003.3017578125
validation,118,2.336616467351527,115,ok,crepe,6,SW_Neo,5427.60986328125,17042.17578125,8727.136451721191,9196.517578125
validation,119,16.317008474475696,107,ok,crepe,5,SW_Nana,6176.60400390625,10401.7578125,8425.546705513947,8429.029296875
validation,120,15.428861333093103,139,ok,crepe,4,SW_Luna,5905.0966796875,17452.951171875,12708.519960813885,11002.99072265625
validation,121,0.308574587727739,37,ok,crepe,7,SW_Nikita,8247.171875,17442.8828125,14542.096566133721,16281.4453125
validation,122,16.286382934051804,167,ok,crepe,4,SW_Luna,4219.30615234375,21489.58984375,10382.098353794643,10643.68359375
validation,123,0.6679971475493168,132,ok,crepe,8,SW_Shy,4268.94091796875,19424.115234375,12976.914089255137,10999.89453125
validation,124,13.972934240603239,89,ok,crepe,4,SW_Luna,7706.05712890625,17867.75,12294.891008649554,10940.3994140625
validation,125,-114.62159237915061,67,ok,crepe,6,SW_Neo,6540.12451171875,10764.220703125,9930.673606770833,10515.4150390625
validation,126,11.79992048753724,155,ok,crepe,6,SW_Neo,8631.888671875,11669.1845703125,10089.475977665961,10404.5888671875
validation,127,18.146626062709174,121,ok,crepe,5,SW_Nana,5694.291015625,12806.8671875,8970.116456860173,9251.5419921875
validation,128,26.095228075070263,196,ok,crepe,6,SW_Neo,5427.970703125,14666.69140625,8091.567526930754,7098.69140625
validation,129,25.317989534875288,108,ok,crepe,5,SW_Nana,6541.607421875,14842.361328125,10337.0334140625,9822.576171875
validation,130,8.174489288665315,112,ok,crepe,4,SW_Luna,7881.91650390625,18495.46484375,10290.711834574855,9697.287109375
validation,131,13.433875805737943,103,ok,crepe,4,SW_Luna,6705.3857421875,17866.802734375,12038.900070716594,10580.83154296875
validation,132,25.4632711909364,127,ok,crepe,6,SW_Neo,4892.2939453125,16282.2373046875,8834.469827586207,9043.4580078125
validation,133,7.440753264708929,95,ok,crepe,3,SW_Dana,6033.490234375,15401.42578125,11156.285734602548,10767.84765625
validation,134,16.069922186868272,107,ok,crepe,6,SW_Neo,6540.78125,11139.587890625,9294.138831899947,9926.642578125
validation,135,5.241206845029955,56,ok,crepe,4,SW_Luna,8828.09765625,18079.3671875,11001.460725911458,9932.9873046875
validation,136,9.897181407413758,104,ok,crepe,2,NSW_1,8159.4580078125,12076.251953125,10510.769243289264,10763.4814453125
validation,137,16.97636386729168,107,ok,crepe,2,NSW_1,4030.208984375,18731.69140625,10537.884067503874,10885.2529296875
validation,138,21.66104205360989,122,ok,crepe,4,SW_Luna,6539.93212890625,17446.4453125,13091.221714073503,10762.00830078125
validation,139,16.09303324312247,140,ok,crepe,4,SW_Luna,5427.966796875,18284.50390625,11286.197935874417,10406.314453125
validation,140,8.63867593468197,96,ok,crepe,2,NSW_1,7436.9130859375,18729.978515625,12446.245058952121,10883.7490234375
validation,141,25.12799346506044,140,ok,crepe,6,SW_Neo,4219.5126953125,17442.84765625,8947.929517663044,9037.02734375
validation,142,14.05472523054591,45,ok,crepe,9,SW_Yosefa,4622.7373046875,17040.27734375,8639.940467247596,8250.65380859375
validation,143,10.031287619058414,37,ok,crepe,7,SW_Nikita,8068.640625,17442.33984375,14693.804129464286,16485.4736328125
validation,144,10.812166309557208,181,ok,crepe,6,SW_Neo,4415.91845703125,14495.517578125,9983.183428630737,9820.4892578125
validation,145,23.29654534359236,140,ok,crepe,2,NSW_1,5623.29150390625,19902.482421875,9811.47456331073,9481.2861328125
validation,146,13.953223763735544,134,ok,crepe,4,SW_Luna,4028.389892578125,17452.84765625,13165.388825651888,11405.9951171875
validation,147,14.6792864225344,87,ok,crepe,9,SW_Yosefa,6620.15625,18965.0546875,8890.392771402994,8074.091552734375
validation,148,14.212709402576909,114,ok,crepe,7,SW_Nikita,3354.03466796875,17049.724609375,12967.73808300047,14489.7578125
validation,149,6.549962991844777,86,ok,crepe,6,SW_Neo,6318.2412109375,19424.16015625,10677.652852166559,10284.5556640625
validation,150,17.886515434209727,158,ok,crepe,4,SW_Luna,4219.6103515625,17646.009765625,12115.28731636379,10636.01123046875
validation,151,5.436168408008209,53,ok,crepe,4,SW_Luna,5763.240234375,18079.875,11391.225139749462,10402.73974609375
validation,152,17.067380296675122,92,ok,crepe,9,SW_Yosefa,5762.52978515625,8521.97265625,7233.712115119485,7015.521484375
validation,153,11.95474190774484,81,ok,crepe,4,SW_Luna,6246.5400390625,19426.015625,12075.20890842014,10519.580078125
validation,154,17.85771026159324,110,ok,crepe,9,SW_Yosefa,6463.74267578125,18075.109375,8142.4582923228345,7709.06298828125
validation,155,20.67394140848489,77,ok,crepe,2,NSW_1,7096.7490234375,17249.1875,11133.4949375898,10402.8232421875
validation,156,5.924570184967757,106,ok,crepe,4,SW_Luna,8527.0078125,19207.53125,13513.96800271739,13553.15625
validation,157,5.522638891154804,147,ok,crepe,4,SW_Luna,5297.54345703125,19670.705078125,11099.835532583842,10640.55029296875
validation,158,6.445262844754377,71,ok,crepe,4,SW_Luna,4315.14453125,19417.638671875,10449.18450689935,9816.626953125
validation,159,17.803650912804628,131,ok,crepe,4,SW_Luna,7883.77685546875,19420.9453125,12960.8962890625,11007.84375
validation,160,16.246737213887975,127,ok,crepe,6,SW_Neo,6854.8759765625,11671.908203125,9254.114780479753,9694.81396484375
validation,161,9.81997445175754,107,ok,crepe,4,SW_Luna,6622.20703125,19898.03515625,11405.607325025827,10047.6669921875
validation,162,17.093006769350307,116,ok,crepe,7,SW_Nikita,5360.33154296875,17447.673828125,11746.032062587454,13328.51953125
validation,163,14.007251921667326,158,ok,crepe,5,SW_Nana,5904.4072265625,15929.755859375,9714.510837720789,8821.92626953125
validation,164,14.675072717128582,242,ok,crepe,3,SW_Dana,8526.6748046875,16103.4169921875,12140.527151925224,11793.87841796875
validation,165,18.172015543820116,147,ok,crepe,6,SW_Neo,5762.92041015625,17255.11328125,8662.555715762868,8632.2509765625
validation,166,12.303108139708684,111,ok,crepe,4,SW_Luna,6035.0576171875,20782.919921875,12708.634954372374,11411.583984375
validation,167,2.8644702891409497,54,ok,crepe,7,SW_Nikita,6396.25732421875,17047.021484375,14409.844907699093,15840.8896484375
validation,168,8.089566982155773,110,ok,crepe,5,SW_Nana,4366.796875,17452.990234375,12400.12409886306,11404.6884765625
validation,169,16.17358856775834,113,ok,crepe,2,NSW_1,5063.21728515625,17441.6953125,10421.139898255815,10401.5146484375
validation,170,19.59761973577178,160,ok,crepe,4,SW_Luna,5122.451171875,17447.42578125,11291.57536594842,10405.0390625
validation,171,13.484792161231912,76,ok,crepe,2,NSW_1,5695.4501953125,17645.916015625,10564.961459847384,10280.08544921875
validation,172,18.390374400289694,114,ok,crepe,6,SW_Neo,3798.92138671875,19428.623046875,9788.437601412259,9816.216796875
validation,173,8.920915160724268,183,ok,crepe,2,NSW_1,4892.8046875,21489.953125,12024.896996359223,10996.95849609375
validation,174,8.678240970052126,37,ok,crepe,7,SW_Nikita,4268.33447265625,12072.0849609375,8592.113977050782,8297.35302734375
validation,175,17.34213224725358,170,ok,crepe,7,SW_Nikita,4726.18896484375,17648.494140625,13908.952579999212,16675.7822265625
validation,176,14.889302801312796,93,ok,crepe,7,SW_Nikita,3120.405517578125,16480.998046875,11483.027115433304,11666.81005859375
validation,177,9.59657993579394,117,ok,crepe,4,SW_Luna,8631.18359375,17443.775390625,12931.955070495605,10823.80859375
validation,178,21.317694000174683,183,ok,crepe,6,SW_Neo,5624.14501953125,17449.4765625,8942.66770848688,9040.57275390625
validation,179,22.571534891353654,146,ok,crepe,6,SW_Neo,5426.7724609375,10875.6298828125,8479.002124604725,8879.17333984375
validation,180,14.534048871361636,156,ok,crepe,4,SW_Luna,6099.27685546875,17438.24609375,10478.732844688373,10275.7724609375
validation,181,9.763083752497906,100,ok,crepe,4,SW_Luna,6176.3896484375,19211.31640625,11599.582554722692,10760.3369140625
validation,182,11.910737442370058,180,ok,crepe,4,SW_Luna,4460.884765625,20335.822265625,12466.805986278554,11538.46484375
validation,183,14.222167804552257,80,ok,crepe,7,SW_Nikita,8631.515625,17448.46875,15522.2861328125,16291.1376953125
validation,184,13.5828192148439,153,ok,crepe,4,SW_Luna,5904.18701171875,19204.6953125,12149.72441917242,10765.4345703125
validation,185,14.189418800943177,73,ok,crepe,7,SW_Nikita,6853.68896484375,17253.748046875,13322.077003115699,14494.8486328125
validation,186,10.344234256590635,97,ok,crepe,4,SW_Luna,8525.6689453125,17255.89453125,13366.141610521789,12354.08203125
validation,187,3.0412043743511257,167,ok,crepe,4,SW_Luna,5178.3935546875,19899.904296875,13962.939178781411,16575.736328125
validation,188,14.924713889533974,67,ok,crepe,9,SW_Yosefa,6397.3037109375,19901.455078125,7561.3904086728635,7189.50732421875
validation,189,14.972298400200357,32,ok,crepe,9,SW_Yosefa,6540.73828125,16478.46875,11149.901925223214,10642.111328125
validation,190,7.370764714886677,85,ok,crepe,6,SW_Neo,6856.37158203125,12803.595703125,8647.577631578948,8940.419921875
validation,191,3.0646792928106437,153,ok,crepe,9,SW_Yosefa,5297.6484375,19671.876953125,11061.256893382353,10633.81982421875
validation,192,8.734312728818466,119,ok,crepe,9,SW_Yosefa,6033.33251953125,17253.138671875,8107.2690645105695,7658.897216796875
validation,193,12.47200923335967,101,ok,crepe,6,SW_Neo,7191.58203125,10881.029296875,9805.056960384403,10048.935546875
validation,194,12.27958016078629,136,ok,crepe,4,SW_Luna,4267.3720703125,19423.40234375,14314.446830897177,14662.859375
validation,195,13.704859185010314,109,ok,crepe,4,SW_Luna,5427.00732421875,18290.458984375,11176.018755512852,10281.71337890625
validation,196,15.940778581785175,136,ok,crepe,4,SW_Luna,6247.81201171875,19414.96875,11017.884703360947,9475.7197265625
validation,197,9.911186628948697,116,ok,crepe,6,SW_Neo,6246.5009765625,10766.8115234375,9288.55443572998,9636.38720703125
validation,198,12.176645447059773,166,ok,crepe,2,NSW_1,4122.27783203125,19674.4375,11410.988461581144,10765.31201171875
validation,199,7.62921990304858,76,ok,crepe,4,SW_Luna,6462.7265625,17042.2734375,11119.057825600228,10641.32763671875
validation,200,7.945774281207348,23,ok,crepe,9,SW_Yosefa,10640.744140625,11932.498046875,10873.0804296875,10769.705078125
validation,201,13.569589093407231,101,ok,crepe,6,SW_Neo,6395.31005859375,11795.314453125,9492.607421875,9926.65673828125
validation,202,8.028416266985811,147,ok,crepe,4,SW_Luna,6398.02685546875,21003.8984375,13267.455180757364,13266.4248046875
validation,203,18.395713783193706,214,ok,crepe,5,SW_Nana,6176.21826171875,19671.13671875,10050.261537613407,9476.20947265625
validation,204,7.243152630041254,160,ok,crepe,5,SW_Nana,6316.30322265625,19424.30078125,9886.823490466102,8734.837890625
validation,205,10.52625328749638,141,ok,crepe,6,SW_Neo,6538.22509765625,18080.138671875,11124.664563065055,11004.5703125
validation,206,13.561460603963924,83,ok,crepe,4,SW_Luna,5970.140625,17649.900390625,13019.233225504557,12654.2177734375
validation,207,15.605883996026598,93,ok,crepe,4,SW_Luna,7523.0869140625,17645.6953125,12236.383045441513,10767.1962890625
validation,208,15.74286420472945,169,ok,crepe,5,SW_Nana,6620.23681640625,17250.767578125,10239.230901943109,9583.54296875
validation,209,18.516694017135105,88,ok,crepe,4,SW_Luna,8632.7734375,17861.91015625,12564.695264155322,10765.8935546875
validation,210,10.959351080081731,136,ok,crepe,6,SW_Neo,5428.80859375,19426.82421875,9061.690593540268,9473.06640625
validation,211,4.85885970215119,97,ok,crepe,4,SW_Luna,9932.763671875,17265.056640625,14529.589399857954,16280.58935546875
validation,212,12.370757871092826,185,ok,crepe,4,SW_Luna,3934.435546875,19669.04296875,12764.287347730302,11537.2900390625
validation,213,8.755075258560405,137,ok,crepe,6,SW_Neo,4219.27685546875,19212.65625,10658.757604166667,10642.70458984375
validation,214,6.204495332831765,114,ok,crepe,4,SW_Luna,5763.9248046875,19676.482421875,12752.93663671875,11002.5302734375
validation,215,16.18575616104686,142,ok,crepe,4,SW_Luna,8068.9638671875,17262.921875,13172.748576838796,12653.1259765625
validation,216,6.129257596753055,141,ok,crepe,6,SW_Neo,6318.830078125,17645.625,9441.955422071542,9580.5361328125
validation,217,10.974934593491984,134,ok,crepe,6,SW_Neo,4413.7294921875,19426.984375,9619.41371055702,9640.61767578125
validation,218,6.1319574538549055,105,ok,crepe,7,SW_Nikita,7015.029296875,19426.240234375,10239.570281427557,8113.18310546875
validation,219,13.663014151606239,117,ok,crepe,6,SW_Neo,6782.73876953125,11284.1494140625,9040.737140712454,9421.2099609375
validation,220,6.138976447346219,112,ok,crepe,4,SW_Luna,8631.146484375,17643.98046875,12105.542456054687,10767.11962890625
validation,221,10.46963836531864,148,ok,crepe,6,SW_Neo,5903.4921875,17252.619140625,9550.445991847826,9694.8095703125
validation,222,10.436931940516113,169,ok,crepe,3,SW_Dana,7265.6796875,17644.166015625,11273.632615163537,10760.240234375
validation,223,13.995445274590262,183,ok,crepe,2,NSW_1,5179.3525390625,20779.705078125,12577.698408860426,11001.2685546875
validation,224,19.890801485885273,192,ok,crepe,5,SW_Nana,5904.4443359375,17648.044921875,10081.464925498445,9694.90234375
validation,225,4.975489147910158,49,ok,crepe,7,SW_Nikita,7266.92138671875,17250.705078125,14973.59493314303,16281.5205078125
validation,226,16.789674395027067,156,ok,crepe,6,SW_Neo,6622.77587890625,10876.2548828125,8704.225563992275,8878.03955078125
validation,227,7.659036597268711,61,ok,crepe,6,SW_Neo,9042.3369140625,17443.125,10726.82772549716,9931.779296875
validation,228,21.186180999086133,129,ok,crepe,2,NSW_1,4314.44970703125,19898.45703125,10509.418748689179,10156.3369140625
validation,229,16.250621533999826,172,ok,crepe,6,SW_Neo,5123.67919921875,14495.640625,8237.942952887055,7260.474609375
validation,230,8.52075083178096,89,ok,crepe,5,SW_Nana,6396.41357421875,17441.92578125,9098.456381788532,8728.046875
validation,231,8.947824903169199,174,ok,crepe,6,SW_Neo,5829.33203125,17646.15625,10399.32971057263,10760.7763671875
validation,232,16.35893049254648,102,ok,crepe,7,SW_Nikita,7981.91845703125,17649.509765625,13949.51526191907,15032.31640625
validation,233,12.868151474532661,247,ok,crepe,6,SW_Neo,4219.11669921875,19896.556640625,10425.387098332598,9935.6337890625
validation,234,15.431750372656003,127,ok,crepe,6,SW_Neo,3841.679443359375,17648.83203125,9680.693608673526,10048.67822265625
validation,235,6.690094028384164,122,ok,crepe,6,SW_Neo,5829.48779296875,17253.486328125,8839.441099330357,7748.78515625
validation,236,18.070739894453883,95,ok,crepe,2,NSW_1,4314.0732421875,17452.6796875,10872.82666015625,10877.0166015625
validation,237,10.65582490445584,136,ok,crepe,6,SW_Neo,6318.4375,19425.7578125,9128.404016033497,9474.8984375
validation,238,17.816000502375488,122,ok,crepe,6,SW_Neo,5904.4541015625,18497.654296875,9118.14050738481,9472.447265625
validation,239,11.974899431431485,86,ok,crepe,6,SW_Neo,7097.55615234375,16679.6875,9198.226109455542,9366.92578125
validation,240,15.929687727239,155,ok,crepe,4,SW_Luna,5903.9375,17862.55859375,12475.470237293463,10822.072265625
validation,241,11.908896388408273,124,ok,crepe,7,SW_Nikita,6102.61767578125,17446.283203125,11385.966124603714,8832.8046875
validation,242,10.005133107364724,235,ok,crepe,4,SW_Luna,4268.93115234375,17251.587890625,11813.366580397456,11140.345703125
validation,243,11.434397900298896,60,ok,crepe,2,NSW_1,8160.4775390625,20552.537109375,12405.050110774253,11535.60546875
validation,244,12.841934643095318,67,ok,crepe,7,SW_Nikita,7189.0478515625,17649.4921875,14923.62843724301,15932.65478515625
validation,245,21.49259537848662,109,ok,crepe,2,NSW_1,5969.34326171875,19679.640625,11129.9687265625,10886.5146484375
validation,246,13.119887370065053,125,ok,crepe,6,SW_Neo,4269.509765625,19672.8984375,9332.611715262277,9756.5400390625
validation,247,5.908432268954712,66,ok,crepe,6,SW_Neo,7264.3583984375,17859.40625,11217.777643694197,9762.64404296875
validation,248,6.726817807369495,144,ok,crepe,9,SW_Yosefa,7098.0888671875,19672.29296875,8700.192011227398,8066.923828125
validation,249,10.031160619836598,25,ok,crepe,7,SW_Nikita,7098.060546875,17446.09765625,11393.304777922454,8431.21875
validation,250,10.174878449201055,114,ok,crepe,9,SW_Yosefa,6034.20361328125,20126.58203125,11988.29324389261,10523.07421875
validation,251,17.922326592085117,157,ok,crepe,4,SW_Luna,6938.10107421875,17452.09765625,11829.861875755352,10761.037109375
validation,252,9.63951164879309,132,ok,crepe,5,SW_Nana,6620.232421875,19424.26953125,9101.801106770834,8158.999267578125
validation,253,8.756618369151635,135,ok,crepe,4,SW_Luna,4676.15771484375,17649.1875,12068.532142487582,10404.8291015625
validation,254,17.924427613859525,113,ok,crepe,6,SW_Neo,5903.404296875,11927.703125,9174.472243088941,9529.74853515625
validation,255,21.556334066920478,142,ok,crepe,4,SW_Luna,6462.6171875,17455.431640625,13006.803969964749,10882.41796875
validation,256,11.776049792978299,110,ok,crepe,4,SW_Luna,6539.96875,18081.041015625,13303.676981941599,11794.8505859375
validation,257,17.742723069838007,161,ok,crepe,4,SW_Luna,7099.47021484375,19423.845703125,12512.722781032986,10756.2919921875
validation,258,12.014829324382175,103,ok,crepe,4,SW_Luna,7980.451171875,17652.451171875,13185.477202018805,11667.796875
validation,259,5.242637516050975,148,ok,crepe,3,SW_Dana,6176.04248046875,15745.47265625,12109.755774583646,11934.955078125
validation,260,4.402728312777277,233,ok,crepe,3,SW_Dana,7094.74609375,18726.68359375,11991.928815440499,11665.857421875
validation,261,9.925769069909194,86,ok,crepe,2,NSW_1,5427.904296875,21478.21484375,14067.633449835526,12662.0986328125
validation,262,12.930790238521475,105,ok,crepe,6,SW_Neo,5623.689453125,16864.154296875,9995.575343027836,10280.341796875
validation,263,1.9811860311809113,125,ok,crepe,4,SW_Luna,8160.72509765625,16284.9375,11276.431527151188,10764.63916015625
validation,264,12.338270688561142,65,ok,crepe,2,NSW_1,5623.0185546875,17860.3203125,11059.972336989184,10764.53271484375
validation,265,17.840083671595988,35,ok,crepe,9,SW_Yosefa,5970.5654296875,18725.94140625,8788.461280616553,7797.6162109375
validation,266,20.76663397209167,122,ok,crepe,9,SW_Yosefa,5361.5009765625,13554.82421875,8614.156745207225,8523.38671875
validation,267,6.827475206634309,69,ok,crepe,4,SW_Luna,7704.12109375,17860.390625,10338.927540314504,10341.76806640625
validation,268,24.417108051999563,152,ok,crepe,4,SW_Luna,4783.8857421875,19421.7734375,10973.190348772321,9582.0126953125
validation,269,8.338834566814947,170,ok,crepe,4,SW_Luna,7097.54931640625,17645.724609375,12468.953266001003,11672.2314453125
validation,270,16.238440508078927,210,ok,crepe,6,SW_Neo,6463.51025390625,17647.05859375,9995.475483357406,10164.65673828125
validation,271,21.109369912784395,127,ok,crepe,6,SW_Neo,5123.98388671875,16477.8828125,9094.656446668836,9637.30322265625
validation,272,14.933410581319936,114,ok,crepe,7,SW_Nikita,6463.59326171875,17264.587890625,12631.127360026041,14665.64306640625
validation,273,17.454471369934943,213,ok,crepe,3,SW_Dana,8346.009765625,17863.154296875,12423.493212090163,12355.81201171875
validation,274,16.059577308264863,26,ok,crepe,7,SW_Nikita,7262.603515625,14499.455078125,9803.073158001078,7794.458984375
validation,275,12.591974291416237,99,ok,crepe,4,SW_Luna,5829.24560546875,19207.951171875,11657.523402308558,10522.908203125
validation,276,10.806797994467113,185,ok,crepe,6,SW_Neo,4949.94189453125,19423.439453125,9960.087706915223,9818.74462890625
validation,277,13.58064323970552,64,ok,crepe,9,SW_Yosefa,5361.8056640625,17438.7421875,7611.638020833333,7099.33837890625
validation,278,17.277243042505198,110,ok,crepe,9,SW_Yosefa,4366.53564453125,17862.38671875,10669.738846425935,10277.171875
validation,279,11.664372516067477,129,ok,crepe,3,SW_Dana,5904.5732421875,17444.806640625,12088.509832512842,11605.3564453125
validation,280,10.150993961742989,75,ok,crepe,4,SW_Luna,5498.68701171875,19670.921875,9106.900008979885,8635.861328125
validation,281,12.977036281474374,106,ok,crepe,4,SW_Luna,7097.7392578125,21218.673828125,14135.27113620924,16479.7109375
validation,282,8.493411661499133,197,ok,crepe,5,SW_Nana,5008.27392578125,17250.3671875,9738.7117779487,8527.60498046875
validation,283,9.156097833533131,137,ok,crepe,4,SW_Luna,6539.68994140625,17448.796875,11928.14664607853,10878.37939453125
validation,284,12.275806798590853,96,ok,crepe,4,SW_Luna,6317.91748046875,18728.2578125,11594.14157808744,10286.54345703125
validation,285,14.33213123408385,76,ok,crepe,4,SW_Luna,6034.162109375,17859.943359375,12166.634202665442,10633.072265625
validation,286,14.606435243694737,108,ok,crepe,6,SW_Neo,6396.80078125,19422.837890625,9760.58153076172,9993.3232421875
validation,287,5.819206174336688,166,ok,crepe,4,SW_Luna,6034.4794921875,17862.677734375,10392.94398716518,9934.732421875
validation,288,16.95333864779969,177,ok,crepe,6,SW_Neo,5499.005859375,19423.7890625,9321.690244732481,9094.62109375
validation,289,16.757287181153323,45,ok,crepe,9,SW_Yosefa,4366.8359375,12359.4638671875,8407.454781326593,8246.806640625
validation,290,12.772281902558868,194,ok,crepe,7,SW_Nikita,6032.931640625,19419.025390625,14415.490309495191,16111.5615234375
validation,291,13.498761421569847,150,ok,crepe,4,SW_Luna,5426.607421875,18074.4375,12322.716703193133,11071.50439453125
validation,292,20.20731874258102,89,ok,crepe,4,SW_Luna,9256.900390625,19672.521484375,12899.687404258579,11209.3779296875
validation,293,15.015889282317463,113,ok,crepe,5,SW_Nana,6463.271484375,16477.947265625,10903.339702111165,9933.8466796875
validation,294,21.4003176452273,164,ok,crepe,4,SW_Luna,5498.76220703125,19424.314453125,12557.351024607286,12072.5048828125
validation,295,8.012266137862582,120,ok,crepe,6,SW_Neo,6319.08447265625,10768.00390625,9152.269907121177,9586.8837890625
validation,296,21.029192612610906,131,ok,crepe,4,SW_Luna,8157.484375,16676.60546875,12547.656605701573,11408.130859375
validation,297,20.454776480649205,166,ok,crepe,7,SW_Nikita,6703.1982421875,17044.09765625,9601.0386181092,7749.47607421875
validation,298,16.39543423385094,109,ok,crepe,4,SW_Luna,7981.037109375,17451.169921875,13338.497268800813,11669.111328125
validation,299,12.255911466222853,121,ok,crepe,6,SW_Neo,5829.6748046875,17443.134765625,9010.215967514936,8822.0908203125
validation,300,11.682290816744633,99,ok,crepe,4,SW_Luna,6035.18115234375,17242.09765625,11357.724341881794,10643.0185546875
validation,301,10.829291564672673,117,ok,crepe,5,SW_Nana,6398.0498046875,17860.203125,8501.596701882103,8067.509033203125
validation,302,16.367167993906254,87,ok,crepe,4,SW_Luna,8627.6787109375,17864.689453125,13077.616818797831,10881.3349609375
validation,303,14.325621775484564,188,ok,crepe,6,SW_Neo,3511.121826171875,17647.61328125,10215.380063363009,10051.38671875
validation,304,6.186784183050964,81,ok,crepe,7,SW_Nikita,6033.71533203125,17854.494140625,12755.335077700407,12657.771484375
validation,305,11.433716585086849,80,ok,crepe,4,SW_Luna,7613.3427734375,17247.876953125,12279.890078337296,10518.68310546875
validation,306,15.60944287217555,68,ok,crepe,2,NSW_1,5428.1826171875,17244.55859375,11117.081311677632,10461.07421875
validation,307,12.536216128201374,149,ok,crepe,4,SW_Luna,7612.6005859375,17646.02734375,12761.487844669118,11736.49560546875
validation,308,16.663947708249278,205,ok,crepe,4,SW_Luna,7097.51220703125,17450.81640625,11899.68037804001,10631.076171875
validation,309,13.297028686292114,122,ok,crepe,9,SW_Yosefa,6036.39404296875,17443.8671875,8007.540100097656,7263.55810546875
validation,310,18.312101165470192,159,ok,crepe,6,SW_Neo,5361.7119140625,17649.18359375,8726.814976476175,8942.6455078125
validation,311,15.803559071333108,69,ok,crepe,2,NSW_1,5361.1611328125,19216.650390625,11440.207643146756,10769.640625
validation,312,14.15957973391608,157,ok,crepe,5,SW_Nana,5971.05859375,17444.4375,10441.172035047743,9371.16552734375
validation,313,6.48805257102957,139,ok,crepe,5,SW_Nana,4268.69677734375,19209.76171875,8516.419334010074,8434.16796875
validation,314,12.933031903319744,200,ok,crepe,3,SW_Dana,6540.07861328125,19425.23828125,12705.704946912858,12355.736328125
validation,315,14.831353115369625,139,ok,crepe,9,SW_Yosefa,3842.501220703125,18728.76953125,6762.051045866935,6101.79150390625
validation,316,15.962028607296535,117,ok,crepe,6,SW_Neo,7098.08203125,20555.947265625,9539.177603194963,9696.060546875
validation,317,17.16062218435826,125,ok,crepe,1,NSW_2,5427.8056640625,19430.248046875,11121.62960881295,10643.2412109375
validation,318,8.277960003094368,92,ok,crepe,4,SW_Luna,5904.18896484375,19897.779296875,13183.08998824139,11798.42138671875
validation,319,22.391810741509683,188,ok,crepe,6,SW_Neo,5178.0478515625,11672.41015625,8272.066576580668,7188.34765625
validation,320,19.247943517108325,159,ok,crepe,3,SW_Dana,4074.295654296875,16866.267578125,10619.434484533362,9585.2783203125
validation,321,10.454599129545452,189,ok,crepe,5,SW_Nana,5969.4619140625,17043.71484375,8449.615234375,7977.4189453125
validation,322,10.767916814276898,99,ok,crepe,2,NSW_1,5558.27392578125,19417.587890625,10644.205810546875,10881.60693359375
validation,323,6.950238601768954,119,ok,crepe,4,SW_Luna,5971.453125,18493.1796875,11442.112992720171,10405.4482421875
validation,324,0.5324288414720955,117,ok,crepe,3,SW_Dana,6465.75634765625,14328.138671875,10793.969999854244,10636.9208984375
validation,325,14.392098073901494,177,ok,crepe,4,SW_Luna,7792.04833984375,17443.4140625,11997.70583984375,10519.09619140625
validation,326,9.049183363720811,97,ok,crepe,4,SW_Luna,8159.3173828125,19900.5625,13075.015369862049,11140.029296875
validation,327,13.820604059028042,69,ok,crepe,9,SW_Yosefa,4073.4287109375,21488.220703125,11606.664250753012,9929.57421875
validation,328,11.107179823767284,63,ok,crepe,7,SW_Nikita,6033.6474609375,17256.892578125,14783.096253301057,16477.51171875
validation,329,16.76317787853318,173,ok,crepe,6,SW_Neo,5968.37109375,11281.263671875,9734.435817871094,9930.80908203125
validation,330,12.457867908070803,78,ok,crepe,7,SW_Nikita,8159.1884765625,18081.46484375,15556.601753322557,16677.0859375
validation,331,6.648015337825006,130,ok,crepe,6,SW_Neo,5427.283203125,11672.447265625,8452.873434824487,7612.8388671875
validation,332,21.47639801731206,131,ok,crepe,7,SW_Nikita,7613.0166015625,17248.732421875,12813.879963121915,15400.74951171875
validation,333,11.239771679404436,58,ok,crepe,9,SW_Yosefa,5829.4228515625,19674.62109375,9112.690444946289,8631.4189453125
validation,334,19.756837894934748,142,ok,crepe,4,SW_Luna,5557.8076171875,17864.85546875,11312.668775475544,10280.6298828125
validation,335,11.184894289229641,80,ok,crepe,7,SW_Nikita,6781.85791015625,18073.7734375,14771.501797518888,16679.96875
validation,336,11.016241374309717,135,ok,crepe,4,SW_Luna,8349.0146484375,17645.017578125,12829.29053053513,11933.7509765625
validation,337,9.328164201247105,117,ok,crepe,4,SW_Luna,7346.353515625,17450.828125,11683.130475459207,10399.421875
validation,338,5.215445128176947,125,ok,crepe,2,NSW_1,6035.98095703125,17651.59765625,10748.107370656688,7706.28662109375
validation,339,11.953745184838077,189,ok,crepe,3,SW_Dana,6034.37548828125,16274.23046875,12081.501534921152,11934.80908203125
validation,340,8.042857099131998,44,ok,crepe,4,SW_Luna,4725.2841796875,19673.236328125,10016.45087890625,10215.38623046875
validation,341,14.207704999063465,197,ok,crepe,3,SW_Dana,5762.7939453125,19424.224609375,11808.35375008604,11000.958984375
validation,342,-0.7309616506560623,144,ok,crepe,3,SW_Dana,6464.5595703125,19425.083984375,10894.49291842408,10516.6845703125
validation,343,10.348173906471219,9,ok,crepe,4,SW_Luna,8823.716796875,9585.484375,9219.2353515625,9369.580078125
validation,344,8.024478849405023,67,ok,crepe,2,NSW_1,5969.87841796875,18078.6328125,11006.514260488013,9936.2578125
validation,345,18.805558780516627,73,ok,crepe,5,SW_Nana,6033.861328125,11002.94921875,9449.942894345239,9938.18212890625
validation,346,9.13538994145864,85,ok,crepe,4,SW_Luna,5761.95703125,19424.763671875,10076.98548244201,9821.4296875
validation,347,11.52590432886397,60,ok,crepe,4,SW_Luna,7702.22705078125,12652.5888671875,9274.658655503217,9310.287109375
validation,348,9.688855732694702,138,ok,crepe,6,SW_Neo,5427.994140625,15749.5625,9172.09575910629,9480.0078125
validation,349,13.068319917103288,97,ok,crepe,6,SW_Neo,5623.2060546875,18492.31640625,9764.350653132167,10403.68359375
validation,350,13.13018158892187,121,ok,crepe,6,SW_Neo,6856.5068359375,14842.02734375,9186.661229043111,9479.7353515625
validation,351,15.52140972024182,100,ok,crepe,6,SW_Neo,5427.1474609375,17444.5078125,9756.023863636363,9995.12939453125
validation,352,10.830672334086756,115,ok,crepe,6,SW_Neo,5063.52880859375,16476.232421875,9933.74925994873,9696.875
validation,353,14.973402443635752,152,ok,crepe,9,SW_Yosefa,6248.04931640625,19429.359375,10990.937561035156,10048.63671875
validation,354,10.475567607444749,132,ok,crepe,6,SW_Neo,5498.77685546875,17442.91796875,9842.861489785684,10107.234375
validation,355,19.93680045870834,120,ok,crepe,6,SW_Neo,6317.259765625,10876.728515625,9054.485740772192,9693.03857421875
validation,356,7.681088215582104,38,ok,crepe,6,SW_Neo,9695.1875,15744.900390625,10604.229892828525,10406.689453125
validation,357,12.557263917220086,120,ok,crepe,6,SW_Neo,3195.45361328125,17041.85546875,9932.58210834704,10284.2236328125
validation,358,14.367360366978625,180,ok,crepe,2,NSW_1,4366.4169921875,20778.62890625,12299.484068290672,10998.1162109375
validation,359,10.744529069975384,124,ok,crepe,6,SW_Neo,5623.951171875,18728.076171875,9152.87437608507,9254.3310546875
validation,360,22.103094971439173,76,ok,crepe,9,SW_Yosefa,5427.8955078125,16677.306640625,8659.550030048076,8252.638671875
validation,361,7.578218237420252,50,ok,crepe,7,SW_Nikita,6934.8291015625,17851.16796875,14979.795384900322,16381.25
validation,362,10.89055600981313,164,ok,crepe,7,SW_Nikita,5063.8935546875,19902.462890625,13556.145793508977,15402.7646484375
validation,363,15.7167155252343,147,ok,crepe,4,SW_Luna,4122.88525390625,17649.22265625,11437.315467926393,10638.61328125
validation,364,16.10560341189926,120,ok,crepe,6,SW_Neo,6034.62451171875,19676.28125,9909.093442563657,9823.68359375
validation,365,11.74911845838254,131,ok,crepe,4,SW_Luna,3473.22216796875,19672.169921875,12530.630911807886,10875.5029296875
validation,366,12.874001347070877,136,ok,crepe,2,NSW_1,4315.5595703125,17644.150390625,9635.052504981124,9692.029296875
validation,367,8.686560410346882,53,ok,crepe,6,SW_Neo,6396.060546875,18076.880859375,10193.137735335553,9932.6953125
validation,368,11.286578714067888,68,ok,crepe,4,SW_Luna,7613.84375,16282.1396484375,9726.386124048478,9639.8955078125
validation,369,13.56274820631276,147,ok,crepe,3,SW_Dana,5622.97802734375,16862.537109375,12309.50214381472,11799.265625
validation,370,16.84479388036641,79,ok,crepe,7,SW_Nikita,8346.265625,17263.31640625,14796.405176854396,15921.3974609375
validation,371,13.61092466519408,61,ok,crepe,0,NSW_3,7098.00390625,18965.95703125,10244.6328125,8824.03466796875
validation,372,11.421015409777759,123,ok,crepe,4,SW_Luna,5427.775390625,17642.3203125,12694.945319628194,11933.330078125
validation,373,26.251524864862144,183,ok,crepe,5,SW_Nana,5498.345703125,19422.42578125,9420.425992525541,9045.294921875
validation,374,0.1547405505023874,157,ok,crepe,6,SW_Neo,3473.840576171875,17441.61328125,8900.267559779173,8936.3955078125
validation,375,24.5041606753462,164,ok,crepe,6,SW_Neo,5008.4033203125,18735.716796875,8541.529615542762,8307.67333984375
validation,376,24.451090763659128,163,ok,crepe,5,SW_Nana,5692.06298828125,21487.658203125,8869.35724619709,8158.6357421875
validation,377,15.683993449597065,155,ok,crepe,6,SW_Neo,6100.2021484375,19421.328125,9737.51954273897,9818.603515625
validation,378,9.394348966969948,131,ok,crepe,6,SW_Neo,5361.67236328125,12807.3974609375,8743.753385632242,8347.0
validation,379,11.841689451520365,92,ok,crepe,4,SW_Luna,5829.87744140625,18079.767578125,13671.997438826651,15927.2529296875
validation,380,20.27939305848449,132,ok,crepe,6,SW_Neo,5123.19091796875,14495.53515625,8680.215676700367,8823.8974609375
validation,381,21.397318249533832,112,ok,crepe,2,NSW_1,4073.38916015625,20775.921875,11320.857859778025,10755.7958984375
validation,382,18.603363486345753,97,ok,crepe,7,SW_Nikita,7978.74755859375,17255.865234375,14175.148520333427,15843.84814453125
validation,383,9.363846403495415,84,ok,crepe,4,SW_Luna,6034.16015625,17646.23828125,11593.710255940756,10767.087890625
validation,384,22.170147215748756,161,ok,crepe,4,SW_Luna,4837.36279296875,17642.576171875,10792.316450877855,10047.5673828125
validation,385,13.789944848898696,163,ok,crepe,4,SW_Luna,4783.96923828125,20135.923828125,12331.409006426411,11407.65966796875
validation,386,3.909687034225091,174,ok,crepe,6,SW_Neo,4268.90576171875,19670.751953125,10241.59915510339,10277.3388671875
validation,387,10.542764351864244,121,ok,crepe,4,SW_Luna,5063.55908203125,17647.142578125,9939.544096975616,8346.1806640625
validation,388,14.95838835667524,103,ok,crepe,5,SW_Nana,6539.6533203125,17438.517578125,8665.625179453793,8626.98046875
validation,389,12.566864005605801,72,ok,crepe,6,SW_Neo,7096.83349609375,14495.779296875,9688.77562572338,9582.6650390625
validation,390,10.697050337933458,248,ok,crepe,6,SW_Neo,5904.6611328125,18720.66796875,10145.750284249441,10280.3896484375
validation,391,10.046558940216265,81,ok,crepe,9,SW_Yosefa,4219.06494140625,8631.31640625,7380.255230842753,7437.912109375
validation,392,21.22154809083535,139,ok,crepe,6,SW_Neo,7098.69677734375,10876.390625,9017.21283603455,9257.349609375
validation,393,15.471326854206183,87,ok,crepe,9,SW_Yosefa,4076.867431640625,11934.9033203125,8363.260197753907,8733.71142578125
validation,394,5.677797090887812,44,ok,crepe,7,SW_Nikita,9040.4248046875,18287.744140625,15635.718599759615,16949.4013671875
validation,395,10.963330340708266,77,ok,crepe,2,NSW_1,6034.1640625,19438.361328125,11223.007125499636,10522.318359375
validation,396,13.733711381728753,112,ok,crepe,3,SW_Dana,9695.4990234375,15029.705078125,12011.3724609375,11607.68994140625
validation,397,6.525405651404999,112,ok,crepe,4,SW_Luna,4268.21435546875,17647.66015625,10601.092323603592,10284.0927734375
validation,398,11.428462574788147,78,ok,crepe,4,SW_Luna,5829.9951171875,21484.04296875,13637.428097747093,11796.1484375
validation,399,11.433465345439764,97,ok,crepe,6,SW_Neo,7013.48046875,17440.392578125,9733.60546875,9247.7265625
validation,400,8.7356751060048,50,ok,crepe,4,SW_Luna,8824.1650390625,17044.8984375,10242.398890904018,9932.3740234375
validation,401,11.158933205913868,82,ok,crepe,7,SW_Nikita,8347.2734375,17645.998046875,12670.797314989697,14161.43359375
validation,402,11.096009433651252,134,ok,crepe,3,SW_Dana,6396.4873046875,19421.970703125,11177.684143066406,10521.61767578125
validation,403,18.485266641678905,71,ok,crepe,5,SW_Nana,5763.07080078125,16678.19921875,12244.40773292824,10877.1572265625
validation,404,7.95580274493002,119,ok,crepe,4,SW_Luna,6707.7333984375,19415.3984375,11498.365305739182,10400.7890625
validation,405,23.95341949288719,58,ok,crepe,4,SW_Luna,7704.76611328125,17866.05859375,12020.559761047363,12438.69677734375
validation,406,3.4595902715914235,91,ok,crepe,9,SW_Yosefa,7979.16748046875,19425.875,10859.167673746744,9821.09130859375
validation,407,9.157744965668114,92,ok,crepe,7,SW_Nikita,7520.767578125,19208.83203125,13990.860342172477,15483.8466796875
validation,408,13.927528544400694,167,ok,crepe,4,SW_Luna,5559.888671875,21002.634765625,12241.973648313493,10643.2412109375
validation,409,9.73818127615325,78,ok,crepe,4,SW_Luna,5829.8408203125,13111.1669921875,10268.133266715116,9877.83154296875
validation,410,13.045282927533172,86,ok,crepe,6,SW_Neo,5764.318359375,17644.330078125,9806.300816853842,10103.63330078125
validation,411,17.737201392631945,139,ok,crepe,4,SW_Luna,5499.2529296875,18492.712890625,12383.953588867187,10636.5625
validation,412,2.5349778822421247,56,ok,crepe,2,NSW_1,4950.4296875,17444.830078125,10837.384718371975,10340.654296875
validation,413,12.263589529591526,82,ok,crepe,7,SW_Nikita,7350.92041015625,17451.376953125,14585.140243530273,16105.7060546875
validation,414,16.384584890792553,104,ok,crepe,6,SW_Neo,7014.9912109375,10764.76953125,8662.493593413254,8991.0986328125
validation,415,6.336775255930991,63,ok,crepe,4,SW_Luna,7262.54150390625,16282.3544921875,10329.35548997962,10156.8447265625
validation,416,6.183866700591794,54,ok,crepe,2,NSW_1,3473.82470703125,20773.59375,12402.382484019887,11002.109375
validation,417,4.200379698959226,70,ok,crepe,4,SW_Luna,5903.99951171875,17646.359375,11516.164599609376,11734.87841796875
validation,418,12.872900023210008,51,ok,crepe,4,SW_Luna,11284.2421875,17862.068359375,14479.020053205819,13851.5439453125
validation,419,14.065704083434545,113,ok,crepe,4,SW_Luna,5428.22509765625,18077.85546875,11802.173904418945,10404.6259765625
validation,420,8.999357949515815,85,ok,crepe,6,SW_Neo,6034.5107421875,10876.6005859375,9677.145211727062,10056.16259765625
validation,421,8.7931904711488,148,ok,crepe,6,SW_Neo,8634.9990234375,17449.4765625,10370.054513113839,10399.16796875
validation,422,14.312776727525856,72,ok,crepe,9,SW_Yosefa,5694.24560546875,10883.91015625,7364.910138386052,7308.234619140625
validation,423,7.908069955113143,89,ok,crepe,6,SW_Neo,7189.8203125,10881.615234375,9491.158917557566,9695.1943359375
validation,424,15.761107202677724,74,ok,crepe,2,NSW_1,5904.6142578125,17647.15234375,11058.33881041061,10402.2822265625
validation,425,13.049638785258589,140,ok,crepe,4,SW_Luna,6783.7431640625,18492.634765625,13355.253305053711,14581.3779296875
validation,426,18.083373939205842,45,ok,crepe,7,SW_Nikita,7703.64306640625,16867.265625,12946.921080346201,14492.2548828125
validation,427,-2.779061193607633,152,ok,crepe,9,SW_Yosefa,6395.8681640625,10522.7158203125,8552.280106913837,8628.30078125
validation,428,1.7544705638396463,64,ok,crepe,4,SW_Luna,3195.5869140625,17862.62890625,13510.689751519098,15849.9345703125
validation,429,15.94763610526319,92,ok,crepe,5,SW_Nana,5762.96630859375,17442.927734375,9955.548777927863,9472.080078125
validation,430,7.546201625496058,137,ok,crepe,6,SW_Neo,5970.29833984375,19422.080078125,10310.85334009906,9694.70703125
validation,431,10.837342622273006,133,ok,crepe,6,SW_Neo,6463.14453125,18723.71875,11097.49546403556,10882.2666015625
validation,432,9.094032077426885,71,ok,crepe,6,SW_Neo,5498.8798828125,17439.78125,9395.10529568829,9590.162109375
validation,433,10.924221687639823,156,ok,crepe,4,SW_Luna,9140.5478515625,17440.94921875,13856.981342230903,15563.0888671875
validation,434,8.56085956223954,163,ok,crepe,4,SW_Luna,6705.22998046875,21004.494140625,12457.14609428074,11537.158203125
validation,435,5.834827482032871,99,ok,crepe,5,SW_Nana,6318.2490234375,17443.5859375,11415.229413713727,9927.47998046875
validation,436,8.382297740017092,133,ok,crepe,4,SW_Luna,5969.31396484375,17642.7109375,12248.556803385416,11212.9794921875
validation,437,22.88872678066913,141,ok,crepe,6,SW_Neo,6320.044921875,19430.060546875,9798.592788696289,9476.9658203125
validation,438,14.868148786883236,120,ok,crepe,6,SW_Neo,7261.041015625,17438.9453125,9267.92522622527,9585.296875
validation,439,18.794344831397588,158,ok,crepe,4,SW_Luna,6933.79150390625,17443.890625,12055.708858969432,10523.93359375
validation,440,15.33837839015156,121,ok,crepe,6,SW_Neo,7096.41650390625,17046.23828125,8965.686282835144,9249.203125
validation,441,9.166983980169013,32,ok,crepe,2,NSW_1,5969.169921875,14498.673828125,10410.340047200521,10578.8876953125
validation,442,10.686058725062344,84,ok,crepe,4,SW_Luna,8632.154296875,17643.11328125,11974.879638671875,10640.68701171875
validation,443,11.22261813731538,91,ok,crepe,4,SW_Luna,6462.9033203125,19902.1015625,13011.597560508579,10879.90234375
validation,444,12.14132745389782,183,ok,crepe,4,SW_Luna,6318.9990234375,17449.05078125,12439.197941159739,11604.72216796875
validation,445,14.416992598052742,84,ok,crepe,2,NSW_1,7703.8623046875,19423.9609375,11365.78528448548,10762.1865234375
validation,446,19.344808097513987,169,ok,crepe,6,SW_Neo,5124.03076171875,20779.705078125,8958.06322616186,8828.3017578125
validation,447,13.531963959712911,103,ok,crepe,6,SW_Neo,5241.06689453125,16861.8359375,8476.908182435116,8937.0419921875
validation,448,11.223495462332165,121,ok,crepe,6,SW_Neo,6100.0654296875,16480.939453125,8923.07757784796,9246.3388671875
validation,449,10.786025798152819,73,ok,crepe,4,SW_Luna,6318.28857421875,20548.9921875,13057.985150146484,11674.9755859375
validation,450,9.685121250736387,77,ok,crepe,4,SW_Luna,6856.4140625,17437.8203125,11024.08717191889,10277.470703125
validation,451,12.035427560930628,127,ok,crepe,4,SW_Luna,7976.79150390625,17444.431640625,12764.711501966976,10998.076171875
validation,452,14.240669024349838,141,ok,crepe,4,SW_Luna,5498.7216796875,17447.70703125,12653.314037631017,10769.76953125
validation,453,15.67152646502267,178,ok,crepe,4,SW_Luna,5969.13037109375,17444.07421875,12198.977465224847,10880.986328125
validation,454,9.796822447016392,56,ok,crepe,5,SW_Nana,6176.2626953125,19422.015625,12105.585103665866,10758.1435546875
validation,455,16.10587913434585,119,ok,crepe,7,SW_Nikita,6621.69189453125,17440.576171875,14053.505764529002,15400.18359375
validation,456,8.711113978526004,74,ok,crepe,6,SW_Neo,7191.4130859375,19422.61328125,9848.540515988372,9417.74072265625
validation,457,25.111667624949003,139,ok,crepe,4,SW_Luna,5178.41748046875,18079.970703125,11147.547218946542,10404.3671875
validation,458,23.761824961092554,125,ok,crepe,6,SW_Neo,6247.8525390625,12948.267578125,8809.193780768408,9095.5673828125
validation,459,8.227560380881318,118,ok,crepe,0,NSW_3,3935.285888671875,19205.96484375,9726.93325383113,7309.1298828125
validation,460,9.732096993211222,93,ok,crepe,4,SW_Luna,5831.21875,17442.98046875,10671.11785249256,10635.5966796875
validation,461,7.043831825060275,74,ok,crepe,4,SW_Luna,5763.265625,17442.1953125,11165.859582519532,10401.43017578125
validation,462,3.7700970178949107,34,ok,crepe,4,SW_Luna,8068.923828125,17440.345703125,10399.019875919117,9589.298828125
validation,463,13.18012318602607,133,ok,crepe,4,SW_Luna,6033.619140625,20556.98828125,11434.465846354167,10343.908203125
validation,464,8.03876186238197,70,ok,crepe,4,SW_Luna,6463.52294921875,17863.30859375,11718.125982822516,10766.8095703125
validation,465,4.006602573204586,56,ok,crepe,4,SW_Luna,6707.17822265625,17252.431640625,11095.366916232639,9695.7734375
validation,466,8.231741689572615,157,ok,crepe,4,SW_Luna,6033.541015625,19677.78125,12922.402021928267,12875.89404296875
validation,467,9.706696250629513,69,ok,crepe,6,SW_Neo,7097.7724609375,18078.525390625,10419.649692197389,10154.67578125
validation,468,12.465215385120574,79,ok,crepe,4,SW_Luna,5362.09228515625,17443.4140625,10868.264677852034,10158.1845703125
validation,469,23.31205250916146,106,ok,crepe,2,NSW_1,5062.51806640625,20555.283203125,9453.218717981557,9478.77197265625
validation,470,10.513934048608354,66,ok,crepe,4,SW_Luna,5178.1318359375,17643.078125,9562.782667371961,7099.203369140625
validation,471,10.971584770120707,80,ok,crepe,7,SW_Nikita,6178.04296875,19421.861328125,12495.43549321772,13405.7236328125
validation,472,13.757146143291259,97,ok,crepe,4,SW_Luna,8345.990234375,17859.771484375,11501.091474260602,10278.01953125
validation,473,12.969070344892508,118,ok,crepe,4,SW_Luna,6318.0986328125,17646.30078125,12475.176206166507,10769.4736328125
validation,474,19.740717002184947,138,ok,crepe,4,SW_Luna,8157.92919921875,16678.08984375,12774.017820730149,11795.0537109375
validation,475,13.071941428501272,151,ok,crepe,6,SW_Neo,4517.5908203125,16861.41796875,8827.78944512975,9044.45703125
validation,476,12.475132638356655,112,ok,crepe,4,SW_Luna,6463.86962890625,18076.0703125,11679.563119002214,10285.6337890625
validation,477,-0.16641084939392717,62,ok,crepe,4,SW_Luna,9587.3720703125,20131.306640625,14522.567052041331,12656.5771484375
validation,478,16.357126771543594,192,ok,crepe,6,SW_Neo,5904.19873046875,19424.744140625,9057.674789291244,8932.10400390625
validation,479,16.603954286109264,155,ok,crepe,4,SW_Luna,6397.189453125,20779.072265625,12548.73942884887,10406.455078125
validation,480,4.536088845077067,66,ok,crepe,4,SW_Luna,6034.6103515625,17862.232421875,11151.924343532986,10462.689453125
validation,481,8.515486221738474,86,ok,crepe,4,SW_Luna,8246.138671875,17442.638671875,12464.784338909647,10821.84130859375
validation,482,13.353769609022258,110,ok,crepe,2,NSW_1,4460.6474609375,21217.328125,12052.12508984375,10883.314453125
validation,483,24.938227607233397,111,ok,crepe,4,SW_Luna,8734.009765625,17858.83203125,13455.16867278343,11283.724609375
validation,484,16.443565738711825,123,ok,crepe,6,SW_Neo,5559.4814453125,17442.8828125,10164.385218003217,10517.4453125
validation,485,2.785602053166711,57,ok,crepe,4,SW_Luna,4314.251953125,17249.314453125,9314.658140120968,9107.52783203125
validation,486,14.543098371027295,75,ok,crepe,4,SW_Luna,6463.416015625,17861.17578125,10355.763332950368,9933.037109375
validation,487,6.7378722273113745,48,ok,crepe,4,SW_Luna,6707.287109375,15932.7578125,10810.767813846982,10404.0546875
validation,488,16.883438602310754,153,ok,crepe,6,SW_Neo,6033.65966796875,17442.384765625,8591.353772179555,7704.65625
validation,489,10.049509371181767,94,ok,crepe,7,SW_Nikita,5178.66943359375,17249.58203125,12645.033307110822,14755.56298828125
validation,490,15.229174152897823,139,ok,crepe,6,SW_Neo,5296.751953125,19423.748046875,9667.974587180397,9583.10693359375
validation,491,21.957329342722716,153,ok,crepe,4,SW_Luna,7614.06005859375,17446.1171875,12540.685320465258,10644.2392578125
validation,492,24.9506882953264,148,ok,crepe,6,SW_Neo,4622.5263671875,13700.701171875,8519.001343479047,8629.3212890625
validation,493,13.415412093512387,142,ok,crepe,6,SW_Neo,5828.8369140625,17447.13671875,9356.445361024846,9689.5810546875
validation,494,13.388741227036277,176,ok,crepe,6,SW_Neo,5829.662109375,17259.384765625,10155.52937625077,9818.951171875
validation,495,14.929662178199658,73,ok,crepe,6,SW_Neo,5904.3876953125,12658.4521484375,9380.977844973644,9690.8564453125
validation,496,16.275584718204787,132,ok,crepe,4,SW_Luna,4516.50732421875,17647.15234375,12601.18657517591,10998.21875
validation,497,15.652407265447517,101,ok,crepe,6,SW_Neo,7264.55322265625,10770.037109375,9663.483486077725,9937.69921875
validation,498,14.832467748162891,138,ok,crepe,6,SW_Neo,5122.83740234375,18084.568359375,9436.5397887411,9252.185546875
validation,499,13.74317220643064,30,ok,crepe,7,SW_Nikita,6781.82666015625,15207.0615234375,10697.107949746622,9695.078125
validation,500,19.720646906087424,80,ok,crepe,7,SW_Nikita,9043.7626953125,17864.134765625,13592.308389852335,14497.869140625
validation,501,5.307607880991251,92,ok,crepe,4,SW_Luna,5903.599609375,19670.01171875,9917.102299904336,9759.552734375
validation,502,14.408218844102194,157,ok,crepe,6,SW_Neo,5429.3544921875,12072.296875,9064.955236261541,9043.041015625
validation,503,16.508373486855202,159,ok,crepe,4,SW_Luna,6033.56201171875,19424.2421875,12994.07057858585,12573.47412109375
validation,504,10.182269848624088,16,ok,crepe,9,SW_Yosefa,7349.166015625,12357.3935546875,9552.619737413195,9692.7734375
validation,505,13.05288718643875,144,ok,crepe,3,SW_Dana,4785.07958984375,19423.0234375,13408.487867610469,13264.4384765625
validation,506,8.226502723981685,112,ok,crepe,4,SW_Luna,6463.984375,18081.16015625,12595.74746875,11000.6435546875
validation,507,14.19979405091048,72,ok,crepe,4,SW_Luna,6463.822265625,19425.291015625,11213.92748119213,10056.6171875
validation,508,3.990354281295639,127,ok,crepe,2,NSW_1,6176.01171875,19212.185546875,10678.293841953695,10997.31640625
validation,509,19.307834002475648,132,ok,crepe,4,SW_Luna,5970.6103515625,18079.291015625,11928.418113550646,10762.353515625
validation,510,11.929100064382208,69,ok,crepe,7,SW_Nikita,8158.22021484375,18074.83203125,15370.515835985725,16482.7890625
validation,511,8.76525584283057,104,ok,crepe,6,SW_Neo,5178.8232421875,21214.7890625,11615.60148540296,10399.03369140625
validation,512,22.233860869550128,134,ok,crepe,4,SW_Luna,7981.73583984375,17646.095703125,12997.254635541867,10876.171875
validation,513,15.619098388290864,87,ok,crepe,4,SW_Luna,8827.31640625,17653.791015625,11707.627880859374,10580.75537109375
validation,514,14.099358436293016,138,ok,crepe,4,SW_Luna,6318.24462890625,21212.7578125,12093.83496417115,10640.0927734375
validation,515,11.961003634695224,82,ok,crepe,4,SW_Luna,7610.83984375,17854.75390625,12365.522281044408,10771.9765625
validation,516,25.872314895934778,72,ok,crepe,2,NSW_1,8821.7861328125,17440.11328125,10656.691225405093,9933.1845703125
validation,517,17.998135130113198,96,ok,crepe,4,SW_Luna,7884.1787109375,21006.390625,12217.124289772728,11138.06298828125
validation,518,16.391926862168212,77,ok,crepe,7,SW_Nikita,8428.7421875,19425.46484375,14687.348077947443,15830.92333984375
validation,519,14.127646930660953,194,ok,crepe,6,SW_Neo,5762.5693359375,17250.2265625,9597.23020481419,9817.08642578125
validation,520,12.007015956193936,77,ok,crepe,5,SW_Nana,7191.13037109375,17441.453125,8633.104069010416,8347.056640625
validation,521,3.6359140936184957,78,ok,crepe,4,SW_Luna,6395.009765625,17441.23828125,10119.502851113506,9931.1884765625
validation,522,14.492904825026201,114,ok,crepe,7,SW_Nikita,8825.4580078125,18078.771484375,13780.05189732143,14847.35546875
validation,523,15.373335941227001,99,ok,crepe,2,NSW_1,5426.0673828125,12072.0849609375,10352.017119565216,10520.1708984375
validation,524,12.850838555584808,76,ok,crepe,7,SW_Nikita,6856.27392578125,16865.26953125,14291.7982500449,15739.2392578125
validation,525,10.486351007398348,88,ok,crepe,4,SW_Luna,6318.25732421875,19414.26953125,11307.768235809948,10641.1865234375
validation,526,13.45885550691549,37,ok,crepe,7,SW_Nikita,8157.4814453125,17246.052734375,14903.810477120536,15746.12255859375
validation,527,0.5055188840029327,154,ok,crepe,4,SW_Luna,7981.96337890625,16851.544921875,12657.730810264631,11538.296875
validation,528,10.449939898288303,173,ok,crepe,4,SW_Luna,5297.6669921875,17645.046875,10788.559944152832,10524.34228515625
validation,529,14.023364498925133,158,ok,crepe,4,SW_Luna,7702.61181640625,17449.138671875,13117.249498230318,11798.40234375
validation,530,6.027668017252505,79,ok,crepe,3,SW_Dana,9250.48046875,12073.498046875,10049.525890003551,9820.5234375
validation,531,9.825545511563957,80,ok,crepe,7,SW_Nikita,8819.369140625,19672.046875,15942.634030577958,17042.064453125
validation,532,12.16053133556895,147,ok,crepe,6,SW_Neo,5763.1240234375,12214.7451171875,8265.119899842797,7226.28515625
validation,533,10.826129189088473,202,ok,crepe,4,SW_Luna,7096.669921875,17866.419921875,12190.396650689137,10637.62109375
validation,534,11.833235138197107,152,ok,crepe,9,SW_Yosefa,6855.2060546875,15194.119140625,9988.632189520475,9472.73876953125
validation,535,17.905908835012895,155,ok,crepe,6,SW_Neo,5499.04345703125,17249.5703125,9801.644461495536,10215.24609375
validation,536,14.484572800934458,129,ok,crepe,4,SW_Luna,7979.47509765625,17649.287109375,13124.127461893575,11799.4482421875
validation,537,8.888035035972694,158,ok,crepe,4,SW_Luna,5970.7861328125,18081.935546875,12142.966785902388,10760.15576171875
validation,538,11.329922028630847,152,ok,crepe,4,SW_Luna,6463.232421875,19426.09765625,12017.556439067042,10160.13623046875
validation,539,14.888565859238177,102,ok,crepe,4,SW_Luna,5623.466796875,19424.828125,12338.402177918631,11794.8876953125
validation,540,15.104880415141967,125,ok,crepe,6,SW_Neo,5178.83544921875,19423.337890625,10242.975515681204,9367.248046875
validation,541,12.296625109935169,79,ok,crepe,7,SW_Nikita,7883.98046875,17444.03515625,12990.85282035496,12731.4755859375
validation,542,11.823843166265085,134,ok,crepe,6,SW_Neo,7094.39208984375,17253.076171875,9255.457616561498,9531.83544921875
validation,543,9.316163845525061,113,ok,crepe,4,SW_Luna,5829.9755859375,17439.802734375,12744.769015404487,11930.8251953125
validation,544,22.747449582667123,121,ok,crepe,6,SW_Neo,7098.8212890625,17043.640625,9525.901500674461,9691.08984375
validation,545,11.911471171999464,75,ok,crepe,4,SW_Luna,5968.8974609375,17445.77734375,12534.068620548693,10516.38818359375
validation,546,18.5499393149385,109,ok,crepe,7,SW_Nikita,6034.7802734375,17251.41796875,12314.840386284723,14840.01904296875
validation,547,16.75207904380134,129,ok,crepe,6,SW_Neo,6313.9638671875,17446.693359375,9006.293794014084,9042.8955078125
validation,548,9.920974329809072,153,ok,crepe,6,SW_Neo,7014.3583984375,19204.30078125,8920.900575835129,8730.95166015625
validation,549,2.589295742661748,106,ok,crepe,6,SW_Neo,6463.16845703125,19420.412109375,10136.752345419338,10517.6572265625
validation,550,11.630881983647225,122,ok,crepe,3,SW_Dana,6318.1826171875,17645.86328125,11089.256196605216,10403.51171875
validation,551,20.213082624945713,128,ok,crepe,6,SW_Neo,5063.2109375,11405.7890625,8581.868051126701,9252.1005859375
validation,552,14.776376514394478,87,ok,crepe,2,NSW_1,4892.3974609375,17043.466796875,11668.210865542764,11144.94921875
validation,553,11.312064700573876,152,ok,crepe,4,SW_Luna,5498.08984375,18729.728515625,12565.608703613281,11406.36962890625
validation,554,4.207262131320572,48,ok,crepe,4,SW_Luna,8348.51953125,12949.384765625,10111.012098524305,10339.00341796875
validation,555,17.87011829712599,118,ok,crepe,5,SW_Nana,9473.9150390625,17649.486328125,11029.561376585996,10405.966796875
validation,556,16.208494464280005,131,ok,crepe,7,SW_Nikita,7265.107421875,17262.333984375,14165.279113769531,16013.24853515625
validation,557,7.18808112047176,153,ok,crepe,4,SW_Luna,4413.03515625,17448.41796875,12678.723610101744,11864.4990234375
validation,558,1.6487701661869139,40,ok,crepe,7,SW_Nikita,7980.83984375,16679.345703125,15221.94136379076,15482.7177734375
validation,559,-1.2800877545699558,151,ok,crepe,4,SW_Luna,7793.0576171875,18717.9140625,13866.080607340007,16282.833984375
validation,560,23.958990895061927,146,ok,crepe,6,SW_Neo,5424.07177734375,12213.25390625,9500.371169317335,9699.4375
validation,561,12.858266408208191,193,ok,crepe,3,SW_Dana,4028.00537109375,19423.65234375,10352.050387198466,9695.74658203125
validation,562,7.773378297233304,122,ok,crepe,4,SW_Luna,6460.66796875,17644.6640625,11414.394566890967,10519.3642578125
validation,563,19.803924637731477,127,ok,crepe,6,SW_Neo,4622.80419921875,10874.5654296875,8666.369333280187,8822.0830078125
validation,564,8.530184290119173,126,ok,crepe,4,SW_Luna,5761.93359375,19424.98828125,12199.714980181525,10766.501953125
validation,565,26.54126873101863,166,ok,crepe,6,SW_Neo,6176.7509765625,20131.279296875,10987.815373149671,10159.9951171875
validation,566,21.448915905701984,140,ok,crepe,4,SW_Luna,6466.82421875,19424.46875,12823.904515236802,11140.3564453125
validation,567,16.06680908423136,70,ok,crepe,4,SW_Luna,6318.16162109375,21212.265625,12249.013411458332,10882.216796875
validation,568,15.883053642188557,92,ok,crepe,7,SW_Nikita,6034.4033203125,17441.06640625,12004.007472617954,12439.404296875
validation,569,6.511893272088521,32,ok,crepe,9,SW_Yosefa,4314.8759765625,17444.1328125,7740.182631138393,6321.029296875
validation,570,11.38583866685633,52,ok,crepe,4,SW_Luna,7793.5634765625,16679.24609375,9970.642859507416,9933.998046875
validation,571,9.614651665745598,48,ok,crepe,7,SW_Nikita,8936.8125,16288.458984375,14744.291286892361,15930.169921875
validation,572,11.931134797141553,124,ok,crepe,6,SW_Neo,5123.44677734375,19424.15234375,9110.197808923856,9528.38427734375
validation,573,13.229156123500408,311,ok,crepe,3,SW_Dana,3934.851318359375,20131.337890625,12594.268275769009,12074.197265625
validation,574,6.943647347980834,142,ok,crepe,7,SW_Nikita,6174.83642578125,19423.896484375,12327.635066578223,11542.3935546875
validation,575,17.445688046313144,224,ok,crepe,3,SW_Dana,5969.8935546875,19424.01171875,11202.831767160142,10883.4755859375
validation,576,13.628342719560136,154,ok,crepe,4,SW_Luna,7882.03125,17440.650390625,12106.218391375352,11405.921875
validation,577,14.366817347098316,187,ok,crepe,4,SW_Luna,6033.7490234375,20783.908203125,13274.155268764953,12069.748046875
validation,578,18.35594766315262,124,ok,crepe,2,NSW_1,5623.54052734375,20780.185546875,10190.803395589193,9992.90283203125
validation,579,8.704208370768834,112,ok,crepe,7,SW_Nikita,5694.5390625,18969.267578125,11083.419368233268,8428.0234375
validation,580,10.589586942180421,101,ok,crepe,4,SW_Luna,7614.20361328125,18286.837890625,15196.969174592392,16859.111328125
validation,581,17.69661414309762,45,ok,crepe,4,SW_Luna,7264.080078125,20129.921875,13896.29011276533,12073.458984375
validation,582,17.704112512244187,168,ok,crepe,4,SW_Luna,5557.15869140625,18075.1328125,11054.285019632449,10518.3671875
validation,583,-0.19913547700131914,18,ok,crepe,7,SW_Nikita,6621.4248046875,19669.341796875,15876.165364583334,15932.58984375
validation,584,22.623727080660387,154,ok,crepe,4,SW_Luna,7098.80908203125,16852.984375,12298.974358414804,10997.3740234375
validation,585,4.403617724987646,59,ok,crepe,2,NSW_1,7436.04736328125,17252.18359375,10334.761926987592,10400.2109375
validation,586,11.902861608710065,121,ok,crepe,6,SW_Neo,5829.68505859375,18492.072265625,9620.727748325893,9818.794921875
validation,587,14.567368741388186,123,ok,crepe,4,SW_Luna,5693.4814453125,17451.416015625,12992.426960100447,11335.9755859375
validation,588,18.929238983929174,113,ok,crepe,6,SW_Neo,5498.162109375,18964.234375,8865.521529447115,9046.2373046875
validation,589,7.339530079353737,130,ok,crepe,6,SW_Neo,5497.2392578125,16870.158203125,9318.1980163159,9579.9921875
validation,590,16.645980083017516,149,ok,crepe,6,SW_Neo,7096.451171875,19420.80859375,9683.12400004678,9695.4892578125
validation,591,16.629481382248823,148,ok,crepe,6,SW_Neo,5007.755859375,17862.103515625,10847.927371141388,10157.6435546875
validation,592,9.457204300167138,147,ok,crepe,4,SW_Luna,8069.26806640625,16866.658203125,12364.30811730587,10884.205078125
validation,593,10.963288721293228,196,ok,crepe,6,SW_Neo,5499.2783203125,19422.38671875,8348.652515956333,7265.761474609375
validation,594,21.552106622695796,163,ok,crepe,6,SW_Neo,4366.740234375,11932.37890625,8514.335801721256,8733.2646484375
validation,595,16.872193798630374,41,ok,crepe,7,SW_Nikita,9691.6572265625,16859.734375,15721.83493970788,16281.765625
validation,596,3.032739133590189,76,ok,crepe,4,SW_Luna,9038.080078125,17863.408203125,12602.460490399097,10883.2021484375
validation,597,13.521614431635385,87,ok,crepe,2,NSW_1,6100.0107421875,17860.333984375,12155.949593256979,10884.9296875
validation,598,20.21445057978776,51,ok,crepe,7,SW_Nikita,6176.412109375,18077.11328125,11897.358229758524,12490.908203125
validation,599,10.116623378281183,81,ok,crepe,4,SW_Luna,6936.046875,16863.62109375,9072.82582310268,9370.0166015625
validation,600,18.884855640409796,161,ok,crepe,6,SW_Neo,6246.60400390625,17860.96484375,10270.009867695091,10405.3232421875
validation,601,12.329222555414393,146,ok,crepe,6,SW_Neo,5424.29248046875,14160.951171875,8795.875476655507,9095.67822265625
validation,602,18.450013395531695,119,ok,crepe,4,SW_Luna,6034.97802734375,17651.482421875,12920.715944151947,10759.22900390625
validation,603,15.455175278211522,127,ok,crepe,9,SW_Yosefa,7018.4423828125,17647.36328125,10338.592776828342,8437.3056640625
validation,604,11.377179279903807,82,ok,crepe,2,NSW_1,5427.96484375,21489.3359375,11472.662775213068,10340.93896484375
validation,605,11.041742654569944,110,ok,crepe,4,SW_Luna,6178.12939453125,17443.146484375,11168.414968182964,10279.05908203125
validation,606,14.409907305250782,121,ok,crepe,4,SW_Luna,6396.8681640625,17852.32421875,12261.733430989583,11278.28125
validation,607,20.485229058181297,232,ok,crepe,4,SW_Luna,6034.3037109375,17260.22265625,11148.872605613426,9696.87841796875
validation,608,9.228464426605624,101,ok,crepe,6,SW_Neo,6464.0810546875,16860.94921875,9912.086943783966,9820.12890625
validation,609,16.766838713738935,99,ok,crepe,2,NSW_1,4172.10693359375,20560.412109375,12300.532131498894,11001.046875
validation,610,13.748150997009816,135,ok,crepe,6,SW_Neo,5623.8720703125,17444.55859375,9255.300056806576,9480.2490234375
validation,611,1.8593098174802827,76,ok,crepe,4,SW_Luna,7610.455078125,17648.62890625,12895.935409918064,11737.69970703125
validation,612,15.876936367457839,144,ok,crepe,6,SW_Neo,5429.119140625,17441.26171875,8908.817004692264,8934.35400390625
validation,613,19.05735871091889,187,ok,crepe,3,SW_Dana,8069.9423828125,16860.470703125,11728.11556893808,11210.5537109375
validation,614,7.80996030329005,128,ok,crepe,4,SW_Luna,7264.6904296875,19899.884765625,13415.211059570312,11793.72216796875
validation,615,16.646003060206446,121,ok,crepe,9,SW_Yosefa,5428.20361328125,17436.02734375,7372.5586113140735,7188.5634765625
validation,616,19.489188487256513,112,ok,crepe,2,NSW_1,4950.267578125,19419.845703125,11168.66669845581,10936.7626953125
validation,617,20.967144685576052,123,ok,crepe,6,SW_Neo,5298.18896484375,11285.97265625,9199.414729588469,9585.9072265625
validation,618,10.115475407656442,226,ok,crepe,4,SW_Luna,7708.6552734375,17443.2734375,11596.089805453432,9937.712890625
validation,619,12.503600235104189,113,ok,crepe,6,SW_Neo,4622.86083984375,11795.7041015625,9589.644255427003,9696.1044921875
validation,620,18.928734815433458,123,ok,crepe,4,SW_Luna,8631.98828125,17240.3671875,13194.879717759683,12875.3369140625
validation,621,0.8428922077897694,91,ok,crepe,6,SW_Neo,6463.0,11933.2421875,9786.260000375602,9819.3662109375
validation,622,14.886409592727635,97,ok,crepe,2,NSW_1,4675.73583984375,19428.01171875,10420.53166482301,10274.169921875
validation,623,15.24106136468804,88,ok,crepe,6,SW_Neo,6707.4111328125,17252.59765625,8606.811306982925,7438.09765625
validation,624,15.603616306894368,114,ok,crepe,6,SW_Neo,5626.7705078125,20773.689453125,9752.77392202524,10047.10107421875
validation,625,12.071471342089898,160,ok,crepe,9,SW_Yosefa,6100.56884765625,19424.87890625,10706.233507833846,9695.97265625
validation,626,18.585880048725286,245,ok,crepe,4,SW_Luna,6781.12744140625,17858.62890625,11569.052479845412,9586.1767578125
validation,627,19.648357786868637,97,ok,crepe,9,SW_Yosefa,5762.3701171875,20137.267578125,10483.561665482954,7885.468505859375
validation,628,16.868977397603274,156,ok,crepe,6,SW_Neo,5623.05078125,20774.025390625,10220.586747602983,9817.64990234375
validation,629,18.67042337677422,168,ok,crepe,6,SW_Neo,6463.18115234375,19424.46875,9030.275590027813,8939.0673828125
validation,630,14.9523257845578,192,ok,crepe,4,SW_Luna,6932.87646484375,17444.578125,11570.436420876142,9937.4208984375
validation,631,7.65616721222516,92,ok,crepe,6,SW_Neo,7015.28857421875,17251.9140625,8992.362500912675,9366.6533203125
validation,632,8.937869615892332,32,ok,crepe,6,SW_Neo,7188.35205078125,11536.0888671875,9135.483642578125,8635.62841796875
validation,633,9.49004106236848,175,ok,crepe,6,SW_Neo,5691.96875,17438.31640625,8750.599552367545,8348.9892578125
validation,634,20.115518215230832,105,ok,crepe,7,SW_Nikita,6318.8525390625,17452.1484375,12856.785927008006,14839.3828125
validation,635,2.325206958794634,183,ok,crepe,5,SW_Nana,5969.357421875,17442.443359375,9405.681731305804,8627.26708984375
validation,636,8.33194656225812,58,ok,crepe,4,SW_Luna,6780.93359375,18725.873046875,13160.628034855768,10760.7529296875
validation,637,14.232630448077064,88,ok,crepe,4,SW_Luna,8730.7626953125,19426.03515625,12918.249352181312,10632.052734375
validation,638,6.538628288930913,82,ok,crepe,7,SW_Nikita,6397.23828125,20786.703125,16360.146410071331,17348.05859375
validation,639,13.030585803277397,143,ok,crepe,4,SW_Luna,4172.04541015625,21007.404296875,12146.649676287616,11401.42626953125
validation,640,11.981164940141706,133,ok,crepe,4,SW_Luna,5762.87646484375,17249.923828125,12551.582008763364,10763.20166015625
validation,641,10.360387696235133,16,ok,crepe,2,NSW_1,7523.5302734375,16681.19921875,11000.641625976563,10454.03857421875
validation,642,7.753437449859478,110,ok,crepe,4,SW_Luna,6177.7490234375,19208.044921875,12071.66192126665,10461.7421875
validation,643,16.75874730114622,117,ok,crepe,7,SW_Nikita,7263.6865234375,17443.140625,12742.78564453125,13556.724609375
validation,644,13.485623334275978,149,ok,crepe,7,SW_Nikita,4268.34130859375,17647.875,11964.22593470982,12357.73291015625
validation,645,14.836264449020977,139,ok,crepe,6,SW_Neo,6319.498046875,17441.3359375,9149.572772930194,9251.814453125
validation,646,8.262841666506798,132,ok,crepe,6,SW_Neo,3634.25927734375,17644.943359375,9429.407688974545,9475.5498046875
validation,647,9.437889401220797,73,ok,crepe,2,NSW_1,6620.99609375,17441.61328125,12414.272771062078,10939.31884765625
validation,648,7.775000515648629,125,ok,crepe,4,SW_Luna,5240.154296875,17644.505859375,12229.626683728447,10762.80859375
validation,649,7.47963891941059,127,ok,crepe,4,SW_Luna,4268.5078125,18282.001953125,13041.861389586975,11136.03515625
validation,650,9.638850577523225,120,ok,crepe,8,SW_Shy,3315.69091796875,11794.8935546875,8964.88806511374,8732.16455078125
validation,651,8.015053212404009,131,ok,crepe,5,SW_Nana,6393.06591796875,19674.40625,8437.29796373522,8248.109375
validation,652,13.934062391280404,170,ok,crepe,3,SW_Dana,7098.1640625,16482.146484375,11844.889925298003,11210.53076171875
validation,653,12.185419168241987,116,ok,crepe,4,SW_Luna,5971.259765625,19669.296875,11881.945372046494,10763.91796875
validation,654,2.1553298840610067,112,ok,crepe,3,SW_Dana,4219.49462890625,16863.40234375,10067.656048487102,9820.5478515625
validation,655,14.688035537850565,157,ok,crepe,4,SW_Luna,3798.756103515625,21004.689453125,12597.015841862343,10637.26953125
validation,656,11.898334600042666,28,ok,crepe,7,SW_Nikita,7097.896484375,16672.986328125,13765.826293945312,15116.7958984375
validation,657,18.270149950129532,142,ok,crepe,9,SW_Yosefa,5427.8681640625,19429.212890625,10070.492974853516,9581.88916015625
validation,658,21.108736385766672,141,ok,crepe,4,SW_Luna,6396.32275390625,17448.78125,12837.036555989584,10756.5283203125
validation,659,12.69083671515794,161,ok,crepe,3,SW_Dana,5763.33984375,16677.208984375,11092.585804814878,10878.9189453125
validation,660,22.941173359757798,123,ok,crepe,2,NSW_1,5499.26025390625,17648.576171875,10396.587250198143,9589.017578125
validation,661,11.205848677182534,79,ok,crepe,4,SW_Luna,5427.59765625,17648.1796875,13072.80994431516,10766.21533203125
validation,662,7.329029620392749,49,ok,crepe,4,SW_Luna,8823.830078125,17450.447265625,15944.957555700232,16481.27734375
validation,663,21.89138621143073,128,ok,crepe,6,SW_Neo,4219.16943359375,16477.904296875,9564.866364779538,9936.267578125
validation,664,19.51875032064357,100,ok,crepe,7,SW_Nikita,6620.47119140625,17261.55859375,12879.234631990132,14936.7060546875
validation,665,22.793733579530127,148,ok,crepe,6,SW_Neo,5124.11083984375,17252.431640625,8901.307432662608,8990.1123046875
validation,666,14.62581130534616,78,ok,crepe,7,SW_Nikita,8735.123046875,17043.71875,15042.159346147017,16102.8203125
validation,667,10.616230557094024,195,ok,crepe,4,SW_Luna,6708.86767578125,20776.21484375,11671.771497875865,10759.28515625
validation,668,6.957062785610194,81,ok,crepe,6,SW_Neo,4315.0517578125,15745.92578125,9825.644997336647,9993.13037109375
validation,669,13.822410611921278,109,ok,crepe,5,SW_Nana,4314.1962890625,18731.6171875,10668.606476070374,10404.5986328125
validation,670,10.494521483472079,117,ok,crepe,4,SW_Luna,6246.2919921875,19204.7265625,12312.107848152282,10878.95849609375
validation,671,8.163655577281057,155,ok,crepe,6,SW_Neo,5625.6787109375,17442.732421875,8606.69755804202,8945.87109375
validation,672,10.851845875298817,167,ok,crepe,4,SW_Luna,6396.009765625,17859.6953125,12025.873485808677,10757.0458984375
validation,673,6.806378282860608,49,ok,crepe,4,SW_Luna,6706.576171875,17861.21875,11995.900481047454,10701.12548828125
validation,674,12.953567442833837,155,ok,crepe,6,SW_Neo,4314.77197265625,17447.765625,9350.229942279155,9477.30078125
validation,675,14.020986853380926,47,ok,crepe,2,NSW_1,5361.0009765625,14494.080078125,10518.838550708911,10519.59521484375
validation,676,6.208469903447044,120,ok,crepe,6,SW_Neo,7015.5810546875,19900.634765625,9735.250346169543,9640.673828125
validation,677,12.401524853004876,89,ok,crepe,4,SW_Luna,6033.142578125,19669.171875,11486.152021484375,10217.7265625
validation,678,8.49439680954894,131,ok,crepe,4,SW_Luna,5427.81982421875,19415.392578125,12763.219933016988,10882.28125
validation,679,13.003353086238745,203,ok,crepe,6,SW_Neo,6036.35986328125,19671.740234375,9578.881869467543,9248.845703125
validation,680,13.690301128216515,123,ok,crepe,6,SW_Neo,4172.03955078125,17442.99609375,9525.911312327666,9754.34716796875
validation,681,12.029113985011765,164,ok,crepe,3,SW_Dana,6394.98046875,16865.1640625,11983.173371688179,11469.7666015625
validation,682,15.576208079973188,145,ok,crepe,4,SW_Luna,7097.98828125,17043.185546875,11156.404916962232,10051.330078125
validation,683,10.237876546084648,125,ok,crepe,6,SW_Neo,5969.318359375,17644.25,9887.075435965402,9931.8876953125
validation,684,-4.747132480431322,128,ok,crepe,5,SW_Nana,5904.07958984375,16674.9765625,8850.426359829837,8681.162109375
validation,685,19.45364497697724,147,ok,crepe,4,SW_Luna,6540.892578125,19424.34765625,11681.25738703856,10633.265625
validation,686,18.40118392927662,138,ok,crepe,4,SW_Luna,4123.58056640625,17452.154296875,12599.75475999329,10882.8466796875
validation,687,5.079900516265248,69,ok,crepe,4,SW_Luna,9038.3671875,19424.193359375,11370.479809253247,10759.654296875
validation,688,12.530355678476523,69,ok,crepe,7,SW_Nikita,5969.58447265625,16856.28125,14280.640600887345,15935.427734375
validation,689,24.72277121923254,57,ok,crepe,9,SW_Yosefa,6539.6943359375,19670.818359375,11138.865829467773,9249.93359375
validation,690,2.625835863667492,22,ok,crepe,4,SW_Luna,9477.34765625,17647.3984375,11559.742001488095,11670.673828125
validation,691,23.534168763665924,51,ok,crepe,5,SW_Nana,6034.00830078125,17858.3671875,8560.08830313847,7476.880615234375
validation,692,16.53380905245185,91,ok,crepe,7,SW_Nikita,7262.23193359375,19675.8046875,13227.132798414965,14845.16162109375
validation,693,20.618504610274858,159,ok,crepe,4,SW_Luna,4413.484375,18966.02734375,8550.928128862111,8245.5556640625
validation,694,6.710121013949651,130,ok,crepe,6,SW_Neo,4517.462890625,19202.41015625,10674.10641700634,9759.14794921875
validation,695,13.615130167731596,139,ok,crepe,6,SW_Neo,5762.78515625,17444.041015625,9577.903943184094,9581.02294921875
validation,696,8.883080756430168,124,ok,crepe,4,SW_Luna,4461.5810546875,17855.486328125,13159.679584890173,11405.73388671875
validation,697,15.45286902674521,159,ok,crepe,4,SW_Luna,6620.8603515625,17867.9140625,12499.379855685764,10766.3740234375
validation,698,6.040442473955565,78,ok,crepe,3,SW_Dana,9583.810546875,18079.619140625,11082.300747575431,10521.8955078125
validation,699,14.811115785775364,121,ok,crepe,7,SW_Nikita,6621.92431640625,17858.93359375,12316.918209300322,13106.427734375
validation,700,10.931590526619267,82,ok,crepe,4,SW_Luna,4314.78759765625,19902.19921875,11834.830078125,10880.033203125
validation,701,17.776323371830156,139,ok,crepe,4,SW_Luna,5971.50830078125,19427.626953125,12742.100989300272,10879.1884765625
validation,702,13.811252538271448,96,ok,crepe,4,SW_Luna,5692.38818359375,17448.89453125,12131.361262141047,10638.57421875
validation,703,4.078686412057215,168,ok,crepe,5,SW_Nana,7098.013671875,19670.654296875,10025.408866882324,9479.15087890625
validation,704,6.8559237977186385,65,ok,crepe,4,SW_Luna,6395.8154296875,16478.53125,10480.823578705658,9993.45068359375
validation,705,20.058902328247527,83,ok,crepe,8,SW_Shy,5692.36767578125,9694.8642578125,7046.162978001645,7095.05615234375
validation,706,13.88058444164052,38,ok,crepe,9,SW_Yosefa,7014.55126953125,15203.1259765625,8993.959816672585,8341.48876953125
validation,707,13.864777799688998,48,ok,crepe,7,SW_Nikita,7350.421875,17043.533203125,14182.143980823863,15035.875
validation,708,7.703125937726318,116,ok,crepe,6,SW_Neo,7188.361328125,17645.314453125,9528.340935859971,9695.638671875
validation,709,8.594958941145945,104,ok,crepe,6,SW_Neo,5623.0244140625,12945.7177734375,9034.954211956521,9578.5205078125
validation,710,10.366976067843721,107,ok,crepe,7,SW_Nikita,3798.90283203125,17450.1875,13498.868733016305,15743.896484375
validation,711,12.898944519154313,162,ok,crepe,6,SW_Neo,4268.0859375,10766.251953125,8344.88114487278,8635.7783203125
validation,712,11.492649190436238,60,ok,crepe,6,SW_Neo,8156.3486328125,18968.03125,10542.163130326704,10400.556640625
validation,713,12.70195049583041,113,ok,crepe,5,SW_Nana,4574.0810546875,13551.263671875,10069.573167067309,9754.08447265625
validation,714,20.412822389672392,130,ok,crepe,5,SW_Nana,5968.23046875,19667.15625,9612.303381017737,8349.43115234375
validation,715,7.993446175121308,74,ok,crepe,4,SW_Luna,6854.7578125,17251.5078125,11083.166182505933,10159.9169921875
validation,716,13.87416003298928,154,ok,crepe,4,SW_Luna,6175.7998046875,17863.55078125,12089.64671875,10761.158203125
validation,717,17.585626122272593,127,ok,crepe,6,SW_Neo,5830.0087890625,10878.5654296875,8729.108256022135,9044.92919921875
validation,718,11.086908098320912,87,ok,crepe,4,SW_Luna,7098.1689453125,17650.916015625,10997.971486409506,9876.89794921875
validation,719,19.053912985858318,81,ok,crepe,2,NSW_1,5830.166015625,16869.1171875,9719.181267851143,9474.8984375
validation,720,11.782514069050627,122,ok,crepe,9,SW_Yosefa,6099.3271484375,10274.4345703125,7921.608228751108,7707.34130859375
validation,721,12.387390851638532,42,ok,crepe,1,NSW_2,6463.97412109375,17854.85546875,10603.767028808594,9932.5888671875
validation,722,9.5776820816658,69,ok,crepe,6,SW_Neo,6540.701171875,17648.23828125,12150.359112548827,11672.80908203125
validation,723,12.753439319202327,125,ok,crepe,6,SW_Neo,5499.74169921875,17860.0078125,9397.132549312943,9371.701171875
validation,724,12.907166710898188,125,ok,crepe,6,SW_Neo,5239.9912109375,10885.712890625,8974.561793550532,9691.759765625
validation,725,11.982330498700211,150,ok,crepe,3,SW_Dana,8936.1015625,19209.931640625,11392.813927283654,10880.7314453125
validation,726,19.3120022553493,89,ok,crepe,4,SW_Luna,7978.33935546875,17856.236328125,12340.123147403492,10759.3193359375
validation,727,17.62525994893305,94,ok,crepe,2,NSW_1,4950.44091796875,17645.298828125,10701.680134323407,10763.43212890625
validation,728,7.925353829112625,169,ok,crepe,5,SW_Nana,4218.740234375,17649.45703125,11102.959101359049,10216.166015625
validation,729,11.57086118581018,102,ok,crepe,6,SW_Neo,7263.4033203125,20128.47265625,9728.68916793418,9253.16796875
validation,730,22.19932767236041,178,ok,crepe,6,SW_Neo,5361.240234375,17647.234375,8907.591372903964,8732.505859375
validation,731,16.4408589947444,137,ok,crepe,9,SW_Yosefa,7263.91650390625,17251.490234375,9965.747451110456,9145.0107421875
validation,732,17.83639590904822,78,ok,crepe,4,SW_Luna,8930.708984375,18968.3515625,13006.89193074087,10639.474609375
validation,733,11.689060941009057,78,ok,crepe,4,SW_Luna,5692.69482421875,17448.810546875,13169.34210555855,12070.673828125
validation,734,2.22864458903047,168,ok,crepe,5,SW_Nana,5904.3271484375,17438.63671875,9491.11332258598,7611.6826171875
validation,735,7.676540925729956,56,ok,crepe,6,SW_Neo,7188.45458984375,16674.69921875,9348.239537973874,9250.37109375
validation,736,14.599022621417202,151,ok,crepe,7,SW_Nikita,6396.87255859375,21487.01953125,14423.195667876294,15750.095703125
validation,737,9.357074988692823,121,ok,crepe,5,SW_Nana,6395.04150390625,17442.15625,9588.946079282407,8945.3798828125
validation,738,16.102979816130457,183,ok,crepe,6,SW_Neo,3277.3994140625,19903.08203125,9673.51985522808,10045.0205078125
validation,739,19.708404616118987,170,ok,crepe,6,SW_Neo,5904.33154296875,18084.751953125,10032.354268182184,9996.689453125
validation,740,9.147271386087711,70,ok,crepe,8,SW_Shy,6316.12353515625,17444.8828125,9290.70777027027,7522.4091796875
validation,741,17.756713057379805,86,ok,crepe,7,SW_Nikita,7524.09716796875,17639.6015625,13211.879588847258,15118.35986328125
validation,742,11.44974659122953,93,ok,crepe,4,SW_Luna,5762.7470703125,19419.26171875,12454.17885834316,10879.05908203125
validation,743,10.241103167292112,120,ok,crepe,4,SW_Luna,8066.9287109375,18492.03515625,13066.131256559001,11794.9482421875
validation,744,18.918737238300924,136,ok,crepe,6,SW_Neo,6939.92626953125,16281.828125,9050.59167944027,9250.93701171875
validation,745,18.644286151301,141,ok,crepe,4,SW_Luna,6033.0908203125,17643.2265625,11309.072574663765,9936.0546875
validation,746,0.47034612967845935,87,ok,crepe,2,NSW_1,5761.9453125,21006.5234375,11715.776810164303,10769.111328125
validation,747,9.458494320591877,115,ok,crepe,6,SW_Neo,5242.22265625,19672.5546875,9678.588250411185,9937.669921875
validation,748,11.349543532292072,86,ok,crepe,7,SW_Nikita,7613.36376953125,17449.357421875,14085.099357836174,14845.9580078125
validation,749,15.919823367035374,142,ok,crepe,4,SW_Luna,4313.8408203125,19671.837890625,11970.839281035633,10406.115234375
validation,750,5.5173090583046065,74,ok,crepe,4,SW_Luna,5970.0712890625,19423.58984375,13143.574599847561,12801.81591796875
validation,751,15.37837410051128,136,ok,crepe,6,SW_Neo,5240.189453125,11537.9990234375,8488.241921726662,8069.978271484375
validation,752,11.788893326242507,60,ok,crepe,9,SW_Yosefa,5969.564453125,21006.79296875,7912.648281521268,7308.09423828125
validation,753,5.086937178475457,77,ok,crepe,9,SW_Yosefa,6317.07763671875,17448.69921875,13033.175388380028,11932.40234375
validation,754,3.9701181180877954,75,ok,crepe,4,SW_Luna,5497.798828125,19671.890625,11472.1604692508,9694.08544921875
validation,755,10.215553558754829,112,ok,crepe,4,SW_Luna,7437.57080078125,17645.228515625,12600.184546875,10524.076171875
validation,756,6.062816598345584,100,ok,crepe,4,SW_Luna,6034.9814453125,17440.939453125,12486.058466181024,10766.3876953125
validation,757,18.899705596034504,192,ok,crepe,6,SW_Neo,3934.11279296875,17441.61328125,10441.114290743097,10884.4287109375
validation,758,7.832644943132607,116,ok,crepe,6,SW_Neo,5123.583984375,19422.599609375,9279.622795222356,9691.14599609375
validation,759,25.553225808535235,122,ok,crepe,2,NSW_1,4783.9111328125,16679.66015625,9396.61045968192,9043.1875
validation,760,21.51463684723157,194,ok,crepe,4,SW_Luna,5829.9912109375,19674.375,11767.43850490025,10702.7841796875
validation,761,10.500618488767087,85,ok,crepe,4,SW_Luna,8345.7119140625,19673.345703125,12043.156331380209,10638.32470703125
validation,762,14.008221262299914,102,ok,crepe,7,SW_Nikita,7188.568359375,17863.59765625,13366.764168502938,15029.435546875
validation,763,26.23154249123543,136,ok,crepe,6,SW_Neo,6622.974609375,13553.802734375,9277.228134765624,9586.14892578125
validation,764,15.631883869184055,95,ok,crepe,4,SW_Luna,6538.37353515625,17856.25390625,11997.381519458911,10631.3779296875
validation,765,11.506227791752508,122,ok,crepe,6,SW_Neo,4314.59375,17048.59375,10262.210811941964,10398.8564453125
validation,766,3.374331857665091,106,ok,crepe,9,SW_Yosefa,5829.712890625,18967.041015625,12136.640300919524,10881.2705078125
validation,767,11.571476444078348,133,ok,crepe,6,SW_Neo,7192.39208984375,16479.1796875,9930.8701171875,10399.8515625
validation,768,14.154663514135544,108,ok,crepe,7,SW_Nikita,4950.4130859375,17036.70703125,11800.176464049797,12802.513671875
validation,769,16.628128476947893,69,ok,crepe,7,SW_Nikita,7262.46484375,16857.78515625,12534.056853465545,13843.72412109375
validation,770,8.450040133657282,98,ok,crepe,4,SW_Luna,4268.7236328125,17644.470703125,12465.418918434632,10760.1943359375
validation,771,14.092384971139486,139,ok,crepe,9,SW_Yosefa,4171.6865234375,20549.5625,8977.647639872865,8071.201171875
validation,772,25.878366530242126,140,ok,crepe,7,SW_Nikita,4366.7490234375,19907.32421875,11941.66451762635,10766.35546875
validation,773,25.36601780671148,141,ok,crepe,6,SW_Neo,5178.595703125,11796.5146484375,8913.799632884839,9252.4013671875
validation,774,22.027322738724017,74,ok,crepe,9,SW_Yosefa,6101.3720703125,17860.734375,8050.359601702009,7883.022705078125
validation,775,9.046893587267592,132,ok,crepe,6,SW_Neo,7881.5390625,19418.486328125,10589.940894874366,10403.9580078125
validation,776,18.960429352993128,192,ok,crepe,6,SW_Neo,5829.359375,17644.0390625,8864.067711375585,7351.89697265625
validation,777,17.824982870842653,143,ok,crepe,4,SW_Luna,7976.87890625,19424.12109375,13226.871716832822,11667.5185546875
validation,778,2.7405924322250685,65,ok,crepe,4,SW_Luna,5969.72607421875,16480.2421875,8912.7878515625,9247.75390625
validation,779,15.490144081476107,152,ok,crepe,4,SW_Luna,4314.59814453125,19896.7265625,13244.31959691541,12946.677734375
validation,780,16.11470808800005,158,ok,crepe,3,SW_Dana,5903.00244140625,19419.55078125,13277.519224406591,13111.94140625
validation,781,17.876419159702554,166,ok,crepe,4,SW_Luna,6706.90625,19421.630859375,12076.367022156084,10517.583984375
validation,782,17.376865381295474,156,ok,crepe,2,NSW_1,5624.54296875,18078.734375,11631.591342659884,10700.04638671875
validation,783,7.295490688944577,146,ok,crepe,6,SW_Neo,7191.66015625,19420.6484375,9657.227529907226,9756.8017578125
validation,784,4.608321431521335,117,ok,crepe,4,SW_Luna,5904.63623046875,19670.701171875,10494.11107839337,9933.5419921875
validation,785,17.08251856038335,124,ok,crepe,4,SW_Luna,7879.892578125,17455.373046875,13479.233330146417,14661.916015625
validation,786,2.1526580763578105,52,ok,crepe,4,SW_Luna,5122.19189453125,19899.45703125,11099.290314275568,10880.73828125
validation,787,11.094371377456715,143,ok,crepe,4,SW_Luna,5624.0224609375,21002.1328125,12146.173051581325,10762.24560546875
validation,788,9.757617349838162,120,ok,crepe,2,NSW_1,4172.064453125,20335.634765625,11840.86291144876,11601.5224609375
validation,789,10.790466038199325,122,ok,crepe,5,SW_Nana,5762.3564453125,17440.783203125,8640.010236214901,7655.504638671875
validation,790,10.79397748357672,113,ok,crepe,6,SW_Neo,4268.81689453125,17445.990234375,10106.152461088905,10279.26171875
validation,791,13.16074483696032,72,ok,crepe,4,SW_Luna,6247.63671875,19205.9453125,11981.654439032833,10402.421875
validation,792,19.70489930818809,65,ok,crepe,9,SW_Yosefa,5692.20947265625,19425.953125,9676.153590846707,8477.859375
validation,793,13.775525826920337,132,ok,crepe,4,SW_Luna,6317.994140625,17653.30859375,12642.381377149748,10883.0947265625
validation,794,12.603260326449686,89,ok,crepe,8,SW_Shy,5829.38037109375,19422.21484375,9193.05482971784,9036.296875
validation,795,8.12786297154391,141,ok,crepe,6,SW_Neo,5428.744140625,19674.009765625,9054.172961425782,9369.98388671875
validation,796,14.630517511464483,137,ok,crepe,6,SW_Neo,5297.26513671875,18080.005859375,9182.43281497231,9478.48193359375
validation,797,14.975657928786823,73,ok,crepe,6,SW_Neo,6706.693359375,11933.234375,10131.991330030487,10517.91796875
validation,798,15.033341140229755,111,ok,crepe,7,SW_Nikita,11931.4921875,17045.4765625,15572.676104207678,15922.87109375
validation,799,13.604523276014241,139,ok,crepe,4,SW_Luna,5497.96630859375,20552.013671875,12448.868022717928,10882.1728515625
validation,800,12.332969442938913,129,ok,crepe,6,SW_Neo,5178.61279296875,17860.78515625,8760.158004557292,8777.8681640625
validation,801,5.501886122731823,40,ok,crepe,7,SW_Nikita,7794.5830078125,19901.69921875,15455.65959201389,17047.521484375
validation,802,10.642924603929718,130,ok,crepe,5,SW_Nana,7096.46044921875,16861.40234375,11096.538525062919,9932.4951171875
validation,803,4.050245080203185,98,ok,crepe,9,SW_Yosefa,4218.55615234375,17245.630859375,8774.875438548901,8158.51123046875
validation,804,16.498951212053107,78,ok,crepe,7,SW_Nikita,8527.64453125,17447.748046875,15337.463647735252,16282.0859375
validation,805,11.9250902838266,117,ok,crepe,6,SW_Neo,6855.74609375,10763.7119140625,8754.30429909446,9042.4931640625
validation,806,8.410056647194722,81,ok,crepe,4,SW_Luna,6176.3837890625,19673.072265625,11603.825629340277,10641.75830078125
validation,807,11.00303743834506,44,ok,crepe,1,NSW_2,7522.66796875,19424.533203125,11965.657874282526,11541.658203125
validation,808,3.368004724226697,107,ok,crepe,4,SW_Luna,6318.8505859375,21213.865234375,12074.294809810452,10402.4267578125
validation,809,14.603469132513556,157,ok,crepe,5,SW_Nana,6854.896484375,18730.5703125,10810.866070657803,9937.1181640625
validation,810,13.50725125643444,99,ok,crepe,4,SW_Luna,6319.3623046875,17651.166015625,12670.734625622235,10766.259765625
validation,811,5.145573503804577,56,ok,crepe,6,SW_Neo,4314.91650390625,13263.767578125,8847.606231689453,8988.607421875
validation,812,17.72597413512368,48,ok,crepe,7,SW_Nikita,8432.361328125,17440.576171875,13703.689204545455,16283.4853515625
validation,813,8.820651679394613,147,ok,crepe,6,SW_Neo,5763.56640625,15935.9072265625,9043.996154031636,9038.83447265625
validation,814,11.66640764075894,133,ok,crepe,4,SW_Luna,3277.707275390625,20342.51171875,11729.655859707163,10520.2685546875
validation,815,10.314094502668194,94,ok,crepe,6,SW_Neo,5762.5888671875,10878.1494140625,8815.10990934552,9311.685546875
validation,816,15.60043827956012,132,ok,crepe,8,SW_Shy,6318.04248046875,17444.115234375,11071.195276929842,10879.64453125
validation,817,5.645459463645235,88,ok,crepe,6,SW_Neo,6033.7509765625,17862.5625,9916.772938939144,9477.865234375
validation,818,25.59801878400618,69,ok,crepe,7,SW_Nikita,5904.28125,17647.3984375,11913.55394881811,9370.36376953125
validation,819,14.26003464819127,81,ok,crepe,7,SW_Nikita,5240.07421875,17445.79296875,10006.078492582514,7348.33740234375
validation,820,16.251951679228938,151,ok,crepe,6,SW_Neo,6033.9921875,17861.720703125,12788.815009936952,14327.83984375
validation,821,6.764175835124204,94,ok,crepe,6,SW_Neo,7014.78564453125,17862.48828125,10571.615142246463,10522.1025390625
validation,822,6.129586276520602,104,ok,crepe,4,SW_Luna,4517.1611328125,20556.2265625,11884.657991002818,10635.80126953125
validation,823,15.127073153543055,82,ok,crepe,4,SW_Luna,6318.1845703125,17647.583984375,11845.483664279514,10461.501953125
validation,824,6.4905750582595605,34,ok,crepe,2,NSW_1,5557.8701171875,17858.142578125,9681.937418619791,8932.916015625
validation,825,15.575419541285768,181,ok,crepe,4,SW_Luna,7702.43603515625,17452.228515625,12427.417107770983,10770.0859375
validation,826,19.133784043054124,156,ok,crepe,4,SW_Luna,5762.37890625,17443.203125,12840.112871636285,11865.8642578125
validation,827,19.418408556591306,165,ok,crepe,4,SW_Luna,7521.4169921875,19900.12890625,12276.784867371563,10875.69140625
validation,828,16.924287955278036,143,ok,crepe,6,SW_Neo,7015.8212890625,20126.376953125,9696.413843513257,9370.162109375
validation,829,10.002468281962333,110,ok,crepe,6,SW_Neo,6034.24560546875,16860.6875,9283.127079264323,9369.6103515625
validation,830,16.23223145078719,77,ok,crepe,6,SW_Neo,5829.892578125,17041.15625,9802.226573472612,10155.408203125
validation,831,13.355151869850161,131,ok,crepe,2,NSW_1,5497.85546875,20778.029296875,11755.837693234707,11283.515625
validation,832,12.07491101627226,62,ok,crepe,6,SW_Neo,5971.45703125,17440.7890625,10041.06453339041,9935.53515625
validation,833,13.899788793268606,101,ok,crepe,4,SW_Luna,5498.74755859375,18492.783203125,12954.18800069518,12660.7314453125
validation,834,11.047343130592191,90,ok,crepe,7,SW_Nikita,6174.64453125,19421.9375,12773.14037109375,14147.412109375
validation,835,8.088335709537706,117,ok,crepe,3,SW_Dana,8933.0126953125,16677.97265625,12168.806027434593,11796.37890625
validation,836,15.525484038842949,133,ok,crepe,6,SW_Neo,5558.64306640625,17858.609375,9195.228173193993,9817.951171875
validation,837,5.119674728777594,14,ok,crepe,7,SW_Nikita,8825.16796875,18078.84375,16516.380737304688,17544.1865234375
validation,838,4.570661648512127,38,ok,crepe,5,SW_Nana,6707.6162109375,10401.9296875,7294.083089192708,7259.796142578125
validation,839,13.422975023270482,137,ok,crepe,6,SW_Neo,6622.01611328125,12214.90625,9144.688047751402,9477.96435546875
validation,840,17.646542837408173,161,ok,crepe,4,SW_Luna,5762.7109375,17449.703125,12180.849436113911,10635.28125
validation,841,12.357254743616984,107,ok,crepe,6,SW_Neo,8434.6474609375,17444.177734375,9718.048579846398,9094.7578125
validation,842,11.69142720999089,104,ok,crepe,6,SW_Neo,6034.525390625,17254.46875,9564.414697265625,9586.98486328125
validation,843,7.4941216015398835,250,ok,crepe,5,SW_Nana,6396.40087890625,18967.19140625,10377.157251993814,10462.8017578125
validation,844,3.6062595693199984,219,ok,crepe,4,SW_Luna,6938.56884765625,20779.177734375,11083.60732736895,10523.4892578125
validation,845,9.352582488944078,127,ok,crepe,6,SW_Neo,5361.60546875,12214.34765625,9063.569790073208,9474.7509765625
validation,846,13.191845211247639,160,ok,crepe,6,SW_Neo,5762.68994140625,18726.677734375,11839.627457328465,10701.22509765625
validation,847,8.122127791021976,58,ok,crepe,4,SW_Luna,5970.01416015625,11537.892578125,9667.609713040865,9935.1806640625
validation,848,8.414548837823174,127,ok,crepe,5,SW_Nana,5426.9873046875,20129.84765625,10815.453255666813,9691.90673828125
validation,849,0.8402500630013896,75,ok,crepe,6,SW_Neo,7268.4033203125,17047.033203125,9350.066831341912,9478.3720703125
validation,850,11.096153541770304,129,ok,crepe,4,SW_Luna,6463.91357421875,16674.7265625,12615.673455132379,11471.62646484375
validation,851,11.546918408827572,92,ok,crepe,4,SW_Luna,8731.7294921875,17442.609375,12234.695509690504,10760.6748046875
validation,852,9.564268434156348,121,ok,crepe,8,SW_Shy,3474.21142578125,19674.53515625,10769.587099395529,9937.4462890625
validation,853,18.56249528980726,145,ok,crepe,6,SW_Neo,6175.99365234375,17646.7109375,9236.981136459903,9095.9345703125
validation,854,13.120405549260104,59,ok,crepe,9,SW_Yosefa,6102.1826171875,17645.1796875,7917.953299906716,7792.0712890625
validation,855,8.9028178053833,97,ok,crepe,4,SW_Luna,6621.66796875,17442.62109375,11231.019471926109,10516.603515625
validation,856,7.622074215707019,78,ok,crepe,4,SW_Luna,6856.81103515625,17457.451171875,12545.032548253677,10881.0439453125
validation,857,12.580867587502896,100,ok,crepe,1,NSW_2,5763.328125,17250.255859375,10234.07293309203,9820.6123046875
validation,858,3.3601832172814703,104,ok,crepe,5,SW_Nana,6177.29443359375,13114.7412109375,8873.224853515625,8630.875
validation,859,16.516136803563874,57,ok,crepe,7,SW_Nikita,7981.2216796875,17244.359375,15288.278407765858,16112.041015625
validation,860,11.604079853958265,169,ok,crepe,6,SW_Neo,5969.3671875,20776.0234375,9364.037644159227,9148.3154296875
validation,861,7.346711946066646,63,ok,crepe,7,SW_Nikita,7095.9033203125,17254.4296875,14385.37269422743,15392.2265625
validation,862,20.09989844999876,41,ok,crepe,9,SW_Yosefa,4461.2451171875,11794.63671875,6842.106412760417,6537.9287109375
validation,863,22.527180762460013,83,ok,crepe,2,NSW_1,4414.8369140625,19673.46875,10183.197748540522,9931.5126953125
validation,864,7.115018707064315,54,ok,crepe,4,SW_Luna,8070.43359375,16481.3515625,11798.347639973957,10405.1240234375
validation,865,11.098780347979982,151,ok,crepe,6,SW_Neo,5692.5986328125,12807.2275390625,9843.837332188397,10282.85107421875
validation,866,10.54839938467817,58,ok,crepe,8,SW_Shy,6174.787109375,16282.591796875,10697.288852163461,10763.396484375
validation,867,8.82012345356848,56,ok,crepe,9,SW_Yosefa,6621.0087890625,16673.44140625,7478.867286682129,7191.534423828125
validation,868,2.9605174542290023,94,ok,crepe,4,SW_Luna,6317.4306640625,17443.734375,10183.2501173753,10053.001953125
validation,869,-1.5508825743934405,29,ok,crepe,6,SW_Neo,5427.4033203125,19899.5546875,10775.139175415039,8879.12744140625
validation,870,31.346932729091815,105,ok,crepe,9,SW_Yosefa,5762.3681640625,9147.478515625,7929.029553022541,8068.481201171875
validation,871,8.204605404616805,125,ok,crepe,3,SW_Dana,8823.9736328125,16096.572265625,11766.066343019334,11537.015625
validation,872,16.908201628327067,147,ok,crepe,6,SW_Neo,5361.74365234375,11405.728515625,8603.369172034905,7704.22607421875
validation,873,9.989141949208326,118,ok,crepe,6,SW_Neo,6396.44921875,18078.296875,9087.639843015742,9689.033203125
validation,874,9.850445841901207,121,ok,crepe,9,SW_Yosefa,6177.15087890625,15559.1357421875,10213.661364658274,9690.8720703125
validation,875,5.2217559616501505,94,ok,crepe,6,SW_Neo,7014.1875,18709.583984375,10647.438060798268,9930.525390625
validation,876,18.865669315689118,85,ok,crepe,7,SW_Nikita,6936.69970703125,17051.6484375,13624.590739771264,15398.0712890625
validation,877,9.723909650121087,165,ok,crepe,4,SW_Luna,7098.4921875,17652.560546875,13805.378032622466,16278.314453125
validation,878,13.538153826188006,119,ok,crepe,6,SW_Neo,5969.46533203125,17642.04296875,9606.418174342105,9819.908203125
validation,879,13.253345100000937,93,ok,crepe,6,SW_Neo,8245.6943359375,17443.060546875,10462.910044642857,10285.9228515625
validation,880,-105.76216745054433,78,ok,crepe,9,SW_Yosefa,6317.7001953125,17440.609375,9382.078533793605,9471.9521484375
validation,881,22.30477797609752,116,ok,crepe,6,SW_Neo,6318.5146484375,10641.7001953125,8790.298423032407,9373.1630859375
validation,882,18.150877317227987,147,ok,crepe,6,SW_Neo,5498.76220703125,10878.029296875,8702.803693704043,9042.38623046875
validation,883,16.788896032097835,87,ok,crepe,6,SW_Neo,5361.62646484375,11932.138671875,9551.344397818688,9926.0859375
validation,884,6.04906731573141,129,ok,crepe,4,SW_Luna,4314.3525390625,19423.048828125,10353.318267822266,10055.6005859375
validation,885,4.097766673161642,194,ok,crepe,4,SW_Luna,5904.15576171875,19679.31640625,13827.95705168968,16293.2470703125
validation,886,15.266224627124032,136,ok,crepe,6,SW_Neo,5969.6552734375,11794.962890625,8689.495250920581,8940.3232421875
validation,887,15.754200416240439,63,ok,crepe,6,SW_Neo,3551.21630859375,19418.58203125,9298.891034100507,8822.4755859375
validation,888,16.471561075741793,142,ok,crepe,6,SW_Neo,7189.1201171875,17439.146484375,9953.799692473796,10519.01953125
validation,889,12.331490129342832,97,ok,crepe,4,SW_Luna,6033.98876953125,17241.943359375,12895.325297407671,14838.623046875
validation,890,23.051102569424277,126,ok,crepe,4,SW_Luna,8069.7392578125,17857.43359375,12940.794430202908,11007.3056640625
validation,891,22.244192007399555,141,ok,crepe,6,SW_Neo,6034.3193359375,15743.9072265625,10062.834837360148,10157.21484375
validation,892,20.4864922061131,137,ok,crepe,6,SW_Neo,5693.404296875,17246.640625,9700.385671977125,10400.1484375
validation,893,13.15164270877827,118,ok,crepe,6,SW_Neo,5829.9892578125,17442.892578125,9467.182837818287,9932.9873046875
validation,894,19.14477078474103,140,ok,crepe,4,SW_Luna,7192.27587890625,18726.4296875,12826.746015383873,11338.21240234375
validation,895,15.17290390556563,233,ok,crepe,5,SW_Nana,6034.5849609375,14666.681640625,8818.614790315449,8431.544921875
validation,896,14.544305995028498,141,ok,crepe,9,SW_Yosefa,6033.9345703125,16864.443359375,8749.795671945594,8732.4912109375
validation,897,16.51013903550472,117,ok,crepe,9,SW_Yosefa,6247.48974609375,19425.291015625,8514.276910538063,8073.55224609375
validation,898,21.33811116743582,109,ok,crepe,6,SW_Neo,6034.4453125,19421.02734375,9852.322684701034,9938.2021484375
validation,899,18.72979721518339,207,ok,crepe,4,SW_Luna,6857.7744140625,18961.255859375,12713.305117103675,11536.546875
validation,900,4.798463105173007,75,ok,crepe,2,NSW_1,4122.8974609375,17647.478515625,10647.195619936343,9691.810546875
validation,901,20.129700210956916,110,ok,crepe,6,SW_Neo,6317.23193359375,15751.85546875,9758.111856103913,10046.919921875
validation,902,17.331084166687948,166,ok,crepe,5,SW_Nana,5499.6748046875,17645.765625,10295.661499023438,9476.45703125
validation,903,7.994829570357263,109,ok,crepe,4,SW_Luna,8734.0380859375,20779.080078125,11415.026028540826,9822.03857421875
validation,904,20.907700798382216,91,ok,crepe,9,SW_Yosefa,4368.06591796875,15404.658203125,8503.557223718144,8625.59765625
validation,905,19.422090988780816,172,ok,crepe,2,NSW_1,5498.93115234375,19904.53515625,9787.755336914062,9580.90283203125
validation,906,17.424579371792955,100,ok,crepe,7,SW_Nikita,8627.9013671875,18074.34765625,14959.337730670797,16198.75146484375
validation,907,5.950380394257758,93,ok,crepe,4,SW_Luna,8631.23046875,12212.802734375,10153.853962835865,10278.3125
validation,908,18.31156296767344,147,ok,crepe,4,SW_Luna,8158.88623046875,17651.037109375,13089.386911190257,11073.82861328125
validation,909,15.539338131397368,70,ok,crepe,4,SW_Luna,8825.2353515625,20781.50390625,12452.437474300987,10461.681640625
validation,910,12.824818899106864,151,ok,crepe,6,SW_Neo,7097.650390625,19428.48828125,9114.375613190407,8731.10986328125
validation,911,13.235317122229286,82,ok,crepe,7,SW_Nikita,9370.0595703125,17641.064453125,14660.273581414474,16104.40625
validation,912,8.726411989056404,84,ok,crepe,6,SW_Neo,7187.900390625,20998.59375,9638.372983870968,9929.087890625
validation,913,8.58988455016936,87,ok,crepe,2,NSW_1,4784.08642578125,17646.39453125,10711.707631429037,10223.25830078125
validation,914,-1.180498532449144,136,ok,crepe,4,SW_Luna,4726.5517578125,16868.291015625,11159.741657181292,11000.34375
validation,915,18.112836125848037,126,ok,crepe,6,SW_Neo,5693.52099609375,11407.806640625,9259.108075209067,9588.0302734375
validation,916,13.064016972119477,78,ok,crepe,6,SW_Neo,6036.28857421875,17446.796875,11517.180442116478,10281.4951171875
validation,917,4.803806189057793,185,ok,crepe,3,SW_Dana,4838.0908203125,20128.478515625,11303.098644780177,11002.830078125
validation,918,9.868210787869184,103,ok,crepe,4,SW_Luna,6175.82421875,17857.9765625,12557.581855640077,10763.30859375
validation,919,9.539418983063566,129,ok,crepe,5,SW_Nana,6396.03955078125,16868.05078125,8336.699449327258,7883.870361328125
validation,920,14.21921389376525,178,ok,crepe,4,SW_Luna,4269.12548828125,19421.265625,13750.950994539024,15199.328125
validation,921,6.961723819287659,184,ok,crepe,6,SW_Neo,5559.2900390625,17441.22265625,8932.310934213492,8940.1591796875
validation,922,14.583294160770235,71,ok,crepe,4,SW_Luna,8732.216796875,18078.8359375,12157.064019097223,10875.974609375
validation,923,14.001110672275171,54,ok,crepe,4,SW_Luna,8528.6142578125,16108.34765625,10932.874767485118,10280.865234375
validation,924,11.017677675009313,138,ok,crepe,6,SW_Neo,6318.58984375,20130.427734375,10261.85545606737,10403.72119140625
validation,925,6.920067561384938,169,ok,crepe,3,SW_Dana,4367.86328125,19420.19921875,11895.106876454454,11737.16748046875
validation,926,14.935540897155297,129,ok,crepe,4,SW_Luna,5762.9091796875,19424.423828125,12249.709097055289,10760.048828125
validation,927,14.48361993941072,69,ok,crepe,2,NSW_1,6034.1279296875,17644.685546875,10817.940775810917,10518.140625
validation,928,7.804475944505066,142,ok,crepe,5,SW_Nana,6033.986328125,16477.837890625,8703.326090494791,8821.55126953125
validation,929,17.93806857281766,116,ok,crepe,6,SW_Neo,5499.3330078125,17443.0546875,10361.583621863163,10821.91455078125
validation,930,18.463205045071224,163,ok,crepe,4,SW_Luna,6247.00244140625,19425.091796875,11996.105212602459,11141.708984375
validation,931,11.96530263652446,85,ok,crepe,6,SW_Neo,5008.52099609375,14670.439453125,11252.077686543367,11407.4609375
validation,932,8.07478825509399,75,ok,crepe,2,NSW_1,5427.5869140625,19415.55859375,10993.163955316311,10699.9404296875
validation,933,3.7511215908234785,99,ok,crepe,4,SW_Luna,4892.50439453125,17643.9453125,13352.259491502193,12598.2568359375
validation,934,13.652595717364909,230,ok,crepe,7,SW_Nikita,6178.18408203125,20126.875,14798.428531044408,16110.66015625
validation,935,10.458761239477532,118,ok,crepe,9,SW_Yosefa,6856.455078125,10763.25390625,8381.709164268092,8162.716796875
validation,936,14.056608434919672,159,ok,crepe,9,SW_Yosefa,4028.126220703125,19424.66015625,6690.334494478876,5690.96435546875
validation,937,13.175184031861594,97,ok,crepe,4,SW_Luna,7099.12109375,20781.455078125,12598.809836647728,10639.20556640625
validation,938,6.237821246666359,146,ok,crepe,4,SW_Luna,6247.2685546875,17646.349609375,12974.047188895089,10941.2119140625
validation,939,13.075113234316504,89,ok,crepe,4,SW_Luna,5971.625,17442.0390625,11414.636269144492,10406.87109375
validation,940,7.7368166329731425,86,ok,crepe,9,SW_Yosefa,6398.1728515625,19425.328125,11578.861007854503,9700.697265625
validation,941,-4.574061561980457,38,ok,crepe,7,SW_Nikita,7793.59423828125,16474.451171875,9377.94598858173,8939.28515625
validation,942,8.409336250368693,89,ok,crepe,9,SW_Yosefa,7098.7197265625,17441.41796875,8206.302758789063,7795.809326171875
validation,943,9.110857504257835,100,ok,crepe,6,SW_Neo,5361.38232421875,18736.15625,9842.347083629262,9369.177734375
validation,944,9.329852534305571,24,ok,crepe,5,SW_Nana,7191.7626953125,16481.623046875,9421.225875289352,9045.7900390625
validation,945,13.723695672026277,164,ok,crepe,4,SW_Luna,7522.40673828125,17445.828125,12432.605975407427,10759.81396484375
validation,946,15.520403317783849,171,ok,crepe,4,SW_Luna,6247.20263671875,17860.994140625,11138.685667105057,10278.724609375
validation,947,13.711998625288128,89,ok,crepe,7,SW_Nikita,6708.85498046875,17860.89453125,13123.246422493812,14489.025390625
validation,948,13.448048669361423,202,ok,crepe,9,SW_Yosefa,5829.900390625,19421.142578125,10989.115280151367,10275.7587890625
validation,949,16.13290121753095,120,ok,crepe,6,SW_Neo,5692.99267578125,18725.9296875,9320.630093094207,9469.958984375
validation,950,13.366135758459102,169,ok,crepe,4,SW_Luna,6541.0888671875,17859.15234375,13141.582748413086,11800.85009765625
validation,951,9.711979188253899,113,ok,crepe,5,SW_Nana,7262.6640625,19666.779296875,11028.420048907521,10045.2890625
validation,952,18.488524528542676,173,ok,crepe,7,SW_Nikita,5969.4482421875,17450.798828125,13390.915700683594,15748.87451171875
validation,953,16.430446285689943,65,ok,crepe,6,SW_Neo,7189.185546875,14495.783203125,9070.566861539273,9308.39404296875
validation,954,15.56098913672777,114,ok,crepe,6,SW_Neo,6463.529296875,17045.15625,9132.989373359971,9585.978515625
validation,955,15.74647998024533,85,ok,crepe,9,SW_Yosefa,7793.115234375,19673.060546875,13108.992992912372,12806.5380859375
validation,956,3.0760503246262627,127,ok,crepe,6,SW_Neo,6539.8388671875,17249.712890625,8844.039279513889,9045.50732421875
validation,957,16.2322040929787,188,ok,crepe,4,SW_Luna,6465.6875,18494.15234375,12626.955723842728,11732.83935546875
validation,958,13.88221690473009,279,ok,crepe,5,SW_Nana,6398.189453125,18285.525390625,9601.332580757738,9037.1630859375
validation,959,29.358592535524537,165,ok,crepe,6,SW_Neo,5359.2900390625,17047.34765625,9567.523522306743,8680.7890625
validation,960,12.251600097344895,126,ok,crepe,4,SW_Luna,6464.70654296875,17643.95703125,10428.546278211805,9690.611328125
validation,961,17.605892340766236,107,ok,crepe,2,NSW_1,4726.1953125,19901.3984375,11003.18701171875,10877.958984375
validation,962,12.761611369550213,184,ok,crepe,6,SW_Neo,3842.347412109375,20130.34765625,7028.208568988818,6853.4853515625
validation,963,9.060231003350358,94,ok,crepe,4,SW_Luna,6936.943359375,18723.810546875,9727.100129901239,9697.748046875
validation,964,6.393456406621026,80,ok,crepe,2,NSW_1,5297.3720703125,20555.6953125,11456.35801235465,10580.2568359375
validation,965,13.13659125365495,114,ok,crepe,6,SW_Neo,6033.65966796875,11404.025390625,9719.443285949248,10285.7666015625
validation,966,8.063992215958303,99,ok,crepe,6,SW_Neo,6100.6142578125,11932.28515625,9108.541038876489,9589.3916015625
validation,967,15.660697777018836,161,ok,crepe,5,SW_Nana,5829.48046875,11675.958984375,8528.49122406334,8247.14599609375
validation,968,1.6193521728329128,76,ok,crepe,4,SW_Luna,8733.2333984375,17256.134765625,12583.232200985864,10758.38623046875
validation,969,5.122265399672051,77,ok,crepe,5,SW_Nana,8820.5615234375,19206.23828125,10923.141945578835,10155.68798828125
validation,970,20.318907709234885,171,ok,crepe,4,SW_Luna,5624.07470703125,19900.087890625,10174.777258174936,9938.5322265625
validation,971,15.960163329594732,93,ok,crepe,6,SW_Neo,7192.36572265625,10999.2265625,9755.6576549602,9934.0244140625
validation,972,9.222052247991773,89,ok,crepe,4,SW_Luna,7190.3603515625,17442.93359375,12166.049868164062,11531.32958984375
validation,973,20.82387772013857,180,ok,crepe,4,SW_Luna,4892.3974609375,17445.423828125,11416.489500773701,10280.3515625
validation,974,8.36182841752795,101,ok,crepe,4,SW_Luna,5691.76953125,17644.796875,12749.152770446228,10768.4423828125
validation,975,18.811985599398025,142,ok,crepe,4,SW_Luna,6539.97119140625,17262.3515625,11626.525266280085,10640.5283203125
validation,976,21.90675563132363,131,ok,crepe,8,SW_Shy,4366.10986328125,17645.9296875,8478.27798709354,8478.02294921875
validation,977,12.986510496790288,81,ok,crepe,4,SW_Luna,5903.939453125,16479.173828125,11215.748878562843,10282.169921875
validation,978,3.968804551531926,147,ok,crepe,4,SW_Luna,5692.025390625,21214.580078125,12116.299623501376,10523.408203125
validation,979,11.526302503601338,123,ok,crepe,4,SW_Luna,8071.13720703125,17645.71875,12969.210753038195,13111.2744140625
validation,980,17.322032284754293,174,ok,crepe,7,SW_Nikita,4365.32763671875,17249.109375,11878.991416402383,12881.037109375
validation,981,10.375250251674819,155,ok,crepe,6,SW_Neo,5762.783203125,17644.060546875,9097.26910435268,9148.609375
validation,982,14.295297757241842,106,ok,crepe,4,SW_Luna,5558.14892578125,17860.150390625,12672.739974225155,10885.12646484375
validation,983,16.49935716877758,117,ok,crepe,6,SW_Neo,5696.3916015625,17442.287109375,9531.786932842548,9823.1337890625
validation,984,15.039784679818947,110,ok,crepe,6,SW_Neo,5764.6767578125,18719.9453125,10928.123527280746,10283.28466796875
validation,985,19.077607665225344,122,ok,crepe,4,SW_Luna,6396.29931640625,17454.375,12411.670796565872,10884.4580078125
validation,986,7.9967948360353,95,ok,crepe,4,SW_Luna,6317.806640625,18499.3828125,12075.1532421875,11406.4306640625
validation,987,10.735217887966286,65,ok,crepe,9,SW_Yosefa,9821.892578125,18732.205078125,12337.29796720806,11535.646484375
validation,988,20.923933653532583,117,ok,crepe,2,NSW_1,4269.30224609375,20131.77734375,10596.703369140625,10278.494140625
validation,989,13.89777735282719,33,ok,crepe,9,SW_Yosefa,5062.65869140625,13114.3212890625,8166.86917917352,7438.95654296875
validation,990,12.8798762266869,179,ok,crepe,3,SW_Dana,7980.39306640625,16104.162109375,12280.277858360141,11935.16259765625
validation,991,10.487783297103675,46,ok,crepe,2,NSW_1,7522.296875,17443.302734375,11383.57981004902,10758.8759765625
validation,992,13.710146905028203,114,ok,crepe,9,SW_Yosefa,5766.6796875,14661.7724609375,8889.882819898201,8826.576171875
validation,993,14.569091495983583,116,ok,crepe,4,SW_Luna,7190.80859375,18078.72265625,12984.001730847714,10997.16064453125
validation,994,18.27161350922218,134,ok,crepe,6,SW_Neo,3674.75927734375,11794.951171875,9092.347045090024,9477.6328125
validation,995,11.887653158211712,128,ok,crepe,4,SW_Luna,7795.7578125,17444.703125,13428.906970796132,12212.265625
validation,996,22.0285530816615,62,ok,crepe,5,SW_Nana,6245.34228515625,17041.61328125,9810.04771484375,9581.1923828125
validation,997,8.669580920436328,63,ok,crepe,7,SW_Nikita,4366.9052734375,16861.830078125,13442.817052706867,14494.1220703125
validation,998,12.116605072735515,123,ok,crepe,6,SW_Neo,4268.9130859375,19672.072265625,8428.533145878233,7097.26806640625
validation,999,15.012018708020102,113,ok,crepe,7,SW_Nikita,5622.89599609375,17443.388671875,12603.477483152434,14662.896484375
validation,1000,17.844897210746357,153,ok,crepe,4,SW_Luna,7705.1455078125,20554.78125,14019.229837351832,15482.79931640625
validation,1001,12.157745155800209,113,ok,crepe,6,SW_Neo,5427.81298828125,10878.9541015625,8740.871074676514,8944.29736328125
validation,1002,16.357939074430064,134,ok,crepe,6,SW_Neo,7014.61865234375,16677.966796875,9058.583338795092,9249.505859375
validation,1003,8.47939127567402,118,ok,crepe,2,NSW_1,4838.20556640625,21006.7578125,11615.455418786338,10524.869140625
validation,1004,15.28555110893771,98,ok,crepe,7,SW_Nikita,8526.4775390625,17640.603515625,15032.04500906808,15567.72607421875
validation,1005,6.900021846457857,81,ok,crepe,6,SW_Neo,5762.4443359375,18707.69140625,8642.283280806108,8828.4189453125
validation,1006,19.947683935293934,109,ok,crepe,6,SW_Neo,5624.03515625,18486.951171875,9929.57306208376,10219.19580078125
validation,1007,16.258347060745223,105,ok,crepe,4,SW_Luna,9369.1123046875,17442.05859375,14024.513084349594,15200.8056640625
validation,1008,23.714976844607506,118,ok,crepe,3,SW_Dana,9039.650390625,21004.828125,13692.89800752099,13846.04736328125
validation,1009,14.643561944519728,93,ok,crepe,4,SW_Luna,6247.81787109375,17865.05078125,12751.204700397995,10940.99365234375
validation,1010,23.162486500852616,60,ok,crepe,2,NSW_1,9693.30078125,17447.892578125,11058.297315140846,10406.1083984375
validation,1011,12.80839680013283,140,ok,crepe,7,SW_Nikita,4269.18359375,18740.447265625,14910.144342736352,16103.03125
validation,1012,21.35815575717091,112,ok,crepe,4,SW_Luna,8824.673828125,17245.1796875,13784.783009303435,15403.3251953125
validation,1013,14.746727498417219,170,ok,crepe,6,SW_Neo,5693.6884765625,14842.31640625,9535.559778513642,9823.482421875
validation,1014,17.27801038322916,59,ok,crepe,4,SW_Luna,5427.81982421875,16482.0390625,9821.57275390625,10050.19140625
validation,1015,12.136853433997967,130,ok,crepe,6,SW_Neo,7013.384765625,17861.83203125,8823.97470505173,8941.73681640625
validation,1016,15.974151002364268,125,ok,crepe,2,NSW_1,8827.890625,19673.59375,11045.097279094827,10274.3759765625
validation,1017,14.010071501212808,114,ok,crepe,6,SW_Neo,7015.09375,13699.814453125,9981.345288825758,10046.37060546875
validation,1018,11.503815059185595,157,ok,crepe,4,SW_Luna,6034.3369140625,20137.08203125,11682.580420483118,10280.23486328125
validation,1019,9.106663295453606,77,ok,crepe,4,SW_Luna,8731.171875,17653.814453125,12091.186084533005,10406.390625
validation,1020,15.92007057974702,63,ok,crepe,9,SW_Yosefa,5240.28271484375,17441.4921875,8104.5220133463545,8114.77783203125
validation,1021,20.54573790001964,141,ok,crepe,4,SW_Luna,6178.392578125,17648.341796875,12686.388932905857,11283.2734375
validation,1022,6.217072263041068,94,ok,crepe,6,SW_Neo,2941.552490234375,16278.611328125,9919.403702235459,10401.6611328125
validation,1023,14.951076673874153,142,ok,crepe,6,SW_Neo,4315.63916015625,19671.5390625,10296.003756713868,9820.19384765625
validation,1024,23.324701115274475,122,ok,crepe,6,SW_Neo,5360.9814453125,10874.9609375,8918.056951032366,9200.669921875
validation,1025,12.09375233695588,92,ok,crepe,5,SW_Nana,7191.8671875,17645.9453125,8744.365994435437,8433.31591796875
validation,1026,10.677033763524966,135,ok,crepe,4,SW_Luna,7522.0009765625,17450.015625,12705.994600370334,11474.5947265625
validation,1027,10.547326429880467,55,ok,crepe,4,SW_Luna,6176.22802734375,12074.296875,9342.792587280273,9475.61279296875
validation,1028,14.70961965444255,65,ok,crepe,5,SW_Nana,6319.7568359375,18726.23828125,9785.694491916232,9369.6591796875
validation,1029,16.00578572754644,159,ok,crepe,3,SW_Dana,4676.68359375,15934.80078125,9981.253722143954,9819.7939453125
validation,1030,10.238833906326825,69,ok,crepe,4,SW_Luna,6541.9921875,17644.18359375,9649.392044870478,9145.998046875
validation,1031,10.33013847190363,152,ok,crepe,4,SW_Luna,5970.15625,19673.541015625,11378.466328818417,10281.7685546875
validation,1032,17.6647510826445,141,ok,crepe,4,SW_Luna,7015.35595703125,17866.603515625,11820.824679904514,10406.31298828125
validation,1033,12.657744679833588,67,ok,crepe,6,SW_Neo,7097.89453125,17440.501953125,9732.919774105674,9147.81787109375
validation,1034,6.966772681671902,122,ok,crepe,6,SW_Neo,7097.84912109375,19422.638671875,9702.517378535584,9476.439453125
validation,1035,18.56489759631427,162,ok,crepe,3,SW_Dana,4027.36767578125,17445.57421875,9630.424184544201,8634.072265625
validation,1036,15.950244702726435,79,ok,crepe,7,SW_Nikita,7096.58935546875,16483.083984375,10882.182204026441,9927.7783203125
validation,1037,5.960350565529237,119,ok,crepe,3,SW_Dana,6706.318359375,19673.541015625,11692.310823189197,11143.435546875
validation,1038,15.366638665593706,95,ok,crepe,4,SW_Luna,7521.431640625,18500.65625,11805.161304615161,10635.306640625
validation,1039,11.613319038096579,73,ok,crepe,2,NSW_1,5971.10546875,18497.85546875,9209.470660927855,9041.8828125
validation,1040,7.50867549868886,192,ok,crepe,6,SW_Neo,7350.45654296875,20340.75,11246.293528430866,10047.88623046875
validation,1041,21.013657810831965,163,ok,crepe,5,SW_Nana,5428.53955078125,16472.24609375,10122.55767402447,9143.7490234375
validation,1042,20.430121052991403,140,ok,crepe,5,SW_Nana,5692.369140625,16673.6015625,9935.710746433424,8827.830078125
validation,1043,16.435088767211333,107,ok,crepe,4,SW_Luna,6464.86865234375,17453.884765625,14139.71698742378,15742.486328125
validation,1044,14.637020906861185,267,ok,crepe,4,SW_Luna,6462.18994140625,20335.66796875,12647.220462196752,11210.87744140625
validation,1045,24.86663251801811,142,ok,crepe,6,SW_Neo,4123.107421875,11134.5361328125,8529.407410421489,7481.15576171875
validation,1046,13.84893077820447,161,ok,crepe,9,SW_Yosefa,4268.7099609375,17647.322265625,10340.55072788593,9699.6005859375
validation,1047,7.266798510620277,85,ok,crepe,4,SW_Luna,7793.4599609375,19205.564453125,13035.490294780928,10766.5029296875
validation,1048,16.126455965278495,53,ok,crepe,7,SW_Nikita,8824.1826171875,17034.5859375,15017.269173177083,16667.908203125
validation,1049,25.62844781626638,85,ok,crepe,2,NSW_1,4073.092041015625,16862.69921875,11195.975638792686,11278.33984375
validation,1050,22.10836243660701,136,ok,crepe,6,SW_Neo,6319.36474609375,16677.37890625,9034.151215758504,9421.14111328125
validation,1051,7.117293564619285,81,ok,crepe,4,SW_Luna,4073.172607421875,17645.548828125,10733.446008169523,10156.9814453125
validation,1052,22.20332797540091,145,ok,crepe,4,SW_Luna,4314.1962890625,17645.29296875,12483.091243881778,10764.802734375
validation,1053,10.080978427591758,101,ok,crepe,6,SW_Neo,6780.5244140625,21005.861328125,9796.768506731305,9822.46044921875
validation,1054,13.066684164657879,76,ok,crepe,7,SW_Nikita,9584.689453125,17036.072265625,15577.289893139368,15749.8193359375
validation,1055,17.495462382882874,200,ok,crepe,3,SW_Dana,6463.482421875,14491.994140625,10171.549747861665,9586.98193359375
validation,1056,12.30560070198868,85,ok,crepe,4,SW_Luna,8526.51171875,17862.0390625,13525.139026988636,15029.515625
validation,1057,8.242111202450381,94,ok,crepe,4,SW_Luna,8631.703125,19903.09375,15661.683490459736,17643.20703125
validation,1058,10.387786240504685,234,ok,crepe,4,SW_Luna,5969.93359375,17649.142578125,13118.18850042587,13701.498046875
validation,1059,16.48256896885767,218,ok,crepe,6,SW_Neo,7264.70458984375,19425.083984375,10060.756611485634,10280.65771484375
validation,1060,14.843544311185916,103,ok,crepe,6,SW_Neo,5905.2216796875,10766.5126953125,9017.467670641447,9583.94775390625
validation,1061,4.777397714800799,109,ok,crepe,9,SW_Yosefa,6033.82080078125,17649.900390625,11898.00053341649,10054.1552734375
validation,1062,14.833861150912544,121,ok,crepe,4,SW_Luna,6034.056640625,17646.52734375,14034.095569638039,15408.177734375
validation,1063,14.701730661049904,110,ok,crepe,6,SW_Neo,5903.88671875,17859.30078125,9240.837226242316,9638.8525390625
validation,1064,9.387184618380479,160,ok,crepe,6,SW_Neo,4219.4375,19672.703125,9858.765503604109,10161.6494140625
validation,1065,15.105102787824297,141,ok,crepe,6,SW_Neo,5762.55615234375,17440.1015625,10148.206254438921,10399.86767578125
validation,1066,17.54229139419871,157,ok,crepe,2,NSW_1,7015.76416015625,17039.439453125,11153.931200902107,10770.48046875
validation,1067,5.703605788287919,115,ok,crepe,6,SW_Neo,4950.298828125,19675.1875,10578.87809378202,9931.83154296875
validation,1068,7.191480747581018,79,ok,crepe,4,SW_Luna,7978.71630859375,19674.5625,11569.582388944404,10337.54052734375
validation,1069,11.373258327973767,146,ok,crepe,6,SW_Neo,5691.9970703125,17441.7734375,9076.310617953915,9197.7578125
validation,1070,15.35920624396942,83,ok,crepe,4,SW_Luna,7099.1142578125,17649.568359375,11036.90418259641,10399.44140625
validation,1071,12.751199337574985,31,ok,crepe,2,NSW_1,5362.5517578125,11931.6611328125,9565.892982700892,9688.1787109375
validation,1072,8.421646739874012,187,ok,crepe,6,SW_Neo,4219.03125,12071.2314453125,9283.875502035651,9934.162109375
validation,1073,15.939091004813266,73,ok,crepe,2,NSW_1,4414.1982421875,19428.244140625,11072.222838620106,10876.9384765625
validation,1074,13.039221196988597,161,ok,crepe,4,SW_Luna,5764.6005859375,17658.7578125,10677.023113748302,9823.22607421875
validation,1075,13.185336231594002,84,ok,crepe,4,SW_Luna,7436.2705078125,19422.529296875,13529.210538903062,11934.2900390625
validation,1076,2.857198642271052,51,ok,crepe,9,SW_Yosefa,6463.67236328125,17446.6640625,10570.23930387677,9254.869140625
validation,1077,9.006258228898846,80,ok,crepe,4,SW_Luna,5903.42041015625,18288.869140625,15488.980003446692,17439.376953125
validation,1078,9.132720621169483,200,ok,crepe,6,SW_Neo,4677.38671875,19423.8125,12604.589731069711,12072.4169921875
validation,1079,10.881388889391845,131,ok,crepe,6,SW_Neo,6462.6279296875,17250.544921875,9013.60698968011,9148.408203125
validation,1080,13.925573982520751,122,ok,crepe,6,SW_Neo,5499.21630859375,10759.12109375,8956.805328152705,9369.2578125
validation,1081,5.354440589748454,143,ok,crepe,4,SW_Luna,5763.9130859375,19415.033203125,11233.439287293631,10401.87109375
validation,1082,16.393527932809032,147,ok,crepe,6,SW_Neo,4950.32666015625,20781.154296875,9147.402916317895,9308.3369140625
validation,1083,0.8680859534236098,58,ok,crepe,6,SW_Neo,7097.91015625,14663.6962890625,9141.414542505298,9038.931640625
validation,1084,22.0788240506718,99,ok,crepe,4,SW_Luna,5904.3408203125,17857.646484375,11657.055472237724,10399.36328125
validation,1085,19.731338481112154,121,ok,crepe,7,SW_Nikita,5904.6396484375,19419.05078125,12592.174558790468,15032.64453125
validation,1086,15.614697143101349,99,ok,crepe,0,NSW_3,6620.8193359375,19423.126953125,10426.68665422712,9153.30615234375
validation,1087,10.728600018484446,120,ok,crepe,7,SW_Nikita,6174.7666015625,19899.1875,14470.351950252758,15840.4130859375
validation,1088,12.116380145279047,114,ok,crepe,4,SW_Luna,8526.9033203125,19424.640625,13190.03722563244,11670.34619140625
validation,1089,14.817407700699079,97,ok,crepe,2,NSW_1,5178.0859375,17443.85546875,10389.022138403096,10405.6015625
validation,1090,15.223724694063336,59,ok,crepe,4,SW_Luna,7097.86376953125,19419.5625,12508.781643540113,12214.865234375
validation,1091,11.844747813871487,106,ok,crepe,4,SW_Luna,6395.93994140625,18076.677734375,12407.55228333554,10760.9287109375
validation,1092,15.132767243685684,185,ok,crepe,4,SW_Luna,6780.005859375,19422.498046875,11362.958728027344,10284.07177734375
validation,1093,15.324084245625972,165,ok,crepe,3,SW_Dana,8728.6044921875,17442.029296875,11417.680018107096,10762.18701171875
validation,1094,9.486243131485857,102,ok,crepe,9,SW_Yosefa,3551.771484375,8935.9775390625,7600.760660807292,7614.421875
validation,1095,9.13115506714836,100,ok,crepe,4,SW_Luna,3712.72607421875,18285.642578125,9548.940343908362,8346.544921875
validation,1096,6.5091484549866045,48,ok,crepe,7,SW_Nikita,8940.541015625,17444.37109375,13556.277288472877,14156.0888671875
validation,1097,-3.365612447403578,29,ok,crepe,7,SW_Nikita,7098.025390625,18283.8046875,12927.18568638393,11798.478515625
validation,1098,10.602722353198073,131,ok,crepe,4,SW_Luna,6177.10009765625,19425.810546875,13016.440014982876,11280.68896484375
validation,1099,8.315969064419077,22,ok,crepe,7,SW_Nikita,8345.5078125,20129.962890625,13628.636455829326,13846.1845703125
validation,1100,13.613337119763859,89,ok,crepe,4,SW_Luna,6853.93115234375,17444.623046875,12317.692191329657,10768.923828125
validation,1101,23.92686026574085,141,ok,crepe,5,SW_Nana,5969.4580078125,19422.953125,7896.177240065586,7524.073974609375
validation,1102,6.403805302162489,126,ok,crepe,6,SW_Neo,5426.09814453125,18499.7578125,8666.06652492947,7264.4248046875
validation,1103,1.3725227384168508,124,ok,crepe,4,SW_Luna,6034.5888671875,21004.23828125,12274.254444067028,10761.47314453125
validation,1104,19.588203464400443,192,ok,crepe,4,SW_Luna,6854.8779296875,17442.7265625,11369.56604221889,10052.7607421875
validation,1105,13.756858416247596,154,ok,crepe,4,SW_Luna,6540.55224609375,19901.71484375,13134.706206413312,12655.73046875
validation,1106,5.453697302118709,163,ok,crepe,5,SW_Nana,5498.7255859375,19417.72265625,9749.798817510191,8829.3076171875
validation,1107,9.410183203220146,71,ok,crepe,6,SW_Neo,6539.865234375,17862.984375,7868.281123173701,7101.28466796875
validation,1108,14.102723679912776,113,ok,crepe,6,SW_Neo,7015.57373046875,14496.9541015625,9232.579680686773,9927.7822265625
validation,1109,8.27827608294023,79,ok,crepe,2,NSW_1,7098.2021484375,19422.349609375,11864.727125084919,9696.0322265625
validation,1110,23.424638016428467,151,ok,crepe,4,SW_Luna,6176.4140625,19426.32421875,12256.995769153942,10406.67431640625
validation,1111,8.77907815921938,65,ok,crepe,6,SW_Neo,7017.099609375,11533.732421875,8838.247022840711,8938.01513671875
validation,1112,15.106666004933281,164,ok,crepe,6,SW_Neo,5498.41845703125,13114.7509765625,8517.214253634693,8735.04296875
validation,1113,-1.737504457812413,85,ok,crepe,4,SW_Luna,5830.03515625,17869.59765625,12035.826095397213,10882.91796875
validation,1114,16.1512125719403,114,ok,crepe,2,NSW_1,5008.63671875,20555.90625,12476.380436454232,11277.802734375
validation,1115,11.04543371881443,140,ok,crepe,3,SW_Dana,6708.7255859375,19427.119140625,12982.02068422379,12074.29296875
validation,1116,13.66248783887868,66,ok,crepe,9,SW_Yosefa,5361.37158203125,9585.2236328125,7832.929288622359,7884.39453125
validation,1117,11.684092974506257,54,ok,crepe,6,SW_Neo,6318.830078125,17436.955078125,9949.211123511905,10155.484375
validation,1118,14.45716556127418,79,ok,crepe,4,SW_Luna,4949.75390625,17862.78125,14154.242209949713,16101.3525390625
validation,1119,8.152243899847374,59,ok,crepe,7,SW_Nikita,7096.5947265625,16676.958984375,14666.29590572528,16284.83203125
validation,1120,6.36366556592416,75,ok,crepe,4,SW_Luna,6247.5166015625,18968.068359375,11530.59812644676,10761.443359375
validation,1121,8.821590325640862,152,ok,crepe,4,SW_Luna,8429.2294921875,18070.80078125,13115.317937677557,10942.96728515625
validation,1122,15.786538899640467,149,ok,crepe,4,SW_Luna,7795.27880859375,21487.453125,12853.559438189339,11006.244140625
validation,1123,15.081913195483004,134,ok,crepe,4,SW_Luna,6463.916015625,17860.255859375,13208.652897572358,11672.02734375
validation,1124,16.705547755237873,255,ok,crepe,6,SW_Neo,7884.3251953125,17443.40625,9980.921119005927,10161.1572265625
validation,1125,20.646033204253577,159,ok,crepe,2,NSW_1,4122.80908203125,21217.58203125,11075.527646913633,9700.20751953125
validation,1126,8.069576494316376,52,ok,crepe,6,SW_Neo,7015.15625,19424.005859375,8823.974466258082,9038.39404296875
validation,1127,7.260418276181436,208,ok,crepe,6,SW_Neo,6934.38720703125,20340.4765625,11321.575367894666,10764.23486328125
validation,1128,14.62433030767077,79,ok,crepe,7,SW_Nikita,8824.6884765625,17866.16015625,15179.536555989584,16277.77392578125
validation,1129,12.209540297035637,91,ok,crepe,4,SW_Luna,7013.1884765625,16865.353515625,10576.860622292697,10159.1982421875
validation,1130,23.4237946718532,150,ok,crepe,4,SW_Luna,7521.8564453125,19426.619140625,12963.363272974048,11930.65234375
validation,1131,10.99309386960487,145,ok,crepe,4,SW_Luna,8069.4462890625,20128.099609375,13525.419598427548,15410.1572265625
validation,1132,11.526010039267307,192,ok,crepe,3,SW_Dana,6175.828125,20772.234375,12184.562526393582,11214.04443359375
validation,1133,-3.7872966296644184,17,ok,crepe,4,SW_Luna,5240.7099609375,17443.03125,13938.245631167763,16106.630859375
validation,1134,11.129520461308086,139,ok,crepe,4,SW_Luna,5970.19775390625,19419.337890625,12621.21817874285,10876.681640625
validation,1135,14.987937885080175,95,ok,crepe,7,SW_Nikita,8070.03857421875,16474.189453125,15170.41210493608,15565.3134765625
validation,1136,7.66648601792274,140,ok,crepe,6,SW_Neo,6317.23876953125,21483.298828125,9669.238049629406,9756.98388671875
validation,1137,18.64818926147257,173,ok,crepe,5,SW_Nana,5904.115234375,17446.4609375,8862.623322753907,8827.3564453125
validation,1138,26.114542330932156,125,ok,crepe,7,SW_Nikita,6318.529296875,17448.40625,11935.826264067964,14156.4306640625
validation,1139,15.02081358308285,70,ok,crepe,2,NSW_1,6854.88037109375,16474.5546875,10822.882391357422,10577.859375
validation,1140,8.542236848651296,112,ok,crepe,6,SW_Neo,5361.322265625,12072.8076171875,7749.32629776001,7097.91162109375
validation,1141,14.853952816363131,154,ok,crepe,4,SW_Luna,5499.34326171875,18070.85546875,12606.597375628591,11001.32177734375
validation,1142,7.355824528743737,115,ok,crepe,2,NSW_1,6316.4306640625,19901.173828125,11806.818787094235,10520.3134765625
validation,1143,21.453543510306076,67,ok,crepe,2,NSW_1,4838.1484375,15931.9677734375,10783.92605751439,10522.638671875
validation,1144,8.558272713420871,109,ok,crepe,9,SW_Yosefa,8631.36328125,17648.83984375,10241.78788898372,10157.8544921875
validation,1145,12.098134014715654,85,ok,crepe,7,SW_Nikita,5761.83837890625,17255.615234375,12560.412384033203,14000.12451171875
validation,1146,8.475702180560296,75,ok,crepe,4,SW_Luna,7705.7744140625,18079.265625,11459.8944649402,10405.310546875
validation,1147,5.685819660943723,77,ok,crepe,9,SW_Yosefa,6033.7890625,20134.080078125,13253.862416936063,16286.359375
validation,1148,8.18420797618085,114,ok,crepe,4,SW_Luna,5970.716796875,19423.279296875,12888.284229278564,11473.87548828125
validation,1149,17.002661314408638,78,ok,crepe,9,SW_Yosefa,4123.4248046875,17645.263671875,8829.719386411516,8526.810546875
validation,1150,-2.6638611731530966,91,ok,crepe,5,SW_Nana,5361.8037109375,19421.75390625,12006.256815159575,9041.2607421875
validation,1151,16.79970625819298,69,ok,crepe,4,SW_Luna,8823.599609375,17258.34765625,10622.906775841346,10342.9296875
validation,1152,13.9391655332817,59,ok,crepe,2,NSW_1,5178.197265625,17643.927734375,10420.947983250473,9643.83984375
validation,1153,8.926370062550928,146,ok,crepe,4,SW_Luna,3157.71484375,18727.75390625,9937.114624023438,9587.2822265625
validation,1154,12.336978589514677,136,ok,crepe,4,SW_Luna,8247.3193359375,17647.84765625,12661.24555696399,11003.017578125
validation,1155,12.337003634480904,123,ok,crepe,4,SW_Luna,7704.21826171875,17445.140625,11833.056868489582,10400.7890625
validation,1156,8.502466772543137,95,ok,crepe,4,SW_Luna,4218.94091796875,18079.572265625,10597.783250530947,9697.6552734375
validation,1157,28.239123092421835,53,ok,crepe,4,SW_Luna,4313.85205078125,12068.125,6300.890030924479,5970.721923828125
validation,1158,6.45987523000056,160,ok,crepe,4,SW_Luna,5829.4189453125,18076.134765625,12530.407152320906,10880.1376953125
validation,1159,14.544658524745168,96,ok,crepe,4,SW_Luna,7792.75634765625,15393.8369140625,10224.925170898438,10101.6533203125
validation,1160,14.96011355619997,150,ok,crepe,4,SW_Luna,6780.45947265625,18079.451171875,11717.531313941592,10640.6787109375
validation,1161,16.378112136863606,46,ok,crepe,7,SW_Nikita,7192.56103515625,16479.11328125,11193.323373647836,11276.7119140625
validation,1162,12.298588928371997,45,ok,crepe,2,NSW_1,7190.56689453125,17862.841796875,12234.898055752841,11003.734375
validation,1163,12.674170516885528,57,ok,crepe,9,SW_Yosefa,5426.23974609375,19424.4609375,8460.386548591383,8532.64697265625
validation,1164,19.036903604735635,185,ok,crepe,4,SW_Luna,7436.224609375,17250.966796875,12277.339570954373,11284.451171875
validation,1165,8.682139569373359,80,ok,crepe,6,SW_Neo,6033.9482421875,18965.16796875,10229.775122857864,10275.5859375
validation,1166,-0.052352416931124066,117,ok,crepe,9,SW_Yosefa,4782.44091796875,17649.265625,10001.048515028626,9934.103515625
validation,1167,15.265466805949854,87,ok,crepe,7,SW_Nikita,6100.10546875,16473.3671875,12054.5874700263,14161.400390625
validation,1168,15.537037482408316,118,ok,crepe,4,SW_Luna,6176.87109375,19669.7578125,12226.94759476273,10521.3876953125
validation,1169,10.777791449348994,133,ok,crepe,4,SW_Luna,4950.18896484375,19900.70703125,11972.413420376712,10820.70263671875
validation,1170,13.106318271634482,136,ok,crepe,6,SW_Neo,5361.57177734375,19423.705078125,11159.616554054053,10524.267578125
validation,1171,17.124176146796465,104,ok,crepe,2,NSW_1,6176.6318359375,18081.0,9944.25066207627,9937.74169921875
validation,1172,13.201620514531227,84,ok,crepe,0,NSW_3,8245.876953125,17447.125,10042.467966715494,9823.37353515625
validation,1173,9.017002887211742,130,ok,crepe,4,SW_Luna,6395.84033203125,17651.1484375,12887.944592029065,11005.3271484375
validation,1174,10.575980576683383,109,ok,crepe,6,SW_Neo,6462.86083984375,12946.685546875,9586.921244303385,9585.0517578125
validation,1175,20.93405671372544,114,ok,crepe,4,SW_Luna,6781.658203125,17646.849609375,12638.863651160038,14002.0498046875
validation,1176,16.838886874910678,97,ok,crepe,5,SW_Nana,6540.0771484375,19423.943359375,12307.167328160836,11407.4560546875
validation,1177,-0.781519272417919,16,ok,crepe,4,SW_Luna,7097.6171875,17443.873046875,11464.852213541666,10403.21484375
validation,1178,18.523205002253313,66,ok,crepe,2,NSW_1,5178.2265625,13262.6279296875,10135.263291396104,10519.1064453125
validation,1179,18.83004727105517,147,ok,crepe,6,SW_Neo,5123.6142578125,17443.5625,8764.771698533443,8823.9326171875
validation,1180,8.673762722907624,144,ok,crepe,7,SW_Nikita,6033.40576171875,19676.853515625,15586.115889386432,16475.9375
validation,1181,14.287775970854293,92,ok,crepe,4,SW_Luna,7098.10302734375,19428.923828125,11946.571123141686,10399.9296875
validation,1182,19.070519230695577,123,ok,crepe,6,SW_Neo,6708.4404296875,11284.74609375,9023.841162109375,9418.890625
validation,1183,15.504860521635921,81,ok,crepe,9,SW_Yosefa,6176.0771484375,8430.798828125,7161.012160280918,7100.219482421875
validation,1184,8.871162765134434,31,ok,crepe,7,SW_Nikita,7096.484375,18964.71484375,11648.511886160713,9696.4208984375
validation,1185,11.029423628061991,159,ok,crepe,6,SW_Neo,6247.3017578125,17651.06640625,10352.146442995234,9932.7705078125
validation,1186,9.769348326520277,47,ok,crepe,7,SW_Nikita,7523.28857421875,16477.33203125,12134.577406939337,12072.7841796875
validation,1187,7.321955397451047,83,ok,crepe,4,SW_Luna,6463.341796875,19421.580078125,11575.786647630774,10522.8505859375
validation,1188,21.562273351020266,173,ok,crepe,3,SW_Dana,3981.0478515625,19420.4453125,11036.705843671483,10756.287109375
validation,1189,14.773781603385562,112,ok,crepe,7,SW_Nikita,6034.22802734375,17452.09765625,12149.070372596154,14003.6396484375
validation,1190,12.030934432888888,107,ok,crepe,6,SW_Neo,7189.359375,17645.22265625,9550.81769729873,9477.6611328125
validation,1191,12.74614215201073,181,ok,crepe,7,SW_Nikita,4837.9130859375,19901.580078125,15094.54405095027,16102.1494140625
validation,1192,12.674373021701452,85,ok,crepe,0,NSW_3,5971.02490234375,17861.642578125,11014.645271070076,9694.6298828125
validation,1193,14.793615981888067,99,ok,crepe,9,SW_Yosefa,6781.05078125,10770.150390625,8952.763055098685,8944.40478515625
validation,1194,7.289089241865566,138,ok,crepe,3,SW_Dana,4366.23681640625,16677.857421875,11521.628517552426,10462.90625
validation,1195,11.618075752285426,24,ok,crepe,6,SW_Neo,7191.3134765625,9588.8583984375,9063.386793870191,9144.9365234375
validation,1196,14.43945601218463,171,ok,crepe,5,SW_Nana,5763.0234375,19208.294921875,9490.740979253029,8577.94775390625
validation,1197,17.03635302330985,115,ok,crepe,7,SW_Nikita,8344.2666015625,17453.05859375,14393.800730235542,15565.7451171875
validation,1198,7.717068059121823,70,ok,crepe,2,NSW_1,7263.544921875,17443.50390625,8431.406910966083,8347.83544921875
validation,1199,5.402843329067414,122,ok,crepe,4,SW_Luna,6176.59765625,17864.01171875,12412.203125,10766.48046875
validation,1200,14.345295044678945,46,ok,crepe,8,SW_Shy,5762.388671875,9475.19921875,7276.7083082932695,6936.7734375
validation,1201,17.444894704833498,160,ok,crepe,4,SW_Luna,7792.7109375,18721.9609375,13483.169428343414,12286.23681640625
validation,1202,11.165788180125112,144,ok,crepe,0,NSW_3,4171.552734375,19427.9296875,12303.032985780297,11401.30029296875
validation,1203,10.79671607423743,242,ok,crepe,5,SW_Nana,5361.60888671875,16281.4833984375,8546.474549224411,8575.6103515625
validation,1204,13.993529831267164,94,ok,crepe,7,SW_Nikita,7263.40576171875,17049.48828125,13678.41277684203,15202.8955078125
validation,1205,19.511678291012124,174,ok,crepe,6,SW_Neo,5425.8359375,17858.154296875,8742.519798241225,8827.2841796875
validation,1206,10.620261589399977,164,ok,crepe,5,SW_Nana,5829.88720703125,17442.91015625,8558.41104835304,8347.39453125
validation,1207,6.062128407250631,117,ok,crepe,4,SW_Luna,6174.93212890625,18497.361328125,12344.43861219618,10639.89794921875
validation,1208,19.31569742006474,148,ok,crepe,4,SW_Luna,6621.8349609375,17046.33203125,12434.11995346967,11537.525390625
validation,1209,15.126901342992355,76,ok,crepe,6,SW_Neo,8633.541015625,10767.634765625,9960.331132368608,10157.97021484375
validation,1210,4.094132804742921,105,ok,crepe,4,SW_Luna,6099.9404296875,20132.1171875,11045.739690896738,10157.455078125
validation,1211,14.192692183425935,209,ok,crepe,6,SW_Neo,7188.2314453125,20126.0703125,12064.738375068231,10765.76171875
validation,1212,21.38006515039418,172,ok,crepe,4,SW_Luna,7186.974609375,17447.99609375,11690.752488026068,10766.52734375
validation,1213,7.210859638466034,62,ok,crepe,6,SW_Neo,5361.6318359375,17440.08984375,8710.082391826923,9252.2607421875
validation,1214,13.56606863117051,103,ok,crepe,7,SW_Nikita,5829.8154296875,17442.392578125,13763.455193988348,15561.13232421875
validation,1215,3.6305301780837,118,ok,crepe,6,SW_Neo,4414.53076171875,17446.208984375,10249.914642563439,10400.1015625
validation,1216,21.682653049586126,134,ok,crepe,6,SW_Neo,7015.986328125,17645.2109375,9423.549345128677,9583.0869140625
validation,1217,25.978410981869548,134,ok,crepe,6,SW_Neo,6855.05419921875,10766.36328125,8789.273891129033,8940.740234375
validation,1218,5.2571730924893325,129,ok,crepe,9,SW_Yosefa,6463.61328125,17250.42578125,8810.340427638768,8065.646484375
validation,1219,9.273128787175215,119,ok,crepe,4,SW_Luna,5970.908203125,20556.5,13062.398914425872,12359.71484375
validation,1220,9.242359923371227,88,ok,crepe,4,SW_Luna,5969.89990234375,18499.3046875,12633.316834125322,10516.4443359375
validation,1221,15.180328688337905,106,ok,crepe,4,SW_Luna,6100.1845703125,17860.58203125,11995.232978686952,10941.64892578125
validation,1222,13.872693883939194,67,ok,crepe,2,NSW_1,6318.52490234375,17443.22265625,10452.663368626645,10636.31005859375
validation,1223,25.356036664760452,155,ok,crepe,6,SW_Neo,4784.2587890625,17443.3359375,9240.47664572976,9250.20458984375
validation,1224,4.880969223895401,55,ok,crepe,4,SW_Luna,7263.8974609375,17647.81640625,11429.609920247396,10764.48095703125
validation,1225,20.136608900212416,166,ok,crepe,6,SW_Neo,5623.5341796875,19673.00390625,9924.349198598711,9473.8212890625
validation,1226,16.362850703273132,127,ok,crepe,4,SW_Luna,8631.0498046875,17645.03125,12674.035886964597,10875.474609375
validation,1227,12.218800829174857,150,ok,crepe,4,SW_Luna,4268.94384765625,18964.734375,13971.813865484193,15930.146484375
validation,1228,9.63047644074593,86,ok,crepe,4,SW_Luna,7098.11962890625,18490.826171875,11755.504284917091,10582.1982421875
validation,1229,9.783969781685176,51,ok,crepe,2,NSW_1,7190.99169921875,17859.900390625,10891.350289481026,10638.974609375
validation,1230,12.191142004093054,142,ok,crepe,6,SW_Neo,6778.82763671875,19672.33203125,9792.957811271619,9690.109375
validation,1231,16.029974788694147,77,ok,crepe,7,SW_Nikita,6395.7451171875,19422.203125,13936.641233979986,14664.3603515625
validation,1232,28.876902015452607,128,ok,crepe,6,SW_Neo,6100.1171875,10882.712890625,8933.721388029571,9255.2978515625
validation,1233,13.943614986809013,81,ok,crepe,4,SW_Luna,6539.091796875,17646.740234375,12278.822650824653,10759.9873046875
validation,1234,-8.180125607026378,70,ok,crepe,4,SW_Luna,6100.15380859375,19901.720703125,11874.28138950893,11143.92236328125
validation,1235,15.999769708640228,266,ok,crepe,7,SW_Nikita,5427.818359375,19428.62890625,13654.206344802658,14664.2783203125
validation,1236,15.4176286738313,118,ok,crepe,4,SW_Luna,4784.42822265625,20132.763671875,11350.258109874296,10399.6201171875
validation,1237,17.47869576609229,151,ok,crepe,3,SW_Dana,6463.3818359375,17645.49609375,11597.071765988372,10461.9091796875
validation,1238,2.7776410211620743,14,ok,crepe,7,SW_Nikita,5624.12109375,17440.154296875,16027.140075683594,16673.5478515625
validation,1239,12.152061700700356,104,ok,crepe,4,SW_Luna,7350.50732421875,18076.970703125,12236.244858685663,10765.6728515625
validation,1240,4.676736712046097,63,ok,crepe,2,NSW_1,5239.9423828125,20127.78125,11436.835171169705,10520.7236328125
validation,1241,8.7996083819772,96,ok,crepe,4,SW_Luna,8632.0029296875,17650.0,13045.620427911932,11000.43017578125
validation,1242,7.4681523540804555,91,ok,crepe,6,SW_Neo,6247.462890625,19673.73046875,9589.780320843447,9371.1279296875
validation,1243,12.425305429202151,47,ok,crepe,5,SW_Nana,7014.14111328125,16865.203125,9590.066024502841,8824.115234375
validation,1244,11.339476890707358,142,ok,crepe,4,SW_Luna,6855.64453125,17459.458984375,12946.734640239198,10765.4169921875
validation,1245,21.04907092624567,121,ok,crepe,9,SW_Yosefa,4315.67333984375,19901.20703125,9740.632152288732,10164.7275390625
validation,1246,24.884006378959334,153,ok,crepe,6,SW_Neo,4785.05908203125,16471.58203125,9290.221818403765,8876.68212890625
validation,1247,7.541599947117429,42,ok,crepe,9,SW_Yosefa,6539.97119140625,16478.419921875,8942.307902018229,8346.79052734375
validation,1248,7.657918053426821,123,ok,crepe,4,SW_Luna,6033.9150390625,19211.583984375,13299.777409546765,15558.23046875
validation,1249,15.841606062434007,113,ok,crepe,3,SW_Dana,4893.068359375,17645.38671875,12635.958708060803,12211.0791015625
validation,1250,-2.5520160184494154,120,ok,crepe,4,SW_Luna,5971.49853515625,17037.990234375,12281.069078548933,11677.12109375
validation,1251,20.636240787048653,98,ok,crepe,7,SW_Nikita,6540.12451171875,17032.11328125,12726.103425678453,14665.4140625
validation,1252,8.395303621139355,69,ok,crepe,6,SW_Neo,6033.892578125,10875.69140625,8848.655178317777,9370.6728515625
test,0,9.968008569947873,58,ok,crepe,2,NSW_1,4950.568359375,17440.904296875,11048.08983646222,10887.044921875
test,1,7.385448701368328,95,ok,crepe,4,SW_Luna,8632.22265625,20130.3203125,11147.316304908609,10767.1708984375
test,2,7.121381727085101,110,ok,crepe,6,SW_Neo,7097.62890625,19673.802734375,9442.74569828254,9479.5498046875
test,3,6.883970902981393,100,ok,crepe,4,SW_Luna,8432.615234375,18730.71875,12323.735565720943,10762.9853515625
test,4,11.501336249615857,61,ok,crepe,6,SW_Neo,9579.3369140625,10886.0625,10311.294405691964,10399.970703125
test,5,9.523038272324744,125,ok,crepe,4,SW_Luna,7191.1513671875,18721.423828125,11394.689196689524,10285.734375
test,6,14.795984942874567,119,ok,crepe,4,SW_Luna,8820.287109375,17649.1015625,13489.05957738904,11605.80615234375
test,7,10.51228296667475,70,ok,crepe,5,SW_Nana,7437.26123046875,15202.2119140625,11288.779049563718,10761.74609375
test,8,13.82630644337132,35,ok,crepe,9,SW_Yosefa,6781.2841796875,12071.328125,10039.021880278717,9933.9853515625
test,9,12.465119901554562,63,ok,crepe,7,SW_Nikita,8826.873046875,17444.806640625,11449.087287454044,9584.8125
test,10,15.599165276551227,81,ok,crepe,7,SW_Nikita,8350.2529296875,17646.091796875,14992.48077002992,17037.1533203125
test,11,10.98606149061002,187,ok,crepe,7,SW_Nikita,5762.12841796875,17441.3203125,12017.345210258949,10760.85546875
test,12,17.026958871416554,124,ok,crepe,2,NSW_1,5968.9365234375,20126.7890625,10864.094836248867,9583.8828125
test,13,16.16134485427269,57,ok,crepe,4,SW_Luna,5008.4345703125,17440.93359375,10172.957724750906,10157.072265625
test,14,17.26611585514659,127,ok,crepe,4,SW_Luna,5298.7216796875,19420.38671875,13130.996626733055,10697.775390625
test,15,23.713486082833054,131,ok,crepe,6,SW_Neo,5178.53564453125,11137.6845703125,9024.84662471544,9585.28125
test,16,8.243252119208332,64,ok,crepe,6,SW_Neo,6935.828125,20781.5859375,8976.98398299956,8935.75
test,17,16.24173943325825,154,ok,crepe,9,SW_Yosefa,7523.033203125,17645.986328125,9017.696465616173,9037.1474609375
test,18,18.283346739784808,168,ok,crepe,4,SW_Luna,7095.435546875,17859.919921875,13361.521057448463,14495.6552734375
test,19,9.849086486073375,95,ok,crepe,4,SW_Luna,8429.0537109375,16482.74609375,9950.441175426136,9821.072265625
test,20,5.748358064799622,119,ok,crepe,6,SW_Neo,5904.24560546875,17442.99609375,10156.01209375,9694.6396484375
test,21,1.1554451316383916,117,ok,crepe,8,SW_Shy,4027.525634765625,19900.048828125,10720.48162321342,9821.84375
test,22,1.1106730872961728,140,ok,crepe,4,SW_Luna,6463.095703125,17443.08984375,10896.729426854094,10524.47265625
test,23,12.076175443740404,44,ok,crepe,4,SW_Luna,7792.2958984375,17253.3515625,11518.72358674823,10632.00390625
test,24,14.549492705454025,87,ok,crepe,2,NSW_1,4783.87939453125,18963.7578125,11297.388697306314,10405.15185546875
test,25,4.704801494474005,65,ok,crepe,4,SW_Luna,6176.4140625,19206.814453125,14470.502401815878,17349.8662109375
test,26,21.783795175115188,133,ok,crepe,6,SW_Neo,5498.88720703125,18272.94140625,10737.040220146937,10405.44140625
test,27,-95.1668449252879,9,ok,crepe,7,SW_Nikita,9695.267578125,20780.763671875,12376.496853298611,11674.716796875
test,28,9.311644389398907,73,ok,crepe,6,SW_Neo,5971.3974609375,10638.4755859375,8292.002323748118,9040.326171875
test,29,12.311319794412572,174,ok,crepe,4,SW_Luna,6938.44677734375,17641.193359375,12574.425214451163,10644.46484375
test,30,19.955093094641747,144,ok,crepe,6,SW_Neo,5691.8671875,17644.919921875,9126.656977982955,9254.1875
test,31,14.406887760576497,133,ok,crepe,2,NSW_1,5426.873046875,17448.123046875,11415.378358179209,10515.4287109375
test,32,12.293328417321064,119,ok,crepe,6,SW_Neo,8348.458984375,12948.9404296875,10211.367253090018,10401.1357421875
test,33,12.445897440588292,58,ok,crepe,7,SW_Nikita,8526.658203125,17444.259765625,15486.554920708955,16115.4443359375
test,34,18.750194619964848,115,ok,crepe,2,NSW_1,6462.8330078125,16675.8671875,10797.78234375,9693.927734375
test,35,17.63596678662434,170,ok,crepe,6,SW_Neo,5361.6552734375,16865.080078125,8866.64972083606,8631.046875
test,36,13.428873174485268,54,ok,crepe,4,SW_Luna,8630.2626953125,18501.169921875,14916.321599082341,17050.876953125
test,37,21.6560370957031,172,ok,crepe,4,SW_Luna,6397.40966796875,19424.859375,12745.282438964843,11411.51953125
test,38,21.780502322214872,131,ok,crepe,6,SW_Neo,7190.21533203125,17444.720703125,10121.789165296053,10636.17578125
test,39,18.6943370646599,93,ok,crepe,6,SW_Neo,5427.419921875,14003.599609375,9377.81410047743,9755.076171875
test,40,13.650628325179547,161,ok,crepe,6,SW_Neo,5361.9228515625,17650.875,10729.887241717895,10405.9462890625
test,41,21.29983238328346,92,ok,crepe,2,NSW_1,4950.34765625,18958.3984375,9937.787701949332,10286.7587890625
test,42,8.735736994194264,101,ok,crepe,6,SW_Neo,6318.224609375,17645.216796875,9916.97290675951,9937.69921875
test,43,9.566944430905785,85,ok,crepe,2,NSW_1,6540.8896484375,19422.927734375,10726.509090647978,10047.9453125
test,44,17.526647799936427,135,ok,crepe,6,SW_Neo,5623.9609375,11672.525390625,9582.005934016719,10159.1806640625
test,45,16.063826575638828,168,ok,crepe,6,SW_Neo,6318.3701171875,17043.888671875,10194.403992657886,10278.9208984375
test,46,10.639953443698607,78,ok,crepe,2,NSW_1,5498.6513671875,17249.25,9915.473171068274,9813.65185546875
test,47,12.77724899616787,160,ok,crepe,6,SW_Neo,4313.49169921875,16866.08203125,10069.92442220052,9693.0234375
test,48,14.786587696820174,233,ok,crepe,5,SW_Nana,6248.15673828125,13117.1005859375,8741.007837912408,8626.478515625
test,49,23.07127822317751,130,ok,crepe,5,SW_Nana,5241.1240234375,16283.96484375,10271.603981119792,9253.90087890625
test,50,25.91375846005689,235,ok,crepe,6,SW_Neo,7612.65869140625,17253.830078125,9814.84791060183,9590.6845703125
test,51,13.74370705044974,162,ok,crepe,6,SW_Neo,5692.74609375,19421.779296875,8750.601570593059,8735.71484375
test,52,12.189765741418107,165,ok,crepe,4,SW_Luna,8348.3212890625,17033.673828125,13397.027255443816,13031.35107421875
test,53,13.75144740373855,49,ok,crepe,7,SW_Nikita,8631.814453125,19209.81640625,13898.560616629464,14668.76953125
test,54,20.856389412754964,80,ok,crepe,2,NSW_1,3934.396484375,19671.357421875,10132.31234846444,8733.716796875
test,55,18.55741813734301,123,ok,crepe,2,NSW_1,4313.8408203125,17644.84375,10489.484469845998,10163.9765625
test,56,11.590351802601859,98,ok,crepe,4,SW_Luna,7794.52392578125,18075.65234375,12610.973992113797,11071.4130859375
test,57,13.650166647964925,271,ok,crepe,5,SW_Nana,6319.1533203125,19897.5625,11667.757562828681,10286.435546875
test,58,18.217384225157346,165,ok,crepe,5,SW_Nana,5830.2841796875,19898.5234375,9897.618795191987,8732.34814453125
test,59,8.788315095756985,122,ok,crepe,6,SW_Neo,7098.40087890625,17442.9453125,9725.782319229014,9823.625
test,60,16.741694268064453,138,ok,crepe,4,SW_Luna,6463.0185546875,19422.041015625,13006.030792622627,10824.3193359375
test,61,4.720079200553464,127,ok,crepe,7,SW_Nikita,7795.8349609375,19674.724609375,14990.172624143835,16485.7705078125
test,62,17.48164005981818,139,ok,crepe,6,SW_Neo,6937.18994140625,11140.587890625,8961.572643352005,9247.1123046875
test,63,5.40508198258657,142,ok,crepe,6,SW_Neo,5904.12841796875,21007.375,10747.893456397118,10641.9462890625
test,64,5.353604882483277,81,ok,crepe,5,SW_Nana,6246.83544921875,19673.80859375,10110.624560546876,10102.04296875
test,65,6.462023547567294,73,ok,crepe,9,SW_Yosefa,3673.625,18075.298828125,8381.72787475586,8159.327392578125
test,66,8.27373310241907,32,ok,crepe,1,NSW_2,4219.29638671875,21483.6328125,11347.311049952652,10638.3984375
test,67,8.469233235067472,61,ok,crepe,6,SW_Neo,6857.4072265625,14162.908203125,7900.427052217371,7142.546875
test,68,24.629592661304724,130,ok,crepe,4,SW_Luna,7706.44921875,20128.63671875,12339.42604848501,10524.67822265625
test,69,16.97395099136092,165,ok,crepe,6,SW_Neo,5427.900390625,11932.943359375,8725.747545744243,8938.14990234375
test,70,18.004428059758336,122,ok,crepe,4,SW_Luna,7613.47412109375,17865.623046875,12710.826548549107,10523.537109375
test,71,20.4890388324347,75,ok,crepe,4,SW_Luna,5829.6728515625,17448.39453125,13081.828342667544,10767.0888671875
test,72,8.9703394310122,45,ok,crepe,7,SW_Nikita,9699.8544921875,19666.64453125,15683.847981770834,16284.6005859375
test,73,11.554861011471008,162,ok,crepe,3,SW_Dana,6706.98291015625,19902.4296875,11598.371764810328,10884.0439453125
test,74,7.87161188087666,131,ok,crepe,4,SW_Luna,7611.0966796875,17456.28515625,11660.232303103885,10518.02587890625
test,75,19.030403891853545,174,ok,crepe,4,SW_Luna,6394.16455078125,17262.12890625,11981.95015180229,10765.19384765625
test,76,13.456838311669944,156,ok,crepe,4,SW_Luna,5970.0537109375,16861.4453125,11793.48437224135,11144.853515625
test,77,16.378659526785842,152,ok,crepe,2,NSW_1,4029.05029296875,20127.580078125,10231.171366961706,10046.3388671875
test,78,13.02966889858478,114,ok,crepe,5,SW_Nana,6100.4599609375,16479.669921875,7553.684662586122,7350.9326171875
test,79,21.065804831534773,166,ok,crepe,6,SW_Neo,4460.98095703125,16482.904296875,8934.617506167762,9094.498046875
test,80,16.509293698166548,154,ok,crepe,6,SW_Neo,5178.58203125,17444.318359375,8625.314338070222,8820.81494140625
test,81,12.591594742138776,135,ok,crepe,2,NSW_1,3511.345703125,21216.025390625,11208.759576822917,10401.93017578125
test,82,15.846413264126538,73,ok,crepe,7,SW_Nikita,5762.32958984375,16099.818359375,9823.755413290895,7437.775390625
test,83,13.563533028177869,95,ok,crepe,2,NSW_1,4892.31005859375,13408.8203125,10190.557142596379,10154.62890625
test,84,12.897511203610556,48,ok,crepe,4,SW_Luna,9036.1171875,17253.23046875,10630.380788352273,10278.97265625
test,85,8.65141065935896,152,ok,crepe,6,SW_Neo,6034.6142578125,18724.6171875,9383.199859442739,9696.70703125
test,86,21.382693639985636,89,ok,crepe,2,NSW_1,4726.34521484375,17440.38671875,11132.444108388956,10769.3271484375
test,87,10.801967158166246,79,ok,crepe,5,SW_Nana,8825.93359375,16863.982421875,12171.958413799157,11670.44140625
test,88,14.957241702157775,72,ok,crepe,7,SW_Nikita,8631.5859375,19901.482421875,14934.444417317709,15838.15576171875
test,89,17.696871695492195,125,ok,crepe,4,SW_Luna,4268.8291015625,17450.72265625,13556.093526490977,14756.703125
test,90,24.570642153579065,287,ok,crepe,6,SW_Neo,5761.8955078125,19206.5234375,9924.853182705965,10054.1669921875
test,91,14.860035688772683,167,ok,crepe,6,SW_Neo,6855.166015625,17857.576171875,10973.55207134046,10763.50732421875
test,92,12.209913450230673,150,ok,crepe,4,SW_Luna,4949.71484375,17646.80859375,12246.067261447797,10769.310546875
test,93,5.893043962461428,60,ok,crepe,7,SW_Nikita,8435.1494140625,19421.9375,15738.184133045708,16675.603515625
test,94,13.054598847920422,74,ok,crepe,4,SW_Luna,7014.38916015625,17037.6484375,11420.888739013672,10459.47119140625
test,95,16.815434249050398,160,ok,crepe,6,SW_Neo,5692.6123046875,14332.63671875,9009.343091881794,9039.927734375
test,96,8.596744610963016,102,ok,crepe,8,SW_Shy,5903.39111328125,19419.46875,10240.49474789916,9932.34375
test,97,14.772950359722044,65,ok,crepe,4,SW_Luna,6318.59375,17441.302734375,10506.605963541666,10525.3359375
test,98,12.123453121908208,120,ok,crepe,6,SW_Neo,4725.8203125,20781.01171875,9416.53121720499,9586.568359375
test,99,16.810686491135105,114,ok,crepe,4,SW_Luna,6620.21728515625,17645.275390625,11979.8432176633,10630.9677734375
test,100,8.06485980454317,157,ok,crepe,9,SW_Yosefa,5762.80029296875,19425.53515625,11299.960317547402,10633.1904296875
test,101,15.674389792059642,46,ok,crepe,7,SW_Nikita,13114.5205078125,17438.771484375,16376.885852741745,17032.873046875
test,102,11.130483879890278,124,ok,crepe,5,SW_Nana,5177.888671875,17650.611328125,12064.366392706432,12952.43359375
test,103,20.682792173763605,133,ok,crepe,6,SW_Neo,6781.62890625,10641.9677734375,8859.742517248376,9042.15234375
test,104,10.576235641116831,112,ok,crepe,6,SW_Neo,5359.6728515625,10763.4853515625,7857.00640578497,7187.8212890625
test,105,20.862942609706636,177,ok,crepe,6,SW_Neo,5692.40185546875,17253.423828125,8917.067943610768,8879.28857421875
test,106,13.349881836075925,83,ok,crepe,6,SW_Neo,5968.59375,18719.87109375,10044.319643766983,9873.91650390625
test,107,24.74933217462872,76,ok,crepe,5,SW_Nana,4622.669921875,19901.12109375,10510.4171686747,9930.4267578125
test,108,10.779888031475425,101,ok,crepe,2,NSW_1,4413.4599609375,17861.01171875,11161.568437154314,9927.1845703125
test,109,25.153940444415568,106,ok,crepe,6,SW_Neo,7100.08544921875,10880.3173828125,8912.513732910156,9310.35205078125
test,110,8.83925464958509,143,ok,crepe,6,SW_Neo,5621.802734375,17251.634765625,8712.088804986068,8931.4951171875
test,111,10.781625728138932,63,ok,crepe,2,NSW_1,5062.8193359375,18729.92578125,10340.489672517124,10405.658203125
test,112,14.264726564648507,115,ok,crepe,4,SW_Luna,4574.46337890625,17441.15625,14875.552434172454,14666.9873046875
test,113,11.902074964951394,163,ok,crepe,3,SW_Dana,6034.6123046875,19421.9765625,14151.29900380291,13405.279296875
test,114,16.364134459728817,200,ok,crepe,4,SW_Luna,7351.68359375,17042.130859375,13144.235141687226,12213.45458984375
test,115,10.674812853822367,120,ok,crepe,6,SW_Neo,4313.33203125,10641.3232421875,9355.668055555556,9823.5634765625
test,116,13.642045272271957,186,ok,crepe,6,SW_Neo,4783.408203125,11933.9208984375,8610.352327166864,8826.7666015625
test,117,19.130696866246165,150,ok,crepe,6,SW_Neo,5240.4052734375,17645.0703125,9771.142742745536,10158.5263671875
test,118,7.278454294917522,93,ok,crepe,4,SW_Luna,8631.5517578125,17641.619140625,12765.289682241586,10767.8349609375
test,119,18.20542937657066,184,ok,crepe,3,SW_Dana,8529.0595703125,17253.138671875,12792.008104556075,12944.8759765625
test,120,24.57409382099312,94,ok,crepe,4,SW_Luna,8249.837890625,17856.189453125,12938.111754261363,11141.240234375
test,121,16.49322524990589,147,ok,crepe,2,NSW_1,3799.037109375,19901.666015625,11137.645547238937,10404.6015625
test,122,13.147145314278363,139,ok,crepe,4,SW_Luna,6781.7529296875,19673.4765625,11710.655227945457,10884.5693359375
test,123,15.85438837976181,135,ok,crepe,5,SW_Nana,6033.783203125,15747.060546875,8428.503541624392,7981.948486328125
test,124,24.180724968407215,140,ok,crepe,6,SW_Neo,5177.4912109375,10764.455078125,8674.666989154697,9046.7109375
test,125,11.042277567338335,87,ok,crepe,9,SW_Yosefa,8731.0849609375,15934.564453125,10388.052220924614,10401.7275390625
test,126,8.439035178797544,166,ok,crepe,6,SW_Neo,7521.9169921875,19420.712890625,11059.003582469919,10402.119140625
test,127,11.871777914025392,132,ok,crepe,4,SW_Luna,5968.95703125,19423.671875,11675.842799831082,9815.14794921875
test,128,12.273047181291084,171,ok,crepe,9,SW_Yosefa,7098.1357421875,17247.3984375,11805.006700024162,10761.91259765625
test,129,11.685022117975928,102,ok,crepe,6,SW_Neo,6467.2880859375,17444.4609375,10087.973318614131,9940.169921875
test,130,17.989921384611606,57,ok,crepe,7,SW_Nikita,8522.2685546875,18079.37890625,15524.136291503906,16384.38330078125
test,131,13.75260737020723,164,ok,crepe,4,SW_Luna,6034.33544921875,17863.8515625,12258.157369410737,11074.2041015625
test,132,18.094696471968888,166,ok,crepe,4,SW_Luna,5624.10400390625,18499.787109375,12776.693356791502,10879.1640625
test,133,8.56937366675,92,ok,crepe,2,NSW_1,3754.26025390625,17441.41796875,10638.11001843604,10884.435546875
test,134,9.967413494132034,83,ok,crepe,4,SW_Luna,8632.9619140625,17645.8125,12775.357507726649,10874.453125
test,135,17.136856447743416,82,ok,crepe,6,SW_Neo,7610.376953125,10882.5546875,10099.717449629934,10402.4697265625
test,136,16.04049424815311,123,ok,crepe,2,NSW_1,4073.60791015625,19903.4765625,11399.56502694457,10405.5546875
test,137,12.677663508638492,130,ok,crepe,4,SW_Luna,6396.2060546875,19675.779296875,12856.793855628188,11533.3056640625
test,138,-0.3132391873978512,42,ok,crepe,7,SW_Nikita,5970.57666015625,19423.486328125,10426.973847179877,8824.673828125
test,139,5.274459554598623,43,ok,crepe,7,SW_Nikita,8732.7138671875,15931.466796875,9930.334940592447,9814.77001953125
test,140,7.336236137046405,59,ok,crepe,7,SW_Nikita,6318.19091796875,19209.169921875,13465.248216711956,15024.3544921875
test,141,10.713441654204669,63,ok,crepe,7,SW_Nikita,8730.591796875,17865.09765625,13027.77444236866,12212.888671875
test,142,12.755357450711829,166,ok,crepe,5,SW_Nana,3798.87158203125,20133.455078125,9050.525105794271,8432.43408203125
test,143,12.40084001077272,27,ok,crepe,7,SW_Nikita,14000.8310546875,15936.9189453125,15284.222183719758,15410.75390625
test,144,12.382111805288991,57,ok,crepe,6,SW_Neo,6623.16796875,17439.8203125,10215.077574714782,7704.3330078125
test,145,15.468202164709542,153,ok,crepe,4,SW_Luna,4121.5419921875,19676.1953125,12469.375532924107,13552.580078125
test,146,11.238844835919169,128,ok,crepe,9,SW_Yosefa,5967.11865234375,17446.501953125,9826.014142963248,8934.7529296875
test,147,13.3720581612655,97,ok,crepe,4,SW_Luna,5426.71337890625,17866.095703125,12155.815095368805,10521.90234375
test,148,3.7365063774590226,47,ok,crepe,2,NSW_1,5970.7421875,13110.26171875,10671.91208984375,10766.1435546875
test,149,16.730799328739753,122,ok,crepe,6,SW_Neo,5124.0,17044.611328125,8908.636395571044,9251.490234375
test,150,12.022867271170746,91,ok,crepe,6,SW_Neo,6247.54345703125,16862.611328125,9444.857213992884,9369.623046875
test,151,9.673610005100615,65,ok,crepe,0,NSW_3,5063.59765625,19427.150390625,13513.430838448661,15029.69580078125
test,152,2.1404260304358704,203,ok,crepe,6,SW_Neo,5903.943359375,20134.24609375,9817.891217912946,9875.173828125
test,153,9.684978740160382,112,ok,crepe,4,SW_Luna,5830.01220703125,18079.0078125,10595.145577566964,9936.662109375
test,154,13.633447846301436,127,ok,crepe,2,NSW_1,4677.06982421875,19205.615234375,10517.25562735483,10164.904296875
test,155,-9.924916820711424,5,ok,crepe,9,SW_Yosefa,9692.63671875,17042.2890625,12143.291015625,9694.947265625
test,156,10.875333816151237,71,ok,crepe,7,SW_Nikita,8938.1923828125,17252.552734375,14118.57246340981,15404.5712890625
test,157,4.427793010725571,72,ok,crepe,4,SW_Luna,7882.02880859375,20121.673828125,13599.780481850228,12424.419921875
test,158,8.109374513694295,93,ok,crepe,6,SW_Neo,4366.4560546875,17447.068359375,9830.445184725468,10280.1484375
test,159,17.087514711905232,159,ok,crepe,6,SW_Neo,4677.02197265625,16677.013671875,8865.928582729573,9042.3916015625
test,160,15.392474758617634,105,ok,crepe,7,SW_Nikita,7013.29052734375,18078.26171875,10870.002350370763,9694.83447265625
test,161,7.699637453285951,60,ok,crepe,4,SW_Luna,6396.92333984375,19672.677734375,12218.893524169922,10634.67724609375
test,162,18.80964202950314,95,ok,crepe,9,SW_Yosefa,6034.8935546875,7793.583984375,7178.173415305398,7190.45361328125
test,163,20.129099865929874,92,ok,crepe,4,SW_Luna,5904.4091796875,19429.748046875,11658.999135044643,10517.587890625
test,164,14.8118483153139,137,ok,crepe,4,SW_Luna,5903.03759765625,17646.505859375,14522.918722804588,15401.8154296875
test,165,4.621728222142111,108,ok,crepe,6,SW_Neo,5762.3701171875,16477.671875,8960.733551782025,8945.8203125
test,166,21.975523984033476,150,ok,crepe,6,SW_Neo,6618.9443359375,17858.314453125,8771.260860048491,8160.9267578125
test,167,12.281827716217265,43,ok,crepe,8,SW_Shy,7523.14208984375,11000.52734375,9364.421630859375,9528.75146484375
test,168,13.310759021767796,115,ok,crepe,4,SW_Luna,6463.76904296875,19425.27734375,13133.865264193702,10880.4970703125
test,169,17.483108005218746,133,ok,crepe,4,SW_Luna,7980.640625,17455.9609375,13025.837611607143,10766.3310546875
test,170,13.69598268157948,82,ok,crepe,4,SW_Luna,5498.3056640625,17648.9375,12483.528292880968,11001.9423828125
test,171,18.029786454632692,170,ok,crepe,3,SW_Dana,6621.25732421875,11540.658203125,9398.181670217804,9583.322265625
test,172,10.957503132728199,98,ok,crepe,4,SW_Luna,3634.001220703125,17857.28125,13529.224093733163,15301.02294921875
test,173,14.023744296184557,48,ok,crepe,1,NSW_2,6707.513671875,17445.880859375,10446.500057444853,10402.544921875
test,174,12.54681510148625,127,ok,crepe,6,SW_Neo,6176.2607421875,19423.23046875,9472.515000531463,9697.1650390625
test,175,20.95222051355739,91,ok,crepe,4,SW_Luna,7613.21044921875,18276.287109375,13151.35124150029,11207.087890625
test,176,16.460546123202725,131,ok,crepe,6,SW_Neo,5691.7822265625,17646.78515625,10312.232129570579,10275.50390625
test,177,19.65006959842397,181,ok,crepe,6,SW_Neo,8346.2470703125,12070.23828125,10170.042442543992,10164.86865234375
test,178,10.182429652452832,78,ok,crepe,7,SW_Nikita,8631.7666015625,19676.83203125,12728.041564255618,10640.86328125
test,179,13.968581541831542,164,ok,crepe,6,SW_Neo,5498.7890625,17445.1015625,9270.741824624318,8935.2939453125
test,180,14.017406904996463,160,ok,crepe,5,SW_Nana,5623.8603515625,16474.8828125,8783.116363025103,8249.443359375
test,181,14.004770359484871,151,ok,crepe,3,SW_Dana,6395.4453125,17643.408203125,11988.591520378388,11215.0966796875
test,182,16.302547858807532,132,ok,crepe,9,SW_Yosefa,5969.70703125,16286.994140625,9659.763471388658,8347.1103515625
test,183,12.156831954071752,113,ok,crepe,6,SW_Neo,6464.529296875,17444.318359375,9251.952466207837,9588.46435546875
test,184,1.6328632933846434,118,ok,crepe,5,SW_Nana,4219.69921875,17865.203125,9078.205048754699,8822.107421875
test,185,19.49360640676983,53,ok,crepe,7,SW_Nikita,6621.2919921875,19422.32421875,16145.99228200605,16857.876953125
test,186,12.724160175948615,121,ok,crepe,4,SW_Luna,6463.29296875,18730.2734375,11646.57456651866,10516.8115234375
test,187,12.813129934432343,132,ok,crepe,6,SW_Neo,4314.22314453125,17443.41796875,8552.80802937297,7268.77099609375
test,188,7.311507196489314,131,ok,crepe,6,SW_Neo,6780.806640625,18075.310546875,9924.671383351293,9934.908203125
test,189,15.235478862490996,230,ok,crepe,3,SW_Dana,8069.86767578125,17258.36328125,12325.722807340802,11930.513671875
test,190,18.94730158961262,134,ok,crepe,4,SW_Luna,4516.5849609375,17869.390625,12571.582529296875,10578.7490234375
test,191,17.774129232346947,162,ok,crepe,5,SW_Nana,6397.7119140625,19209.01171875,8283.585406989021,7984.43310546875
test,192,9.292552919271467,51,ok,crepe,4,SW_Luna,4517.82421875,17647.22265625,12892.598478190104,11408.193359375
test,193,13.812092355714933,171,ok,crepe,6,SW_Neo,4893.7412109375,19426.14453125,8679.681170238875,8526.0830078125
test,194,10.275380556918012,136,ok,crepe,6,SW_Neo,4269.40625,17643.875,9273.394469401042,9756.005859375
test,195,8.886267402279186,44,ok,crepe,7,SW_Nikita,6100.58349609375,18726.751953125,15282.778895399306,15934.1796875
test,196,10.77403800426962,134,ok,crepe,4,SW_Luna,5905.51220703125,19203.259765625,13314.697227328432,11283.2509765625
test,197,6.965833147982874,66,ok,crepe,4,SW_Luna,6176.333984375,17863.580078125,10894.493834635417,10403.1640625
test,198,18.884246260184444,124,ok,crepe,4,SW_Luna,7519.4853515625,17441.013671875,12918.533454047309,11738.2744140625
test,199,9.245006879737051,69,ok,crepe,4,SW_Luna,9696.732421875,19900.5546875,14767.224816894532,16577.2431640625
test,200,1.594651152553983,81,ok,crepe,4,SW_Luna,7267.21875,17441.533203125,10432.446920643682,9819.53515625
test,201,9.764188358676138,74,ok,crepe,6,SW_Neo,6100.33154296875,14497.7587890625,10059.602249500364,9929.5771484375
test,202,15.374280811737826,91,ok,crepe,4,SW_Luna,8734.318359375,17645.337890625,13184.365478515625,10768.26171875
test,203,5.10268151743901,128,ok,crepe,9,SW_Yosefa,8246.5908203125,18729.16015625,10228.658517263986,9698.1748046875
test,204,13.283609512897161,94,ok,crepe,4,SW_Luna,7191.5322265625,21006.8828125,11763.658018867925,10578.0849609375
test,205,7.155096836821896,16,ok,crepe,7,SW_Nikita,8732.3056640625,17442.77734375,15827.312554253473,17043.6689453125
test,206,13.434920426544391,110,ok,crepe,8,SW_Shy,6464.2578125,16281.423828125,9278.707578125,9477.7431640625
test,207,21.14309375598959,107,ok,crepe,4,SW_Luna,6318.10107421875,17854.873046875,12331.236344004064,10764.15234375
test,208,16.097023555249347,157,ok,crepe,6,SW_Neo,6315.8623046875,17445.18359375,10076.936167571504,9932.990234375
test,209,14.582701251658452,56,ok,crepe,9,SW_Yosefa,5970.0478515625,11797.0068359375,8023.104089161707,7268.1298828125
test,210,21.760954404350727,133,ok,crepe,5,SW_Nana,5063.27099609375,15941.8447265625,10181.35259891633,9367.232421875
test,211,8.440755760239922,139,ok,crepe,5,SW_Nana,7189.08154296875,12807.490234375,8932.945527094944,8429.41015625
test,212,8.599545647608178,146,ok,crepe,6,SW_Neo,6541.076171875,11279.75390625,9291.856463176448,9931.34765625
test,213,14.748376588108306,93,ok,crepe,2,NSW_1,5693.0087890625,17256.486328125,9825.96618994597,9146.89453125
test,214,17.0766019897693,154,ok,crepe,4,SW_Luna,6397.5703125,17646.30078125,13208.851258743642,11793.9580078125
test,215,19.225603345644227,126,ok,crepe,4,SW_Luna,7015.0888671875,17250.25,12713.357772090518,14494.3369140625
test,216,20.29252081955839,141,ok,crepe,6,SW_Neo,6036.0908203125,11278.8466796875,9401.870711616848,9587.1953125
test,217,16.123333113564946,90,ok,crepe,7,SW_Nikita,6397.31201171875,17042.4296875,13407.737553523137,15203.13427734375
test,218,15.068841139180421,43,ok,crepe,7,SW_Nikita,5970.00244140625,16284.0283203125,12264.70892578125,14080.271484375
test,219,5.6008215747082355,50,ok,crepe,4,SW_Luna,6856.57275390625,17455.275390625,11599.382439630683,10524.021484375
test,220,21.394806844720307,94,ok,crepe,4,SW_Luna,9368.787109375,17863.1484375,13589.967004846643,12572.70166015625
test,221,27.149737000716932,205,ok,crepe,6,SW_Neo,4268.63671875,15748.1064453125,8805.948440810382,8343.109375
test,222,9.467646957042318,117,ok,crepe,2,NSW_1,6033.47216796875,20135.0234375,10413.073785127099,9688.66259765625
test,223,21.567501376085403,133,ok,crepe,4,SW_Luna,7099.529296875,19199.326171875,12659.316850142046,10700.84033203125
test,224,20.03485195352068,143,ok,crepe,6,SW_Neo,6936.82177734375,19418.748046875,9348.643737057606,9475.50048828125
test,225,17.69539608420375,103,ok,crepe,2,NSW_1,6101.21826171875,17249.2734375,10132.660989695582,10279.373046875
test,226,11.573673104183175,83,ok,crepe,4,SW_Luna,5969.2275390625,19898.2265625,11395.699208361037,10766.0322265625
test,227,18.25349414607112,158,ok,crepe,4,SW_Luna,6621.23974609375,17866.076171875,12145.420056573275,10762.99560546875
test,228,18.42518185654081,105,ok,crepe,4,SW_Luna,7351.83837890625,19422.248046875,12822.606681315105,11406.86181640625
test,229,19.30756540651389,132,ok,crepe,7,SW_Nikita,13994.6474609375,20341.484375,16755.82453356291,16948.025390625
test,230,9.966242874752645,105,ok,crepe,7,SW_Nikita,7013.77685546875,17444.138671875,13808.555045292294,14246.07373046875
test,231,12.678020337340762,61,ok,crepe,6,SW_Neo,7265.4443359375,18079.0390625,8915.512381417411,9474.36328125
test,232,6.546693916235137,82,ok,crepe,9,SW_Yosefa,6621.21044921875,18078.798828125,9349.60207703293,9038.263671875
test,233,11.365621370842096,67,ok,crepe,4,SW_Luna,7267.666015625,20782.939453125,10823.182341746795,9584.990234375
test,234,14.29645111257032,149,ok,crepe,4,SW_Luna,5623.9365234375,17446.60546875,12211.059349149817,10763.93017578125
test,235,16.05296868489185,100,ok,crepe,2,NSW_1,6175.41796875,17858.630859375,11364.56261365167,11791.537109375
test,236,8.539711920031703,130,ok,crepe,2,NSW_1,6777.79296875,17043.060546875,11820.774756537543,11214.3525390625
test,237,1.6259949332014556,73,ok,crepe,9,SW_Yosefa,8247.3056640625,16280.9296875,10340.758608217593,9822.1865234375
test,238,17.469335492936807,150,ok,crepe,4,SW_Luna,4366.76806640625,20779.052734375,12811.644951398983,12947.7275390625
test,239,4.933535815244477,124,ok,crepe,9,SW_Yosefa,6463.29638671875,17441.099609375,8946.175777762277,8632.1474609375
test,240,16.38764667698664,65,ok,crepe,2,NSW_1,8732.0615234375,19669.712890625,11064.824388020834,10769.4775390625
test,241,26.54843779209093,99,ok,crepe,7,SW_Nikita,5970.154296875,17652.501953125,12241.044637398098,14502.330078125
test,242,20.780252667778395,201,ok,crepe,6,SW_Neo,7973.994140625,19674.57421875,10471.424268663195,10631.8701171875
test,243,9.058225769964576,104,ok,crepe,4,SW_Luna,6396.1513671875,18724.591796875,12906.095471398305,10939.283203125
test,244,16.218123839590987,95,ok,crepe,4,SW_Luna,5903.875,17863.875,11906.861404984085,10698.9306640625
test,245,16.4873829018299,138,ok,crepe,4,SW_Luna,6176.7919921875,17861.75,11584.958118489583,10342.90234375
test,246,9.954107909672699,90,ok,crepe,4,SW_Luna,4949.9306640625,17251.58203125,13587.789613013174,13496.35888671875
test,247,10.860152921411252,169,ok,crepe,5,SW_Nana,6396.44921875,17645.5546875,10566.188630889734,9926.662109375
test,248,13.852434583354496,186,ok,crepe,6,SW_Neo,6033.43017578125,17441.56640625,9804.231960846657,9817.94140625
test,249,22.32725004219164,118,ok,crepe,9,SW_Yosefa,5178.17138671875,15026.20703125,8656.830552149862,8163.298828125
test,250,17.82680495102271,84,ok,crepe,2,NSW_1,4574.24560546875,17253.857421875,9202.016878423003,9474.388671875
test,251,11.090461148511515,104,ok,crepe,4,SW_Luna,6620.40087890625,18726.7578125,11860.39787658187,10634.306640625
test,252,13.079553320456402,168,ok,crepe,4,SW_Luna,7704.58251953125,17645.568359375,12295.670081208882,10703.24658203125
test,253,9.05918415336566,53,ok,crepe,9,SW_Yosefa,6033.4794921875,10523.0087890625,8903.227311197918,8879.8359375
test,254,14.306651340816138,117,ok,crepe,9,SW_Yosefa,3394.82373046875,21000.87109375,8439.145984996449,8067.494140625
test,255,20.250071474503688,155,ok,crepe,6,SW_Neo,5501.416015625,17441.7734375,9060.477470483673,7099.359375
test,256,17.964785839485724,227,ok,crepe,3,SW_Dana,4413.6142578125,18734.2109375,10939.04705323194,10046.759765625
test,257,12.419657029289484,96,ok,crepe,2,NSW_1,5970.14453125,17253.6875,11102.737661856192,10766.5224609375
test,258,6.076100585388353,129,ok,crepe,4,SW_Luna,8158.740234375,18732.138671875,13825.65549416738,16196.24365234375
test,259,11.022652303600493,126,ok,crepe,7,SW_Nikita,6464.86083984375,18732.14453125,15077.232893548044,16290.6171875
test,260,9.582030377618855,95,ok,crepe,6,SW_Neo,5427.55419921875,17858.603515625,9639.866261608197,9697.546875
test,261,16.614681396584302,144,ok,crepe,4,SW_Luna,6540.39453125,17440.216796875,12387.60746433424,10635.1748046875
test,262,5.839612540595503,82,ok,crepe,4,SW_Luna,3551.594482421875,17036.2578125,10813.973439183728,9933.4892578125
test,263,22.21691931332339,147,ok,crepe,6,SW_Neo,6035.0693359375,19669.796875,9425.786685035342,9371.4306640625
test,264,19.55200574535876,94,ok,crepe,6,SW_Neo,6035.328125,17445.458984375,10196.921790489783,9698.5380859375
test,265,9.280617938215004,85,ok,crepe,9,SW_Yosefa,4314.634765625,19425.64453125,8428.67251392121,7567.31005859375
test,266,12.585687657818688,149,ok,crepe,3,SW_Dana,6176.0322265625,17044.880859375,12675.533903576079,12572.53857421875
test,267,21.73002922863961,214,ok,crepe,6,SW_Neo,4314.3466796875,19899.515625,8618.018078219506,7394.94775390625
test,268,6.435041274352374,50,ok,crepe,6,SW_Neo,7014.4677734375,10639.763671875,9302.084632610453,9589.04296875
test,269,25.505362484343156,191,ok,crepe,6,SW_Neo,8528.552734375,17044.953125,10012.485427368722,9817.37109375
test,270,12.128896552854279,139,ok,crepe,4,SW_Luna,5362.279296875,17640.16015625,11664.009848540683,10275.0634765625
test,271,6.458791089783183,174,ok,crepe,3,SW_Dana,7096.71142578125,17445.119140625,12353.464925986842,12424.560546875
test,272,7.513094161783732,239,ok,crepe,6,SW_Neo,4268.26123046875,20773.23046875,12070.131724798857,10762.8349609375
test,273,10.271181261348175,135,ok,crepe,4,SW_Luna,6176.40576171875,19906.751953125,12636.762336377276,11399.310546875
test,274,17.46402557340871,62,ok,crepe,4,SW_Luna,6463.96728515625,17443.734375,10897.052810024208,10643.4482421875
test,275,-1.5328738941968567,92,ok,crepe,4,SW_Luna,6463.9765625,19897.91796875,12872.199368223852,10631.83154296875
test,276,11.112584663507237,166,ok,crepe,9,SW_Yosefa,5968.84814453125,17442.0859375,9124.601443659061,8163.02978515625
test,277,23.312913402944062,166,ok,crepe,6,SW_Neo,6620.44921875,17647.625,9003.185378149541,8942.0869140625
test,278,19.007374845980575,118,ok,crepe,2,NSW_1,5297.5302734375,20124.919921875,9863.779155815972,9476.0888671875
test,279,11.395209781638957,166,ok,crepe,6,SW_Neo,6034.0478515625,21006.125,10831.729569565403,10162.2744140625
test,280,17.18586511595464,92,ok,crepe,7,SW_Nikita,6247.578125,18719.833984375,13422.7421875,15035.69140625
test,281,15.297809383075316,170,ok,crepe,4,SW_Luna,6317.322265625,17646.0859375,11565.848208109537,10521.85546875
test,282,9.718692323692583,149,ok,crepe,9,SW_Yosefa,3511.09375,15566.001953125,9544.53686242816,9691.330078125
test,283,17.93989844378607,232,ok,crepe,3,SW_Dana,5239.9130859375,19422.869140625,11227.307250072337,10342.3955078125
test,284,14.560549942656834,160,ok,crepe,6,SW_Neo,5298.10546875,17444.7734375,9040.75670030382,9199.61572265625
test,285,16.79530271052674,92,ok,crepe,4,SW_Luna,6396.517578125,17450.712890625,12763.280775408879,10885.3359375
test,286,5.613092660493485,114,ok,crepe,4,SW_Luna,5905.0654296875,19900.12109375,11936.938256435707,11677.490234375
test,287,12.579511901625883,122,ok,crepe,4,SW_Luna,6033.49560546875,19427.427734375,11178.399204799107,9995.478515625
test,288,19.87382034631309,151,ok,crepe,6,SW_Neo,4950.1005859375,19425.939453125,8895.813498883928,8631.96875
test,289,10.215885277083785,136,ok,crepe,4,SW_Luna,4783.5947265625,18083.640625,11655.772408854167,11083.31689453125
test,290,16.08487551342452,214,ok,crepe,4,SW_Luna,5970.56689453125,17444.3046875,11889.923791503907,10637.72802734375
test,291,9.37800507166995,131,ok,crepe,2,NSW_1,4572.41650390625,19209.31640625,12445.868292914496,11804.9150390625
test,292,11.597323207669916,36,ok,crepe,7,SW_Nikita,6318.11572265625,17245.310546875,15940.940929594493,16478.5751953125
test,293,4.326935818811536,87,ok,crepe,9,SW_Yosefa,6318.95068359375,17443.609375,9451.886438248006,9419.9208984375
test,294,15.83788980720531,164,ok,crepe,4,SW_Luna,6248.82568359375,17437.548828125,12377.042643229166,10764.1640625
test,295,16.936829758795277,118,ok,crepe,9,SW_Yosefa,5362.1728515625,19422.21484375,8561.902021846065,8430.2490234375
test,296,12.713597853146396,211,ok,crepe,6,SW_Neo,4314.8515625,17650.173828125,8952.25450032552,8778.39208984375
test,297,20.017394315711336,112,ok,crepe,4,SW_Luna,6620.52978515625,18075.59765625,12299.221983924279,10462.357421875
test,298,12.62903122314169,82,ok,crepe,7,SW_Nikita,6035.5244140625,17640.435546875,12799.117337740385,14673.1748046875
test,299,11.072203595788292,62,ok,crepe,7,SW_Nikita,8069.828125,17440.216796875,15595.894393705987,16473.546875
test,300,13.140575445293557,37,ok,crepe,7,SW_Nikita,8628.041015625,16678.435546875,13823.362038352272,14408.06298828125
test,301,12.082782784065103,68,ok,crepe,7,SW_Nikita,6539.9970703125,17039.53515625,13818.008701422275,15401.3623046875
test,302,11.883466727953156,78,ok,crepe,0,NSW_3,3890.889892578125,19674.517578125,8876.768254819124,6780.224609375
test,303,18.52269229197016,110,ok,crepe,4,SW_Luna,7350.47314453125,19896.384765625,12654.04166796875,10637.0947265625
test,304,18.968434667232156,150,ok,crepe,4,SW_Luna,7267.1806640625,19423.435546875,11604.561211399778,10760.3828125
test,305,11.916976432235899,143,ok,crepe,5,SW_Nana,7097.4716796875,17248.439453125,11739.775422980987,10700.30859375
test,306,12.355437688355742,143,ok,crepe,6,SW_Neo,5693.67724609375,14662.4462890625,8811.112976444128,7520.10986328125
test,307,14.885892889070142,130,ok,crepe,4,SW_Luna,7981.47705078125,17647.583984375,12822.654870935388,10881.95751953125
test,308,19.549924000631826,92,ok,crepe,4,SW_Luna,4173.3701171875,16670.103515625,11021.495347764758,10699.89990234375
test,309,9.658330083552308,112,ok,crepe,9,SW_Yosefa,6033.05126953125,17858.390625,9860.642593503937,9047.1474609375
test,310,13.817636825918186,115,ok,crepe,2,NSW_1,4314.9326171875,21485.4453125,11346.936841388082,11142.3046875
test,311,7.802908549661208,106,ok,crepe,7,SW_Nikita,7096.44482421875,16668.13671875,12474.398051798844,14328.0810546875
test,312,14.350365642250189,192,ok,crepe,9,SW_Yosefa,4314.53076171875,17440.392578125,9458.30391079215,8728.796875
test,313,10.743079359529073,201,ok,crepe,5,SW_Nana,3120.23486328125,16479.29296875,10289.237983569765,9640.77783203125
test,314,25.20717860297871,156,ok,crepe,4,SW_Luna,8827.794921875,17643.193359375,13115.90178802659,11792.16796875
test,315,12.521089968004498,66,ok,crepe,4,SW_Luna,8629.037109375,17437.73046875,15195.845403645833,16284.673828125
test,316,16.41818573511041,134,ok,crepe,6,SW_Neo,5969.41650390625,19418.59375,10743.987538930533,10520.716796875
test,317,17.260046232152735,101,ok,crepe,6,SW_Neo,7016.9345703125,16477.234375,8634.179455566406,7567.748779296875
test,318,13.728226971679657,135,ok,crepe,6,SW_Neo,5762.8955078125,11405.8046875,9361.50685483871,9926.5283203125
test,319,14.39263099859005,39,ok,crepe,7,SW_Nikita,6540.6953125,17647.66015625,14005.953233506945,14841.486328125
test,320,22.25216366524455,137,ok,crepe,6,SW_Neo,4574.5615234375,11795.533203125,9235.655226487379,9639.8876953125
test,321,13.879006098062664,125,ok,crepe,5,SW_Nana,5762.318359375,19421.880859375,10863.026335343071,10105.8505859375
test,322,9.264291512515953,110,ok,crepe,4,SW_Luna,4517.28076171875,21004.15625,11352.785911239496,10523.16796875
test,323,18.322232234577033,97,ok,crepe,4,SW_Luna,7097.67822265625,15745.5673828125,9366.36328125,7793.037109375
test,324,6.966220011014884,90,ok,crepe,4,SW_Luna,5498.12255859375,19898.6796875,13780.196314231636,14666.111328125
test,325,15.703163285797835,51,ok,crepe,8,SW_Shy,6099.978515625,17444.26953125,9381.251144935344,8248.73876953125
test,326,16.471557730664127,99,ok,crepe,2,NSW_1,4219.7626953125,20778.927734375,10963.887031421327,11000.30517578125
test,327,10.899526131665702,142,ok,crepe,6,SW_Neo,5426.43359375,17255.927734375,9149.246455325356,8886.837890625
test,328,10.760364756724778,83,ok,crepe,4,SW_Luna,5427.6279296875,18491.345703125,12836.301017515121,11400.4375
test,329,25.827096664325143,165,ok,crepe,6,SW_Neo,5062.615234375,17864.0,8879.143570270944,8735.00537109375
test,330,10.904633030043854,130,ok,crepe,5,SW_Nana,5762.81201171875,17645.671875,10229.967970060821,9585.265625
test,331,18.422777159038837,94,ok,crepe,6,SW_Neo,5970.8154296875,17859.064453125,9597.773204767815,9477.767578125
test,332,14.61798816381324,58,ok,crepe,4,SW_Luna,8731.890625,19672.68359375,11909.6826171875,10882.4296875
test,333,10.929659643669343,105,ok,crepe,4,SW_Luna,5904.046875,17642.978515625,11213.563778634798,10158.76806640625
test,334,12.085992067426524,111,ok,crepe,4,SW_Luna,5762.84228515625,21004.53125,12821.022064929872,11146.4599609375
test,335,12.331528628800816,120,ok,crepe,4,SW_Luna,8734.7138671875,19672.6328125,13451.785903033087,15400.0234375
test,336,7.636807198676917,88,ok,crepe,4,SW_Luna,4414.48974609375,19424.923828125,11211.099768813776,10764.03466796875
test,337,12.5929915352795,57,ok,crepe,4,SW_Luna,8429.21484375,19904.95703125,12678.35684481534,11070.57666015625
test,338,13.698639435068909,197,ok,crepe,6,SW_Neo,5297.91064453125,17643.484375,9011.88290127841,9255.470703125
test,339,12.52733977928941,141,ok,crepe,4,SW_Luna,7704.48828125,17446.62890625,11803.584087665264,10521.45556640625
test,340,18.491415188827077,129,ok,crepe,4,SW_Luna,8157.76416015625,20130.267578125,12812.525414695203,10943.98046875
test,341,21.718698631863923,123,ok,crepe,4,SW_Luna,8824.935546875,17446.734375,13319.314739947553,12073.716796875
test,342,7.805064226103029,65,ok,crepe,4,SW_Luna,5969.70458984375,15933.87890625,11003.056526915669,11007.4619140625
test,343,10.870588194912049,106,ok,crepe,6,SW_Neo,3634.21484375,10757.501953125,9071.379995492789,9587.9814453125
test,344,12.105936822773113,56,ok,crepe,6,SW_Neo,7097.84912109375,20338.0078125,11097.668472782258,10640.423828125
test,345,11.455895469510473,125,ok,crepe,6,SW_Neo,7095.1474609375,16862.322265625,9982.856996372768,10158.89404296875
test,346,17.176467119577826,126,ok,crepe,4,SW_Luna,4413.5380859375,17643.54296875,11778.92203218643,10635.501953125
test,347,17.607025295687613,73,ok,crepe,7,SW_Nikita,7708.291015625,17447.990234375,14983.560499811747,15564.263671875
test,348,17.38476605549922,153,ok,crepe,4,SW_Luna,4950.1083984375,18494.3828125,12542.14628138167,11864.2177734375
test,349,11.507274901179777,63,ok,crepe,6,SW_Neo,6464.5634765625,19673.53515625,9156.182942708334,8988.607421875
test,350,15.604680770233387,111,ok,crepe,4,SW_Luna,4726.873046875,17261.130859375,11928.248500553642,10638.978515625
test,351,13.324853604033283,42,ok,crepe,4,SW_Luna,6317.6396484375,19427.66015625,10564.03564453125,8521.28515625
test,352,6.351753337970784,136,ok,crepe,6,SW_Neo,6539.84130859375,20129.296875,9498.478458553165,9530.28271484375
test,353,2.4123894088011926,44,ok,crepe,4,SW_Luna,6396.544921875,16866.484375,10919.654794921875,10879.92431640625
test,354,9.760510752807354,57,ok,crepe,4,SW_Luna,6034.640625,17444.525390625,12208.401697716346,11674.6328125
test,355,17.589216432982365,155,ok,crepe,6,SW_Neo,5425.80029296875,11537.716796875,8600.463592872191,8446.821533203125
test,356,14.840768103592573,220,ok,crepe,4,SW_Luna,6779.517578125,17442.478515625,11929.927197265624,10405.95556640625
test,357,15.694806607924473,139,ok,crepe,3,SW_Dana,7263.9794921875,17644.931640625,12863.987878024194,12359.1015625
test,358,19.321702612974523,132,ok,crepe,6,SW_Neo,6461.685546875,17864.541015625,9563.400589192708,9937.76025390625
test,359,19.906118463189927,131,ok,crepe,4,SW_Luna,5969.6357421875,18964.958984375,11580.141873189155,10523.4716796875
test,360,18.627084321459723,140,ok,crepe,2,NSW_1,5427.34619140625,20344.611328125,12303.926425034833,10883.73046875
test,361,22.10636759626942,182,ok,crepe,4,SW_Luna,4623.427734375,17452.29296875,10651.579850260418,9694.72412109375
test,362,20.95207791842928,126,ok,crepe,5,SW_Nana,5761.88037109375,16668.7109375,10753.280004040947,9588.7734375
test,363,7.568311643265128,59,ok,crepe,4,SW_Luna,5969.4755859375,17444.201171875,11226.736711237982,10877.408203125
test,364,9.617364403707793,99,ok,crepe,9,SW_Yosefa,5297.697265625,18727.55078125,7168.596560916385,6619.43408203125
test,365,11.550910898309017,58,ok,crepe,9,SW_Yosefa,5970.4228515625,15201.5439453125,8659.362632637592,8732.6904296875
test,366,23.792710178443485,141,ok,crepe,4,SW_Luna,7612.236328125,17444.60546875,12476.719609734471,10518.9599609375
test,367,20.743929820422665,168,ok,crepe,6,SW_Neo,5499.9892578125,17444.634765625,8477.648007107764,7346.81884765625
test,368,14.449191352040781,43,ok,crepe,7,SW_Nikita,12949.326171875,16864.568359375,16387.4995703125,16481.4228515625
test,369,20.38937844388007,168,ok,crepe,4,SW_Luna,3012.244140625,19422.099609375,12102.729538203534,10522.400390625
test,370,8.610980721320331,117,ok,crepe,4,SW_Luna,3277.663818359375,18077.951171875,12975.254283728966,11933.041015625
test,371,14.334475403736542,203,ok,crepe,9,SW_Yosefa,4516.65478515625,17646.376953125,9354.540928727489,9038.55322265625
test,372,15.20979375280283,167,ok,crepe,4,SW_Luna,7980.3564453125,17446.83203125,11908.480683491493,10759.7509765625
test,373,10.310310554893633,124,ok,crepe,4,SW_Luna,7097.744140625,17446.2265625,11524.242004394531,10519.98681640625
test,374,19.21929887600344,151,ok,crepe,4,SW_Luna,7097.2939453125,19427.0625,13090.327406772347,12214.65771484375
test,375,13.239448032655957,86,ok,crepe,6,SW_Neo,7261.12744140625,17443.7578125,9650.680101799242,9696.9755859375
test,376,16.902161079473018,93,ok,crepe,7,SW_Nikita,7095.11474609375,18730.578125,13046.993507667825,15025.53662109375
test,377,15.464105842045559,121,ok,crepe,7,SW_Nikita,6855.1767578125,18078.484375,15083.750177556818,15752.150390625
test,378,9.269043875807236,90,ok,crepe,6,SW_Neo,7095.17578125,10762.7880859375,9199.37417445232,9580.8720703125
test,379,23.149247324519028,107,ok,crepe,4,SW_Luna,8430.2724609375,17650.4140625,12484.658376386089,10765.2353515625
test,380,9.743071246886622,140,ok,crepe,9,SW_Yosefa,6175.92041015625,17447.759765625,13525.940905684945,14491.1806640625
test,381,6.957177438339867,72,ok,crepe,6,SW_Neo,7264.43798828125,10880.515625,10005.124857088415,10159.3125
test,382,12.716691209714515,71,ok,crepe,7,SW_Nikita,8345.71484375,17452.990234375,14604.669350228658,16017.37939453125
test,383,21.810858330967,140,ok,crepe,2,NSW_1,7191.7431640625,20552.314453125,12210.651576450893,11404.703125
test,384,8.55137977941763,125,ok,crepe,4,SW_Luna,5968.0927734375,20552.44921875,12766.969616876133,11535.193359375
test,385,14.48483783482487,188,ok,crepe,3,SW_Dana,8733.08203125,15751.71484375,11662.714839249711,11140.1279296875
test,386,3.2509219664755893,132,ok,crepe,3,SW_Dana,7883.51123046875,16673.525390625,12551.661512586805,12072.7529296875
test,387,8.489213820974504,28,ok,crepe,7,SW_Nikita,8346.47265625,16279.75,11795.229649697581,11792.2353515625
test,388,6.6460613166430695,163,ok,crepe,6,SW_Neo,4950.5390625,17858.54296875,8264.749010520007,7186.353515625
test,389,23.938366299313305,127,ok,crepe,4,SW_Luna,7264.9541015625,18079.30859375,11830.015678510274,10521.439453125
test,390,15.219634188677293,123,ok,crepe,8,SW_Shy,4516.94921875,17253.2421875,9528.692793811826,9693.13671875
test,391,2.5121339797734894,60,ok,crepe,9,SW_Yosefa,6033.7373046875,16280.255859375,9382.819113991478,9147.5283203125
test,392,13.23692869020727,325,ok,crepe,5,SW_Nana,4516.7265625,17251.017578125,9726.877676945714,9822.78125
test,393,7.532098299615334,59,ok,crepe,5,SW_Nana,4172.955078125,12946.4462890625,8166.003064141757,8069.47314453125
test,394,11.905840848339297,39,ok,crepe,4,SW_Luna,6463.88623046875,19423.33203125,11568.053986378205,8933.5146484375
test,395,9.953224514867912,70,ok,crepe,4,SW_Luna,5969.50927734375,16289.5849609375,10751.599322509766,10056.5234375
test,396,12.533501088146664,133,ok,crepe,3,SW_Dana,7980.65478515625,16866.9140625,10915.118138193295,10407.2744140625
test,397,19.096555234581817,97,ok,crepe,4,SW_Luna,3551.43359375,19427.11328125,11142.59523292824,10400.7685546875
test,398,12.556255932251666,153,ok,crepe,6,SW_Neo,8250.8359375,18966.3515625,10832.414225260416,10761.783203125
test,399,12.510448087843892,131,ok,crepe,6,SW_Neo,5498.90380859375,19425.263671875,10223.697943239797,10277.0703125
test,400,11.23881618015255,174,ok,crepe,3,SW_Dana,6318.529296875,18728.033203125,12234.997723820234,12143.53125
test,401,8.972754288103918,156,ok,crepe,6,SW_Neo,7267.0361328125,16864.361328125,9924.05825302627,10158.44580078125
test,402,11.175646949879079,136,ok,crepe,5,SW_Nana,6315.6015625,17645.91015625,8459.168556553543,8346.076171875
test,403,13.285689052565496,109,ok,crepe,6,SW_Neo,7014.60009765625,17643.560546875,8986.360811827613,9475.26806640625
test,404,7.862157112852666,89,ok,crepe,4,SW_Luna,8937.4453125,17648.5,14353.596024816177,15564.5517578125
test,405,5.683183217515722,137,ok,crepe,5,SW_Nana,5298.26611328125,18965.89453125,12175.479291130514,12075.94140625
test,406,19.65198584479748,156,ok,crepe,5,SW_Nana,6177.48779296875,16291.7822265625,9911.01648083362,9196.876953125
test,407,16.509040791346386,89,ok,crepe,7,SW_Nikita,6317.48291015625,17644.947265625,11740.81996643659,12071.595703125
test,408,13.228466965403324,83,ok,crepe,4,SW_Luna,5362.24169921875,18078.154296875,9730.236447598072,9691.6650390625
test,409,12.540993606618724,123,ok,crepe,7,SW_Nikita,8523.62109375,17445.77734375,15444.764757703235,16470.966796875
test,410,22.865361663435365,103,ok,crepe,2,NSW_1,5763.541015625,16282.521484375,10353.038764565677,9936.91796875
test,411,4.544318461046283,52,ok,crepe,7,SW_Nikita,6622.064453125,17649.73046875,13359.182454427084,14843.75
test,412,7.657893871832475,84,ok,crepe,4,SW_Luna,7612.673828125,19899.443359375,12488.20228721217,10880.87890625
test,413,18.635398749953854,149,ok,crepe,6,SW_Neo,5297.3505859375,17043.646484375,8761.5146228879,8837.2392578125
test,414,12.933695174116535,66,ok,crepe,4,SW_Luna,9474.384765625,17447.55859375,13445.513350637335,14407.416015625
test,415,9.069761434004093,93,ok,crepe,6,SW_Neo,6464.251953125,11799.822265625,10231.84005103921,10577.0673828125
test,416,11.1291231438828,135,ok,crepe,6,SW_Neo,5499.818359375,11000.708984375,8753.22160093246,7881.7919921875
test,417,21.806836186871084,128,ok,crepe,6,SW_Neo,5624.279296875,17045.61328125,9496.100506218112,9372.2841796875
test,418,10.051417637091031,70,ok,crepe,4,SW_Luna,7096.75244140625,17651.2421875,12145.25584669237,10757.978515625
test,419,8.568956651753565,160,ok,crepe,5,SW_Nana,6394.98828125,13110.7421875,8512.466828719429,8247.35986328125
test,420,2.1937541640309486,94,ok,crepe,4,SW_Luna,8068.974609375,17442.091796875,11887.887368164062,10821.3359375
test,421,12.647352297682303,126,ok,crepe,6,SW_Neo,6176.2587890625,15930.982421875,9068.434874207824,9477.9990234375
test,422,10.300242128901685,94,ok,crepe,9,SW_Yosefa,5763.2421875,8157.947265625,7256.920658817998,7263.262939453125
test,423,15.320463141367595,137,ok,crepe,4,SW_Luna,8157.06103515625,18077.8203125,12398.572645742683,10280.31298828125
test,424,17.83684369695331,54,ok,crepe,6,SW_Neo,5969.7421875,9585.4521484375,7736.932640814012,7879.708984375
test,425,3.0954670433622966,148,ok,crepe,9,SW_Yosefa,4314.4326171875,17646.453125,10043.336178699172,9822.4072265625
test,426,11.667856673697903,142,ok,crepe,4,SW_Luna,6033.693359375,18081.423828125,12773.913113928145,10885.712890625
test,427,11.784725746994479,127,ok,crepe,4,SW_Luna,8629.7412109375,21485.548828125,14011.671200539568,14662.4072265625
test,428,15.97905221083138,86,ok,crepe,2,NSW_1,5761.83837890625,21215.115234375,11704.433309749682,10759.65869140625
test,429,9.39301889600268,176,ok,crepe,8,SW_Shy,6462.44873046875,17250.755859375,9645.141604041086,8938.662109375
test,430,4.272724733394159,61,ok,crepe,4,SW_Luna,7792.94482421875,18728.6015625,11756.304527168842,10055.375
test,431,10.016054927604014,71,ok,crepe,6,SW_Neo,6461.38916015625,17644.73828125,10142.887763301029,10049.81640625
test,432,16.700728260714982,148,ok,crepe,3,SW_Dana,5762.47509765625,18962.91015625,11102.417332240513,10403.02099609375
test,433,25.22593056580089,237,ok,crepe,6,SW_Neo,7263.3427734375,17252.46484375,10313.65895158531,10401.1220703125
test,434,7.098477586575641,165,ok,crepe,6,SW_Neo,6539.35498046875,19423.09375,9211.854231074532,8942.580078125
test,435,11.090584768956921,69,ok,crepe,2,NSW_1,7098.2392578125,17648.728515625,10938.69904996142,10518.64453125
test,436,18.366982916546103,146,ok,crepe,6,SW_Neo,7265.0771484375,17645.859375,10162.362582452282,10157.1796875
test,437,6.576907772095898,74,ok,crepe,4,SW_Luna,6708.228515625,17444.89453125,11933.749618902439,11139.47705078125
test,438,21.758990305616027,139,ok,crepe,6,SW_Neo,5297.8671875,19426.74609375,9160.742573798458,9474.36474609375
test,439,19.974604195238317,162,ok,crepe,6,SW_Neo,5426.6123046875,19421.4375,9682.825176836994,8246.34375
test,440,15.847862416005103,157,ok,crepe,4,SW_Luna,5829.65771484375,20128.91015625,13522.130316230689,12211.208984375
test,441,6.759300309683027,65,ok,crepe,6,SW_Neo,6395.8935546875,16483.55859375,9838.797955729167,9931.31640625
test,442,9.962608932308717,57,ok,crepe,4,SW_Luna,5240.0625,19672.546875,11606.433570123489,10583.65576171875
test,443,15.355251736690597,151,ok,crepe,7,SW_Nikita,6034.61669921875,17859.84375,13283.313815254696,15407.9482421875
test,444,15.820330998564405,129,ok,crepe,6,SW_Neo,5904.70654296875,17455.015625,10118.711422459608,9823.271484375
test,445,23.150105589385056,125,ok,crepe,4,SW_Luna,8159.06689453125,17851.5078125,12877.927677128233,10996.353515625
test,446,14.026648070630083,113,ok,crepe,4,SW_Luna,7349.1787109375,17650.7578125,12521.241123879603,10885.2197265625
test,447,19.63897375397005,136,ok,crepe,6,SW_Neo,5829.763671875,14331.1220703125,9119.872936617943,9479.603515625
test,448,21.37523852351615,140,ok,crepe,6,SW_Neo,5062.48779296875,16479.1796875,8749.032648259943,8819.4453125
test,449,14.726651439932326,155,ok,crepe,4,SW_Luna,4573.77685546875,17644.80859375,11784.11141690341,10636.4892578125
test,450,3.968288767666563,46,ok,crepe,4,SW_Luna,6397.9375,11931.740234375,9944.671724759615,10158.61279296875
test,451,13.208033274010333,56,ok,crepe,7,SW_Nikita,7882.26318359375,17452.501953125,15192.826797485352,16576.6337890625
test,452,12.01107184470121,108,ok,crepe,9,SW_Yosefa,7191.0400390625,16284.5947265625,10668.43707078503,9698.3974609375
test,453,18.263934144111072,93,ok,crepe,7,SW_Nikita,7614.70703125,17644.220703125,14234.343072094964,15197.1787109375
test,454,9.141409980471712,167,ok,crepe,5,SW_Nana,6177.2177734375,17859.36328125,9256.456743876139,8731.05810546875
test,455,6.457964657081877,21,ok,crepe,7,SW_Nikita,8932.474609375,17253.310546875,12844.070978338068,13634.306640625
test,456,12.06931794555161,177,ok,crepe,4,SW_Luna,6101.33740234375,17442.921875,12508.34569597942,11673.5400390625
test,457,17.997080099154047,106,ok,crepe,4,SW_Luna,8726.8583984375,17447.9375,13397.132749495968,11999.23486328125
test,458,9.30406032000456,75,ok,crepe,6,SW_Neo,7015.017578125,17643.40234375,9263.75662018532,8988.18115234375
test,459,11.857156153365711,77,ok,crepe,9,SW_Yosefa,5764.04052734375,20777.734375,7958.6234341325435,6858.953125
test,460,12.109929772559656,64,ok,crepe,4,SW_Luna,6540.35107421875,19899.6328125,15859.046196831598,16577.83984375
test,461,7.808857866437256,97,ok,crepe,4,SW_Luna,5558.2978515625,20776.572265625,10406.948474919685,9367.4462890625
test,462,13.201053549412906,73,ok,crepe,6,SW_Neo,7098.7578125,16865.609375,8885.108962286085,9150.6064453125
test,463,5.173332383719366,157,ok,crepe,5,SW_Nana,6320.03125,17045.123046875,8433.274488127634,7883.446533203125
test,464,17.181892409096807,106,ok,crepe,4,SW_Luna,6620.578125,17445.625,12896.881039915967,11004.8583984375
test,465,7.714607312083194,93,ok,crepe,6,SW_Neo,5623.857421875,17443.615234375,9411.64599609375,9585.55078125
test,466,13.11711594627692,107,ok,crepe,4,SW_Luna,6461.79736328125,19899.021484375,11944.589689336271,10760.58984375
test,467,16.745878807955986,93,ok,crepe,4,SW_Luna,6621.86962890625,19425.212890625,14021.050274006371,16274.9619140625
test,468,-3.455898514271258,85,ok,crepe,7,SW_Nikita,7981.86767578125,18731.859375,14821.552980981693,15943.283203125
test,469,10.735739435891542,53,ok,crepe,7,SW_Nikita,6318.07373046875,15746.6650390625,10495.757283528646,9875.0283203125
test,470,18.211462293811312,160,ok,crepe,6,SW_Neo,5622.392578125,19671.513671875,9899.501625722543,9822.388671875
test,471,-6.485989833360835,3,ok,crepe,7,SW_Nikita,16478.943359375,18725.140625,17761.423828125,18080.1875
test,472,20.880606129058208,80,ok,crepe,2,NSW_1,7265.0146484375,16281.97265625,10442.116074428763,10285.1171875
test,473,9.663041536364043,66,ok,crepe,7,SW_Nikita,5361.35205078125,18727.171875,8325.983655774915,6783.0380859375
test,474,9.450709679835725,112,ok,crepe,4,SW_Luna,4123.14013671875,18722.8828125,12335.764959860975,12066.8798828125
test,475,11.9403740607555,88,ok,crepe,4,SW_Luna,8826.8173828125,17260.05859375,12361.133699378188,10939.6767578125
test,476,18.22435415219515,79,ok,crepe,6,SW_Neo,5499.6416015625,15747.44140625,8670.723611349587,9366.1220703125
test,477,17.231279383768978,89,ok,crepe,9,SW_Yosefa,6320.0078125,18729.779296875,8347.228017378826,8295.6533203125
test,478,7.538730116517204,68,ok,crepe,4,SW_Luna,7097.87060546875,20128.611328125,10716.765029698203,10284.8583984375
test,479,2.9073200547909273,97,ok,crepe,9,SW_Yosefa,5063.8369140625,19207.58984375,13581.698763333834,15201.1572265625
test,480,19.074469758654583,125,ok,crepe,7,SW_Nikita,6318.1259765625,17639.53125,12560.267423221983,14323.59375
test,481,19.30090179203667,157,ok,crepe,5,SW_Nana,6033.8046875,20775.484375,11931.138194505063,10632.6162109375
test,482,11.957784115129488,78,ok,crepe,4,SW_Luna,7794.3125,17446.853515625,11613.470509958792,10284.6484375
test,483,17.621310244632905,109,ok,crepe,4,SW_Luna,8822.2705078125,19422.779296875,13198.200425996554,11287.25390625
test,484,15.69253814840601,162,ok,crepe,4,SW_Luna,6177.0205078125,17646.16015625,11913.582769037603,10524.2939453125
test,485,25.162891952623923,95,ok,crepe,4,SW_Luna,5903.63671875,17646.068359375,13146.193794389204,10885.24365234375
test,486,20.949475392258496,177,ok,crepe,6,SW_Neo,4574.1728515625,10873.8779296875,8316.291670636432,7268.26171875
test,487,9.261739607294196,146,ok,crepe,4,SW_Luna,6539.80859375,17649.8359375,12412.123473011363,11002.5986328125
test,488,14.289897537156158,184,ok,crepe,7,SW_Nikita,8941.08203125,20337.732421875,16688.23640988372,17642.2421875
test,489,21.59067211650723,143,ok,crepe,6,SW_Neo,4574.17431640625,17440.806640625,9827.187014678031,9928.2021484375
test,490,12.1682729360296,132,ok,crepe,4,SW_Luna,7097.79345703125,17253.19140625,12839.248731111225,10881.7958984375
test,491,10.244556649009024,129,ok,crepe,6,SW_Neo,3891.21240234375,19423.03515625,11014.471028645834,10402.61767578125
test,492,14.746902208087466,44,ok,crepe,7,SW_Nikita,8249.9228515625,17252.392578125,13045.007142310049,16282.7421875
test,493,11.241959127079287,219,ok,crepe,6,SW_Neo,7262.6279296875,11794.6630859375,9582.085987481545,9753.80859375
test,494,23.972016922404038,127,ok,crepe,6,SW_Neo,4837.4658203125,17441.798828125,9227.751825161638,9044.6962890625
test,495,21.397382011136855,118,ok,crepe,6,SW_Neo,7095.0234375,10761.517578125,9110.681690522353,9373.275390625
test,496,17.58745319847477,140,ok,crepe,4,SW_Luna,6465.80517578125,17449.572265625,11972.587004254578,10769.990234375
test,497,9.602931871913416,161,ok,crepe,2,NSW_1,6395.52978515625,19673.814453125,12520.390873187154,10876.86328125
test,498,15.099267668217013,115,ok,crepe,6,SW_Neo,7096.20703125,12951.41796875,9422.874391526442,9148.427734375
test,499,20.35257274082845,70,ok,crepe,7,SW_Nikita,8935.974609375,16674.880859375,15326.358577076982,16013.8642578125
test,500,19.990112707175612,77,ok,crepe,4,SW_Luna,8733.5791015625,17863.71484375,13162.028398886494,10768.431640625
test,501,4.365274269439748,94,ok,crepe,9,SW_Yosefa,3119.90625,17042.041015625,9465.845643939394,9818.7197265625
test,502,10.566922108463414,63,ok,crepe,9,SW_Yosefa,8730.966796875,17043.189453125,10396.59130859375,9699.744140625
test,503,25.497945144939823,259,ok,crepe,6,SW_Neo,6540.1396484375,17251.49609375,9869.778027672559,10280.5283203125
test,504,12.413335884924813,81,ok,crepe,4,SW_Luna,6318.72119140625,17253.05859375,10090.976280381945,9992.40869140625
test,505,22.597063923646026,92,ok,crepe,2,NSW_1,5762.92041015625,20127.521484375,12289.897358630953,10766.2490234375
test,506,18.964760159572947,147,ok,crepe,6,SW_Neo,6318.2744140625,17865.0078125,13246.630224609375,13114.4365234375
test,507,19.951497517476998,109,ok,crepe,2,NSW_1,7014.65087890625,17644.109375,10401.221270801576,10045.3896484375
test,508,14.045662827088059,66,ok,crepe,4,SW_Luna,8821.41015625,18967.71875,11769.81346336571,10642.2041015625
test,509,11.618579044615995,27,ok,crepe,9,SW_Yosefa,6034.06640625,16680.98828125,12108.52212419181,10758.376953125
test,510,14.362785890351716,43,ok,crepe,9,SW_Yosefa,6034.67041015625,19671.337890625,10497.557861328125,9757.89306640625
test,511,15.48021380334017,192,ok,crepe,3,SW_Dana,4269.34326171875,19424.56640625,12852.268318279836,12493.2119140625
test,512,10.00612803351773,105,ok,crepe,2,NSW_1,4726.05419921875,19425.046875,10459.76384715545,10046.5615234375
test,513,22.676981103727574,158,ok,crepe,6,SW_Neo,6856.513671875,19423.30078125,8870.433458865677,8944.7119140625
test,514,11.213451774227284,66,ok,crepe,9,SW_Yosefa,7614.3974609375,17445.6484375,11394.953580729167,10401.4111328125
test,515,14.400731876270385,149,ok,crepe,4,SW_Luna,5969.71240234375,17446.703125,12888.698519952282,11005.10546875
test,516,21.257220160437914,164,ok,crepe,6,SW_Neo,4314.52099609375,18494.08984375,8692.878477705286,8823.97021484375
test,517,9.561952020833207,33,ok,crepe,4,SW_Luna,9472.666015625,10761.2900390625,10180.633544921875,10276.5234375
test,518,14.902392098263963,69,ok,crepe,7,SW_Nikita,6176.607421875,17440.6796875,15340.667202333861,16477.904296875
test,519,15.359549683933642,127,ok,crepe,4,SW_Luna,6320.2958984375,17863.94140625,11921.65098206426,10762.359375
test,520,12.997580931605908,153,ok,crepe,9,SW_Yosefa,6034.9599609375,12072.8798828125,7775.2490234375,7702.81298828125
test,521,18.583639770917443,103,ok,crepe,6,SW_Neo,6937.431640625,17858.44921875,9827.216359544836,9932.5107421875
test,522,6.743007612729567,41,ok,crepe,2,NSW_1,4366.8544921875,21217.40625,11412.437563688858,10518.06787109375
test,523,8.336520798203285,195,ok,crepe,4,SW_Luna,7265.69140625,19673.767578125,11059.868374294705,9929.7490234375
test,524,13.389084056520502,112,ok,crepe,4,SW_Luna,4676.697265625,17648.7734375,12628.32738076487,14501.18798828125
test,525,16.677070837458505,124,ok,crepe,4,SW_Luna,6176.65087890625,17653.3671875,13989.359337700738,15562.6083984375
test,526,15.090370505534016,61,ok,crepe,7,SW_Nikita,7352.8349609375,16680.40625,13392.456327550552,14577.59619140625
test,527,17.090607796058535,116,ok,crepe,4,SW_Luna,5239.2763671875,20337.06640625,11661.63046875,10997.556640625
test,528,14.647825489031636,122,ok,crepe,2,NSW_1,5498.5078125,19905.060546875,11763.405801212086,10406.78759765625
test,529,18.14022208121041,143,ok,crepe,6,SW_Neo,5428.1142578125,16280.154296875,9075.749822169175,9470.17578125
test,530,20.931977251159225,127,ok,crepe,6,SW_Neo,4314.7333984375,19419.353515625,9235.26694841056,9477.689453125
test,531,23.641099279956453,169,ok,crepe,4,SW_Luna,4366.37939453125,21487.390625,11270.003137520032,10402.810546875
test,532,11.268287747690128,91,ok,crepe,2,NSW_1,5692.93408203125,19416.681640625,10377.224049287684,10105.88525390625
test,533,16.65877946464027,116,ok,crepe,3,SW_Dana,8633.0703125,17045.009765625,12002.66149421752,10878.818359375
test,534,16.607733282182245,169,ok,crepe,4,SW_Luna,5904.212890625,17443.896484375,11584.035316467285,10524.240234375
test,535,11.331186284774013,142,ok,crepe,6,SW_Neo,4366.72314453125,17645.193359375,9098.386724815606,9046.076171875
test,536,13.972241981926881,71,ok,crepe,7,SW_Nikita,6033.787109375,19420.8671875,14474.28799066311,16474.759765625
test,537,11.186718969123579,149,ok,crepe,4,SW_Luna,6034.533203125,19670.609375,12973.56445020116,10998.625
test,538,15.066265773658936,134,ok,crepe,4,SW_Luna,3511.52587890625,18728.181640625,10969.357446915064,9758.7861328125
test,539,16.355006491833144,145,ok,crepe,2,NSW_1,7983.7734375,20778.94921875,10669.161821637836,9821.23095703125
test,540,10.708481055051646,91,ok,crepe,2,NSW_1,5969.61376953125,11671.876953125,9735.788651796145,9935.41796875
test,541,21.03612399645379,174,ok,crepe,4,SW_Luna,6855.408203125,17650.8046875,12550.441328898514,11140.630859375
test,542,8.343293129601122,45,ok,crepe,2,NSW_1,5970.9560546875,21006.35546875,11569.360517393869,11005.287109375
test,543,15.113503429176474,131,ok,crepe,4,SW_Luna,6318.3115234375,19670.3359375,11839.932959316538,10520.0771484375
test,544,1.6346162212148443,59,ok,crepe,9,SW_Yosefa,8070.5908203125,18498.125,10626.52510516827,9587.134765625
test,545,4.3262582780365015,141,ok,crepe,4,SW_Luna,5903.849609375,20782.7421875,12029.695416666667,10641.6337890625
test,546,17.201693385419215,104,ok,crepe,4,SW_Luna,6100.18017578125,18078.57421875,11659.17455439207,11001.1923828125
test,547,18.772118702257696,95,ok,crepe,6,SW_Neo,3511.42236328125,17447.40625,9901.298921130952,10046.8564453125
test,548,14.788220972518127,118,ok,crepe,4,SW_Luna,5904.36279296875,17647.515625,11669.268660360307,10405.18310546875
test,549,18.565234865185943,164,ok,crepe,6,SW_Neo,5500.0146484375,17441.26171875,8241.665715939154,7191.044921875
test,550,12.694014823579568,65,ok,crepe,5,SW_Nana,4219.33154296875,11404.900390625,8287.099459635416,8162.3603515625
test,551,10.662658712108929,96,ok,crepe,4,SW_Luna,7265.9755859375,20139.318359375,13755.864640519425,15933.3154296875
test,552,12.667054832180613,135,ok,crepe,4,SW_Luna,6396.439453125,19678.283203125,11554.464250837054,10340.96826171875
test,553,16.88650545299894,109,ok,crepe,2,NSW_1,4314.4130859375,19426.162109375,11304.322671213458,10821.26416015625
test,554,11.457814217109528,94,ok,crepe,6,SW_Neo,7095.4970703125,17045.484375,10043.887173521753,9692.87109375
test,555,12.870678623446278,119,ok,crepe,6,SW_Neo,5969.0927734375,19424.73828125,9112.56337890625,9143.16796875
test,556,9.862785841772201,120,ok,crepe,4,SW_Luna,4315.52685546875,19907.19921875,11158.632758246527,9991.7744140625
test,557,12.732900109518575,94,ok,crepe,4,SW_Luna,6394.876953125,18079.3203125,12218.016787574405,10636.8544921875
test,558,11.93368452145837,44,ok,crepe,4,SW_Luna,10403.97265625,17861.1640625,13678.01585355718,14333.580078125
test,559,18.213224862188877,136,ok,crepe,4,SW_Luna,3511.236572265625,17643.8828125,11437.437936636117,10342.677734375
test,560,22.084821929052225,95,ok,crepe,4,SW_Luna,7522.6953125,18075.9921875,12420.688064435206,10880.4296875
test,561,17.915640057190167,35,ok,crepe,7,SW_Nikita,8349.3369140625,10400.12890625,9977.731993140244,10157.095703125
test,562,9.096862960116313,32,ok,crepe,7,SW_Nikita,7610.86328125,11283.92578125,9092.693488625919,8626.63623046875
test,563,18.881382779858008,117,ok,crepe,4,SW_Luna,8732.3125,17646.62890625,12855.623126446759,11282.6279296875
test,564,18.759299054814605,234,ok,crepe,6,SW_Neo,5427.78369140625,19899.29296875,10975.95449817409,10518.2236328125
test,565,14.880217747479259,107,ok,crepe,6,SW_Neo,4219.43310546875,18727.619140625,10077.86917238313,10158.5634765625
test,566,12.559473523762946,161,ok,crepe,7,SW_Nikita,5762.79248046875,17645.3984375,14454.43016265541,15935.94677734375
test,567,7.18226047068036,82,ok,crepe,6,SW_Neo,5362.0322265625,16287.2744140625,10053.448269619032,10166.0166015625
test,568,10.447070346153389,137,ok,crepe,4,SW_Luna,7981.8125,20126.169921875,12991.35625,12066.8046875
test,569,9.960576678612439,79,ok,crepe,4,SW_Luna,5970.6259765625,19201.953125,12244.972639412716,10997.3740234375
test,570,8.423555257695291,72,ok,crepe,9,SW_Yosefa,6539.28955078125,19211.150390625,9893.0118069936,8821.439453125
test,571,25.150558413840468,172,ok,crepe,6,SW_Neo,7017.4453125,17443.341796875,9590.338776401539,9817.5107421875
test,572,13.680071697309481,116,ok,crepe,4,SW_Luna,6462.841796875,18069.240234375,12003.59361049107,10757.8828125
test,573,16.563496921342487,65,ok,crepe,7,SW_Nikita,7264.6611328125,19422.759765625,13439.973797772382,15559.28515625
test,574,9.798949311083607,136,ok,crepe,9,SW_Yosefa,6033.63525390625,20776.74609375,10998.11265625,9697.7880859375
test,575,13.042079833371968,57,ok,crepe,4,SW_Luna,8633.6728515625,16474.64453125,11025.42022235577,10402.7421875
test,576,18.28886735938768,122,ok,crepe,6,SW_Neo,4268.36962890625,17644.57421875,9948.752720424107,9992.44970703125
test,577,7.898849413494327,111,ok,crepe,6,SW_Neo,7016.1123046875,18065.765625,9840.390483240928,9586.31103515625
test,578,15.370036248833152,104,ok,crepe,4,SW_Luna,7708.3857421875,17638.94140625,11564.386871855138,10281.9208984375
test,579,11.712417526476582,118,ok,crepe,7,SW_Nikita,3891.30615234375,17441.04296875,8896.563582791627,8343.3564453125
test,580,7.3878815931176565,109,ok,crepe,3,SW_Dana,9037.3037109375,16107.1591796875,11056.344789566532,10638.654296875
test,581,19.07367889202235,141,ok,crepe,4,SW_Luna,6853.9853515625,17252.19921875,11072.006599474253,10045.728515625
test,582,3.5225463557400865,48,ok,crepe,2,NSW_1,5971.03466796875,18728.05859375,11999.657143646817,11005.4833984375
test,583,19.348039436730954,142,ok,crepe,7,SW_Nikita,7263.9892578125,17250.66015625,12524.539318406438,14491.45458984375
test,584,4.085593532267921,41,ok,crepe,4,SW_Luna,6034.6005859375,18966.1328125,10932.568715413412,9932.8427734375
test,585,11.561946360112255,129,ok,crepe,4,SW_Luna,6396.40673828125,20132.27734375,13392.892093188142,12143.81103515625
test,586,-2.550211554556776,55,ok,crepe,4,SW_Luna,6176.17138671875,21211.91015625,12934.8935546875,13740.84814453125
test,587,1.6777275127312303,110,ok,crepe,4,SW_Luna,7265.33154296875,18727.19140625,12998.705165765225,10768.5986328125
test,588,17.113000467982463,161,ok,crepe,4,SW_Luna,5829.34033203125,18086.259765625,12168.53071635929,10404.23046875
test,589,16.21673721864562,144,ok,crepe,4,SW_Luna,7440.8115234375,17453.734375,12652.922795336175,11140.56640625
test,590,22.73332623800808,139,ok,crepe,6,SW_Neo,5239.49658203125,17645.478515625,9782.935583726416,9698.7255859375
test,591,13.107327840835739,152,ok,crepe,4,SW_Luna,7264.625,19424.224609375,12459.82217316938,10886.951171875
test,592,16.56880849618923,109,ok,crepe,4,SW_Luna,7349.4208984375,17456.6953125,13379.5119453125,11531.056640625
test,593,13.098072396452094,48,ok,crepe,5,SW_Nana,6034.830078125,18490.013671875,14419.56063406808,15022.80126953125
test,594,20.068916275896576,111,ok,crepe,4,SW_Luna,6395.76220703125,19422.087890625,13186.318256993447,11002.76708984375
test,595,18.665972109062064,140,ok,crepe,3,SW_Dana,6539.5498046875,16288.798828125,12247.184618537809,11540.7724609375
test,596,21.6082443930984,108,ok,crepe,2,NSW_1,6178.0595703125,17446.08203125,9546.222849948346,9247.31640625
test,597,12.381554215556426,61,ok,crepe,7,SW_Nikita,8818.333984375,19673.5546875,13962.639285714286,15649.67626953125
test,598,21.29758774610247,132,ok,crepe,4,SW_Luna,7014.51171875,19423.439453125,12840.331932274072,10758.5
test,599,25.983010129406864,159,ok,crepe,4,SW_Luna,5624.771484375,17449.3046875,10514.050570461919,9688.9345703125
test,600,20.246210439195522,84,ok,crepe,7,SW_Nikita,9695.453125,20548.578125,18355.330715460525,18724.39453125
test,601,17.90900020485454,122,ok,crepe,6,SW_Neo,7188.16455078125,12949.3349609375,9621.858812415081,9820.48974609375
test,602,11.795555907286698,140,ok,crepe,3,SW_Dana,8432.9130859375,17442.283203125,11724.267978766025,11469.74951171875
test,603,12.73945852144211,92,ok,crepe,6,SW_Neo,5761.20849609375,10763.5947265625,8293.932156808036,9043.876953125
test,604,17.07418433991335,118,ok,crepe,6,SW_Neo,5559.337890625,12070.537109375,9315.328347277286,9819.333984375
test,605,19.841049976472917,130,ok,crepe,4,SW_Luna,6396.421875,20128.59765625,12427.901987436655,10769.68359375
test,606,17.39390593452665,133,ok,crepe,4,SW_Luna,6319.80517578125,19420.6796875,11668.558929839692,10758.7470703125
test,607,10.253680469504385,146,ok,crepe,7,SW_Nikita,5691.6865234375,19670.04296875,12927.917483428031,14495.1806640625
test,608,17.920362955472477,164,ok,crepe,6,SW_Neo,6035.04150390625,11796.5234375,9962.496362696356,10155.6357421875
test,609,17.586096841258577,58,ok,crepe,4,SW_Luna,6318.2470703125,12807.4599609375,10364.730767548974,10876.8544921875
test,610,7.9210222577951415,146,ok,crepe,4,SW_Luna,5361.03125,18285.634765625,11235.439554248336,10640.064453125
test,611,14.953317207357571,38,ok,crepe,7,SW_Nikita,8931.87890625,17044.7734375,13628.011297052557,14755.17236328125
test,612,13.41341079333501,143,ok,crepe,4,SW_Luna,6176.6015625,17858.220703125,10527.424263196113,9873.97998046875
test,613,14.696740311370382,33,ok,crepe,7,SW_Nikita,8348.3935546875,17645.916015625,12977.500786675348,13265.08203125
test,614,15.324465370464166,155,ok,crepe,9,SW_Yosefa,9816.0498046875,17252.72265625,10544.22989268785,10461.40283203125
test,615,17.16066040194083,147,ok,crepe,4,SW_Luna,5970.9931640625,17441.8671875,14497.396105238971,15932.5908203125
test,616,12.079977984544282,73,ok,crepe,5,SW_Nana,4268.4541015625,20780.26953125,9139.730725097656,8827.66357421875
test,617,9.860960547164332,89,ok,crepe,0,NSW_3,5497.80078125,15403.869140625,12505.962972810952,12949.97265625
test,618,17.17123616635996,179,ok,crepe,4,SW_Luna,5693.0791015625,17042.423828125,14475.117324977246,16278.94140625
test,619,13.593472041299881,108,ok,crepe,6,SW_Neo,5763.39453125,17644.15625,10121.961200105043,10286.3671875
test,620,11.252540440044946,123,ok,crepe,9,SW_Yosefa,7793.884765625,16280.5673828125,10822.106691261573,10403.708984375
test,621,12.451775910155881,53,ok,crepe,4,SW_Luna,8073.0400390625,21485.095703125,13261.821029663086,12287.1455078125
test,622,21.184511611973825,280,ok,crepe,5,SW_Nana,6248.15673828125,19669.517578125,10769.664168648098,9939.837890625
test,623,14.432111571096444,161,ok,crepe,4,SW_Luna,5762.30078125,17443.8046875,13568.957978935652,14490.76708984375
test,624,7.752009484271733,167,ok,crepe,3,SW_Dana,5428.298828125,20337.080078125,11612.980077599967,10883.14794921875
test,625,18.962084651118694,153,ok,crepe,4,SW_Luna,3551.635498046875,17647.3984375,9896.489718191964,9147.8564453125
test,626,23.26320121498224,133,ok,crepe,6,SW_Neo,5362.4169921875,11000.337890625,8572.038618607954,8734.2138671875
test,627,6.6182932973976385,74,ok,crepe,0,NSW_3,3673.7353515625,17642.849609375,11825.417203173225,11675.025390625
test,628,11.277901545419555,195,ok,crepe,4,SW_Luna,3277.693115234375,19668.939453125,13098.388122845145,11001.8212890625
test,629,17.882145380503804,172,ok,crepe,6,SW_Neo,4621.62158203125,11285.7802734375,8280.901510651578,7350.6259765625
test,630,9.471922269754849,65,ok,crepe,6,SW_Neo,6855.4716796875,10277.9775390625,8313.580414214692,7263.7275390625
test,631,13.178558303963312,49,ok,crepe,6,SW_Neo,5969.8759765625,11931.306640625,9597.224853515625,9761.02734375
test,632,17.409200094297624,87,ok,crepe,2,NSW_1,5762.03662109375,19673.626953125,10320.337644067142,8431.662109375
test,633,19.942568519869567,124,ok,crepe,4,SW_Luna,3843.138427734375,19425.353515625,13014.508386845211,10760.890625
test,634,15.603573384568142,152,ok,crepe,4,SW_Luna,5969.197265625,16864.416015625,12182.279128502156,10936.17138671875
test,635,25.85116686543129,193,ok,crepe,4,SW_Luna,7013.5771484375,17643.455078125,12258.65890817685,10640.05078125
test,636,22.108403994314788,136,ok,crepe,4,SW_Luna,8433.771484375,20339.001953125,14069.042163403003,15196.91943359375
test,637,14.424141671080267,138,ok,crepe,4,SW_Luna,6319.03857421875,19421.734375,11510.257190485669,10637.1494140625
test,638,9.449790724511686,98,ok,crepe,4,SW_Luna,5904.48974609375,19672.7734375,10781.950256897522,10285.98046875
test,639,21.756121244458065,172,ok,crepe,6,SW_Neo,4950.306640625,17863.59765625,8637.581427190722,7572.205322265625
test,640,11.115977812356515,102,ok,crepe,2,NSW_1,4783.4775390625,17247.9453125,10828.258358712923,10938.24072265625
test,641,7.054884598904657,114,ok,crepe,4,SW_Luna,5763.1435546875,17857.4453125,13309.097098214286,12357.8310546875
test,642,15.838542471769742,44,ok,crepe,4,SW_Luna,5428.38330078125,17646.7265625,7579.464544802296,7096.1982421875
test,643,22.512954373021294,142,ok,crepe,4,SW_Luna,5968.5390625,17857.6640625,12732.75333001747,11134.875
test,644,5.438722191942137,123,ok,crepe,4,SW_Luna,6033.3994140625,17252.6484375,12279.684922162225,11142.443359375
test,645,9.42003115064165,128,ok,crepe,6,SW_Neo,5973.1982421875,17441.3125,9221.157945229974,9421.13671875
test,646,9.333572618055616,141,ok,crepe,3,SW_Dana,8068.26220703125,18076.546875,11956.50512539809,11145.7119140625
test,647,10.419752750639795,132,ok,crepe,3,SW_Dana,4891.81201171875,18283.1640625,13208.111664643158,15571.07080078125
test,648,14.119730761778804,112,ok,crepe,4,SW_Luna,7015.984375,17648.42578125,12101.350601196289,10638.4951171875
test,649,4.863934027045338,123,ok,crepe,9,SW_Yosefa,6034.349609375,18725.896484375,10076.114179402372,8731.58203125
test,650,18.300888500299408,232,ok,crepe,6,SW_Neo,5499.498046875,21008.1015625,9883.230958866894,9147.1923828125
test,651,9.732000149073091,106,ok,crepe,6,SW_Neo,6317.86083984375,10766.259765625,9304.920756022135,9756.59912109375
test,652,14.496330985358659,153,ok,crepe,6,SW_Neo,5622.931640625,12212.923828125,8086.7672754477335,7262.666015625
test,653,9.026317660783057,57,ok,crepe,6,SW_Neo,7613.3388671875,17445.724609375,10082.954868861607,9693.921875
test,654,11.187586755573209,159,ok,crepe,9,SW_Yosefa,5968.8837890625,13846.912109375,10225.674167798914,10399.939453125
test,655,7.0539479076558145,70,ok,crepe,6,SW_Neo,6033.806640625,19894.201171875,9948.107465140427,9700.8798828125
test,656,16.75554687839839,158,ok,crepe,6,SW_Neo,6035.75390625,19425.013671875,9744.75200028853,9820.5087890625
test,657,12.007806054010464,159,ok,crepe,6,SW_Neo,6178.158203125,17250.390625,9323.225543011677,9310.99365234375
test,658,4.84056962545239,43,ok,crepe,1,NSW_2,5904.6337890625,20782.23046875,13593.85255859375,12949.9931640625
test,659,4.0616461112894475,38,ok,crepe,9,SW_Yosefa,6033.41796875,17441.072265625,9820.130969238282,8988.83984375
test,660,17.154086261907118,74,ok,crepe,5,SW_Nana,6541.2548828125,18729.6796875,10856.076918658087,10045.65234375
test,661,18.377927122135993,111,ok,crepe,2,NSW_1,5558.86328125,19676.935546875,11662.270961216518,10519.15380859375
test,662,16.05582026461165,75,ok,crepe,3,SW_Dana,8823.380859375,16476.72265625,11661.866932262074,11001.03857421875
test,663,11.337708311917636,117,ok,crepe,6,SW_Neo,5903.986328125,17254.900390625,9319.800629586884,9587.18994140625
test,664,17.186534701983383,118,ok,crepe,3,SW_Dana,6034.15771484375,18729.09765625,11562.328245248367,12072.73974609375
test,665,4.762167470967289,131,ok,crepe,4,SW_Luna,4572.90625,17863.20703125,12131.237345377604,10635.9140625
test,666,13.921924652974562,75,ok,crepe,7,SW_Nikita,7101.04296875,17864.181640625,13337.758457929238,15555.166015625
test,667,9.312212624227413,87,ok,crepe,7,SW_Nikita,6175.1240234375,19423.5234375,12389.481963186554,11003.1298828125
test,668,13.037662326829489,137,ok,crepe,6,SW_Neo,6319.095703125,17646.412109375,9417.944561298076,9637.7138671875
test,669,11.3861859025768,131,ok,crepe,4,SW_Luna,6175.83447265625,17863.88671875,12856.461812473784,12353.876953125
test,670,7.404371044223586,140,ok,crepe,4,SW_Luna,7014.560546875,20779.203125,12248.50510191306,10762.28662109375
test,671,16.33043394691177,81,ok,crepe,6,SW_Neo,6462.8955078125,19897.6796875,11263.092914496528,10763.45458984375
test,672,15.86747545616241,179,ok,crepe,3,SW_Dana,7522.3818359375,19668.3984375,11667.130448064194,11002.8984375
test,673,8.367143361543079,73,ok,crepe,7,SW_Nikita,6175.53466796875,17443.015625,11626.990496826173,10224.4091796875
test,674,28.323649173264016,132,ok,crepe,4,SW_Luna,5904.6005859375,18291.806640625,12328.98646304482,10700.392578125
test,675,17.983933720975184,170,ok,crepe,4,SW_Luna,8344.3984375,17851.43359375,12830.569148720855,10882.2275390625
test,676,11.275120965270984,52,ok,crepe,9,SW_Yosefa,5427.95849609375,17043.28515625,13749.319936283298,16481.23828125
test,677,12.83191200545788,77,ok,crepe,7,SW_Nikita,5903.41845703125,17438.634765625,13877.299953553735,14755.4833984375
test,678,9.953212583805517,122,ok,crepe,5,SW_Nana,5969.6630859375,18495.826171875,8954.515498538669,8248.9169921875
test,679,14.826607246225525,71,ok,crepe,2,NSW_1,6540.19775390625,18288.1328125,10417.512490354939,10279.6826171875
test,680,15.772792909209347,174,ok,crepe,4,SW_Luna,6464.8134765625,19903.95703125,14408.751164729421,16292.23828125
test,681,8.199499776021353,90,ok,crepe,5,SW_Nana,4367.1357421875,17860.15625,9787.623456242109,9589.6962890625
test,682,12.889381312818205,130,ok,crepe,6,SW_Neo,3511.45361328125,17440.7421875,9114.58289155506,9147.4423828125
test,683,3.51712918832954,90,ok,crepe,4,SW_Luna,6463.0556640625,17653.1328125,13868.880463867188,12143.94091796875
test,684,10.352891149889839,41,ok,crepe,4,SW_Luna,3195.722900390625,12806.9775390625,9685.774658203125,9047.1533203125
test,685,18.97062613871502,178,ok,crepe,6,SW_Neo,5762.181640625,11532.3916015625,8383.754085765166,7191.3974609375
test,686,8.905335809599778,87,ok,crepe,6,SW_Neo,5297.5556640625,20784.34765625,10827.674897460938,10105.0595703125
test,687,11.958841417462638,111,ok,crepe,7,SW_Nikita,4949.95361328125,17642.3203125,13283.613234375,14846.447265625
test,688,5.993526192969886,118,ok,crepe,4,SW_Luna,5971.09375,20338.0078125,12955.4150390625,11005.560546875
test,689,-117.40817273011112,206,ok,crepe,9,SW_Yosefa,7349.212890625,17047.81640625,9583.976533410903,9586.2294921875
test,690,10.529351156737004,157,ok,crepe,9,SW_Yosefa,5429.04541015625,19425.26953125,10915.866814938583,9698.7548828125
test,691,7.827814330724202,118,ok,crepe,4,SW_Luna,6463.736328125,13701.095703125,11057.139830631997,10768.21044921875
test,692,9.956575737717127,78,ok,crepe,6,SW_Neo,8245.9453125,11798.02734375,10313.828982204861,10522.52880859375
test,693,13.274274799467165,203,ok,crepe,5,SW_Nana,3354.0615234375,19420.0703125,9282.63720703125,9254.501953125
test,694,12.917732407930401,36,ok,crepe,7,SW_Nikita,11001.5966796875,17041.708984375,14182.78112479968,15409.32421875
test,695,10.331359392607329,93,ok,crepe,2,NSW_1,7979.18017578125,17438.93359375,10948.743239912015,10640.96875
test,696,9.292490521332294,92,ok,crepe,4,SW_Luna,5558.58984375,17857.015625,12340.229008646844,11008.59765625
test,697,18.416649706395447,154,ok,crepe,5,SW_Nana,7704.5263671875,16282.9150390625,10574.867867801966,9877.3515625
test,698,16.954794079467128,148,ok,crepe,6,SW_Neo,6707.91259765625,17253.533203125,9604.10497169723,9692.4990234375
test,699,15.520990453477598,165,ok,crepe,8,SW_Shy,3510.46142578125,15200.232421875,8945.27369192023,8986.89404296875
test,700,26.30659427554418,252,ok,crepe,6,SW_Neo,7014.72265625,17647.36328125,10191.268524380388,10519.28564453125
test,701,22.689379716222128,155,ok,crepe,6,SW_Neo,3550.29296875,17440.806640625,9330.35977376302,9637.1640625
test,702,10.608199348373155,146,ok,crepe,9,SW_Yosefa,6246.58740234375,19422.83203125,9380.254941289297,9036.9775390625
test,703,12.098508544927522,83,ok,crepe,4,SW_Luna,7882.841796875,17443.181640625,12235.613635896381,10760.3408203125
test,704,11.209474630499528,56,ok,crepe,7,SW_Nikita,7349.6328125,17438.99609375,14859.201187133789,16017.89111328125
test,705,15.271765549838221,181,ok,crepe,6,SW_Neo,4268.666015625,17644.814453125,8977.8330078125,8933.4072265625
test,706,16.03232757795739,116,ok,crepe,6,SW_Neo,5240.55419921875,16486.396484375,9755.151807013359,9925.6494140625
test,707,8.12357935487351,127,ok,crepe,6,SW_Neo,5497.9423828125,17647.607421875,9837.629398044064,9936.44140625
test,708,18.46449391346441,160,ok,crepe,4,SW_Luna,6175.8017578125,17647.263671875,12121.561252468235,10518.51416015625
test,709,16.652578561828843,155,ok,crepe,4,SW_Luna,6034.3193359375,19900.04296875,12191.0149009011,10524.6513671875
test,710,20.384479579060375,141,ok,crepe,3,SW_Dana,7097.09423828125,17647.3046875,12302.932698068444,11799.892578125
test,711,27.8747294988189,94,ok,crepe,4,SW_Luna,6539.154296875,17444.4375,9861.713271394781,9583.4951171875
test,712,14.121067803205797,110,ok,crepe,7,SW_Nikita,5765.4541015625,18720.673828125,11606.617647992885,11668.154296875
test,713,16.0916006479591,140,ok,crepe,6,SW_Neo,4676.55029296875,21007.05859375,9409.674659112965,9475.72265625
test,714,17.9443757651241,96,ok,crepe,5,SW_Nana,6394.91259765625,18077.736328125,11082.00616347999,9993.72216796875
test,715,16.38742475574395,103,ok,crepe,4,SW_Luna,7521.603515625,19415.693359375,12000.582511255298,10884.77587890625
test,716,13.366157070270724,117,ok,crepe,3,SW_Dana,6246.07373046875,15746.150390625,11098.042196245337,10699.6123046875
test,717,13.770678595179861,86,ok,crepe,2,NSW_1,4267.4345703125,16101.505859375,9903.298597110215,9822.751953125
test,718,11.912030319904137,133,ok,crepe,4,SW_Luna,7346.0400390625,18494.14453125,13930.954675451501,15403.31005859375
test,719,14.382167076400796,122,ok,crepe,4,SW_Luna,7097.07080078125,21212.796875,12761.002879790147,10879.759765625
test,720,16.764672016794876,174,ok,crepe,4,SW_Luna,7883.630859375,19429.689453125,13547.789346500318,15208.60546875
test,721,25.33601808678405,131,ok,crepe,9,SW_Yosefa,5500.1689453125,17446.51953125,7707.799669767681,7351.407958984375
test,722,10.259312794587618,52,ok,crepe,6,SW_Neo,7191.41552734375,17437.412109375,9233.414203191207,9365.2451171875
test,723,13.985532918038345,144,ok,crepe,4,SW_Luna,7016.3388671875,19671.388671875,12214.670074650116,11796.21875
test,724,13.376099637873665,77,ok,crepe,6,SW_Neo,7349.6376953125,19901.20703125,9930.68070652174,10162.125
test,725,14.451547678978773,112,ok,crepe,6,SW_Neo,5178.3798828125,18078.322265625,10507.282535552979,10461.56982421875
test,726,18.07761436672108,91,ok,crepe,4,SW_Luna,7436.3046875,16479.591796875,10453.085867745536,9819.0517578125
test,727,3.946563413458119,122,ok,crepe,4,SW_Luna,6099.78271484375,17446.48046875,11147.643470247885,10520.818359375
test,728,9.445802492991595,113,ok,crepe,6,SW_Neo,6395.80859375,19426.61328125,10257.740463014632,9991.7021484375
test,729,14.827221152593733,154,ok,crepe,4,SW_Luna,5427.4794921875,17046.259765625,11548.224841240399,10639.494140625
test,730,17.399941586947442,112,ok,crepe,4,SW_Luna,7882.9619140625,17640.990234375,12919.30194417939,10880.158203125
test,731,12.046333711397972,146,ok,crepe,4,SW_Luna,4367.09716796875,19428.23046875,11477.160896253881,10282.060546875
test,732,9.468957195698383,58,ok,crepe,4,SW_Luna,5904.02099609375,17444.67578125,10035.572821514423,9818.830078125
test,733,15.84183120187544,221,ok,crepe,6,SW_Neo,4893.7529296875,17648.35546875,9970.953321479707,9935.62109375
test,734,6.370447695397886,79,ok,crepe,6,SW_Neo,6935.6748046875,15203.900390625,9432.795269845546,9692.78515625
test,735,24.662966093346064,132,ok,crepe,6,SW_Neo,5178.73779296875,16280.31640625,9683.064193131087,10461.2568359375
test,736,9.550947507565674,74,ok,crepe,7,SW_Nikita,10634.443359375,19208.890625,14167.983739646084,14491.46484375
test,737,13.496077890463646,83,ok,crepe,7,SW_Nikita,6464.8583984375,19675.056640625,14063.07121114528,15402.65234375
test,738,11.547001993534437,47,ok,crepe,1,NSW_2,4314.556640625,17445.5390625,10504.362323835785,8630.8134765625
test,739,15.904136784037973,141,ok,crepe,7,SW_Nikita,5830.1748046875,19675.08984375,14259.377608287183,15301.20068359375
test,740,12.35859578867599,61,ok,crepe,6,SW_Neo,7097.966796875,17441.802734375,9151.741961578824,9043.291015625
test,741,17.613263481939462,91,ok,crepe,3,SW_Dana,7098.0517578125,16862.767578125,11848.105358195755,12072.69384765625
test,742,17.770207543021506,208,ok,crepe,6,SW_Neo,7611.5771484375,18486.443359375,10215.27072460127,10405.8701171875
test,743,12.912184662202089,77,ok,crepe,4,SW_Luna,6396.10888671875,17860.083984375,12321.040374388178,10762.595703125
test,744,10.27498826794583,105,ok,crepe,6,SW_Neo,6033.7275390625,17434.94921875,8929.017123230502,9246.2041015625
test,745,14.317452884973301,150,ok,crepe,4,SW_Luna,6034.205078125,19420.134765625,11985.59694998605,10633.05419921875
test,746,16.414689490355503,122,ok,crepe,6,SW_Neo,7437.21435546875,19424.2421875,9797.920438258769,10284.51171875
test,747,8.970532770240023,83,ok,crepe,7,SW_Nikita,6397.3017578125,20547.451171875,14904.619222919593,16278.0458984375
test,748,7.14019008273983,83,ok,crepe,4,SW_Luna,3980.34130859375,19427.78125,11711.648302443484,11074.26318359375
test,749,16.559220530877475,115,ok,crepe,4,SW_Luna,6856.119140625,18076.935546875,12212.612389942957,10874.71630859375
test,750,17.400247978800856,140,ok,crepe,6,SW_Neo,5425.72509765625,17043.302734375,8756.148886598186,9147.470703125
test,751,17.668206355883736,125,ok,crepe,6,SW_Neo,6935.9775390625,10769.4873046875,8866.515686461975,9044.576171875
test,752,19.969414840941894,87,ok,crepe,4,SW_Luna,4784.0361328125,18719.751953125,11735.533392458547,10400.89697265625
test,753,1.3518782602537511,118,ok,crepe,6,SW_Neo,4314.298828125,19426.83203125,11664.146488189697,10521.0986328125
test,754,10.726993572901197,157,ok,crepe,3,SW_Dana,7265.13671875,18729.728515625,13392.980569196428,12945.794921875
test,755,8.445963282844138,118,ok,crepe,2,NSW_1,4677.10546875,19417.7734375,11977.306532972441,10404.244140625
test,756,11.7904333457164,99,ok,crepe,6,SW_Neo,6858.2412109375,19674.841796875,11916.552180989584,10642.892578125
test,757,16.395119679912856,129,ok,crepe,4,SW_Luna,5763.46923828125,17853.751953125,11912.65641825908,10640.58056640625
test,758,13.054964574734495,63,ok,crepe,5,SW_Nana,6780.6298828125,17643.56640625,13213.615942726672,15932.953125
test,759,14.132419169296659,76,ok,crepe,4,SW_Luna,8933.0234375,19423.927734375,12674.392825207078,10633.33984375
test,760,6.922212190808308,120,ok,crepe,6,SW_Neo,5427.9150390625,19670.556640625,10550.883118586753,10051.22802734375
test,761,21.428958540503736,89,ok,crepe,4,SW_Luna,7015.33251953125,19425.900390625,12867.44870699369,10517.93408203125
test,762,10.809310974551396,100,ok,crepe,6,SW_Neo,6463.5166015625,19672.87890625,10194.994685581752,10051.59326171875
test,763,13.543395277589202,93,ok,crepe,5,SW_Nana,6854.96875,21485.2890625,10515.070641063085,9473.7333984375
test,764,14.169865648078046,150,ok,crepe,6,SW_Neo,5062.84130859375,17646.611328125,8959.43034696031,8629.37744140625
test,765,9.587559412080012,75,ok,crepe,4,SW_Luna,7704.63330078125,17043.0390625,11105.0847844503,10763.318359375
test,766,0.5611280422704802,101,ok,crepe,6,SW_Neo,5829.59228515625,19422.169921875,12123.631602599558,10761.595703125
test,767,4.920373246632414,58,ok,crepe,7,SW_Nikita,8733.7119140625,17645.09375,13003.961241675204,10522.4375
test,768,1.4935629858666841,49,ok,crepe,7,SW_Nikita,6033.693359375,19207.01171875,15526.908989800348,15838.0078125
test,769,7.2321799156888265,70,ok,crepe,2,NSW_1,9246.662109375,17258.21484375,10140.654296875,9936.8828125
test,770,4.6374637474783,100,ok,crepe,6,SW_Neo,7261.18115234375,17450.4921875,10474.923132432246,10280.810546875
test,771,15.106401259704807,91,ok,crepe,7,SW_Nikita,7191.6435546875,17867.009765625,13777.374295748197,15214.49609375
test,772,12.315106746540277,105,ok,crepe,4,SW_Luna,4172.1953125,20997.7421875,12159.864207300647,10404.5087890625
test,773,7.796613538011023,115,ok,crepe,6,SW_Neo,6033.6416015625,19677.80859375,11236.281935918898,9694.98291015625
test,774,4.366908589174812,157,ok,crepe,5,SW_Nana,5968.86767578125,20126.076171875,11549.50549523305,9816.5947265625
test,775,15.974175858475723,71,ok,crepe,7,SW_Nikita,7791.4404296875,18288.37890625,14032.555322265625,15203.9052734375
test,776,12.722530913716971,139,ok,crepe,4,SW_Luna,5904.4287109375,17448.232421875,12887.057752309356,11671.3369140625
test,777,11.569188172788369,189,ok,crepe,4,SW_Luna,6461.2265625,18732.76171875,11962.612067657767,10406.3916015625
test,778,12.9090305259515,197,ok,crepe,6,SW_Neo,7188.28369140625,11285.17578125,9559.32337555066,9938.189453125
test,779,22.0111815204187,182,ok,crepe,6,SW_Neo,7264.21484375,17441.837890625,9648.58860389859,10158.02294921875
test,780,13.557992581111442,152,ok,crepe,7,SW_Nikita,8249.0205078125,19674.5234375,16434.497354910713,17254.66796875
test,781,12.023688095367234,118,ok,crepe,4,SW_Luna,7350.31494140625,19416.4375,13346.368171460701,12282.5166015625
test,782,13.351669023252377,82,ok,crepe,4,SW_Luna,4267.892578125,19428.3671875,12635.080180921053,12071.9775390625
test,783,3.6530719561559004,49,ok,crepe,6,SW_Neo,5361.3359375,19426.31640625,10228.310623468138,10522.703125
test,784,12.232275666060364,143,ok,crepe,4,SW_Luna,7348.7001953125,19900.83203125,13118.508931604232,11408.7939453125
test,785,10.349059315361275,117,ok,crepe,5,SW_Nana,7015.11474609375,11794.55859375,8936.358912417763,8820.546875
test,786,13.919465169687019,127,ok,crepe,6,SW_Neo,4367.00146484375,17040.955078125,8995.808200412326,9248.49560546875
test,787,12.83635138969827,87,ok,crepe,0,NSW_3,7609.3076171875,18950.41796875,11618.135893554687,10101.998046875
test,788,16.720970935975327,174,ok,crepe,4,SW_Luna,3980.753173828125,19677.13671875,13041.717362721762,12427.81640625
test,789,15.710029195695846,80,ok,crepe,2,NSW_1,5968.591796875,18967.2734375,11091.772022033005,10399.4345703125
test,790,15.07509445279223,95,ok,crepe,2,NSW_1,4726.857421875,16475.34375,10373.188969323395,10634.0810546875
test,791,23.075307149666315,78,ok,crepe,6,SW_Neo,8634.158203125,17643.40234375,10494.747267819523,10279.859375
test,792,18.596396976202893,104,ok,crepe,4,SW_Luna,6706.9677734375,17652.41015625,12269.330538158574,10522.5205078125
test,793,21.977338200265475,85,ok,crepe,9,SW_Yosefa,5692.99609375,16279.228515625,10029.529388427734,9639.19384765625
test,794,15.090256890488158,99,ok,crepe,6,SW_Neo,7014.98046875,10640.3671875,8348.017094089673,7266.076171875
test,795,8.265162684256014,78,ok,crepe,6,SW_Neo,7097.1181640625,21490.28125,10321.664839311079,10160.51953125
test,796,14.408335655230742,102,ok,crepe,4,SW_Luna,5830.21484375,17859.5,12834.545581263355,11797.849609375
test,797,13.761699018458081,94,ok,crepe,5,SW_Nana,5969.69677734375,17043.5234375,8798.865654205607,8826.662109375
test,798,14.405751693605026,107,ok,crepe,7,SW_Nikita,5968.8564453125,17441.013671875,13137.067450298526,14848.6708984375
test,799,6.614710050927566,77,ok,crepe,6,SW_Neo,6539.921875,17644.87890625,9874.235519935344,9588.830078125
test,800,11.60110933821192,168,ok,crepe,4,SW_Luna,7794.32861328125,19423.3515625,12215.080931964405,10641.25390625
test,801,10.90846960243184,125,ok,crepe,3,SW_Dana,6034.0244140625,16679.490234375,11275.514476507482,11001.76513671875
test,802,18.71358294410279,68,ok,crepe,7,SW_Nikita,6540.14208984375,16670.880859375,9903.363015476662,7267.33154296875
test,803,10.598336064674633,70,ok,crepe,4,SW_Luna,6463.1943359375,17440.4140625,10328.721729767629,10107.45654296875
test,804,16.940805842344314,193,ok,crepe,7,SW_Nikita,5496.74853515625,20132.58203125,13626.431633779936,14664.98583984375
test,805,20.474228829609977,125,ok,crepe,3,SW_Dana,8944.064453125,17040.564453125,13582.719950358072,12949.3681640625
test,806,3.657642545134613,100,ok,crepe,4,SW_Luna,7794.8876953125,19675.447265625,11883.08358568664,10280.9296875
test,807,7.96015742823217,120,ok,crepe,5,SW_Nana,3277.61376953125,11670.7275390625,8515.147977941177,8428.9814453125
test,808,21.6571926006498,87,ok,crepe,4,SW_Luna,8732.9384765625,15029.1123046875,10687.278349034927,9932.39697265625
test,809,5.627017080139321,60,ok,crepe,6,SW_Neo,6176.15283203125,16477.740234375,10409.548657966383,11403.859375
test,810,15.299097502203612,171,ok,crepe,4,SW_Luna,6396.5126953125,19904.16015625,12421.642413703763,10881.67626953125
test,811,23.869968976835857,165,ok,crepe,6,SW_Neo,7097.96875,15926.29296875,9811.72244181961,9934.6162109375
test,812,15.65929213685476,47,ok,crepe,7,SW_Nikita,8070.04931640625,17442.736328125,13841.68738245081,16853.8662109375
test,813,23.02000978430133,150,ok,crepe,3,SW_Dana,5969.708984375,20130.759765625,13086.613253025651,12657.896484375
test,814,6.983630725915865,58,ok,crepe,6,SW_Neo,6034.28173828125,10767.697265625,9051.907852172852,9588.681640625
test,815,15.300166826242627,51,ok,crepe,7,SW_Nikita,6033.8232421875,17444.875,15509.798087284482,16671.4501953125
test,816,14.231622761732455,106,ok,crepe,6,SW_Neo,7095.93798828125,10879.900390625,9083.343693967725,9580.4736328125
test,817,20.397819494928576,203,ok,crepe,4,SW_Luna,4573.34765625,18072.12109375,12514.706625728284,15746.4853515625
test,818,14.94855996468729,150,ok,crepe,4,SW_Luna,4314.806640625,18077.611328125,12166.08928208544,10642.7939453125
test,819,6.737063476216383,36,ok,crepe,7,SW_Nikita,6396.498046875,17436.443359375,13914.588430304277,15032.4658203125
test,820,4.0060322833998105,9,ok,crepe,7,SW_Nikita,6034.0283203125,17644.470703125,9798.556640625,9147.19091796875
test,821,12.470220975855053,17,ok,crepe,7,SW_Nikita,6855.81103515625,17443.015625,10701.99870749081,9820.927734375
test,822,11.264148867375376,112,ok,crepe,4,SW_Luna,6395.6396484375,19422.9609375,14064.46687563004,14495.79248046875
test,823,18.775607337458688,131,ok,crepe,9,SW_Yosefa,4314.583984375,21488.357421875,8372.794348390311,7261.8310546875
test,824,21.1736197334518,141,ok,crepe,6,SW_Neo,5361.2119140625,15929.193359375,8771.529007638335,9042.0390625
test,825,8.723121180354102,121,ok,crepe,6,SW_Neo,6856.68408203125,17444.103515625,10461.864010184152,10517.59326171875
test,826,12.635551089364458,158,ok,crepe,6,SW_Neo,5829.169921875,16103.3095703125,9143.877751640193,9365.0400390625
test,827,13.471527367287717,83,ok,crepe,0,NSW_3,5904.18701171875,17045.73046875,8797.911266447369,8822.4794921875
test,828,-6.253104598443927,95,ok,crepe,7,SW_Nikita,6777.78369140625,16864.875,12145.210384114584,14672.15625
test,829,25.620675337544824,189,ok,crepe,6,SW_Neo,5762.68994140625,19673.724609375,10361.88163659332,10051.57666015625
test,830,18.989255568059765,134,ok,crepe,4,SW_Luna,5903.84375,18083.916015625,12016.995285232346,10518.17138671875
test,831,15.66505413468981,152,ok,crepe,4,SW_Luna,7883.2822265625,17858.826171875,13477.50772270115,12727.49267578125
test,832,16.06409163426094,141,ok,crepe,4,SW_Luna,7015.923828125,17650.099609375,12764.611130416028,11281.1171875
test,833,9.460084603400071,176,ok,crepe,6,SW_Neo,5692.6591796875,17442.541015625,9513.478215332032,9756.3896484375
test,834,25.289042498713876,203,ok,crepe,6,SW_Neo,6780.4794921875,17438.35546875,9534.52028148471,9689.6103515625
test,835,18.195629487639028,65,ok,crepe,2,NSW_1,7883.23486328125,17441.734375,10296.30865157278,10161.484375
test,836,22.125932769528024,77,ok,crepe,2,NSW_1,9257.2861328125,14497.2705078125,10521.556289501405,10403.7451171875
test,837,0.6068536057614864,58,ok,crepe,7,SW_Nikita,7191.55810546875,19424.95703125,15811.621086237981,16669.23828125
test,838,18.98031785292497,146,ok,crepe,6,SW_Neo,6464.08447265625,17441.95703125,9629.118318883384,9366.7109375
test,839,4.104684083392329,48,ok,crepe,9,SW_Yosefa,7611.98193359375,17445.021484375,13218.116971529447,16474.6904296875
test,840,16.557017475798368,91,ok,crepe,7,SW_Nikita,7262.15771484375,17440.26953125,13409.787758881192,14758.140625
test,841,13.202697901348653,149,ok,crepe,4,SW_Luna,4172.22705078125,20339.662109375,12165.34990234375,10882.4560546875
test,842,7.852065210794249,162,ok,crepe,7,SW_Nikita,5762.7451171875,18963.287109375,13878.711690154523,15193.52734375
test,843,14.796518796297494,130,ok,crepe,6,SW_Neo,4892.5673828125,19675.212890625,9345.800230283994,9093.37646484375
test,844,15.928949940093311,172,ok,crepe,4,SW_Luna,6247.8759765625,17455.783203125,12203.140582431892,10885.7666015625
test,845,3.876285304746816,127,ok,crepe,3,SW_Dana,4267.8896484375,15931.9150390625,11615.82909146013,11673.953125
test,846,13.170909349215732,55,ok,crepe,7,SW_Nikita,8630.8876953125,17258.85546875,15349.12696913422,16107.69140625
test,847,12.114453909400345,89,ok,crepe,9,SW_Yosefa,5427.228515625,17438.53125,10306.051876183712,9695.1044921875
test,848,22.232106488679825,101,ok,crepe,5,SW_Nana,5427.8720703125,12946.2744140625,9501.767590645031,9371.150390625
test,849,14.301939713009101,79,ok,crepe,2,NSW_1,7013.779296875,18728.015625,10875.564464097612,10405.5517578125
test,850,13.119574824720448,137,ok,crepe,4,SW_Luna,4269.03125,19211.8671875,13607.441098352907,12656.6416015625
test,851,18.049752475608418,155,ok,crepe,5,SW_Nana,5830.1259765625,17250.15234375,11399.919665594785,10767.484375
test,852,18.060433582204844,184,ok,crepe,6,SW_Neo,5299.75634765625,19669.341796875,10032.252691387559,7191.5478515625
test,853,8.17890295808298,155,ok,crepe,4,SW_Luna,7263.86181640625,17860.876953125,12544.605892488325,10822.2919921875
test,854,15.278072365511635,168,ok,crepe,6,SW_Neo,5177.3701171875,19425.013671875,9040.190190741356,8826.4833984375
test,855,9.926164894311661,58,ok,crepe,4,SW_Luna,6247.466796875,11284.5595703125,9887.598706794508,9877.791015625
test,856,14.988182011473917,100,ok,crepe,5,SW_Nana,5970.86474609375,21007.634765625,11432.662531672297,10766.1142578125
test,857,15.921582359898656,125,ok,crepe,6,SW_Neo,3277.35546875,11404.7861328125,8392.8881974457,8934.9375
test,858,2.4946033927934685,18,ok,crepe,4,SW_Luna,8823.634765625,12072.177734375,10599.50703125,10639.52783203125
test,859,22.17445185453307,181,ok,crepe,6,SW_Neo,5297.70263671875,11672.208984375,8505.128702994169,8162.66796875
test,860,10.114552531545822,50,ok,crepe,5,SW_Nana,6396.1806640625,18726.84375,10222.744225135217,8990.310546875
test,861,20.539528516437016,164,ok,crepe,4,SW_Luna,4268.9423828125,18283.5859375,12081.816010848335,11794.8017578125
test,862,12.310870249607795,135,ok,crepe,4,SW_Luna,6395.14892578125,20779.97265625,14256.566490885416,15484.974609375
test,863,18.23007502655087,169,ok,crepe,5,SW_Nana,6034.16015625,19207.404296875,9758.19213104248,8992.09326171875
test,864,13.824765666483652,133,ok,crepe,4,SW_Luna,7523.171875,17650.751953125,11845.91237253957,10521.3232421875
test,865,6.770584816580695,172,ok,crepe,6,SW_Neo,5624.6298828125,17044.396484375,8918.120935250327,9044.919921875
test,866,20.68328391132198,114,ok,crepe,9,SW_Yosefa,6100.1904296875,9696.802734375,7635.485064557491,7522.9130859375
test,867,4.865432792052921,154,ok,crepe,6,SW_Neo,7264.0185546875,17643.712890625,11312.447243303572,10523.20703125
test,868,5.609470153023417,103,ok,crepe,6,SW_Neo,6396.294921875,17645.5546875,10496.497104279892,10166.2607421875
test,869,17.871852114290835,99,ok,crepe,6,SW_Neo,6175.38330078125,19672.80078125,11195.576377938647,10764.16796875
test,870,1.3177996846764295,80,ok,crepe,9,SW_Yosefa,6782.0322265625,17855.828125,9790.188033702761,9035.939453125
test,871,10.45451098371866,119,ok,crepe,6,SW_Neo,6099.71875,11795.400390625,8992.276022741036,8936.0859375
test,872,16.71625488573952,122,ok,crepe,6,SW_Neo,6937.5068359375,18726.763671875,8884.612691097122,9043.0166015625
test,873,16.35603833976138,71,ok,crepe,7,SW_Nikita,6395.57421875,17263.04296875,14916.368025414738,16111.078125
test,874,22.95923187873702,138,ok,crepe,4,SW_Luna,5622.76416015625,17650.109375,10845.925250244141,9874.75927734375
test,875,23.311638150137235,100,ok,crepe,4,SW_Luna,8247.427734375,17854.5234375,12511.558855329242,10701.20556640625
test,876,2.442226605722756,38,ok,crepe,9,SW_Yosefa,10522.984375,20134.59375,18505.63025173611,19901.87109375
test,877,23.920861504420827,99,ok,crepe,8,SW_Shy,4269.224609375,12210.376953125,8460.937996923396,8430.474609375
test,878,11.150567714594253,141,ok,crepe,2,NSW_1,5623.2529296875,18490.24609375,11089.1167538092,10399.486328125
test,879,16.529308732778475,125,ok,crepe,4,SW_Luna,6396.97802734375,20131.29296875,13168.348868534482,11403.4072265625
test,880,12.874960585872186,116,ok,crepe,5,SW_Nana,4027.865234375,19424.65625,11618.247303009033,10764.52978515625
test,881,10.347337814090382,162,ok,crepe,6,SW_Neo,4314.38427734375,17044.82421875,9207.69527514515,9370.84375
test,882,10.530266886184611,87,ok,crepe,4,SW_Luna,6935.1708984375,16860.83203125,9367.930151367187,9696.6474609375
test,883,13.685083989859708,208,ok,crepe,3,SW_Dana,8431.7314453125,17441.8203125,12142.219714304394,11677.80859375
test,884,21.632568191659413,144,ok,crepe,4,SW_Luna,5621.7998046875,17041.63671875,8537.977078419812,7353.84814453125
test,885,21.58258185440607,121,ok,crepe,6,SW_Neo,6176.31787109375,17043.736328125,9319.32422577563,9480.6435546875
test,886,16.690255774499743,106,ok,crepe,6,SW_Neo,5623.76953125,11795.6845703125,8952.78627232143,9583.0576171875
test,887,10.716835339729746,75,ok,crepe,6,SW_Neo,7352.5283203125,12076.365234375,10025.897518382353,10636.53125
test,888,6.830461079571458,81,ok,crepe,2,NSW_1,6539.09765625,19421.2265625,12143.328168402777,10401.37548828125
test,889,8.504293500444492,113,ok,crepe,6,SW_Neo,5240.20947265625,16281.666015625,9490.574989924355,9874.4990234375
test,890,16.133345042724862,63,ok,crepe,6,SW_Neo,8247.0302734375,10764.328125,9827.797989106513,10156.94140625
test,891,10.5890455391499,178,ok,crepe,5,SW_Nana,5831.52734375,18729.345703125,9255.672716864225,8819.4365234375
test,892,12.06463678178682,106,ok,crepe,4,SW_Luna,7436.681640625,18071.05078125,13059.27047605437,10641.3671875
test,893,9.944889509019493,116,ok,crepe,6,SW_Neo,5498.4873046875,17441.35546875,9129.962447415865,9479.751953125
test,894,23.400433911522285,151,ok,crepe,4,SW_Luna,5829.80029296875,19900.65234375,13043.790193404275,14332.7509765625
test,895,12.689709656653925,148,ok,crepe,3,SW_Dana,8632.0625,16479.783203125,11618.425713117733,11006.00390625
test,896,18.35773769856276,95,ok,crepe,4,SW_Luna,5904.3095703125,17644.826171875,12928.0908203125,10881.046875
test,897,12.52598071371664,129,ok,crepe,6,SW_Neo,5499.396484375,17643.875,8784.230515894396,8824.3173828125
test,898,10.67640920199774,77,ok,crepe,6,SW_Neo,3277.742919921875,19894.88671875,12104.791262604469,11145.0
test,899,19.04643562374028,189,ok,crepe,9,SW_Yosefa,6395.89111328125,17439.51953125,8382.673153615553,8070.2578125
test,900,13.43893534919877,69,ok,crepe,9,SW_Yosefa,8155.8076171875,17642.2890625,12694.917549328926,12068.26953125
test,901,15.872838320941359,139,ok,crepe,6,SW_Neo,4892.77734375,14496.2158203125,8733.61225395698,9041.9951171875
test,902,9.284688898092849,176,ok,crepe,3,SW_Dana,5970.2275390625,15748.6015625,12209.319697265624,12003.00927734375
test,903,17.85074957894964,117,ok,crepe,4,SW_Luna,7979.16943359375,17644.708984375,12807.141822193287,10886.5185546875
test,904,13.424086399134618,87,ok,crepe,6,SW_Neo,6936.1220703125,10166.2412109375,8270.366196576288,8826.25390625
test,905,3.8447303656697778,63,ok,crepe,7,SW_Nikita,5763.47119140625,17442.90625,14400.747850206164,15563.88330078125
test,906,14.212362998470155,53,ok,crepe,6,SW_Neo,5426.73291015625,17644.87890625,8535.095281051377,7438.984375
test,907,4.588958025650541,98,ok,crepe,3,SW_Dana,3083.71240234375,13995.1513671875,11024.295336042132,11283.7099609375
test,908,16.652388644957533,87,ok,crepe,4,SW_Luna,6318.48095703125,19674.4765625,12289.823549250967,10762.2509765625
test,909,12.625183457850039,110,ok,crepe,9,SW_Yosefa,5969.8525390625,8158.00732421875,7153.9934314546135,7225.501708984375
test,910,16.240997352380763,90,ok,crepe,2,NSW_1,5362.14599609375,17250.9609375,10805.072654257016,10404.49658203125
test,911,5.019752552480266,67,ok,crepe,9,SW_Yosefa,3552.064208984375,19674.529296875,8682.285461425781,7702.473876953125
test,912,13.481330103463039,156,ok,crepe,9,SW_Yosefa,4171.7158203125,11795.287109375,8217.057193650726,8430.154296875
test,913,25.05172893777673,185,ok,crepe,6,SW_Neo,7189.4619140625,19426.52734375,10675.791117446683,10055.005859375
test,914,13.930247775576694,106,ok,crepe,3,SW_Dana,6463.42724609375,16279.6533203125,12858.69841428663,12729.4169921875
test,915,21.086824319638453,105,ok,crepe,4,SW_Luna,5829.6708984375,18080.939453125,11414.808877913678,9989.650390625
test,916,15.817410760220715,117,ok,crepe,4,SW_Luna,7350.2392578125,19422.439453125,12779.559954474955,14015.49267578125
test,917,9.367564752701092,76,ok,crepe,4,SW_Luna,7097.4794921875,17446.986328125,11205.309116908482,10460.4990234375
test,918,8.770685793733746,168,ok,crepe,9,SW_Yosefa,6033.37841796875,17246.337890625,11080.680283994932,10279.634765625
test,919,11.847979711872219,87,ok,crepe,6,SW_Neo,8631.8486328125,16102.4423828125,9951.56386311849,9532.7763671875
test,920,12.457960390992039,136,ok,crepe,5,SW_Nana,6319.06982421875,17439.84375,9552.599289138596,9690.72119140625
test,921,7.087461291736217,139,ok,crepe,9,SW_Yosefa,6318.076171875,17647.783203125,9797.655006550855,9589.5908203125
test,922,1.7939391161204155,89,ok,crepe,6,SW_Neo,7012.66162109375,12072.0419921875,9341.236997624033,9699.3125
test,923,7.3573241701047305,132,ok,crepe,4,SW_Luna,4314.8203125,17862.634765625,11911.272209919674,10638.1376953125
test,924,7.929999811304381,123,ok,crepe,6,SW_Neo,5427.89013671875,17252.80859375,9692.274980753878,9932.78125
test,925,7.767530903902986,151,ok,crepe,4,SW_Luna,6707.35791015625,19422.21484375,11932.000930334689,10639.97265625
test,926,16.878334243713905,144,ok,crepe,4,SW_Luna,4892.552734375,17644.2734375,12725.14001843944,10761.6494140625
test,927,13.476775512857326,117,ok,crepe,6,SW_Neo,3354.08935546875,10768.2177734375,9108.144214426287,9584.9111328125
test,928,16.31272695361335,206,ok,crepe,6,SW_Neo,5063.43359375,16281.4453125,9463.31975980718,9579.82421875
test,929,5.314825128918796,138,ok,crepe,4,SW_Luna,6033.88232421875,20779.931640625,13845.505542147692,15403.732421875
test,930,20.098038512744342,174,ok,crepe,4,SW_Luna,7263.9892578125,17448.625,11859.07720403388,10639.08935546875
test,931,2.3743217815684114,58,ok,crepe,9,SW_Yosefa,4072.472900390625,17440.310546875,8509.18858828787,7975.36572265625
test,932,12.356345605774287,84,ok,crepe,4,SW_Luna,8731.2158203125,17442.380859375,12496.166876680107,10997.830078125
test,933,11.461620057554164,103,ok,crepe,4,SW_Luna,4073.25634765625,21008.75,11912.208190917969,10883.138671875
test,934,26.059537802082545,183,ok,crepe,4,SW_Luna,6396.294921875,17857.529296875,12353.074303260217,10638.080078125
test,935,12.568717211962701,130,ok,crepe,4,SW_Luna,6706.89453125,17853.15625,12735.80948554145,11211.8798828125
test,936,19.341640409126413,104,ok,crepe,2,NSW_1,6462.66015625,19419.216796875,11138.49640043905,10766.2705078125
test,937,15.888561747192115,78,ok,crepe,2,NSW_1,6036.1611328125,17441.6875,10520.221990411932,10400.95751953125
test,938,11.819746136342085,148,ok,crepe,4,SW_Luna,6462.5,17862.4765625,13173.645001775569,14161.7666015625
test,939,18.50044136690987,103,ok,crepe,9,SW_Yosefa,3511.322265625,19425.16015625,8842.158606487772,8523.501953125
test,940,8.148772078947,163,ok,crepe,8,SW_Shy,4171.580078125,19422.265625,9780.752049677789,9587.56640625
test,941,13.130981435140379,104,ok,crepe,4,SW_Luna,8434.8701171875,17863.189453125,12818.73480068109,11401.7080078125
test,942,13.410721699394541,192,ok,crepe,5,SW_Nana,6936.748046875,13697.2109375,9769.36180760839,10055.5927734375
test,943,15.057247410573467,104,ok,crepe,4,SW_Luna,5361.42822265625,16281.892578125,8550.70913591056,8248.498046875
test,944,20.195377470418595,80,ok,crepe,4,SW_Luna,8727.3125,17861.720703125,12450.67306619162,10519.8583984375
test,945,10.963887456577645,96,ok,crepe,4,SW_Luna,7980.72802734375,18075.5625,12436.10325233609,10763.0390625
test,946,13.088602354431856,82,ok,crepe,3,SW_Dana,8819.0830078125,16468.34765625,12612.568688322368,12073.521484375
test,947,19.8738609815409,106,ok,crepe,4,SW_Luna,7348.92578125,17645.263671875,12503.713174788678,10823.69921875
test,948,9.822438982072555,40,ok,crepe,8,SW_Shy,8161.3486328125,17441.19921875,11308.51222826087,10766.0888671875
test,949,15.621922093965138,118,ok,crepe,4,SW_Luna,8158.46240234375,17644.884765625,13005.984298478312,10765.3505859375
test,950,8.156808812389984,148,ok,crepe,5,SW_Nana,6248.220703125,19424.12109375,8330.473991842831,8159.935302734375
test,951,5.9702476261067385,112,ok,crepe,4,SW_Luna,5428.50537109375,17441.578125,11601.390287272136,10822.63916015625
test,952,5.635819663913317,69,ok,crepe,9,SW_Yosefa,5969.60400390625,19423.517578125,15857.051142704951,17442.482421875
test,953,12.763747677211338,174,ok,crepe,6,SW_Neo,3712.722412109375,17861.34765625,10286.220929827008,9820.7587890625
test,954,12.20835616475987,109,ok,crepe,6,SW_Neo,7264.42626953125,15201.916015625,10113.1591796875,10285.623046875
test,955,11.56544518533148,136,ok,crepe,4,SW_Luna,6394.65869140625,19908.66796875,12808.261097889073,11138.619140625
test,956,17.72584220747364,204,ok,crepe,6,SW_Neo,7096.1982421875,20781.62890625,11278.309530834442,10641.6689453125
test,957,18.445692702235213,137,ok,crepe,2,NSW_1,4678.39453125,20774.953125,11110.876824794672,10339.970703125
test,958,16.051325267504172,94,ok,crepe,7,SW_Nikita,7098.861328125,17254.376953125,13183.058876679323,14487.3515625
test,959,5.2594756430729115,44,ok,crepe,4,SW_Luna,4784.27294921875,19426.447265625,10671.898803710938,9586.625
test,960,-5.207620336230651,67,ok,crepe,2,NSW_1,6780.76171875,15744.46875,10210.588841145833,10166.490234375
test,961,15.855741875172995,130,ok,crepe,5,SW_Nana,7612.48779296875,17443.1015625,9694.960455686052,9590.5419921875
test,962,7.1939407675230544,110,ok,crepe,5,SW_Nana,6396.37939453125,19425.92578125,9807.23762887423,9309.6025390625
test,963,11.227924889451486,105,ok,crepe,2,NSW_1,5624.19677734375,17645.37890625,10716.702505095109,10275.5078125
test,964,6.919892054960867,169,ok,crepe,9,SW_Yosefa,4574.083984375,16866.41796875,9330.767492869543,9369.1650390625
test,965,6.04153998269152,61,ok,crepe,6,SW_Neo,4219.6533203125,20117.576171875,12058.45157398897,10765.37255859375
test,966,16.89308306928957,124,ok,crepe,4,SW_Luna,7014.87548828125,17851.3984375,12316.781483824823,10768.2705078125
test,967,6.721356834379741,89,ok,crepe,6,SW_Neo,6248.11962890625,20999.50390625,10091.286127978032,9938.208984375
test,968,17.319586295511414,65,ok,crepe,4,SW_Luna,7979.18359375,17862.970703125,13437.545176048801,14662.70703125
test,969,14.558910760535838,139,ok,crepe,4,SW_Luna,5904.2197265625,17646.091796875,12876.688903035996,11609.7294921875
test,970,12.436814824343013,76,ok,crepe,6,SW_Neo,7263.701171875,10765.146484375,9177.719048713236,9931.427734375
test,971,10.821134961383333,170,ok,crepe,3,SW_Dana,4314.0107421875,18082.3125,11818.83016414346,11285.32421875
test,972,10.000753749930269,81,ok,crepe,7,SW_Nikita,7097.01904296875,17264.171875,14725.47235372792,16103.1220703125
test,973,4.576652289563887,106,ok,crepe,9,SW_Yosefa,7434.25341796875,16865.765625,9349.077967620093,9036.556640625
test,974,10.898493695717637,50,ok,crepe,7,SW_Nikita,8068.478515625,17265.056640625,15722.410594019397,16486.1328125
test,975,21.217579444687793,101,ok,crepe,7,SW_Nikita,5297.5712890625,17259.294921875,12377.769577955163,14656.8984375
test,976,7.31764707134734,140,ok,crepe,6,SW_Neo,5762.5888671875,17646.521484375,9642.75298566879,9586.4375
test,977,18.911928383614153,141,ok,crepe,4,SW_Luna,7015.3310546875,17647.052734375,12264.176432291666,10630.6484375
test,978,21.475487531072428,166,ok,crepe,6,SW_Neo,6853.45751953125,17646.90234375,9324.925064247533,9255.18896484375
test,979,13.1829064368859,76,ok,crepe,4,SW_Luna,4573.9462890625,19424.390625,11253.43359375,10637.9833984375
test,980,15.939641517133767,56,ok,crepe,7,SW_Nikita,9696.537109375,17438.771484375,14772.287755166331,15839.38818359375
test,981,12.774295902119297,139,ok,crepe,4,SW_Luna,7882.865234375,17868.203125,13599.62114973129,13699.63671875
test,982,11.149145902996882,159,ok,crepe,4,SW_Luna,4315.0087890625,17860.431640625,12684.987090721559,10882.77880859375
test,983,15.734705106686713,84,ok,crepe,9,SW_Yosefa,6176.51416015625,16281.5322265625,9925.54433186849,9640.4140625
test,984,11.910907005433538,171,ok,crepe,5,SW_Nana,6034.23388671875,16102.68359375,9926.57696375081,9371.1416015625
test,985,12.285035226064,123,ok,crepe,6,SW_Neo,6621.939453125,13700.2880859375,9218.006751751078,9368.474609375
test,986,16.825865549473754,158,ok,crepe,4,SW_Luna,6620.666015625,18081.017578125,12316.474385245901,10758.419921875
test,987,21.237147957259044,258,ok,crepe,6,SW_Neo,5178.0205078125,16675.3828125,9509.144752139136,9250.98095703125
test,988,12.976510164352778,146,ok,crepe,2,NSW_1,5693.0830078125,20781.1484375,12231.76170120696,11004.1455078125
test,989,6.889173175787784,85,ok,crepe,6,SW_Neo,5624.271484375,17441.572265625,10113.136527683424,10050.38720703125
test,990,19.83842245571495,118,ok,crepe,4,SW_Luna,7097.3447265625,17650.408203125,12634.40584725707,11140.44921875
test,991,11.555186512615208,62,ok,crepe,3,SW_Dana,7883.88671875,10768.0859375,9152.621735491071,8939.8525390625
test,992,27.738634354789312,132,ok,crepe,4,SW_Luna,8729.9404296875,17443.92578125,12931.96574421672,10878.75927734375
test,993,29.387425206007734,152,ok,crepe,6,SW_Neo,5690.9326171875,12212.587890625,8810.673267711292,9042.36474609375
test,994,16.57825142236661,115,ok,crepe,4,SW_Luna,5427.2529296875,19426.2265625,12965.694603587963,10882.255859375
test,995,17.17322745919587,98,ok,crepe,9,SW_Yosefa,6315.87353515625,17644.626953125,7853.243150865709,7434.3388671875
test,996,7.567170047002985,52,ok,crepe,4,SW_Luna,6936.25,17861.029296875,11461.2052734375,10400.67236328125
test,997,8.04658230696571,142,ok,crepe,6,SW_Neo,5694.1552734375,21219.41796875,9127.111750676082,9144.7109375
test,998,17.403718254284733,173,ok,crepe,6,SW_Neo,5063.384765625,16480.2421875,8818.746213378907,8826.791015625
test,999,24.158664116733046,145,ok,crepe,4,SW_Luna,6396.9990234375,19423.5234375,11438.814915091692,10523.7421875
test,1000,16.204815858233584,94,ok,crepe,7,SW_Nikita,6620.3486328125,16486.27734375,12881.744597258392,14581.474609375
test,1001,19.068815156553192,110,ok,crepe,4,SW_Luna,8072.98095703125,17648.99609375,13179.091526031494,11081.73876953125
test,1002,21.398484850868492,153,ok,crepe,5,SW_Nana,6396.08349609375,19670.23828125,10082.83098020392,9479.62890625
test,1003,13.79419353948222,93,ok,crepe,4,SW_Luna,6318.93603515625,20551.91796875,14693.516224888393,16674.474609375
test,1004,8.834924907909166,170,ok,crepe,6,SW_Neo,5762.61181640625,17648.55859375,8706.941322761497,8731.9716796875
test,1005,23.713661999299582,167,ok,crepe,6,SW_Neo,5622.6416015625,12803.083984375,8872.796340942383,9367.080078125
test,1006,25.897571736931884,161,ok,crepe,5,SW_Nana,6318.86962890625,17444.32421875,10956.491365822412,10398.84130859375
test,1007,12.268921167033964,118,ok,crepe,9,SW_Yosefa,6854.87353515625,16482.53515625,7915.702122738487,7707.330078125
test,1008,13.55855579853355,111,ok,crepe,6,SW_Neo,5970.59619140625,17442.0,9306.246768043155,9369.8154296875
test,1009,11.703768909399832,49,ok,crepe,4,SW_Luna,6318.22216796875,17449.041015625,10861.857744324881,10406.9921875
test,1010,8.49731676633995,144,ok,crepe,4,SW_Luna,5969.0615234375,17653.12109375,12095.856030273437,10581.111328125
test,1011,12.328506932056257,155,ok,crepe,9,SW_Yosefa,4268.77734375,20998.01953125,9141.48400193118,8071.910400390625
test,1012,12.318456310615609,159,ok,crepe,4,SW_Luna,7347.60009765625,17452.55859375,12755.316872949757,11004.8876953125
test,1013,22.22640542542299,70,ok,crepe,4,SW_Luna,8728.2607421875,17250.966796875,11421.473681037809,10405.705078125
test,1014,16.30183024859203,158,ok,crepe,6,SW_Neo,5240.44677734375,16677.46484375,8129.420620944331,8162.109375
test,1015,18.755027273821824,160,ok,crepe,6,SW_Neo,5499.45263671875,11931.12109375,9482.67659153294,9930.1513671875
test,1016,12.207056876360287,174,ok,crepe,6,SW_Neo,5427.7548828125,17646.30078125,8818.714949790878,8732.86865234375
test,1017,20.76403033034426,129,ok,crepe,6,SW_Neo,6463.9609375,16286.05859375,9726.636530172414,10048.5341796875
test,1018,18.18933742413396,123,ok,crepe,4,SW_Luna,7101.251953125,18963.876953125,12441.371332768793,10516.919921875
test,1019,9.291121137180586,121,ok,crepe,6,SW_Neo,7099.35595703125,17644.626953125,9190.323668134974,9473.71875
test,1020,16.402476310808108,131,ok,crepe,6,SW_Neo,6317.77294921875,19427.58984375,10041.29421254751,9638.70166015625
test,1021,7.498711443399534,162,ok,crepe,4,SW_Luna,8070.3369140625,17439.140625,10073.746831537603,9930.62890625
test,1022,17.327448872471138,125,ok,crepe,7,SW_Nikita,6539.908203125,17041.291015625,13582.0015625,14840.0693359375
test,1023,11.535220592962492,92,ok,crepe,4,SW_Luna,8161.21875,17647.142578125,12581.40539669296,10996.2880859375
test,1024,11.329603743105745,153,ok,crepe,4,SW_Luna,6539.79541015625,21008.7109375,12735.44823942885,10876.736328125
test,1025,18.8098511390462,122,ok,crepe,2,NSW_1,4413.4462890625,15747.091796875,9812.513221958705,9823.703125
test,1026,18.214005849886558,94,ok,crepe,4,SW_Luna,7882.6279296875,18073.98046875,12725.106512507167,11135.0732421875
test,1027,10.740785122859132,142,ok,crepe,4,SW_Luna,6397.9296875,17644.58203125,13402.729872627493,12491.58984375
test,1028,4.644020331878608,84,ok,crepe,4,SW_Luna,7702.90478515625,19206.828125,13660.36589050293,14105.5390625
test,1029,15.300207986118622,67,ok,crepe,2,NSW_1,5361.259765625,12949.1591796875,10432.912647736379,10461.4716796875
test,1030,3.412887934836668,99,ok,crepe,3,SW_Dana,7979.78125,18728.552734375,11794.545354959238,11007.6845703125
test,1031,10.938870926321819,144,ok,crepe,4,SW_Luna,7980.2373046875,17865.1015625,14217.99755559816,15751.865234375
test,1032,15.979027766866853,190,ok,crepe,4,SW_Luna,5558.314453125,19895.537109375,10888.68274909286,9479.9765625
test,1033,17.50599990016775,151,ok,crepe,6,SW_Neo,5427.375,12808.4814453125,8703.488004651374,8932.7646484375
test,1034,12.430079967265721,90,ok,crepe,4,SW_Luna,7100.44677734375,17653.0390625,12915.87948069853,11139.74072265625
test,1035,16.987688309740086,153,ok,crepe,2,NSW_1,5970.26904296875,17647.6328125,11217.21044921875,10524.021484375
test,1036,19.15856601166753,76,ok,crepe,4,SW_Luna,9933.751953125,17247.615234375,13620.437000621449,15569.28271484375
test,1037,10.913253389604339,99,ok,crepe,6,SW_Neo,5903.32080078125,17644.482421875,8468.19205441095,7099.095703125
test,1038,8.299901305715167,70,ok,crepe,5,SW_Nana,6319.2724609375,19902.693359375,11017.211720002004,10637.94970703125
test,1039,15.976597789316607,135,ok,crepe,6,SW_Neo,5062.78564453125,19423.158203125,9032.778693704044,9252.7041015625
test,1040,9.116703889382698,127,ok,crepe,5,SW_Nana,6319.6630859375,12072.955078125,8921.282738913953,8937.8642578125
test,1041,10.475909893221015,193,ok,crepe,5,SW_Nana,6317.0048828125,17041.99609375,10831.718635627816,9818.25634765625
test,1042,7.024587744572485,145,ok,crepe,5,SW_Nana,6177.265625,17046.8515625,8218.82471585561,7981.172119140625
test,1043,14.615160957956633,182,ok,crepe,3,SW_Dana,5623.9921875,21007.6875,13306.783766713308,13264.357421875
test,1044,9.732242517561392,38,ok,crepe,4,SW_Luna,7098.525390625,12946.462890625,9043.4608353016,9036.6064453125
test,1045,19.731061821825154,97,ok,crepe,4,SW_Luna,8073.4482421875,17262.037109375,11606.393246762387,10642.6669921875
test,1046,9.777277099399214,80,ok,crepe,4,SW_Luna,7263.4130859375,16105.8056640625,10118.561770203292,9696.76171875
test,1047,14.242498886376127,91,ok,crepe,4,SW_Luna,7522.806640625,17864.955078125,11607.018094308036,10284.21875
test,1048,8.8475660994073,117,ok,crepe,4,SW_Luna,5359.62109375,17646.7265625,11895.803886413574,10767.2958984375
test,1049,18.945711876604964,219,ok,crepe,5,SW_Nana,6034.091796875,17044.220703125,10333.201206614378,9696.603515625
test,1050,19.492957405690245,142,ok,crepe,6,SW_Neo,7350.6962890625,11799.619140625,9764.848366477272,9815.49609375
test,1051,15.020034664880741,137,ok,crepe,6,SW_Neo,5830.248046875,17043.6640625,9035.134656772492,9477.5107421875
test,1052,13.043676783449987,81,ok,crepe,5,SW_Nana,4219.369140625,20555.349609375,9706.178490942651,8826.318359375
test,1053,14.33566853507277,113,ok,crepe,6,SW_Neo,5969.48974609375,16866.63671875,9976.897735126202,10516.73486328125
test,1054,11.865602006396756,85,ok,crepe,4,SW_Luna,6176.197265625,19418.609375,11908.400074968435,10643.345703125
test,1055,22.309306891029067,131,ok,crepe,6,SW_Neo,5500.45849609375,11284.873046875,8867.479505122103,9150.390625
test,1056,9.874557394739385,56,ok,crepe,9,SW_Yosefa,6175.8525390625,12495.181640625,9686.281927293347,9584.9951171875
test,1057,6.472327795157883,146,ok,crepe,9,SW_Yosefa,5762.46142578125,17646.931640625,10562.613248697917,9371.9306640625
test,1058,14.937057006766612,76,ok,crepe,2,NSW_1,5427.8984375,19419.494140625,10927.365486934268,10883.453125
test,1059,16.667261991614467,57,ok,crepe,4,SW_Luna,5970.703125,17252.78125,11144.646351207386,10523.046875
test,1060,13.348710992504284,53,ok,crepe,7,SW_Nikita,6316.47216796875,17648.9375,13978.30244298135,15196.97509765625
test,1061,10.827679702230459,82,ok,crepe,4,SW_Luna,4219.1083984375,21217.35546875,10082.684752119349,9690.8671875
test,1062,9.273962470604845,184,ok,crepe,5,SW_Nana,7015.560546875,17252.47265625,9363.604466488487,9145.62890625
test,1063,10.187321748102471,67,ok,crepe,7,SW_Nikita,9932.859375,18965.1171875,16218.1794140625,16478.578125
test,1064,8.361319755112378,116,ok,crepe,6,SW_Neo,3592.167724609375,17645.45703125,9224.96233442493,9371.7412109375
test,1065,13.613716172366255,146,ok,crepe,4,SW_Luna,7613.8115234375,17857.794921875,14172.911020795036,16286.61083984375
test,1066,6.2201254376862956,155,ok,crepe,4,SW_Luna,7879.4794921875,17440.58203125,10748.490808319628,9936.166015625
test,1067,17.93198445028447,95,ok,crepe,9,SW_Yosefa,6540.0986328125,9696.578125,7807.155915681306,7707.0458984375
test,1068,16.27995948312156,91,ok,crepe,2,NSW_1,6032.6064453125,13696.671875,9494.648205445545,9253.44921875
test,1069,15.522751500630207,99,ok,crepe,4,SW_Luna,7439.88720703125,17452.22265625,12929.878086635044,10998.85888671875
test,1070,18.037743052973877,96,ok,crepe,2,NSW_1,7352.82275390625,13265.7734375,10182.162641645551,9697.447265625
test,1071,13.421952506837393,55,ok,crepe,9,SW_Yosefa,4314.404296875,17646.306640625,11493.695375504032,11283.1953125
test,1072,17.138544985451617,155,ok,crepe,4,SW_Luna,8250.078125,17855.0390625,13221.652758221293,11866.1533203125
test,1073,16.741013059151744,120,ok,crepe,4,SW_Luna,6777.7255859375,17858.513671875,12112.274019129136,10398.09912109375
test,1074,11.301669049609206,109,ok,crepe,4,SW_Luna,8250.33203125,17649.25390625,14215.331360897775,16379.3408203125
test,1075,12.894734406106625,134,ok,crepe,4,SW_Luna,7263.75390625,17859.669921875,12735.400937111963,10883.033203125
test,1076,6.3397927470352675,170,ok,crepe,4,SW_Luna,8159.7626953125,17653.9375,12383.477403570845,11141.1083984375
test,1077,5.18678061621639,20,ok,crepe,7,SW_Nikita,7981.27734375,15203.55859375,11298.716610863095,11000.123046875
test,1078,12.938624580693805,112,ok,crepe,7,SW_Nikita,6395.8994140625,17645.93359375,11855.882918483527,10635.947265625
test,1079,7.007009395355322,110,ok,crepe,6,SW_Neo,6462.5595703125,17647.0078125,9248.628670385327,8629.25048828125
test,1080,14.144728438050539,177,ok,crepe,5,SW_Nana,8729.7578125,19897.69921875,12252.831500303399,10768.06591796875
test,1081,7.170402314423139,81,ok,crepe,6,SW_Neo,6540.18505859375,12948.0966796875,9908.98428853353,9877.26806640625
test,1082,12.573137826953726,78,ok,crepe,4,SW_Luna,7792.33154296875,19421.650390625,10906.080549373182,10399.728515625
test,1083,8.087022772504728,126,ok,crepe,4,SW_Luna,4073.443359375,19205.04296875,10953.200964095744,11400.373046875
test,1084,8.250397005691859,112,ok,crepe,4,SW_Luna,5763.77001953125,19672.345703125,12699.976243542087,14332.33447265625
test,1085,2.820063534978829,102,ok,crepe,2,NSW_1,4219.03564453125,19673.73046875,10225.645928899083,9932.4130859375
test,1086,4.342854330183809,113,ok,crepe,6,SW_Neo,6397.830078125,17644.27734375,9636.662562216481,9757.650390625
test,1087,12.63459007757101,54,ok,crepe,2,NSW_1,5427.11669921875,18086.755859375,11907.314869364754,10523.8369140625
test,1088,18.4842457278755,99,ok,crepe,4,SW_Luna,7978.5791015625,17864.796875,13479.962330163044,11675.337890625
test,1089,24.301595648332754,130,ok,crepe,4,SW_Luna,7266.19140625,17855.1015625,12775.802993262374,10768.826171875
test,1090,19.12316265402071,94,ok,crepe,4,SW_Luna,8932.046875,17452.892578125,13481.205463374426,11405.662109375
test,1091,8.530473772502386,62,ok,crepe,2,NSW_1,5063.958984375,19208.16015625,12816.73981391059,12003.3037109375
test,1092,16.570375086197522,132,ok,crepe,4,SW_Luna,7794.40869140625,17856.837890625,12949.34291294643,10759.71484375
test,1093,5.968608006119679,92,ok,crepe,2,NSW_1,5361.66015625,19673.1015625,13730.373216488488,14498.11328125
test,1094,15.395637811980123,162,ok,crepe,4,SW_Luna,6176.822265625,19669.958984375,13311.50082347973,11144.9375
test,1095,11.931902694602618,218,ok,crepe,7,SW_Nikita,9369.8271484375,17450.205078125,15372.36326171875,16279.1650390625
test,1096,18.401110562480657,168,ok,crepe,2,NSW_1,5693.55712890625,19903.626953125,10868.65970672123,10054.1982421875
test,1097,15.123187854679582,105,ok,crepe,7,SW_Nikita,6463.408203125,17653.75,12041.207382328254,12213.9208984375
test,1098,15.966034427056073,98,ok,crepe,4,SW_Luna,6396.76025390625,20130.587890625,11872.83394191576,10517.69921875
test,1099,19.061702763328192,136,ok,crepe,4,SW_Luna,4268.783203125,19675.08203125,11847.30553869299,10640.49267578125
test,1100,7.666133393069764,58,ok,crepe,9,SW_Yosefa,4313.4365234375,19426.1171875,10214.414457775298,8630.6708984375
test,1101,-1.0134420091804848,103,ok,crepe,4,SW_Luna,4949.96630859375,19898.693359375,11354.968618376359,10049.537109375
test,1102,9.642898005711256,144,ok,crepe,4,SW_Luna,6245.31982421875,20547.166015625,12805.714376183712,12808.146484375
test,1103,11.004286862014055,86,ok,crepe,2,NSW_1,8822.5009765625,12951.2265625,10191.431829958547,9755.75732421875
test,1104,21.481777881364316,299,ok,crepe,6,SW_Neo,5361.9189453125,18071.68359375,10037.483986078307,10280.20947265625
test,1105,6.582213714731132,90,ok,crepe,4,SW_Luna,8432.26953125,17251.0703125,11062.46013327206,9470.86767578125
test,1106,13.9884123508396,174,ok,crepe,4,SW_Luna,7707.3232421875,19671.7265625,12591.155659578284,10637.64990234375
test,1107,20.83345349068403,127,ok,crepe,6,SW_Neo,7093.99658203125,10765.921875,8982.600081160263,9250.52880859375
test,1108,6.867310139472166,52,ok,crepe,0,NSW_3,4315.0146484375,17864.552734375,11528.546090262276,11877.482421875
test,1109,20.44030574645971,138,ok,crepe,4,SW_Luna,6396.2421875,19422.86328125,12385.845825195312,10756.716796875
test,1110,12.176831753054705,71,ok,crepe,5,SW_Nana,5969.68701171875,11792.40234375,8766.8699407003,8252.9697265625
test,1111,8.589609848286262,190,ok,crepe,6,SW_Neo,5297.41015625,17438.33203125,9068.268003691228,9476.453125
test,1112,12.544215815427336,85,ok,crepe,6,SW_Neo,7349.09765625,17252.267578125,10553.037045686142,10518.71044921875
test,1113,15.814888163626934,99,ok,crepe,7,SW_Nikita,7702.75927734375,19413.51953125,14276.551744733539,15205.15771484375
test,1114,11.674262651869576,137,ok,crepe,4,SW_Luna,7099.4521484375,17642.994140625,12488.087859524283,10644.69140625
test,1115,3.0765867854311404,98,ok,crepe,4,SW_Luna,7975.5341796875,19431.396484375,12450.995900371287,10518.4775390625
test,1116,21.14317490897287,138,ok,crepe,6,SW_Neo,5123.30810546875,11002.5302734375,8552.179312843946,8941.4248046875
test,1117,12.69102321013137,56,ok,crepe,7,SW_Nikita,7099.4072265625,18081.328125,14279.258285280257,16292.1689453125
test,1118,10.771108176053456,93,ok,crepe,2,NSW_1,4315.37548828125,17645.1796875,10889.841659973716,10403.7109375
test,1119,17.563883205278014,143,ok,crepe,6,SW_Neo,6174.49169921875,19423.337890625,8899.252836824195,8732.14453125
test,1120,7.84844520494133,71,ok,crepe,7,SW_Nikita,6539.59912109375,17444.451171875,10191.510519145448,9821.447265625
test,1121,19.397354608283727,161,ok,crepe,6,SW_Neo,5695.732421875,10632.833984375,8464.925917758737,7939.8369140625
test,1122,19.759045881831476,103,ok,crepe,2,NSW_1,6856.09765625,16276.69921875,10811.41642747962,10770.5625
test,1123,22.635167237702255,143,ok,crepe,6,SW_Neo,7189.33349609375,18279.2421875,10994.4549786603,10884.17822265625
test,1124,12.397918041048271,83,ok,crepe,6,SW_Neo,6248.04150390625,17252.921875,8181.863800370066,7261.64599609375
test,1125,10.626966611124706,69,ok,crepe,7,SW_Nikita,6935.57421875,19899.470703125,12936.45226061022,14002.416015625
test,1126,11.211080521012232,115,ok,crepe,6,SW_Neo,5623.55029296875,18077.037109375,10892.56565625,9930.8662109375
test,1127,8.269337158832512,80,ok,crepe,6,SW_Neo,6318.64794921875,16867.091796875,9735.54905854986,10047.076171875
test,1128,4.231412092155654,64,ok,crepe,6,SW_Neo,8933.2451171875,17248.833984375,10475.885508362677,10284.708984375
test,1129,1.785573519477928,101,ok,crepe,6,SW_Neo,7014.9384765625,18960.634765625,10672.983471451518,9934.3564453125
test,1130,14.688328726787002,71,ok,crepe,2,NSW_1,4314.90185546875,17649.048828125,10240.144900590945,10404.15283203125
test,1131,13.695375128479581,142,ok,crepe,6,SW_Neo,3195.75244140625,16676.83203125,9284.09070048888,9369.0908203125
test,1132,15.063009963318706,104,ok,crepe,4,SW_Luna,5622.12109375,19903.576171875,12234.210672312769,10875.810546875
test,1133,11.195719996776559,137,ok,crepe,4,SW_Luna,6936.38623046875,17645.47265625,13199.935972954818,13113.0556640625
test,1134,16.22361334398148,160,ok,crepe,6,SW_Neo,5691.7392578125,19426.734375,9578.916547069233,9472.998046875
test,1135,9.920497144791865,166,ok,crepe,6,SW_Neo,7263.73974609375,19424.044921875,9925.01655069987,10106.24072265625
test,1136,10.227631507486944,180,ok,crepe,9,SW_Yosefa,5427.375,17864.306640625,10091.857013794535,8731.04296875
test,1137,16.501208397769577,124,ok,crepe,9,SW_Yosefa,4367.1689453125,11407.466796875,7967.054595307037,7794.01171875
test,1138,16.82493151099503,82,ok,crepe,7,SW_Nikita,5830.2373046875,19206.46484375,14605.817824343418,16281.01513671875
test,1139,19.229358149042497,155,ok,crepe,4,SW_Luna,5499.3564453125,21217.91796875,11954.811068074087,10402.22802734375
test,1140,10.893795382009007,61,ok,crepe,4,SW_Luna,8347.3642578125,17252.1640625,10650.261146763392,10219.18212890625
test,1141,11.611389370565949,145,ok,crepe,4,SW_Luna,6317.4345703125,20767.607421875,11586.171445547816,11143.7080078125
test,1142,10.708380334262198,150,ok,crepe,4,SW_Luna,6856.90625,18972.49609375,12236.231321806066,11071.099609375
test,1143,3.746729098225133,114,ok,crepe,4,SW_Luna,4573.4443359375,21216.599609375,10867.069163161057,10460.43212890625
test,1144,11.977649542048255,183,ok,crepe,6,SW_Neo,3890.55029296875,17441.54296875,9784.201465313252,9938.99853515625
test,1145,15.486518098189727,96,ok,crepe,6,SW_Neo,7097.3447265625,17861.40234375,9960.768110395551,9929.4326171875
test,1146,18.631409120438086,114,ok,crepe,2,NSW_1,5360.4443359375,21488.89453125,10253.386714964874,9481.9443359375
test,1147,20.87625481220163,162,ok,crepe,6,SW_Neo,5362.76416015625,12073.22265625,8534.313197171625,8817.935546875
test,1148,18.366076244794566,136,ok,crepe,2,NSW_1,4073.234619140625,21214.02734375,10651.25235683466,10275.5419921875
test,1149,11.249942987324014,97,ok,crepe,4,SW_Luna,7265.0673828125,17256.1953125,11673.044043864678,10278.072265625
test,1150,14.654545244523982,96,ok,crepe,7,SW_Nikita,6622.4736328125,19898.5625,12775.697887073864,10762.1123046875
test,1151,11.785674455640711,107,ok,crepe,4,SW_Luna,6463.8603515625,18078.693359375,13263.042290805784,14492.8046875
test,1152,10.02343803878021,74,ok,crepe,4,SW_Luna,5763.33984375,18496.828125,14005.882841222427,15936.1962890625
test,1153,23.229585445073432,265,ok,crepe,6,SW_Neo,6177.18994140625,19199.205078125,10048.088548049429,9931.20751953125
test,1154,9.738730206597939,73,ok,crepe,2,NSW_1,4314.82470703125,17645.5703125,11901.146598910109,10876.06640625
test,1155,11.85084693257777,155,ok,crepe,4,SW_Luna,5428.11767578125,21005.81640625,12979.742158777573,10762.673828125
test,1156,10.354970767138333,67,ok,crepe,2,NSW_1,6033.39599609375,17857.89453125,11426.15478515625,11135.3759765625
test,1157,8.177700373982855,180,ok,crepe,4,SW_Luna,6318.5458984375,19900.24609375,10934.482123741736,9756.453125
test,1158,16.756043138894764,112,ok,crepe,4,SW_Luna,7521.3076171875,17648.115234375,12763.336820879056,10763.96875
test,1159,0.7267238197690405,82,ok,crepe,9,SW_Yosefa,6395.630859375,8630.673828125,7439.0880481350805,7434.44775390625
test,1160,11.281605262361833,92,ok,crepe,9,SW_Yosefa,7434.654296875,17048.931640625,10378.185957578855,9475.728515625
test,1161,16.12382147057987,212,ok,crepe,6,SW_Neo,5557.3935546875,17436.47265625,9919.872192382812,10049.89111328125
test,1162,-0.8540390011701455,119,ok,crepe,6,SW_Neo,7190.41748046875,17445.361328125,9945.243991225512,9819.5478515625
test,1163,14.962936828983157,135,ok,crepe,4,SW_Luna,7523.53759765625,19426.380859375,13293.702408228166,14276.18310546875
test,1164,11.568354796968842,104,ok,crepe,9,SW_Yosefa,5969.76171875,17440.525390625,12071.133809752384,10940.01318359375
test,1165,22.797012011371436,100,ok,crepe,4,SW_Luna,8524.0517578125,17868.8359375,12862.838001019021,10763.2177734375
test,1166,15.369998881140997,168,ok,crepe,4,SW_Luna,7982.38232421875,17863.91015625,12720.197303771973,10762.2939453125
test,1167,19.193006978281392,53,ok,crepe,7,SW_Nikita,5971.5126953125,18728.837890625,10043.33396836578,7261.103515625
test,1168,8.001357883624417,79,ok,crepe,4,SW_Luna,7794.0341796875,17863.703125,9760.023083917025,8943.080078125
test,1169,24.383903172363254,183,ok,crepe,6,SW_Neo,6623.25732421875,19422.34375,10988.5714001407,10397.703125
test,1170,9.759388262867555,127,ok,crepe,6,SW_Neo,6033.3818359375,17043.1796875,9935.555734779095,10276.486328125
test,1171,19.290543167690036,143,ok,crepe,4,SW_Luna,8433.548828125,17047.060546875,13127.027602961034,11676.37939453125
test,1172,10.574801656355,143,ok,crepe,4,SW_Luna,6621.46240234375,17649.421875,12732.06213525979,11002.13720703125
test,1173,11.480923363299176,82,ok,crepe,9,SW_Yosefa,6100.00048828125,17253.27734375,8536.058497229287,7263.501953125
test,1174,22.593639595157548,137,ok,crepe,6,SW_Neo,4460.76416015625,15406.017578125,8645.817720617139,8935.6318359375
test,1175,8.33102087461006,119,ok,crepe,2,NSW_1,4314.677734375,21486.623046875,10502.485817649147,10102.59765625
test,1176,15.9330315960053,232,ok,crepe,6,SW_Neo,3315.3095703125,18721.80078125,9873.008125452461,10279.0634765625
test,1177,4.5230930501038005,188,ok,crepe,4,SW_Luna,6176.546875,19425.115234375,11965.30225777512,10636.091796875
test,1178,10.173143402521745,150,ok,crepe,9,SW_Yosefa,5241.01318359375,12657.650390625,8375.111428653492,8389.2939453125
test,1179,16.618752797547295,86,ok,crepe,6,SW_Neo,8934.90234375,17647.08203125,10279.335810546874,10278.35400390625
test,1180,21.296099791994244,129,ok,crepe,4,SW_Luna,6779.0380859375,17859.669921875,12038.958778433249,10406.8447265625
test,1181,-1.429429053120828,71,ok,crepe,4,SW_Luna,6176.38134765625,20125.01171875,10532.499334716797,9697.10302734375
test,1182,8.366720316991787,155,ok,crepe,3,SW_Dana,7982.2216796875,16680.3671875,12898.874338727679,13119.44140625
test,1183,20.56586527464628,132,ok,crepe,4,SW_Luna,7436.541015625,17866.259765625,11981.586708984374,10759.849609375
test,1184,10.164152683337162,108,ok,crepe,9,SW_Yosefa,4517.71533203125,17859.328125,9649.41858510502,9144.3740234375
test,1185,11.138057117121662,142,ok,crepe,5,SW_Nana,7348.33740234375,21009.013671875,9816.697471060404,9366.87841796875
test,1186,21.797417486253657,92,ok,crepe,2,NSW_1,4675.5888671875,17652.7421875,10232.176506696429,10403.703125
test,1187,24.53414245047626,171,ok,crepe,4,SW_Luna,7519.73388671875,17454.4609375,12396.185384932474,10769.20703125
test,1188,10.708953742502601,107,ok,crepe,9,SW_Yosefa,6036.20654296875,21486.623046875,12840.034822789634,11405.728515625
test,1189,14.87112609905589,101,ok,crepe,2,NSW_1,4314.93603515625,17249.953125,10610.500833967091,10756.84765625
test,1190,18.150295271476292,109,ok,crepe,6,SW_Neo,7098.1806640625,19423.943359375,9758.835267082093,9584.396484375
test,1191,16.388524670181262,144,ok,crepe,9,SW_Yosefa,5969.8505859375,10880.69140625,7600.859398113906,7440.1552734375
test,1192,16.825807287046096,66,ok,crepe,7,SW_Nikita,8158.0615234375,16483.84765625,14550.820528104709,15206.5380859375
test,1193,7.6119467153792,85,ok,crepe,4,SW_Luna,6036.63330078125,17443.072265625,10186.759071751645,9689.693359375
test,1194,22.272909134341027,119,ok,crepe,4,SW_Luna,8731.0732421875,17454.7109375,13380.596814141758,12216.44873046875
test,1195,17.330139214584744,154,ok,crepe,4,SW_Luna,6319.04296875,20337.900390625,12993.291523778162,11407.11083984375
test,1196,19.536256173291036,94,ok,crepe,2,NSW_1,5428.3798828125,19423.408203125,11036.160239955358,10883.2958984375
test,1197,17.81168373070282,135,ok,crepe,4,SW_Luna,5298.76708984375,17262.865234375,12019.506322616186,10634.34228515625
test,1198,8.061749696113466,107,ok,crepe,3,SW_Dana,8528.5439453125,17441.95703125,11188.51457395392,10763.62548828125
test,1199,14.113134606985692,55,ok,crepe,4,SW_Luna,14493.8828125,19425.6875,16883.49978298611,17248.61328125
test,1200,13.937405901959535,206,ok,crepe,6,SW_Neo,5427.947265625,17643.634765625,8634.923155428514,8250.2060546875
test,1201,12.462464343130575,56,ok,crepe,7,SW_Nikita,8250.2333984375,16288.6796875,10889.252313701923,8944.7177734375
test,1202,7.859072324940777,119,ok,crepe,6,SW_Neo,6247.640625,17647.533203125,8950.88244537124,8937.48046875
test,1203,21.33878370056699,97,ok,crepe,6,SW_Neo,5969.3828125,12654.3076171875,9125.407777558772,9370.294921875
test,1204,11.675416758684783,36,ok,crepe,7,SW_Nikita,6463.93115234375,17252.986328125,13257.37267423931,15200.0712890625
test,1205,14.592907228363067,45,ok,crepe,4,SW_Luna,5762.77734375,13699.0712890625,9332.431912935697,8989.546875
test,1206,12.826522579204445,87,ok,crepe,7,SW_Nikita,6462.439453125,17446.642578125,12765.672513149753,14487.263671875
test,1207,6.945336122158037,83,ok,crepe,4,SW_Luna,6177.185546875,17442.576171875,10681.717666801365,10051.6171875
test,1208,10.174628658914173,77,ok,crepe,7,SW_Nikita,6936.33056640625,16670.78125,11700.353146575218,11932.45751953125
test,1209,19.607129204244984,205,ok,crepe,4,SW_Luna,6859.6923828125,17452.833984375,11604.423691242808,10525.5546875
test,1210,13.076577142230885,116,ok,crepe,2,NSW_1,5241.2939453125,19420.982421875,11549.379340277777,10640.9228515625
test,1211,12.563820852604268,69,ok,crepe,4,SW_Luna,5427.5400390625,19673.4765625,13065.942015016233,12492.802734375
test,1212,15.099034439204686,172,ok,crepe,6,SW_Neo,6540.2802734375,18078.03515625,9634.621732271635,9582.6806640625
test,1213,9.64007059374098,81,ok,crepe,4,SW_Luna,5558.2412109375,17447.189453125,10381.267138671876,10047.93603515625
test,1214,10.903493598507538,176,ok,crepe,6,SW_Neo,4892.9716796875,17638.21484375,9547.503256835938,9871.439453125
test,1215,8.383379750907213,101,ok,crepe,4,SW_Luna,5692.72705078125,17646.8203125,12137.643012650517,10996.830078125
test,1216,21.601157389129497,138,ok,crepe,6,SW_Neo,5177.31689453125,17442.294921875,9137.361117978639,9583.423828125
test,1217,16.78358093864565,140,ok,crepe,4,SW_Luna,6707.6416015625,18964.0078125,12382.441826109674,10639.4140625
test,1218,16.48982263156862,116,ok,crepe,7,SW_Nikita,8731.8388671875,19907.6796875,13052.606127189867,11670.37646484375
test,1219,18.43279953738165,150,ok,crepe,4,SW_Luna,5970.119140625,19421.740234375,11984.423293062313,10633.8037109375
test,1220,6.456682655994054,81,ok,crepe,5,SW_Nana,6036.0087890625,17864.447265625,9435.139964710583,8069.73876953125
test,1221,11.745179548934214,136,ok,crepe,6,SW_Neo,5426.79736328125,17859.240234375,9034.913499098559,9247.95263671875
test,1222,15.747960320460768,169,ok,crepe,4,SW_Luna,6392.8095703125,20550.642578125,13788.722509512629,12806.5771484375
test,1223,15.751925464752352,90,ok,crepe,5,SW_Nana,6621.50830078125,19205.08984375,13103.1323828125,14847.59375
test,1224,3.467152542105155,186,ok,crepe,5,SW_Nana,6541.8935546875,19902.4296875,8989.752282539623,8344.9619140625
test,1225,23.32327950783006,129,ok,crepe,6,SW_Neo,5764.73388671875,20558.74609375,10400.956127269848,9993.99267578125
test,1226,10.210918791456017,171,ok,crepe,5,SW_Nana,5969.34765625,17858.826171875,9187.972598061042,8940.994140625
test,1227,15.2476791409671,141,ok,crepe,4,SW_Luna,6315.94189453125,17651.359375,11794.411891013198,10758.927734375
test,1228,16.83120088983749,137,ok,crepe,3,SW_Dana,6936.24560546875,15736.119140625,11761.322366966391,11931.578125
test,1229,14.03612832517638,137,ok,crepe,4,SW_Luna,7979.576171875,17452.119140625,13074.674503734277,11285.3134765625
test,1230,12.977350993510779,131,ok,crepe,6,SW_Neo,6462.75146484375,15931.193359375,9165.911598307292,9529.8056640625
test,1231,12.355161697894655,137,ok,crepe,6,SW_Neo,7015.45361328125,16679.484375,9312.009959685496,9588.65478515625
test,1232,12.22858348820996,68,ok,crepe,4,SW_Luna,8346.6162109375,17041.48828125,12578.936066862825,10768.2568359375
test,1233,24.115492454085192,132,ok,crepe,6,SW_Neo,5968.373046875,16281.87109375,9512.823611610815,9586.89306640625
test,1234,11.821793166095738,105,ok,crepe,6,SW_Neo,8627.2255859375,17253.0703125,10319.064884440104,9690.49853515625
test,1235,22.360548025427658,108,ok,crepe,7,SW_Nikita,5299.359375,19672.64453125,12614.241659521087,14331.3583984375
test,1236,13.840109020548173,108,ok,crepe,6,SW_Neo,5763.36181640625,20348.052734375,11320.733712049034,10280.0673828125
test,1237,14.436652008507938,89,ok,crepe,7,SW_Nikita,8251.37109375,21214.8046875,15652.367819393383,16481.6025390625
test,1238,9.594477961402983,181,ok,crepe,3,SW_Dana,8157.7294921875,17644.57421875,12048.73548828125,11605.236328125
test,1239,23.303488941625975,240,ok,crepe,5,SW_Nana,3354.416259765625,15034.8359375,9701.712431855254,9367.2421875
test,1240,18.61776504390891,161,ok,crepe,6,SW_Neo,5498.56396484375,17450.5,9049.641422526041,8731.42138671875
test,1241,15.559445471183226,144,ok,crepe,4,SW_Luna,6462.1943359375,18494.462890625,13567.579526548032,12583.8525390625
test,1242,23.297213809176974,99,ok,crepe,6,SW_Neo,7017.369140625,11798.2314453125,9837.332549252716,10401.197265625
test,1243,13.333990468199751,42,ok,crepe,4,SW_Luna,8630.1884765625,17439.67578125,10568.026966441761,10281.2275390625
test,1244,13.547783599913291,200,ok,crepe,3,SW_Dana,6033.54541015625,17042.27734375,11596.603519908169,11405.22705078125
test,1245,16.6875946033416,182,ok,crepe,6,SW_Neo,5692.03857421875,20130.453125,9611.297336952359,9471.35693359375
test,1246,16.66618411006728,94,ok,crepe,8,SW_Shy,5240.2353515625,11799.744140625,8799.224061769859,8946.568359375
test,1247,14.873544785469381,100,ok,crepe,2,NSW_1,5904.0244140625,18289.2734375,12018.506372912178,11001.6953125
test,1248,7.247303921818045,71,ok,crepe,9,SW_Yosefa,5692.69921875,18077.98828125,11294.014267958604,10275.7216796875
test,1249,2.5164377843969064,82,ok,crepe,6,SW_Neo,7264.328125,18073.052734375,10515.022545123922,9824.359375
test,1250,7.290789882755212,94,ok,crepe,4,SW_Luna,4219.5224609375,16858.341796875,10014.301120721726,9694.552734375
test,1251,13.58141700551239,100,ok,crepe,4,SW_Luna,4268.3740234375,20556.064453125,12416.549530029297,10883.89453125
test,1252,11.223829974357741,151,ok,crepe,6,SW_Neo,7098.83984375,16869.0390625,9689.239754660088,9478.64453125
